frame_num,object_id,class_id,confidence,top,left,width,height,timestamp
5,0,0,0.414794921875,682.7308349609375,1306.54638671875,63.013916015625,44.245460510253906,20250225-162638
5,1,0,0.455078125,752.5416870117188,1571.3265380859375,94.72174072265625,94.24578857421875,20250225-162638
5,2,0,0.71484375,702.872802734375,1400.098876953125,145.6124267578125,151.5941619873047,20250225-162638
5,3,0,0.791015625,680.6000366210938,759.70458984375,136.6270751953125,115.13848114013672,20250225-162638
5,6,0,0.79931640625,672.5189819335938,0.484039306640625,310.4806823730469,401.3501281738281,20250225-162638
5,4,0,0.80517578125,716.483154296875,1206.1929931640625,207.286376953125,205.32057189941406,20250225-162638
5,5,0,0.822265625,716.5194702148438,1648.1114501953125,104.429443359375,163.87782287597656,20250225-162638
5,7,0,0.8447265625,729.1509399414062,253.67161560058594,177.46412658691406,203.48422241210938,20250225-162638
5,8,0,0.8974609375,630.77294921875,376.7809753417969,293.366455078125,366.6148376464844,20250225-162638
5,9,0,0.9228515625,549.0916748046875,1544.15380859375,374.975830078125,522.9462890625,20250225-162638
5,10,0,0.92919921875,240.91403198242188,524.9745483398438,983.6103515625,830.536376953125,20250225-162638
6,0,0,0.447509765625,682.2672729492188,1305.9825439453125,63.18695068359375,47.24842071533203,20250225-162638
6,1,0,0.49609375,752.2841186523438,1570.8599853515625,97.442138671875,96.5579833984375,20250225-162638
6,2,0,0.7216796875,702.9718017578125,1400.0262451171875,146.0159912109375,151.652099609375,20250225-162638
6,4,0,0.798828125,719.6381225585938,1206.607666015625,203.52951049804688,202.81980895996094,20250225-162638
6,3,0,0.8056640625,680.4524536132812,759.8591918945312,136.7661895751953,115.26104736328125,20250225-162638
6,5,0,0.8291015625,716.447998046875,1649.0870361328125,103.2681884765625,162.87660217285156,20250225-162638
6,6,0,0.83984375,652.5145263671875,0.8049087524414062,311.04730224609375,419.9269104003906,20250225-162638
6,7,0,0.84326171875,728.922119140625,254.52786254882812,176.8699951171875,201.31475830078125,20250225-162638
6,8,0,0.90380859375,630.2323608398438,380.35418701171875,289.81329345703125,368.2674560546875,20250225-162638
6,9,0,0.923828125,548.724853515625,1543.9610595703125,375.17156982421875,523.5462646484375,20250225-162638
6,10,0,0.92724609375,242.71434020996094,526.1390991210938,982.4891967773438,828.658447265625,20250225-162638
7,0,0,0.4814453125,681.0889892578125,1306.0330810546875,64.44424438476562,48.79783630371094,20250225-162638
7,1,0,0.548828125,751.9063720703125,1571.8875732421875,96.73681640625,98.10344696044922,20250225-162638
7,2,0,0.72412109375,703.357666015625,1399.623779296875,146.39208984375,151.26878356933594,20250225-162638
7,3,0,0.7919921875,680.5028686523438,759.5103149414062,136.50421142578125,114.8539047241211,20250225-162638
7,4,0,0.8056640625,718.9391479492188,1205.2943115234375,205.74508666992188,203.9047088623047,20250225-162638
7,5,0,0.82421875,716.4354248046875,1649.174560546875,104.08282470703125,162.72589111328125,20250225-162638
7,7,0,0.84423828125,728.9158935546875,253.66502380371094,177.9385528564453,201.32652282714844,20250225-162638
7,6,0,0.857421875,647.7999267578125,0.7957763671875,309.98760986328125,424.7161560058594,20250225-162638
7,8,0,0.908203125,629.6992797851562,380.33111572265625,290.1631164550781,368.78387451171875,20250225-162638
7,9,0,0.923828125,547.0770874023438,1544.140869140625,374.98736572265625,524.69140625,20250225-162638
7,10,0,0.9287109375,241.2778778076172,523.626220703125,985.0285034179688,830.3884887695312,20250225-162638
8,0,0,0.509765625,680.13671875,1306.47021484375,65.63186645507812,51.507080078125,20250225-162638
8,1,0,0.5244140625,751.7373657226562,1571.577880859375,95.5546875,97.48666381835938,20250225-162638
8,2,0,0.65234375,703.6148071289062,1398.0018310546875,147.7452392578125,151.05514526367188,20250225-162638
8,3,0,0.798828125,680.641845703125,759.4092407226562,136.52838134765625,114.93742370605469,20250225-162638
8,5,0,0.80908203125,716.138916015625,1646.5059814453125,106.72393798828125,163.0337677001953,20250225-162638
8,4,0,0.8115234375,718.4967651367188,1205.6839599609375,205.64236450195312,204.85552978515625,20250225-162638
8,7,0,0.85595703125,728.7349243164062,253.6351318359375,178.04434204101562,201.7568817138672,20250225-162638
8,6,0,0.8671875,641.1998901367188,0.7716522216796875,309.6239013671875,431.4490661621094,20250225-162638
8,8,0,0.90478515625,629.709228515625,378.5160827636719,292.02667236328125,368.6893310546875,20250225-162638
8,9,0,0.9228515625,546.5150756835938,1544.1448974609375,374.97418212890625,525.7192993164062,20250225-162638
8,10,0,0.9296875,241.25917053222656,524.6407470703125,983.9734497070312,830.08740234375,20250225-162638
9,0,0,0.51953125,679.0797729492188,1306.1319580078125,65.34576416015625,50.220394134521484,20250225-162638
9,1,0,0.630859375,753.2646484375,1571.571533203125,96.52001953125,97.89505004882812,20250225-162638
9,2,0,0.71875,704.06640625,1396.6907958984375,147.7379150390625,150.6713104248047,20250225-162638
9,3,0,0.78271484375,680.6408081054688,759.0635986328125,137.36370849609375,115.0826416015625,20250225-162638
9,4,0,0.81640625,717.377685546875,1206.2830810546875,207.46664428710938,203.6427459716797,20250225-162638
9,5,0,0.82666015625,716.6768798828125,1649.221435546875,103.33172607421875,163.62037658691406,20250225-162638
9,7,0,0.85302734375,728.5469970703125,253.77191162109375,178.10440063476562,202.05609130859375,20250225-162638
9,6,0,0.87890625,629.1195068359375,0.57476806640625,310.019287109375,442.6752624511719,20250225-162638
9,8,0,0.9052734375,629.7048950195312,382.3255920410156,288.6134033203125,369.30615234375,20250225-162638
9,9,0,0.9208984375,545.5835571289062,1544.5052490234375,374.63983154296875,526.56103515625,20250225-162638
9,10,0,0.9296875,240.0301513671875,523.60693359375,984.767578125,831.5496826171875,20250225-162638
10,0,0,0.5244140625,678.8870239257812,1306.37255859375,64.77886962890625,49.08717346191406,20250225-162638
10,1,0,0.59375,752.9847412109375,1570.9434814453125,96.3087158203125,98.09169006347656,20250225-162638
10,2,0,0.6103515625,704.1970825195312,1396.28369140625,147.40594482421875,150.7284698486328,20250225-162638
10,3,0,0.79931640625,680.558837890625,758.9171142578125,137.5572509765625,114.97128295898438,20250225-162638
10,5,0,0.81396484375,716.6214599609375,1648.4886474609375,105.05181884765625,162.94895935058594,20250225-162638
10,4,0,0.822265625,717.3280029296875,1205.39111328125,206.8817138671875,207.37733459472656,20250225-162638
10,7,0,0.849609375,728.9195556640625,254.09344482421875,177.97952270507812,201.39561462402344,20250225-162638
10,6,0,0.8740234375,620.9724731445312,0.595550537109375,306.63446044921875,450.56561279296875,20250225-162638
10,8,0,0.90673828125,629.8799438476562,384.32501220703125,286.02923583984375,369.6697692871094,20250225-162638
10,9,0,0.9208984375,545.9583740234375,1543.5999755859375,375.5394287109375,526.00927734375,20250225-162638
10,10,0,0.9287109375,242.89175415039062,525.088623046875,983.562744140625,828.4340209960938,20250225-162638
11,0,0,0.466796875,678.9293212890625,1306.971435546875,63.317047119140625,48.73311996459961,20250225-162638
11,1,0,0.59375,753.127197265625,1570.1055908203125,94.27825927734375,96.94447326660156,20250225-162638
11,2,0,0.6416015625,704.3927001953125,1395.5130615234375,147.098876953125,150.47869873046875,20250225-162638
11,3,0,0.783203125,680.4332275390625,758.8676147460938,137.47998046875,114.84197998046875,20250225-162638
11,5,0,0.82080078125,716.7189331054688,1649.4224853515625,103.32403564453125,164.26878356933594,20250225-162638
11,4,0,0.82177734375,716.5142211914062,1206.127685546875,207.25698852539062,204.48509216308594,20250225-162638
11,7,0,0.84716796875,728.8291625976562,254.53482055664062,177.81427001953125,201.67294311523438,20250225-162638
11,6,0,0.87646484375,610.0640869140625,0.6033554077148438,304.16021728515625,461.44366455078125,20250225-162638
11,8,0,0.91162109375,629.0208740234375,381.1852111816406,289.2952880859375,370.128662109375,20250225-162638
11,9,0,0.921875,546.1631469726562,1545.0369873046875,374.0357666015625,525.7744140625,20250225-162638
11,10,0,0.93017578125,241.8144073486328,525.7600708007812,982.8191528320312,829.58056640625,20250225-162638
12,0,0,0.478515625,677.2520141601562,1306.617919921875,62.850311279296875,51.479270935058594,20250225-162638
12,1,0,0.5927734375,752.7553100585938,1570.916748046875,92.48968505859375,97.4761962890625,20250225-162638
12,2,0,0.75830078125,703.9673461914062,1394.3419189453125,259.40386962890625,153.2443389892578,20250225-162638
12,3,0,0.779296875,680.4192504882812,758.9379272460938,137.3558349609375,115.17422485351562,20250225-162638
12,4,0,0.8134765625,718.2430419921875,1206.3731689453125,207.30441284179688,204.14468383789062,20250225-162638
12,5,0,0.82666015625,717.0330200195312,1648.64208984375,102.77508544921875,163.4530487060547,20250225-162638
12,7,0,0.8515625,728.36572265625,254.61428833007812,177.82479858398438,201.72280883789062,20250225-162638
12,6,0,0.8837890625,598.3255615234375,0.59161376953125,302.8437805175781,473.06011962890625,20250225-162638
12,8,0,0.90576171875,629.80322265625,381.2637634277344,289.8145751953125,369.1839294433594,20250225-162638
12,9,0,0.921875,546.14404296875,1543.409912109375,375.57147216796875,525.36181640625,20250225-162638
12,10,0,0.931640625,240.55886840820312,527.6010131835938,981.1115112304688,831.0829467773438,20250225-162638
13,0,0,0.5029296875,676.7554931640625,1306.0601806640625,63.230804443359375,49.33899688720703,20250225-162638
13,1,0,0.56005859375,752.3303833007812,1570.959228515625,91.72833251953125,94.81853485107422,20250225-162638
13,2,0,0.69189453125,703.5046997070312,1394.0498046875,259.85980224609375,153.4954833984375,20250225-162638
13,4,0,0.796875,717.109375,1204.2557373046875,208.37548828125,204.9161376953125,20250225-162638
13,3,0,0.80908203125,680.1753540039062,758.9039306640625,137.1920928955078,115.33661651611328,20250225-162638
13,5,0,0.81640625,716.9102783203125,1648.91064453125,103.1444091796875,163.9546356201172,20250225-162638
13,7,0,0.845703125,728.3658447265625,253.16299438476562,179.2738037109375,201.80459594726562,20250225-162638
13,6,0,0.8720703125,593.2571411132812,0.4197235107421875,301.14306640625,478.6924743652344,20250225-162638
13,8,0,0.908203125,630.6181640625,379.16217041015625,292.49066162109375,368.0133361816406,20250225-162638
13,9,0,0.91943359375,545.3944702148438,1542.6646728515625,376.1531982421875,526.3779907226562,20250225-162638
13,10,0,0.931640625,238.6182403564453,524.910400390625,983.2518310546875,832.923828125,20250225-162638
14,1,0,0.5068359375,752.453125,1570.72998046875,89.89874267578125,92.9055404663086,20250225-162638
14,0,0,0.5380859375,676.5492553710938,1305.9290771484375,64.79910278320312,49.20347213745117,20250225-162638
14,3,0,0.7939453125,680.7702026367188,759.0286254882812,137.2836456298828,114.94793701171875,20250225-162638
14,2,0,0.802734375,704.5444946289062,1395.0084228515625,263.24176025390625,152.71099853515625,20250225-162638
14,4,0,0.80322265625,718.2474975585938,1203.3248291015625,212.7637939453125,204.78858947753906,20250225-162638
14,5,0,0.8115234375,716.9671020507812,1646.7615966796875,103.11199951171875,163.1891632080078,20250225-162638
14,7,0,0.84765625,728.3656005859375,253.71176147460938,178.82464599609375,201.4532928466797,20250225-162638
14,6,0,0.8818359375,590.3493041992188,0.41480255126953125,298.22906494140625,481.8028564453125,20250225-162638
14,8,0,0.90625,630.9735717773438,373.406982421875,299.846923828125,367.3541564941406,20250225-162638
14,9,0,0.92041015625,545.0211181640625,1543.774658203125,375.2120361328125,526.9315795898438,20250225-162638
14,10,0,0.93115234375,240.9208221435547,525.8534545898438,982.41943359375,830.6559448242188,20250225-162638
15,1,0,0.546875,752.1307373046875,1570.85302734375,92.29156494140625,97.66348266601562,20250225-162638
15,0,0,0.552734375,676.6600341796875,1305.93017578125,66.31759643554688,51.344520568847656,20250225-162638
15,3,0,0.80029296875,680.3135375976562,758.89892578125,137.57501220703125,115.14607238769531,20250225-162638
15,4,0,0.802734375,719.5737915039062,1205.932373046875,208.94924926757812,202.53793334960938,20250225-162638
15,5,0,0.81884765625,717.2957153320312,1649.109375,102.28875732421875,162.0830078125,20250225-162638
15,2,0,0.82373046875,703.9151000976562,1394.4459228515625,263.5916748046875,153.03208923339844,20250225-162638
15,7,0,0.84423828125,728.3651733398438,253.2169189453125,178.94027709960938,201.9287109375,20250225-162638
15,6,0,0.89208984375,579.0940551757812,0.573944091796875,295.3016052246094,492.8841857910156,20250225-162638
15,8,0,0.89794921875,631.05419921875,368.42535400390625,307.8605041503906,367.1105651855469,20250225-162638
15,9,0,0.91796875,545.0322265625,1543.19970703125,375.61212158203125,526.7947998046875,20250225-162638
15,10,0,0.9326171875,240.02484130859375,527.0323486328125,981.350830078125,831.7529296875,20250225-162638
16,0,0,0.5849609375,676.6032104492188,1305.7418212890625,66.6639404296875,50.62285614013672,20250225-162638
16,1,0,0.609375,751.9525146484375,1570.6585693359375,92.936279296875,98.07881164550781,20250225-162638
16,2,0,0.775390625,704.3038940429688,1386.3717041015625,269.5169677734375,154.2771453857422,20250225-162638
16,3,0,0.7861328125,680.5435180664062,758.8143920898438,136.4541778564453,114.47908020019531,20250225-162638
16,4,0,0.794921875,718.755615234375,1205.6466064453125,214.82528686523438,202.9653778076172,20250225-162638
16,5,0,0.83349609375,717.3195190429688,1648.4835205078125,102.22027587890625,163.75018310546875,20250225-162638
16,7,0,0.8349609375,728.36572265625,252.45675659179688,180.09127807617188,202.06930541992188,20250225-162638
16,8,0,0.88427734375,632.1476440429688,370.2166442871094,310.2003479003906,365.7994079589844,20250225-162638
16,6,0,0.896484375,575.2095336914062,0.5833740234375,292.09063720703125,496.6197509765625,20250225-162638
16,9,0,0.91845703125,544.8372192382812,1543.2216796875,375.7716064453125,526.6758422851562,20250225-162638
16,10,0,0.93359375,241.63424682617188,525.4161987304688,982.2469482421875,830.0206298828125,20250225-162638
17,0,0,0.54296875,676.4791870117188,1305.436767578125,70.7098388671875,52.769737243652344,20250225-162638
17,1,0,0.615234375,752.3809814453125,1570.8299560546875,94.201904296875,98.17202758789062,20250225-162638
17,2,0,0.751953125,702.364013671875,1392.07177734375,261.9342041015625,154.59274291992188,20250225-162638
17,4,0,0.78662109375,720.9750366210938,1204.472412109375,215.85260009765625,203.53631591796875,20250225-162638
17,3,0,0.80908203125,680.698974609375,759.0767822265625,136.6138458251953,114.9448013305664,20250225-162638
17,5,0,0.82666015625,717.2164916992188,1649.6751708984375,101.40087890625,164.18792724609375,20250225-162638
17,7,0,0.841796875,728.1749267578125,252.96432495117188,179.51394653320312,202.04835510253906,20250225-162638
17,8,0,0.87646484375,632.607177734375,372.2590026855469,311.8417053222656,364.1392822265625,20250225-162638
17,6,0,0.90234375,574.5818481445312,0.9539794921875,290.96771240234375,497.3160400390625,20250225-162638
17,9,0,0.9169921875,543.7105712890625,1544.2620849609375,374.63507080078125,526.7166137695312,20250225-162638
17,10,0,0.93505859375,241.2824249267578,525.951416015625,981.3153076171875,830.3334350585938,20250225-162638
18,0,0,0.5498046875,676.460693359375,1305.6640625,66.86325073242188,46.656272888183594,20250225-162638
18,1,0,0.64599609375,752.3241577148438,1571.572265625,92.38275146484375,97.9659423828125,20250225-162638
18,4,0,0.77880859375,719.7891845703125,1204.8731689453125,224.72433471679688,202.9732666015625,20250225-162638
18,2,0,0.787109375,703.42041015625,1392.2764892578125,265.52069091796875,153.76431274414062,20250225-162638
18,3,0,0.791015625,681.3471069335938,758.8727416992188,136.43994140625,113.9677505493164,20250225-162638
18,5,0,0.82666015625,717.1068725585938,1648.651611328125,101.8692626953125,163.88987731933594,20250225-162638
18,7,0,0.83642578125,728.64208984375,252.5288543701172,177.65611267089844,201.36618041992188,20250225-162638
18,8,0,0.87841796875,633.5,375.7402038574219,313.9963073730469,363.0133361816406,20250225-162638
18,6,0,0.8994140625,567.619384765625,0.613311767578125,287.44598388671875,504.4537658691406,20250225-162638
18,9,0,0.91650390625,543.7191162109375,1543.89892578125,375.18603515625,526.8990478515625,20250225-162638
18,10,0,0.93310546875,239.14369201660156,523.5948486328125,983.9205322265625,832.91259765625,20250225-162638
19,0,0,0.5546875,676.5442504882812,1305.2845458984375,70.11044311523438,49.75759506225586,20250225-162638
19,1,0,0.59619140625,751.2176513671875,1571.1875,91.194580078125,98.8572998046875,20250225-162638
19,2,0,0.73779296875,702.2767944335938,1392.098876953125,261.831298828125,154.75221252441406,20250225-162638
19,3,0,0.7744140625,681.8281860351562,758.7843017578125,136.5194091796875,113.54936218261719,20250225-162638
19,4,0,0.783203125,718.8058471679688,1204.112060546875,221.48822021484375,205.2652130126953,20250225-162638
19,5,0,0.82568359375,717.4230346679688,1648.7947998046875,102.58538818359375,163.83395385742188,20250225-162638
19,7,0,0.833984375,729.015625,253.8057861328125,176.78228759765625,201.19992065429688,20250225-162638
19,8,0,0.86328125,633.9743041992188,378.01629638671875,317.12237548828125,362.0245666503906,20250225-162638
19,6,0,0.89794921875,570.1741333007812,0.39630889892578125,283.6131591796875,501.292236328125,20250225-162638
19,9,0,0.91748046875,543.5279541015625,1542.977783203125,375.92120361328125,526.9843139648438,20250225-162638
19,10,0,0.93359375,240.37725830078125,524.93408203125,982.50439453125,831.362548828125,20250225-162638
20,0,0,0.57470703125,675.755126953125,1305.6962890625,66.68966674804688,48.48592758178711,20250225-162638
20,1,0,0.65478515625,752.1478881835938,1571.220458984375,94.143310546875,98.21648406982422,20250225-162638
20,2,0,0.71484375,702.3042602539062,1395.46044921875,257.95880126953125,154.33285522460938,20250225-162638
20,3,0,0.7744140625,682.2998657226562,759.009033203125,136.7200927734375,112.73350524902344,20250225-162638
20,4,0,0.7890625,718.9400024414062,1204.2198486328125,221.08657836914062,205.1846160888672,20250225-162638
20,5,0,0.8115234375,717.0397338867188,1650.013916015625,100.87408447265625,164.75746154785156,20250225-162638
20,7,0,0.83349609375,729.5773315429688,253.94068908691406,177.4672393798828,200.7294921875,20250225-162638
20,8,0,0.8916015625,633.5678100585938,378.2181701660156,321.0044860839844,360.7606201171875,20250225-162638
20,6,0,0.8955078125,569.7108764648438,0.6007003784179688,279.2535400390625,502.772216796875,20250225-162638
20,9,0,0.91796875,545.4066162109375,1542.1256103515625,376.6761474609375,526.1905517578125,20250225-162638
20,10,0,0.931640625,240.72787475585938,526.1475830078125,981.6871948242188,831.084228515625,20250225-162638
21,11,0,0.2288818359375,716.9022216796875,860.014892578125,75.533203125,69.96282958984375,20250225-162638
21,0,0,0.5419921875,674.2357788085938,1305.74609375,67.83819580078125,52.84320831298828,20250225-162638
21,1,0,0.65771484375,752.1563720703125,1571.15380859375,94.11474609375,98.80021667480469,20250225-162638
21,2,0,0.7080078125,702.1412963867188,1394.7960205078125,258.4779052734375,154.624755859375,20250225-162638
21,4,0,0.78466796875,718.7971801757812,1203.8349609375,221.50387573242188,203.39881896972656,20250225-162638
21,3,0,0.79931640625,682.68896484375,758.8906860351562,136.46502685546875,113.10596466064453,20250225-162638
21,5,0,0.82080078125,717.1575317382812,1649.7762451171875,100.494873046875,164.9864044189453,20250225-162638
21,7,0,0.8359375,729.5707397460938,251.7871856689453,182.22972106933594,200.54443359375,20250225-162638
21,8,0,0.8916015625,633.5678100585938,379.02850341796875,324.4153747558594,363.6222229003906,20250225-162638
21,6,0,0.89501953125,570.7412109375,0.5996475219726562,275.3798828125,501.88397216796875,20250225-162638
21,9,0,0.91796875,545.5961303710938,1541.74072265625,377.23974609375,526.0305786132812,20250225-162638
21,10,0,0.93212890625,241.08956909179688,526.0431518554688,982.7015991210938,830.6876831054688,20250225-162638
22,0,0,0.5859375,673.27978515625,1305.966552734375,66.41665649414062,49.969337463378906,20250225-162638
22,1,0,0.65673828125,752.3377685546875,1571.7806396484375,94.58624267578125,98.5089111328125,20250225-162638
22,2,0,0.69775390625,702.3284912109375,1396.8065185546875,255.6064453125,154.28443908691406,20250225-162638
22,4,0,0.7431640625,718.1834716796875,1213.98046875,208.4403076171875,208.5965576171875,20250225-162638
22,3,0,0.77099609375,682.5281372070312,758.8667602539062,135.6774444580078,112.44168090820312,20250225-162638
22,5,0,0.81396484375,717.1404418945312,1650.0406494140625,99.95672607421875,164.21131896972656,20250225-162638
22,7,0,0.83154296875,729.5736694335938,250.7240753173828,183.1688690185547,200.5222930908203,20250225-162638
22,6,0,0.8916015625,571.8485107421875,0.5969696044921875,273.09088134765625,501.09759521484375,20250225-162638
22,8,0,0.900390625,635.3928833007812,378.0413818359375,329.58837890625,361.8756103515625,20250225-162638
22,9,0,0.9169921875,545.0374145507812,1542.2955322265625,376.86859130859375,526.7152709960938,20250225-162638
22,10,0,0.9326171875,239.7947235107422,528.0086059570312,980.1815185546875,831.3488159179688,20250225-162638
23,0,0,0.5859375,672.8930053710938,1305.8883056640625,68.40509033203125,50.25850296020508,20250225-162638
23,1,0,0.64501953125,751.9598999023438,1571.5078125,94.37640380859375,98.4508056640625,20250225-162638
23,2,0,0.71484375,702.1079711914062,1389.9503173828125,263.06396484375,154.5366973876953,20250225-162638
23,3,0,0.7822265625,683.2987060546875,758.1409301757812,137.3411407470703,112.42567443847656,20250225-162638
23,4,0,0.80322265625,718.5552978515625,1204.0078125,220.95803833007812,205.00796508789062,20250225-162638
23,5,0,0.82080078125,717.000244140625,1649.3697509765625,101.0511474609375,163.72735595703125,20250225-162638
23,7,0,0.83349609375,729.4713134765625,252.37371826171875,182.20797729492188,200.65463256835938,20250225-162638
23,8,0,0.890625,636.7080688476562,379.66448974609375,332.94915771484375,361.705810546875,20250225-162638
23,6,0,0.8916015625,576.35888671875,0.55224609375,262.6875,495.0823974609375,20250225-162638
23,9,0,0.91650390625,543.7169189453125,1543.8907470703125,374.82403564453125,527.2955932617188,20250225-162638
23,10,0,0.9306640625,241.79354858398438,524.9826049804688,984.5888671875,829.807861328125,20250225-162638
24,11,0,0.27587890625,717.7042846679688,862.046142578125,72.8701171875,69.14837646484375,20250225-162638
24,0,0,0.56591796875,672.9791259765625,1305.9239501953125,68.96438598632812,51.31121826171875,20250225-162638
24,2,0,0.71142578125,704.5219116210938,1394.8634033203125,151.762939453125,150.18594360351562,20250225-162638
24,1,0,0.712890625,752.1109619140625,1571.711181640625,93.034423828125,98.8197021484375,20250225-162638
24,3,0,0.79052734375,682.9434814453125,757.4981689453125,136.42181396484375,112.13212585449219,20250225-162638
24,4,0,0.806640625,718.7344970703125,1204.4229736328125,221.24267578125,204.53538513183594,20250225-162638
24,5,0,0.810546875,716.9110107421875,1650.0223388671875,101.1705322265625,164.2179718017578,20250225-162638
24,7,0,0.83349609375,729.3829956054688,252.0838623046875,181.90841674804688,201.26600646972656,20250225-162638
24,6,0,0.88818359375,579.4658813476562,0.5560226440429688,259.4491882324219,491.6015319824219,20250225-162638
24,8,0,0.8916015625,636.79296875,377.9098205566406,339.380126953125,360.0697021484375,20250225-162638
24,9,0,0.9189453125,544.6576538085938,1543.9632568359375,375.0333251953125,526.813720703125,20250225-162638
24,10,0,0.9326171875,241.4300537109375,525.89306640625,982.7091064453125,829.91015625,20250225-162638
25,11,0,0.290283203125,718.5844116210938,862.7559814453125,72.26065063476562,67.87464904785156,20250225-162638
25,0,0,0.5419921875,672.5259399414062,1305.6866455078125,71.75326538085938,51.95408630371094,20250225-162638
25,1,0,0.66650390625,751.9729614257812,1571.3258056640625,94.7310791015625,98.79550170898438,20250225-162638
25,2,0,0.67236328125,705.3011474609375,1391.3499755859375,158.6751708984375,150.06517028808594,20250225-162638
25,4,0,0.81640625,719.6204223632812,1205.5693359375,219.39834594726562,206.40980529785156,20250225-162638
25,5,0,0.81640625,717.1112060546875,1649.0185546875,101.63507080078125,164.2911834716797,20250225-162638
25,3,0,0.82568359375,682.6566772460938,757.5357055664062,136.0814208984375,112.93988037109375,20250225-162638
25,7,0,0.83837890625,729.7560424804688,252.08226013183594,181.33982849121094,200.71524047851562,20250225-162638
25,6,0,0.89013671875,582.4644165039062,0.367584228515625,253.80633544921875,488.43975830078125,20250225-162638
25,8,0,0.89111328125,636.8868408203125,382.7064514160156,337.3232116699219,360.6513366699219,20250225-162638
25,9,0,0.91748046875,544.0957641601562,1543.048828125,375.7584228515625,527.4622802734375,20250225-162638
25,10,0,0.93310546875,241.77371215820312,526.75439453125,982.2863159179688,829.70654296875,20250225-162638
26,11,0,0.2254638671875,718.0560302734375,862.5313110351562,72.40777587890625,68.58601379394531,20250225-162638
26,0,0,0.5888671875,672.5435180664062,1305.4471435546875,71.82357788085938,53.832149505615234,20250225-162638
26,1,0,0.64599609375,752.3101196289062,1571.545166015625,93.66778564453125,97.79900360107422,20250225-162638
26,2,0,0.7255859375,704.42822265625,1392.1849365234375,262.3355712890625,152.32235717773438,20250225-162638
26,4,0,0.798828125,719.8563842773438,1204.75732421875,220.9189453125,205.2049560546875,20250225-162638
26,5,0,0.822265625,717.33349609375,1649.8011474609375,100.68182373046875,163.02586364746094,20250225-162638
26,3,0,0.82568359375,683.5813598632812,757.5452880859375,137.5839385986328,112.63286590576172,20250225-162638
26,7,0,0.8349609375,730.138427734375,252.3625946044922,180.29896545410156,200.15853881835938,20250225-162638
26,6,0,0.88720703125,597.6226196289062,0.7445526123046875,249.4307098388672,473.46575927734375,20250225-162638
26,8,0,0.888671875,637.10107421875,381.80816650390625,340.85650634765625,359.0171203613281,20250225-162638
26,9,0,0.91943359375,544.0990600585938,1544.88134765625,374.10479736328125,527.6376953125,20250225-162638
26,10,0,0.93115234375,240.1461181640625,525.0331420898438,982.9775390625,831.8330078125,20250225-162638
27,11,0,0.2421875,718.3834838867188,863.23828125,71.39950561523438,67.61668395996094,20250225-162639
27,0,0,0.57373046875,672.6550903320312,1306.058349609375,70.84341430664062,53.072547912597656,20250225-162639
27,1,0,0.62451171875,751.5499877929688,1571.71875,92.4920654296875,98.68640899658203,20250225-162639
27,2,0,0.65380859375,705.6731567382812,1391.01416015625,157.2169189453125,149.5499725341797,20250225-162639
27,4,0,0.80810546875,719.7392578125,1208.90283203125,217.04644775390625,207.48590087890625,20250225-162639
27,3,0,0.80908203125,683.6875,757.6283569335938,137.34429931640625,112.90048217773438,20250225-162639
27,5,0,0.81640625,717.0787353515625,1649.4144287109375,101.06597900390625,162.65138244628906,20250225-162639
27,7,0,0.8388671875,729.9491577148438,253.3667449951172,179.3170623779297,200.16806030273438,20250225-162639
27,6,0,0.86376953125,603.1138916015625,0.6026229858398438,246.3800811767578,467.79302978515625,20250225-162639
27,8,0,0.88671875,638.030517578125,387.5706481933594,337.7937927246094,358.2323913574219,20250225-162639
27,9,0,0.9189453125,544.4710693359375,1543.9566650390625,375.038818359375,527.3140258789062,20250225-162639
27,10,0,0.9326171875,239.65017700195312,524.4224853515625,984.7586059570312,831.8201293945312,20250225-162639
28,11,0,0.21533203125,718.32666015625,863.3529052734375,71.36700439453125,67.97773742675781,20250225-162639
28,0,0,0.5283203125,672.66748046875,1306.81787109375,70.60336303710938,52.54983901977539,20250225-162639
28,1,0,0.5830078125,751.765625,1571.0650634765625,93.08642578125,98.76734924316406,20250225-162639
28,2,0,0.72021484375,704.5692138671875,1392.8369140625,261.05621337890625,152.45263671875,20250225-162639
28,3,0,0.8017578125,683.8305053710938,757.1201171875,138.4551544189453,112.57561492919922,20250225-162639
28,5,0,0.8173828125,716.979248046875,1648.6160888671875,102.38726806640625,163.430908203125,20250225-162639
28,4,0,0.8271484375,719.4238891601562,1206.498046875,216.16543579101562,207.23477172851562,20250225-162639
28,7,0,0.841796875,730.611083984375,252.28033447265625,180.47470092773438,199.5138702392578,20250225-162639
28,6,0,0.88232421875,616.7516479492188,0.5560684204101562,245.223876953125,454.17999267578125,20250225-162639
28,8,0,0.8916015625,640.3482666015625,384.7098083496094,344.4908752441406,355.2461853027344,20250225-162639
28,9,0,0.9189453125,545.033447265625,1544.13134765625,375.0435791015625,526.7213134765625,20250225-162639
28,10,0,0.93212890625,239.828369140625,523.9598388671875,984.6289672851562,831.5277099609375,20250225-162639
29,0,0,0.56201171875,672.5361328125,1307.2213134765625,68.9886474609375,51.436100006103516,20250225-162639
29,1,0,0.62353515625,752.3253784179688,1571.0474853515625,95.15533447265625,98.6329345703125,20250225-162639
29,2,0,0.63427734375,705.0980224609375,1391.9765625,156.064453125,150.12753295898438,20250225-162639
29,3,0,0.73779296875,683.4340209960938,756.907470703125,136.456787109375,111.92154693603516,20250225-162639
29,4,0,0.822265625,718.9955444335938,1206.51416015625,215.8524169921875,208.86219787597656,20250225-162639
29,5,0,0.8232421875,717.3189697265625,1649.307861328125,101.293212890625,163.02371215820312,20250225-162639
29,7,0,0.84326171875,730.8004150390625,252.43963623046875,179.54928588867188,199.8845672607422,20250225-162639
29,6,0,0.88818359375,624.7576904296875,0.7494735717773438,241.5709228515625,446.514892578125,20250225-162639
29,8,0,0.89306640625,640.2691040039062,384.4248046875,346.1153869628906,355.39739990234375,20250225-162639
29,9,0,0.91943359375,544.2786865234375,1543.7713623046875,375.21588134765625,527.75146484375,20250225-162639
29,10,0,0.93017578125,240.00372314453125,525.4349365234375,984.3577880859375,831.15673828125,20250225-162639
30,0,0,0.5556640625,672.4260864257812,1307.82763671875,69.97348022460938,55.559661865234375,20250225-162639
30,1,0,0.59619140625,752.1880493164062,1571.137939453125,92.88079833984375,98.21082305908203,20250225-162639
30,2,0,0.63623046875,705.168701171875,1390.58251953125,156.79193115234375,150.10560607910156,20250225-162639
30,3,0,0.78662109375,683.0430297851562,756.4334106445312,136.490478515625,113.25102233886719,20250225-162639
30,4,0,0.80078125,718.2723999023438,1205.184326171875,219.1497802734375,211.16854858398438,20250225-162639
30,5,0,0.8173828125,717.2085571289062,1649.735595703125,100.86126708984375,163.32833862304688,20250225-162639
30,7,0,0.8388671875,730.8052368164062,252.591796875,179.6886749267578,199.69985961914062,20250225-162639
30,6,0,0.88916015625,632.7266845703125,0.5698928833007812,240.50733947753906,438.820556640625,20250225-162639
30,8,0,0.8916015625,640.7276000976562,385.63824462890625,347.2174987792969,354.39013671875,20250225-162639
30,9,0,0.921875,544.0964965820312,1544.865966796875,374.12164306640625,527.8969116210938,20250225-162639
30,10,0,0.92919921875,240.8887176513672,524.3703002929688,987.1875,830.2225952148438,20250225-162639
31,0,0,0.5439453125,672.1302490234375,1308.5921630859375,70.69619750976562,55.09514617919922,20250225-162639
31,1,0,0.5546875,751.5848388671875,1571.265380859375,90.929443359375,98.08525085449219,20250225-162639
31,2,0,0.74169921875,705.2719116210938,1389.9232177734375,157.0433349609375,149.80274963378906,20250225-162639
31,3,0,0.76611328125,682.20849609375,756.6331787109375,137.00628662109375,113.80814361572266,20250225-162639
31,5,0,0.8115234375,717.2900390625,1649.0343017578125,102.04669189453125,163.41334533691406,20250225-162639
31,4,0,0.81591796875,719.0698852539062,1206.74169921875,218.61703491210938,207.89776611328125,20250225-162639
31,7,0,0.84130859375,731.2762451171875,252.1167755126953,180.15957641601562,198.89210510253906,20250225-162639
31,6,0,0.87646484375,640.4791259765625,0.9383697509765625,238.8991241455078,429.904296875,20250225-162639
31,8,0,0.89208984375,641.3557739257812,384.1637878417969,348.74542236328125,353.49468994140625,20250225-162639
31,9,0,0.9208984375,544.0928955078125,1544.6876220703125,374.2998046875,527.8292236328125,20250225-162639
31,10,0,0.9306640625,239.22076416015625,522.6529541015625,989.0496826171875,831.4744262695312,20250225-162639
32,11,0,0.21728515625,717.77294921875,857.3355102539062,77.0753173828125,69.28828430175781,20250225-162639
32,0,0,0.5546875,672.036865234375,1309.150390625,70.57095336914062,52.74922180175781,20250225-162639
32,1,0,0.61767578125,751.7481079101562,1571.0599365234375,94.7113037109375,98.7332763671875,20250225-162639
32,2,0,0.712890625,704.0453491210938,1390.8211669921875,264.245361328125,152.866943359375,20250225-162639
32,3,0,0.74560546875,681.514404296875,756.1810913085938,135.797607421875,114.14503479003906,20250225-162639
32,4,0,0.8056640625,717.6795654296875,1205.61669921875,218.75436401367188,208.53672790527344,20250225-162639
32,5,0,0.8173828125,716.8895263671875,1649.8055419921875,100.711669921875,163.20086669921875,20250225-162639
32,7,0,0.84814453125,730.9854736328125,251.62811279296875,180.2677459716797,199.26736450195312,20250225-162639
32,6,0,0.87158203125,644.9942016601562,0.7702789306640625,238.41119384765625,426.91265869140625,20250225-162639
32,8,0,0.8935546875,641.5354614257812,382.45745849609375,352.9610290527344,348.7951354980469,20250225-162639
32,9,0,0.9208984375,544.4727783203125,1545.059326171875,374.1068115234375,527.476318359375,20250225-162639
32,10,0,0.92919921875,237.6624298095703,527.4202880859375,986.2333374023438,833.148193359375,20250225-162639
33,11,0,0.2239990234375,717.45654296875,858.1527099609375,75.73178100585938,69.79918670654297,20250225-162639
33,0,0,0.51953125,671.9511108398438,1308.7532958984375,71.39840698242188,53.70494842529297,20250225-162639
33,1,0,0.5546875,751.7103271484375,1571.4697265625,90.9664306640625,97.47276306152344,20250225-162639
33,3,0,0.70556640625,681.242431640625,755.51513671875,135.7210693359375,113.59215545654297,20250225-162639
33,2,0,0.72412109375,704.2007446289062,1390.7156982421875,262.5260009765625,152.76870727539062,20250225-162639
33,4,0,0.80126953125,718.2371215820312,1209.56982421875,211.45651245117188,208.62684631347656,20250225-162639
33,5,0,0.8056640625,716.685791015625,1649.68798828125,100.9215087890625,163.4774169921875,20250225-162639
33,7,0,0.8388671875,731.4540405273438,252.4796905517578,180.2816619873047,198.60345458984375,20250225-162639
33,6,0,0.85498046875,652.461181640625,0.7513504028320312,237.2450408935547,419.39654541015625,20250225-162639
33,8,0,0.89453125,641.8888549804688,384.08148193359375,351.5831298828125,350.64849853515625,20250225-162639
33,9,0,0.92236328125,545.0355834960938,1544.86962890625,374.118896484375,527.1173095703125,20250225-162639
33,10,0,0.9287109375,234.6664276123047,521.7423706054688,992.678466796875,836.86767578125,20250225-162639
34,0,0,0.544921875,671.966552734375,1308.7646484375,74.31710815429688,54.91790771484375,20250225-162639
34,1,0,0.57470703125,751.3031616210938,1571.3466796875,90.06976318359375,97.39259338378906,20250225-162639
34,2,0,0.70166015625,704.2625732421875,1390.77294921875,263.332763671875,153.26666259765625,20250225-162639
34,3,0,0.74169921875,681.5133666992188,755.2399291992188,136.11932373046875,114.23167419433594,20250225-162639
34,5,0,0.798828125,716.8739624023438,1648.8907470703125,101.4488525390625,164.7103729248047,20250225-162639
34,4,0,0.80517578125,717.895263671875,1211.8590087890625,213.56304931640625,208.72084045410156,20250225-162639
34,6,0,0.83935546875,674.3582153320312,1.0443878173828125,237.4482879638672,398.0664367675781,20250225-162639
34,7,0,0.8466796875,731.169677734375,251.990478515625,180.95654296875,198.82386779785156,20250225-162639
34,8,0,0.89501953125,643.9118041992188,382.8299560546875,355.37493896484375,347.6767578125,20250225-162639
34,9,0,0.92236328125,545.2217407226562,1544.68115234375,374.4931640625,526.7925415039062,20250225-162639
34,10,0,0.92919921875,235.03369140625,520.1552124023438,994.552001953125,836.137939453125,20250225-162639
35,0,0,0.5361328125,672.0194702148438,1308.7547607421875,74.78759765625,56.90033721923828,20250225-162639
35,1,0,0.56201171875,751.1141967773438,1571.61474609375,94.61865234375,97.49388122558594,20250225-162639
35,3,0,0.7626953125,680.6957397460938,754.9442138671875,141.208740234375,118.32464599609375,20250225-162639
35,4,0,0.7734375,718.3262939453125,1213.778564453125,211.84414672851562,205.74440002441406,20250225-162639
35,2,0,0.79052734375,706.4555053710938,1388.58837890625,265.32275390625,150.60067749023438,20250225-162639
35,5,0,0.8056640625,716.751220703125,1648.8984375,101.81121826171875,163.011962890625,20250225-162639
35,6,0,0.83642578125,700.32861328125,1.1197128295898438,237.57669067382812,372.3572082519531,20250225-162639
35,7,0,0.8486328125,731.5289306640625,251.61465454101562,180.29937744140625,198.3273468017578,20250225-162639
35,8,0,0.89306640625,643.1044311523438,383.1662292480469,355.7255859375,348.25457763671875,20250225-162639
35,9,0,0.919921875,545.0360717773438,1544.86962890625,374.12713623046875,526.938232421875,20250225-162639
35,10,0,0.9296875,236.12493896484375,522.5191040039062,991.2213134765625,834.7564086914062,20250225-162639
36,0,0,0.533203125,672.0191650390625,1308.4345703125,68.8531494140625,52.948265075683594,20250225-162639
36,1,0,0.5859375,751.2583618164062,1571.0826416015625,92.69476318359375,99.21632385253906,20250225-162639
36,2,0,0.71533203125,705.1173706054688,1392.027099609375,262.07757568359375,152.09825134277344,20250225-162639
36,3,0,0.7958984375,680.2844848632812,754.8327026367188,176.64312744140625,119.56017303466797,20250225-162639
36,5,0,0.80322265625,717.1822509765625,1649.719482421875,101.94964599609375,163.19915771484375,20250225-162639
36,4,0,0.80859375,716.1963500976562,1208.068603515625,215.88555908203125,208.25167846679688,20250225-162639
36,6,0,0.82861328125,720.2122802734375,1.1816253662109375,237.62571716308594,352.8935546875,20250225-162639
36,7,0,0.84423828125,730.696044921875,251.41012573242188,182.09115600585938,200.0109100341797,20250225-162639
36,8,0,0.8916015625,643.5177001953125,384.0491638183594,354.4840393066406,347.2410583496094,20250225-162639
36,9,0,0.92236328125,545.2174682617188,1545.052001953125,373.93157958984375,526.8673706054688,20250225-162639
36,10,0,0.9306640625,235.69656372070312,520.8334350585938,992.4757690429688,835.9406127929688,20250225-162639
37,0,0,0.5400390625,671.9065551757812,1308.0625,69.6046142578125,54.460174560546875,20250225-162639
37,1,0,0.63330078125,751.02587890625,1571.16796875,92.3199462890625,99.38258361816406,20250225-162639
37,2,0,0.7255859375,704.9161376953125,1391.3140869140625,265.404052734375,152.03155517578125,20250225-162639
37,6,0,0.75439453125,734.5027465820312,1.6319046020507812,237.3020782470703,338.6466979980469,20250225-162639
37,5,0,0.80029296875,716.818603515625,1650.1563720703125,101.01800537109375,162.63319396972656,20250225-162639
37,3,0,0.8017578125,680.6620483398438,754.6514282226562,176.50250244140625,118.6747055053711,20250225-162639
37,4,0,0.8056640625,717.1412963867188,1203.9268798828125,222.78012084960938,210.08364868164062,20250225-162639
37,7,0,0.84375,730.7940673828125,253.1455535888672,179.9622802734375,199.11500549316406,20250225-162639
37,8,0,0.8935546875,643.2234497070312,382.15283203125,359.173828125,350.82293701171875,20250225-162639
37,9,0,0.923828125,545.2205810546875,1545.060791015625,374.08740234375,526.3860473632812,20250225-162639
37,10,0,0.93017578125,236.69837951660156,519.2364501953125,994.115478515625,834.7214965820312,20250225-162639
38,1,0,0.517578125,750.9406127929688,1571.9761962890625,89.12567138671875,93.09428405761719,20250225-162639
38,0,0,0.583984375,671.6422119140625,1308.029052734375,68.76333618164062,53.27493667602539,20250225-162639
38,6,0,0.6123046875,760.584716796875,0.8681488037109375,239.28529357910156,311.73345947265625,20250225-162639
38,2,0,0.70068359375,704.7841186523438,1388.4005126953125,266.818359375,152.26861572265625,20250225-162639
38,4,0,0.791015625,717.0436401367188,1204.7529296875,221.0679931640625,206.7462158203125,20250225-162639
38,5,0,0.79638671875,717.1115112304688,1650.2578125,101.06744384765625,161.91233825683594,20250225-162639
38,3,0,0.79736328125,679.26611328125,755.2538452148438,175.7244873046875,120.52603149414062,20250225-162639
38,7,0,0.85302734375,731.073974609375,253.216552734375,180.56748962402344,198.26202392578125,20250225-162639
38,8,0,0.89599609375,643.24462890625,381.58624267578125,358.4510803222656,347.1220397949219,20250225-162639
38,9,0,0.9228515625,544.8442993164062,1545.78955078125,373.373291015625,526.9884033203125,20250225-162639
38,10,0,0.9306640625,237.31515502929688,522.7190551757812,990.1658935546875,833.6461181640625,20250225-162639
39,6,0,0.421630859375,856.3482055664062,0.996002197265625,238.52870178222656,217.19473266601562,20250225-162639
39,1,0,0.5556640625,750.83056640625,1570.8599853515625,93.737548828125,99.96022033691406,20250225-162639
39,0,0,0.58984375,671.6102294921875,1307.5404052734375,67.99237060546875,53.71173095703125,20250225-162639
39,2,0,0.74462890625,705.1114501953125,1391.77001953125,263.0189208984375,152.0185089111328,20250225-162639
39,3,0,0.74853515625,678.9093017578125,755.314453125,174.89373779296875,120.71142578125,20250225-162639
39,4,0,0.78076171875,716.8460083007812,1208.54833984375,215.1844482421875,207.94741821289062,20250225-162639
39,5,0,0.8115234375,717.1009521484375,1649.4041748046875,101.68634033203125,163.19058227539062,20250225-162639
39,7,0,0.85498046875,730.6970825195312,252.70248413085938,181.45156860351562,199.09869384765625,20250225-162639
39,8,0,0.896484375,643.8427734375,383.0521545410156,358.0653076171875,346.50433349609375,20250225-162639
39,9,0,0.9228515625,545.4069213867188,1545.2427978515625,373.7193603515625,526.1544189453125,20250225-162639
39,10,0,0.92919921875,237.51840209960938,522.8816528320312,989.5762939453125,833.2301025390625,20250225-162639
40,1,0,0.556640625,751.3775634765625,1570.21435546875,93.1278076171875,99.16380310058594,20250225-162639
40,6,0,0.55810546875,855.806640625,1.426300048828125,238.14523315429688,217.89724731445312,20250225-162639
40,0,0,0.5947265625,671.7102661132812,1307.21044921875,69.73846435546875,56.34939193725586,20250225-162639
40,4,0,0.79052734375,718.7443237304688,1209.0076904296875,214.73318481445312,207.2954864501953,20250225-162639
40,3,0,0.79052734375,678.0132446289062,755.0824584960938,175.82244873046875,121.84292602539062,20250225-162639
40,5,0,0.8115234375,717.0238037109375,1650.7532958984375,100.83782958984375,162.83175659179688,20250225-162639
40,2,0,0.82666015625,706.8096923828125,1388.913330078125,268.05047607421875,150.95472717285156,20250225-162639
40,7,0,0.85400390625,730.704345703125,253.51446533203125,180.73104858398438,199.09715270996094,20250225-162639
40,8,0,0.89599609375,644.42919921875,382.3934326171875,359.24468994140625,343.2523193359375,20250225-162639
40,9,0,0.9228515625,545.40478515625,1546.512451171875,372.4478759765625,526.312255859375,20250225-162639
40,10,0,0.93212890625,236.65185546875,521.1060791015625,990.4348754882812,834.284423828125,20250225-162639
41,6,0,0.5185546875,859.5093994140625,0.8604354858398438,238.533203125,213.64356994628906,20250225-162639
41,1,0,0.57470703125,752.0396728515625,1571.4569091796875,88.6893310546875,92.88511657714844,20250225-162639
41,0,0,0.60302734375,671.6350708007812,1307.0980224609375,72.86947631835938,58.31697463989258,20250225-162639
41,2,0,0.65771484375,706.7384033203125,1390.8563232421875,262.7193603515625,148.77110290527344,20250225-162639
41,4,0,0.7919921875,718.9599609375,1212.835205078125,210.99490356445312,205.04042053222656,20250225-162639
41,3,0,0.82373046875,677.3926391601562,754.9376220703125,176.15185546875,122.49584197998047,20250225-162639
41,5,0,0.83203125,717.208251953125,1650.093017578125,100.77392578125,161.29525756835938,20250225-162639
41,7,0,0.8427734375,730.6079711914062,252.80511474609375,181.1656494140625,199.30307006835938,20250225-162639
41,8,0,0.89501953125,644.0977172851562,382.5758972167969,360.0661926269531,341.23980712890625,20250225-162639
41,9,0,0.92041015625,544.28125,1545.6068115234375,373.5498046875,527.60400390625,20250225-162639
41,10,0,0.93310546875,239.1024169921875,522.8934326171875,987.2838134765625,831.6370849609375,20250225-162639
42,6,0,0.56005859375,859.750732421875,1.051849365234375,238.46914672851562,213.32591247558594,20250225-162639
42,1,0,0.56103515625,751.4734497070312,1570.0916748046875,94.00762939453125,98.89892578125,20250225-162639
42,0,0,0.638671875,671.4759521484375,1306.902587890625,70.75350952148438,55.85114288330078,20250225-162639
42,2,0,0.7548828125,704.7890014648438,1388.5946044921875,265.591552734375,152.40878295898438,20250225-162639
42,4,0,0.77099609375,719.8338012695312,1219.6298828125,203.64422607421875,203.94200134277344,20250225-162639
42,3,0,0.7939453125,676.6792602539062,755.2556762695312,175.81585693359375,122.96923828125,20250225-162639
42,5,0,0.82421875,716.9249267578125,1649.96044921875,100.93487548828125,160.98300170898438,20250225-162639
42,7,0,0.8369140625,730.589599609375,253.65550231933594,180.0714111328125,198.89674377441406,20250225-162639
42,8,0,0.8974609375,644.3064575195312,384.9311828613281,357.4720458984375,341.0008544921875,20250225-162639
42,9,0,0.923828125,544.6610107421875,1546.856689453125,372.09576416015625,527.1758422851562,20250225-162639
42,10,0,0.93359375,235.19969177246094,519.278564453125,989.4856567382812,836.1428833007812,20250225-162639
43,6,0,0.45703125,861.3627319335938,0.9580535888671875,237.99046325683594,211.5583953857422,20250225-162639
43,1,0,0.46875,750.7503662109375,1569.07666015625,92.634521484375,98.98278045654297,20250225-162639
43,0,0,0.6513671875,671.3201904296875,1306.9654541015625,72.86508178710938,55.796730041503906,20250225-162639
43,3,0,0.763671875,676.3302612304688,755.3491821289062,175.5370330810547,123.77364349365234,20250225-162639
43,2,0,0.78125,706.5055541992188,1387.45068359375,267.94903564453125,150.5596923828125,20250225-162639
43,4,0,0.787109375,718.933837890625,1206.0296630859375,217.41842651367188,207.20335388183594,20250225-162639
43,5,0,0.810546875,716.7050170898438,1647.680419921875,103.31414794921875,161.7367706298828,20250225-162639
43,7,0,0.83984375,731.0711059570312,253.46868896484375,181.36038208007812,198.3698272705078,20250225-162639
43,8,0,0.900390625,644.8786010742188,381.15802001953125,361.1789245605469,341.04876708984375,20250225-162639
43,9,0,0.923828125,545.0361938476562,1545.7672119140625,373.18743896484375,526.55322265625,20250225-162639
43,10,0,0.93212890625,237.91004943847656,519.9252319335938,987.6322631835938,833.4656982421875,20250225-162639
44,6,0,0.443603515625,862.0556030273438,0.8593597412109375,237.26829528808594,210.66026306152344,20250225-162639
44,1,0,0.4970703125,751.5280151367188,1569.3489990234375,91.9251708984375,97.35276794433594,20250225-162639
44,0,0,0.630859375,671.385986328125,1306.5570068359375,72.2640380859375,56.172149658203125,20250225-162639
44,3,0,0.75927734375,675.3245849609375,754.9566650390625,175.992919921875,124.74494934082031,20250225-162639
44,2,0,0.77392578125,706.7728881835938,1386.67236328125,269.927490234375,150.23228454589844,20250225-162639
44,4,0,0.7744140625,718.7743530273438,1215.5980224609375,208.57479858398438,207.80535888671875,20250225-162639
44,7,0,0.822265625,731.2685546875,254.82586669921875,179.6282958984375,198.57994079589844,20250225-162639
44,5,0,0.822265625,716.6522827148438,1649.72607421875,101.84930419921875,161.88525390625,20250225-162639
44,8,0,0.9013671875,646.2236938476562,378.28692626953125,364.039306640625,339.0955810546875,20250225-162639
44,9,0,0.92333984375,545.7816162109375,1545.948974609375,373.0103759765625,525.8334350585938,20250225-162639
44,10,0,0.93115234375,237.19190979003906,519.0966796875,985.9273681640625,834.1321411132812,20250225-162639
45,1,0,0.43505859375,751.949462890625,1568.7696533203125,92.802978515625,97.91728210449219,20250225-162639
45,6,0,0.438720703125,864.0994262695312,0.9412307739257812,236.8406524658203,208.393310546875,20250225-162639
45,0,0,0.60693359375,671.6764526367188,1306.715087890625,70.62863159179688,54.055564880371094,20250225-162639
45,3,0,0.732421875,674.9104614257812,754.8619995117188,175.71624755859375,125.56016540527344,20250225-162639
45,4,0,0.75048828125,718.5681762695312,1230.490234375,192.03424072265625,208.71688842773438,20250225-162639
45,2,0,0.7744140625,706.6609497070312,1389.8294677734375,269.3060302734375,150.37124633789062,20250225-162639
45,7,0,0.81689453125,731.9550170898438,251.1063995361328,184.75914001464844,198.07594299316406,20250225-162639
45,5,0,0.8232421875,717.0618286132812,1649.80078125,101.84967041015625,162.66683959960938,20250225-162639
45,8,0,0.8984375,646.4537353515625,380.2551574707031,362.2283630371094,339.3536071777344,20250225-162639
45,9,0,0.9208984375,545.4115600585938,1545.4068603515625,373.54779052734375,526.119384765625,20250225-162639
45,10,0,0.93310546875,238.59764099121094,519.0818481445312,982.30224609375,832.3510131835938,20250225-162639
46,6,0,0.4091796875,865.8292846679688,0.845947265625,237.88755798339844,207.0608673095703,20250225-162639
46,1,0,0.54296875,751.2727661132812,1569.0721435546875,93.8880615234375,99.3392333984375,20250225-162639
46,0,0,0.57080078125,671.8617553710938,1306.404541015625,68.06204223632812,56.38294982910156,20250225-162639
46,3,0,0.71923828125,674.3575439453125,754.3890991210938,175.5629425048828,126.17771911621094,20250225-162639
46,4,0,0.767578125,719.21337890625,1214.01318359375,209.4228515625,206.9893798828125,20250225-162639
46,2,0,0.7890625,706.7858276367188,1390.1319580078125,270.229248046875,150.5182342529297,20250225-162639
46,5,0,0.82568359375,717.0157470703125,1649.911376953125,101.83795166015625,164.24131774902344,20250225-162639
46,7,0,0.830078125,732.2114868164062,252.73297119140625,180.95338439941406,198.2539520263672,20250225-162639
46,8,0,0.89892578125,647.2723999023438,377.3694763183594,366.4018249511719,336.8698425292969,20250225-162639
46,9,0,0.9228515625,545.4066162109375,1545.055419921875,373.890380859375,526.1610717773438,20250225-162639
46,10,0,0.93505859375,239.47207641601562,518.1318969726562,983.0462036132812,831.7086181640625,20250225-162639
47,6,0,0.5029296875,861.8670654296875,0.9514846801757812,237.944091796875,211.4042510986328,20250225-162639
47,1,0,0.546875,751.3036499023438,1568.634521484375,97.38006591796875,100.00090789794922,20250225-162639
47,0,0,0.55810546875,671.9396362304688,1306.188232421875,71.09014892578125,57.601661682128906,20250225-162639
47,3,0,0.75341796875,673.9695434570312,753.7734375,176.2130126953125,126.41722869873047,20250225-162639
47,2,0,0.767578125,705.2601928710938,1391.3837890625,264.26971435546875,152.2940216064453,20250225-162639
47,4,0,0.775390625,720.099365234375,1212.228759765625,210.80960083007812,206.70870971679688,20250225-162639
47,5,0,0.822265625,717.0115356445312,1649.2510986328125,102.13385009765625,161.56597900390625,20250225-162639
47,7,0,0.82763671875,731.8341674804688,252.51480102539062,181.16867065429688,198.11602783203125,20250225-162639
47,8,0,0.8984375,647.7094116210938,373.01409912109375,370.76007080078125,336.5380554199219,20250225-162639
47,9,0,0.923828125,545.222412109375,1545.423095703125,373.707275390625,526.425048828125,20250225-162639
47,10,0,0.9365234375,240.51011657714844,520.8920288085938,978.0210571289062,830.2277221679688,20250225-162639
48,11,0,0.2393798828125,715.106689453125,854.78466796875,76.68841552734375,69.79872131347656,20250225-162639
48,6,0,0.446533203125,863.6090087890625,0.843658447265625,237.4174346923828,209.1057891845703,20250225-162639
48,1,0,0.5537109375,751.3984985351562,1568.5697021484375,98.48931884765625,100.27462005615234,20250225-162639
48,0,0,0.55712890625,672.0313110351562,1305.89501953125,70.79150390625,56.20948791503906,20250225-162639
48,3,0,0.6669921875,675.4895629882812,752.4448852539062,130.2234649658203,124.31596374511719,20250225-162639
48,4,0,0.7734375,719.6881103515625,1217.6568603515625,204.25149536132812,204.42535400390625,20250225-162639
48,2,0,0.78076171875,706.288818359375,1389.2607421875,270.39166259765625,150.90228271484375,20250225-162639
48,5,0,0.82763671875,717.0195922851562,1648.9339599609375,102.374267578125,161.95701599121094,20250225-162639
48,7,0,0.833984375,732.0267944335938,253.32650756835938,178.9219207763672,197.6534881591797,20250225-162639
48,8,0,0.900390625,647.27099609375,370.879150390625,372.1576232910156,337.0390930175781,20250225-162639
48,9,0,0.92529296875,545.9697265625,1546.1495361328125,372.8009033203125,525.321533203125,20250225-162639
48,10,0,0.9365234375,239.78262329101562,522.7007446289062,975.383056640625,831.153076171875,20250225-162639
49,6,0,0.494140625,861.68896484375,0.9489898681640625,238.19705200195312,211.22872924804688,20250225-162639
49,1,0,0.521484375,751.8390502929688,1568.4327392578125,96.45172119140625,98.9573745727539,20250225-162639
49,0,0,0.56689453125,672.332275390625,1305.9422607421875,71.80572509765625,53.965789794921875,20250225-162639
49,2,0,0.74169921875,704.7548217773438,1392.062255859375,262.664794921875,152.71408081054688,20250225-162639
49,3,0,0.77734375,673.5262451171875,752.5706787109375,177.9997100830078,126.88595581054688,20250225-162639
49,4,0,0.78076171875,719.5903930664062,1210.2177734375,212.78466796875,207.99732971191406,20250225-162639
49,5,0,0.83349609375,717.0923461914062,1649.1141357421875,102.1669921875,161.05445861816406,20250225-162639
49,7,0,0.8369140625,732.39599609375,254.27133178710938,176.9252471923828,197.84934997558594,20250225-162639
49,8,0,0.9072265625,647.4913330078125,369.2318420410156,372.5201721191406,334.840576171875,20250225-162639
49,9,0,0.92578125,546.8934326171875,1545.245849609375,373.6962890625,524.0955810546875,20250225-162639
49,10,0,0.939453125,238.57876586914062,523.7010498046875,974.0863037109375,832.2274169921875,20250225-162639
50,6,0,0.452392578125,860.7029418945312,0.6800537109375,238.29318237304688,211.9090118408203,20250225-162639
50,1,0,0.5322265625,751.5377197265625,1568.4495849609375,97.7237548828125,99.36275482177734,20250225-162639
50,0,0,0.57275390625,672.586181640625,1306.12060546875,70.12454223632812,53.6627197265625,20250225-162639
50,2,0,0.75,704.797607421875,1390.857421875,261.77362060546875,152.48928833007812,20250225-162639
50,4,0,0.79052734375,720.1232299804688,1206.09375,212.303466796875,205.27224731445312,20250225-162639
50,5,0,0.82080078125,716.8185424804688,1649.0029296875,101.9765625,161.64930725097656,20250225-162639
50,3,0,0.82666015625,673.3909912109375,752.940185546875,177.60809326171875,126.33865356445312,20250225-162639
50,7,0,0.8271484375,731.929931640625,253.67161560058594,176.1074981689453,198.42648315429688,20250225-162639
50,8,0,0.90283203125,648.6148681640625,369.843505859375,371.1990661621094,332.3312683105469,20250225-162639
50,9,0,0.923828125,545.967041015625,1544.33349609375,374.62152099609375,525.2697143554688,20250225-162639
50,10,0,0.939453125,238.74647521972656,521.6484375,975.4844970703125,832.266357421875,20250225-162639
51,6,0,0.394287109375,860.8909301757812,0.7616729736328125,236.51564025878906,210.85330200195312,20250225-162639
51,1,0,0.505859375,751.3724975585938,1567.2696533203125,96.95306396484375,99.53570556640625,20250225-162639
51,0,0,0.57568359375,672.5316162109375,1306.0693359375,70.60491943359375,52.542030334472656,20250225-162639
51,2,0,0.67333984375,705.030517578125,1391.5301513671875,261.49951171875,152.09506225585938,20250225-162639
51,3,0,0.79833984375,673.520263671875,752.0916137695312,177.9554443359375,124.20249938964844,20250225-162639
51,4,0,0.80908203125,718.40869140625,1204.9609375,217.42263793945312,206.9000244140625,20250225-162639
51,7,0,0.830078125,732.5908203125,253.98326110839844,174.5863494873047,196.3867950439453,20250225-162639
51,5,0,0.83544921875,716.7284545898438,1649.1837158203125,102.2926025390625,161.98739624023438,20250225-162639
51,8,0,0.90380859375,648.818359375,368.0172119140625,374.3898620605469,329.17584228515625,20250225-162639
51,9,0,0.92431640625,547.2625732421875,1544.6986083984375,374.244140625,524.1356811523438,20250225-162639
51,10,0,0.9375,237.73435974121094,522.6871948242188,975.0320434570312,833.90966796875,20250225-162639
52,6,0,0.50390625,861.0802612304688,0.8708267211914062,238.7544708251953,211.4343719482422,20250225-162639
52,0,0,0.5458984375,672.5872802734375,1306.025634765625,71.4715576171875,53.19923400878906,20250225-162639
52,1,0,0.58056640625,751.5875854492188,1568.874755859375,96.2296142578125,99.57510375976562,20250225-162639
52,2,0,0.6513671875,706.5276489257812,1392.617431640625,259.474365234375,149.48976135253906,20250225-162639
52,3,0,0.75927734375,673.8825073242188,752.1798706054688,177.93658447265625,123.52838134765625,20250225-162639
52,4,0,0.79736328125,720.0338134765625,1206.6259765625,218.95706176757812,208.04054260253906,20250225-162639
52,5,0,0.83203125,716.7164306640625,1649.9036865234375,101.05682373046875,161.3670196533203,20250225-162639
52,7,0,0.8349609375,732.2142333984375,254.07907104492188,174.11727905273438,197.23651123046875,20250225-162639
52,8,0,0.904296875,649.0885620117188,368.4861145019531,371.3520812988281,330.12628173828125,20250225-162639
52,9,0,0.92431640625,546.89111328125,1545.0714111328125,373.88067626953125,524.8636474609375,20250225-162639
52,10,0,0.9375,237.20477294921875,519.035888671875,979.3729248046875,833.911376953125,20250225-162639
53,6,0,0.4697265625,861.2769775390625,0.8697052001953125,238.5000457763672,211.24400329589844,20250225-162639
53,0,0,0.537109375,672.65869140625,1306.1982421875,72.37014770507812,56.053104400634766,20250225-162639
53,1,0,0.60009765625,751.9044799804688,1569.2808837890625,96.42901611328125,99.14732360839844,20250225-162639
53,2,0,0.62255859375,706.5526123046875,1393.728271484375,258.96240234375,149.3072509765625,20250225-162639
53,4,0,0.806640625,720.9965209960938,1207.904541015625,217.27835083007812,203.673828125,20250225-162639
53,3,0,0.81005859375,674.0623168945312,751.6426391601562,177.9964599609375,123.04713439941406,20250225-162639
53,7,0,0.82373046875,732.507080078125,254.6276092529297,173.7520294189453,197.67330932617188,20250225-162639
53,5,0,0.83203125,716.7461547851562,1650.8203125,100.48992919921875,162.65310668945312,20250225-162639
53,8,0,0.90576171875,648.5487060546875,367.0191650390625,374.56988525390625,330.8108825683594,20250225-162639
53,9,0,0.9248046875,545.7772827148438,1544.8912353515625,374.2393798828125,525.9766235351562,20250225-162639
53,10,0,0.9375,237.03431701660156,516.9592895507812,983.5263061523438,834.361083984375,20250225-162639
54,6,0,0.42724609375,861.3551025390625,0.7799835205078125,238.8639678955078,211.1392059326172,20250225-162639
54,0,0,0.56298828125,672.8865966796875,1306.3985595703125,70.31561279296875,51.43309783935547,20250225-162639
54,1,0,0.56787109375,751.7228393554688,1568.02197265625,97.9775390625,99.42584228515625,20250225-162639
54,2,0,0.66259765625,705.8235473632812,1391.7916259765625,154.3677978515625,149.17953491210938,20250225-162639
54,4,0,0.77197265625,719.9165649414062,1208.7615966796875,217.21664428710938,204.14212036132812,20250225-162639
54,3,0,0.7880859375,674.4458618164062,750.7073974609375,179.2664337158203,123.16000366210938,20250225-162639
54,7,0,0.79052734375,732.3389892578125,254.04721069335938,174.0435791015625,197.42320251464844,20250225-162639
54,5,0,0.82763671875,716.9365234375,1650.172119140625,100.8255615234375,161.36306762695312,20250225-162639
54,8,0,0.9111328125,648.69091796875,367.3589172363281,373.7324523925781,328.72784423828125,20250225-162639
54,9,0,0.92578125,546.8899536132812,1544.9036865234375,374.0386962890625,524.5446166992188,20250225-162639
54,10,0,0.9375,236.0240936279297,515.2402954101562,985.9757080078125,835.25244140625,20250225-162639
55,6,0,0.443603515625,860.00927734375,0.7687225341796875,238.84291076660156,212.290283203125,20250225-162639
55,1,0,0.5244140625,751.8616943359375,1566.062255859375,97.13616943359375,98.25768280029297,20250225-162639
55,0,0,0.57373046875,672.7183837890625,1305.935546875,69.598388671875,52.130043029785156,20250225-162639
55,4,0,0.76708984375,721.062255859375,1215.0677490234375,210.8302001953125,201.85060119628906,20250225-162639
55,2,0,0.767578125,705.270751953125,1392.9481201171875,260.9058837890625,151.96563720703125,20250225-162639
55,7,0,0.80126953125,732.0367431640625,253.7910919189453,174.67689514160156,197.66954040527344,20250225-162639
55,3,0,0.80810546875,674.448974609375,751.3326416015625,178.36468505859375,123.36737060546875,20250225-162639
55,5,0,0.82763671875,716.8626098632812,1650.082763671875,101.46185302734375,162.00498962402344,20250225-162639
55,8,0,0.9091796875,648.6875,367.557861328125,374.479248046875,329.71588134765625,20250225-162639
55,9,0,0.9248046875,546.5220947265625,1544.8912353515625,374.04876708984375,524.9508056640625,20250225-162639
55,10,0,0.939453125,237.49969482421875,516.6536865234375,984.54638671875,833.5037841796875,20250225-162639
56,6,0,0.405517578125,859.4126586914062,0.769134521484375,237.8433380126953,213.3333740234375,20250225-162639
56,0,0,0.57958984375,673.5859375,1306.224365234375,68.14938354492188,50.39703369140625,20250225-162639
56,1,0,0.59619140625,751.91552734375,1567.447265625,98.3133544921875,98.92930603027344,20250225-162639
56,2,0,0.767578125,706.4389038085938,1389.4617919921875,270.845947265625,150.76400756835938,20250225-162639
56,4,0,0.7734375,720.434326171875,1212.6844482421875,212.08364868164062,201.22764587402344,20250225-162639
56,3,0,0.80029296875,674.6025390625,751.7027587890625,178.03564453125,123.42289733886719,20250225-162639
56,5,0,0.83203125,716.5262451171875,1650.4852294921875,100.13653564453125,162.25485229492188,20250225-162639
56,7,0,0.83984375,732.5899658203125,254.0438232421875,175.25665283203125,196.97413635253906,20250225-162639
56,8,0,0.90380859375,648.6939086914062,370.2873229980469,371.3671875,329.296142578125,20250225-162639
56,9,0,0.92529296875,546.1461791992188,1545.259765625,373.6724853515625,525.6005249023438,20250225-162639
56,10,0,0.93896484375,238.0699462890625,517.6845703125,983.4266967773438,833.1273193359375,20250225-162639
57,6,0,0.4736328125,861.2122802734375,0.78167724609375,238.12954711914062,211.6484375,20250225-162640
57,1,0,0.56591796875,751.7547607421875,1567.65234375,95.9432373046875,98.89918518066406,20250225-162640
57,0,0,0.56689453125,674.9207153320312,1306.3787841796875,68.95669555664062,49.43744659423828,20250225-162640
57,3,0,0.7177734375,675.2325439453125,751.4423217773438,178.34967041015625,122.7412338256836,20250225-162640
57,2,0,0.759765625,705.0330200195312,1393.2667236328125,261.5408935546875,152.23960876464844,20250225-162640
57,7,0,0.759765625,732.5968627929688,251.56732177734375,178.0894775390625,198.8613739013672,20250225-162640
57,4,0,0.79296875,720.2725219726562,1213.509033203125,210.5797119140625,200.87075805664062,20250225-162640
57,5,0,0.83447265625,716.6052856445312,1650.5042724609375,100.57562255859375,163.86207580566406,20250225-162640
57,8,0,0.90771484375,648.6285400390625,375.1031799316406,364.94915771484375,329.87200927734375,20250225-162640
57,9,0,0.92431640625,547.2598266601562,1545.064453125,373.87591552734375,524.2595825195312,20250225-162640
57,10,0,0.9375,238.58580017089844,517.6616821289062,983.1668701171875,832.9948120117188,20250225-162640
58,6,0,0.48046875,861.1390991210938,0.779022216796875,238.6190185546875,211.54766845703125,20250225-162640
58,0,0,0.556640625,675.6063232421875,1306.159423828125,69.90261840820312,48.8093376159668,20250225-162640
58,1,0,0.57373046875,751.7810668945312,1568.55322265625,96.08990478515625,99.1464614868164,20250225-162640
58,3,0,0.7255859375,675.90283203125,751.6411743164062,177.91552734375,123.21501922607422,20250225-162640
58,2,0,0.75927734375,705.0469970703125,1393.2432861328125,258.919921875,151.8037567138672,20250225-162640
58,4,0,0.77392578125,720.7312622070312,1217.688720703125,205.82208251953125,201.8391876220703,20250225-162640
58,7,0,0.79443359375,732.1212768554688,253.45010375976562,176.3818359375,199.60543823242188,20250225-162640
58,5,0,0.8310546875,716.6178588867188,1650.136962890625,100.75653076171875,163.16319274902344,20250225-162640
58,8,0,0.9013671875,648.2874145507812,377.8523254394531,361.9456787109375,329.43585205078125,20250225-162640
58,9,0,0.92431640625,546.5173950195312,1544.88427734375,374.05828857421875,524.93505859375,20250225-162640
58,10,0,0.939453125,237.33653259277344,516.9097900390625,982.6409912109375,833.5221557617188,20250225-162640
59,6,0,0.393310546875,934.8510131835938,1.13232421875,238.73423767089844,143.67739868164062,20250225-162640
59,0,0,0.5458984375,675.9954833984375,1305.5987548828125,69.90618896484375,48.71063232421875,20250225-162640
59,1,0,0.55908203125,752.6807250976562,1568.3529052734375,95.546630859375,98.26103210449219,20250225-162640
59,2,0,0.7724609375,704.9778442382812,1391.9359130859375,263.58270263671875,152.46868896484375,20250225-162640
59,4,0,0.7724609375,720.6002197265625,1223.9617919921875,199.99346923828125,202.413818359375,20250225-162640
59,7,0,0.7919921875,732.4384155273438,256.9895324707031,174.73654174804688,199.04763793945312,20250225-162640
59,3,0,0.79833984375,675.8434448242188,751.9205932617188,177.656982421875,123.461181640625,20250225-162640
59,5,0,0.83203125,716.5609741210938,1650.3438720703125,100.6351318359375,163.34056091308594,20250225-162640
59,8,0,0.90380859375,648.35693359375,380.6694030761719,358.82647705078125,330.0435485839844,20250225-162640
59,9,0,0.923828125,546.1499633789062,1544.879150390625,374.24761962890625,525.5927734375,20250225-162640
59,10,0,0.93994140625,237.3461456298828,518.1630859375,980.304931640625,833.5546875,20250225-162640
60,6,0,0.373779296875,931.7688598632812,0.5539627075195312,239.21644592285156,144.0730743408203,20250225-162640
60,1,0,0.48046875,751.5296630859375,1567.6768798828125,96.629150390625,99.90005493164062,20250225-162640
60,0,0,0.56103515625,675.98828125,1305.442138671875,69.69598388671875,47.21675109863281,20250225-162640
60,4,0,0.78076171875,717.6293334960938,1207.3179931640625,214.23468017578125,204.4617462158203,20250225-162640
60,2,0,0.79296875,705.369140625,1391.7879638671875,264.821044921875,153.32571411132812,20250225-162640
60,7,0,0.82958984375,732.0285034179688,255.03204345703125,175.0206298828125,196.88795471191406,20250225-162640
60,3,0,0.83154296875,675.68505859375,751.4203491210938,178.2447509765625,123.09395599365234,20250225-162640
60,5,0,0.83349609375,716.3753051757812,1649.2657470703125,101.5726318359375,163.85104370117188,20250225-162640
60,8,0,0.90478515625,647.9393920898438,381.69683837890625,357.6957702636719,331.1495666503906,20250225-162640
60,9,0,0.92236328125,546.3358764648438,1544.8670654296875,374.07861328125,525.0072631835938,20250225-162640
60,10,0,0.9384765625,236.3668212890625,516.015380859375,981.2455444335938,834.9328002929688,20250225-162640
61,6,0,0.375732421875,857.2039794921875,0.7737808227539062,238.40731811523438,215.68882751464844,20250225-162640
61,1,0,0.452392578125,751.3062133789062,1568.7938232421875,95.4298095703125,96.15895080566406,20250225-162640
61,0,0,0.515625,675.9911499023438,1305.6405029296875,69.6243896484375,48.98846435546875,20250225-162640
61,4,0,0.75048828125,719.4880981445312,1207.845947265625,217.4219970703125,203.54232788085938,20250225-162640
61,2,0,0.75439453125,704.7886352539062,1392.6229248046875,153.7877197265625,150.4014129638672,20250225-162640
61,7,0,0.78662109375,731.6768188476562,257.886962890625,174.3662567138672,198.31112670898438,20250225-162640
61,3,0,0.83740234375,675.8541259765625,751.1942138671875,178.80596923828125,123.32089233398438,20250225-162640
61,5,0,0.83740234375,716.6859741210938,1649.6942138671875,101.97216796875,163.85987854003906,20250225-162640
61,8,0,0.89453125,648.0723266601562,388.3282470703125,350.5614013671875,329.3388671875,20250225-162640
61,9,0,0.921875,545.983154296875,1545.9393310546875,372.947021484375,525.8722534179688,20250225-162640
61,10,0,0.94140625,237.1751708984375,516.9003295898438,981.04541015625,833.723876953125,20250225-162640
62,6,0,0.367431640625,857.6217651367188,0.8609390258789062,237.61843872070312,214.51329040527344,20250225-162640
62,0,0,0.5244140625,676.3733520507812,1305.0650634765625,70.400390625,49.48937225341797,20250225-162640
62,1,0,0.5478515625,752.1210327148438,1568.475341796875,97.1033935546875,99.17616271972656,20250225-162640
62,2,0,0.6611328125,704.3805541992188,1390.5772705078125,263.0859375,152.62155151367188,20250225-162640
62,4,0,0.68701171875,719.2191772460938,1208.560546875,218.69082641601562,208.91610717773438,20250225-162640
62,7,0,0.7373046875,731.6533203125,254.1123046875,177.0794677734375,200.70648193359375,20250225-162640
62,5,0,0.82568359375,716.623046875,1649.650390625,101.7322998046875,163.32554626464844,20250225-162640
62,3,0,0.8291015625,676.0204467773438,751.6572875976562,178.224609375,122.99031066894531,20250225-162640
62,8,0,0.89453125,647.4339599609375,392.06903076171875,346.18634033203125,329.8860778808594,20250225-162640
62,9,0,0.9228515625,546.1454467773438,1545.2451171875,373.8936767578125,525.1022338867188,20250225-162640
62,10,0,0.94189453125,236.9977569580078,516.8289794921875,980.818359375,833.8682861328125,20250225-162640
63,6,0,0.391357421875,860.394287109375,0.87176513671875,238.0832977294922,212.1954345703125,20250225-162640
63,1,0,0.51171875,751.6173095703125,1567.4560546875,94.64373779296875,98.57405853271484,20250225-162640
63,0,0,0.5546875,676.4593505859375,1304.87060546875,70.32806396484375,48.014976501464844,20250225-162640
63,2,0,0.705078125,705.7616577148438,1394.797119140625,152.8172607421875,149.5105743408203,20250225-162640
63,7,0,0.75927734375,732.51611328125,256.1477966308594,177.47378540039062,198.61375427246094,20250225-162640
63,4,0,0.77685546875,720.99072265625,1210.877197265625,215.59854125976562,199.65676879882812,20250225-162640
63,3,0,0.798828125,676.7685546875,751.9165649414062,177.9825439453125,121.90125274658203,20250225-162640
63,5,0,0.82763671875,716.6819458007812,1648.2154541015625,103.52911376953125,162.57379150390625,20250225-162640
63,8,0,0.8955078125,648.1393432617188,397.22552490234375,342.6468200683594,327.90087890625,20250225-162640
63,9,0,0.92333984375,545.9518432617188,1544.8857421875,374.07147216796875,525.503173828125,20250225-162640
63,10,0,0.94189453125,236.14520263671875,515.270751953125,981.7979736328125,834.38232421875,20250225-162640
64,6,0,0.4111328125,863.1360473632812,0.8650588989257812,237.63084411621094,209.18698120117188,20250225-162640
64,1,0,0.56787109375,752.3521728515625,1568.488525390625,92.46533203125,98.30197143554688,20250225-162640
64,0,0,0.583984375,676.6016845703125,1304.7030029296875,69.72354125976562,48.64222717285156,20250225-162640
64,2,0,0.66552734375,704.88427734375,1391.8165283203125,260.4429931640625,152.3993377685547,20250225-162640
64,7,0,0.7216796875,732.3965454101562,251.82691955566406,179.76356506347656,200.3318328857422,20250225-162640
64,4,0,0.7685546875,720.9296875,1211.518310546875,213.06573486328125,199.37078857421875,20250225-162640
64,3,0,0.7890625,677.294921875,752.50927734375,177.29278564453125,121.18795776367188,20250225-162640
64,5,0,0.83544921875,717.157470703125,1649.0093994140625,102.6998291015625,161.85418701171875,20250225-162640
64,8,0,0.8994140625,647.9937744140625,391.78692626953125,348.0054016113281,329.2735900878906,20250225-162640
64,9,0,0.923828125,546.144775390625,1544.87451171875,374.0797119140625,524.9677734375,20250225-162640
64,10,0,0.9384765625,236.3565216064453,514.7686157226562,982.695556640625,834.74267578125,20250225-162640
65,6,0,0.4560546875,859.4752197265625,0.873504638671875,237.82232666015625,213.03631591796875,20250225-162640
65,0,0,0.56494140625,676.39990234375,1304.730712890625,70.56024169921875,49.17978286743164,20250225-162640
65,1,0,0.587890625,751.3668212890625,1567.96923828125,96.08349609375,99.86958312988281,20250225-162640
65,2,0,0.732421875,705.3848876953125,1390.05322265625,156.83843994140625,149.63829040527344,20250225-162640
65,4,0,0.77783203125,720.42529296875,1206.0062255859375,220.54074096679688,199.92678833007812,20250225-162640
65,7,0,0.79833984375,733.6375732421875,252.86471557617188,180.27310180664062,197.3379669189453,20250225-162640
65,3,0,0.83642578125,677.0513305664062,752.7691040039062,177.7188720703125,121.34278869628906,20250225-162640
65,5,0,0.84716796875,716.6722412109375,1649.7484130859375,102.38525390625,161.87838745117188,20250225-162640
65,8,0,0.90283203125,648.1343994140625,392.13916015625,347.30328369140625,326.5491943359375,20250225-162640
65,9,0,0.92333984375,546.6990356445312,1545.240234375,373.71954345703125,524.4918212890625,20250225-162640
65,10,0,0.939453125,235.51443481445312,516.3663330078125,980.62353515625,835.5619506835938,20250225-162640
66,6,0,0.415771484375,860.018798828125,0.8657684326171875,237.4874725341797,212.88894653320312,20250225-162640
66,1,0,0.48046875,751.0027465820312,1568.822021484375,92.39520263671875,95.81915283203125,20250225-162640
66,0,0,0.56787109375,676.2101440429688,1304.7747802734375,68.57638549804688,47.73963165283203,20250225-162640
66,4,0,0.73046875,721.7979125976562,1221.51904296875,205.63687133789062,200.83985900878906,20250225-162640
66,2,0,0.77587890625,704.3902587890625,1393.87109375,259.44598388671875,152.9280548095703,20250225-162640
66,3,0,0.7919921875,676.8577880859375,752.5633544921875,177.7796630859375,121.8050308227539,20250225-162640
66,7,0,0.80517578125,733.0759887695312,254.83584594726562,179.93270874023438,197.4602813720703,20250225-162640
66,5,0,0.8310546875,716.3208618164062,1648.1436767578125,103.41943359375,162.318359375,20250225-162640
66,8,0,0.90478515625,648.5531005859375,395.1330871582031,345.7608947753906,322.8764343261719,20250225-162640
66,9,0,0.9248046875,547.0755615234375,1544.6832275390625,374.2587890625,523.8695068359375,20250225-162640
66,10,0,0.93994140625,236.35720825195312,513.693359375,983.6480712890625,834.6549682617188,20250225-162640
67,6,0,0.418701171875,862.2044677734375,0.7630691528320312,236.93020629882812,209.88941955566406,20250225-162640
67,1,0,0.4990234375,750.9353637695312,1567.6534423828125,95.0291748046875,100.11445617675781,20250225-162640
67,0,0,0.5390625,676.5803833007812,1304.3433837890625,67.44515991210938,46.91883087158203,20250225-162640
67,3,0,0.6982421875,677.7218627929688,752.2809448242188,135.538330078125,120.08210754394531,20250225-162640
67,2,0,0.75634765625,704.198486328125,1394.032958984375,256.57708740234375,152.93226623535156,20250225-162640
67,4,0,0.7900390625,720.7202758789062,1208.774169921875,215.83428955078125,201.86459350585938,20250225-162640
67,7,0,0.8408203125,732.7688598632812,253.57791137695312,179.16897583007812,196.91302490234375,20250225-162640
67,5,0,0.8408203125,716.2698974609375,1649.026611328125,102.31585693359375,162.65228271484375,20250225-162640
67,8,0,0.904296875,648.7606811523438,394.538818359375,346.46575927734375,323.49969482421875,20250225-162640
67,9,0,0.9228515625,545.9598999023438,1545.4134521484375,373.54925537109375,524.9512939453125,20250225-162640
67,10,0,0.939453125,234.52943420410156,515.0202026367188,982.0411376953125,836.4618530273438,20250225-162640
68,6,0,0.47265625,859.02099609375,0.7885894775390625,237.33132934570312,214.20953369140625,20250225-162640
68,1,0,0.533203125,751.2078857421875,1569.6580810546875,94.55804443359375,97.68416595458984,20250225-162640
68,0,0,0.544921875,677.2564086914062,1303.506103515625,68.56484985351562,45.6239013671875,20250225-162640
68,2,0,0.7578125,704.649169921875,1395.796142578125,257.62701416015625,152.55735778808594,20250225-162640
68,4,0,0.763671875,721.015380859375,1211.220703125,213.51937866210938,200.75738525390625,20250225-162640
68,3,0,0.8154296875,677.0364379882812,753.7875366210938,176.1800537109375,121.23786163330078,20250225-162640
68,7,0,0.81982421875,733.1229858398438,252.5393829345703,179.25022888183594,195.81661987304688,20250225-162640
68,5,0,0.8408203125,716.5106201171875,1649.34130859375,101.759033203125,161.83685302734375,20250225-162640
68,8,0,0.89892578125,650.6251831054688,398.4185485839844,341.37518310546875,322.8466491699219,20250225-162640
68,9,0,0.923828125,546.8916625976562,1544.8828125,374.06744384765625,524.2855834960938,20250225-162640
68,10,0,0.93994140625,237.49179077148438,515.1727294921875,981.8237915039062,833.1223754882812,20250225-162640
69,6,0,0.436767578125,860.8839721679688,0.6980438232421875,237.0574493408203,212.2740478515625,20250225-162640
69,0,0,0.533203125,678.5475463867188,1303.3985595703125,68.51412963867188,45.319976806640625,20250225-162640
69,1,0,0.56103515625,751.6919555664062,1569.002685546875,93.3131103515625,98.86699676513672,20250225-162640
69,2,0,0.70751953125,704.8380126953125,1393.2484130859375,259.519775390625,152.61212158203125,20250225-162640
69,4,0,0.77587890625,721.4258422851562,1211.5806884765625,215.61456298828125,201.28395080566406,20250225-162640
69,3,0,0.79736328125,677.0250244140625,753.157470703125,176.8623046875,121.48175048828125,20250225-162640
69,7,0,0.830078125,733.025146484375,253.51080322265625,178.00186157226562,196.4701385498047,20250225-162640
69,5,0,0.84375,716.8026123046875,1648.807373046875,102.144287109375,162.38633728027344,20250225-162640
69,8,0,0.89892578125,650.6304931640625,397.4823303222656,339.8533935546875,322.26397705078125,20250225-162640
69,9,0,0.92626953125,547.6243286132812,1545.069580078125,373.87353515625,523.6880493164062,20250225-162640
69,10,0,0.94140625,237.66302490234375,517.112548828125,979.385009765625,832.8446044921875,20250225-162640
70,6,0,0.374755859375,859.5634765625,0.7073593139648438,236.80560302734375,213.29054260253906,20250225-162640
70,0,0,0.5244140625,678.547119140625,1303.0411376953125,68.66464233398438,44.81932830810547,20250225-162640
70,1,0,0.56103515625,751.5664672851562,1568.2724609375,95.319580078125,98.78305053710938,20250225-162640
70,4,0,0.74072265625,720.8988037109375,1212.385498046875,213.71612548828125,203.93243408203125,20250225-162640
70,2,0,0.7431640625,704.6140747070312,1394.187744140625,264.16845703125,152.9814453125,20250225-162640
70,3,0,0.75634765625,677.2967529296875,753.69287109375,176.1595458984375,121.26631927490234,20250225-162640
70,5,0,0.82763671875,716.64794921875,1649.489501953125,102.24847412109375,162.28883361816406,20250225-162640
70,7,0,0.8369140625,733.1423950195312,254.27371215820312,178.10357666015625,196.52987670898438,20250225-162640
70,8,0,0.89697265625,650.5130004882812,399.4507141113281,337.0588073730469,322.2755126953125,20250225-162640
70,9,0,0.9228515625,547.2562866210938,1545.0589599609375,373.87994384765625,524.05126953125,20250225-162640
70,10,0,0.9423828125,235.95440673828125,513.625244140625,982.575439453125,834.8489379882812,20250225-162640
71,6,0,0.474609375,857.4741821289062,0.79266357421875,238.0432891845703,215.81097412109375,20250225-162640
71,0,0,0.55810546875,678.6217041015625,1302.642822265625,68.6802978515625,45.18058776855469,20250225-162640
71,1,0,0.56005859375,750.929931640625,1567.4498291015625,95.05499267578125,99.10328674316406,20250225-162640
71,2,0,0.712890625,704.644287109375,1394.5909423828125,260.18994140625,152.72918701171875,20250225-162640
71,4,0,0.75439453125,719.9168090820312,1218.173583984375,206.291015625,201.9349822998047,20250225-162640
71,3,0,0.80810546875,677.0303955078125,753.911865234375,176.39923095703125,120.85012817382812,20250225-162640
71,7,0,0.81982421875,733.2186279296875,253.3964080810547,178.29734802246094,195.89617919921875,20250225-162640
71,5,0,0.83740234375,716.3018188476562,1648.986328125,102.521484375,162.4006805419922,20250225-162640
71,8,0,0.89892578125,650.7601318359375,404.5848083496094,332.1755676269531,321.29473876953125,20250225-162640
71,9,0,0.9228515625,546.1473388671875,1544.50341796875,374.63067626953125,525.0664672851562,20250225-162640
71,10,0,0.94189453125,236.298583984375,513.6853637695312,983.4744873046875,834.3934326171875,20250225-162640
72,6,0,0.417724609375,858.191162109375,0.6975173950195312,237.28921508789062,214.79739379882812,20250225-162640
72,1,0,0.5478515625,750.9584350585938,1567.9918212890625,96.11700439453125,100.4072265625,20250225-162640
72,0,0,0.58154296875,678.6923217773438,1302.593505859375,67.70278930664062,45.432586669921875,20250225-162640
72,2,0,0.71142578125,705.3345336914062,1395.9114990234375,150.2080078125,149.28085327148438,20250225-162640
72,7,0,0.779296875,732.4940185546875,253.49317932128906,178.09584045410156,198.3556671142578,20250225-162640
72,4,0,0.794921875,722.3526000976562,1206.036376953125,219.4083251953125,199.5413360595703,20250225-162640
72,3,0,0.8037109375,677.0394287109375,754.2857666015625,176.105712890625,120.61675262451172,20250225-162640
72,5,0,0.83349609375,715.84423828125,1648.8028564453125,102.12945556640625,163.55105590820312,20250225-162640
72,8,0,0.89697265625,650.9441528320312,405.33819580078125,331.21978759765625,321.5130920410156,20250225-162640
72,9,0,0.923828125,546.3312377929688,1544.8721923828125,374.079345703125,525.3345947265625,20250225-162640
72,10,0,0.943359375,237.14744567871094,512.9930419921875,983.4071044921875,833.5696411132812,20250225-162640
73,6,0,0.388671875,934.8724975585938,0.5589981079101562,237.91091918945312,141.29241943359375,20250225-162640
73,1,0,0.5341796875,751.0728759765625,1565.7623291015625,97.8885498046875,100.1851806640625,20250225-162640
73,0,0,0.546875,678.5779418945312,1302.9788818359375,68.82211303710938,45.04068374633789,20250225-162640
73,2,0,0.6494140625,705.4689331054688,1396.29248046875,151.26287841796875,149.19786071777344,20250225-162640
73,4,0,0.76708984375,722.1571044921875,1205.9345703125,219.47872924804688,200.5144805908203,20250225-162640
73,3,0,0.78662109375,676.7794799804688,753.7073364257812,176.033203125,120.80870819091797,20250225-162640
73,7,0,0.8232421875,733.1202392578125,255.77957153320312,176.11798095703125,196.0769500732422,20250225-162640
73,5,0,0.83642578125,716.32470703125,1648.073486328125,102.596923828125,162.95281982421875,20250225-162640
73,8,0,0.896484375,650.460205078125,404.60614013671875,331.5443115234375,320.85107421875,20250225-162640
73,9,0,0.92431640625,545.959228515625,1544.8692626953125,374.09014892578125,525.6056518554688,20250225-162640
73,10,0,0.94384765625,236.83004760742188,512.00927734375,983.6672973632812,833.7932739257812,20250225-162640
74,6,0,0.351318359375,935.082275390625,0.6457672119140625,237.18173217773438,141.1828155517578,20250225-162640
74,1,0,0.541015625,751.6881713867188,1566.687744140625,95.91156005859375,98.75670623779297,20250225-162640
74,0,0,0.56884765625,678.6926879882812,1302.9322509765625,68.13592529296875,44.720706939697266,20250225-162640
74,2,0,0.66796875,705.744873046875,1394.21337890625,152.3115234375,148.94610595703125,20250225-162640
74,4,0,0.7705078125,722.6375732421875,1211.91259765625,215.9395751953125,200.60289001464844,20250225-162640
74,3,0,0.8251953125,676.7907104492188,753.9982299804688,176.4562225341797,120.43984985351562,20250225-162640
74,7,0,0.82763671875,733.11767578125,255.44114685058594,177.13243103027344,195.9849395751953,20250225-162640
74,5,0,0.830078125,716.1199951171875,1648.8167724609375,102.56195068359375,162.900634765625,20250225-162640
74,8,0,0.89306640625,651.0999145507812,404.6142883300781,333.999755859375,320.59820556640625,20250225-162640
74,9,0,0.92333984375,546.3353271484375,1544.6839599609375,374.284423828125,525.1188354492188,20250225-162640
74,10,0,0.94140625,238.19680786132812,514.601806640625,981.8025512695312,832.5340576171875,20250225-162640
75,6,0,0.405517578125,934.8023681640625,0.5565032958984375,236.79208374023438,141.46649169921875,20250225-162640
75,1,0,0.5234375,751.7297973632812,1567.0704345703125,96.0552978515625,99.28498840332031,20250225-162640
75,0,0,0.548828125,678.7332153320312,1303.0611572265625,67.38372802734375,44.80473327636719,20250225-162640
75,2,0,0.66259765625,705.9524536132812,1393.7720947265625,152.348876953125,148.97494506835938,20250225-162640
75,4,0,0.75439453125,721.956787109375,1209.160888671875,216.90545654296875,201.12680053710938,20250225-162640
75,7,0,0.8154296875,733.4291381835938,253.93927001953125,178.44442749023438,196.65390014648438,20250225-162640
75,3,0,0.82177734375,677.215087890625,754.1011962890625,176.32305908203125,119.77569580078125,20250225-162640
75,5,0,0.822265625,715.5175170898438,1649.00830078125,103.9171142578125,163.90060424804688,20250225-162640
75,8,0,0.89892578125,650.9246215820312,405.1837463378906,335.2638244628906,318.8315124511719,20250225-162640
75,9,0,0.92333984375,545.775390625,1544.4993896484375,374.64404296875,525.6666259765625,20250225-162640
75,10,0,0.94189453125,235.62619018554688,513.8688354492188,982.2192993164062,834.9830932617188,20250225-162640
76,6,0,0.416748046875,935.101318359375,0.5537567138671875,236.51226806640625,140.9169921875,20250225-162640
76,1,0,0.5400390625,751.55615234375,1567.87548828125,96.3863525390625,99.75543212890625,20250225-162640
76,0,0,0.556640625,678.6238403320312,1302.9034423828125,68.03182983398438,44.85194396972656,20250225-162640
76,4,0,0.73388671875,720.4344482421875,1207.8387451171875,218.82687377929688,201.8338623046875,20250225-162640
76,2,0,0.7568359375,705.52001953125,1391.4158935546875,154.824462890625,149.41835021972656,20250225-162640
76,3,0,0.82373046875,676.8634033203125,754.9503173828125,175.7050323486328,120.57684326171875,20250225-162640
76,5,0,0.83349609375,715.3134765625,1649.0029296875,103.20703125,163.06149291992188,20250225-162640
76,7,0,0.8359375,732.4883422851562,254.2276153564453,178.4399871826172,196.43606567382812,20250225-162640
76,8,0,0.90771484375,651.8307495117188,406.9485168457031,333.77252197265625,318.1600341796875,20250225-162640
76,9,0,0.9228515625,545.4036254882812,1545.0472412109375,373.9075927734375,526.1661376953125,20250225-162640
76,10,0,0.93994140625,235.1185760498047,512.4383544921875,984.37939453125,835.692138671875,20250225-162640
77,6,0,0.400634765625,934.6792602539062,0.5621566772460938,236.5191192626953,141.06857299804688,20250225-162640
77,1,0,0.4697265625,750.1957397460938,1568.5491943359375,94.96600341796875,99.027587890625,20250225-162640
77,0,0,0.57470703125,678.1459350585938,1302.864990234375,67.63485717773438,44.792030334472656,20250225-162640
77,2,0,0.66552734375,705.2698974609375,1391.7608642578125,154.65692138671875,149.873779296875,20250225-162640
77,4,0,0.76708984375,718.080322265625,1207.23779296875,219.01309204101562,204.64645385742188,20250225-162640
77,3,0,0.80615234375,676.6845703125,755.2225952148438,175.3640899658203,120.19381713867188,20250225-162640
77,7,0,0.81884765625,732.3999633789062,256.8582458496094,177.04879760742188,196.2228546142578,20250225-162640
77,5,0,0.83642578125,715.0220947265625,1648.8768310546875,102.533935546875,162.65611267089844,20250225-162640
77,8,0,0.90234375,651.5182495117188,407.7728576660156,333.3835144042969,319.7665100097656,20250225-162640
77,9,0,0.921875,545.068115234375,1545.7518310546875,373.13726806640625,526.0847778320312,20250225-162640
77,10,0,0.939453125,236.8141632080078,511.798828125,985.1209716796875,833.911376953125,20250225-162640
78,6,0,0.39794921875,935.2741088867188,0.6544189453125,236.24542236328125,140.4656982421875,20250225-162640
78,1,0,0.447509765625,749.7737426757812,1567.263916015625,95.5931396484375,101.08108520507812,20250225-162640
78,0,0,0.5859375,677.7579345703125,1303.128173828125,67.76312255859375,45.52064895629883,20250225-162640
78,2,0,0.6669921875,705.6075439453125,1393.4688720703125,152.789794921875,149.22918701171875,20250225-162640
78,3,0,0.76953125,676.7607421875,755.2494506835938,174.85015869140625,120.38697814941406,20250225-162640
78,4,0,0.779296875,720.3843383789062,1204.907958984375,221.12997436523438,201.91583251953125,20250225-162640
78,5,0,0.83447265625,715.2765502929688,1648.4776611328125,102.79833984375,161.92869567871094,20250225-162640
78,7,0,0.83984375,733.0469360351562,256.2951965332031,179.71929931640625,195.6233367919922,20250225-162640
78,8,0,0.90625,651.8359985351562,411.0434875488281,331.1778564453125,319.0249328613281,20250225-162640
78,9,0,0.9228515625,545.7800903320312,1545.2230224609375,373.92828369140625,525.167236328125,20250225-162640
78,10,0,0.939453125,236.9812774658203,511.092041015625,984.9385986328125,833.6240234375,20250225-162640
79,1,0,0.329345703125,750.8738403320312,1566.36328125,95.55267333984375,99.84117126464844,20250225-162640
79,6,0,0.363037109375,866.2926635742188,0.893646240234375,235.0103302001953,206.96319580078125,20250225-162640
79,0,0,0.57861328125,677.5552368164062,1303.728759765625,67.5498046875,46.287200927734375,20250225-162640
79,4,0,0.767578125,721.4268798828125,1204.5384521484375,221.36544799804688,201.91712951660156,20250225-162640
79,2,0,0.7919921875,705.9679565429688,1393.65576171875,260.54534912109375,151.43443298339844,20250225-162640
79,3,0,0.79736328125,676.609130859375,755.2208862304688,175.59173583984375,120.16502380371094,20250225-162640
79,5,0,0.8056640625,715.129638671875,1647.601318359375,104.2510986328125,159.8603515625,20250225-162640
79,7,0,0.8447265625,732.4797973632812,255.81614685058594,180.70774841308594,196.65518188476562,20250225-162640
79,8,0,0.9052734375,652.6773071289062,413.068359375,330.8193054199219,319.4130859375,20250225-162640
79,9,0,0.9248046875,545.9729614257812,1545.2215576171875,373.72705078125,525.230224609375,20250225-162640
79,10,0,0.9384765625,237.51600646972656,511.1968688964844,984.7093505859375,833.2066650390625,20250225-162640
80,1,0,0.24658203125,750.273681640625,1566.7822265625,97.7618408203125,96.43524169921875,20250225-162640
80,6,0,0.37744140625,934.4000854492188,0.5594100952148438,236.77191162109375,141.3319091796875,20250225-162640
80,0,0,0.5302734375,677.5181274414062,1305.4552001953125,67.14816284179688,49.02691650390625,20250225-162640
80,2,0,0.693359375,705.9091186523438,1388.5997314453125,157.6746826171875,148.92251586914062,20250225-162640
80,4,0,0.75,720.7728881835938,1208.391845703125,218.19012451171875,202.787353515625,20250225-162640
80,5,0,0.77587890625,715.254150390625,1647.0714111328125,104.15460205078125,160.8969268798828,20250225-162640
80,3,0,0.791015625,676.5274658203125,755.7379760742188,175.04315185546875,120.57305908203125,20250225-162640
80,7,0,0.83349609375,732.8588256835938,254.6056365966797,185.27549743652344,195.69808959960938,20250225-162640
80,8,0,0.9052734375,653.4271240234375,415.2689208984375,329.9942626953125,319.5631408691406,20250225-162640
80,9,0,0.9267578125,545.4061889648438,1545.0472412109375,373.90850830078125,526.128662109375,20250225-162640
80,10,0,0.939453125,237.8612060546875,509.56640625,985.8740844726562,832.7634887695312,20250225-162640
81,6,0,0.373046875,865.2208862304688,0.7012252807617188,235.20492553710938,207.12396240234375,20250225-162640
81,1,0,0.4775390625,750.0146484375,1565.69384765625,98.99359130859375,100.97920227050781,20250225-162640
81,0,0,0.5849609375,676.5816650390625,1306.216796875,67.1396484375,49.801883697509766,20250225-162640
81,2,0,0.68505859375,705.4806518554688,1389.8690185546875,156.134765625,149.02516174316406,20250225-162640
81,4,0,0.72705078125,722.388671875,1205.1441650390625,217.9984130859375,201.9027099609375,20250225-162640
81,3,0,0.78466796875,676.781494140625,755.0687866210938,175.0286407470703,119.81088256835938,20250225-162640
81,7,0,0.81689453125,732.4929809570312,255.93960571289062,186.6262664794922,196.05299377441406,20250225-162640
81,5,0,0.82421875,715.103759765625,1647.604248046875,103.34857177734375,162.7349853515625,20250225-162640
81,8,0,0.908203125,652.452880859375,412.03179931640625,333.94146728515625,318.7513122558594,20250225-162640
81,9,0,0.923828125,545.0626220703125,1546.2989501953125,372.77874755859375,526.027099609375,20250225-162640
81,10,0,0.93994140625,238.53927612304688,509.7217712402344,985.3157958984375,832.1551513671875,20250225-162640
82,6,0,0.3857421875,935.058837890625,0.6538009643554688,236.88624572753906,140.59616088867188,20250225-162640
82,1,0,0.406494140625,748.590087890625,1566.8369140625,97.8251953125,102.35189819335938,20250225-162640
82,0,0,0.5517578125,676.346435546875,1306.6534423828125,68.00143432617188,48.32001495361328,20250225-162640
82,2,0,0.7392578125,704.439208984375,1391.5697021484375,264.5277099609375,153.08387756347656,20250225-162640
82,4,0,0.76611328125,719.4458618164062,1205.4754638671875,220.25006103515625,204.585693359375,20250225-162640
82,3,0,0.80078125,676.6983032226562,755.1520385742188,174.96826171875,119.45889282226562,20250225-162640
82,5,0,0.8154296875,714.7183227539062,1647.849365234375,102.1072998046875,163.5024871826172,20250225-162640
82,7,0,0.83447265625,732.29833984375,256.1199645996094,189.43734741210938,196.1875,20250225-162640
82,8,0,0.904296875,651.906982421875,410.9431457519531,335.27142333984375,319.2358703613281,20250225-162640
82,9,0,0.92333984375,545.2167358398438,1545.0472412109375,374.10516357421875,525.9701538085938,20250225-162640
82,10,0,0.939453125,238.23989868164062,508.39105224609375,986.5332641601562,832.8076171875,20250225-162640
83,6,0,0.385009765625,934.849853515625,0.558837890625,236.88816833496094,141.14744567871094,20250225-162640
83,1,0,0.39697265625,748.1055908203125,1567.62158203125,92.58123779296875,101.26922607421875,20250225-162640
83,0,0,0.5888671875,675.2605590820312,1306.6527099609375,67.37750244140625,48.965206146240234,20250225-162640
83,4,0,0.7431640625,719.693359375,1205.96875,216.38671875,203.0438690185547,20250225-162640
83,3,0,0.767578125,676.2603149414062,755.152099609375,174.30120849609375,120.7943344116211,20250225-162640
83,2,0,0.77783203125,704.4644775390625,1391.864990234375,259.52215576171875,153.51454162597656,20250225-162640
83,5,0,0.80029296875,714.9261474609375,1647.03271484375,103.18212890625,162.6219482421875,20250225-162640
83,7,0,0.83544921875,732.4852905273438,256.76287841796875,188.09152221679688,196.01927185058594,20250225-162640
83,8,0,0.90185546875,652.2861328125,410.1493835449219,331.99383544921875,321.0584411621094,20250225-162640
83,9,0,0.92431640625,545.0325317382812,1544.8802490234375,374.08099365234375,526.0689086914062,20250225-162640
83,10,0,0.93896484375,240.0032958984375,508.2374267578125,986.7332153320312,831.2103881835938,20250225-162640
84,1,0,0.356689453125,748.5091552734375,1566.9239501953125,98.2064208984375,102.57411193847656,20250225-162640
84,6,0,0.391357421875,934.476318359375,0.65130615234375,237.35142517089844,141.2765350341797,20250225-162640
84,0,0,0.55810546875,673.62158203125,1307.98779296875,66.87799072265625,49.98882293701172,20250225-162640
84,2,0,0.73486328125,704.8045043945312,1389.66650390625,262.228271484375,152.69317626953125,20250225-162640
84,4,0,0.7880859375,718.1986083984375,1203.5517578125,222.16543579101562,203.95225524902344,20250225-162640
84,3,0,0.80810546875,676.2763671875,754.8898315429688,174.9847412109375,119.15591430664062,20250225-162640
84,5,0,0.81396484375,714.8602905273438,1647.814453125,102.623291015625,166.2789306640625,20250225-162640
84,7,0,0.8369140625,732.205322265625,256.81622314453125,189.41656494140625,196.4739990234375,20250225-162640
84,8,0,0.89697265625,652.5393676757812,408.5390625,328.23095703125,320.4104309082031,20250225-162640
84,9,0,0.92236328125,544.8417358398438,1545.23779296875,373.7347412109375,526.6273803710938,20250225-162640
84,10,0,0.9384765625,238.08412170410156,509.1178894042969,986.60888671875,833.0972900390625,20250225-162640
85,1,0,0.323486328125,748.462646484375,1564.8035888671875,99.72967529296875,102.0829849243164,20250225-162640
85,6,0,0.39990234375,935.0651245117188,0.559478759765625,238.1099853515625,140.93408203125,20250225-162640
85,0,0,0.5849609375,672.9730224609375,1308.696044921875,65.76416015625,46.66563034057617,20250225-162640
85,2,0,0.7216796875,704.63818359375,1393.083251953125,263.964111328125,153.06204223632812,20250225-162640
85,4,0,0.7861328125,714.72607421875,1207.328369140625,206.926025390625,207.71575927734375,20250225-162640
85,3,0,0.79833984375,676.2833251953125,755.1572265625,175.7618408203125,119.41400146484375,20250225-162640
85,5,0,0.8154296875,714.6282958984375,1647.4244384765625,102.80621337890625,164.65716552734375,20250225-162640
85,7,0,0.8291015625,732.1177368164062,256.6026306152344,189.13357543945312,196.64935302734375,20250225-162640
85,8,0,0.88916015625,651.7073364257812,401.2218933105469,330.2066345214844,323.3343200683594,20250225-162640
85,9,0,0.92333984375,544.6950073242188,1546.291748046875,372.607177734375,526.2636108398438,20250225-162640
85,10,0,0.939453125,239.4738006591797,507.88018798828125,986.6546630859375,831.789306640625,20250225-162640
86,1,0,0.3486328125,747.8427124023438,1566.4639892578125,92.72149658203125,101.23918151855469,20250225-162640
86,6,0,0.406494140625,935.2802124023438,0.6508026123046875,237.4693603515625,140.90060424804688,20250225-162640
86,0,0,0.638671875,672.0462036132812,1309.5908203125,65.48080444335938,48.20199966430664,20250225-162640
86,2,0,0.69189453125,704.564697265625,1392.1351318359375,152.113037109375,151.6719207763672,20250225-162640
86,3,0,0.7177734375,676.6055297851562,754.4540405273438,175.3311767578125,118.83705139160156,20250225-162640
86,4,0,0.74755859375,713.4473266601562,1206.7333984375,212.33230590820312,210.4099884033203,20250225-162640
86,5,0,0.8173828125,714.989013671875,1648.1619873046875,101.558349609375,161.41989135742188,20250225-162640
86,7,0,0.8291015625,731.3626098632812,256.64422607421875,188.5785369873047,196.64462280273438,20250225-162640
86,8,0,0.890625,652.6156005859375,399.699462890625,329.24407958984375,321.460205078125,20250225-162640
86,9,0,0.92333984375,545.5842895507812,1544.886962890625,373.8804931640625,526.1443481445312,20250225-162640
86,10,0,0.9404296875,239.47671508789062,507.3664855957031,986.40380859375,832.0130004882812,20250225-162640
87,1,0,0.302490234375,748.610107421875,1562.2781982421875,97.29547119140625,100.66231536865234,20250225-162641
87,6,0,0.415771484375,863.0145263671875,0.8012008666992188,237.38063049316406,210.0780792236328,20250225-162641
87,0,0,0.59619140625,671.306396484375,1310.424560546875,66.12158203125,48.57218933105469,20250225-162641
87,3,0,0.75341796875,676.3480834960938,754.4597778320312,176.1789093017578,117.43440246582031,20250225-162641
87,4,0,0.7646484375,711.5094604492188,1205.10107421875,216.13714599609375,206.2957763671875,20250225-162641
87,2,0,0.8115234375,703.2086181640625,1394.4334716796875,149.347412109375,150.402099609375,20250225-162641
87,5,0,0.81982421875,714.697021484375,1647.5908203125,103.3773193359375,161.41336059570312,20250225-162641
87,7,0,0.83837890625,730.9861450195312,256.69915771484375,189.74652099609375,197.50173950195312,20250225-162641
87,8,0,0.88623046875,652.0895385742188,395.384033203125,333.6935119628906,321.8580322265625,20250225-162641
87,9,0,0.923828125,544.8402709960938,1545.2647705078125,373.69537353515625,526.2869262695312,20250225-162641
87,10,0,0.935546875,238.42941284179688,508.72412109375,986.8837280273438,832.3374633789062,20250225-162641
88,1,0,0.3173828125,748.6162109375,1564.9453125,92.697509765625,98.9102554321289,20250225-162641
88,6,0,0.458984375,861.3822021484375,0.8872833251953125,238.16944885253906,212.26718139648438,20250225-162641
88,0,0,0.57763671875,671.0401000976562,1311.8031005859375,65.09866333007812,51.56879425048828,20250225-162641
88,2,0,0.72314453125,703.8876342773438,1392.4925537109375,152.4708251953125,149.10464477539062,20250225-162641
88,3,0,0.728515625,676.4342041015625,755.0575561523438,174.24554443359375,116.55928039550781,20250225-162641
88,4,0,0.740234375,712.466796875,1208.25048828125,204.26119995117188,205.73272705078125,20250225-162641
88,5,0,0.8017578125,714.86083984375,1645.92041015625,105.1937255859375,160.8947296142578,20250225-162641
88,7,0,0.83154296875,731.0767822265625,256.7767639160156,188.600830078125,197.01773071289062,20250225-162641
88,8,0,0.89013671875,652.754638671875,394.5128173828125,332.9315185546875,319.9914855957031,20250225-162641
88,9,0,0.92578125,545.2034912109375,1544.71728515625,374.23736572265625,526.476318359375,20250225-162641
88,10,0,0.9404296875,238.76956176757812,507.50244140625,987.791748046875,832.5542602539062,20250225-162641
