frame_num,object_id,class_id,confidence,top,left,width,height,timestamp
5,1,0,0.33203125,774.542724609375,1211.7938232421875,95.89846801757812,80.99343872070312,20250225-162838
5,0,0,0.351318359375,913.4876098632812,1863.09521484375,56.31207275390625,160.35540771484375,20250225-162838
5,3,0,0.5234375,792.7964477539062,1364.1458740234375,122.4569091796875,156.3113250732422,20250225-162838
5,2,0,0.77099609375,694.9622192382812,1404.9254150390625,229.40057373046875,378.02520751953125,20250225-162838
5,4,0,0.8173828125,652.6331176757812,1782.32958984375,137.117431640625,203.55056762695312,20250225-162838
5,6,0,0.8369140625,638.7153930664062,1174.29541015625,152.38604736328125,213.80682373046875,20250225-162838
5,5,0,0.86572265625,654.56201171875,575.0465698242188,247.0828857421875,266.4805908203125,20250225-162838
5,7,0,0.87744140625,645.5597534179688,1574.4495849609375,140.2130126953125,211.46278381347656,20250225-162838
5,8,0,0.900390625,422.33831787109375,210.67501831054688,419.1856384277344,593.8270263671875,20250225-162838
5,9,0,0.92626953125,534.7117919921875,1.4651641845703125,432.0519104003906,534.4586181640625,20250225-162838
5,10,0,0.9345703125,234.5579376220703,542.0081176757812,998.4776000976562,836.0744018554688,20250225-162838
6,1,0,0.301513671875,774.4964599609375,1208.600341796875,94.34124755859375,80.08251953125,20250225-162838
6,0,0,0.3251953125,911.7593994140625,1863.4215087890625,56.0877685546875,162.27029418945312,20250225-162838
6,3,0,0.4873046875,792.6522216796875,1364.4869384765625,123.09457397460938,159.24253845214844,20250225-162838
6,2,0,0.77783203125,694.7359008789062,1404.605712890625,227.49224853515625,376.92889404296875,20250225-162838
6,4,0,0.81298828125,653.693115234375,1784.7615966796875,134.81195068359375,202.61964416503906,20250225-162838
6,6,0,0.84033203125,638.2326049804688,1172.97998046875,154.4102783203125,213.69215393066406,20250225-162838
6,5,0,0.84912109375,654.20458984375,576.3781127929688,246.38323974609375,265.8416748046875,20250225-162838
6,7,0,0.88134765625,645.8795166015625,1569.182373046875,142.76385498046875,210.23269653320312,20250225-162838
6,8,0,0.8955078125,426.57647705078125,211.00909423828125,419.5580749511719,602.9375610351562,20250225-162838
6,9,0,0.9248046875,534.7215576171875,1.468780517578125,430.25372314453125,533.615234375,20250225-162838
6,10,0,0.93896484375,236.4845733642578,540.6725463867188,999.80419921875,834.4253540039062,20250225-162838
7,0,0,0.357666015625,911.3934936523438,1863.0743408203125,56.34228515625,162.25253295898438,20250225-162838
7,1,0,0.3720703125,774.180419921875,1211.934326171875,93.12652587890625,81.11729431152344,20250225-162838
7,3,0,0.57763671875,792.3812866210938,1363.528076171875,124.3150634765625,160.48536682128906,20250225-162838
7,2,0,0.759765625,694.9982299804688,1403.378173828125,230.8970947265625,377.272216796875,20250225-162838
7,4,0,0.78515625,654.9415283203125,1783.9859619140625,135.50079345703125,201.08018493652344,20250225-162838
7,5,0,0.80859375,654.254150390625,574.196044921875,256.69189453125,266.3013000488281,20250225-162838
7,6,0,0.84521484375,637.9724731445312,1172.425537109375,153.44009399414062,215.05685424804688,20250225-162838
7,7,0,0.8779296875,645.727294921875,1565.3660888671875,142.09149169921875,209.36834716796875,20250225-162838
7,8,0,0.90673828125,431.8597717285156,210.56968688964844,422.0499572753906,597.9837646484375,20250225-162838
7,9,0,0.927734375,534.3464965820312,1.4675445556640625,431.5767517089844,534.5066528320312,20250225-162838
7,10,0,0.9375,233.96157836914062,540.2481079101562,1001.5493774414062,836.4852905273438,20250225-162838
8,1,0,0.392333984375,774.4461669921875,1213.4959716796875,97.67385864257812,80.99147033691406,20250225-162838
8,0,0,0.401611328125,911.1202392578125,1863.1922607421875,56.334228515625,161.9862060546875,20250225-162838
8,4,0,0.4921875,659.2988891601562,1785.24609375,134.23956298828125,195.81602478027344,20250225-162838
8,3,0,0.5087890625,792.3462524414062,1363.9654541015625,124.08636474609375,162.13485717773438,20250225-162838
8,2,0,0.759765625,694.963623046875,1402.56591796875,230.2020263671875,376.93292236328125,20250225-162838
8,5,0,0.794921875,654.0947265625,572.7434692382812,279.01318359375,266.4425048828125,20250225-162838
8,6,0,0.8408203125,637.6676635742188,1171.232421875,155.76461791992188,215.27186584472656,20250225-162838
8,7,0,0.8818359375,645.792724609375,1561.7347412109375,140.5458984375,209.81753540039062,20250225-162838
8,8,0,0.8994140625,436.16064453125,210.68714904785156,422.43988037109375,591.0723266601562,20250225-162838
8,9,0,0.92822265625,534.7255249023438,1.8449249267578125,430.6033935546875,534.2491455078125,20250225-162838
8,10,0,0.9384765625,228.27392578125,539.2655639648438,999.7708740234375,842.399169921875,20250225-162838
9,1,0,0.3603515625,773.441650390625,1210.2615966796875,94.80880737304688,81.49100494384766,20250225-162838
9,0,0,0.4091796875,911.9292602539062,1863.3863525390625,56.11376953125,161.40220642089844,20250225-162838
9,3,0,0.5234375,792.2340087890625,1363.00732421875,124.20318603515625,159.33042907714844,20250225-162838
9,4,0,0.68603515625,661.658203125,1785.4515380859375,134.12164306640625,194.67669677734375,20250225-162838
9,2,0,0.767578125,694.9691162109375,1400.857177734375,233.0255126953125,377.1559143066406,20250225-162838
9,6,0,0.8388671875,638.2236328125,1171.6005859375,155.26849365234375,214.2811279296875,20250225-162838
9,5,0,0.865234375,654.5692749023438,572.9445190429688,277.5999755859375,265.83367919921875,20250225-162838
9,7,0,0.876953125,645.7940673828125,1559.8875732421875,140.45416259765625,209.86148071289062,20250225-162838
9,8,0,0.89453125,441.926513671875,209.5371551513672,424.8020324707031,550.6631469726562,20250225-162838
9,9,0,0.92919921875,534.536865234375,1.65728759765625,432.37518310546875,534.7569580078125,20250225-162838
9,10,0,0.94091796875,229.5946044921875,538.7012329101562,1000.2542724609375,840.963134765625,20250225-162838
10,1,0,0.359375,772.5769653320312,1211.626953125,88.09304809570312,82.05439758300781,20250225-162838
10,0,0,0.3857421875,912.4343872070312,1863.1351318359375,56.3734130859375,161.23345947265625,20250225-162838
10,3,0,0.58154296875,792.2030029296875,1363.7313232421875,123.4434814453125,160.95510864257812,20250225-162838
10,4,0,0.71484375,665.7791137695312,1787.697509765625,131.88189697265625,189.6632537841797,20250225-162838
10,2,0,0.7724609375,694.8193359375,1402.8028564453125,230.594970703125,376.9320068359375,20250225-162838
10,6,0,0.82958984375,638.222412109375,1172.024658203125,154.91180419921875,214.22705078125,20250225-162838
10,5,0,0.8466796875,654.465087890625,569.9234619140625,277.80743408203125,266.32403564453125,20250225-162838
10,7,0,0.87158203125,645.7900390625,1557.27099609375,141.30230712890625,210.3497772216797,20250225-162838
10,8,0,0.90625,446.62738037109375,209.69869995117188,426.7301330566406,576.3784790039062,20250225-162838
10,9,0,0.9296875,535.0985717773438,1.6534423828125,431.5166931152344,534.1624145507812,20250225-162838
10,10,0,0.939453125,224.79177856445312,539.9776611328125,998.7645263671875,845.7646484375,20250225-162838
11,1,0,0.28857421875,773.9322509765625,1211.355224609375,87.16213989257812,80.28619384765625,20250225-162838
11,0,0,0.444580078125,911.28125,1862.9912109375,56.6136474609375,162.3826446533203,20250225-162838
11,3,0,0.544921875,792.3872680664062,1363.7076416015625,123.74917602539062,159.16854858398438,20250225-162838
11,4,0,0.7548828125,665.1919555664062,1789.3978271484375,130.17425537109375,190.93946838378906,20250225-162838
11,2,0,0.78125,694.7062377929688,1402.1077880859375,231.37261962890625,377.8616943359375,20250225-162838
11,6,0,0.83935546875,639.418701171875,1173.2442626953125,153.626220703125,213.96629333496094,20250225-162838
11,5,0,0.8759765625,654.7091674804688,570.5308227539062,274.47747802734375,266.69342041015625,20250225-162838
11,7,0,0.87646484375,645.7216186523438,1556.3338623046875,140.124755859375,211.2598876953125,20250225-162838
11,8,0,0.908203125,453.4546813964844,209.67416381835938,427.846435546875,569.69140625,20250225-162838
11,9,0,0.93017578125,534.916259765625,1.2850341796875,431.52740478515625,534.2953491210938,20250225-162838
11,10,0,0.94140625,225.98207092285156,539.1807861328125,1001.9815063476562,844.5921020507812,20250225-162838
12,1,0,0.310791015625,773.9703369140625,1214.1507568359375,99.3900146484375,81.07532501220703,20250225-162838
12,0,0,0.42333984375,910.2542724609375,1863.3131103515625,56.028076171875,163.42283630371094,20250225-162838
12,3,0,0.5322265625,792.552001953125,1363.7384033203125,124.03060913085938,157.86984252929688,20250225-162838
12,4,0,0.68505859375,669.0081787109375,1789.4923095703125,129.996826171875,185.53659057617188,20250225-162838
12,2,0,0.77978515625,694.9585571289062,1402.591552734375,231.8360595703125,377.9065246582031,20250225-162838
12,6,0,0.83203125,639.7785034179688,1174.266357421875,152.08428955078125,212.25912475585938,20250225-162838
12,7,0,0.8623046875,645.9649658203125,1555.4007568359375,138.44732666015625,210.0154266357422,20250225-162838
12,5,0,0.884765625,654.78369140625,567.3960571289062,277.39453125,266.51837158203125,20250225-162838
12,9,0,0.9296875,534.54638671875,1.8497772216796875,430.01947021484375,534.8071899414062,20250225-162838
12,10,0,0.94140625,228.7008514404297,539.5986938476562,1003.264892578125,842.6077880859375,20250225-162838
13,1,0,0.32763671875,772.6758422851562,1211.0672607421875,89.564208984375,80.7798080444336,20250225-162838
13,0,0,0.486328125,911.5459594726562,1863.059326171875,56.3818359375,162.03546142578125,20250225-162838
13,3,0,0.59912109375,792.3696899414062,1363.31201171875,125.349609375,155.74081420898438,20250225-162838
13,4,0,0.7421875,671.960205078125,1789.1846923828125,130.4036865234375,183.42361450195312,20250225-162838
13,2,0,0.77197265625,695.521240234375,1404.7496337890625,227.16796875,376.2530822753906,20250225-162838
13,6,0,0.82568359375,640.4973754882812,1175.880126953125,149.3031005859375,212.12921142578125,20250225-162838
13,7,0,0.85546875,646.2753295898438,1552.9478759765625,139.44012451171875,209.56617736816406,20250225-162838
13,5,0,0.8681640625,654.69091796875,568.362548828125,274.3561706542969,267.52996826171875,20250225-162838
13,9,0,0.93115234375,535.29052734375,1.4725799560546875,429.75872802734375,534.1559448242188,20250225-162838
13,10,0,0.93896484375,226.92938232421875,538.667724609375,1005.2221069335938,843.6143188476562,20250225-162838
14,1,0,0.302490234375,774.7733764648438,1213.3157958984375,94.84716796875,79.31278991699219,20250225-162839
14,0,0,0.447509765625,911.8147583007812,1862.8623046875,56.57867431640625,162.2054901123047,20250225-162839
14,3,0,0.5244140625,792.1123657226562,1363.5634765625,122.79116821289062,152.40757751464844,20250225-162839
14,4,0,0.69287109375,674.5659790039062,1792.0374755859375,127.4586181640625,180.8075408935547,20250225-162839
14,2,0,0.76220703125,695.8685302734375,1401.106201171875,231.07891845703125,376.487060546875,20250225-162839
14,6,0,0.83447265625,641.0307006835938,1176.6558837890625,148.11044311523438,212.20050048828125,20250225-162839
14,7,0,0.84228515625,646.6690063476562,1551.1241455078125,139.71368408203125,208.53424072265625,20250225-162839
14,5,0,0.88623046875,655.36083984375,568.1079711914062,274.29510498046875,267.3963317871094,20250225-162839
14,9,0,0.9306640625,535.6659545898438,1.8494110107421875,429.34259033203125,533.5585327148438,20250225-162839
14,10,0,0.94189453125,231.7729034423828,540.5864868164062,1002.4253540039062,839.197265625,20250225-162839
15,1,0,0.2958984375,775.6468505859375,1216.930419921875,99.67849731445312,82.19541931152344,20250225-162839
15,0,0,0.422607421875,912.6057739257812,1863.0999755859375,56.4345703125,161.3075408935547,20250225-162839
15,3,0,0.5390625,792.1563110351562,1363.029541015625,123.28326416015625,158.0955810546875,20250225-162839
15,4,0,0.76611328125,674.4071044921875,1791.8719482421875,127.52142333984375,181.39646911621094,20250225-162839
15,2,0,0.7734375,696.7639770507812,1401.2091064453125,231.986572265625,375.4652404785156,20250225-162839
15,6,0,0.8232421875,642.6947021484375,1179.338623046875,144.93521118164062,210.521728515625,20250225-162839
15,7,0,0.8564453125,646.8182373046875,1550.536376953125,139.81292724609375,209.3484344482422,20250225-162839
15,5,0,0.86669921875,655.8180541992188,570.2836303710938,271.855224609375,266.6562194824219,20250225-162839
15,9,0,0.93115234375,534.0166015625,1.3362579345703125,429.67742919921875,536.3099365234375,20250225-162839
15,10,0,0.94482421875,228.95301818847656,541.1577758789062,1002.2691650390625,842.2518920898438,20250225-162839
16,1,0,0.296630859375,776.21875,1211.36474609375,94.16986083984375,79.94639587402344,20250225-162839
16,0,0,0.43408203125,911.9368286132812,1863.304443359375,56.1331787109375,162.06576538085938,20250225-162839
16,3,0,0.5166015625,792.1915283203125,1363.79833984375,122.759765625,160.52467346191406,20250225-162839
16,4,0,0.7333984375,676.3558959960938,1793.2078857421875,126.46673583984375,179.3250732421875,20250225-162839
16,2,0,0.7939453125,696.6659545898438,1401.6785888671875,233.593505859375,376.6514587402344,20250225-162839
16,7,0,0.8017578125,647.7152709960938,1547.0086669921875,141.9744873046875,208.35691833496094,20250225-162839
16,6,0,0.818359375,642.4420776367188,1179.960205078125,143.40087890625,210.5584259033203,20250225-162839
16,5,0,0.87353515625,656.1264038085938,574.4437866210938,266.4678955078125,265.4303283691406,20250225-162839
16,9,0,0.93115234375,535.2997436523438,2.0354461669921875,428.7642822265625,533.93505859375,20250225-162839
16,10,0,0.94189453125,230.2736053466797,541.598876953125,1001.4325561523438,841.1935424804688,20250225-162839
17,1,0,0.25830078125,775.1822509765625,1212.57373046875,101.044189453125,80.2637939453125,20250225-162839
17,0,0,0.448486328125,911.92431640625,1863.46142578125,55.97369384765625,161.9581298828125,20250225-162839
17,3,0,0.5400390625,791.9054565429688,1363.6142578125,122.8685302734375,157.78872680664062,20250225-162839
17,4,0,0.6513671875,679.2667846679688,1792.0872802734375,127.506591796875,175.63572692871094,20250225-162839
17,2,0,0.79736328125,695.8145751953125,1403.901123046875,231.5914306640625,376.7926330566406,20250225-162839
17,7,0,0.802734375,647.907470703125,1543.539306640625,145.0986328125,208.09642028808594,20250225-162839
17,6,0,0.81640625,642.9614868164062,1180.73681640625,142.39984130859375,209.94735717773438,20250225-162839
17,5,0,0.87548828125,655.6837768554688,574.0655517578125,267.8714904785156,265.9444885253906,20250225-162839
17,9,0,0.931640625,535.1138305664062,1.84478759765625,428.3262634277344,534.37548828125,20250225-162839
17,10,0,0.94091796875,227.94802856445312,541.828857421875,1002.2098388671875,843.633544921875,20250225-162839
18,1,0,0.2861328125,773.6616821289062,1210.5238037109375,85.31039428710938,80.92537689208984,20250225-162839
18,0,0,0.4677734375,910.9190673828125,1863.5291748046875,56.00225830078125,162.8701629638672,20250225-162839
18,3,0,0.552734375,792.2196655273438,1363.08740234375,122.66592407226562,156.27630615234375,20250225-162839
18,4,0,0.6103515625,678.4639282226562,1793.328125,126.2596435546875,176.30035400390625,20250225-162839
18,7,0,0.71630859375,648.7373657226562,1540.22314453125,147.53631591796875,205.77117919921875,20250225-162839
18,2,0,0.78662109375,695.0009765625,1403.2445068359375,234.7203369140625,378.29327392578125,20250225-162839
18,6,0,0.8134765625,642.4436645507812,1182.2626953125,141.0150146484375,210.49349975585938,20250225-162839
18,5,0,0.861328125,655.721923828125,575.0445556640625,268.58935546875,265.8416748046875,20250225-162839
18,9,0,0.93212890625,535.4830322265625,1.8439178466796875,428.813720703125,534.32080078125,20250225-162839
18,10,0,0.9375,230.086669921875,542.107177734375,1002.4801025390625,841.3856201171875,20250225-162839
19,1,0,0.326904296875,775.2723999023438,1213.42919921875,81.26202392578125,79.08010864257812,20250225-162839
19,0,0,0.416748046875,913.009521484375,1863.611572265625,55.81951904296875,161.1152801513672,20250225-162839
19,3,0,0.5126953125,792.5367431640625,1363.024169921875,123.7225341796875,155.804931640625,20250225-162839
19,7,0,0.72705078125,648.6797485351562,1537.8746337890625,150.31732177734375,206.2314910888672,20250225-162839
19,4,0,0.7646484375,677.9442138671875,1793.1943359375,126.29937744140625,177.26470947265625,20250225-162839
19,2,0,0.77978515625,695.1865844726562,1400.013916015625,234.93109130859375,377.0184326171875,20250225-162839
19,6,0,0.8193359375,642.3607177734375,1182.8807373046875,140.83566284179688,211.14898681640625,20250225-162839
19,5,0,0.8310546875,655.4039916992188,570.5740356445312,269.8034362792969,266.3530578613281,20250225-162839
19,9,0,0.93017578125,535.2971801757812,1.4697418212890625,429.43780517578125,534.3564453125,20250225-162839
19,10,0,0.9423828125,229.81861877441406,541.9068603515625,1002.98291015625,841.3718872070312,20250225-162839
20,1,0,0.32080078125,774.8566284179688,1210.062744140625,84.90975952148438,79.1400146484375,20250225-162839
20,0,0,0.458984375,912.7164916992188,1863.76318359375,55.58404541015625,161.36366271972656,20250225-162839
20,7,0,0.52734375,648.08349609375,1534.8570556640625,152.6114501953125,208.197265625,20250225-162839
20,3,0,0.5302734375,792.1646118164062,1363.4051513671875,121.86126708984375,153.86781311035156,20250225-162839
20,4,0,0.7138671875,677.5785522460938,1793.86376953125,125.62884521484375,177.90350341796875,20250225-162839
20,2,0,0.78271484375,695.0122680664062,1397.3660888671875,237.771240234375,377.04595947265625,20250225-162839
20,6,0,0.8203125,642.1954956054688,1183.13232421875,140.449951171875,211.26742553710938,20250225-162839
20,5,0,0.84326171875,655.7008666992188,574.5382690429688,268.59942626953125,266.0157470703125,20250225-162839
20,9,0,0.92822265625,534.3873901367188,1.315704345703125,429.43927001953125,535.98583984375,20250225-162839
20,10,0,0.93994140625,229.1686248779297,543.1069946289062,1003.075927734375,842.380859375,20250225-162839
21,1,0,0.3408203125,775.2333984375,1213.62841796875,80.31903076171875,80.47511291503906,20250225-162839
21,0,0,0.39990234375,911.1914672851562,1864.11181640625,55.3154296875,162.6720733642578,20250225-162839
21,3,0,0.541015625,792.1725463867188,1362.7696533203125,123.7218017578125,153.5238037109375,20250225-162839
21,7,0,0.62451171875,648.6525268554688,1534.1956787109375,150.816650390625,206.01458740234375,20250225-162839
21,2,0,0.75634765625,694.6275634765625,1396.85595703125,243.119384765625,375.3042907714844,20250225-162839
21,4,0,0.7626953125,677.0633544921875,1794.6302490234375,124.95611572265625,178.09730529785156,20250225-162839
21,6,0,0.83203125,642.3433837890625,1183.5596923828125,139.70315551757812,212.92507934570312,20250225-162839
21,5,0,0.8466796875,655.7937622070312,571.1255493164062,269.30877685546875,266.1749572753906,20250225-162839
21,9,0,0.92724609375,534.2042236328125,1.336212158203125,429.73809814453125,536.1190795898438,20250225-162839
21,10,0,0.9384765625,225.70416259765625,541.0822143554688,1006.4970703125,845.2108154296875,20250225-162839
22,1,0,0.309814453125,775.6935424804688,1208.8621826171875,81.97906494140625,78.07244873046875,20250225-162839
22,0,0,0.451416015625,911.2483520507812,1863.5548095703125,55.96490478515625,162.40968322753906,20250225-162839
22,3,0,0.60498046875,791.9635620117188,1364.333740234375,120.2955322265625,151.3249969482422,20250225-162839
22,2,0,0.77880859375,696.3265380859375,1398.5430908203125,235.40625,373.0275573730469,20250225-162839
22,4,0,0.78076171875,674.90625,1795.1143798828125,124.47381591796875,179.53689575195312,20250225-162839
22,7,0,0.78076171875,649.2125854492188,1534.8138427734375,151.171142578125,205.45489501953125,20250225-162839
22,5,0,0.8173828125,655.6067504882812,569.8130493164062,266.4766845703125,267.3946838378906,20250225-162839
22,6,0,0.83740234375,642.4562377929688,1183.7720947265625,140.24862670898438,212.78114318847656,20250225-162839
22,9,0,0.92919921875,535.1077880859375,1.4671783447265625,428.5198974609375,534.8505249023438,20250225-162839
22,10,0,0.9404296875,225.73873901367188,541.798095703125,1003.8936767578125,845.33154296875,20250225-162839
23,1,0,0.29248046875,775.9832153320312,1210.81884765625,81.14300537109375,77.67926025390625,20250225-162839
23,3,0,0.373046875,792.2297973632812,1362.2061767578125,123.762451171875,156.0364990234375,20250225-162839
23,0,0,0.418701171875,911.529052734375,1863.8448486328125,55.6805419921875,162.23768615722656,20250225-162839
23,4,0,0.759765625,674.483154296875,1793.771240234375,125.817626953125,180.51190185546875,20250225-162839
23,7,0,0.763671875,649.4137573242188,1532.590576171875,152.9322509765625,204.5895538330078,20250225-162839
23,2,0,0.78662109375,696.2274169921875,1391.85107421875,242.98663330078125,374.787841796875,20250225-162839
23,5,0,0.81689453125,655.5370483398438,568.9443969726562,262.2223205566406,267.0790100097656,20250225-162839
23,6,0,0.8369140625,641.7656860351562,1184.9732666015625,138.83367919921875,212.68690490722656,20250225-162839
23,9,0,0.9306640625,533.4564208984375,1.334014892578125,429.446044921875,536.9341430664062,20250225-162839
23,10,0,0.9423828125,226.0428466796875,542.5160522460938,1003.4571533203125,845.0803833007812,20250225-162839
24,1,0,0.302490234375,774.9379272460938,1216.3282470703125,84.62164306640625,79.3094482421875,20250225-162839
24,0,0,0.361083984375,911.96923828125,1863.7686767578125,55.55767822265625,162.0956268310547,20250225-162839
24,3,0,0.4609375,791.8226318359375,1362.9796142578125,123.0047607421875,154.43344116210938,20250225-162839
24,4,0,0.66015625,673.515380859375,1793.2686767578125,126.21624755859375,181.3113250732422,20250225-162839
24,7,0,0.775390625,650.0299682617188,1531.9659423828125,153.80630493164062,203.2194366455078,20250225-162839
24,2,0,0.796875,696.0851440429688,1395.861083984375,238.81329345703125,375.6296081542969,20250225-162839
24,5,0,0.82861328125,655.4359130859375,570.2452392578125,253.76834106445312,267.37615966796875,20250225-162839
24,6,0,0.84326171875,641.8487548828125,1184.8656005859375,139.12216186523438,212.87692260742188,20250225-162839
24,9,0,0.927734375,534.731689453125,1.65380859375,430.45928955078125,534.5526733398438,20250225-162839
24,10,0,0.94189453125,225.37078857421875,542.1640014648438,1005.3797607421875,845.7701416015625,20250225-162839
25,11,0,0.28466796875,651.7188720703125,1530.2564697265625,65.84536743164062,67.51849365234375,20250225-162839
25,1,0,0.303955078125,775.3674926757812,1210.153564453125,82.38729858398438,77.73497009277344,20250225-162839
25,0,0,0.376708984375,911.6997680664062,1863.855224609375,55.7548828125,162.3568115234375,20250225-162839
25,3,0,0.46875,791.6793823242188,1363.4608154296875,121.90219116210938,153.0891571044922,20250225-162839
25,7,0,0.60205078125,649.9713134765625,1530.1688232421875,153.61669921875,204.92660522460938,20250225-162839
25,4,0,0.66015625,672.8760986328125,1792.8511962890625,126.541259765625,183.13607788085938,20250225-162839
25,2,0,0.787109375,695.94384765625,1396.891845703125,240.10308837890625,376.44073486328125,20250225-162839
25,5,0,0.791015625,655.5833740234375,561.2825317382812,266.53729248046875,267.4981994628906,20250225-162839
25,6,0,0.8388671875,642.7188720703125,1183.9658203125,139.82080078125,212.20199584960938,20250225-162839
25,9,0,0.93115234375,535.11865234375,1.6558685302734375,431.5470886230469,534.8994140625,20250225-162839
25,10,0,0.94189453125,228.11239624023438,543.9219360351562,1003.2727661132812,843.7291259765625,20250225-162839
26,11,0,0.31494140625,651.2801513671875,1529.9761962890625,66.5885009765625,68.61138153076172,20250225-162839
26,0,0,0.357666015625,911.8582153320312,1864.3436279296875,55.16876220703125,162.19923400878906,20250225-162839
26,1,0,0.38037109375,775.2943725585938,1210.8271484375,85.011474609375,79.082763671875,20250225-162839
26,3,0,0.439697265625,792.0509033203125,1363.2340087890625,122.25384521484375,155.61044311523438,20250225-162839
26,7,0,0.5224609375,649.3698120117188,1529.24560546875,153.056396484375,205.4913330078125,20250225-162839
26,4,0,0.66650390625,671.20263671875,1791.907470703125,127.49615478515625,184.54632568359375,20250225-162839
26,2,0,0.76708984375,696.52978515625,1394.0284423828125,245.2584228515625,375.06707763671875,20250225-162839
26,5,0,0.80419921875,655.950927734375,571.6027221679688,249.51425170898438,266.6065673828125,20250225-162839
26,6,0,0.8349609375,643.896728515625,1183.16064453125,140.27920532226562,211.87782287597656,20250225-162839
26,9,0,0.92919921875,534.7470703125,1.658843994140625,430.72265625,535.3426513671875,20250225-162839
26,10,0,0.94189453125,226.80715942382812,543.8214111328125,1001.8450927734375,844.8728637695312,20250225-162839
27,11,0,0.291748046875,651.6304321289062,1529.9102783203125,66.5225830078125,64.78813934326172,20250225-162839
27,1,0,0.35498046875,775.8467407226562,1214.00146484375,81.51882934570312,78.32848358154297,20250225-162839
27,0,0,0.355712890625,913.1885986328125,1864.259033203125,55.3436279296875,160.73968505859375,20250225-162839
27,3,0,0.440673828125,792.1503295898438,1363.27783203125,123.86013793945312,158.5711669921875,20250225-162839
27,7,0,0.62158203125,650.0320434570312,1529.712158203125,151.149169921875,204.81361389160156,20250225-162839
27,4,0,0.75,669.4462280273438,1790.38037109375,129.103271484375,186.40296936035156,20250225-162839
27,2,0,0.78125,696.0910034179688,1395.996826171875,240.0662841796875,375.2843933105469,20250225-162839
27,5,0,0.8037109375,656.063232421875,571.0061645507812,253.3787841796875,265.8785705566406,20250225-162839
27,6,0,0.84130859375,642.4324340820312,1183.5701904296875,139.30462646484375,213.2415008544922,20250225-162839
27,9,0,0.93701171875,536.0609741210938,1.851837158203125,430.9168395996094,533.9605102539062,20250225-162839
27,10,0,0.94189453125,230.04367065429688,543.0236206054688,1003.909423828125,841.4580688476562,20250225-162839
28,12,0,0.24072265625,792.333984375,1365.7861328125,59.50982666015625,91.96526336669922,20250225-162839
28,11,0,0.261962890625,651.45654296875,1529.947265625,66.195556640625,66.4889144897461,20250225-162839
28,0,0,0.3173828125,913.3883056640625,1863.983642578125,55.42803955078125,160.42115783691406,20250225-162839
28,1,0,0.32421875,776.6168212890625,1210.41650390625,81.85903930664062,77.94688415527344,20250225-162839
28,3,0,0.4970703125,792.5313720703125,1364.1376953125,120.63079833984375,156.4853057861328,20250225-162839
28,7,0,0.650390625,649.9995727539062,1530.1351318359375,150.536865234375,205.22872924804688,20250225-162839
28,4,0,0.7421875,666.2210083007812,1788.3299560546875,131.056640625,190.0209503173828,20250225-162839
28,2,0,0.78125,696.4147338867188,1399.1304931640625,235.5208740234375,375.92913818359375,20250225-162839
28,5,0,0.79931640625,655.9501342773438,571.7677001953125,254.9168701171875,265.457763671875,20250225-162839
28,6,0,0.83447265625,642.0201416015625,1183.32177734375,139.0968017578125,213.2719268798828,20250225-162839
28,10,0,0.9365234375,226.67044067382812,540.5189208984375,1006.1874389648438,844.3173217773438,20250225-162839
28,9,0,0.93798828125,536.0673828125,1.4778900146484375,432.15301513671875,533.8514404296875,20250225-162839
29,11,0,0.2037353515625,651.6563720703125,1529.9754638671875,65.50927734375,64.65857696533203,20250225-162839
29,12,0,0.24072265625,792.3406982421875,1365.66796875,61.003143310546875,92.60401916503906,20250225-162839
29,0,0,0.36474609375,912.990478515625,1864.47802734375,54.94134521484375,161.013916015625,20250225-162839
29,1,0,0.447509765625,775.552001953125,1210.970703125,82.53836059570312,79.07967376708984,20250225-162839
29,3,0,0.4638671875,792.43701171875,1363.9193115234375,122.8095703125,154.84019470214844,20250225-162839
29,7,0,0.66015625,650.227294921875,1530.044677734375,149.29541015625,203.1402130126953,20250225-162839
29,2,0,0.7724609375,696.0506591796875,1394.6143798828125,248.1046142578125,376.28240966796875,20250225-162839
29,4,0,0.7724609375,665.4814453125,1788.3460693359375,131.3199462890625,190.84487915039062,20250225-162839
29,5,0,0.78271484375,656.7509155273438,573.8204956054688,256.55621337890625,264.3235778808594,20250225-162839
29,6,0,0.83203125,641.57080078125,1182.758056640625,138.76629638671875,214.3927459716797,20250225-162839
29,9,0,0.93701171875,536.4391479492188,1.29693603515625,432.08441162109375,532.9254150390625,20250225-162839
29,10,0,0.93798828125,232.53146362304688,542.6343383789062,1003.7532348632812,838.5088500976562,20250225-162839
30,11,0,0.223388671875,651.3894653320312,1530.093505859375,65.15322875976562,62.700992584228516,20250225-162839
30,12,0,0.259033203125,791.989990234375,1365.0135498046875,61.387115478515625,93.364990234375,20250225-162839
30,0,0,0.355712890625,912.7992553710938,1864.3839111328125,55.12811279296875,161.30950927734375,20250225-162839
30,1,0,0.37109375,776.0623779296875,1213.0535888671875,82.99411010742188,79.2149429321289,20250225-162839
30,3,0,0.46484375,791.8960571289062,1362.70849609375,124.2095947265625,156.22755432128906,20250225-162839
30,7,0,0.67333984375,650.2811279296875,1530.3167724609375,148.45458984375,204.2705078125,20250225-162839
30,2,0,0.77685546875,696.3428955078125,1396.6688232421875,238.7999267578125,375.7505798339844,20250225-162839
30,4,0,0.80615234375,663.7984008789062,1787.7535400390625,131.7333984375,192.9866943359375,20250225-162839
30,6,0,0.82666015625,641.3055419921875,1182.70166015625,138.47286987304688,213.8408966064453,20250225-162839
30,5,0,0.83203125,655.8072509765625,574.6768798828125,250.69024658203125,265.8382568359375,20250225-162839
30,9,0,0.9365234375,535.8754272460938,1.661590576171875,431.1748352050781,533.7080078125,20250225-162839
30,10,0,0.9384765625,223.93948364257812,541.0711669921875,1005.390380859375,847.1174926757812,20250225-162839
31,11,0,0.2049560546875,651.5535278320312,1530.4735107421875,65.9652099609375,66.54976654052734,20250225-162839
31,12,0,0.226806640625,792.1058349609375,1365.1611328125,59.909088134765625,93.95533752441406,20250225-162839
31,0,0,0.330322265625,912.9736328125,1864.2645263671875,55.2425537109375,160.7889404296875,20250225-162839
31,1,0,0.392333984375,775.5078125,1214.7850341796875,92.35116577148438,81.6342544555664,20250225-162839
31,3,0,0.498046875,792.0787353515625,1362.884521484375,122.45452880859375,154.4677734375,20250225-162839
31,8,0,0.60302734375,746.99169921875,537.4561767578125,93.37028503417969,113.34929656982422,20250225-162839
31,7,0,0.6875,650.508544921875,1530.884521484375,146.29165649414062,204.25421142578125,20250225-162839
31,2,0,0.7890625,696.1974487304688,1397.5609130859375,238.18798828125,375.772216796875,20250225-162839
31,4,0,0.794921875,662.4197387695312,1786.8702392578125,132.42974853515625,195.13307189941406,20250225-162839
31,5,0,0.82275390625,655.882568359375,574.6112060546875,254.22244262695312,265.0465393066406,20250225-162839
31,6,0,0.8271484375,641.0855712890625,1181.782958984375,137.95431518554688,214.66238403320312,20250225-162839
31,9,0,0.93212890625,536.9928588867188,1.6565093994140625,431.53875732421875,532.487060546875,20250225-162839
31,10,0,0.93603515625,227.06405639648438,540.2054443359375,1006.213623046875,844.1514282226562,20250225-162839
32,11,0,0.2139892578125,651.771484375,1531.0576171875,65.2510986328125,65.8026123046875,20250225-162839
32,12,0,0.257568359375,792.3914794921875,1365.0335693359375,59.85296630859375,93.31615447998047,20250225-162839
32,0,0,0.3388671875,914.3367919921875,1864.6373291015625,54.78753662109375,159.83116149902344,20250225-162839
32,1,0,0.42724609375,775.6742553710938,1215.9964599609375,94.29061889648438,81.96607971191406,20250225-162839
32,3,0,0.466796875,792.4415893554688,1362.842041015625,124.177734375,155.9762420654297,20250225-162839
32,8,0,0.68017578125,747.8968505859375,524.0238037109375,104.38595581054688,111.18902587890625,20250225-162839
32,7,0,0.70751953125,650.3289794921875,1531.2806396484375,145.5362548828125,204.57933044433594,20250225-162839
32,2,0,0.7705078125,696.4121704101562,1397.40234375,236.6700439453125,375.4932861328125,20250225-162839
32,4,0,0.80322265625,660.485595703125,1786.155517578125,133.3319091796875,197.24595642089844,20250225-162839
32,6,0,0.82177734375,640.2684326171875,1181.470947265625,136.88653564453125,214.67955017089844,20250225-162839
32,5,0,0.84521484375,656.0253295898438,577.248291015625,258.6231994628906,264.47998046875,20250225-162839
32,9,0,0.93017578125,537.7379150390625,1.64959716796875,430.5838623046875,531.727294921875,20250225-162839
32,10,0,0.93408203125,223.6823272705078,543.662841796875,999.6256713867188,848.689697265625,20250225-162839
33,12,0,0.28369140625,792.37060546875,1365.0311279296875,61.360198974609375,92.99531555175781,20250225-162839
33,11,0,0.325927734375,651.1682739257812,1531.540283203125,63.98876953125,63.902793884277344,20250225-162839
33,0,0,0.349609375,914.1043701171875,1864.498291015625,54.93310546875,160.15928649902344,20250225-162839
33,1,0,0.369384765625,775.864990234375,1219.8017578125,93.04898071289062,82.1251220703125,20250225-162839
33,3,0,0.447509765625,792.6961669921875,1362.920654296875,124.07528686523438,155.58949279785156,20250225-162839
33,8,0,0.6318359375,747.2407836914062,520.8114624023438,107.89553833007812,118.57518005371094,20250225-162839
33,7,0,0.63427734375,649.6500854492188,1531.422119140625,145.58706665039062,205.6858673095703,20250225-162839
33,2,0,0.765625,696.4110107421875,1395.2567138671875,237.3885498046875,375.19873046875,20250225-162839
33,6,0,0.81396484375,640.0433349609375,1181.26611328125,135.5042724609375,213.52503967285156,20250225-162839
33,5,0,0.814453125,655.9791259765625,576.3737182617188,251.6451416015625,263.8822937011719,20250225-162839
33,4,0,0.82080078125,657.5530395507812,1785.7650146484375,133.62835693359375,199.8358154296875,20250225-162839
33,9,0,0.93017578125,537.3624877929688,1.6528472900390625,430.018798828125,531.8676147460938,20250225-162839
33,10,0,0.93359375,219.59249877929688,543.6434936523438,1001.0042724609375,852.0975341796875,20250225-162839
34,11,0,0.2379150390625,648.9999389648438,1533.21435546875,64.09780883789062,70.23963165283203,20250225-162839
34,0,0,0.330322265625,913.87158203125,1864.8720703125,54.63775634765625,160.17095947265625,20250225-162839
34,1,0,0.3876953125,775.3827514648438,1218.081787109375,92.89791870117188,83.21671295166016,20250225-162839
34,3,0,0.6142578125,792.623046875,1362.678466796875,124.01467895507812,156.44041442871094,20250225-162839
34,8,0,0.6875,746.6190185546875,521.0602416992188,109.42291259765625,138.99705505371094,20250225-162839
34,7,0,0.6953125,648.723388671875,1533.7933349609375,142.19448852539062,205.3227081298828,20250225-162839
34,2,0,0.7744140625,694.75634765625,1403.838134765625,234.13458251953125,377.8860778808594,20250225-162839
34,6,0,0.806640625,640.8762817382812,1181.5107421875,134.08502197265625,212.6568603515625,20250225-162839
34,4,0,0.82275390625,655.9896850585938,1783.9736328125,135.413818359375,200.77154541015625,20250225-162839
34,5,0,0.8505859375,655.1884155273438,573.9033203125,253.72265625,265.1958312988281,20250225-162839
34,9,0,0.93115234375,536.0527954101562,1.845428466796875,429.5246887207031,533.5167236328125,20250225-162839
34,10,0,0.9365234375,224.91452026367188,540.3660278320312,1003.9581298828125,845.9664916992188,20250225-162839
35,11,0,0.316650390625,648.8846435546875,1534.3397216796875,64.13662719726562,71.51756286621094,20250225-162839
35,1,0,0.333740234375,775.867431640625,1217.796630859375,96.80667114257812,82.96085357666016,20250225-162839
35,0,0,0.367431640625,913.6593627929688,1864.7017822265625,54.82177734375,160.13002014160156,20250225-162839
35,3,0,0.609375,793.1306762695312,1363.102783203125,123.4757080078125,152.30552673339844,20250225-162839
35,7,0,0.669921875,648.8287353515625,1534.2965087890625,139.89395141601562,204.11911010742188,20250225-162839
35,8,0,0.69189453125,746.7718505859375,521.5423583984375,109.33273315429688,176.21949768066406,20250225-162839
35,2,0,0.75439453125,695.56884765625,1405.984130859375,249.25341796875,376.4845886230469,20250225-162839
35,6,0,0.80810546875,641.7453002929688,1181.653076171875,132.528076171875,212.04454040527344,20250225-162839
35,4,0,0.84130859375,654.4451904296875,1783.4996337890625,136.17681884765625,202.1366729736328,20250225-162839
35,5,0,0.85400390625,655.3626098632812,567.5634765625,257.7404479980469,265.7661437988281,20250225-162839
35,9,0,0.9287109375,535.671875,1.65655517578125,430.82098388671875,533.9631958007812,20250225-162839
35,10,0,0.93701171875,223.11447143554688,543.5139770507812,1001.4728393554688,848.73046875,20250225-162839
36,11,0,0.2108154296875,648.600341796875,1536.2567138671875,62.39959716796875,69.22888946533203,20250225-162839
36,1,0,0.332763671875,776.6647338867188,1219.02734375,89.0635986328125,81.43521118164062,20250225-162839
36,0,0,0.4140625,913.417236328125,1864.7984619140625,54.6251220703125,160.47833251953125,20250225-162839
36,3,0,0.5830078125,792.54736328125,1362.7496337890625,123.71209716796875,154.2989501953125,20250225-162839
36,8,0,0.705078125,746.5222778320312,520.4747314453125,111.11563110351562,177.65200805664062,20250225-162839
36,7,0,0.72802734375,648.3418579101562,1536.10009765625,138.5313720703125,205.48004150390625,20250225-162839
36,2,0,0.76220703125,695.0193481445312,1404.5584716796875,235.2418212890625,377.3407287597656,20250225-162839
36,5,0,0.796875,654.7769165039062,563.7727661132812,263.88372802734375,265.537841796875,20250225-162839
36,6,0,0.80908203125,642.2028198242188,1180.565185546875,133.15914916992188,211.10198974609375,20250225-162839
36,4,0,0.830078125,652.479736328125,1783.7032470703125,135.977783203125,204.9609375,20250225-162839
36,10,0,0.93310546875,225.25526428222656,540.6340942382812,1002.298828125,845.7548217773438,20250225-162839
36,9,0,0.9365234375,536.6255493164062,1.854583740234375,429.3164978027344,532.6405029296875,20250225-162839
37,11,0,0.25244140625,649.100830078125,1537.15185546875,62.615478515625,65.44684600830078,20250225-162839
37,0,0,0.3486328125,913.6327514648438,1864.7197265625,54.79559326171875,160.3744659423828,20250225-162839
37,1,0,0.394287109375,778.0449829101562,1213.6029052734375,90.83175659179688,80.12071228027344,20250225-162839
37,3,0,0.5146484375,792.8333740234375,1363.3017578125,123.4478759765625,153.12554931640625,20250225-162839
37,8,0,0.68505859375,746.7113037109375,519.544921875,111.24421691894531,168.9424285888672,20250225-162839
37,7,0,0.728515625,648.8748779296875,1536.2493896484375,137.7762451171875,205.74887084960938,20250225-162839
37,2,0,0.76220703125,696.5231323242188,1402.84912109375,234.5511474609375,375.66131591796875,20250225-162839
37,6,0,0.79443359375,642.635986328125,1181.40771484375,131.417724609375,204.444580078125,20250225-162839
37,5,0,0.81005859375,655.373291015625,562.113525390625,268.4684143066406,263.6028747558594,20250225-162839
37,4,0,0.84033203125,653.5572509765625,1783.9822998046875,135.513427734375,203.9783477783203,20250225-162839
37,9,0,0.931640625,537.3640747070312,1.2891998291015625,432.3538513183594,532.0516357421875,20250225-162839
37,10,0,0.9345703125,219.37689208984375,543.6925659179688,999.81884765625,852.6372680664062,20250225-162839
38,1,0,0.388671875,778.12060546875,1213.9090576171875,89.79684448242188,80.64041900634766,20250225-162839
38,0,0,0.446533203125,913.6148071289062,1864.9951171875,54.46563720703125,160.56166076660156,20250225-162839
38,3,0,0.5556640625,792.8716430664062,1363.12646484375,124.14321899414062,155.9507598876953,20250225-162839
38,8,0,0.681640625,745.8458251953125,511.7430725097656,119.13011169433594,172.2451171875,20250225-162839
38,2,0,0.76708984375,696.2297973632812,1403.84765625,229.932861328125,375.5560302734375,20250225-162839
38,5,0,0.77099609375,655.333251953125,574.8323364257812,260.2847900390625,264.4906921386719,20250225-162839
38,7,0,0.779296875,647.8623657226562,1538.406005859375,136.15484619140625,207.94308471679688,20250225-162839
38,6,0,0.791015625,642.889892578125,1181.351318359375,130.9302978515625,207.30154418945312,20250225-162839
38,4,0,0.85205078125,652.4949951171875,1784.0291748046875,135.4713134765625,205.00933837890625,20250225-162839
38,10,0,0.93359375,222.43701171875,543.676025390625,998.924560546875,849.5585327148438,20250225-162839
38,9,0,0.93359375,537.7539672851562,2.036041259765625,430.88360595703125,531.93017578125,20250225-162839
39,1,0,0.3388671875,779.1636352539062,1213.0078125,89.95376586914062,79.92922973632812,20250225-162839
39,0,0,0.391357421875,913.56640625,1865.29248046875,54.24627685546875,160.57342529296875,20250225-162839
39,3,0,0.509765625,792.4618530273438,1363.489501953125,122.91110229492188,155.68666076660156,20250225-162839
39,8,0,0.74072265625,746.4534301757812,501.1762390136719,130.1579132080078,174.6457061767578,20250225-162839
39,2,0,0.763671875,695.489501953125,1400.7177734375,235.70452880859375,376.7702941894531,20250225-162839
39,6,0,0.78466796875,642.4507446289062,1181.475830078125,130.10147094726562,208.43382263183594,20250225-162839
39,5,0,0.78857421875,655.127197265625,582.3202514648438,252.65625,263.9776916503906,20250225-162839
39,7,0,0.79296875,646.2948608398438,1541.71630859375,131.55615234375,209.3867950439453,20250225-162839
39,13,0,0.8232421875,700.9052734375,219.3233642578125,311.97943115234375,361.9303283691406,20250225-162839
39,4,0,0.84326171875,653.5462646484375,1784.9066162109375,134.5030517578125,204.84695434570312,20250225-162839
39,10,0,0.93212890625,225.0673828125,539.8683471679688,1001.058837890625,845.931884765625,20250225-162839
39,9,0,0.9326171875,537.370849609375,1.6749114990234375,428.284912109375,532.2954711914062,20250225-162839
40,1,0,0.368408203125,778.5296630859375,1213.827880859375,89.23562622070312,79.9172134399414,20250225-162839
40,0,0,0.441650390625,913.1823120117188,1864.27880859375,55.18267822265625,160.7809600830078,20250225-162839
40,3,0,0.5439453125,792.4154663085938,1363.184326171875,123.251220703125,156.66195678710938,20250225-162839
40,8,0,0.68408203125,745.7608642578125,500.9447937011719,131.56663513183594,175.25038146972656,20250225-162839
40,6,0,0.7744140625,642.7085571289062,1183.0235595703125,128.15478515625,206.50833129882812,20250225-162839
40,2,0,0.783203125,694.8474731445312,1404.469482421875,230.0914306640625,378.00726318359375,20250225-162839
40,5,0,0.7919921875,654.07470703125,579.5956420898438,251.5697021484375,265.36651611328125,20250225-162839
40,7,0,0.796875,645.6781005859375,1545.8089599609375,127.76898193359375,208.2802734375,20250225-162839
40,13,0,0.80078125,703.009033203125,265.2151184082031,258.8045349121094,357.1081848144531,20250225-162839
40,4,0,0.85400390625,652.727294921875,1786.279541015625,133.20758056640625,204.44818115234375,20250225-162839
40,9,0,0.9306640625,536.2373657226562,1.663970947265625,429.8895263671875,533.6612548828125,20250225-162839
40,10,0,0.931640625,227.44317626953125,540.492919921875,1000.4668579101562,844.263427734375,20250225-162839
41,12,0,0.220703125,792.3961181640625,1365.050048828125,60.36767578125,91.42796325683594,20250225-162839
41,0,0,0.313232421875,913.6309204101562,1865.314453125,54.12213134765625,160.36752319335938,20250225-162839
41,1,0,0.417724609375,777.6397705078125,1213.21337890625,94.72219848632812,81.67382049560547,20250225-162839
41,3,0,0.42529296875,792.59619140625,1363.064453125,121.36175537109375,156.0496368408203,20250225-162839
41,8,0,0.6494140625,744.6205444335938,506.4152526855469,127.59796142578125,177.54147338867188,20250225-162839
41,6,0,0.7646484375,642.0152587890625,1182.640380859375,128.5096435546875,204.45504760742188,20250225-162839
41,2,0,0.76904296875,695.6253051757812,1401.6412353515625,231.731689453125,376.0791320800781,20250225-162839
41,5,0,0.77978515625,653.8554077148438,582.0928344726562,248.73175048828125,265.2220153808594,20250225-162839
41,7,0,0.8349609375,646.0626220703125,1549.4805908203125,123.3804931640625,207.1603546142578,20250225-162839
41,4,0,0.857421875,653.0250854492188,1787.6370849609375,131.7513427734375,203.86746215820312,20250225-162839
41,13,0,0.8681640625,704.4371948242188,252.90367126464844,248.77345275878906,357.9879455566406,20250225-162839
41,9,0,0.93017578125,536.2373657226562,1.6474456787109375,429.3342590332031,533.670166015625,20250225-162839
41,10,0,0.93115234375,224.07354736328125,538.9269409179688,1002.4200439453125,847.3351440429688,20250225-162839
42,12,0,0.219970703125,792.5890502929688,1365.073974609375,61.572601318359375,92.61603546142578,20250225-162839
42,0,0,0.394287109375,913.0048828125,1864.8603515625,54.66888427734375,160.63351440429688,20250225-162839
42,1,0,0.437744140625,779.2063598632812,1215.17919921875,87.26358032226562,76.38742065429688,20250225-162839
42,3,0,0.55078125,792.8486938476562,1363.3026123046875,121.95391845703125,158.6533966064453,20250225-162839
42,5,0,0.57763671875,653.9893188476562,566.6986083984375,266.8995666503906,265.27398681640625,20250225-162839
42,8,0,0.591796875,746.9525756835938,507.4017333984375,132.8038330078125,174.6494903564453,20250225-162839
42,2,0,0.75634765625,695.4307250976562,1404.6353759765625,229.7545166015625,376.7140197753906,20250225-162839
42,6,0,0.7626953125,642.3268432617188,1182.7847900390625,127.36422729492188,201.46934509277344,20250225-162839
42,7,0,0.81884765625,646.4562377929688,1551.1790771484375,123.16571044921875,207.9933319091797,20250225-162839
42,13,0,0.8408203125,705.1357421875,237.90357971191406,254.56663513183594,353.951416015625,20250225-162839
42,4,0,0.849609375,652.7783203125,1788.5518798828125,130.93157958984375,204.52027893066406,20250225-162839
42,10,0,0.927734375,225.80715942382812,539.3076782226562,1000.9304809570312,845.2421875,20250225-162839
42,9,0,0.93017578125,536.054443359375,1.460723876953125,429.7561340332031,533.1864013671875,20250225-162839
43,12,0,0.2005615234375,792.030517578125,1365.400634765625,58.203643798828125,91.49079132080078,20250225-162839
43,1,0,0.436767578125,779.1558837890625,1214.271240234375,89.60385131835938,77.65548706054688,20250225-162839
43,0,0,0.4716796875,913.3722534179688,1864.1356201171875,55.32586669921875,160.67916870117188,20250225-162839
43,3,0,0.486328125,792.1256103515625,1363.8607177734375,122.13546752929688,156.00808715820312,20250225-162839
43,8,0,0.61669921875,745.9737548828125,504.7603454589844,129.16456604003906,176.17367553710938,20250225-162839
43,6,0,0.7470703125,642.8838500976562,1182.7313232421875,126.84906005859375,199.68479919433594,20250225-162839
43,2,0,0.7578125,696.4400024414062,1400.8150634765625,234.788818359375,375.3357238769531,20250225-162839
43,5,0,0.79248046875,655.0709838867188,579.3660278320312,250.619384765625,263.2049560546875,20250225-162839
43,7,0,0.8173828125,646.0049438476562,1553.816162109375,123.10052490234375,209.79139709472656,20250225-162839
43,4,0,0.85498046875,653.389892578125,1789.9434814453125,129.63702392578125,203.88548278808594,20250225-162839
43,9,0,0.92578125,537.7469482421875,1.295745849609375,429.2234802246094,532.4097900390625,20250225-162839
43,10,0,0.931640625,224.52098083496094,537.2327270507812,1003.3765869140625,846.8990478515625,20250225-162839
44,0,0,0.381103515625,913.498046875,1864.8643798828125,54.57769775390625,160.26400756835938,20250225-162840
44,3,0,0.4931640625,793.0269775390625,1363.68603515625,122.51010131835938,157.08303833007812,20250225-162840
44,8,0,0.4970703125,745.4007568359375,505.7699890136719,128.6190948486328,176.77903747558594,20250225-162840
44,1,0,0.5478515625,778.8292236328125,1218.905029296875,83.747314453125,76.6634521484375,20250225-162840
44,6,0,0.74560546875,642.4557495117188,1183.1846923828125,126.69003295898438,199.37765502929688,20250225-162840
44,2,0,0.755859375,696.1768188476562,1402.3447265625,233.1591796875,376.16845703125,20250225-162840
44,5,0,0.78076171875,654.6019897460938,571.6727294921875,257.5983581542969,264.73309326171875,20250225-162840
44,7,0,0.810546875,645.9332885742188,1555.9046630859375,123.84576416015625,209.8757781982422,20250225-162840
44,4,0,0.83837890625,653.1771850585938,1789.209228515625,130.30975341796875,204.46913146972656,20250225-162840
44,9,0,0.91943359375,538.696044921875,1.669097900390625,427.341796875,530.8212890625,20250225-162840
44,10,0,0.9345703125,223.2930908203125,542.0700073242188,996.5267944335938,849.1710815429688,20250225-162840
45,12,0,0.26904296875,792.2646484375,1365.380126953125,61.441680908203125,91.56726837158203,20250225-162840
45,0,0,0.3486328125,913.370361328125,1865.51708984375,54.0106201171875,160.38433837890625,20250225-162840
45,1,0,0.4716796875,777.4327392578125,1218.442626953125,88.77447509765625,78.01022338867188,20250225-162840
45,3,0,0.482421875,792.42822265625,1364.426513671875,120.95077514648438,155.82749938964844,20250225-162840
45,8,0,0.59716796875,745.8578491210938,503.57464599609375,139.9478302001953,175.43646240234375,20250225-162840
45,5,0,0.67724609375,654.0812377929688,568.9187622070312,260.7315673828125,265.1120300292969,20250225-162840
45,6,0,0.7568359375,640.6817016601562,1184.5206298828125,126.65167236328125,205.60166931152344,20250225-162840
45,2,0,0.7578125,695.9878540039062,1404.643798828125,229.59503173828125,375.94866943359375,20250225-162840
45,4,0,0.8330078125,652.8052978515625,1792.7802734375,126.711181640625,203.4085235595703,20250225-162840
45,9,0,0.83642578125,537.7682495117188,1.4649810791015625,426.9898681640625,533.5111694335938,20250225-162840
45,7,0,0.83837890625,646.0502319335938,1557.6668701171875,123.43212890625,210.03018188476562,20250225-162840
45,10,0,0.93310546875,229.00975036621094,540.2171630859375,1001.32470703125,842.8438110351562,20250225-162840
46,0,0,0.42919921875,912.96435546875,1864.87841796875,54.5723876953125,160.7997589111328,20250225-162840
46,1,0,0.48828125,777.474609375,1218.31103515625,85.09222412109375,79.56916809082031,20250225-162840
46,3,0,0.529296875,792.5341186523438,1363.202392578125,122.22445678710938,157.42120361328125,20250225-162840
46,8,0,0.55712890625,744.6100463867188,502.695556640625,139.46914672851562,177.86410522460938,20250225-162840
46,5,0,0.626953125,653.6776123046875,558.5543212890625,272.2184143066406,265.5529479980469,20250225-162840
46,6,0,0.7392578125,640.3425903320312,1184.9871826171875,126.12991333007812,204.3496551513672,20250225-162840
46,2,0,0.76953125,695.3621215820312,1399.505615234375,233.71636962890625,375.8016052246094,20250225-162840
46,4,0,0.833984375,652.7279663085938,1793.537841796875,125.85772705078125,203.02854919433594,20250225-162840
46,7,0,0.84228515625,645.0958251953125,1560.298828125,123.52203369140625,209.57408142089844,20250225-162840
46,13,0,0.8671875,686.8679809570312,207.07896423339844,265.35150146484375,377.6701354980469,20250225-162840
46,10,0,0.9296875,226.9680938720703,540.1375122070312,1002.5648803710938,844.4241943359375,20250225-162840
47,0,0,0.448486328125,913.31201171875,1864.742431640625,54.71173095703125,160.46202087402344,20250225-162840
47,8,0,0.486328125,744.123291015625,504.0015563964844,135.16355895996094,178.72042846679688,20250225-162840
47,3,0,0.5478515625,792.567626953125,1363.701416015625,122.5535888671875,158.7735595703125,20250225-162840
47,1,0,0.5517578125,777.7954711914062,1222.3538818359375,85.25546264648438,79.46514129638672,20250225-162840
47,5,0,0.58203125,656.4503784179688,541.4547729492188,287.6546630859375,262.331787109375,20250225-162840
47,6,0,0.76416015625,640.3419189453125,1184.73828125,126.01373291015625,203.81234741210938,20250225-162840
47,2,0,0.7685546875,695.8873901367188,1402.5765380859375,231.347900390625,376.45306396484375,20250225-162840
47,4,0,0.83447265625,653.5020141601562,1792.93212890625,126.556640625,202.22775268554688,20250225-162840
47,7,0,0.86328125,645.4158935546875,1562.600830078125,124.42144775390625,210.16983032226562,20250225-162840
47,9,0,0.91796875,537.192138671875,1.301605224609375,427.6593017578125,532.5341186523438,20250225-162840
47,10,0,0.9296875,233.2673797607422,537.6992797851562,1004.3911743164062,838.8067626953125,20250225-162840
48,8,0,0.3876953125,744.5628662109375,487.0423278808594,148.37301635742188,177.64154052734375,20250225-162840
48,0,0,0.412109375,913.066162109375,1864.9853515625,54.4552001953125,160.6578826904297,20250225-162840
48,1,0,0.501953125,778.8678588867188,1225.346923828125,80.29925537109375,78.46830749511719,20250225-162840
48,3,0,0.56884765625,792.2950439453125,1363.97900390625,121.50613403320312,154.9691925048828,20250225-162840
48,2,0,0.74462890625,695.7205810546875,1403.576416015625,232.411376953125,375.7583312988281,20250225-162840
48,5,0,0.75830078125,654.3902587890625,554.36572265625,276.60406494140625,264.905517578125,20250225-162840
48,6,0,0.76708984375,640.3630981445312,1186.33349609375,125.33834838867188,199.96807861328125,20250225-162840
48,4,0,0.82373046875,653.7351684570312,1794.135498046875,125.35528564453125,203.20115661621094,20250225-162840
48,7,0,0.8701171875,645.9529418945312,1565.8934326171875,124.2205810546875,211.4420928955078,20250225-162840
48,9,0,0.91845703125,537.945068359375,1.114837646484375,427.57122802734375,532.0040283203125,20250225-162840
48,10,0,0.92822265625,220.84056091308594,544.461181640625,996.46142578125,851.3282470703125,20250225-162840
49,0,0,0.356689453125,913.7871704101562,1865.12744140625,54.4002685546875,159.9575958251953,20250225-162840
49,8,0,0.443603515625,744.9158935546875,498.377197265625,137.89151000976562,177.6600799560547,20250225-162840
49,3,0,0.4853515625,792.730712890625,1363.8994140625,121.1817626953125,151.8167266845703,20250225-162840
49,1,0,0.595703125,778.6747436523438,1224.622802734375,82.822265625,78.3018798828125,20250225-162840
49,5,0,0.72509765625,654.6295776367188,561.0574951171875,269.32781982421875,265.1087341308594,20250225-162840
49,2,0,0.74169921875,696.9467163085938,1400.509765625,234.2962646484375,373.6371154785156,20250225-162840
49,6,0,0.76953125,640.2848510742188,1186.5128173828125,125.9725341796875,202.46884155273438,20250225-162840
49,4,0,0.84130859375,655.7655639648438,1794.33544921875,125.0606689453125,200.82008361816406,20250225-162840
49,7,0,0.87841796875,646.9483032226562,1566.844482421875,125.6173095703125,210.22286987304688,20250225-162840
49,9,0,0.91943359375,537.3878173828125,1.4889678955078125,428.15765380859375,532.4965209960938,20250225-162840
49,10,0,0.9296875,227.00216674804688,541.3590087890625,1000.7012329101562,844.1093139648438,20250225-162840
50,0,0,0.363037109375,913.8484497070312,1865.357421875,54.090087890625,160.21241760253906,20250225-162840
50,8,0,0.382080078125,744.2799682617188,498.2244873046875,144.2768096923828,178.5003662109375,20250225-162840
50,3,0,0.55078125,792.1744995117188,1364.1595458984375,121.3399658203125,150.0850830078125,20250225-162840
50,5,0,0.6318359375,654.3034057617188,564.010498046875,267.6872863769531,264.9801940917969,20250225-162840
50,1,0,0.63720703125,779.054443359375,1223.189697265625,83.8487548828125,77.67162322998047,20250225-162840
50,6,0,0.7626953125,640.5643920898438,1186.4185791015625,126.5635986328125,201.23915100097656,20250225-162840
50,2,0,0.779296875,695.97412109375,1402.1085205078125,233.71728515625,376.5831298828125,20250225-162840
50,4,0,0.833984375,655.3712768554688,1793.0145263671875,126.4727783203125,200.33526611328125,20250225-162840
50,7,0,0.8818359375,646.7220458984375,1569.43115234375,126.7305908203125,210.17721557617188,20250225-162840
50,9,0,0.91748046875,538.3302612304688,1.492401123046875,427.7435302734375,531.4807739257812,20250225-162840
50,10,0,0.9287109375,232.9767608642578,537.9713745117188,1006.5369873046875,838.7340698242188,20250225-162840
51,0,0,0.394287109375,914.152099609375,1865.6854248046875,53.75537109375,159.79931640625,20250225-162840
51,8,0,0.5302734375,742.9734497070312,500.6289367675781,135.9378204345703,180.43507385253906,20250225-162840
51,3,0,0.5859375,792.685546875,1362.5517578125,124.8662109375,155.31741333007812,20250225-162840
51,1,0,0.63623046875,779.1085205078125,1221.4478759765625,86.01315307617188,76.75022888183594,20250225-162840
51,5,0,0.73486328125,653.6288452148438,571.8463134765625,259.38446044921875,266.1130676269531,20250225-162840
51,6,0,0.76611328125,640.734130859375,1186.75537109375,126.19189453125,198.37789916992188,20250225-162840
51,2,0,0.77099609375,696.1068115234375,1405.9677734375,228.74505615234375,375.7008361816406,20250225-162840
51,4,0,0.8466796875,655.3871459960938,1791.4185791015625,128.255859375,200.2313232421875,20250225-162840
51,7,0,0.87841796875,646.7254028320312,1570.304443359375,128.51312255859375,208.267822265625,20250225-162840
51,9,0,0.9189453125,537.7647094726562,1.4924468994140625,428.2523193359375,532.0252075195312,20250225-162840
51,10,0,0.93017578125,220.6995391845703,544.9411010742188,1001.1280517578125,851.3654174804688,20250225-162840
52,12,0,0.204345703125,792.24609375,1365.1885986328125,61.255828857421875,90.3209228515625,20250225-162840
52,0,0,0.33642578125,913.84912109375,1865.792724609375,53.64935302734375,160.2034149169922,20250225-162840
52,14,0,0.39599609375,745.342529296875,816.59912109375,58.453216552734375,63.61298370361328,20250225-162840
52,3,0,0.4580078125,792.462890625,1363.53857421875,122.85012817382812,156.60409545898438,20250225-162840
52,5,0,0.544921875,657.0363159179688,550.8214111328125,277.8972473144531,262.3777160644531,20250225-162840
52,8,0,0.640625,743.1073608398438,505.65399169921875,134.63612365722656,180.47369384765625,20250225-162840
52,1,0,0.650390625,779.0652465820312,1225.3555908203125,81.6558837890625,76.4122314453125,20250225-162840
52,6,0,0.763671875,640.8448486328125,1186.91064453125,125.88198852539062,197.60391235351562,20250225-162840
52,2,0,0.78857421875,695.536376953125,1395.5042724609375,239.61474609375,376.30389404296875,20250225-162840
52,4,0,0.8544921875,655.88916015625,1789.6483154296875,129.83367919921875,199.6788787841797,20250225-162840
52,7,0,0.8740234375,646.5785522460938,1572.4134521484375,127.61810302734375,207.5355224609375,20250225-162840
52,9,0,0.919921875,537.9622192382812,1.4886474609375,428.309814453125,531.8301391601562,20250225-162840
52,10,0,0.92626953125,229.8236846923828,541.7836303710938,1002.4898071289062,841.0387573242188,20250225-162840
53,12,0,0.203125,791.9328002929688,1364.8070068359375,63.0970458984375,91.26506042480469,20250225-162840
53,0,0,0.36376953125,913.865234375,1865.542724609375,53.8927001953125,160.06109619140625,20250225-162840
53,14,0,0.4755859375,746.2410278320312,815.666748046875,60.792388916015625,63.57933807373047,20250225-162840
53,8,0,0.4814453125,742.5392456054688,501.5138854980469,137.00006103515625,179.8147735595703,20250225-162840
53,3,0,0.50390625,791.8820190429688,1362.8404541015625,123.700927734375,158.08750915527344,20250225-162840
53,1,0,0.640625,779.4578247070312,1225.6300048828125,81.43478393554688,76.04195404052734,20250225-162840
53,2,0,0.72119140625,696.8399658203125,1399.8782958984375,234.1387939453125,372.93621826171875,20250225-162840
53,5,0,0.7529296875,653.8505249023438,564.66748046875,263.4068298339844,266.3279113769531,20250225-162840
53,6,0,0.77197265625,641.5775146484375,1187.32958984375,124.70297241210938,198.29635620117188,20250225-162840
53,4,0,0.84423828125,656.4466552734375,1788.4844970703125,131.09417724609375,200.26771545410156,20250225-162840
53,7,0,0.87060546875,646.8844604492188,1572.711181640625,129.06134033203125,209.0092315673828,20250225-162840
53,9,0,0.90478515625,537.3765258789062,1.4948272705078125,429.6015930175781,532.2984008789062,20250225-162840
53,10,0,0.92919921875,222.397705078125,545.5400390625,999.596923828125,849.12841796875,20250225-162840
54,0,0,0.374755859375,913.6654663085938,1865.6634521484375,53.769287109375,160.26795959472656,20250225-162840
54,14,0,0.4638671875,746.9840698242188,815.841064453125,61.58367919921875,63.3717155456543,20250225-162840
54,5,0,0.466796875,658.5108032226562,550.960693359375,277.5308532714844,260.7475280761719,20250225-162840
54,3,0,0.482421875,792.5477294921875,1363.283447265625,124.13232421875,158.67013549804688,20250225-162840
54,8,0,0.4853515625,743.8006591796875,470.6054992675781,183.2454071044922,179.31077575683594,20250225-162840
54,1,0,0.6083984375,779.5357666015625,1225.0257568359375,82.32778930664062,78.15888214111328,20250225-162840
54,2,0,0.72802734375,696.0029907226562,1397.649169921875,236.02899169921875,374.4054260253906,20250225-162840
54,6,0,0.76904296875,642.2579345703125,1187.5498046875,123.5833740234375,194.27630615234375,20250225-162840
54,4,0,0.81591796875,659.787353515625,1790.454345703125,129.14227294921875,195.65277099609375,20250225-162840
54,7,0,0.86669921875,647.0372924804688,1574.0313720703125,130.91766357421875,209.85594177246094,20250225-162840
54,9,0,0.9013671875,536.2395629882812,1.50164794921875,429.74688720703125,533.4332885742188,20250225-162840
54,10,0,0.92626953125,234.1948699951172,539.3931884765625,1005.1248779296875,837.5437622070312,20250225-162840
55,0,0,0.37841796875,913.1504516601562,1865.830078125,53.69842529296875,160.67144775390625,20250225-162840
55,8,0,0.505859375,744.0576782226562,498.12060546875,173.43942260742188,178.70936584472656,20250225-162840
55,14,0,0.533203125,746.6555786132812,816.0283813476562,61.177734375,63.91819763183594,20250225-162840
55,5,0,0.5400390625,656.5211791992188,655.085693359375,173.63204956054688,184.12811279296875,20250225-162840
55,3,0,0.5498046875,792.5680541992188,1363.62548828125,123.50637817382812,154.6584930419922,20250225-162840
55,1,0,0.5888671875,779.302490234375,1227.8662109375,78.16571044921875,77.1644515991211,20250225-162840
55,2,0,0.7255859375,696.456787109375,1400.7930908203125,234.5650634765625,359.9811096191406,20250225-162840
55,6,0,0.7626953125,642.3486328125,1187.16552734375,123.44137573242188,196.13616943359375,20250225-162840
55,4,0,0.83544921875,659.4856567382812,1789.658203125,129.83477783203125,196.45339965820312,20250225-162840
55,7,0,0.86669921875,646.9639892578125,1574.9036865234375,129.25836181640625,210.02923583984375,20250225-162840
55,9,0,0.90380859375,537.1689453125,1.305999755859375,429.7250061035156,532.7318725585938,20250225-162840
55,10,0,0.92529296875,230.2837371826172,542.8436279296875,1001.3631591796875,840.2645874023438,20250225-162840
56,12,0,0.287841796875,792.4330444335938,1365.030029296875,62.956512451171875,92.64195251464844,20250225-162840
56,0,0,0.390380859375,913.386474609375,1866.1519775390625,53.28570556640625,160.64002990722656,20250225-162840
56,1,0,0.4140625,779.3807373046875,1226.7762451171875,80.77120971679688,78.26840209960938,20250225-162840
56,14,0,0.4638671875,745.2366333007812,815.4365844726562,62.799957275390625,65.47431182861328,20250225-162840
56,3,0,0.47265625,792.4390258789062,1363.5927734375,123.66046142578125,157.95103454589844,20250225-162840
56,5,0,0.4775390625,655.5198364257812,655.1819458007812,173.90679931640625,183.2097625732422,20250225-162840
56,8,0,0.703125,743.125,502.50860595703125,166.22808837890625,177.92417907714844,20250225-162840
56,2,0,0.74169921875,695.591796875,1395.6728515625,237.6419677734375,375.3885803222656,20250225-162840
56,6,0,0.7646484375,641.464111328125,1187.3638916015625,123.07699584960938,193.85302734375,20250225-162840
56,4,0,0.849609375,659.6162109375,1788.7587890625,130.81805419921875,196.0556640625,20250225-162840
56,7,0,0.8662109375,646.197998046875,1574.4166259765625,129.02178955078125,209.33413696289062,20250225-162840
56,9,0,0.90576171875,536.2449340820312,1.492584228515625,429.0680236816406,534.0891723632812,20250225-162840
56,10,0,0.92578125,232.1214599609375,539.1337280273438,1005.7606201171875,839.6265258789062,20250225-162840
57,0,0,0.383056640625,913.447265625,1865.802734375,53.64111328125,160.46029663085938,20250225-162840
57,3,0,0.5439453125,792.1641845703125,1363.80712890625,123.06692504882812,158.32354736328125,20250225-162840
57,5,0,0.55810546875,653.8067016601562,560.9148559570312,264.6737365722656,266.02313232421875,20250225-162840
57,14,0,0.56689453125,744.6146850585938,813.7119140625,64.2315673828125,66.69894409179688,20250225-162840
57,1,0,0.57861328125,779.4808959960938,1226.7916259765625,80.20706176757812,76.46742248535156,20250225-162840
57,8,0,0.607421875,743.4180297851562,502.98046875,158.2093505859375,178.1674346923828,20250225-162840
57,2,0,0.7265625,695.0993041992188,1398.96142578125,234.66229248046875,374.5196228027344,20250225-162840
57,6,0,0.75341796875,641.7659912109375,1188.0767822265625,122.37835693359375,195.27871704101562,20250225-162840
57,4,0,0.84765625,660.433837890625,1788.134765625,131.53472900390625,195.17178344726562,20250225-162840
57,7,0,0.8671875,644.190185546875,1574.877685546875,126.456298828125,209.871826171875,20250225-162840
57,9,0,0.9033203125,535.6705322265625,1.492950439453125,429.739501953125,533.7086181640625,20250225-162840
57,10,0,0.921875,230.63177490234375,542.259521484375,1001.476318359375,840.140625,20250225-162840
58,0,0,0.3896484375,913.4193115234375,1866.3123779296875,53.03887939453125,160.7032012939453,20250225-162840
58,1,0,0.5419921875,778.9904174804688,1223.005126953125,84.54510498046875,77.88302612304688,20250225-162840
58,5,0,0.5537109375,657.7755126953125,541.1881713867188,282.9671630859375,260.8835754394531,20250225-162840
58,8,0,0.59716796875,743.5553588867188,503.7122497558594,166.38345336914062,178.20982360839844,20250225-162840
58,14,0,0.609375,744.9398193359375,815.0960083007812,62.95697021484375,65.8438949584961,20250225-162840
58,3,0,0.62353515625,792.0210571289062,1364.85009765625,122.77166748046875,158.07257080078125,20250225-162840
58,2,0,0.7373046875,695.7797241210938,1404.3936767578125,231.791015625,337.22674560546875,20250225-162840
58,6,0,0.74853515625,642.1925659179688,1188.2027587890625,122.18609619140625,194.73060607910156,20250225-162840
58,4,0,0.82861328125,663.0619506835938,1788.4478759765625,131.04693603515625,193.5461883544922,20250225-162840
58,7,0,0.85546875,643.3463745117188,1573.581298828125,126.43927001953125,213.3637237548828,20250225-162840
58,9,0,0.90673828125,536.4113159179688,1.2773895263671875,431.60882568359375,533.1910400390625,20250225-162840
58,10,0,0.921875,237.53866577148438,539.4373168945312,1006.7649536132812,833.9586181640625,20250225-162840
59,0,0,0.440673828125,913.6365966796875,1866.0758056640625,53.46514892578125,160.323486328125,20250225-162840
59,3,0,0.51171875,792.2908325195312,1363.71484375,123.55426025390625,157.82513427734375,20250225-162840
59,1,0,0.5224609375,779.723388671875,1225.8592529296875,79.39315795898438,77.01347351074219,20250225-162840
59,8,0,0.60107421875,744.7655029296875,498.4874267578125,137.313720703125,177.65957641601562,20250225-162840
59,14,0,0.6806640625,744.8328857421875,814.3070068359375,62.337615966796875,66.48522186279297,20250225-162840
59,2,0,0.73193359375,696.0333251953125,1397.1669921875,237.28399658203125,373.0594787597656,20250225-162840
59,6,0,0.7431640625,642.444091796875,1188.34912109375,121.9833984375,195.48814392089844,20250225-162840
59,5,0,0.8056640625,655.2973022460938,566.3966674804688,257.11138916015625,264.4010925292969,20250225-162840
59,4,0,0.82177734375,663.813232421875,1789.1759033203125,130.41522216796875,192.09933471679688,20250225-162840
59,7,0,0.86962890625,644.2695922851562,1572.1534423828125,126.47735595703125,211.85073852539062,20250225-162840
59,9,0,0.90478515625,537.1337890625,1.8452911376953125,431.8678894042969,531.9830322265625,20250225-162840
59,10,0,0.92626953125,232.145751953125,541.6298217773438,1001.350341796875,838.4793090820312,20250225-162840
60,0,0,0.361083984375,912.949462890625,1865.7923583984375,53.63836669921875,160.68946838378906,20250225-162840
60,8,0,0.443603515625,744.6188354492188,498.70477294921875,136.8877716064453,177.81869506835938,20250225-162840
60,3,0,0.4814453125,792.882080078125,1363.360107421875,124.00689697265625,155.4935302734375,20250225-162840
60,1,0,0.5400390625,779.8548583984375,1223.85595703125,82.51602172851562,76.02959442138672,20250225-162840
60,14,0,0.7333984375,744.9961547851562,814.7766723632812,61.330718994140625,66.75953674316406,20250225-162840
60,2,0,0.74609375,696.1864624023438,1397.6781005859375,235.3897705078125,373.6508483886719,20250225-162840
60,6,0,0.75048828125,642.1790161132812,1188.4215087890625,121.50595092773438,195.04852294921875,20250225-162840
60,5,0,0.78857421875,655.2053833007812,557.7484130859375,265.48919677734375,264.33721923828125,20250225-162840
60,4,0,0.833984375,664.0087890625,1788.7239990234375,130.85723876953125,192.29052734375,20250225-162840
60,7,0,0.86669921875,644.0184936523438,1568.8297119140625,129.1556396484375,212.9823760986328,20250225-162840
60,9,0,0.90673828125,536.5416870117188,1.6604461669921875,431.74615478515625,532.2687377929688,20250225-162840
60,10,0,0.92626953125,233.59320068359375,541.001953125,1002.8248901367188,837.122314453125,20250225-162840
61,0,0,0.445556640625,913.0097045898438,1865.731201171875,53.7257080078125,160.8538360595703,20250225-162840
61,1,0,0.5380859375,779.2467041015625,1223.1513671875,84.3255615234375,77.3743896484375,20250225-162840
61,3,0,0.5458984375,792.5451049804688,1364.48046875,121.80010986328125,154.7291259765625,20250225-162840
61,8,0,0.548828125,744.353271484375,499.6275329589844,135.9206085205078,178.4052734375,20250225-162840
61,14,0,0.7373046875,745.1693115234375,815.2254638671875,59.836212158203125,66.73422241210938,20250225-162840
61,2,0,0.740234375,695.7471313476562,1400.69287109375,232.06915283203125,375.57281494140625,20250225-162840
61,6,0,0.75927734375,640.594482421875,1188.115966796875,121.301513671875,195.89373779296875,20250225-162840
61,5,0,0.79736328125,654.5787963867188,563.05224609375,260.6426696777344,264.8898010253906,20250225-162840
61,4,0,0.8251953125,663.8558959960938,1788.36669921875,131.1346435546875,192.0150909423828,20250225-162840
61,7,0,0.87255859375,644.3435668945312,1567.787109375,131.2672119140625,210.38131713867188,20250225-162840
61,9,0,0.90673828125,535.9994506835938,1.838470458984375,429.5116882324219,533.2291870117188,20250225-162840
61,10,0,0.92724609375,232.04034423828125,540.361083984375,1002.678955078125,838.887451171875,20250225-162840
62,12,0,0.206298828125,792.3399658203125,1365.5584716796875,62.12530517578125,88.81751251220703,20250225-162840
62,0,0,0.382080078125,913.059326171875,1865.9132080078125,53.62078857421875,161.04978942871094,20250225-162840
62,3,0,0.5185546875,792.2932739257812,1363.674560546875,123.2911376953125,154.99880981445312,20250225-162840
62,1,0,0.5244140625,780.1854858398438,1220.57373046875,89.48867797851562,77.52227783203125,20250225-162840
62,8,0,0.57568359375,745.4229736328125,500.85418701171875,133.90557861328125,177.12106323242188,20250225-162840
62,2,0,0.71630859375,695.3977661132812,1396.57666015625,236.06048583984375,374.6403503417969,20250225-162840
62,6,0,0.76220703125,640.1411743164062,1188.0838623046875,120.96725463867188,196.49005126953125,20250225-162840
62,14,0,0.77197265625,748.2836303710938,814.8469848632812,58.504852294921875,62.98959732055664,20250225-162840
62,5,0,0.80517578125,654.6615600585938,567.5626831054688,256.86859130859375,264.511474609375,20250225-162840
62,4,0,0.83935546875,665.9703369140625,1787.7740478515625,131.8077392578125,190.6395263671875,20250225-162840
62,7,0,0.8642578125,645.7116088867188,1566.778564453125,134.0467529296875,210.16952514648438,20250225-162840
62,9,0,0.91015625,536.385009765625,1.8356781005859375,430.23687744140625,533.0935668945312,20250225-162840
62,10,0,0.927734375,234.05032348632812,540.6058959960938,1002.8673706054688,836.78173828125,20250225-162840
63,8,0,0.36474609375,745.3961181640625,501.8698425292969,130.56124877929688,176.63870239257812,20250225-162840
63,0,0,0.374755859375,913.545654296875,1865.8853759765625,53.640380859375,160.36167907714844,20250225-162840
63,1,0,0.51953125,780.0130004882812,1222.47998046875,82.31048583984375,75.65399932861328,20250225-162840
63,3,0,0.56884765625,792.296875,1363.1043701171875,122.6165771484375,153.85450744628906,20250225-162840
63,14,0,0.65576171875,749.8841552734375,816.1651611328125,56.769195556640625,61.446533203125,20250225-162840
63,5,0,0.67724609375,654.8946533203125,546.71728515625,278.08447265625,263.7721252441406,20250225-162840
63,2,0,0.71484375,695.7349853515625,1400.1492919921875,236.9901123046875,374.93695068359375,20250225-162840
63,6,0,0.76953125,640.5197143554688,1187.970458984375,120.28408813476562,194.7498779296875,20250225-162840
63,4,0,0.84130859375,666.64306640625,1787.4093017578125,132.17431640625,189.8186492919922,20250225-162840
63,7,0,0.86962890625,645.8611450195312,1566.51416015625,138.24224853515625,210.590576171875,20250225-162840
63,9,0,0.9150390625,536.5799560546875,2.0269317626953125,430.6870422363281,532.5433959960938,20250225-162840
63,10,0,0.9248046875,235.69630432128906,537.3153076171875,1007.439697265625,835.8970336914062,20250225-162840
64,12,0,0.27197265625,792.4905395507812,1364.7294921875,61.554840087890625,92.04483032226562,20250225-162840
64,0,0,0.450439453125,913.4443359375,1866.3365478515625,53.2027587890625,160.39593505859375,20250225-162840
64,3,0,0.4765625,792.4649658203125,1363.2242431640625,123.59390258789062,157.4599151611328,20250225-162840
64,8,0,0.5,745.72314453125,499.5610656738281,132.39056396484375,174.4337921142578,20250225-162840
64,1,0,0.587890625,779.8317260742188,1220.1171875,86.70584106445312,75.93887329101562,20250225-162840
64,2,0,0.7265625,695.651611328125,1396.465576171875,238.7113037109375,375.34613037109375,20250225-162840
64,6,0,0.74853515625,640.670654296875,1187.809326171875,119.82412719726562,193.03012084960938,20250225-162840
64,5,0,0.75634765625,655.17626953125,557.9630126953125,265.3763122558594,264.31011962890625,20250225-162840
64,14,0,0.7861328125,749.4909057617188,815.6713256835938,55.470794677734375,62.92530822753906,20250225-162840
64,4,0,0.82666015625,668.9877319335938,1788.8660888671875,130.6402587890625,187.0327911376953,20250225-162840
64,7,0,0.8701171875,645.7046508789062,1567.1121826171875,141.5452880859375,211.10877990722656,20250225-162840
64,9,0,0.91064453125,536.9882202148438,1.67120361328125,431.14007568359375,532.342529296875,20250225-162840
64,10,0,0.92919921875,234.4630126953125,541.125,1002.7315063476562,836.7310180664062,20250225-162840
65,12,0,0.259765625,792.3303833007812,1364.531005859375,62.418182373046875,91.65206909179688,20250225-162840
65,8,0,0.392333984375,745.5098876953125,501.65582275390625,130.03793334960938,175.1102294921875,20250225-162840
65,0,0,0.400634765625,912.923095703125,1866.308837890625,53.22216796875,160.9347686767578,20250225-162840
65,3,0,0.5009765625,792.4888916015625,1362.7576904296875,124.10897827148438,158.7265167236328,20250225-162840
65,1,0,0.57568359375,779.6451416015625,1221.020263671875,86.164306640625,77.28787231445312,20250225-162840
65,5,0,0.611328125,655.1103515625,554.2267456054688,270.0186767578125,263.7109680175781,20250225-162840
65,2,0,0.7255859375,694.99609375,1399.4296875,236.8443603515625,376.2048645019531,20250225-162840
65,14,0,0.7373046875,749.2542114257812,816.1983032226562,54.3519287109375,61.956024169921875,20250225-162840
65,6,0,0.76904296875,640.87353515625,1186.714111328125,120.62164306640625,195.35305786132812,20250225-162840
65,4,0,0.8505859375,671.5892333984375,1787.269775390625,132.224853515625,184.36981201171875,20250225-162840
65,7,0,0.87353515625,645.7134399414062,1569.0260009765625,144.73626708984375,210.68540954589844,20250225-162840
65,9,0,0.91552734375,538.1484375,2.0526580810546875,435.872314453125,530.487548828125,20250225-162840
65,10,0,0.92626953125,235.94976806640625,541.0279541015625,1003.2052001953125,835.301513671875,20250225-162840
66,0,0,0.438720703125,912.6696166992188,1865.6627197265625,53.8729248046875,161.0908203125,20250225-162840
66,8,0,0.5146484375,745.9623413085938,500.45068359375,131.50936889648438,173.5659637451172,20250225-162840
66,1,0,0.56201171875,779.4838256835938,1220.906982421875,83.29861450195312,77.28229522705078,20250225-162840
66,3,0,0.5849609375,792.6290893554688,1363.640625,122.98388671875,156.73464965820312,20250225-162840
66,14,0,0.73046875,749.59033203125,815.863037109375,52.511444091796875,62.55108642578125,20250225-162840
66,2,0,0.7529296875,696.0584106445312,1405.0235595703125,232.888916015625,352.90557861328125,20250225-162840
66,6,0,0.76708984375,640.4992065429688,1186.696044921875,120.47506713867188,195.93150329589844,20250225-162840
66,5,0,0.7861328125,654.7886962890625,561.2698974609375,261.71026611328125,264.4255676269531,20250225-162840
66,4,0,0.82958984375,675.2051391601562,1787.2020263671875,132.2105712890625,179.0920867919922,20250225-162840
66,7,0,0.87548828125,645.394775390625,1570.5758056640625,149.12786865234375,211.56114196777344,20250225-162840
66,9,0,0.916015625,537.7864379882812,1.8489990234375,436.7721862792969,530.9994506835938,20250225-162840
66,10,0,0.931640625,226.62391662597656,540.0444946289062,1003.7794189453125,844.2603759765625,20250225-162840
67,0,0,0.35400390625,913.1365356445312,1866.0999755859375,53.32928466796875,160.6532440185547,20250225-162840
67,1,0,0.4599609375,778.8685913085938,1220.09130859375,87.7283935546875,78.91307830810547,20250225-162840
67,8,0,0.53125,746.7850341796875,500.9499206542969,130.86488342285156,175.0857696533203,20250225-162840
67,3,0,0.607421875,792.572265625,1363.4580078125,123.11416625976562,151.82040405273438,20250225-162840
67,14,0,0.6953125,749.7564697265625,816.0130615234375,51.47552490234375,61.907012939453125,20250225-162840
67,2,0,0.74462890625,695.5492553710938,1403.7901611328125,231.9521484375,376.13067626953125,20250225-162840
67,6,0,0.7548828125,640.5108032226562,1186.77978515625,119.87539672851562,195.5535888671875,20250225-162840
67,5,0,0.794921875,654.8184814453125,556.9390869140625,266.277099609375,264.63970947265625,20250225-162840
67,4,0,0.80908203125,677.2982177734375,1787.082275390625,131.8538818359375,178.177978515625,20250225-162840
67,7,0,0.87890625,645.4733276367188,1573.604736328125,155.6795654296875,212.00575256347656,20250225-162840
67,9,0,0.91943359375,537.76513671875,1.865936279296875,434.60870361328125,531.4246826171875,20250225-162840
67,10,0,0.93359375,230.04615783691406,539.3016357421875,1003.3927001953125,840.753662109375,20250225-162840
68,0,0,0.2958984375,912.6832275390625,1865.9014892578125,53.5169677734375,161.18093872070312,20250225-162840
68,1,0,0.501953125,779.6361083984375,1218.743408203125,88.38198852539062,78.05014038085938,20250225-162840
68,3,0,0.51953125,792.7512817382812,1363.740234375,123.42544555664062,156.6375732421875,20250225-162840
68,8,0,0.583984375,746.1599731445312,501.7788391113281,130.12586975097656,175.1635284423828,20250225-162840
68,2,0,0.73388671875,696.5750732421875,1399.388427734375,236.185546875,361.3387756347656,20250225-162840
68,14,0,0.740234375,749.3870849609375,816.0504150390625,50.62078857421875,62.56396484375,20250225-162840
68,6,0,0.765625,640.5501098632812,1186.475341796875,119.59231567382812,195.76177978515625,20250225-162840
68,5,0,0.8076171875,654.6249389648438,559.4104614257812,262.26910400390625,264.6497497558594,20250225-162840
68,4,0,0.8193359375,681.4611206054688,1786.801025390625,132.52020263671875,173.86830139160156,20250225-162840
68,7,0,0.8857421875,644.9163818359375,1576.7969970703125,158.94415283203125,213.77365112304688,20250225-162840
68,9,0,0.91552734375,537.011474609375,1.678253173828125,434.7809143066406,532.168701171875,20250225-162840
68,10,0,0.93603515625,235.46018981933594,540.2224731445312,1003.1215209960938,835.9096069335938,20250225-162840
69,0,0,0.2239990234375,912.9860229492188,1866.8880615234375,52.61444091796875,160.9520263671875,20250225-162840
69,1,0,0.4833984375,778.8919677734375,1217.633056640625,89.02853393554688,78.68648529052734,20250225-162840
69,3,0,0.529296875,792.5758666992188,1365.030029296875,122.59561157226562,158.70326232910156,20250225-162840
69,8,0,0.61328125,746.2988891601562,502.77813720703125,129.10528564453125,175.64572143554688,20250225-162840
69,14,0,0.650390625,748.9616088867188,816.482666015625,50.763885498046875,63.25103759765625,20250225-162840
69,2,0,0.673828125,696.4307250976562,1401.5474853515625,234.0362548828125,333.012939453125,20250225-162840
69,6,0,0.7705078125,640.0254516601562,1186.543212890625,119.18838500976562,201.0364990234375,20250225-162840
69,4,0,0.8125,683.7514038085938,1787.17724609375,132.140625,172.4892120361328,20250225-162840
69,5,0,0.826171875,654.3841552734375,564.0536499023438,258.7972412109375,264.850830078125,20250225-162840
69,7,0,0.87841796875,644.2742309570312,1579.51904296875,161.99505615234375,213.43748474121094,20250225-162840
69,9,0,0.91455078125,536.814453125,1.863555908203125,432.90106201171875,532.0450439453125,20250225-162840
69,10,0,0.9365234375,229.64060974121094,538.3853149414062,1004.8209228515625,841.046875,20250225-162840
70,0,0,0.27978515625,913.7532348632812,1866.4727783203125,52.94915771484375,160.3947296142578,20250225-162840
70,12,0,0.286865234375,792.1734008789062,1364.6845703125,63.8975830078125,91.366943359375,20250225-162840
70,3,0,0.4853515625,792.3814697265625,1363.031982421875,123.16159057617188,158.2305908203125,20250225-162840
70,1,0,0.5107421875,778.6148071289062,1218.0347900390625,91.42080688476562,79.72726440429688,20250225-162840
70,8,0,0.6142578125,746.1307983398438,502.60638427734375,128.44349670410156,175.77369689941406,20250225-162840
70,14,0,0.626953125,749.6083374023438,816.517822265625,50.940582275390625,61.46678924560547,20250225-162840
70,2,0,0.70654296875,695.5138549804688,1396.4161376953125,243.277587890625,355.78265380859375,20250225-162840
70,6,0,0.75341796875,639.65869140625,1186.54150390625,117.93804931640625,194.56015014648438,20250225-162840
70,5,0,0.8076171875,654.6512451171875,567.1931762695312,255.73883056640625,264.6802062988281,20250225-162840
70,4,0,0.80908203125,683.8488159179688,1787.7681884765625,131.4554443359375,172.55882263183594,20250225-162840
70,7,0,0.8759765625,643.5202026367188,1581.9158935546875,166.3707275390625,212.88726806640625,20250225-162840
70,9,0,0.91748046875,535.877197265625,1.6745452880859375,436.56793212890625,533.340576171875,20250225-162840
70,10,0,0.9365234375,231.21018981933594,538.798828125,1004.203125,839.78857421875,20250225-162840
71,0,0,0.251708984375,913.6077880859375,1866.828369140625,52.68365478515625,160.49368286132812,20250225-162840
71,3,0,0.5146484375,792.3316040039062,1362.814208984375,122.77716064453125,156.357421875,20250225-162840
71,1,0,0.5556640625,778.9869384765625,1217.9769287109375,89.27114868164062,78.49190521240234,20250225-162840
71,8,0,0.59912109375,745.9747924804688,503.015625,131.6732940673828,176.21530151367188,20250225-162840
71,2,0,0.72802734375,694.7911987304688,1401.4896240234375,234.649658203125,375.3602600097656,20250225-162840
71,14,0,0.73388671875,749.3501586914062,815.7035522460938,52.155853271484375,62.33582305908203,20250225-162840
71,6,0,0.73779296875,639.8721313476562,1185.73486328125,117.18511962890625,194.42135620117188,20250225-162840
71,5,0,0.79296875,655.0355834960938,564.297607421875,258.1780700683594,264.0165710449219,20250225-162840
71,4,0,0.81640625,684.52392578125,1786.6044921875,132.2255859375,172.37411499023438,20250225-162840
71,7,0,0.86279296875,642.838623046875,1584.457763671875,170.033203125,214.25018310546875,20250225-162840
71,9,0,0.91943359375,535.503662109375,1.673492431640625,437.5520324707031,533.6500854492188,20250225-162840
71,10,0,0.9345703125,229.77767944335938,539.921630859375,1002.9228515625,841.3837280273438,20250225-162840
72,0,0,0.30322265625,913.6651000976562,1866.4866943359375,52.93121337890625,160.75083923339844,20250225-162840
72,12,0,0.31494140625,792.3145751953125,1364.960205078125,62.7381591796875,92.3236083984375,20250225-162840
72,3,0,0.419677734375,792.4575805664062,1363.31396484375,122.57785034179688,159.06185913085938,20250225-162840
72,1,0,0.5048828125,779.0985717773438,1217.966552734375,90.74688720703125,79.10800170898438,20250225-162840
72,8,0,0.66259765625,745.8765869140625,501.1786193847656,133.42135620117188,176.34352111816406,20250225-162840
72,14,0,0.74853515625,749.6943969726562,815.3175659179688,52.39215087890625,61.84530258178711,20250225-162840
72,6,0,0.751953125,640.0497436523438,1184.672119140625,118.58624267578125,196.86607360839844,20250225-162840
72,2,0,0.7548828125,694.7490234375,1394.272705078125,253.76953125,376.40911865234375,20250225-162840
72,4,0,0.802734375,684.2633056640625,1787.5133056640625,131.41259765625,172.36630249023438,20250225-162840
72,5,0,0.81982421875,654.7943115234375,573.2466430664062,249.6416015625,264.3728942871094,20250225-162840
72,7,0,0.86376953125,641.364013671875,1589.18017578125,169.251708984375,215.27023315429688,20250225-162840
72,9,0,0.9150390625,534.3870849609375,1.303802490234375,435.6438903808594,535.5216674804688,20250225-162840
72,10,0,0.93505859375,237.84747314453125,539.7453002929688,1003.3092041015625,833.8352661132812,20250225-162840
73,0,0,0.414794921875,914.0825805664062,1866.4896240234375,52.85760498046875,159.94317626953125,20250225-162840
73,1,0,0.4580078125,778.2926025390625,1215.4677734375,88.67523193359375,79.55929565429688,20250225-162840
73,3,0,0.5234375,792.234619140625,1363.172607421875,122.43804931640625,155.9249267578125,20250225-162840
73,8,0,0.64404296875,745.9110717773438,500.50140380859375,134.66665649414062,176.6138916015625,20250225-162840
73,6,0,0.7373046875,639.3602905273438,1185.7137451171875,116.92190551757812,199.06369018554688,20250225-162840
73,2,0,0.759765625,694.71337890625,1401.270263671875,239.8363037109375,376.84002685546875,20250225-162840
73,14,0,0.759765625,751.0294189453125,815.1458129882812,52.45733642578125,60.50050735473633,20250225-162840
73,5,0,0.763671875,654.5801391601562,571.1804809570312,252.342041015625,264.6356201171875,20250225-162840
73,4,0,0.80126953125,685.2427978515625,1788.0897216796875,130.84716796875,170.18963623046875,20250225-162840
73,7,0,0.8681640625,640.5675048828125,1593.7042236328125,169.18267822265625,216.1254119873047,20250225-162840
73,9,0,0.92236328125,534.7574462890625,1.6918487548828125,434.0465087890625,534.2958374023438,20250225-162840
73,10,0,0.93310546875,222.74282836914062,540.7315063476562,1000.5518188476562,849.5947265625,20250225-162840
74,0,0,0.35400390625,912.501953125,1866.884033203125,52.6259765625,161.74974060058594,20250225-162841
74,1,0,0.5078125,778.7637939453125,1216.57421875,90.29031372070312,79.08448028564453,20250225-162841
74,3,0,0.5341796875,792.4822998046875,1363.84765625,122.9161376953125,160.20401000976562,20250225-162841
74,8,0,0.65673828125,745.5112915039062,500.4172668457031,133.474365234375,176.3618927001953,20250225-162841
74,2,0,0.72021484375,694.8524780273438,1403.4700927734375,231.4921875,374.9827880859375,20250225-162841
74,14,0,0.74853515625,751.6123046875,815.0989990234375,53.22015380859375,60.71465301513672,20250225-162841
74,6,0,0.75341796875,640.7388305664062,1185.30322265625,117.468017578125,195.64036560058594,20250225-162841
74,5,0,0.8076171875,654.5885009765625,569.0037841796875,253.80038452148438,264.4244079589844,20250225-162841
74,4,0,0.81396484375,686.143310546875,1787.3184814453125,131.6129150390625,170.91061401367188,20250225-162841
74,7,0,0.8701171875,640.7032470703125,1596.4581298828125,168.9107666015625,216.74017333984375,20250225-162841
74,9,0,0.9189453125,535.697509765625,1.29766845703125,433.84661865234375,533.8364868164062,20250225-162841
74,10,0,0.9365234375,232.72845458984375,539.8932495117188,1002.1001586914062,839.0343017578125,20250225-162841
75,12,0,0.2281494140625,792.3760986328125,1365.06201171875,61.241363525390625,92.98519134521484,20250225-162841
75,0,0,0.355712890625,913.4400634765625,1867.134521484375,52.4696044921875,160.9127197265625,20250225-162841
75,3,0,0.376708984375,792.6840209960938,1364.4805908203125,122.32635498046875,160.84628295898438,20250225-162841
75,1,0,0.51171875,778.8221435546875,1216.1685791015625,92.52337646484375,79.92167663574219,20250225-162841
75,8,0,0.6298828125,745.5968627929688,500.35162353515625,133.34609985351562,176.9530029296875,20250225-162841
75,2,0,0.74072265625,695.5057983398438,1400.26806640625,236.94049072265625,375.6433410644531,20250225-162841
75,6,0,0.74072265625,639.7544555664062,1185.13671875,117.54547119140625,197.75189208984375,20250225-162841
75,14,0,0.7490234375,751.8307495117188,816.1732177734375,51.95965576171875,60.097618103027344,20250225-162841
75,5,0,0.79052734375,654.6744995117188,558.1261596679688,265.938720703125,264.5213317871094,20250225-162841
75,4,0,0.80908203125,686.7501220703125,1787.5400390625,131.77880859375,170.10072326660156,20250225-162841
75,7,0,0.865234375,640.4298706054688,1599.78662109375,168.06390380859375,217.67723083496094,20250225-162841
75,9,0,0.91845703125,537.3845825195312,0.918914794921875,431.8528747558594,532.7637329101562,20250225-162841
75,10,0,0.93310546875,219.9739227294922,541.2048950195312,1000.1220703125,852.6083374023438,20250225-162841
76,12,0,0.2330322265625,792.1770629882812,1366.323974609375,58.699493408203125,90.37052917480469,20250225-162841
76,0,0,0.400634765625,913.972900390625,1866.96826171875,52.45770263671875,160.05079650878906,20250225-162841
76,1,0,0.41015625,779.3073120117188,1216.8697509765625,90.0860595703125,79.22180938720703,20250225-162841
76,3,0,0.4619140625,792.2042236328125,1365.374755859375,121.0499267578125,162.6986846923828,20250225-162841
76,8,0,0.61962890625,745.6179809570312,499.467529296875,133.12600708007812,176.48333740234375,20250225-162841
76,6,0,0.732421875,639.7227783203125,1184.587646484375,118.44680786132812,203.3160400390625,20250225-162841
76,14,0,0.76123046875,752.0354614257812,815.5534057617188,54.021697998046875,59.68700408935547,20250225-162841
76,5,0,0.78515625,654.6596069335938,561.1701049804688,262.50933837890625,264.9072265625,20250225-162841
76,2,0,0.78662109375,695.223388671875,1402.4996337890625,236.40234375,377.2908020019531,20250225-162841
76,4,0,0.80029296875,687.2472534179688,1786.29052734375,132.64434814453125,169.3509063720703,20250225-162841
76,7,0,0.87060546875,639.2401123046875,1602.7236328125,166.957763671875,218.30271911621094,20250225-162841
76,9,0,0.91455078125,537.7651977539062,0.7306365966796875,430.66070556640625,533.272216796875,20250225-162841
76,10,0,0.9306640625,231.2235870361328,540.9951782226562,999.9420776367188,841.01953125,20250225-162841
77,0,0,0.369384765625,913.421142578125,1867.704345703125,51.71356201171875,160.85142517089844,20250225-162841
77,12,0,0.420654296875,791.94482421875,1367.489990234375,62.054718017578125,95.80001068115234,20250225-162841
77,1,0,0.42822265625,779.5706176757812,1214.793212890625,87.80419921875,79.11555480957031,20250225-162841
77,8,0,0.69287109375,746.0137329101562,501.9919738769531,132.7895965576172,176.55209350585938,20250225-162841
77,6,0,0.74169921875,641.4395141601562,1183.85546875,120.06655883789062,200.07803344726562,20250225-162841
77,14,0,0.75439453125,751.9462890625,814.6939086914062,55.294830322265625,60.54668426513672,20250225-162841
77,2,0,0.76708984375,694.9765625,1400.2598876953125,236.5850830078125,375.9027099609375,20250225-162841
77,4,0,0.80126953125,688.5341186523438,1786.9464111328125,131.98626708984375,168.2823944091797,20250225-162841
77,5,0,0.8115234375,654.182861328125,567.805908203125,255.91067504882812,265.2464294433594,20250225-162841
77,7,0,0.8740234375,638.2285766601562,1602.355224609375,167.249267578125,219.8182373046875,20250225-162841
77,9,0,0.91455078125,537.7665405273438,1.10577392578125,430.46044921875,532.9575805664062,20250225-162841
77,10,0,0.92919921875,233.79043579101562,540.697998046875,1000.370361328125,838.5088500976562,20250225-162841
78,3,0,0.202392578125,789.8701171875,1371.663330078125,113.514404296875,156.5401611328125,20250225-162841
78,0,0,0.41015625,913.9171142578125,1867.229736328125,52.19805908203125,160.28091430664062,20250225-162841
78,1,0,0.4111328125,778.8206176757812,1216.9383544921875,91.99264526367188,80.49622344970703,20250225-162841
78,12,0,0.441650390625,790.1690063476562,1367.390869140625,60.74835205078125,96.26898956298828,20250225-162841
78,8,0,0.6083984375,745.7850952148438,502.6863098144531,130.55296325683594,176.55715942382812,20250225-162841
78,6,0,0.7138671875,643.7047729492188,1184.6861572265625,119.86587524414062,199.59307861328125,20250225-162841
78,14,0,0.78125,752.2083129882812,814.9227905273438,56.086578369140625,59.55010223388672,20250225-162841
78,2,0,0.78515625,694.9489135742188,1397.8516845703125,241.3487548828125,376.8149108886719,20250225-162841
78,5,0,0.806640625,654.1063842773438,569.8976440429688,254.772216796875,265.1571044921875,20250225-162841
78,4,0,0.8134765625,687.79150390625,1787.2225341796875,131.70794677734375,168.9862060546875,20250225-162841
78,7,0,0.87109375,637.298828125,1600.9698486328125,167.85296630859375,220.8111572265625,20250225-162841
78,9,0,0.91162109375,538.1456909179688,0.733428955078125,429.29937744140625,532.3851318359375,20250225-162841
78,10,0,0.9287109375,242.67442321777344,538.8519287109375,1002.0860595703125,828.3880004882812,20250225-162841
79,3,0,0.271240234375,789.7913208007812,1373.2745361328125,112.72915649414062,161.2872772216797,20250225-162841
79,0,0,0.405517578125,913.5078735351562,1866.5811767578125,52.93927001953125,160.32228088378906,20250225-162841
79,12,0,0.42529296875,790.3102416992188,1369.7794189453125,60.854095458984375,96.62930297851562,20250225-162841
79,1,0,0.4921875,778.9940185546875,1214.385498046875,94.91510009765625,80.0052719116211,20250225-162841
79,8,0,0.66650390625,745.7378540039062,503.171630859375,135.15444946289062,176.71929931640625,20250225-162841
79,6,0,0.7080078125,647.0169677734375,1186.1591796875,119.17758178710938,192.83804321289062,20250225-162841
79,14,0,0.7744140625,752.2916259765625,813.91552734375,56.924835205078125,59.62331771850586,20250225-162841
79,2,0,0.7841796875,694.7664794921875,1400.678466796875,240.33343505859375,377.2928161621094,20250225-162841
79,5,0,0.80419921875,654.1224365234375,573.5183715820312,249.64434814453125,265.46051025390625,20250225-162841
79,4,0,0.818359375,687.482421875,1787.1712646484375,131.7568359375,168.7523193359375,20250225-162841
79,7,0,0.86767578125,637.4906005859375,1600.79443359375,165.951416015625,219.53396606445312,20250225-162841
79,9,0,0.92041015625,537.5743408203125,1.29913330078125,428.30255126953125,531.99609375,20250225-162841
79,10,0,0.9306640625,242.4721221923828,539.3007202148438,1001.471923828125,829.0452270507812,20250225-162841
80,0,0,0.349609375,913.861328125,1867.2403564453125,52.27203369140625,160.19482421875,20250225-162841
80,12,0,0.400634765625,790.0778198242188,1370.852783203125,58.511077880859375,97.2968978881836,20250225-162841
80,1,0,0.47265625,778.9699096679688,1213.630615234375,95.70794677734375,79.98836517333984,20250225-162841
80,6,0,0.5830078125,647.6004638671875,1186.532470703125,118.48114013671875,191.18820190429688,20250225-162841
80,8,0,0.65576171875,745.2615356445312,502.90460205078125,133.32046508789062,177.04742431640625,20250225-162841
80,14,0,0.7734375,752.3731079101562,814.6827392578125,56.27178955078125,60.45664978027344,20250225-162841
80,2,0,0.783203125,694.9878540039062,1399.2674560546875,241.025390625,377.1637878417969,20250225-162841
80,5,0,0.8173828125,653.7685546875,576.8237915039062,246.4134521484375,265.294921875,20250225-162841
80,4,0,0.82177734375,686.92333984375,1786.5574951171875,132.36712646484375,170.00836181640625,20250225-162841
80,7,0,0.8681640625,637.2094116210938,1601.113037109375,163.76531982421875,220.65061950683594,20250225-162841
80,9,0,0.9228515625,537.5711669921875,1.29547119140625,428.6514587402344,531.6965942382812,20250225-162841
80,10,0,0.93115234375,240.82254028320312,539.11962890625,1001.5352783203125,830.8372192382812,20250225-162841
81,6,0,0.2139892578125,641.2937622070312,1188.5306396484375,117.57577514648438,206.95272827148438,20250225-162841
81,0,0,0.35400390625,913.7138671875,1867.5003662109375,52.01275634765625,160.43858337402344,20250225-162841
81,12,0,0.37841796875,788.8890991210938,1371.439697265625,57.994903564453125,98.51011657714844,20250225-162841
81,1,0,0.391357421875,778.6602172851562,1215.42333984375,91.42172241210938,78.92286682128906,20250225-162841
81,8,0,0.6103515625,745.2780151367188,501.7431335449219,132.45272827148438,176.89198303222656,20250225-162841
81,14,0,0.76708984375,752.508056640625,814.7177124023438,55.8336181640625,59.920379638671875,20250225-162841
81,2,0,0.77783203125,694.9238891601562,1399.830322265625,241.99786376953125,377.55322265625,20250225-162841
81,5,0,0.78466796875,653.67529296875,564.2288818359375,258.70513916015625,265.258056640625,20250225-162841
81,4,0,0.81298828125,686.4478149414062,1786.900634765625,131.9326171875,170.3037872314453,20250225-162841
81,7,0,0.8759765625,637.3049926757812,1601.1844482421875,162.3189697265625,220.12010192871094,20250225-162841
81,9,0,0.91943359375,537.5704345703125,1.10595703125,428.89874267578125,532.0734252929688,20250225-162841
81,10,0,0.927734375,235.8433380126953,538.1954956054688,1002.3101806640625,836.0401611328125,20250225-162841
82,12,0,0.2247314453125,786.8921508789062,1371.59130859375,56.6993408203125,100.35830688476562,20250225-162841
82,0,0,0.381103515625,913.4002075195312,1867.231201171875,52.201171875,160.6993408203125,20250225-162841
82,3,0,0.435791015625,785.197265625,1372.60498046875,113.91998291015625,162.8511962890625,20250225-162841
82,6,0,0.505859375,703.4752807617188,1189.73388671875,118.33758544921875,146.6572723388672,20250225-162841
82,8,0,0.64501953125,745.4530639648438,501.5362243652344,135.07424926757812,176.83584594726562,20250225-162841
82,2,0,0.75146484375,695.2863159179688,1401.4471435546875,239.5286865234375,376.3527526855469,20250225-162841
82,14,0,0.7607421875,752.464599609375,813.9254150390625,56.32232666015625,59.92647171020508,20250225-162841
82,5,0,0.7880859375,653.477294921875,564.4074096679688,257.78173828125,265.69195556640625,20250225-162841
82,4,0,0.79931640625,686.75537109375,1786.6787109375,132.25213623046875,169.09555053710938,20250225-162841
82,7,0,0.876953125,637.77783203125,1602.22119140625,159.20965576171875,219.40963745117188,20250225-162841
82,9,0,0.92236328125,537.9431762695312,1.1092529296875,428.0371398925781,531.256591796875,20250225-162841
82,10,0,0.9248046875,237.8218994140625,539.4525146484375,1001.7850341796875,833.9827880859375,20250225-162841
83,3,0,0.31396484375,786.4691772460938,1374.1087646484375,106.34646606445312,143.27999877929688,20250225-162841
83,0,0,0.3388671875,913.4879760742188,1867.244384765625,52.2674560546875,160.66311645507812,20250225-162841
83,8,0,0.5380859375,745.6583862304688,501.3057861328125,133.3586883544922,176.28378295898438,20250225-162841
83,6,0,0.5478515625,704.0989990234375,1191.83642578125,116.27288818359375,147.37472534179688,20250225-162841
83,2,0,0.76220703125,695.3582153320312,1396.33740234375,246.3955078125,376.8375244140625,20250225-162841
83,14,0,0.77099609375,752.3346557617188,812.2732543945312,58.186798095703125,59.725799560546875,20250225-162841
83,4,0,0.8056640625,686.37841796875,1786.499267578125,132.43084716796875,170.22354125976562,20250225-162841
83,5,0,0.822265625,653.437255859375,556.4127197265625,265.0621032714844,266.2418212890625,20250225-162841
83,7,0,0.8798828125,637.86865234375,1602.65478515625,157.37237548828125,218.8846893310547,20250225-162841
83,9,0,0.92236328125,537.5671997070312,1.293548583984375,427.96636962890625,531.3367919921875,20250225-162841
83,10,0,0.9228515625,239.139404296875,540.1012573242188,1002.0675659179688,832.6493530273438,20250225-162841
84,12,0,0.2493896484375,785.8302612304688,1374.23681640625,50.68414306640625,100.14930725097656,20250225-162841
84,0,0,0.3720703125,913.3490600585938,1867.03564453125,52.39215087890625,160.8321990966797,20250225-162841
84,8,0,0.47265625,745.1495971679688,499.9974060058594,133.8336639404297,175.60992431640625,20250225-162841
84,6,0,0.55078125,705.3923950195312,1193.4111328125,114.56790161132812,144.31735229492188,20250225-162841
84,2,0,0.78271484375,695.2061157226562,1396.7596435546875,247.93212890625,378.7552185058594,20250225-162841
84,14,0,0.783203125,752.21044921875,811.7839965820312,58.55255126953125,59.632415771484375,20250225-162841
84,5,0,0.81005859375,653.5350952148438,557.0385131835938,264.4021911621094,266.0390930175781,20250225-162841
84,4,0,0.8193359375,686.0621337890625,1786.2352294921875,132.598388671875,169.7683868408203,20250225-162841
84,7,0,0.8828125,637.865966796875,1603.682373046875,155.03302001953125,218.26954650878906,20250225-162841
84,10,0,0.92236328125,251.34109497070312,541.3055419921875,1002.664306640625,821.2005615234375,20250225-162841
84,9,0,0.92236328125,537.3820190429688,1.1062774658203125,428.2010192871094,531.3880615234375,20250225-162841
85,3,0,0.2120361328125,783.4428100585938,1378.9757080078125,105.04769897460938,159.9575958251953,20250225-162841
85,0,0,0.369384765625,913.0977783203125,1867.2271728515625,52.29071044921875,161.0061798095703,20250225-162841
85,8,0,0.50390625,745.2053833007812,498.9317626953125,135.94912719726562,171.1521453857422,20250225-162841
85,6,0,0.57275390625,704.721435546875,1193.0594482421875,115.2952880859375,144.88426208496094,20250225-162841
85,14,0,0.783203125,752.08349609375,812.6716918945312,58.130035400390625,60.32275390625,20250225-162841
85,2,0,0.7890625,695.1348266601562,1391.647705078125,248.934814453125,378.21466064453125,20250225-162841
85,4,0,0.818359375,685.5792846679688,1786.616455078125,132.30908203125,170.26890563964844,20250225-162841
85,5,0,0.83935546875,652.89599609375,553.90283203125,267.67181396484375,266.26171875,20250225-162841
85,7,0,0.884765625,637.6821899414062,1604.4100341796875,152.90570068359375,217.61907958984375,20250225-162841
85,10,0,0.92236328125,252.2898712158203,541.7406005859375,1002.60498046875,819.7869262695312,20250225-162841
85,9,0,0.92236328125,537.7548217773438,1.1069183349609375,428.8623962402344,531.27001953125,20250225-162841
86,0,0,0.362060546875,913.640380859375,1867.507080078125,51.92138671875,160.47445678710938,20250225-162841
86,8,0,0.393310546875,745.6824340820312,500.4939880371094,135.68399047851562,175.89120483398438,20250225-162841
86,6,0,0.58056640625,705.5209350585938,1195.42822265625,113.17840576171875,145.32028198242188,20250225-162841
86,2,0,0.77880859375,694.2557983398438,1385.0306396484375,265.5604248046875,379.71905517578125,20250225-162841
86,14,0,0.810546875,752.4684448242188,811.22021484375,60.036529541015625,58.501853942871094,20250225-162841
86,4,0,0.82421875,686.0709228515625,1785.6412353515625,133.285400390625,170.4058837890625,20250225-162841
86,5,0,0.83056640625,653.67822265625,545.4244995117188,274.56573486328125,265.345947265625,20250225-162841
86,7,0,0.87841796875,637.4965209960938,1605.3651123046875,150.13238525390625,218.7032012939453,20250225-162841
86,10,0,0.9228515625,252.47637939453125,541.6766967773438,1004.2849731445312,819.7119140625,20250225-162841
86,9,0,0.9228515625,537.7509155273438,1.294647216796875,428.9024963378906,530.734375,20250225-162841
87,0,0,0.3603515625,913.7605590820312,1867.4168701171875,52.01202392578125,160.5292205810547,20250225-162841
87,8,0,0.43017578125,745.609619140625,497.3829345703125,138.14048767089844,167.6475067138672,20250225-162841
87,6,0,0.57275390625,705.4661865234375,1196.353271484375,112.65078735351562,144.31292724609375,20250225-162841
87,2,0,0.7705078125,694.2489624023438,1384.9749755859375,255.0633544921875,379.2437438964844,20250225-162841
87,14,0,0.80126953125,752.3384399414062,811.7138671875,59.2470703125,59.100181579589844,20250225-162841
87,4,0,0.81689453125,686.5565795898438,1785.579345703125,133.3465576171875,170.26303100585938,20250225-162841
87,5,0,0.8349609375,653.8201293945312,545.0806884765625,274.49688720703125,265.12030029296875,20250225-162841
87,7,0,0.87890625,637.8724975585938,1605.827392578125,149.215576171875,218.7220916748047,20250225-162841
87,10,0,0.921875,253.04629516601562,542.7753295898438,1004.49609375,819.3102416992188,20250225-162841
87,9,0,0.923828125,538.1293334960938,1.1096649169921875,430.8604431152344,530.494140625,20250225-162841
88,8,0,0.33447265625,746.120361328125,458.84783935546875,178.35397338867188,175.1140899658203,20250225-162841
88,0,0,0.3701171875,913.472900390625,1867.1495361328125,52.27862548828125,160.64242553710938,20250225-162841
88,6,0,0.61328125,705.49658203125,1196.01123046875,112.95712280273438,144.17083740234375,20250225-162841
88,5,0,0.77734375,653.9140014648438,547.9136352539062,271.47235107421875,264.9150390625,20250225-162841
88,2,0,0.7841796875,694.2332763671875,1386.5921630859375,253.2052001953125,379.1093444824219,20250225-162841
88,4,0,0.7890625,686.7051391601562,1785.640869140625,133.19293212890625,169.4350128173828,20250225-162841
88,14,0,0.79296875,752.1685791015625,810.3473510742188,60.45501708984375,59.65044021606445,20250225-162841
88,7,0,0.87841796875,637.6837158203125,1607.0364990234375,148.67230224609375,218.43536376953125,20250225-162841
88,9,0,0.9208984375,537.7564697265625,1.2913055419921875,427.61737060546875,531.1205444335938,20250225-162841
88,10,0,0.92431640625,253.81173706054688,543.7276611328125,1004.43603515625,818.2276611328125,20250225-162841
89,1,0,0.2049560546875,785.2881469726562,1211.19775390625,139.74517822265625,85.0625,20250225-162841
89,12,0,0.2186279296875,782.8795776367188,1378.4842529296875,54.85748291015625,106.21401977539062,20250225-162841
89,0,0,0.3310546875,913.2848510742188,1867.67724609375,51.74249267578125,160.78955078125,20250225-162841
89,8,0,0.517578125,744.886962890625,501.81500244140625,133.2242889404297,170.7406768798828,20250225-162841
89,6,0,0.5888671875,705.1632690429688,1197.1961669921875,111.73773193359375,144.207275390625,20250225-162841
89,2,0,0.7685546875,694.2275390625,1386.46630859375,254.84893798828125,377.962890625,20250225-162841
89,4,0,0.80419921875,686.279541015625,1786.1920166015625,132.640869140625,169.61209106445312,20250225-162841
89,14,0,0.8115234375,752.047119140625,809.619873046875,61.226806640625,59.876258850097656,20250225-162841
89,5,0,0.830078125,653.4884033203125,545.7998657226562,272.32891845703125,266.06585693359375,20250225-162841
89,7,0,0.87744140625,637.6845703125,1607.4686279296875,150.48101806640625,218.40304565429688,20250225-162841
89,10,0,0.9228515625,253.62213134765625,543.6007690429688,1002.6340942382812,818.4157104492188,20250225-162841
89,9,0,0.92431640625,537.9461669921875,1.297119140625,429.087890625,531.2371215820312,20250225-162841
90,0,0,0.33447265625,912.8602905273438,1867.322021484375,52.099365234375,161.2351837158203,20250225-162841
90,8,0,0.443603515625,745.1063232421875,499.4804992675781,136.62730407714844,172.56396484375,20250225-162841
90,6,0,0.546875,704.4302368164062,1197.0914306640625,111.593994140625,145.6605987548828,20250225-162841
90,2,0,0.79736328125,694.4373779296875,1385.2833251953125,251.72900390625,378.76104736328125,20250225-162841
90,14,0,0.8017578125,752.2164916992188,809.9500122070312,60.74578857421875,60.193748474121094,20250225-162841
90,4,0,0.80322265625,686.3907470703125,1785.4200439453125,133.5032958984375,169.07516479492188,20250225-162841
90,5,0,0.8291015625,653.4298095703125,547.3289794921875,271.2074890136719,265.47576904296875,20250225-162841
90,7,0,0.8857421875,637.682861328125,1606.774658203125,152.35125732421875,217.8604278564453,20250225-162841
90,9,0,0.92138671875,537.9434814453125,1.1111297607421875,428.9058837890625,530.7469482421875,20250225-162841
90,10,0,0.92529296875,254.74891662597656,543.555908203125,1002.9413452148438,817.3445434570312,20250225-162841
91,0,0,0.35302734375,912.8988037109375,1867.9698486328125,51.630615234375,161.0218963623047,20250225-162841
91,8,0,0.5146484375,745.078369140625,501.9060974121094,134.4983367919922,175.9531707763672,20250225-162841
91,6,0,0.57666015625,704.8213500976562,1196.917724609375,111.96597290039062,146.03147888183594,20250225-162841
91,2,0,0.80078125,694.5288696289062,1383.8734130859375,256.86053466796875,378.2247619628906,20250225-162841
91,14,0,0.810546875,752.0919189453125,809.4226684570312,61.5223388671875,60.009986877441406,20250225-162841
91,5,0,0.8115234375,653.001220703125,544.5970458984375,273.1431884765625,265.8135681152344,20250225-162841
91,4,0,0.8125,686.5490112304688,1785.2882080078125,133.63494873046875,169.514404296875,20250225-162841
91,7,0,0.8798828125,637.494140625,1605.7056884765625,155.8465576171875,219.33688354492188,20250225-162841
91,9,0,0.921875,538.1307373046875,1.1044464111328125,429.87353515625,530.720703125,20250225-162841
91,10,0,0.9228515625,252.86407470703125,544.2401733398438,1002.739013671875,819.1538696289062,20250225-162841
92,0,0,0.34423828125,913.4496459960938,1867.894775390625,51.52496337890625,160.54415893554688,20250225-162841
92,8,0,0.4560546875,745.2742309570312,501.70660400390625,137.98585510253906,176.49801635742188,20250225-162841
92,6,0,0.4609375,705.8553466796875,1196.45556640625,113.21969604492188,143.33279418945312,20250225-162841
92,5,0,0.7646484375,653.9368896484375,545.7127685546875,272.3370666503906,264.67962646484375,20250225-162841
92,2,0,0.79052734375,695.2146606445312,1385.4287109375,258.7144775390625,378.3387451171875,20250225-162841
92,14,0,0.80908203125,752.0917358398438,809.6244506835938,61.013946533203125,60.239837646484375,20250225-162841
92,4,0,0.81298828125,687.0928955078125,1785.777099609375,133.05413818359375,169.7263641357422,20250225-162841
92,7,0,0.87890625,637.306396484375,1605.05419921875,156.98529052734375,218.7650909423828,20250225-162841
92,9,0,0.91796875,538.515625,1.106781005859375,431.83172607421875,530.4247436523438,20250225-162841
92,10,0,0.92138671875,254.00047302246094,544.083984375,1001.4375,818.1585693359375,20250225-162841
93,0,0,0.275146484375,913.3743286132812,1867.4124755859375,52.00799560546875,160.87100219726562,20250225-162841
93,8,0,0.4921875,745.3689575195312,505.5372619628906,130.63829040527344,176.6195526123047,20250225-162841
93,6,0,0.55078125,705.4623413085938,1196.9229736328125,112.229736328125,144.72256469726562,20250225-162841
93,2,0,0.79833984375,695.0481567382812,1383.7642822265625,258.8638916015625,378.8001708984375,20250225-162841
93,14,0,0.80322265625,752.002685546875,808.5507202148438,62.22216796875,59.98329162597656,20250225-162841
93,5,0,0.8173828125,654.5817260742188,548.27783203125,269.51385498046875,264.32745361328125,20250225-162841
93,4,0,0.82421875,687.659912109375,1786.3590087890625,132.47296142578125,169.28416442871094,20250225-162841
93,7,0,0.87841796875,637.4920043945312,1603.686767578125,159.20306396484375,219.298095703125,20250225-162841
93,9,0,0.91748046875,538.1409301757812,1.2924041748046875,435.6512145996094,530.9130859375,20250225-162841
93,10,0,0.92333984375,248.88548278808594,543.7868041992188,1000.6506958007812,823.2383422851562,20250225-162841
94,0,0,0.3603515625,912.335693359375,1862.1024169921875,57.36767578125,162.15682983398438,20250225-162841
94,6,0,0.5048828125,704.7800903320312,1196.7822265625,112.106689453125,144.5957794189453,20250225-162841
94,8,0,0.61328125,745.40673828125,506.7472229003906,128.3993682861328,176.51536560058594,20250225-162841
94,2,0,0.79833984375,694.2940673828125,1384.8760986328125,255.43359375,379.18658447265625,20250225-162841
94,14,0,0.802734375,751.8383178710938,808.665771484375,62.05499267578125,59.86501693725586,20250225-162841
94,4,0,0.81689453125,687.7254028320312,1787.6693115234375,131.73907470703125,168.02902221679688,20250225-162841
94,5,0,0.84765625,654.26416015625,550.6697387695312,266.6340637207031,264.509765625,20250225-162841
94,7,0,0.884765625,637.676025390625,1604.674072265625,157.7486572265625,219.1544189453125,20250225-162841
94,9,0,0.9189453125,537.77099609375,1.2901611328125,435.5188293457031,531.8635864257812,20250225-162841
94,10,0,0.921875,229.56936645507812,542.1868286132812,999.8344116210938,841.5867919921875,20250225-162841
95,0,0,0.3603515625,906.3167724609375,1859.28515625,60.26348876953125,167.04702758789062,20250225-162841
95,6,0,0.546875,705.4703369140625,1196.044677734375,112.28887939453125,145.4871826171875,20250225-162841
95,8,0,0.615234375,745.571044921875,506.488037109375,129.03163146972656,176.04518127441406,20250225-162841
95,2,0,0.80615234375,694.8182983398438,1385.65576171875,251.9967041015625,377.86566162109375,20250225-162841
95,14,0,0.81640625,751.8005981445312,808.5518188476562,62.261627197265625,59.6800537109375,20250225-162841
95,4,0,0.830078125,687.6192626953125,1785.8924560546875,132.93695068359375,167.78895568847656,20250225-162841
95,5,0,0.8369140625,654.507080078125,556.1885375976562,261.07708740234375,264.08404541015625,20250225-162841
95,7,0,0.87939453125,637.114990234375,1603.57763671875,157.48663330078125,219.08184814453125,20250225-162841
95,9,0,0.916015625,537.4120483398438,1.67230224609375,434.832763671875,532.6458740234375,20250225-162841
95,10,0,0.923828125,250.00814819335938,543.4596557617188,1001.1533203125,822.4878540039062,20250225-162841
96,0,0,0.42919921875,904.361083984375,1852.0631103515625,67.28631591796875,171.3105926513672,20250225-162841
96,6,0,0.5048828125,705.2109985351562,1195.1923828125,113.28121948242188,146.49586486816406,20250225-162841
96,8,0,0.62353515625,745.4449462890625,504.31219482421875,130.3268280029297,176.37451171875,20250225-162841
96,13,0,0.71044921875,678.5792236328125,197.38430786132812,216.933837890625,319.474609375,20250225-162841
96,2,0,0.80615234375,694.5917358398438,1386.8741455078125,252.601318359375,378.83709716796875,20250225-162841
96,14,0,0.8173828125,751.6732177734375,808.7286987304688,62.183990478515625,59.846649169921875,20250225-162841
96,4,0,0.8193359375,687.9078979492188,1786.61865234375,132.30523681640625,168.6559295654297,20250225-162841
96,5,0,0.822265625,653.7119140625,555.625,261.79376220703125,264.8997802734375,20250225-162841
96,7,0,0.87646484375,637.2095947265625,1604.188232421875,154.0308837890625,218.99253845214844,20250225-162841
96,9,0,0.9150390625,537.2352905273438,1.2975311279296875,435.75439453125,532.9755859375,20250225-162841
96,10,0,0.9208984375,231.53927612304688,541.3157958984375,1001.6596069335938,839.798095703125,20250225-162841
97,0,0,0.33642578125,901.3049926757812,1847.1533203125,72.4896240234375,173.16160583496094,20250225-162841
97,6,0,0.4794921875,706.3861694335938,1195.2235107421875,111.93063354492188,143.68850708007812,20250225-162841
97,8,0,0.56689453125,745.497314453125,506.3504333496094,130.69834899902344,176.69432067871094,20250225-162841
97,13,0,0.72509765625,674.8610229492188,195.76840209960938,216.3900146484375,315.0785827636719,20250225-162841
97,2,0,0.77197265625,694.984619140625,1385.451416015625,269.072021484375,379.12994384765625,20250225-162841
97,5,0,0.79736328125,654.30517578125,554.02734375,263.0245056152344,264.3863220214844,20250225-162841
97,14,0,0.8056640625,751.7971801757812,807.9713745117188,62.72589111328125,60.48797607421875,20250225-162841
97,4,0,0.81640625,688.2485961914062,1786.3740234375,132.45684814453125,168.45654296875,20250225-162841
97,7,0,0.87255859375,637.716064453125,1603.0645751953125,150.5423583984375,219.11973571777344,20250225-162841
97,10,0,0.91845703125,254.92555236816406,544.1669311523438,1001.8071899414062,817.4698486328125,20250225-162841
97,9,0,0.91845703125,538.5445556640625,1.486083984375,436.6343994140625,531.3845825195312,20250225-162841
98,6,0,0.4921875,706.5938110351562,1196.11669921875,111.01483154296875,143.63624572753906,20250225-162841
98,0,0,0.6162109375,899.1279296875,1839.7913818359375,79.7259521484375,176.6854705810547,20250225-162841
98,8,0,0.642578125,745.7938232421875,506.7783508300781,127.97932434082031,176.34738159179688,20250225-162841
98,13,0,0.7548828125,673.3452758789062,194.14215087890625,217.09286499023438,316.3739013671875,20250225-162841
98,14,0,0.7861328125,752.3020629882812,807.908935546875,61.762298583984375,60.742034912109375,20250225-162841
98,2,0,0.80859375,695.6553344726562,1386.335205078125,256.72979736328125,378.5754699707031,20250225-162841
98,4,0,0.8125,687.5840454101562,1787.1123046875,132.30743408203125,169.16880798339844,20250225-162841
98,5,0,0.83056640625,655.058349609375,554.5508422851562,262.21966552734375,263.8919372558594,20250225-162841
98,7,0,0.87451171875,638.2670288085938,1602.032958984375,148.40240478515625,218.20701599121094,20250225-162841
98,9,0,0.9169921875,538.3467407226562,1.8601226806640625,436.7137756347656,531.1961669921875,20250225-162841
98,10,0,0.92041015625,229.67245483398438,541.9544677734375,1001.776611328125,841.6213989257812,20250225-162841
99,6,0,0.537109375,707.2495727539062,1196.3140869140625,109.69747924804688,142.18638610839844,20250225-162841
99,8,0,0.591796875,746.1412963867188,507.3923034667969,128.2518768310547,176.17160034179688,20250225-162841
99,0,0,0.6884765625,892.5816650390625,1831.373291015625,88.14569091796875,183.6559600830078,20250225-162841
99,14,0,0.7861328125,752.1688842773438,808.4954223632812,61.89825439453125,61.24929428100586,20250225-162841
99,4,0,0.80517578125,687.8104858398438,1786.972412109375,132.44622802734375,168.6424560546875,20250225-162841
99,2,0,0.80908203125,695.722412109375,1387.203125,256.68218994140625,378.074951171875,20250225-162841
99,5,0,0.84033203125,655.2935180664062,545.8225708007812,271.31121826171875,263.69427490234375,20250225-162841
99,7,0,0.8662109375,638.89306640625,1599.9144287109375,148.285400390625,217.90798950195312,20250225-162841
99,9,0,0.91943359375,538.7334594726562,1.67706298828125,434.0757751464844,530.8020629882812,20250225-162841
99,10,0,0.92041015625,228.50927734375,541.7369995117188,1002.8331298828125,842.5768432617188,20250225-162841
100,6,0,0.513671875,706.3591918945312,1196.876953125,109.42080688476562,141.2918243408203,20250225-162841
100,0,0,0.638671875,888.1673583984375,1824.747802734375,94.54083251953125,187.86431884765625,20250225-162841
100,8,0,0.65478515625,746.5228881835938,508.780517578125,125.58036804199219,175.65225219726562,20250225-162841
100,14,0,0.79248046875,752.3006591796875,807.9329223632812,62.795928955078125,60.57269287109375,20250225-162841
100,4,0,0.80517578125,688.1473388671875,1785.1959228515625,133.73309326171875,168.6353759765625,20250225-162841
100,2,0,0.81591796875,694.8778686523438,1388.4942626953125,254.461669921875,378.4822692871094,20250225-162841
100,5,0,0.82666015625,655.3222045898438,546.63671875,270.5439147949219,263.5626220703125,20250225-162841
100,7,0,0.87646484375,639.6368408203125,1598.761962890625,148.08563232421875,217.61126708984375,20250225-162841
100,9,0,0.91357421875,538.7314453125,1.48077392578125,435.6224670410156,530.763427734375,20250225-162841
100,10,0,0.92236328125,226.53997802734375,541.1892700195312,1004.048583984375,844.699951171875,20250225-162841
101,6,0,0.454345703125,705.7898559570312,1195.9127197265625,110.15634155273438,142.7947998046875,20250225-162841
101,8,0,0.61865234375,746.7698974609375,508.1051330566406,128.45278930664062,175.5763702392578,20250225-162841
101,0,0,0.6669921875,882.5166015625,1815.1168212890625,104.25439453125,192.9394073486328,20250225-162841
101,5,0,0.77880859375,655.4127197265625,550.8240966796875,266.11724853515625,262.8709411621094,20250225-162841
101,14,0,0.796875,752.2554931640625,807.586181640625,63.45684814453125,60.80975341796875,20250225-162841
101,4,0,0.8017578125,687.8126220703125,1787.0673828125,132.4368896484375,168.0305633544922,20250225-162841
101,2,0,0.8125,695.4776611328125,1388.12841796875,249.34130859375,377.93310546875,20250225-162841
101,7,0,0.87255859375,639.9921264648438,1595.0364990234375,148.87188720703125,217.6885528564453,20250225-162841
101,9,0,0.9140625,538.9210815429688,1.8455657958984375,434.6390380859375,530.7627563476562,20250225-162841
101,10,0,0.9189453125,252.4822998046875,543.122314453125,1004.1024169921875,819.6593627929688,20250225-162841
102,6,0,0.5048828125,705.8665161132812,1195.94677734375,109.84945678710938,142.51353454589844,20250225-162841
102,8,0,0.556640625,746.877685546875,507.7652893066406,130.47079467773438,175.58375549316406,20250225-162841
102,0,0,0.56103515625,881.9530639648438,1810.756103515625,108.5218505859375,192.9874725341797,20250225-162841
102,5,0,0.7646484375,655.97119140625,543.3302001953125,274.1993408203125,262.24072265625,20250225-162841
102,14,0,0.7841796875,752.2127685546875,808.3075561523438,62.68212890625,61.223716735839844,20250225-162841
102,2,0,0.8017578125,695.0248413085938,1388.6033935546875,251.9091796875,378.756591796875,20250225-162841
102,4,0,0.8017578125,688.2794799804688,1785.6690673828125,133.7318115234375,169.1054229736328,20250225-162841
102,7,0,0.87890625,639.4247436523438,1590.76611328125,151.73638916015625,217.3339080810547,20250225-162841
102,9,0,0.91357421875,537.5660400390625,1.7061767578125,432.1000671386719,532.7215576171875,20250225-162841
102,10,0,0.91796875,254.37100219726562,542.9269409179688,1003.25244140625,817.73876953125,20250225-162841
103,8,0,0.5068359375,747.5218505859375,508.32916259765625,126.93415832519531,175.0051727294922,20250225-162841
103,6,0,0.5166015625,706.766357421875,1196.0072021484375,109.12637329101562,140.83596801757812,20250225-162841
103,0,0,0.70166015625,877.4129638671875,1804.7904052734375,114.5504150390625,196.30979919433594,20250225-162841
103,14,0,0.78466796875,752.0809326171875,809.2774658203125,62.387969970703125,61.85276794433594,20250225-162841
103,4,0,0.80908203125,688.1787109375,1785.8360595703125,133.56317138671875,167.8843994140625,20250225-162841
103,5,0,0.810546875,656.3267822265625,542.0110473632812,275.16632080078125,262.4171142578125,20250225-162841
103,2,0,0.814453125,694.9549560546875,1388.80810546875,250.89166259765625,378.52740478515625,20250225-162841
103,7,0,0.87744140625,639.7066040039062,1587.0889892578125,154.5780029296875,217.37652587890625,20250225-162841
103,9,0,0.91357421875,537.759033203125,1.347015380859375,433.0328063964844,532.4200439453125,20250225-162841
103,10,0,0.91552734375,254.928466796875,542.5440673828125,1001.0625,817.16748046875,20250225-162841
104,6,0,0.5458984375,706.696044921875,1198.307373046875,107.36984252929688,144.62745666503906,20250225-162842
104,8,0,0.55810546875,746.57470703125,509.028076171875,128.1774444580078,175.3494415283203,20250225-162842
104,0,0,0.6689453125,877.5982055664062,1800.146484375,119.19085693359375,196.48602294921875,20250225-162842
104,14,0,0.79638671875,751.87255859375,809.04345703125,62.5206298828125,61.76934051513672,20250225-162842
104,4,0,0.79736328125,687.9755249023438,1786.0283203125,132.80694580078125,167.17088317871094,20250225-162842
104,2,0,0.79833984375,695.5540161132812,1388.9791259765625,252.9561767578125,377.09271240234375,20250225-162842
104,5,0,0.806640625,656.0513916015625,540.3799438476562,276.2193603515625,262.4107971191406,20250225-162842
104,7,0,0.876953125,640.43359375,1583.537109375,156.739013671875,216.1817626953125,20250225-162842
104,10,0,0.91943359375,232.05030822753906,535.2879638671875,1007.029541015625,839.9932861328125,20250225-162842
104,9,0,0.91943359375,537.7887573242188,1.47454833984375,435.4404602050781,531.647705078125,20250225-162842
105,6,0,0.482421875,706.6751098632812,1200.1871337890625,104.86386108398438,142.86277770996094,20250225-162842
105,8,0,0.56591796875,747.9483642578125,505.6916198730469,144.1109161376953,172.93948364257812,20250225-162842
105,0,0,0.63232421875,872.3641357421875,1795.75341796875,123.57769775390625,200.906982421875,20250225-162842
105,5,0,0.78662109375,655.6904907226562,548.1154174804688,268.58551025390625,262.7859191894531,20250225-162842
105,14,0,0.791015625,751.993896484375,808.8427734375,62.502777099609375,62.31865692138672,20250225-162842
105,4,0,0.8017578125,688.2361450195312,1786.388427734375,132.446044921875,168.1090087890625,20250225-162842
105,2,0,0.81982421875,696.408935546875,1390.30810546875,248.7015380859375,378.4062194824219,20250225-162842
105,7,0,0.88720703125,640.43701171875,1580.17822265625,159.22430419921875,216.42156982421875,20250225-162842
105,10,0,0.91943359375,232.6756591796875,535.950439453125,1005.8501586914062,839.4078369140625,20250225-162842
105,9,0,0.9208984375,538.3525390625,1.465484619140625,434.7853088378906,530.976806640625,20250225-162842
106,1,0,0.441650390625,780.66845703125,1215.368896484375,86.55303955078125,75.07730102539062,20250225-162842
106,0,0,0.5888671875,871.1739501953125,1792.5845947265625,126.74505615234375,202.40927124023438,20250225-162842
106,8,0,0.5947265625,748.2669677734375,507.2783203125,152.50794982910156,172.957763671875,20250225-162842
106,5,0,0.744140625,655.5590209960938,535.763671875,281.725341796875,262.306640625,20250225-162842
106,14,0,0.77587890625,751.7808837890625,809.326904296875,62.53564453125,63.331031799316406,20250225-162842
106,4,0,0.78466796875,688.1556396484375,1785.7503662109375,133.7376708984375,168.9468994140625,20250225-162842
106,2,0,0.82275390625,696.5726318359375,1390.024658203125,246.378662109375,377.2544250488281,20250225-162842
106,7,0,0.88720703125,640.802734375,1576.861083984375,162.2578125,216.97406005859375,20250225-162842
106,10,0,0.916015625,226.39414978027344,535.9661865234375,1004.65283203125,845.0066528320312,20250225-162842
106,9,0,0.91748046875,537.770751953125,1.453399658203125,434.833740234375,532.119384765625,20250225-162842
107,1,0,0.32080078125,779.1464233398438,1217.177734375,94.60089111328125,76.1434097290039,20250225-162842
107,0,0,0.5517578125,868.6862182617188,1790.395751953125,128.93609619140625,204.15216064453125,20250225-162842
107,8,0,0.55810546875,746.0960693359375,508.9727783203125,129.6196746826172,175.75601196289062,20250225-162842
107,14,0,0.78857421875,751.9925537109375,809.641357421875,62.45947265625,63.015689849853516,20250225-162842
107,4,0,0.7900390625,688.1614990234375,1786.1290283203125,133.3681640625,167.8631591796875,20250225-162842
107,2,0,0.80908203125,697.126953125,1389.5994873046875,248.3994140625,377.168701171875,20250225-162842
107,5,0,0.81298828125,655.8826904296875,546.2177734375,270.7955017089844,262.8569030761719,20250225-162842
107,7,0,0.88134765625,640.5287475585938,1573.24658203125,164.00152587890625,216.74411010742188,20250225-162842
107,10,0,0.9189453125,223.2186737060547,535.2639770507812,1004.3109741210938,848.724853515625,20250225-162842
107,9,0,0.923828125,538.1532592773438,1.6687774658203125,433.4685974121094,531.81982421875,20250225-162842
108,6,0,0.420654296875,711.0596923828125,1217.2027587890625,87.29196166992188,144.96665954589844,20250225-162842
108,0,0,0.5302734375,864.4328002929688,1788.7803955078125,130.642822265625,208.98133850097656,20250225-162842
108,8,0,0.5947265625,746.1343383789062,509.510009765625,127.84364318847656,175.4641876220703,20250225-162842
108,4,0,0.779296875,687.9685668945312,1785.84521484375,133.0821533203125,168.9444122314453,20250225-162842
108,14,0,0.7822265625,751.7847290039062,810.0694580078125,62.108642578125,62.83235549926758,20250225-162842
108,2,0,0.80322265625,696.0037841796875,1389.7408447265625,249.933837890625,378.31988525390625,20250225-162842
108,5,0,0.8154296875,655.6179809570312,546.901123046875,271.1911926269531,262.8627624511719,20250225-162842
108,7,0,0.88427734375,640.9736328125,1569.90673828125,167.26373291015625,216.1851806640625,20250225-162842
108,10,0,0.9150390625,221.47836303710938,540.6820678710938,998.1884765625,849.3847045898438,20250225-162842
108,9,0,0.92431640625,538.52490234375,1.2946929931640625,434.7583923339844,531.4545288085938,20250225-162842
109,6,0,0.381103515625,711.9962158203125,1226.516845703125,78.41839599609375,143.48973083496094,20250225-162842
109,0,0,0.4873046875,861.3688354492188,1785.9964599609375,133.32952880859375,212.17869567871094,20250225-162842
109,8,0,0.60693359375,746.5148315429688,509.800048828125,124.80482482910156,175.359130859375,20250225-162842
109,14,0,0.7685546875,751.9085083007812,810.4664306640625,60.658447265625,62.565250396728516,20250225-162842
109,4,0,0.7841796875,687.7042846679688,1785.8082275390625,133.590087890625,168.91415405273438,20250225-162842
109,2,0,0.814453125,695.7777099609375,1389.1834716796875,247.8878173828125,378.691162109375,20250225-162842
109,5,0,0.85546875,655.99951171875,541.6265869140625,275.81011962890625,263.57366943359375,20250225-162842
109,7,0,0.8916015625,641.5985107421875,1564.59521484375,170.54718017578125,216.08180236816406,20250225-162842
109,10,0,0.9140625,220.7201385498047,540.5302734375,997.7426147460938,850.098876953125,20250225-162842
109,9,0,0.92431640625,538.7061767578125,1.6700592041015625,434.63177490234375,531.6011352539062,20250225-162842
110,6,0,0.33203125,712.8882446289062,1231.1663818359375,75.6917724609375,144.26885986328125,20250225-162842
110,8,0,0.51171875,746.1680908203125,509.50799560546875,127.07601928710938,175.51492309570312,20250225-162842
110,0,0,0.6318359375,859.443115234375,1784.848388671875,134.55780029296875,212.01622009277344,20250225-162842
110,14,0,0.732421875,751.2634887695312,810.2953491210938,59.99468994140625,62.46997833251953,20250225-162842
110,4,0,0.77197265625,688.1641235351562,1786.2564697265625,132.57659912109375,168.32432556152344,20250225-162842
110,2,0,0.81005859375,696.4176025390625,1389.892822265625,247.3480224609375,378.3020935058594,20250225-162842
110,5,0,0.841796875,655.9422607421875,552.8092041015625,265.198974609375,263.5791015625,20250225-162842
110,7,0,0.89453125,642.3864135742188,1561.0404052734375,173.926025390625,215.14663696289062,20250225-162842
110,10,0,0.91796875,222.031982421875,538.726318359375,1000.4320678710938,848.8880004882812,20250225-162842
110,9,0,0.9267578125,538.898681640625,1.11236572265625,434.97308349609375,530.9036254882812,20250225-162842
111,6,0,0.333740234375,714.8580322265625,1234.2149658203125,72.65386962890625,141.37069702148438,20250225-162842
111,8,0,0.57275390625,746.9683227539062,508.34326171875,129.45030212402344,175.0756378173828,20250225-162842
111,0,0,0.60107421875,859.314697265625,1782.1512451171875,137.2752685546875,213.61163330078125,20250225-162842
111,14,0,0.74169921875,751.1441650390625,810.018310546875,59.55377197265625,62.76188659667969,20250225-162842
111,4,0,0.80859375,688.1704711914062,1786.279541015625,133.21124267578125,167.6758270263672,20250225-162842
111,2,0,0.81005859375,696.7871704101562,1389.6492919921875,247.95263671875,377.40887451171875,20250225-162842
111,5,0,0.83935546875,655.6492919921875,547.9151000976562,269.8312683105469,263.5623474121094,20250225-162842
111,7,0,0.89404296875,642.821533203125,1558.106689453125,176.79217529296875,214.26344299316406,20250225-162842
111,10,0,0.91650390625,220.36102294921875,537.7948608398438,1000.6364135742188,850.305908203125,20250225-162842
111,9,0,0.92626953125,539.4598388671875,1.488555908203125,435.02301025390625,529.9598388671875,20250225-162842
112,6,0,0.304931640625,715.1841430664062,1234.578369140625,151.43820190429688,188.7537841796875,20250225-162842
112,8,0,0.552734375,746.3141479492188,507.5704650878906,129.70440673828125,176.05874633789062,20250225-162842
112,0,0,0.61328125,860.397216796875,1780.8790283203125,138.44293212890625,211.12400817871094,20250225-162842
112,14,0,0.73046875,751.2691650390625,810.6509399414062,57.218719482421875,64.23748779296875,20250225-162842
112,4,0,0.779296875,688.1482543945312,1785.5972900390625,133.3271484375,168.2727813720703,20250225-162842
112,2,0,0.7880859375,697.413818359375,1390.77392578125,248.4649658203125,375.8318176269531,20250225-162842
112,5,0,0.84326171875,656.0035400390625,541.4104614257812,276.7283935546875,263.66973876953125,20250225-162842
112,7,0,0.8955078125,642.908447265625,1556.4071044921875,177.78515625,214.72674560546875,20250225-162842
112,10,0,0.92041015625,217.54457092285156,538.0546875,1000.3428955078125,852.7555541992188,20250225-162842
112,9,0,0.92529296875,539.641357421875,1.2994537353515625,434.36199951171875,530.3365478515625,20250225-162842
113,8,0,0.4619140625,746.7685546875,507.65020751953125,128.9893341064453,171.959716796875,20250225-162842
113,6,0,0.4658203125,716.2354125976562,1234.925048828125,151.02044677734375,188.2318878173828,20250225-162842
113,14,0,0.68701171875,751.5050048828125,810.64306640625,56.801788330078125,63.12340545654297,20250225-162842
113,0,0,0.6953125,860.1246337890625,1777.6746826171875,141.7437744140625,211.40785217285156,20250225-162842
113,2,0,0.76416015625,697.784423828125,1390.0865478515625,252.920654296875,375.06671142578125,20250225-162842
113,4,0,0.775390625,688.076904296875,1785.9635009765625,133.443603515625,166.8020782470703,20250225-162842
113,5,0,0.83203125,655.917724609375,551.9877319335938,266.2442321777344,263.7690734863281,20250225-162842
113,7,0,0.89306640625,643.0036010742188,1555.4375,178.66552734375,214.58924865722656,20250225-162842
113,10,0,0.9150390625,219.39439392089844,538.3170776367188,999.42626953125,850.9259643554688,20250225-162842
113,9,0,0.923828125,539.2716674804688,1.6714324951171875,432.755615234375,531.3583984375,20250225-162842
114,6,0,0.352294921875,715.4185180664062,1239.4921875,146.5546875,183.812255859375,20250225-162842
114,8,0,0.376708984375,746.8047485351562,507.78692626953125,123.00494384765625,174.5374755859375,20250225-162842
114,14,0,0.68603515625,751.5836181640625,810.041015625,57.6566162109375,62.64189910888672,20250225-162842
114,0,0,0.7421875,858.5718383789062,1777.4747314453125,141.9503173828125,212.47799682617188,20250225-162842
114,4,0,0.77685546875,687.7706909179688,1785.9290771484375,133.475830078125,166.6482696533203,20250225-162842
114,2,0,0.80419921875,696.7700805664062,1390.974609375,247.5274658203125,377.1163635253906,20250225-162842
114,5,0,0.8408203125,655.3807983398438,548.6444091796875,269.268310546875,264.40313720703125,20250225-162842
114,7,0,0.8916015625,642.5674438476562,1554.3328857421875,179.93719482421875,215.8846893310547,20250225-162842
114,10,0,0.9169921875,217.88739013671875,537.7959594726562,1000.0903930664062,852.4561767578125,20250225-162842
114,9,0,0.923828125,539.84033203125,1.4797210693359375,431.5139465332031,530.8696899414062,20250225-162842
115,8,0,0.422607421875,746.921142578125,504.7885437011719,133.61087036132812,169.1055908203125,20250225-162842
115,6,0,0.4833984375,715.15966796875,1230.466064453125,155.27655029296875,187.43568420410156,20250225-162842
115,0,0,0.69189453125,857.2628173828125,1775.91943359375,143.49407958984375,214.4231719970703,20250225-162842
115,14,0,0.70166015625,751.952880859375,810.1159057617188,56.9908447265625,63.0615234375,20250225-162842
115,4,0,0.78125,687.236083984375,1785.6192626953125,133.8797607421875,168.63357543945312,20250225-162842
115,2,0,0.79638671875,695.8681640625,1390.417236328125,248.0423583984375,378.54766845703125,20250225-162842
115,5,0,0.80615234375,655.2504272460938,548.720947265625,269.33441162109375,263.9892883300781,20250225-162842
115,7,0,0.8935546875,642.5747680664062,1553.89208984375,180.2069091796875,215.3648223876953,20250225-162842
115,10,0,0.91259765625,219.50082397460938,535.875732421875,1002.2221069335938,851.2813110351562,20250225-162842
115,9,0,0.923828125,539.0828247070312,1.2923583984375,432.3122863769531,531.2244873046875,20250225-162842
116,6,0,0.259033203125,716.5511474609375,1237.876220703125,148.44882202148438,181.11769104003906,20250225-162842
116,8,0,0.482421875,746.8720703125,503.529052734375,134.15528869628906,174.09124755859375,20250225-162842
116,0,0,0.7099609375,857.83935546875,1775.1177978515625,144.29150390625,213.12103271484375,20250225-162842
116,14,0,0.71630859375,751.5003662109375,809.7680053710938,57.619171142578125,63.015602111816406,20250225-162842
116,4,0,0.75048828125,685.7825317382812,1785.9580078125,133.61956787109375,169.4051055908203,20250225-162842
116,2,0,0.7900390625,696.0022583007812,1390.91064453125,250.86163330078125,378.52825927734375,20250225-162842
116,5,0,0.82177734375,655.706787109375,550.59375,267.5287170410156,263.4911193847656,20250225-162842
116,7,0,0.89404296875,642.3983154296875,1554.016845703125,179.98773193359375,216.16107177734375,20250225-162842
116,9,0,0.91796875,539.0872802734375,1.4832000732421875,432.86474609375,531.6710205078125,20250225-162842
116,10,0,0.91943359375,219.03099060058594,537.2334594726562,1001.0198364257812,851.4443969726562,20250225-162842
117,6,0,0.43115234375,716.4271850585938,1238.39306640625,148.72027587890625,186.01402282714844,20250225-162842
117,8,0,0.4609375,747.6781005859375,506.36865234375,134.4243621826172,174.24813842773438,20250225-162842
117,0,0,0.689453125,857.2434692382812,1774.872802734375,144.44549560546875,213.3451385498047,20250225-162842
117,14,0,0.7099609375,751.8643798828125,809.8269653320312,57.486053466796875,62.73347854614258,20250225-162842
117,4,0,0.751953125,685.3060913085938,1785.873046875,133.6190185546875,169.51968383789062,20250225-162842
117,2,0,0.7958984375,696.8406372070312,1390.9530029296875,248.110107421875,377.9355163574219,20250225-162842
117,5,0,0.7958984375,655.8018798828125,541.5787353515625,277.12994384765625,263.3867492675781,20250225-162842
117,7,0,0.896484375,642.7472534179688,1553.8018798828125,179.92840576171875,214.77755737304688,20250225-162842
117,10,0,0.91650390625,219.54185485839844,536.5598754882812,1001.8634033203125,850.990478515625,20250225-162842
117,9,0,0.92333984375,540.02001953125,1.291259765625,433.57757568359375,530.0298461914062,20250225-162842
118,6,0,0.3388671875,717.170654296875,1238.625244140625,147.6064453125,183.275634765625,20250225-162842
118,8,0,0.446533203125,747.790771484375,506.8056335449219,128.2576446533203,172.2744598388672,20250225-162842
118,14,0,0.7001953125,752.153564453125,809.6810302734375,57.87359619140625,62.429466247558594,20250225-162842
118,0,0,0.765625,857.4116821289062,1774.713134765625,144.73370361328125,213.47998046875,20250225-162842
118,2,0,0.7841796875,697.2919311523438,1389.4405517578125,254.16943359375,377.2351379394531,20250225-162842
118,4,0,0.80517578125,682.9572143554688,1785.7115478515625,133.7991943359375,172.0520782470703,20250225-162842
118,5,0,0.83935546875,656.1767578125,541.5833740234375,277.00396728515625,263.1199035644531,20250225-162842
118,7,0,0.890625,643.4371948242188,1553.8125,179.01654052734375,213.7992706298828,20250225-162842
118,10,0,0.9189453125,219.09674072265625,536.7661743164062,1001.5927734375,851.4570922851562,20250225-162842
118,9,0,0.9208984375,539.4559326171875,1.2931365966796875,435.2926940917969,530.70458984375,20250225-162842
119,6,0,0.36669921875,716.8876342773438,1235.65478515625,151.27349853515625,184.2839813232422,20250225-162842
119,8,0,0.418701171875,747.4996948242188,506.4462890625,126.07003784179688,173.6351318359375,20250225-162842
119,14,0,0.71484375,752.0677490234375,809.4779663085938,58.301605224609375,63.07379913330078,20250225-162842
119,2,0,0.7744140625,696.5306396484375,1390.1348876953125,248.95001220703125,377.2253723144531,20250225-162842
119,0,0,0.7919921875,857.7898559570312,1774.121337890625,145.23797607421875,212.70663452148438,20250225-162842
119,4,0,0.84033203125,679.0699462890625,1785.3856201171875,134.02496337890625,175.6171417236328,20250225-162842
119,5,0,0.84423828125,655.740966796875,554.0162353515625,264.6085510253906,263.5865478515625,20250225-162842
119,7,0,0.88818359375,643.6062622070312,1554.5350341796875,177.93731689453125,213.54396057128906,20250225-162842
119,10,0,0.9189453125,217.92901611328125,536.444091796875,1001.282958984375,852.432373046875,20250225-162842
119,9,0,0.92138671875,539.2614135742188,1.107696533203125,435.5735778808594,530.3297119140625,20250225-162842
120,8,0,0.4873046875,747.8626098632812,504.2420654296875,128.54031372070312,171.39581298828125,20250225-162842
120,6,0,0.529296875,717.7556762695312,1232.2716064453125,153.63345336914062,184.78213500976562,20250225-162842
120,14,0,0.728515625,751.8699951171875,809.6256103515625,57.68353271484375,63.562171936035156,20250225-162842
120,2,0,0.7607421875,696.743896484375,1390.2572021484375,256.2513427734375,377.1771240234375,20250225-162842
120,0,0,0.80908203125,857.3704833984375,1774.5472412109375,144.7294921875,213.29690551757812,20250225-162842
120,5,0,0.8525390625,655.9596557617188,549.8391723632812,268.9455871582031,263.40081787109375,20250225-162842
120,4,0,0.8642578125,675.8174438476562,1785.8543701171875,133.745361328125,179.51901245117188,20250225-162842
120,7,0,0.89404296875,644.1893310546875,1555.5838623046875,177.88714599609375,212.60845947265625,20250225-162842
120,10,0,0.91943359375,217.81253051757812,538.1694946289062,999.8875122070312,853.1661987304688,20250225-162842
120,9,0,0.9208984375,539.6397094726562,1.107513427734375,434.5049743652344,530.2709350585938,20250225-162842
121,6,0,0.5068359375,717.3009033203125,1230.8016357421875,155.73751831054688,184.78359985351562,20250225-162842
121,8,0,0.5205078125,747.439697265625,506.9036865234375,127.93052673339844,172.7364044189453,20250225-162842
121,14,0,0.7431640625,752.03271484375,808.9639892578125,58.902374267578125,62.648677825927734,20250225-162842
121,2,0,0.77197265625,696.5816040039062,1390.82080078125,248.2547607421875,377.80401611328125,20250225-162842
121,0,0,0.8115234375,856.2186279296875,1774.82666015625,144.55609130859375,214.45303344726562,20250225-162842
121,5,0,0.845703125,655.0977783203125,546.6192626953125,272.25091552734375,263.8536682128906,20250225-162842
121,4,0,0.85791015625,673.9027099609375,1785.2457275390625,134.2584228515625,181.21678161621094,20250225-162842
121,7,0,0.89013671875,644.9225463867188,1555.556396484375,176.27142333984375,212.60467529296875,20250225-162842
121,9,0,0.919921875,539.6361694335938,1.11053466796875,435.5184631347656,529.6895751953125,20250225-162842
121,10,0,0.92041015625,216.8003387451172,536.3536376953125,1001.4715576171875,854.1837768554688,20250225-162842
122,6,0,0.33984375,717.8873901367188,1237.591552734375,149.90386962890625,182.45046997070312,20250225-162842
122,8,0,0.478515625,748.1437377929688,504.9245910644531,129.53343200683594,165.78944396972656,20250225-162842
122,14,0,0.736328125,752.2000732421875,809.252197265625,58.392059326171875,62.46894836425781,20250225-162842
122,2,0,0.78515625,696.936279296875,1389.52001953125,250.65142822265625,377.37384033203125,20250225-162842
122,0,0,0.8056640625,856.275634765625,1774.757080078125,144.71246337890625,215.1564178466797,20250225-162842
122,5,0,0.84765625,655.0753784179688,539.5643920898438,278.423583984375,264.41912841796875,20250225-162842
122,4,0,0.85302734375,671.0938720703125,1785.1614990234375,134.436767578125,184.7924041748047,20250225-162842
122,7,0,0.888671875,646.116943359375,1556.8092041015625,174.4581298828125,211.70877075195312,20250225-162842
122,9,0,0.9189453125,540.3870849609375,1.1111297607421875,436.8769226074219,529.0646362304688,20250225-162842
122,10,0,0.919921875,220.42376708984375,537.6009521484375,999.900146484375,850.2407836914062,20250225-162842
123,6,0,0.31396484375,718.8304443359375,1236.126953125,150.49786376953125,181.98886108398438,20250225-162842
123,8,0,0.4716796875,747.94189453125,507.52899169921875,127.16944885253906,172.26699829101562,20250225-162842
123,14,0,0.72802734375,752.0723266601562,809.1932373046875,59.626739501953125,62.49443817138672,20250225-162842
123,2,0,0.7724609375,696.58935546875,1388.5316162109375,258.8309326171875,377.30548095703125,20250225-162842
123,0,0,0.80908203125,858.218994140625,1775.0313720703125,144.5372314453125,213.3931121826172,20250225-162842
123,4,0,0.8359375,670.4617309570312,1785.14697265625,134.4580078125,185.48165893554688,20250225-162842
123,5,0,0.8505859375,655.6506958007812,541.4133911132812,277.29144287109375,263.6279296875,20250225-162842
123,7,0,0.8984375,647.0995483398438,1557.5703125,174.160400390625,210.27798461914062,20250225-162842
123,10,0,0.9169921875,220.18927001953125,536.6363525390625,1001.0634155273438,850.0585327148438,20250225-162842
123,9,0,0.921875,542.0928344726562,1.483795166015625,435.9262390136719,527.6325073242188,20250225-162842
124,8,0,0.307373046875,747.8956298828125,508.0168762207031,129.71864318847656,173.54544067382812,20250225-162842
124,6,0,0.318359375,719.2260131835938,1232.7711181640625,154.29986572265625,182.23739624023438,20250225-162842
124,14,0,0.69580078125,752.44677734375,808.8909301757812,60.75384521484375,61.37383270263672,20250225-162842
124,2,0,0.75634765625,696.4389038085938,1389.1636962890625,249.04248046875,376.9856262207031,20250225-162842
124,0,0,0.78515625,858.6763916015625,1775.504150390625,143.87493896484375,212.43284606933594,20250225-162842
124,5,0,0.82666015625,655.7437744140625,542.2952270507812,276.3738098144531,263.1033020019531,20250225-162842
124,4,0,0.83984375,670.4130859375,1785.0556640625,134.4609375,185.67886352539062,20250225-162842
124,7,0,0.89404296875,647.9830932617188,1558.6343994140625,172.90887451171875,209.72312927246094,20250225-162842
124,10,0,0.91796875,219.6990966796875,535.8471069335938,1002.678955078125,850.8760986328125,20250225-162842
124,9,0,0.919921875,543.2247314453125,1.108428955078125,435.1255187988281,527.1036987304688,20250225-162842
125,8,0,0.32861328125,747.1322021484375,507.60369873046875,129.7971954345703,174.1866912841797,20250225-162842
125,6,0,0.382080078125,718.6489868164062,1236.518798828125,150.77490234375,183.32237243652344,20250225-162842
125,14,0,0.72705078125,751.9537353515625,808.7909545898438,61.440032958984375,63.38501739501953,20250225-162842
125,2,0,0.77685546875,695.4170532226562,1389.0084228515625,253.273681640625,378.5435485839844,20250225-162842
125,0,0,0.798828125,859.6815185546875,1775.5059814453125,143.9501953125,211.1744842529297,20250225-162842
125,5,0,0.8310546875,655.6144409179688,546.7825927734375,271.77484130859375,263.2815246582031,20250225-162842
125,4,0,0.8427734375,668.990234375,1785.7467041015625,133.8343505859375,185.54539489746094,20250225-162842
125,7,0,0.89404296875,648.3268432617188,1559.820556640625,172.91326904296875,208.9686279296875,20250225-162842
125,9,0,0.916015625,543.218505859375,1.2986297607421875,436.3479309082031,526.9175415039062,20250225-162842
125,10,0,0.9189453125,220.0976104736328,536.2630004882812,1002.0027465820312,850.8323364257812,20250225-162842
126,6,0,0.24072265625,717.7702026367188,1236.6024169921875,150.40182495117188,181.3369903564453,20250225-162842
126,8,0,0.43310546875,746.6334228515625,506.03204345703125,132.14300537109375,174.45301818847656,20250225-162842
126,14,0,0.7216796875,752.0726928710938,808.730224609375,62.1939697265625,63.654014587402344,20250225-162842
126,2,0,0.7744140625,695.7044067382812,1388.373779296875,253.865478515625,378.9490051269531,20250225-162842
126,0,0,0.7890625,859.9053955078125,1776.3167724609375,143.11285400390625,211.15164184570312,20250225-162842
126,5,0,0.8154296875,655.3720703125,540.2100219726562,279.9502258300781,263.3901672363281,20250225-162842
126,4,0,0.818359375,669.2583618164062,1785.576416015625,133.9940185546875,185.41720581054688,20250225-162842
126,7,0,0.8984375,648.6044311523438,1561.0125732421875,171.33819580078125,208.43545532226562,20250225-162842
126,9,0,0.916015625,542.84716796875,1.2977142333984375,435.74066162109375,527.4453735351562,20250225-162842
126,10,0,0.91845703125,220.126708984375,536.2355346679688,1001.9130249023438,850.8759765625,20250225-162842
127,6,0,0.2666015625,718.60791015625,1233.612060546875,154.01312255859375,181.59945678710938,20250225-162842
127,8,0,0.57275390625,745.9361572265625,507.5563659667969,131.02130126953125,176.0080108642578,20250225-162842
127,14,0,0.650390625,751.6065673828125,809.6630859375,61.110626220703125,63.13671112060547,20250225-162842
127,2,0,0.7705078125,696.67724609375,1387.60009765625,255.85308837890625,376.50244140625,20250225-162842
127,0,0,0.787109375,860.1373291015625,1777.59228515625,141.94207763671875,210.86376953125,20250225-162842
127,4,0,0.7919921875,670.6064453125,1791.6976318359375,127.1422119140625,184.71282958984375,20250225-162842
127,5,0,0.81298828125,654.2553100585938,555.1605834960938,265.5992431640625,264.550537109375,20250225-162842
127,7,0,0.892578125,648.816650390625,1561.1605224609375,173.72406005859375,208.37905883789062,20250225-162842
127,9,0,0.91748046875,542.8430786132812,1.29949951171875,436.5696716308594,527.2755737304688,20250225-162842
127,10,0,0.92236328125,220.38308715820312,536.7156372070312,1001.53125,850.8001098632812,20250225-162842
128,6,0,0.27978515625,717.0979614257812,1223.526611328125,156.99737548828125,175.0065460205078,20250225-162842
128,8,0,0.4775390625,746.7377319335938,506.819580078125,131.8699951171875,175.2097930908203,20250225-162842
128,14,0,0.64892578125,751.497802734375,809.326904296875,61.36798095703125,61.66119384765625,20250225-162842
128,2,0,0.76904296875,697.0370483398438,1388.83740234375,253.636962890625,376.312255859375,20250225-162842
128,0,0,0.7822265625,859.7517700195312,1778.2174072265625,141.21826171875,211.65985107421875,20250225-162842
128,4,0,0.7919921875,671.399658203125,1801.5406494140625,117.3936767578125,184.2109375,20250225-162842
128,5,0,0.81298828125,655.5242309570312,551.1890258789062,269.70721435546875,263.2527770996094,20250225-162842
128,7,0,0.89501953125,649.281005859375,1561.10009765625,174.72015380859375,207.57894897460938,20250225-162842
128,9,0,0.91650390625,543.2200927734375,1.3004150390625,437.4223937988281,527.1074829101562,20250225-162842
128,10,0,0.9208984375,219.01751708984375,537.4967651367188,1001.1615600585938,852.0049438476562,20250225-162842
129,6,0,0.337158203125,718.6656494140625,1218.67626953125,166.2685546875,178.19033813476562,20250225-162842
129,14,0,0.450439453125,750.942626953125,810.3916625976562,59.03594970703125,61.56334686279297,20250225-162842
129,8,0,0.5166015625,746.5420532226562,506.6781005859375,131.08909606933594,175.65731811523438,20250225-162842
129,0,0,0.7724609375,861.1295166015625,1779.3211669921875,140.2093505859375,210.69674682617188,20250225-162842
129,2,0,0.7734375,697.4647827148438,1388.786865234375,256.29034423828125,375.4007568359375,20250225-162842
129,4,0,0.798828125,674.1107788085938,1800.8697509765625,118.061279296875,182.65921020507812,20250225-162842
129,5,0,0.80615234375,655.8596801757812,548.7403564453125,280.025390625,263.19146728515625,20250225-162842
129,7,0,0.89306640625,649.614013671875,1561.494140625,174.91790771484375,207.46359252929688,20250225-162842
129,10,0,0.91796875,219.7099151611328,536.7687377929688,1001.1388549804688,851.521728515625,20250225-162842
129,9,0,0.91845703125,544.1585083007812,1.112457275390625,437.947265625,526.6476440429688,20250225-162842
130,14,0,0.291015625,750.4879150390625,808.6298217773438,59.375701904296875,60.312538146972656,20250225-162842
130,1,0,0.29248046875,717.204345703125,1233.3065185546875,74.16714477539062,141.63470458984375,20250225-162842
130,8,0,0.552734375,746.867919921875,505.1705017089844,135.3387908935547,175.17759704589844,20250225-162842
130,2,0,0.7490234375,697.4777221679688,1388.5579833984375,263.4580078125,375.4028015136719,20250225-162842
130,0,0,0.78515625,862.3114013671875,1779.6463623046875,139.83160400390625,208.605224609375,20250225-162842
130,5,0,0.78857421875,656.0822143554688,552.0426635742188,278.419921875,262.34271240234375,20250225-162842
130,4,0,0.8134765625,676.2721557617188,1801.155029296875,117.78570556640625,180.0072021484375,20250225-162842
130,7,0,0.8916015625,649.7335205078125,1560.8492431640625,177.03369140625,207.83419799804688,20250225-162842
130,9,0,0.91357421875,544.34716796875,1.488006591796875,437.20306396484375,526.5115356445312,20250225-162842
130,10,0,0.91796875,219.01820373535156,537.3062133789062,1000.98193359375,852.3565063476562,20250225-162842
131,1,0,0.282958984375,781.5023193359375,1232.43701171875,71.1815185546875,76.37566375732422,20250225-162842
131,14,0,0.34521484375,750.0182495117188,809.4603881835938,58.911346435546875,60.635345458984375,20250225-162842
131,8,0,0.4111328125,746.1553344726562,506.1734619140625,130.7401885986328,172.6531524658203,20250225-162842
131,4,0,0.767578125,678.3712158203125,1802.556884765625,116.28460693359375,174.89414978027344,20250225-162842
131,0,0,0.78076171875,860.9595947265625,1780.27294921875,139.16107177734375,210.267333984375,20250225-162842
131,2,0,0.79248046875,696.0108642578125,1389.3116455078125,248.6092529296875,377.61468505859375,20250225-162842
131,5,0,0.79833984375,655.8023681640625,546.5667114257812,278.0687255859375,262.86407470703125,20250225-162842
131,7,0,0.89794921875,649.0054321289062,1560.8587646484375,178.2718505859375,207.97694396972656,20250225-162842
131,9,0,0.9111328125,543.9777221679688,1.2993621826171875,437.6273193359375,526.9686889648438,20250225-162842
131,10,0,0.921875,217.1785888671875,536.5635375976562,1000.024658203125,853.9173583984375,20250225-162842
132,6,0,0.260498046875,716.2313232421875,1226.214111328125,159.52340698242188,176.41677856445312,20250225-162842
132,14,0,0.286865234375,750.2144775390625,809.5578002929688,56.95806884765625,60.276145935058594,20250225-162842
132,8,0,0.5546875,745.77978515625,506.13629150390625,127.69216918945312,131.58334350585938,20250225-162842
132,4,0,0.7255859375,682.8790893554688,1799.1478271484375,120.26806640625,170.2659454345703,20250225-162842
132,0,0,0.76953125,862.0574340820312,1781.255126953125,138.0677490234375,209.65896606445312,20250225-162842
132,2,0,0.78076171875,695.5591430664062,1388.2994384765625,253.496337890625,378.27752685546875,20250225-162842
132,5,0,0.81884765625,654.74853515625,542.1315307617188,282.577880859375,264.1114196777344,20250225-162842
132,7,0,0.89697265625,648.9404907226562,1560.4434814453125,177.25689697265625,208.26950073242188,20250225-162842
132,9,0,0.91552734375,544.1526489257812,1.3001861572265625,437.4110412597656,526.3125610351562,20250225-162842
132,10,0,0.91650390625,217.32810974121094,536.7134399414062,1001.2150268554688,853.7717895507812,20250225-162842
133,1,0,0.355712890625,716.4426879882812,1229.54541015625,77.7564697265625,142.01597595214844,20250225-162842
133,14,0,0.36572265625,750.2779541015625,809.7352294921875,55.180572509765625,60.118045806884766,20250225-162842
133,4,0,0.484375,686.9874267578125,1828.4527587890625,90.73443603515625,164.90928649902344,20250225-162842
133,8,0,0.595703125,745.695068359375,507.75457763671875,127.22822570800781,174.4558563232422,20250225-162842
133,0,0,0.60400390625,864.31298828125,1781.1884765625,138.2197265625,207.4925994873047,20250225-162842
133,2,0,0.787109375,695.9998779296875,1388.501708984375,249.37847900390625,378.1360168457031,20250225-162842
133,5,0,0.81689453125,655.8342895507812,558.5804443359375,266.12677001953125,262.9716796875,20250225-162842
133,7,0,0.89404296875,649.2115478515625,1560.254150390625,177.3544921875,207.8258819580078,20250225-162842
133,10,0,0.9169921875,217.31951904296875,536.2402954101562,1002.8140869140625,853.8328857421875,20250225-162842
133,9,0,0.91796875,544.5272827148438,0.9250946044921875,438.0887145996094,525.833984375,20250225-162842
134,14,0,0.299072265625,750.9979248046875,809.2831420898438,55.826751708984375,59.977195739746094,20250225-162843
134,1,0,0.350341796875,717.6746215820312,1230.2244873046875,77.08438110351562,140.38848876953125,20250225-162843
134,4,0,0.458984375,691.0409545898438,1855.6278076171875,63.54840087890625,161.5469207763672,20250225-162843
134,8,0,0.5107421875,746.0952758789062,504.5904541015625,133.29940795898438,172.36656188964844,20250225-162843
134,0,0,0.583984375,866.0491333007812,1782.07666015625,137.344482421875,205.81898498535156,20250225-162843
134,2,0,0.76904296875,697.4097290039062,1389.0164794921875,247.4761962890625,376.63330078125,20250225-162843
134,5,0,0.787109375,655.8069458007812,538.5908203125,286.1499938964844,262.8577575683594,20250225-162843
134,7,0,0.89501953125,649.4873657226562,1560.158935546875,178.30389404296875,206.74569702148438,20250225-162843
134,9,0,0.91259765625,544.9120483398438,1.672760009765625,436.4241027832031,526.119873046875,20250225-162843
134,10,0,0.91748046875,223.33831787109375,530.8295288085938,1009.7770385742188,848.7125854492188,20250225-162843
135,14,0,0.376708984375,751.06884765625,809.6489868164062,54.69287109375,59.27742004394531,20250225-162843
135,1,0,0.38671875,719.2772827148438,1229.2900390625,77.80508422851562,139.22943115234375,20250225-162843
135,8,0,0.5087890625,747.0282592773438,506.7118835449219,130.91610717773438,174.77479553222656,20250225-162843
135,4,0,0.56396484375,695.1956787109375,1855.0089111328125,64.2154541015625,158.8240203857422,20250225-162843
135,0,0,0.61669921875,866.3154296875,1782.3629150390625,136.8662109375,205.46389770507812,20250225-162843
135,2,0,0.7861328125,696.644775390625,1388.40087890625,253.471435546875,377.105712890625,20250225-162843
135,5,0,0.791015625,655.6943359375,553.0640258789062,267.76080322265625,262.9659729003906,20250225-162843
135,7,0,0.8955078125,649.9307250976562,1560.1820068359375,178.40313720703125,206.6032257080078,20250225-162843
135,9,0,0.912109375,544.9102172851562,1.2972564697265625,437.5050048828125,525.9841918945312,20250225-162843
135,10,0,0.92138671875,225.00497436523438,531.4378051757812,1008.5511474609375,846.9434204101562,20250225-162843
136,14,0,0.260498046875,750.5994873046875,809.6319580078125,54.24847412109375,60.104827880859375,20250225-162843
136,1,0,0.388671875,717.5709228515625,1229.074951171875,78.32748413085938,139.3209686279297,20250225-162843
136,8,0,0.57080078125,746.7973022460938,505.9296569824219,130.17068481445312,173.9683380126953,20250225-162843
136,4,0,0.57861328125,696.2003784179688,1855.0096435546875,64.1524658203125,155.66854858398438,20250225-162843
136,0,0,0.6953125,866.0342407226562,1782.4749755859375,136.948974609375,204.986083984375,20250225-162843
136,2,0,0.80810546875,696.7780151367188,1388.949462890625,251.51019287109375,377.818115234375,20250225-162843
136,5,0,0.82080078125,655.896484375,557.4384155273438,263.00628662109375,262.5753173828125,20250225-162843
136,7,0,0.89599609375,649.7410888671875,1560.1878662109375,177.84814453125,206.38705444335938,20250225-162843
136,9,0,0.9130859375,544.9024658203125,1.1129150390625,438.15875244140625,525.6552734375,20250225-162843
136,10,0,0.923828125,220.14849853515625,535.3985595703125,1004.326904296875,851.0842895507812,20250225-162843
137,1,0,0.247314453125,716.1696166992188,1230.33642578125,77.2913818359375,141.0879669189453,20250225-162843
137,14,0,0.33203125,750.2201538085938,809.6497192382812,53.372772216796875,60.39785385131836,20250225-162843
137,4,0,0.59814453125,697.3046875,1856.233154296875,62.91943359375,154.432373046875,20250225-162843
137,8,0,0.6162109375,746.538330078125,506.0690002441406,129.83006286621094,170.4503936767578,20250225-162843
137,0,0,0.72802734375,863.9198608398438,1782.6229248046875,136.8079833984375,207.96578979492188,20250225-162843
137,2,0,0.78271484375,696.9146118164062,1388.2137451171875,256.11199951171875,377.35943603515625,20250225-162843
137,5,0,0.82861328125,655.6953735351562,560.1956176757812,258.97686767578125,262.6181335449219,20250225-162843
137,7,0,0.89501953125,649.4810180664062,1560.7342529296875,176.51129150390625,206.346923828125,20250225-162843
137,9,0,0.9150390625,544.5375366210938,1.4875030517578125,437.70684814453125,526.1864013671875,20250225-162843
137,10,0,0.92431640625,217.94677734375,535.8999633789062,1002.0977783203125,853.4957885742188,20250225-162843
138,1,0,0.290283203125,717.528564453125,1229.494140625,78.08633422851562,139.42233276367188,20250225-162843
138,8,0,0.56982421875,746.1337280273438,506.2569580078125,127.84648132324219,133.33135986328125,20250225-162843
138,4,0,0.6123046875,699.4526977539062,1856.197021484375,63.006591796875,152.82012939453125,20250225-162843
138,0,0,0.6689453125,863.9210815429688,1782.3599853515625,136.96563720703125,208.13340759277344,20250225-162843
138,2,0,0.77685546875,695.7044067382812,1389.1904296875,255.2904052734375,378.47796630859375,20250225-162843
138,5,0,0.822265625,655.2127685546875,549.5234985351562,269.488037109375,263.0432434082031,20250225-162843
138,7,0,0.89501953125,649.1500244140625,1562.4429931640625,175.4249267578125,208.12002563476562,20250225-162843
138,9,0,0.91552734375,545.4570922851562,1.3021087646484375,436.24066162109375,525.4995727539062,20250225-162843
138,10,0,0.92529296875,218.5077667236328,536.56494140625,1001.8787841796875,852.8308715820312,20250225-162843
139,1,0,0.26904296875,719.587646484375,1231.079345703125,76.8218994140625,138.19960021972656,20250225-162843
139,14,0,0.3857421875,750.7366333007812,809.4000244140625,52.67999267578125,60.524539947509766,20250225-162843
139,8,0,0.5498046875,746.5046997070312,505.5435791015625,128.03750610351562,134.3612518310547,20250225-162843
139,4,0,0.62158203125,701.663818359375,1855.2279052734375,63.96807861328125,151.7383575439453,20250225-162843
139,0,0,0.7392578125,864.4562377929688,1782.20654296875,137.22528076171875,208.070068359375,20250225-162843
139,2,0,0.7626953125,695.9356689453125,1387.42822265625,250.14532470703125,378.20880126953125,20250225-162843
139,5,0,0.8232421875,655.719482421875,552.1056518554688,266.82513427734375,263.3647766113281,20250225-162843
139,7,0,0.89013671875,649.7942504882812,1562.8692626953125,174.44879150390625,207.4210205078125,20250225-162843
139,9,0,0.91796875,546.205322265625,1.30023193359375,436.146240234375,524.3972778320312,20250225-162843
139,10,0,0.919921875,218.86697387695312,535.9616088867188,1002.7335205078125,852.5419921875,20250225-162843
140,6,0,0.219970703125,720.0695190429688,1225.419921875,156.91250610351562,171.82557678222656,20250225-162843
140,14,0,0.3603515625,752.0050659179688,811.211669921875,50.08355712890625,61.51639938354492,20250225-162843
140,8,0,0.546875,746.4825439453125,505.7714538574219,129.08477783203125,132.9338836669922,20250225-162843
140,4,0,0.56591796875,701.6729736328125,1855.3055419921875,63.89739990234375,153.55419921875,20250225-162843
140,0,0,0.73095703125,866.260986328125,1782.2178955078125,137.21136474609375,205.61573791503906,20250225-162843
140,2,0,0.76904296875,696.9935302734375,1387.2081298828125,252.0919189453125,377.1214294433594,20250225-162843
140,5,0,0.8310546875,655.841796875,554.5501708984375,264.0965881347656,263.169677734375,20250225-162843
140,7,0,0.89013671875,650.2344360351562,1566.024169921875,170.79803466796875,207.17759704589844,20250225-162843
140,9,0,0.9150390625,545.2787475585938,0.924774169921875,434.119384765625,526.001708984375,20250225-162843
140,10,0,0.9208984375,219.27053833007812,535.8922119140625,1001.8764038085938,851.6143798828125,20250225-162843
141,1,0,0.31494140625,720.8670654296875,1235.277587890625,73.1510009765625,137.3109893798828,20250225-162843
141,14,0,0.402587890625,751.5910034179688,811.4403076171875,50.04107666015625,61.38362121582031,20250225-162843
141,4,0,0.54296875,702.9994506835938,1789.462646484375,129.68408203125,153.2661895751953,20250225-162843
141,8,0,0.5859375,747.0006103515625,507.39971923828125,128.03411865234375,168.9141082763672,20250225-162843
141,0,0,0.7431640625,865.8416748046875,1782.3922119140625,136.941650390625,206.04275512695312,20250225-162843
141,2,0,0.7548828125,696.3031005859375,1388.1177978515625,259.77520751953125,378.11431884765625,20250225-162843
141,5,0,0.84130859375,656.02099609375,551.0166015625,268.1971435546875,262.9189147949219,20250225-162843
141,7,0,0.88623046875,650.0377197265625,1569.7159423828125,165.15087890625,206.65249633789062,20250225-162843
141,9,0,0.91748046875,545.6428833007812,1.2999114990234375,435.71441650390625,525.3373413085938,20250225-162843
141,10,0,0.921875,217.97793579101562,536.1707153320312,1000.1275634765625,853.0851440429688,20250225-162843
142,14,0,0.28857421875,750.7706298828125,809.3095092773438,52.305084228515625,60.53080749511719,20250225-162843
142,1,0,0.29833984375,721.2625732421875,1235.654052734375,72.7100830078125,136.43113708496094,20250225-162843
142,8,0,0.57373046875,746.3367309570312,506.851806640625,126.65707397460938,133.9176788330078,20250225-162843
142,4,0,0.5849609375,701.92041015625,1790.038818359375,129.2069091796875,153.2733917236328,20250225-162843
142,2,0,0.75439453125,695.941650390625,1387.87255859375,254.36004638671875,377.9914855957031,20250225-162843
142,0,0,0.75634765625,864.244140625,1782.424072265625,137.10205078125,207.2577667236328,20250225-162843
142,5,0,0.8447265625,654.3514404296875,550.4688720703125,268.0879211425781,264.5800476074219,20250225-162843
142,7,0,0.87158203125,649.1322021484375,1574.529052734375,159.82672119140625,208.5033416748047,20250225-162843
142,9,0,0.91796875,544.711181640625,1.302520751953125,433.10467529296875,526.201416015625,20250225-162843
142,10,0,0.9228515625,218.90447998046875,535.7891235351562,1000.7924194335938,851.897216796875,20250225-162843
143,14,0,0.310791015625,751.8031005859375,811.071533203125,50.132354736328125,60.60110092163086,20250225-162843
143,4,0,0.59716796875,702.55322265625,1858.1158447265625,61.13800048828125,149.1049041748047,20250225-162843
143,8,0,0.61328125,746.594482421875,506.9004821777344,127.40542602539062,167.5178985595703,20250225-162843
143,2,0,0.72412109375,696.3786010742188,1388.4224853515625,259.13818359375,377.088623046875,20250225-162843
143,0,0,0.7548828125,864.0742797851562,1782.1959228515625,137.32562255859375,207.36093139648438,20250225-162843
143,5,0,0.8505859375,653.7671508789062,554.1015014648438,264.28179931640625,265.36895751953125,20250225-162843
143,7,0,0.87353515625,649.2799682617188,1578.9971923828125,155.974365234375,207.76467895507812,20250225-162843
143,9,0,0.9150390625,544.8953857421875,1.112640380859375,434.7820129394531,526.8212280273438,20250225-162843
143,10,0,0.921875,219.67291259765625,536.8796997070312,1001.1990966796875,851.3219604492188,20250225-162843
144,14,0,0.416748046875,751.8078002929688,811.0394897460938,50.346771240234375,61.683509826660156,20250225-162843
144,8,0,0.513671875,746.9500732421875,505.64996337890625,129.97824096679688,174.1224822998047,20250225-162843
144,4,0,0.552734375,702.4242553710938,1790.3955078125,128.8172607421875,152.5575714111328,20250225-162843
144,0,0,0.74072265625,864.4378662109375,1781.93408203125,137.39007568359375,207.08250427246094,20250225-162843
144,2,0,0.7685546875,696.917236328125,1388.084228515625,248.1676025390625,376.8337707519531,20250225-162843
144,5,0,0.8330078125,654.829345703125,555.7531127929688,263.3088684082031,263.4510192871094,20250225-162843
144,7,0,0.87841796875,649.9296875,1581.397705078125,153.9913330078125,207.32659912109375,20250225-162843
144,9,0,0.91357421875,544.892822265625,1.2992706298828125,435.0892639160156,526.2152709960938,20250225-162843
144,10,0,0.91943359375,222.40464782714844,533.7129516601562,1005.917724609375,849.2224731445312,20250225-162843
145,1,0,0.313232421875,726.8170166015625,1238.3486328125,70.59695434570312,130.3213653564453,20250225-162843
145,8,0,0.448486328125,747.6079711914062,505.3388671875,130.2721710205078,170.69647216796875,20250225-162843
145,14,0,0.458984375,752.1622924804688,810.8572998046875,50.760040283203125,61.350059509277344,20250225-162843
145,4,0,0.55908203125,703.4763793945312,1857.896484375,61.30535888671875,150.4043731689453,20250225-162843
145,0,0,0.732421875,865.6732177734375,1782.1278076171875,137.20184326171875,205.93905639648438,20250225-162843
145,2,0,0.7470703125,697.5313720703125,1386.73291015625,247.9061279296875,376.269775390625,20250225-162843
145,5,0,0.82275390625,655.7408447265625,542.2227783203125,276.0552062988281,262.8605651855469,20250225-162843
145,7,0,0.87353515625,650.9771118164062,1583.64697265625,151.49835205078125,206.70596313476562,20250225-162843
145,10,0,0.91552734375,226.59439086914062,532.1993408203125,1007.9412231445312,845.1221923828125,20250225-162843
145,9,0,0.916015625,545.447998046875,1.2996826171875,434.2134704589844,525.527587890625,20250225-162843
146,1,0,0.299072265625,728.773681640625,1240.32373046875,68.00555419921875,128.1814422607422,20250225-162843
146,8,0,0.5302734375,747.3971557617188,508.2353210449219,126.60923767089844,173.98619079589844,20250225-162843
146,14,0,0.57568359375,750.9728393554688,809.7401733398438,52.87225341796875,63.12718200683594,20250225-162843
146,4,0,0.58154296875,703.2362060546875,1858.5849609375,60.66778564453125,150.76473999023438,20250225-162843
146,0,0,0.71875,865.389892578125,1782.065673828125,137.3525390625,206.21063232421875,20250225-162843
146,2,0,0.75146484375,696.9906616210938,1385.3565673828125,250.714599609375,375.9809875488281,20250225-162843
146,5,0,0.83642578125,655.75244140625,543.1188354492188,274.81658935546875,263.3163757324219,20250225-162843
146,7,0,0.8662109375,650.375244140625,1586.2730712890625,149.91192626953125,206.68801879882812,20250225-162843
146,10,0,0.9169921875,220.3699493408203,536.726806640625,1000.7947998046875,850.2304077148438,20250225-162843
146,9,0,0.91748046875,545.0775756835938,1.4866790771484375,434.8302001953125,525.7950439453125,20250225-162843
147,1,0,0.313232421875,731.1322631835938,1239.0595703125,69.77142333984375,125.8730239868164,20250225-162843
147,14,0,0.515625,750.8963012695312,810.5396118164062,53.263275146484375,61.969757080078125,20250225-162843
147,8,0,0.521484375,746.9207153320312,505.471435546875,129.9630889892578,174.5674285888672,20250225-162843
147,4,0,0.5400390625,703.5869140625,1858.9720458984375,60.22943115234375,148.7478485107422,20250225-162843
147,0,0,0.740234375,864.8782348632812,1782.57275390625,136.84625244140625,206.7234649658203,20250225-162843
147,2,0,0.77880859375,697.206787109375,1387.2117919921875,248.6341552734375,376.1548767089844,20250225-162843
147,5,0,0.80029296875,654.8591918945312,549.7667236328125,268.7698974609375,263.81329345703125,20250225-162843
147,7,0,0.86181640625,649.2303466796875,1590.0234375,145.7581787109375,208.07423400878906,20250225-162843
147,10,0,0.9150390625,225.91494750976562,534.3936767578125,1005.57421875,845.6092529296875,20250225-162843
147,9,0,0.91748046875,544.886962890625,1.3011474609375,435.3337097167969,525.7185668945312,20250225-162843
148,14,0,0.5283203125,750.6624755859375,810.1190185546875,54.061248779296875,61.95035934448242,20250225-162843
148,8,0,0.58154296875,745.8920288085938,505.7548828125,129.72267150878906,175.23434448242188,20250225-162843
148,4,0,0.5869140625,702.3977661132812,1788.8858642578125,130.530029296875,152.65855407714844,20250225-162843
148,0,0,0.73095703125,864.5946044921875,1782.5673828125,136.8599853515625,207.10275268554688,20250225-162843
148,2,0,0.755859375,696.631591796875,1388.8121337890625,249.15435791015625,376.261474609375,20250225-162843
148,5,0,0.79736328125,653.9278564453125,555.0576782226562,263.69952392578125,263.8782043457031,20250225-162843
148,7,0,0.84375,649.6253051757812,1592.6070556640625,144.30706787109375,206.30612182617188,20250225-162843
148,10,0,0.9140625,226.58091735839844,534.5888671875,1006.4296875,845.2223510742188,20250225-162843
148,9,0,0.91943359375,544.890625,1.3013763427734375,436.8756408691406,525.6256103515625,20250225-162843
149,8,0,0.4833984375,745.87158203125,506.8352966308594,131.3159637451172,175.91592407226562,20250225-162843
149,4,0,0.56689453125,702.1456909179688,1788.90380859375,130.5047607421875,153.21597290039062,20250225-162843
149,14,0,0.56982421875,751.4439697265625,809.7237548828125,54.5562744140625,60.992488861083984,20250225-162843
149,5,0,0.69091796875,653.9653930664062,542.4886474609375,275.9122009277344,264.2532043457031,20250225-162843
149,0,0,0.7265625,863.6027221679688,1782.4764404296875,136.85101318359375,208.2693634033203,20250225-162843
149,2,0,0.7890625,696.2219848632812,1387.3531494140625,251.1082763671875,378.2659606933594,20250225-162843
149,7,0,0.83740234375,650.6328125,1596.9481201171875,139.49468994140625,206.2957763671875,20250225-162843
149,10,0,0.91357421875,222.98040771484375,532.9110717773438,1007.8187255859375,848.798583984375,20250225-162843
149,9,0,0.91845703125,544.3279418945312,1.113922119140625,435.659912109375,526.2921752929688,20250225-162843
150,14,0,0.4716796875,751.645751953125,809.9080810546875,54.59326171875,60.90614318847656,20250225-162843
150,8,0,0.4765625,746.2890625,504.8155517578125,132.8415985107422,175.97874450683594,20250225-162843
150,4,0,0.5830078125,701.6976928710938,1788.484130859375,130.64923095703125,154.00973510742188,20250225-162843
150,5,0,0.71044921875,655.011474609375,544.1321411132812,273.93365478515625,262.70782470703125,20250225-162843
150,0,0,0.74462890625,865.2246704101562,1782.744140625,136.58221435546875,206.6420135498047,20250225-162843
150,2,0,0.80419921875,696.9264526367188,1388.0958251953125,246.7598876953125,377.3122253417969,20250225-162843
150,7,0,0.8330078125,651.9767456054688,1602.938232421875,133.845703125,204.61524963378906,20250225-162843
150,10,0,0.9169921875,223.06460571289062,537.1715698242188,1003.7499389648438,848.8309936523438,20250225-162843
150,9,0,0.91748046875,545.4424438476562,1.30059814453125,435.2449035644531,524.9349975585938,20250225-162843
151,8,0,0.41015625,746.786376953125,448.688720703125,212.81304931640625,174.82818603515625,20250225-162843
151,14,0,0.4853515625,751.9432373046875,809.599365234375,55.153289794921875,60.68907928466797,20250225-162843
151,4,0,0.6083984375,702.6443481445312,1859.131103515625,60.07177734375,152.158935546875,20250225-162843
151,5,0,0.69775390625,656.0302124023438,542.78466796875,275.60980224609375,261.67578125,20250225-162843
151,0,0,0.7138671875,866.0513916015625,1782.6309814453125,136.78875732421875,205.53883361816406,20250225-162843
151,2,0,0.7822265625,696.648193359375,1389.7188720703125,249.626953125,376.8221435546875,20250225-162843
151,7,0,0.822265625,653.6621704101562,1606.1810302734375,130.67559814453125,202.53501892089844,20250225-162843
151,10,0,0.91259765625,225.3798828125,535.2203979492188,1006.6468505859375,846.7738037109375,20250225-162843
151,9,0,0.9189453125,545.4448852539062,1.2996368408203125,435.0196838378906,525.2999877929688,20250225-162843
152,14,0,0.42626953125,752.7255249023438,810.5247802734375,54.240142822265625,59.206268310546875,20250225-162843
152,8,0,0.5185546875,746.3426513671875,455.9781188964844,179.6678009033203,175.74073791503906,20250225-162843
152,4,0,0.59375,701.9683227539062,1858.916015625,60.23565673828125,151.1021728515625,20250225-162843
152,0,0,0.73486328125,866.0243530273438,1782.6287841796875,136.78839111328125,205.67230224609375,20250225-162843
152,5,0,0.78271484375,655.8404541015625,555.4015502929688,263.408935546875,261.9544982910156,20250225-162843
152,2,0,0.802734375,696.6317138671875,1388.0189208984375,247.8101806640625,376.8128662109375,20250225-162843
152,7,0,0.8115234375,654.0532836914062,1607.2789306640625,129.685546875,201.9468231201172,20250225-162843
152,10,0,0.91552734375,225.98379516601562,536.90625,1003.9216918945312,846.0582275390625,20250225-162843
152,9,0,0.91845703125,545.2631225585938,1.2998199462890625,435.29180908203125,525.4774169921875,20250225-162843
153,8,0,0.46875,746.8773803710938,467.6990966796875,168.822509765625,175.18893432617188,20250225-162843
153,14,0,0.5009765625,750.9661865234375,809.6453247070312,55.688232421875,61.024330139160156,20250225-162843
153,4,0,0.6103515625,700.4342651367188,1790.0218505859375,129.4156494140625,154.40524291992188,20250225-162843
153,0,0,0.73583984375,864.7354125976562,1782.5167236328125,136.81439208984375,207.03607177734375,20250225-162843
153,5,0,0.75634765625,654.6212768554688,551.4364013671875,266.72406005859375,262.898193359375,20250225-162843
153,2,0,0.79833984375,696.2957153320312,1388.421875,246.4083251953125,377.6058349609375,20250225-162843
153,7,0,0.80029296875,655.5997924804688,1607.01123046875,130.0177001953125,201.0184783935547,20250225-162843
153,10,0,0.91357421875,228.16302490234375,536.0977172851562,1005.9971923828125,843.5625610351562,20250225-162843
153,9,0,0.91796875,544.5128173828125,1.112091064453125,436.4920349121094,525.8116455078125,20250225-162843
154,8,0,0.39599609375,747.42138671875,491.7353210449219,143.5242919921875,174.11785888671875,20250225-162843
154,14,0,0.498046875,751.4043579101562,810.42626953125,54.713470458984375,61.09548568725586,20250225-162843
154,4,0,0.60595703125,697.8636474609375,1789.4095458984375,129.87030029296875,157.1240234375,20250225-162843
154,0,0,0.72412109375,864.7838134765625,1782.522705078125,136.8035888671875,207.36085510253906,20250225-162843
154,5,0,0.7705078125,654.5451049804688,546.7777099609375,272.4650573730469,263.2850341796875,20250225-162843
154,2,0,0.77783203125,695.51318359375,1388.0899658203125,248.135009765625,377.9071960449219,20250225-162843
154,7,0,0.80078125,657.1858520507812,1588.6336669921875,149.0474853515625,199.8617401123047,20250225-162843
154,10,0,0.9140625,227.1178741455078,536.5800170898438,1005.22412109375,844.7941284179688,20250225-162843
154,9,0,0.919921875,544.3279418945312,1.1131439208984375,435.9018859863281,526.1338500976562,20250225-162843
155,14,0,0.5048828125,751.7314453125,810.0803833007812,54.896484375,61.05265808105469,20250225-162843
155,8,0,0.5126953125,747.7417602539062,475.91033935546875,158.00546264648438,174.2927703857422,20250225-162843
155,4,0,0.56494140625,695.2471313476562,1789.213623046875,129.96368408203125,161.05064392089844,20250225-162843
155,0,0,0.70556640625,865.7063598632812,1782.558837890625,136.76458740234375,206.26788330078125,20250225-162843
155,2,0,0.7607421875,697.0653686523438,1388.1177978515625,247.7109375,376.132568359375,20250225-162843
155,5,0,0.77734375,655.0859985351562,555.5121459960938,264.3914794921875,262.6347961425781,20250225-162843
155,7,0,0.8037109375,659.8023071289062,1589.4774169921875,148.83123779296875,197.07034301757812,20250225-162843
155,10,0,0.91357421875,226.46392822265625,536.8953247070312,1004.22509765625,845.7627563476562,20250225-162843
155,9,0,0.92041015625,544.1410522460938,1.301422119140625,434.0962829589844,526.665283203125,20250225-162843
156,14,0,0.445556640625,751.5676879882812,810.662841796875,54.17083740234375,60.564796447753906,20250225-162843
156,8,0,0.4619140625,748.4552001953125,484.99676513671875,149.552490234375,173.6837158203125,20250225-162843
156,0,0,0.669921875,866.5176391601562,1782.4046630859375,137.00518798828125,205.5233917236328,20250225-162843
156,4,0,0.70654296875,690.8743896484375,1788.4716796875,131.05023193359375,165.55606079101562,20250225-162843
156,5,0,0.7470703125,655.9347534179688,553.2112426757812,267.31988525390625,262.1507873535156,20250225-162843
156,7,0,0.7822265625,662.4136962890625,1588.1513671875,150.63775634765625,194.03607177734375,20250225-162843
156,2,0,0.79638671875,697.2703247070312,1386.866455078125,245.9666748046875,375.0677490234375,20250225-162843
156,10,0,0.91650390625,223.29273986816406,535.8934936523438,1005.04541015625,848.5252075195312,20250225-162843
156,9,0,0.92041015625,544.1433715820312,1.1141510009765625,436.7945251464844,526.2815551757812,20250225-162843
157,14,0,0.448486328125,752.8935546875,811.4134521484375,53.6348876953125,59.07073974609375,20250225-162843
157,8,0,0.449462890625,750.0250244140625,499.5365295410156,139.8141632080078,171.49142456054688,20250225-162843
157,4,0,0.65771484375,687.5064086914062,1788.8353271484375,130.68438720703125,167.80259704589844,20250225-162843
157,0,0,0.673828125,866.7608642578125,1782.314208984375,136.99713134765625,205.1375732421875,20250225-162843
157,7,0,0.67919921875,664.117919921875,1598.543701171875,140.9959716796875,191.02920532226562,20250225-162843
157,5,0,0.70751953125,655.6388549804688,545.5458984375,275.0968322753906,262.2769470214844,20250225-162843
157,2,0,0.80078125,696.8164672851562,1388.372314453125,249.79412841796875,376.22113037109375,20250225-162843
157,10,0,0.9130859375,223.0514678955078,533.748046875,1006.670654296875,848.7802734375,20250225-162843
157,9,0,0.91796875,543.7682495117188,1.3013763427734375,436.7293701171875,526.5723266601562,20250225-162843
158,14,0,0.446533203125,752.4688720703125,811.4657592773438,53.77587890625,59.290382385253906,20250225-162843
158,8,0,0.505859375,748.6878662109375,455.7357177734375,182.06103515625,173.48399353027344,20250225-162843
158,7,0,0.6806640625,666.71484375,1594.2418212890625,144.3980712890625,189.46060180664062,20250225-162843
158,5,0,0.68505859375,655.3206787109375,554.5003051757812,266.0413513183594,262.0442199707031,20250225-162843
158,2,0,0.78125,696.6580200195312,1389.346923828125,244.03692626953125,375.1271057128906,20250225-162843
158,0,0,0.7939453125,865.9157104492188,1782.54638671875,136.98138427734375,206.53335571289062,20250225-162843
158,4,0,0.79638671875,684.1670532226562,1790.1756591796875,129.24664306640625,169.1008758544922,20250225-162843
158,10,0,0.91064453125,224.4230499267578,535.0017700195312,1004.674072265625,847.3308715820312,20250225-162843
158,9,0,0.91943359375,544.3250122070312,1.3021087646484375,436.5665588378906,526.0830688476562,20250225-162843
159,14,0,0.448486328125,751.2985229492188,811.0557861328125,54.426177978515625,60.509864807128906,20250225-162843
159,8,0,0.452392578125,748.3956909179688,486.1152648925781,154.94947814941406,173.7974395751953,20250225-162843
159,5,0,0.61962890625,654.6085205078125,555.3486328125,266.4990234375,261.7065124511719,20250225-162843
159,7,0,0.68603515625,670.2405395507812,1625.712890625,112.24237060546875,186.712646484375,20250225-162843
159,0,0,0.74609375,866.4475708007812,1782.6749267578125,136.65252685546875,205.06033325195312,20250225-162843
159,4,0,0.7724609375,679.363037109375,1788.755126953125,130.07391357421875,174.202392578125,20250225-162843
159,2,0,0.78515625,696.167236328125,1388.6700439453125,246.613037109375,376.600341796875,20250225-162843
159,10,0,0.912109375,226.7508544921875,535.2581176757812,1005.70751953125,845.0313720703125,20250225-162843
159,9,0,0.91796875,543.9559936523438,0.9259185791015625,436.6709289550781,526.770751953125,20250225-162843
160,1,0,0.202392578125,762.0744018554688,1242.8154296875,62.9384765625,93.82203674316406,20250225-162843
160,8,0,0.453369140625,748.7410888671875,504.17852783203125,134.30621337890625,172.43411254882812,20250225-162843
160,14,0,0.5107421875,751.29248046875,811.8601684570312,53.724609375,60.05547332763672,20250225-162843
160,0,0,0.693359375,865.8582763671875,1783.130859375,136.27935791015625,205.99717712402344,20250225-162843
160,7,0,0.71533203125,673.5880737304688,1629.4478759765625,109.1070556640625,182.9615020751953,20250225-162843
160,5,0,0.73046875,655.192138671875,549.267333984375,272.21282958984375,262.1425476074219,20250225-162843
160,4,0,0.77734375,677.3983764648438,1790.8524169921875,127.9002685546875,177.06982421875,20250225-162843
160,2,0,0.7822265625,696.2498168945312,1389.7373046875,246.35797119140625,377.2416687011719,20250225-162843
160,10,0,0.9140625,223.22914123535156,536.1937866210938,1004.3807373046875,848.9526977539062,20250225-162843
160,9,0,0.9189453125,543.5806884765625,1.1137847900390625,435.6698913574219,526.8807983398438,20250225-162843
161,8,0,0.41015625,748.5814208984375,505.4344482421875,132.32899475097656,172.76422119140625,20250225-162843
161,14,0,0.5556640625,751.6549682617188,811.2015380859375,54.389556884765625,60.05453109741211,20250225-162843
161,2,0,0.7099609375,695.80029296875,1389.9957275390625,245.71142578125,378.0030822753906,20250225-162843
161,5,0,0.75634765625,655.7540283203125,547.4694213867188,273.5086669921875,262.2093200683594,20250225-162843
161,0,0,0.75830078125,866.6558227539062,1783.2520751953125,136.10467529296875,205.37249755859375,20250225-162843
161,7,0,0.76220703125,676.811767578125,1594.047119140625,144.8990478515625,179.4324493408203,20250225-162843
161,4,0,0.81982421875,676.3525390625,1791.4866943359375,127.4439697265625,179.28927612304688,20250225-162843
161,10,0,0.91748046875,222.58078002929688,534.9138793945312,1005.8457641601562,849.6646118164062,20250225-162843
161,9,0,0.919921875,544.1431274414062,1.3032989501953125,435.4794921875,526.1470336914062,20250225-162843
162,6,0,0.203125,752.3703002929688,1236.8770751953125,131.62728881835938,148.95005798339844,20250225-162843
162,8,0,0.403564453125,749.0081787109375,503.3356018066406,134.8444061279297,172.33694458007812,20250225-162843
162,14,0,0.5390625,751.865478515625,811.3595581054688,53.983795166015625,59.6094970703125,20250225-162843
162,0,0,0.75439453125,866.40087890625,1783.3564453125,135.99627685546875,205.52999877929688,20250225-162843
162,7,0,0.7548828125,680.1102905273438,1596.5126953125,142.57928466796875,176.25546264648438,20250225-162843
162,2,0,0.755859375,696.337158203125,1388.61328125,251.59112548828125,376.71124267578125,20250225-162843
162,5,0,0.76953125,655.1990356445312,551.250244140625,269.8341064453125,263.1266784667969,20250225-162843
162,4,0,0.80810546875,676.9576416015625,1790.838134765625,128.00225830078125,179.73822021484375,20250225-162843
162,10,0,0.9140625,223.73785400390625,535.267822265625,1005.5701904296875,848.5613403320312,20250225-162843
162,9,0,0.92138671875,543.95654296875,1.3023834228515625,435.81036376953125,526.2145385742188,20250225-162843
163,6,0,0.267333984375,752.9171142578125,1234.873291015625,144.731689453125,153.70867919921875,20250225-162843
163,8,0,0.4072265625,747.9580688476562,504.07598876953125,134.9264373779297,173.3515625,20250225-162843
163,14,0,0.544921875,751.7821044921875,811.5510864257812,53.8974609375,59.5106201171875,20250225-162843
163,5,0,0.6767578125,655.2803344726562,547.809326171875,272.5298767089844,262.33453369140625,20250225-162843
163,7,0,0.705078125,682.8143920898438,1600.2857666015625,140.26446533203125,172.8243865966797,20250225-162843
163,2,0,0.7470703125,696.5575561523438,1388.0423583984375,260.523193359375,376.2676696777344,20250225-162843
163,0,0,0.76904296875,865.8158569335938,1783.61181640625,135.823974609375,206.43190002441406,20250225-162843
163,4,0,0.8056640625,676.0940551757812,1791.1263427734375,127.80120849609375,180.06771850585938,20250225-162843
163,10,0,0.9189453125,221.8594512939453,534.1265258789062,1006.9865112304688,850.3859252929688,20250225-162843
163,9,0,0.9208984375,543.9573364257812,1.4901123046875,434.9839782714844,526.346923828125,20250225-162843
164,6,0,0.2213134765625,750.4757080078125,1239.272705078125,137.76077270507812,150.01727294921875,20250225-162844
164,8,0,0.405517578125,747.4321899414062,465.779296875,171.70751953125,174.444091796875,20250225-162844
164,14,0,0.5361328125,751.6598510742188,811.8316040039062,54.02728271484375,59.972991943359375,20250225-162844
164,7,0,0.650390625,684.789794921875,1602.51611328125,138.6588134765625,171.0163116455078,20250225-162844
164,2,0,0.658203125,695.1461791992188,1387.247802734375,265.172607421875,378.90576171875,20250225-162844
164,5,0,0.74072265625,655.704345703125,546.2113037109375,274.96307373046875,262.0365295410156,20250225-162844
164,0,0,0.783203125,864.92529296875,1783.578369140625,135.77838134765625,207.8010711669922,20250225-162844
164,4,0,0.810546875,675.8421630859375,1791.474365234375,127.3612060546875,178.00718688964844,20250225-162844
164,10,0,0.91748046875,222.22723388671875,536.9448852539062,1004.5109252929688,850.05908203125,20250225-162844
164,9,0,0.91845703125,544.1502685546875,0.925323486328125,436.35296630859375,526.4716796875,20250225-162844
165,6,0,0.25244140625,750.3577880859375,1234.4593505859375,149.76068115234375,156.51577758789062,20250225-162844
165,14,0,0.509765625,751.5737915039062,811.8643798828125,53.812591552734375,60.01007080078125,20250225-162844
165,8,0,0.5537109375,747.0994873046875,508.0881042480469,133.27748107910156,174.312255859375,20250225-162844
165,7,0,0.68359375,685.3314819335938,1628.732666015625,112.26580810546875,169.61375427246094,20250225-162844
165,5,0,0.73388671875,655.0424194335938,543.0708618164062,279.08404541015625,262.8672180175781,20250225-162844
165,2,0,0.767578125,695.2141723632812,1387.6182861328125,257.798583984375,378.72174072265625,20250225-162844
165,0,0,0.79833984375,865.1328125,1783.6380615234375,135.83734130859375,207.1222381591797,20250225-162844
165,4,0,0.8193359375,676.9758911132812,1791.7833251953125,127.1473388671875,176.98150634765625,20250225-162844
165,10,0,0.91259765625,221.52822875976562,534.8113403320312,1007.2875366210938,850.6876831054688,20250225-162844
165,9,0,0.9189453125,543.959716796875,1.3022003173828125,436.5059509277344,526.431884765625,20250225-162844
166,8,0,0.57177734375,749.3724365234375,507.7237548828125,134.33963012695312,172.64337158203125,20250225-162844
166,5,0,0.5908203125,656.8799438476562,538.5957641601562,282.78369140625,262.43951416015625,20250225-162844
166,14,0,0.607421875,751.5347290039062,811.77978515625,53.905059814453125,60.5760383605957,20250225-162844
166,7,0,0.69189453125,689.6369018554688,1655.2760009765625,86.21868896484375,164.49313354492188,20250225-162844
166,2,0,0.73193359375,694.8397827148438,1387.735595703125,251.7886962890625,378.2890930175781,20250225-162844
166,0,0,0.7958984375,865.0250244140625,1783.4462890625,136.0396728515625,207.7718963623047,20250225-162844
166,4,0,0.82861328125,677.3271484375,1792.474853515625,126.3665771484375,177.47666931152344,20250225-162844
166,10,0,0.91357421875,223.47581481933594,535.3095703125,1006.1517333984375,848.494140625,20250225-162844
166,9,0,0.91748046875,543.7745971679688,1.30078125,436.3222961425781,526.4434814453125,20250225-162844
167,6,0,0.269775390625,752.76708984375,1233.593017578125,154.39846801757812,158.6345977783203,20250225-162844
167,5,0,0.509765625,658.317626953125,540.2562255859375,281.1860046386719,259.6297607421875,20250225-162844
167,8,0,0.515625,747.3173217773438,506.34375,136.63284301757812,174.82373046875,20250225-162844
167,14,0,0.56201171875,751.7796020507812,812.479248046875,53.191314697265625,59.71172332763672,20250225-162844
167,7,0,0.642578125,694.2611083984375,1656.050537109375,85.56280517578125,159.96282958984375,20250225-162844
167,0,0,0.76953125,865.6265258789062,1784.315673828125,134.989013671875,206.23861694335938,20250225-162844
167,2,0,0.7734375,695.530029296875,1388.25048828125,251.34979248046875,378.1519775390625,20250225-162844
167,4,0,0.806640625,678.5867919921875,1796.069091796875,122.8685302734375,176.1727294921875,20250225-162844
167,10,0,0.91552734375,221.38893127441406,534.5392456054688,1006.6666259765625,850.7070922851562,20250225-162844
167,9,0,0.91796875,544.1528930664062,1.113739013671875,434.3993225097656,526.1887817382812,20250225-162844
168,6,0,0.2147216796875,753.0090942382812,1235.807373046875,147.36749267578125,155.26385498046875,20250225-162844
168,14,0,0.51171875,751.5820922851562,812.0180053710938,53.6466064453125,60.19804000854492,20250225-162844
168,8,0,0.541015625,749.1383056640625,509.148193359375,133.7024688720703,173.1844482421875,20250225-162844
168,5,0,0.55712890625,658.3145141601562,540.5158081054688,284.25860595703125,259.1328125,20250225-162844
168,7,0,0.6396484375,695.6163330078125,1621.5736083984375,119.798583984375,159.29489135742188,20250225-162844
168,0,0,0.755859375,866.4818115234375,1784.4591064453125,134.9549560546875,205.4788360595703,20250225-162844
168,2,0,0.779296875,696.1074829101562,1385.9375,253.78179931640625,377.0811767578125,20250225-162844
168,4,0,0.810546875,679.7587890625,1795.937744140625,123.002197265625,174.52108764648438,20250225-162844
168,10,0,0.9140625,220.2349395751953,534.3008422851562,1008.9230346679688,851.7588500976562,20250225-162844
168,9,0,0.91845703125,544.5236206054688,1.300048828125,434.3167419433594,525.6605834960938,20250225-162844
169,6,0,0.262939453125,754.49755859375,1232.57763671875,148.17764282226562,156.25364685058594,20250225-162844
169,14,0,0.515625,751.543212890625,811.6082153320312,54.244171142578125,59.74811553955078,20250225-162844
169,8,0,0.53515625,745.0457153320312,506.5498352050781,138.32858276367188,176.75474548339844,20250225-162844
169,5,0,0.591796875,658.1409301757812,534.5504150390625,288.37554931640625,259.72369384765625,20250225-162844
169,7,0,0.63232421875,698.1521606445312,1652.2265625,89.53472900390625,155.9649658203125,20250225-162844
169,0,0,0.7470703125,867.1122436523438,1784.8341064453125,134.54095458984375,204.482177734375,20250225-162844
169,4,0,0.78662109375,679.5874633789062,1795.8193359375,123.02435302734375,173.33404541015625,20250225-162844
169,2,0,0.81103515625,695.3515014648438,1386.6485595703125,250.2410888671875,378.7136535644531,20250225-162844
169,10,0,0.912109375,219.42005920410156,540.7763671875,1000.1401977539062,852.1388549804688,20250225-162844
169,9,0,0.91943359375,544.5192260742188,1.1151123046875,433.3634033203125,525.8729248046875,20250225-162844
170,6,0,0.2393798828125,753.9779663085938,1231.472900390625,145.87188720703125,155.4260711669922,20250225-162844
170,14,0,0.5087890625,751.5364379882812,812.176025390625,53.584259033203125,59.835147857666016,20250225-162844
170,8,0,0.541015625,745.100341796875,507.2274169921875,137.20188903808594,176.4617156982422,20250225-162844
170,5,0,0.642578125,658.6456298828125,535.0936889648438,287.0420837402344,259.2358093261719,20250225-162844
170,0,0,0.7841796875,866.2192993164062,1784.756103515625,134.60302734375,205.21963500976562,20250225-162844
170,4,0,0.794921875,680.4994506835938,1794.419677734375,124.42584228515625,172.570068359375,20250225-162844
170,2,0,0.7958984375,694.7431030273438,1385.5242919921875,250.242919921875,379.5523986816406,20250225-162844
170,7,0,0.80029296875,702.2595825195312,1605.29736328125,134.12933349609375,152.7728271484375,20250225-162844
170,10,0,0.91357421875,221.06912231445312,534.9190063476562,1005.9202880859375,851.060302734375,20250225-162844
170,9,0,0.9189453125,544.1437377929688,1.1147918701171875,433.4967956542969,526.16015625,20250225-162844
171,6,0,0.26904296875,756.3351440429688,1235.725830078125,139.93267822265625,149.72271728515625,20250225-162844
171,14,0,0.5029296875,751.4617309570312,811.4522094726562,54.3621826171875,59.93436813354492,20250225-162844
171,5,0,0.5146484375,657.7373657226562,533.64990234375,288.75146484375,259.8096618652344,20250225-162844
171,8,0,0.552734375,748.8384399414062,507.4710388183594,147.43533325195312,172.95896911621094,20250225-162844
171,7,0,0.650390625,703.7700805664062,1617.69287109375,121.283935546875,151.84426879882812,20250225-162844
171,2,0,0.78125,695.1461791992188,1385.68408203125,249.474609375,378.71502685546875,20250225-162844
171,0,0,0.7841796875,866.517822265625,1784.5279541015625,134.911376953125,205.21044921875,20250225-162844
171,4,0,0.78662109375,682.5589599609375,1795.2850341796875,123.6470947265625,169.95404052734375,20250225-162844
171,10,0,0.91064453125,219.7909393310547,541.5188598632812,1003.1592407226562,851.7173461914062,20250225-162844
171,9,0,0.919921875,543.5829467773438,1.1132354736328125,431.5456237792969,526.9646606445312,20250225-162844
172,6,0,0.22607421875,756.8316650390625,1231.9771728515625,137.40628051757812,153.31394958496094,20250225-162844
172,14,0,0.51171875,751.5001831054688,811.3961791992188,54.141815185546875,59.96758270263672,20250225-162844
172,8,0,0.5166015625,745.7367553710938,507.803466796875,135.61807250976562,175.9626922607422,20250225-162844
172,5,0,0.56298828125,658.3064575195312,536.6746826171875,284.9468078613281,259.2018127441406,20250225-162844
172,7,0,0.662109375,705.9461059570312,1648.307373046875,90.882568359375,150.86099243164062,20250225-162844
172,0,0,0.77880859375,866.6260986328125,1784.85205078125,134.59735107421875,204.71469116210938,20250225-162844
172,2,0,0.77880859375,695.5945434570312,1386.07666015625,248.82073974609375,377.8900451660156,20250225-162844
172,4,0,0.7900390625,683.3191528320312,1794.8638916015625,123.9788818359375,170.89842224121094,20250225-162844
172,10,0,0.91259765625,221.06594848632812,536.490966796875,1005.3777465820312,851.24560546875,20250225-162844
172,9,0,0.91796875,544.3309936523438,1.302154541015625,429.96453857421875,526.5181274414062,20250225-162844
173,14,0,0.4794921875,751.990966796875,811.4349975585938,54.19683837890625,59.683143615722656,20250225-162844
173,8,0,0.537109375,745.5514526367188,505.5779113769531,136.0283203125,176.24679565429688,20250225-162844
173,5,0,0.61865234375,658.4017333984375,537.31640625,284.5972595214844,260.01324462890625,20250225-162844
173,7,0,0.65576171875,707.7175903320312,1645.360107421875,93.07232666015625,147.38265991210938,20250225-162844
173,0,0,0.7255859375,867.845947265625,1785.0963134765625,134.23223876953125,203.20973205566406,20250225-162844
173,4,0,0.7607421875,682.9266357421875,1796.414794921875,122.420654296875,171.7971649169922,20250225-162844
173,2,0,0.7841796875,695.6766357421875,1384.6497802734375,253.93304443359375,377.8186340332031,20250225-162844
173,10,0,0.9130859375,220.58316040039062,542.537109375,998.8458251953125,850.8718872070312,20250225-162844
173,9,0,0.9169921875,544.5177612304688,1.1150665283203125,429.8244323730469,526.030029296875,20250225-162844
174,6,0,0.242919921875,759.6680297851562,1235.469970703125,138.6243896484375,146.42544555664062,20250225-162844
174,14,0,0.4873046875,752.6940307617188,812.2673950195312,52.931396484375,58.65995407104492,20250225-162844
174,8,0,0.587890625,745.2252197265625,505.259765625,134.50653076171875,176.77859497070312,20250225-162844
174,5,0,0.640625,658.9124755859375,536.5453491210938,284.2510986328125,259.7431335449219,20250225-162844
174,0,0,0.7646484375,867.8964233398438,1785.4288330078125,133.85504150390625,203.4469757080078,20250225-162844
174,2,0,0.76953125,695.5547485351562,1385.631591796875,250.1956787109375,378.47967529296875,20250225-162844
174,7,0,0.77734375,709.181640625,1651.2681884765625,86.0540771484375,147.66543579101562,20250225-162844
174,4,0,0.78271484375,682.7762451171875,1795.97021484375,122.87750244140625,170.771484375,20250225-162844
174,10,0,0.912109375,225.23440551757812,537.9185180664062,1004.1053466796875,846.6683349609375,20250225-162844
174,9,0,0.9189453125,544.3324584960938,1.3018341064453125,430.4581604003906,526.2152099609375,20250225-162844
175,6,0,0.2186279296875,758.4842529296875,1235.604248046875,129.82589721679688,141.69900512695312,20250225-162844
175,14,0,0.509765625,751.5785522460938,811.6627807617188,53.650360107421875,60.12165069580078,20250225-162844
175,8,0,0.5390625,748.4276123046875,506.2261047363281,138.49021911621094,173.295166015625,20250225-162844
175,5,0,0.583984375,657.9548950195312,536.4327392578125,284.96099853515625,260.4774169921875,20250225-162844
175,0,0,0.7548828125,867.1766357421875,1785.513427734375,133.85357666015625,204.0780029296875,20250225-162844
175,7,0,0.755859375,711.9174194335938,1650.263671875,86.741455078125,145.48825073242188,20250225-162844
175,2,0,0.767578125,695.327392578125,1385.126708984375,251.76141357421875,378.7712097167969,20250225-162844
175,4,0,0.7841796875,683.5153198242188,1796.047119140625,122.88885498046875,168.268310546875,20250225-162844
175,10,0,0.90966796875,226.23629760742188,537.3037719726562,1005.375,845.6412963867188,20250225-162844
175,9,0,0.91943359375,544.3292236328125,1.1153411865234375,431.085693359375,526.5789184570312,20250225-162844
176,6,0,0.2371826171875,759.495849609375,1228.314208984375,141.37225341796875,150.18276977539062,20250225-162844
176,8,0,0.546875,744.8062744140625,505.2214050292969,134.99583435058594,176.79705810546875,20250225-162844
176,14,0,0.56005859375,751.4904174804688,812.0474853515625,53.354095458984375,60.237953186035156,20250225-162844
176,5,0,0.61865234375,655.6405029296875,549.4824829101562,271.0377502441406,262.35321044921875,20250225-162844
176,2,0,0.7373046875,695.6416625976562,1386.12353515625,255.28106689453125,377.60498046875,20250225-162844
176,0,0,0.75927734375,867.8603515625,1785.749267578125,133.6981201171875,203.7626495361328,20250225-162844
176,7,0,0.7626953125,713.7822265625,1647.545654296875,88.8863525390625,143.63937377929688,20250225-162844
176,4,0,0.78076171875,683.688232421875,1796.2188720703125,122.61859130859375,169.00157165527344,20250225-162844
176,10,0,0.908203125,225.68252563476562,537.7003784179688,1008.0411987304688,846.3277587890625,20250225-162844
176,9,0,0.91943359375,544.3294067382812,1.303253173828125,431.0180969238281,526.5328979492188,20250225-162844
177,6,0,0.226806640625,753.3618774414062,1232.352294921875,139.61196899414062,150.194091796875,20250225-162844
177,15,0,0.435791015625,733.8264770507812,1606.6885986328125,78.693603515625,121.08512878417969,20250225-162844
177,14,0,0.5107421875,751.6548461914062,811.8539428710938,53.02130126953125,59.8778076171875,20250225-162844
177,8,0,0.537109375,748.6939086914062,507.5137939453125,126.89112854003906,173.0975799560547,20250225-162844
177,5,0,0.70654296875,655.8685302734375,562.1921997070312,258.85052490234375,262.2607727050781,20250225-162844
177,2,0,0.736328125,694.9024047851562,1388.1441650390625,249.659912109375,379.1285705566406,20250225-162844
177,4,0,0.75,685.5971069335938,1795.576171875,123.36053466796875,168.1010284423828,20250225-162844
177,0,0,0.75830078125,869.4483642578125,1785.3643798828125,133.98724365234375,202.29074096679688,20250225-162844
177,7,0,0.8037109375,716.4102172851562,1651.040771484375,85.2366943359375,141.12059020996094,20250225-162844
177,10,0,0.9111328125,223.0435791015625,539.6339721679688,1008.0433959960938,849.2862548828125,20250225-162844
177,9,0,0.91748046875,544.1455078125,1.30389404296875,430.3649597167969,526.6419677734375,20250225-162844
178,6,0,0.21728515625,752.467529296875,1232.7637939453125,143.71554565429688,154.93246459960938,20250225-162844
178,14,0,0.4697265625,751.94189453125,811.6572875976562,52.768890380859375,59.76725769042969,20250225-162844
178,8,0,0.5283203125,745.238525390625,504.7724304199219,133.39572143554688,176.65475463867188,20250225-162844
178,5,0,0.66650390625,656.0681762695312,553.0431518554688,268.16363525390625,262.141845703125,20250225-162844
178,2,0,0.73486328125,695.2572021484375,1386.072998046875,250.7926025390625,376.9282531738281,20250225-162844
178,0,0,0.75634765625,869.296630859375,1785.6793212890625,133.859619140625,202.42266845703125,20250225-162844
178,4,0,0.76708984375,686.1656494140625,1795.4923095703125,123.44842529296875,167.17440795898438,20250225-162844
178,7,0,0.78076171875,719.4016723632812,1644.427734375,90.99737548828125,138.41065979003906,20250225-162844
178,10,0,0.91796875,218.90370178222656,537.78076171875,1012.6453857421875,853.4154052734375,20250225-162844
178,9,0,0.91943359375,544.1417236328125,1.1166229248046875,431.4007873535156,526.2969360351562,20250225-162844
179,1,0,0.259765625,750.10888671875,1240.446533203125,64.24813842773438,104.69241333007812,20250225-162844
179,14,0,0.438720703125,752.448974609375,811.4371948242188,53.37689208984375,59.32591247558594,20250225-162844
179,8,0,0.5517578125,746.1517333984375,505.3466796875,133.59832763671875,175.70718383789062,20250225-162844
179,5,0,0.642578125,655.6985473632812,557.3807373046875,263.8854675292969,262.0774841308594,20250225-162844
179,4,0,0.65576171875,686.9552001953125,1795.5,123.439453125,166.57711791992188,20250225-162844
179,2,0,0.70751953125,695.0426635742188,1387.35986328125,249.16534423828125,376.7599792480469,20250225-162844
179,0,0,0.73876953125,869.9754028320312,1785.8734130859375,133.46630859375,201.49148559570312,20250225-162844
179,7,0,0.82763671875,719.0869140625,1642.310302734375,93.18402099609375,138.68247985839844,20250225-162844
179,10,0,0.91357421875,222.5067901611328,541.2024536132812,1009.8255615234375,849.9251098632812,20250225-162844
179,9,0,0.92041015625,544.7021484375,1.1147003173828125,431.63848876953125,525.9943237304688,20250225-162844
180,1,0,0.259033203125,744.8931274414062,1233.7042236328125,71.426513671875,109.04505920410156,20250225-162844
180,14,0,0.435791015625,752.1468505859375,811.8211669921875,52.2220458984375,59.136741638183594,20250225-162844
180,5,0,0.55712890625,656.0654907226562,555.6527709960938,266.7314758300781,261.25274658203125,20250225-162844
180,8,0,0.56201171875,748.3907470703125,507.3232727050781,126.87867736816406,173.32907104492188,20250225-162844
180,2,0,0.64501953125,695.978759765625,1393.0506591796875,242.855712890625,374.9087829589844,20250225-162844
180,4,0,0.69287109375,687.3043212890625,1794.9404296875,123.9052734375,166.00152587890625,20250225-162844
180,0,0,0.74853515625,871.1490478515625,1785.9283447265625,133.43280029296875,201.35699462890625,20250225-162844
180,7,0,0.79638671875,719.2776489257812,1642.2333984375,92.79327392578125,138.12594604492188,20250225-162844
180,10,0,0.919921875,212.35902404785156,538.6426391601562,1014.4227905273438,860.3900756835938,20250225-162844
180,9,0,0.92041015625,544.5181884765625,1.4889678955078125,430.52777099609375,526.6261596679688,20250225-162844
181,16,0,0.2100830078125,783.7220458984375,1384.410888671875,96.4178466796875,148.25869750976562,20250225-162844
181,1,0,0.245849609375,735.1824951171875,1233.7122802734375,71.36691284179688,117.65824890136719,20250225-162844
181,14,0,0.4599609375,751.6025390625,811.4639282226562,52.1444091796875,59.23939514160156,20250225-162844
181,8,0,0.57177734375,748.4873657226562,506.6683044433594,128.33226013183594,173.1233367919922,20250225-162844
181,4,0,0.58203125,688.2227172851562,1792.8724365234375,125.96575927734375,164.48609924316406,20250225-162844
181,5,0,0.6123046875,655.5477905273438,569.7222290039062,251.2716064453125,261.5076599121094,20250225-162844
181,2,0,0.66552734375,695.9564208984375,1390.67138671875,246.1593017578125,374.38299560546875,20250225-162844
181,0,0,0.7216796875,872.859619140625,1786.2286376953125,133.2030029296875,199.37353515625,20250225-162844
181,7,0,0.79248046875,719.4725952148438,1643.7169189453125,91.42694091796875,137.8516845703125,20250225-162844
181,9,0,0.9208984375,543.580078125,1.302337646484375,430.7260437011719,527.2440185546875,20250225-162844
181,10,0,0.921875,215.410400390625,539.6874389648438,1012.7669677734375,857.0453491210938,20250225-162844
182,15,0,0.2166748046875,734.4338989257812,1610.6729736328125,73.38427734375,120.61460876464844,20250225-162844
182,16,0,0.26904296875,783.6209716796875,1382.2503662109375,100.73519897460938,152.7281494140625,20250225-162844
182,1,0,0.2822265625,748.619384765625,1232.69775390625,71.8275146484375,103.71471405029297,20250225-162844
182,14,0,0.402587890625,752.7598876953125,812.2996826171875,50.3624267578125,57.71453094482422,20250225-162844
182,8,0,0.556640625,744.933837890625,504.7187805175781,135.06907653808594,176.64495849609375,20250225-162844
182,4,0,0.56591796875,689.6568603515625,1856.5704345703125,62.67425537109375,159.94647216796875,20250225-162844
182,5,0,0.61328125,655.685546875,556.0743408203125,264.5739440917969,262.31524658203125,20250225-162844
182,2,0,0.7265625,694.7611694335938,1387.96923828125,248.593505859375,377.2243347167969,20250225-162844
182,0,0,0.7490234375,871.8569946289062,1786.6856689453125,132.75146484375,200.0892791748047,20250225-162844
182,7,0,0.791015625,720.3366088867188,1645.562744140625,88.264892578125,136.71292114257812,20250225-162844
182,10,0,0.91796875,221.12637329101562,541.6785278320312,1014.1818237304688,851.1266479492188,20250225-162844
182,9,0,0.921875,543.9574584960938,1.302520751953125,431.2433166503906,526.7388305664062,20250225-162844
183,1,0,0.253173828125,738.2716064453125,1232.8670654296875,71.24185180664062,114.82472229003906,20250225-162844
183,16,0,0.272705078125,784.1396484375,1382.69873046875,100.371826171875,152.11532592773438,20250225-162844
183,14,0,0.3056640625,754.17041015625,812.3889770507812,49.9962158203125,56.36810302734375,20250225-162844
183,8,0,0.56298828125,744.8988647460938,506.5534973144531,132.17298889160156,176.84451293945312,20250225-162844
183,5,0,0.62353515625,655.40380859375,555.6085205078125,265.9600524902344,262.27008056640625,20250225-162844
183,4,0,0.6279296875,688.1788940429688,1794.30029296875,125.13665771484375,166.25430297851562,20250225-162844
183,2,0,0.66357421875,696.0880126953125,1389.166748046875,247.89971923828125,337.88970947265625,20250225-162844
183,0,0,0.70654296875,873.6212158203125,1786.6351318359375,132.802001953125,199.0614471435547,20250225-162844
183,7,0,0.8017578125,721.982666015625,1645.1649169921875,88.48406982421875,135.15269470214844,20250225-162844
183,9,0,0.9208984375,544.1439208984375,1.3012847900390625,431.28497314453125,526.5980224609375,20250225-162844
183,10,0,0.92529296875,212.472412109375,541.9910888671875,1011.4705810546875,860.1588745117188,20250225-162844
184,16,0,0.29736328125,782.2619018554688,1381.919677734375,102.11444091796875,155.20925903320312,20250225-162844
184,14,0,0.325927734375,754.740234375,812.3234252929688,49.650787353515625,55.935001373291016,20250225-162844
184,1,0,0.349609375,728.6864013671875,1230.6412353515625,74.67626953125,125.1487808227539,20250225-162844
184,8,0,0.529296875,745.5844116210938,506.7835693359375,131.29165649414062,176.1226043701172,20250225-162844
184,4,0,0.552734375,689.1334228515625,1792.05078125,126.7781982421875,164.8929443359375,20250225-162844
184,5,0,0.62158203125,655.8461303710938,554.049560546875,267.4016418457031,261.5601806640625,20250225-162844
184,2,0,0.66357421875,696.725830078125,1390.229736328125,247.59100341796875,374.8840637207031,20250225-162844
184,0,0,0.70751953125,872.9703979492188,1787.2562255859375,132.17779541015625,199.07569885253906,20250225-162844
184,7,0,0.8037109375,722.3180541992188,1645.6724853515625,88.07757568359375,134.90420532226562,20250225-162844
184,9,0,0.92041015625,545.07275390625,1.113922119140625,431.8982849121094,525.7845458984375,20250225-162844
184,10,0,0.92724609375,216.82008361816406,543.380126953125,1011.802734375,855.4053955078125,20250225-162844
185,14,0,0.319091796875,754.501220703125,812.8216552734375,49.006439208984375,56.884544372558594,20250225-162844
185,1,0,0.356689453125,726.0088500976562,1232.0848388671875,73.27743530273438,127.19970703125,20250225-162844
185,16,0,0.37939453125,782.2818603515625,1381.9957275390625,102.181640625,158.04322814941406,20250225-162844
185,8,0,0.55712890625,745.1834716796875,505.764404296875,134.17469787597656,176.385498046875,20250225-162844
185,5,0,0.61962890625,655.395751953125,551.8423461914062,269.36279296875,262.1907958984375,20250225-162844
185,2,0,0.6279296875,695.8660888671875,1390.124755859375,247.38592529296875,375.51409912109375,20250225-162844
185,4,0,0.70556640625,689.0834350585938,1792.6834716796875,126.763916015625,165.36260986328125,20250225-162844
185,0,0,0.73779296875,872.7779541015625,1787.1441650390625,132.2149658203125,199.34725952148438,20250225-162844
185,7,0,0.84375,722.0191040039062,1645.291015625,88.271484375,135.12660217285156,20250225-162844
185,9,0,0.9208984375,544.889404296875,1.3020172119140625,430.9554748535156,525.8286743164062,20250225-162844
185,10,0,0.92578125,216.28604125976562,543.3707885742188,1010.2498168945312,855.4888916015625,20250225-162844
186,14,0,0.332763671875,753.932373046875,813.25,48.44659423828125,56.58456802368164,20250225-162844
186,1,0,0.34326171875,725.1460571289062,1229.28271484375,74.909912109375,129.10145568847656,20250225-162844
186,8,0,0.437744140625,747.4071044921875,504.0282897949219,142.93991088867188,174.9141082763672,20250225-162844
186,16,0,0.437744140625,783.0422973632812,1382.1640625,100.37557983398438,156.02174377441406,20250225-162844
186,5,0,0.60302734375,657.486328125,546.23583984375,278.48712158203125,260.6906433105469,20250225-162844
186,4,0,0.6416015625,690.8551635742188,1854.3709716796875,64.69866943359375,159.76214599609375,20250225-162844
186,2,0,0.6875,695.61279296875,1395.786376953125,246.8074951171875,377.2457580566406,20250225-162844
186,0,0,0.72509765625,871.814208984375,1787.40869140625,131.9476318359375,200.59361267089844,20250225-162844
186,7,0,0.82666015625,722.1835327148438,1642.013427734375,91.374755859375,134.9599151611328,20250225-162844
186,9,0,0.9208984375,544.5186157226562,1.3011474609375,431.5800476074219,525.9210205078125,20250225-162844
186,10,0,0.923828125,218.161865234375,542.0250854492188,1010.501220703125,854.3809204101562,20250225-162844
187,16,0,0.280517578125,783.794921875,1382.2783203125,98.58297729492188,158.03250122070312,20250225-162844
187,14,0,0.316650390625,753.7455444335938,812.9924926757812,48.52459716796875,57.46510314941406,20250225-162844
187,1,0,0.37744140625,724.1952514648438,1232.1895751953125,72.7353515625,129.27191162109375,20250225-162844
187,8,0,0.521484375,747.3140869140625,505.47235107421875,132.5402069091797,174.61326599121094,20250225-162844
187,4,0,0.63330078125,689.5620727539062,1791.1834716796875,127.6534423828125,162.7703094482422,20250225-162844
187,5,0,0.6533203125,654.90234375,558.5260620117188,264.6357421875,263.04522705078125,20250225-162844
187,2,0,0.69921875,695.9403686523438,1389.10595703125,253.50439453125,377.0690612792969,20250225-162844
187,0,0,0.75048828125,871.751220703125,1787.21044921875,132.06866455078125,200.67361450195312,20250225-162844
187,7,0,0.85302734375,721.9105834960938,1639.0751953125,94.49615478515625,135.5006561279297,20250225-162844
187,9,0,0.9208984375,544.3313598632812,1.1159820556640625,430.2638854980469,526.4650268554688,20250225-162844
187,10,0,0.92626953125,222.66334533691406,540.9942626953125,1007.24853515625,849.624755859375,20250225-162844
188,16,0,0.245849609375,784.0935668945312,1382.017578125,102.12387084960938,164.93878173828125,20250225-162844
188,1,0,0.34521484375,723.5993041992188,1228.727294921875,77.07843017578125,130.93472290039062,20250225-162844
188,14,0,0.392333984375,754.834716796875,813.2477416992188,47.659881591796875,56.320037841796875,20250225-162844
188,8,0,0.494140625,745.6046752929688,505.35076904296875,130.4582061767578,175.7131805419922,20250225-162844
188,4,0,0.60107421875,690.0897216796875,1791.5863037109375,127.247314453125,162.33724975585938,20250225-162844
188,2,0,0.7099609375,694.5305786132812,1388.105712890625,255.863525390625,380.10516357421875,20250225-162844
188,0,0,0.75341796875,870.8826293945312,1787.20751953125,132.24609375,201.61337280273438,20250225-162844
188,5,0,0.77099609375,655.1124877929688,559.7785034179688,265.0773010253906,263.2767028808594,20250225-162844
188,7,0,0.84814453125,721.9459228515625,1637.64111328125,96.202880859375,135.55447387695312,20250225-162844
188,9,0,0.9208984375,544.7045288085938,1.1156158447265625,430.2811279296875,526.0501098632812,20250225-162844
188,10,0,0.9287109375,220.24703979492188,540.9846801757812,1010.2818603515625,852.11865234375,20250225-162844
189,1,0,0.281494140625,727.1478271484375,1228.0609130859375,76.02108764648438,129.48751831054688,20250225-162844
189,14,0,0.338134765625,755.0767822265625,813.1041870117188,47.7542724609375,55.90015411376953,20250225-162844
189,16,0,0.35400390625,782.3952026367188,1382.123291015625,99.15170288085938,161.7242431640625,20250225-162844
189,8,0,0.56005859375,745.6573486328125,505.4307861328125,131.23851013183594,176.25735473632812,20250225-162844
189,4,0,0.587890625,691.5813598632812,1852.401123046875,66.65789794921875,159.10426330566406,20250225-162844
189,2,0,0.66455078125,696.2981567382812,1393.555419921875,265.04205322265625,375.5515441894531,20250225-162844
189,5,0,0.73046875,655.5990600585938,561.608154296875,264.98583984375,262.835205078125,20250225-162844
189,0,0,0.7431640625,874.0596313476562,1787.3924560546875,131.97088623046875,197.9023895263672,20250225-162844
189,7,0,0.85302734375,722.2477416992188,1638.55712890625,95.10205078125,135.14016723632812,20250225-162844
189,9,0,0.9208984375,544.8953247070312,1.11419677734375,430.106689453125,526.3192749023438,20250225-162844
189,10,0,0.9248046875,223.501220703125,542.504150390625,1005.9935302734375,848.6295776367188,20250225-162844
190,1,0,0.2783203125,727.4100952148438,1225.834716796875,78.29727172851562,131.13916015625,20250225-162844
190,16,0,0.294189453125,782.6776733398438,1381.93408203125,97.94888305664062,162.3301239013672,20250225-162844
190,14,0,0.34423828125,754.8836669921875,814.0028686523438,46.860260009765625,56.25343322753906,20250225-162844
190,8,0,0.405517578125,745.8495483398438,505.304443359375,131.3683319091797,176.22328186035156,20250225-162844
190,4,0,0.63232421875,692.2102661132812,1853.6004638671875,65.5462646484375,159.45504760742188,20250225-162844
190,5,0,0.63525390625,655.6598510742188,557.9251708984375,266.6813049316406,262.425537109375,20250225-162844
190,2,0,0.74609375,695.84765625,1386.396240234375,251.03228759765625,375.38836669921875,20250225-162844
190,0,0,0.75634765625,873.860595703125,1787.4715576171875,131.87603759765625,198.26382446289062,20250225-162844
190,7,0,0.841796875,723.2557373046875,1637.89501953125,95.6707763671875,134.4679412841797,20250225-162844
190,9,0,0.921875,544.8921508789062,1.11474609375,429.7416687011719,525.6480712890625,20250225-162844
190,10,0,0.92626953125,222.32449340820312,541.3207397460938,1003.856689453125,850.0545043945312,20250225-162844
191,16,0,0.236572265625,784.7510375976562,1383.2940673828125,94.23532104492188,158.62266540527344,20250225-162844
191,14,0,0.25537109375,754.7842407226562,814.7363891601562,45.697174072265625,55.47606658935547,20250225-162844
191,1,0,0.330322265625,727.825927734375,1224.5167236328125,78.98455810546875,129.11923217773438,20250225-162844
191,8,0,0.43115234375,747.131103515625,505.4380187988281,153.5551300048828,174.9813995361328,20250225-162844
191,5,0,0.57666015625,657.42236328125,541.76953125,289.98046875,260.6497802734375,20250225-162844
191,4,0,0.615234375,691.544189453125,1853.488037109375,65.70263671875,159.49075317382812,20250225-162844
191,0,0,0.732421875,873.4774780273438,1787.40869140625,131.9296875,198.45437622070312,20250225-162844
191,2,0,0.74755859375,695.1831665039062,1387.97314453125,265.32293701171875,378.25653076171875,20250225-162844
191,7,0,0.83349609375,722.7127685546875,1636.5413818359375,96.68353271484375,135.086181640625,20250225-162844
191,9,0,0.919921875,545.2647094726562,1.1164398193359375,428.6170654296875,525.5088500976562,20250225-162844
191,10,0,0.92724609375,223.41616821289062,540.6428833007812,1005.69873046875,848.5679321289062,20250225-162844
192,16,0,0.236572265625,784.2598876953125,1382.44091796875,99.72061157226562,160.4311981201172,20250225-162844
192,14,0,0.33642578125,754.6481323242188,814.25537109375,46.172698974609375,55.141754150390625,20250225-162844
192,1,0,0.373779296875,726.1396484375,1223.53271484375,80.53372192382812,128.64930725097656,20250225-162844
192,8,0,0.5009765625,747.1983642578125,505.44171142578125,138.85089111328125,174.82174682617188,20250225-162844
192,4,0,0.57275390625,691.673095703125,1853.2225341796875,65.89068603515625,158.8966827392578,20250225-162844
192,5,0,0.59912109375,654.9398803710938,564.1646118164062,264.0498046875,262.73614501953125,20250225-162844
192,2,0,0.6875,695.6329956054688,1393.8673095703125,261.83349609375,377.027099609375,20250225-162844
192,0,0,0.74462890625,872.3812866210938,1787.369873046875,131.8948974609375,199.93914794921875,20250225-162844
192,7,0,0.861328125,722.2755126953125,1637.9783935546875,95.67572021484375,135.46151733398438,20250225-162844
192,9,0,0.92041015625,545.0816650390625,1.4902496337890625,428.29833984375,525.8142700195312,20250225-162844
192,10,0,0.92578125,222.9440155029297,539.2313232421875,1009.6417236328125,849.3867797851562,20250225-162844
193,1,0,0.259033203125,726.6314697265625,1227.134521484375,75.89923095703125,129.6739501953125,20250225-162844
193,16,0,0.272705078125,784.6835327148438,1383.569091796875,94.53204345703125,153.6948699951172,20250225-162844
193,14,0,0.35400390625,754.7909545898438,814.405517578125,46.061370849609375,55.17994689941406,20250225-162844
193,5,0,0.546875,657.5307006835938,546.0731201171875,280.9741516113281,260.5237731933594,20250225-162844
193,8,0,0.5888671875,748.9359130859375,507.42425537109375,142.40249633789062,172.846435546875,20250225-162844
193,4,0,0.63623046875,691.8811645507812,1854.0098876953125,65.13812255859375,158.69784545898438,20250225-162844
193,2,0,0.7255859375,695.7586669921875,1391.2855224609375,281.6378173828125,377.0065002441406,20250225-162844
193,0,0,0.74609375,872.8128051757812,1787.328369140625,131.92510986328125,199.51437377929688,20250225-162844
193,7,0,0.85595703125,723.06005859375,1636.92919921875,96.61212158203125,134.85459899902344,20250225-162844
193,9,0,0.91943359375,544.708740234375,1.48974609375,429.0519104003906,525.71533203125,20250225-162844
193,10,0,0.9248046875,224.85494995117188,539.9915771484375,1008.949951171875,847.3912963867188,20250225-162844
194,16,0,0.21142578125,784.3433227539062,1383.083740234375,96.50161743164062,155.0169219970703,20250225-162845
194,1,0,0.25244140625,729.407470703125,1228.103759765625,74.19442749023438,127.69906616210938,20250225-162845
194,14,0,0.36669921875,755.0706176757812,814.6680908203125,45.450897216796875,55.75733184814453,20250225-162845
194,8,0,0.444580078125,748.729248046875,467.1264953613281,176.0514678955078,173.908935546875,20250225-162845
194,4,0,0.63427734375,692.2994995117188,1855.169677734375,63.83111572265625,160.1029052734375,20250225-162845
194,5,0,0.64404296875,655.668701171875,554.2510986328125,269.42266845703125,261.4876708984375,20250225-162845
194,0,0,0.669921875,873.1968994140625,1787.388427734375,131.94122314453125,199.48870849609375,20250225-162845
194,2,0,0.7138671875,695.3303833007812,1387.1707763671875,255.9803466796875,378.14599609375,20250225-162845
194,7,0,0.8408203125,724.0535278320312,1634.312255859375,99.66302490234375,133.9286651611328,20250225-162845
194,9,0,0.9189453125,544.7119140625,1.4890594482421875,430.3058166503906,526.3316650390625,20250225-162845
194,10,0,0.92626953125,223.07533264160156,539.6760864257812,1009.77099609375,849.59765625,20250225-162845
195,16,0,0.223388671875,783.5567626953125,1382.64501953125,96.63299560546875,159.2069091796875,20250225-162845
195,1,0,0.291748046875,728.70068359375,1228.19580078125,74.48748779296875,126.69029998779297,20250225-162845
195,14,0,0.39501953125,755.2576904296875,814.9656372070312,45.1541748046875,55.15093994140625,20250225-162845
195,8,0,0.441650390625,748.8648681640625,463.0591735839844,181.72288513183594,173.8328094482422,20250225-162845
195,4,0,0.5859375,692.0518798828125,1854.9547119140625,64.28631591796875,160.296875,20250225-162845
195,0,0,0.62158203125,874.1478271484375,1787.6246337890625,131.6092529296875,198.4013214111328,20250225-162845
195,5,0,0.6669921875,655.1583251953125,543.3671875,280.3399658203125,262.7917785644531,20250225-162845
195,2,0,0.71923828125,695.133544921875,1388.306884765625,267.36529541015625,378.7387390136719,20250225-162845
195,7,0,0.8310546875,725.1760864257812,1633.360595703125,99.3248291015625,132.93310546875,20250225-162845
195,9,0,0.919921875,545.0787963867188,1.1157989501953125,429.08544921875,525.9170532226562,20250225-162845
195,10,0,0.92236328125,225.12686157226562,540.08935546875,1011.474609375,847.2589111328125,20250225-162845
196,16,0,0.22265625,782.7405395507812,1383.454345703125,94.55740356445312,158.1208953857422,20250225-162845
196,1,0,0.253173828125,732.2288818359375,1230.518798828125,71.6260986328125,124.9356689453125,20250225-162845
196,14,0,0.290283203125,755.7184448242188,815.1472778320312,44.896087646484375,54.59381103515625,20250225-162845
196,8,0,0.478515625,749.5274047851562,507.9762268066406,131.90524291992188,172.0553436279297,20250225-162845
196,4,0,0.61328125,692.87109375,1854.6712646484375,64.5208740234375,159.4805450439453,20250225-162845
196,0,0,0.65673828125,873.4188232421875,1787.558837890625,131.6802978515625,198.85751342773438,20250225-162845
196,5,0,0.67333984375,655.13720703125,548.9464111328125,279.1269836425781,262.01568603515625,20250225-162845
196,2,0,0.75048828125,694.9568481445312,1385.984375,276.52020263671875,377.8857421875,20250225-162845
196,7,0,0.830078125,725.0533447265625,1634.233642578125,98.00830078125,133.16656494140625,20250225-162845
196,9,0,0.92138671875,545.07861328125,1.11639404296875,429.75732421875,526.109130859375,20250225-162845
196,10,0,0.92333984375,223.80850219726562,541.5211791992188,1010.8267822265625,848.9412231445312,20250225-162845
197,1,0,0.21142578125,734.8159790039062,1229.895751953125,73.36093139648438,121.34278869628906,20250225-162845
197,16,0,0.22607421875,784.5858764648438,1382.9075927734375,99.031494140625,155.70742797851562,20250225-162845
197,14,0,0.282958984375,755.7125244140625,815.2293090820312,45.2900390625,54.686336517333984,20250225-162845
197,8,0,0.450439453125,749.6176147460938,507.9689025878906,132.5131072998047,171.65048217773438,20250225-162845
197,4,0,0.5908203125,691.4217529296875,1856.16357421875,63.04486083984375,159.21974182128906,20250225-162845
197,0,0,0.66015625,873.5881958007812,1787.593505859375,131.747314453125,199.33370971679688,20250225-162845
197,5,0,0.712890625,655.147216796875,539.0184326171875,286.642822265625,262.2542419433594,20250225-162845
197,2,0,0.7568359375,695.7291259765625,1388.240234375,253.01824951171875,377.67633056640625,20250225-162845
197,7,0,0.845703125,724.7056884765625,1633.3267822265625,99.3541259765625,133.78411865234375,20250225-162845
197,9,0,0.9208984375,544.8950805664062,1.1158447265625,429.0523681640625,525.9970703125,20250225-162845
197,10,0,0.9267578125,221.90443420410156,539.8765869140625,1011.1104125976562,851.0303344726562,20250225-162845
198,1,0,0.204345703125,735.2969970703125,1229.51904296875,72.88092041015625,119.92813110351562,20250225-162845
198,16,0,0.2568359375,783.7633056640625,1382.844970703125,100.77127075195312,159.7991485595703,20250225-162845
198,14,0,0.32080078125,755.4805297851562,815.2972412109375,45.131103515625,54.57681655883789,20250225-162845
198,8,0,0.46484375,750.8130493164062,510.41912841796875,127.24067687988281,170.5758819580078,20250225-162845
198,4,0,0.59814453125,690.9864501953125,1856.3759765625,62.8765869140625,158.8844451904297,20250225-162845
198,0,0,0.69287109375,873.0987548828125,1787.5858154296875,131.7637939453125,199.20779418945312,20250225-162845
198,2,0,0.70556640625,694.7098388671875,1387.5194091796875,277.469970703125,375.85308837890625,20250225-162845
198,5,0,0.74560546875,654.7262573242188,547.2350463867188,279.5583801269531,263.6687927246094,20250225-162845
198,7,0,0.85498046875,724.8995361328125,1635.3321533203125,97.46099853515625,133.19078063964844,20250225-162845
198,9,0,0.91943359375,544.7042236328125,0.9283905029296875,428.8669738769531,525.9527587890625,20250225-162845
198,10,0,0.9228515625,222.78350830078125,539.77294921875,1012.1876220703125,849.5135498046875,20250225-162845
199,1,0,0.26123046875,733.9466552734375,1232.230224609375,69.99765014648438,120.99311828613281,20250225-162845
199,14,0,0.362060546875,755.39453125,815.3935546875,44.642303466796875,54.542484283447266,20250225-162845
199,8,0,0.450439453125,749.79052734375,507.1663818359375,132.38323974609375,171.8992919921875,20250225-162845
199,4,0,0.61962890625,691.4509887695312,1857.7994384765625,61.43994140625,158.42526245117188,20250225-162845
199,5,0,0.7080078125,655.1248168945312,551.3675537109375,274.4351806640625,262.8031921386719,20250225-162845
199,2,0,0.7099609375,694.2410888671875,1385.6348876953125,279.397705078125,376.138916015625,20250225-162845
199,0,0,0.74560546875,872.6165771484375,1787.536376953125,131.712158203125,199.96585083007812,20250225-162845
199,7,0,0.85693359375,724.5287475585938,1634.690185546875,97.47784423828125,130.90750122070312,20250225-162845
199,9,0,0.92138671875,544.5225830078125,1.1147003173828125,429.0323181152344,525.9491577148438,20250225-162845
199,10,0,0.923828125,224.3501739501953,540.0291137695312,1010.7105102539062,848.1968994140625,20250225-162845
200,1,0,0.25537109375,738.3621826171875,1232.6473388671875,68.71957397460938,118.14474487304688,20250225-162845
200,16,0,0.275146484375,781.5335693359375,1382.2811279296875,102.36703491210938,163.82315063476562,20250225-162845
200,14,0,0.306640625,755.534912109375,815.9097290039062,43.874176025390625,54.60453796386719,20250225-162845
200,8,0,0.4072265625,749.2825317382812,511.2706604003906,129.36520385742188,172.6376953125,20250225-162845
200,4,0,0.56591796875,693.0786743164062,1859.2086181640625,59.794189453125,159.91012573242188,20250225-162845
200,5,0,0.6279296875,655.7954711914062,555.0003662109375,271.9812927246094,261.0218505859375,20250225-162845
200,2,0,0.63623046875,696.4686889648438,1388.0225830078125,253.9061279296875,376.07708740234375,20250225-162845
200,0,0,0.68994140625,873.83349609375,1787.503173828125,131.8319091796875,198.74087524414062,20250225-162845
200,7,0,0.85400390625,725.9758911132812,1635.9737548828125,96.65533447265625,132.48825073242188,20250225-162845
200,9,0,0.9208984375,544.3363647460938,1.1147918701171875,428.5701904296875,526.3680419921875,20250225-162845
200,10,0,0.92578125,220.29544067382812,541.371826171875,1008.8626098632812,852.2378540039062,20250225-162845
201,16,0,0.2401123046875,781.0177001953125,1383.513427734375,97.40213012695312,158.48910522460938,20250225-162845
201,1,0,0.306640625,739.1337280273438,1231.9522705078125,70.05496215820312,116.71025085449219,20250225-162845
201,14,0,0.3701171875,755.7683715820312,816.1292724609375,43.53057861328125,54.58411407470703,20250225-162845
201,8,0,0.4833984375,749.7638549804688,511.38201904296875,129.99600219726562,172.18675231933594,20250225-162845
201,5,0,0.5390625,655.5774536132812,543.4473266601562,285.13751220703125,261.10400390625,20250225-162845
201,4,0,0.54296875,692.4376831054688,1793.6619873046875,125.8634033203125,162.17210388183594,20250225-162845
201,0,0,0.72314453125,874.0078735351562,1787.449951171875,131.88006591796875,197.7395782470703,20250225-162845
201,2,0,0.72705078125,695.1226806640625,1387.2945556640625,256.988525390625,378.32379150390625,20250225-162845
201,7,0,0.8408203125,725.32958984375,1632.6910400390625,98.87274169921875,129.8229522705078,20250225-162845
201,9,0,0.9208984375,544.8935546875,1.302520751953125,429.2959899902344,525.8157958984375,20250225-162845
201,10,0,0.92626953125,222.87310791015625,540.818115234375,1008.2596435546875,849.5771484375,20250225-162845
202,1,0,0.2322998046875,742.0506591796875,1231.3948974609375,70.51620483398438,115.22563934326172,20250225-162845
202,16,0,0.3310546875,781.9495849609375,1381.9478759765625,102.07901000976562,166.34640502929688,20250225-162845
202,14,0,0.41015625,755.4383544921875,815.6889038085938,44.3016357421875,55.005455017089844,20250225-162845
202,8,0,0.5380859375,750.396240234375,510.15362548828125,130.7570343017578,171.77381896972656,20250225-162845
202,4,0,0.55712890625,692.6793823242188,1859.8948974609375,59.115234375,159.888671875,20250225-162845
202,5,0,0.56494140625,655.5001220703125,564.1851806640625,261.1863098144531,261.0354919433594,20250225-162845
202,0,0,0.70068359375,873.4893188476562,1787.6319580078125,131.60394287109375,198.62852478027344,20250225-162845
202,2,0,0.71923828125,695.8441772460938,1391.9814453125,249.61669921875,376.0479431152344,20250225-162845
202,7,0,0.8388671875,725.0343017578125,1633.219482421875,98.31793212890625,129.6568603515625,20250225-162845
202,10,0,0.91796875,225.52056884765625,539.1296997070312,1010.2635498046875,847.0712280273438,20250225-162845
202,9,0,0.921875,544.8892822265625,0.92889404296875,429.3454284667969,525.8388061523438,20250225-162845
203,1,0,0.2254638671875,744.2408447265625,1233.989501953125,68.05874633789062,113.0626220703125,20250225-162845
203,16,0,0.2822265625,783.7373657226562,1382.873046875,99.77499389648438,158.87457275390625,20250225-162845
203,14,0,0.3583984375,755.108154296875,816.0859375,43.82135009765625,54.708740234375,20250225-162845
203,8,0,0.48828125,748.0472412109375,512.63525390625,128.2170867919922,173.75332641601562,20250225-162845
203,5,0,0.58984375,655.2460327148438,551.2791137695312,274.2693786621094,261.8577880859375,20250225-162845
203,4,0,0.626953125,692.2565307617188,1859.709228515625,59.29632568359375,158.93032836914062,20250225-162845
203,0,0,0.67236328125,872.8855590820312,1787.700439453125,131.62957763671875,199.52476501464844,20250225-162845
203,2,0,0.74609375,694.4020385742188,1386.119384765625,273.32373046875,377.4667053222656,20250225-162845
203,7,0,0.8388671875,724.1610717773438,1635.2493896484375,96.23419189453125,130.73069763183594,20250225-162845
203,10,0,0.9189453125,224.9521942138672,539.54443359375,1009.7667846679688,847.4046020507812,20250225-162845
203,9,0,0.92138671875,544.705810546875,1.3025665283203125,429.1253662109375,526.2642822265625,20250225-162845
204,1,0,0.21728515625,749.1596069335938,1233.560302734375,67.99868774414062,108.01036834716797,20250225-162845
204,14,0,0.3056640625,755.4285278320312,816.0325927734375,44.0921630859375,54.342498779296875,20250225-162845
204,16,0,0.422607421875,784.5034790039062,1382.79296875,100.8299560546875,158.64627075195312,20250225-162845
204,4,0,0.5458984375,691.9777221679688,1859.69091796875,59.31060791015625,159.07464599609375,20250225-162845
204,8,0,0.60205078125,749.9556884765625,507.5423583984375,131.55523681640625,172.01602172851562,20250225-162845
204,5,0,0.6083984375,655.4473266601562,564.2246704101562,264.9081115722656,261.443115234375,20250225-162845
204,0,0,0.705078125,871.9347534179688,1787.5660400390625,131.76544189453125,200.37672424316406,20250225-162845
204,2,0,0.73046875,695.4814453125,1396.36669921875,247.51263427734375,376.1897277832031,20250225-162845
204,7,0,0.8427734375,724.78271484375,1635.21826171875,96.11517333984375,129.8795166015625,20250225-162845
204,10,0,0.92236328125,221.1524658203125,539.25146484375,1010.378173828125,851.35107421875,20250225-162845
204,9,0,0.92236328125,545.4547119140625,1.6777496337890625,428.9414978027344,525.40087890625,20250225-162845
205,1,0,0.25390625,740.3094482421875,1233.678955078125,68.46331787109375,116.20805358886719,20250225-162845
205,14,0,0.262939453125,755.4681396484375,816.4833984375,43.644195556640625,54.68745422363281,20250225-162845
205,16,0,0.39990234375,783.514892578125,1382.9315185546875,97.96197509765625,158.50387573242188,20250225-162845
205,8,0,0.4609375,748.873291015625,509.02862548828125,136.19778442382812,173.68020629882812,20250225-162845
205,4,0,0.537109375,692.0564575195312,1860.0618896484375,58.95318603515625,159.81399536132812,20250225-162845
205,5,0,0.5478515625,658.308349609375,538.2859497070312,293.4569091796875,260.0532531738281,20250225-162845
205,0,0,0.703125,873.3114624023438,1787.589111328125,131.7469482421875,199.1861572265625,20250225-162845
205,2,0,0.70751953125,695.767578125,1394.71875,259.39453125,376.3926696777344,20250225-162845
205,7,0,0.83447265625,726.3731689453125,1636.3055419921875,95.97161865234375,131.93704223632812,20250225-162845
205,9,0,0.9228515625,544.8967895507812,1.3038482666015625,428.9808654785156,525.8656005859375,20250225-162845
205,10,0,0.92333984375,219.99984741210938,540.3387451171875,1011.696533203125,852.6262817382812,20250225-162845
206,1,0,0.262939453125,741.2137451171875,1233.7525634765625,68.373779296875,113.6594009399414,20250225-162845
206,14,0,0.306640625,755.468505859375,817.2742309570312,42.8990478515625,54.943572998046875,20250225-162845
206,16,0,0.351318359375,783.5451049804688,1382.8175048828125,98.56842041015625,158.17788696289062,20250225-162845
206,5,0,0.517578125,657.737060546875,538.7785034179688,292.8089904785156,260.2398376464844,20250225-162845
206,4,0,0.5439453125,691.3381958007812,1792.760498046875,126.0699462890625,163.54763793945312,20250225-162845
206,8,0,0.56103515625,750.0391845703125,508.4871826171875,141.0307159423828,172.17129516601562,20250225-162845
206,0,0,0.7099609375,873.5546875,1787.5374755859375,131.80279541015625,198.65762329101562,20250225-162845
206,2,0,0.7392578125,696.5435180664062,1390.396484375,254.2840576171875,375.56591796875,20250225-162845
206,7,0,0.8408203125,725.537109375,1636.102294921875,95.3602294921875,129.9581298828125,20250225-162845
206,9,0,0.92041015625,545.2650146484375,1.302978515625,428.2601623535156,525.9163818359375,20250225-162845
206,10,0,0.9248046875,220.01246643066406,539.6678466796875,1009.9194946289062,852.4986572265625,20250225-162845
207,14,0,0.27587890625,755.2088012695312,817.5807495117188,42.466094970703125,55.459068298339844,20250225-162845
207,1,0,0.28857421875,740.1803588867188,1234.797119140625,67.62350463867188,113.2828598022461,20250225-162845
207,16,0,0.307373046875,783.6575927734375,1382.669189453125,98.43594360351562,157.6429901123047,20250225-162845
207,8,0,0.4697265625,748.7774047851562,507.8876037597656,130.3933868408203,173.46124267578125,20250225-162845
207,4,0,0.53515625,690.4888916015625,1793.27490234375,126.15728759765625,163.96884155273438,20250225-162845
207,5,0,0.57373046875,655.8519287109375,547.4397583007812,284.4452819824219,261.84521484375,20250225-162845
207,0,0,0.6943359375,873.458251953125,1787.6685791015625,131.67041015625,199.19920349121094,20250225-162845
207,2,0,0.72412109375,696.1569213867188,1391.3792724609375,265.23486328125,376.6700439453125,20250225-162845
207,7,0,0.85009765625,726.1918334960938,1635.811279296875,96.53173828125,132.42079162597656,20250225-162845
207,9,0,0.921875,545.4523315429688,1.3043975830078125,427.02825927734375,525.3871459960938,20250225-162845
207,10,0,0.92578125,220.368408203125,539.6561279296875,1010.1795043945312,852.0843505859375,20250225-162845
208,1,0,0.259765625,737.8685913085938,1233.3929443359375,68.73495483398438,116.07192993164062,20250225-162845
208,14,0,0.3056640625,754.9901123046875,818.0260620117188,42.02069091796875,55.40619659423828,20250225-162845
208,16,0,0.329345703125,783.7181396484375,1383.333740234375,97.70965576171875,156.99574279785156,20250225-162845
208,4,0,0.5126953125,690.914794921875,1792.64990234375,126.1783447265625,162.44744873046875,20250225-162845
208,8,0,0.5302734375,748.538330078125,508.9014587402344,126.95462036132812,173.30340576171875,20250225-162845
208,0,0,0.71630859375,872.1835327148438,1787.6429443359375,131.70025634765625,200.1890869140625,20250225-162845
208,5,0,0.72412109375,655.454833984375,548.5863647460938,279.462158203125,262.5088806152344,20250225-162845
208,2,0,0.73486328125,695.5294799804688,1391.572265625,262.5772705078125,376.50439453125,20250225-162845
208,7,0,0.83203125,724.64208984375,1634.7264404296875,96.3306884765625,130.8746337890625,20250225-162845
208,9,0,0.91796875,545.0743408203125,1.3054962158203125,425.9900207519531,525.60205078125,20250225-162845
208,10,0,0.9267578125,220.72409057617188,540.229248046875,1009.6832885742188,851.8062133789062,20250225-162845
209,1,0,0.2337646484375,745.2987670898438,1236.181884765625,65.59295654296875,109.11544036865234,20250225-162845
209,14,0,0.361083984375,755.521728515625,817.94091796875,42.10015869140625,54.99309539794922,20250225-162845
209,16,0,0.37109375,783.6949462890625,1382.22607421875,101.12603759765625,159.03131103515625,20250225-162845
209,4,0,0.56787109375,691.3265991210938,1791.635498046875,127.19970703125,161.54812622070312,20250225-162845
209,8,0,0.59716796875,749.7744750976562,508.83929443359375,131.9442901611328,171.7390594482422,20250225-162845
209,5,0,0.6396484375,655.8939208984375,546.7784423828125,280.7972717285156,260.9752502441406,20250225-162845
209,2,0,0.69921875,695.4017944335938,1393.422119140625,275.05023193359375,376.8554382324219,20250225-162845
209,0,0,0.74169921875,871.794677734375,1787.45556640625,131.9893798828125,200.69009399414062,20250225-162845
209,7,0,0.84814453125,723.7630004882812,1636.4307861328125,94.89862060546875,133.14889526367188,20250225-162845
209,9,0,0.91748046875,545.0728759765625,1.3054962158203125,424.5985107421875,525.7628173828125,20250225-162845
209,10,0,0.92626953125,219.40040588378906,540.0602416992188,1012.1846923828125,853.2272338867188,20250225-162845
210,16,0,0.2281494140625,783.5682373046875,1383.43798828125,98.19223022460938,159.53187561035156,20250225-162845
210,1,0,0.23583984375,746.3893432617188,1236.04296875,65.69805908203125,110.22531127929688,20250225-162845
210,14,0,0.33203125,754.8568725585938,818.0180053710938,42.235015869140625,55.408687591552734,20250225-162845
210,8,0,0.482421875,748.691162109375,507.9002380371094,128.7886962890625,172.71014404296875,20250225-162845
210,4,0,0.56396484375,691.3208618164062,1791.90234375,126.83404541015625,162.18240356445312,20250225-162845
210,2,0,0.72705078125,694.6154174804688,1387.641357421875,280.253173828125,375.46429443359375,20250225-162845
210,0,0,0.7421875,872.9288330078125,1787.4052734375,131.75189208984375,199.8262939453125,20250225-162845
210,5,0,0.794921875,655.716064453125,541.0074462890625,286.08856201171875,262.9278869628906,20250225-162845
210,7,0,0.861328125,724.8963012695312,1636.07958984375,95.95623779296875,133.4892120361328,20250225-162845
210,9,0,0.91943359375,545.8182373046875,0.92962646484375,425.50250244140625,525.1290283203125,20250225-162845
210,10,0,0.9248046875,220.1049041748047,539.2651977539062,1011.4751586914062,852.5261840820312,20250225-162845
211,6,0,0.294189453125,738.5372924804688,1231.82470703125,145.365966796875,164.48318481445312,20250225-162845
211,14,0,0.3486328125,754.8721313476562,818.467529296875,41.8216552734375,55.59674072265625,20250225-162845
211,16,0,0.43212890625,783.474365234375,1382.7066650390625,99.0794677734375,156.74734497070312,20250225-162845
211,8,0,0.442626953125,749.6234130859375,507.29754638671875,129.79312133789062,160.28375244140625,20250225-162845
211,4,0,0.5419921875,691.626953125,1857.265625,61.892578125,160.38185119628906,20250225-162845
211,0,0,0.66015625,874.3189697265625,1787.427978515625,131.89984130859375,198.2364501953125,20250225-162845
211,2,0,0.71875,695.8185424804688,1390.1539306640625,278.0306396484375,374.9160461425781,20250225-162845
211,5,0,0.78857421875,656.231689453125,536.0848388671875,290.1031494140625,262.41162109375,20250225-162845
211,7,0,0.85498046875,725.0596923828125,1635.55859375,96.357421875,133.28561401367188,20250225-162845
211,9,0,0.91796875,545.8187866210938,1.11639404296875,423.7310485839844,525.044921875,20250225-162845
211,10,0,0.9267578125,219.44332885742188,539.1312866210938,1010.9205322265625,853.3324584960938,20250225-162845
212,6,0,0.2371826171875,751.28857421875,1231.2777099609375,142.74179077148438,148.4622039794922,20250225-162845
212,14,0,0.310791015625,754.7719116210938,818.1400146484375,42.37921142578125,55.71278381347656,20250225-162845
212,16,0,0.416748046875,784.5570068359375,1382.975341796875,97.90411376953125,155.08016967773438,20250225-162845
212,8,0,0.4580078125,749.3717651367188,506.2204284667969,130.2443389892578,133.42449951171875,20250225-162845
212,4,0,0.552734375,692.167236328125,1858.2747802734375,60.72601318359375,160.89993286132812,20250225-162845
212,0,0,0.6875,872.5734252929688,1787.2724609375,132.05712890625,200.172607421875,20250225-162845
212,2,0,0.72412109375,696.2507934570312,1391.2724609375,279.39276123046875,374.57232666015625,20250225-162845
212,5,0,0.79833984375,656.4581909179688,533.3754272460938,292.7548828125,263.095947265625,20250225-162845
212,7,0,0.85107421875,725.1084594726562,1636.740234375,95.02349853515625,133.17636108398438,20250225-162845
212,9,0,0.9208984375,545.8246459960938,1.305267333984375,424.09442138671875,525.254638671875,20250225-162845
212,10,0,0.92431640625,221.49964904785156,538.781982421875,1011.5744018554688,851.23974609375,20250225-162845
213,1,0,0.2315673828125,768.3413696289062,1233.347900390625,69.52084350585938,87.17625427246094,20250225-162845
213,14,0,0.29833984375,753.6403198242188,818.8714599609375,41.73284912109375,56.683616638183594,20250225-162845
213,16,0,0.355712890625,783.8558959960938,1382.35546875,100.13644409179688,159.79339599609375,20250225-162845
213,8,0,0.435791015625,748.9483032226562,507.5957336425781,128.3711700439453,142.8498992919922,20250225-162845
213,4,0,0.57177734375,691.7048950195312,1856.8692626953125,62.28387451171875,160.23284912109375,20250225-162845
213,0,0,0.67236328125,872.9307250976562,1787.186767578125,132.24169921875,199.63230895996094,20250225-162845
213,2,0,0.7177734375,696.339111328125,1394.8231201171875,262.6036376953125,376.5663146972656,20250225-162845
213,5,0,0.8271484375,656.1458129882812,534.2230224609375,292.2823791503906,263.1702880859375,20250225-162845
213,7,0,0.84716796875,724.8798217773438,1637.2635498046875,94.5413818359375,133.53436279296875,20250225-162845
213,9,0,0.9208984375,546.192138671875,1.491851806640625,423.83038330078125,524.6998901367188,20250225-162845
213,10,0,0.92626953125,220.9310302734375,539.8167114257812,1011.0673828125,851.7913208007812,20250225-162845
214,1,0,0.2017822265625,769.1014404296875,1233.2421875,69.60031127929688,86.87834167480469,20250225-162845
214,6,0,0.2486572265625,758.4286499023438,1229.334716796875,145.04315185546875,139.88858032226562,20250225-162845
214,14,0,0.279052734375,751.7308349609375,818.8800659179688,41.778350830078125,58.1641960144043,20250225-162845
214,16,0,0.4091796875,784.0531005859375,1382.447265625,99.88037109375,160.62234497070312,20250225-162845
214,8,0,0.486328125,749.9588623046875,506.13446044921875,126.6309814453125,127.30459594726562,20250225-162845
214,4,0,0.5546875,692.0924682617188,1857.941162109375,61.0689697265625,159.728515625,20250225-162845
214,0,0,0.71533203125,871.9781494140625,1787.5074462890625,131.84820556640625,200.9730682373047,20250225-162845
214,2,0,0.75146484375,694.724609375,1391.7674560546875,281.6861572265625,377.82086181640625,20250225-162845
214,7,0,0.8447265625,724.883056640625,1636.6907958984375,95.1932373046875,133.06640625,20250225-162845
214,5,0,0.849609375,656.0811157226562,531.8757934570312,294.6815185546875,263.77099609375,20250225-162845
214,9,0,0.92041015625,545.8234252929688,1.11639404296875,424.3341979980469,524.90478515625,20250225-162845
214,10,0,0.92431640625,219.79505920410156,539.8705444335938,1011.803466796875,853.0607299804688,20250225-162845
215,14,0,0.263671875,751.2837524414062,818.6119995117188,41.819366455078125,58.84946823120117,20250225-162845
215,6,0,0.28857421875,744.6220703125,1227.6337890625,154.99530029296875,161.74913024902344,20250225-162845
215,16,0,0.374755859375,784.5512084960938,1381.984619140625,100.22808837890625,158.87570190429688,20250225-162845
215,8,0,0.4873046875,749.83837890625,506.38275146484375,128.1277313232422,123.87274169921875,20250225-162845
215,4,0,0.59814453125,691.7730102539062,1856.1470947265625,63.0552978515625,160.0589599609375,20250225-162845
215,0,0,0.69287109375,872.5504760742188,1787.48583984375,131.85662841796875,200.11322021484375,20250225-162845
215,2,0,0.763671875,695.1546020507812,1389.3980712890625,284.8385009765625,376.9122619628906,20250225-162845
215,5,0,0.85302734375,655.9909057617188,529.2760620117188,297.86810302734375,263.7589111328125,20250225-162845
215,7,0,0.85302734375,724.9605102539062,1637.478515625,94.56536865234375,133.20098876953125,20250225-162845
215,9,0,0.92041015625,545.4583740234375,1.303070068359375,424.271484375,525.4578247070312,20250225-162845
215,10,0,0.921875,222.74472045898438,539.6050415039062,1011.1045532226562,850.289794921875,20250225-162845
216,14,0,0.264404296875,751.7017211914062,819.2977294921875,41.124481201171875,58.31791687011719,20250225-162845
216,6,0,0.33203125,735.9183349609375,1225.7589111328125,160.97140502929688,172.96875,20250225-162845
216,16,0,0.39990234375,783.310791015625,1381.5654296875,100.10549926757812,159.7263641357422,20250225-162845
216,8,0,0.39990234375,750.5189208984375,506.2247314453125,130.5944366455078,141.5751495361328,20250225-162845
216,4,0,0.57763671875,691.9195556640625,1856.8406982421875,62.31060791015625,159.8049774169922,20250225-162845
216,0,0,0.72802734375,873.581298828125,1787.314208984375,131.9359130859375,198.73452758789062,20250225-162845
216,2,0,0.736328125,694.936767578125,1386.5892333984375,281.38330078125,375.55645751953125,20250225-162845
216,5,0,0.83447265625,656.601318359375,530.155029296875,296.5586242675781,262.7174377441406,20250225-162845
216,7,0,0.83984375,725.1572265625,1636.86181640625,94.925537109375,133.03927612304688,20250225-162845
216,10,0,0.91943359375,223.49728393554688,540.214599609375,1010.616943359375,849.6751708984375,20250225-162845
216,9,0,0.921875,545.8204345703125,1.3027496337890625,425.0909729003906,524.8284912109375,20250225-162845
217,14,0,0.2049560546875,750.1448364257812,819.31640625,41.24395751953125,59.57490921020508,20250225-162845
217,16,0,0.32861328125,784.261962890625,1381.7860107421875,100.270751953125,159.0302734375,20250225-162845
217,6,0,0.363037109375,736.8447875976562,1224.503662109375,161.97647094726562,172.02520751953125,20250225-162845
217,8,0,0.36572265625,750.0640869140625,505.50897216796875,128.91416931152344,137.17245483398438,20250225-162845
217,4,0,0.56591796875,692.131103515625,1857.0567626953125,62.0958251953125,160.09689331054688,20250225-162845
217,0,0,0.67138671875,873.0368041992188,1787.5579833984375,131.68670654296875,199.271484375,20250225-162845
217,2,0,0.740234375,695.2869262695312,1386.8404541015625,281.9150390625,375.4170837402344,20250225-162845
217,5,0,0.83447265625,656.7264404296875,531.5401611328125,295.73419189453125,262.72296142578125,20250225-162845
217,7,0,0.83984375,725.1851806640625,1637.4114990234375,94.3831787109375,132.94271850585938,20250225-162845
217,10,0,0.92138671875,224.32107543945312,540.0661010742188,1009.8286743164062,848.6824951171875,20250225-162845
217,9,0,0.92236328125,545.8191528320312,1.303985595703125,425.0539855957031,524.7147827148438,20250225-162845
218,1,0,0.241455078125,760.5598754882812,1233.666259765625,68.71682739257812,94.17601013183594,20250225-162845
218,14,0,0.265869140625,748.8025512695312,818.9522094726562,41.8798828125,61.171958923339844,20250225-162845
218,16,0,0.2783203125,783.6348876953125,1381.467529296875,100.44232177734375,160.29876708984375,20250225-162845
218,8,0,0.376708984375,749.8760375976562,505.53564453125,128.93142700195312,124.12026977539062,20250225-162845
218,4,0,0.57177734375,691.997314453125,1857.2314453125,61.9189453125,160.0911407470703,20250225-162845
218,0,0,0.71240234375,873.0050659179688,1787.3785400390625,132.052734375,199.3887176513672,20250225-162845
218,2,0,0.7255859375,695.0900268554688,1387.4080810546875,274.6219482421875,375.5487365722656,20250225-162845
218,7,0,0.830078125,725.3841552734375,1637.5037841796875,94.13543701171875,132.78024291992188,20250225-162845
218,5,0,0.84033203125,656.6145629882812,530.3706665039062,297.958740234375,262.6353759765625,20250225-162845
218,10,0,0.921875,223.49598693847656,540.711181640625,1010.5843505859375,849.2470092773438,20250225-162845
218,9,0,0.9228515625,546.1891479492188,1.304901123046875,425.3096008300781,524.3048095703125,20250225-162845
219,1,0,0.23583984375,762.5242309570312,1230.234375,71.65402221679688,92.74761199951172,20250225-162845
219,6,0,0.259033203125,748.3917846679688,1223.281005859375,155.2144775390625,154.43798828125,20250225-162845
219,14,0,0.294189453125,747.8676147460938,818.897705078125,41.79254150390625,61.843414306640625,20250225-162845
219,8,0,0.32177734375,750.642578125,504.8804626464844,130.6593475341797,140.857177734375,20250225-162845
219,16,0,0.3896484375,782.931396484375,1381.20166015625,101.4437255859375,160.38597106933594,20250225-162845
219,4,0,0.55078125,692.323974609375,1857.73583984375,61.2689208984375,159.7317657470703,20250225-162845
219,0,0,0.66552734375,872.1359252929688,1787.390380859375,131.94140625,200.33311462402344,20250225-162845
219,2,0,0.7548828125,695.9622802734375,1390.53662109375,276.2860107421875,376.10955810546875,20250225-162845
219,7,0,0.830078125,725.5889282226562,1637.797119140625,94.12994384765625,132.50267028808594,20250225-162845
219,5,0,0.83642578125,656.5640258789062,529.3892822265625,298.1388244628906,262.9427490234375,20250225-162845
219,9,0,0.921875,546.0042114257812,1.491943359375,424.67138671875,524.3489379882812,20250225-162845
219,10,0,0.9248046875,222.33633422851562,540.0474243164062,1011.4539184570312,850.64892578125,20250225-162845
220,14,0,0.289306640625,747.7994384765625,819.024169921875,41.271697998046875,61.76891326904297,20250225-162845
220,6,0,0.315673828125,743.0890502929688,1225.698974609375,151.21463012695312,163.41355895996094,20250225-162845
220,8,0,0.37744140625,751.001708984375,504.9097595214844,128.73651123046875,146.5762481689453,20250225-162845
220,16,0,0.417724609375,784.3588256835938,1380.871826171875,101.72378540039062,158.85098266601562,20250225-162845
220,4,0,0.57470703125,691.6362915039062,1857.0955810546875,62.10150146484375,160.51136779785156,20250225-162845
220,0,0,0.66796875,872.9402465820312,1787.5037841796875,131.82257080078125,199.6437225341797,20250225-162845
220,2,0,0.765625,695.8681640625,1392.798095703125,275.59259033203125,379.2252197265625,20250225-162845
220,7,0,0.82421875,725.6610717773438,1637.86962890625,93.878173828125,132.2500762939453,20250225-162845
220,5,0,0.849609375,656.3591918945312,534.2426147460938,292.8183288574219,263.00384521484375,20250225-162845
220,10,0,0.9208984375,227.40162658691406,540.7868041992188,1009.2921752929688,845.471435546875,20250225-162845
220,9,0,0.92236328125,545.07421875,1.6790313720703125,425.3396301269531,525.6381225585938,20250225-162845
221,1,0,0.219970703125,749.0654296875,1233.47265625,70.31451416015625,106.84307098388672,20250225-162845
221,6,0,0.2337646484375,742.674560546875,1227.478515625,152.25054931640625,164.9191131591797,20250225-162845
221,8,0,0.27587890625,748.79638671875,509.8151550292969,135.8954315185547,172.61195373535156,20250225-162845
221,14,0,0.325927734375,747.8461303710938,818.5746459960938,41.592315673828125,61.901092529296875,20250225-162845
221,16,0,0.381103515625,784.3150634765625,1381.7861328125,99.56103515625,157.63320922851562,20250225-162845
221,4,0,0.5947265625,691.6768798828125,1856.9183349609375,62.2774658203125,159.94119262695312,20250225-162845
221,0,0,0.67236328125,872.1633911132812,1787.4151611328125,131.91668701171875,200.41551208496094,20250225-162845
221,2,0,0.75146484375,695.6875,1391.8736572265625,278.712890625,375.9869079589844,20250225-162845
221,5,0,0.79931640625,656.7185668945312,534.1052856445312,293.43804931640625,261.8646240234375,20250225-162845
221,7,0,0.8232421875,725.6964111328125,1638.8800048828125,92.92071533203125,132.4134979248047,20250225-162845
221,10,0,0.91943359375,228.374267578125,540.49658203125,1010.2886352539062,844.3301391601562,20250225-162845
221,9,0,0.92236328125,545.6319580078125,1.491302490234375,425.501220703125,524.9569702148438,20250225-162845
222,14,0,0.24658203125,747.5341186523438,819.2127685546875,40.74884033203125,62.04374313354492,20250225-162845
222,1,0,0.261962890625,746.5040283203125,1233.721923828125,70.09725952148438,109.39644622802734,20250225-162845
222,8,0,0.302490234375,750.36279296875,506.271240234375,127.29757690429688,142.3623809814453,20250225-162845
222,16,0,0.402587890625,783.5648193359375,1380.375,102.70184326171875,159.19078063964844,20250225-162845
222,4,0,0.64599609375,691.6004028320312,1856.997802734375,62.19873046875,160.34815979003906,20250225-162845
222,0,0,0.67822265625,873.178955078125,1787.34716796875,131.886474609375,199.11895751953125,20250225-162845
222,2,0,0.75634765625,695.7478637695312,1392.434326171875,267.1314697265625,376.2724609375,20250225-162845
222,7,0,0.822265625,726.0126342773438,1638.585205078125,92.99395751953125,131.90863037109375,20250225-162845
222,5,0,0.833984375,657.0066528320312,531.7371826171875,295.0897521972656,262.1233215332031,20250225-162845
222,9,0,0.92236328125,545.4466552734375,1.4918060302734375,425.5608215332031,525.1207275390625,20250225-162845
222,10,0,0.9248046875,220.0293731689453,539.0357666015625,1010.6973266601562,852.9185791015625,20250225-162845
223,14,0,0.203125,747.37109375,818.8467407226562,40.918670654296875,62.27351379394531,20250225-162845
223,8,0,0.31494140625,750.7464599609375,506.7078552246094,122.2781982421875,143.73851013183594,20250225-162845
223,1,0,0.319091796875,741.60595703125,1233.460205078125,71.52557373046875,112.83285522460938,20250225-162845
223,16,0,0.406494140625,784.3965454101562,1380.21435546875,102.50125122070312,159.1156768798828,20250225-162845
223,4,0,0.6142578125,692.2027587890625,1856.61767578125,62.5821533203125,159.22364807128906,20250225-162845
223,0,0,0.71484375,873.0702514648438,1787.3193359375,132.017578125,199.4204864501953,20250225-162845
223,2,0,0.7431640625,695.3955688476562,1388.4093017578125,266.607421875,376.1272888183594,20250225-162845
223,7,0,0.81884765625,726.19189453125,1638.28564453125,93.16644287109375,131.6474609375,20250225-162845
223,5,0,0.83740234375,656.7014770507812,532.9638061523438,293.811767578125,262.2210693359375,20250225-162845
223,9,0,0.92236328125,544.8876342773438,1.3054046630859375,426.1130676269531,525.612548828125,20250225-162845
223,10,0,0.927734375,220.87652587890625,539.7090454101562,1009.1907348632812,852.1156005859375,20250225-162845
224,14,0,0.2294921875,747.5909423828125,818.5794067382812,40.889923095703125,62.21995544433594,20250225-162846
224,1,0,0.256103515625,744.8512573242188,1235.139404296875,69.64901733398438,110.95882415771484,20250225-162846
224,8,0,0.318359375,750.7152099609375,507.4486083984375,121.57228088378906,139.78823852539062,20250225-162846
224,16,0,0.444580078125,784.3640747070312,1381.185546875,101.2393798828125,156.67645263671875,20250225-162846
224,4,0,0.58056640625,691.7105712890625,1856.8780517578125,62.32049560546875,159.5922088623047,20250225-162846
224,0,0,0.69677734375,873.0747680664062,1787.3800048828125,132.04962158203125,199.3141326904297,20250225-162846
224,2,0,0.74462890625,695.4684448242188,1392.611572265625,259.109619140625,376.4698791503906,20250225-162846
224,7,0,0.8056640625,726.0879516601562,1637.8466796875,93.7650146484375,131.8428955078125,20250225-162846
224,5,0,0.84716796875,656.8797607421875,531.4766845703125,295.5337829589844,262.2750549316406,20250225-162846
224,9,0,0.92236328125,544.7005004882812,1.3047637939453125,425.4015197753906,525.7174072265625,20250225-162846
224,10,0,0.9287109375,220.0183868408203,540.6165161132812,1008.9351196289062,852.9064331054688,20250225-162846
225,1,0,0.262939453125,745.5730590820312,1234.64599609375,71.5286865234375,113.40534210205078,20250225-162846
225,8,0,0.33203125,749.6354370117188,506.3631591796875,129.75714111328125,153.02761840820312,20250225-162846
225,16,0,0.455078125,784.55859375,1380.5859375,101.65219116210938,157.8866729736328,20250225-162846
225,4,0,0.6298828125,691.7847900390625,1856.66357421875,62.5792236328125,159.33978271484375,20250225-162846
225,0,0,0.7001953125,874.0078125,1787.321533203125,132.0150146484375,198.2081298828125,20250225-162846
225,2,0,0.7392578125,695.7492065429688,1393.9720458984375,269.4415283203125,376.2364196777344,20250225-162846
225,7,0,0.80908203125,726.1199951171875,1639.007080078125,92.52337646484375,131.62307739257812,20250225-162846
225,5,0,0.83056640625,656.9577026367188,533.7672729492188,293.36444091796875,261.99285888671875,20250225-162846
225,9,0,0.923828125,544.514892578125,1.3047637939453125,425.52972412109375,525.8866577148438,20250225-162846
225,10,0,0.92529296875,221.62530517578125,539.4521484375,1010.8192749023438,851.3780517578125,20250225-162846
226,1,0,0.299072265625,748.4727783203125,1233.459228515625,70.96847534179688,107.1916275024414,20250225-162846
226,8,0,0.319091796875,750.177490234375,506.6027526855469,131.06369018554688,156.06027221679688,20250225-162846
226,16,0,0.5087890625,785.3139038085938,1380.398681640625,102.17706298828125,156.3927001953125,20250225-162846
226,4,0,0.53515625,692.3502197265625,1857.6654052734375,61.35076904296875,161.1395263671875,20250225-162846
226,0,0,0.6669921875,873.6497802734375,1787.3367919921875,131.99322509765625,198.6177978515625,20250225-162846
226,2,0,0.74072265625,695.76123046875,1390.8299560546875,256.494873046875,375.46258544921875,20250225-162846
226,7,0,0.81396484375,726.6066284179688,1640.2752685546875,91.0931396484375,131.21417236328125,20250225-162846
226,5,0,0.83544921875,656.95849609375,530.213623046875,297.2763977050781,262.3587646484375,20250225-162846
226,9,0,0.923828125,545.0755004882812,1.49212646484375,426.05950927734375,525.3916015625,20250225-162846
226,10,0,0.9267578125,223.06967163085938,539.6077880859375,1010.8330078125,849.7130126953125,20250225-162846
227,1,0,0.27197265625,747.4248046875,1235.700439453125,68.46615600585938,108.93450927734375,20250225-162846
227,8,0,0.338134765625,750.3530883789062,506.72332763671875,132.0381317138672,166.1697540283203,20250225-162846
227,16,0,0.4580078125,785.5758666992188,1381.0155029296875,101.9520263671875,155.60906982421875,20250225-162846
227,4,0,0.548828125,691.9888305664062,1857.5980224609375,61.41943359375,160.5747528076172,20250225-162846
227,0,0,0.6806640625,873.21484375,1787.2529296875,131.994140625,199.45849609375,20250225-162846
227,2,0,0.703125,695.78173828125,1398.133056640625,258.95050048828125,377.25054931640625,20250225-162846
227,7,0,0.81298828125,726.5277709960938,1640.1917724609375,91.38043212890625,131.288330078125,20250225-162846
227,5,0,0.833984375,656.9678955078125,535.6104736328125,291.22467041015625,262.31231689453125,20250225-162846
227,9,0,0.921875,545.0763549804688,1.1185455322265625,426.2744140625,525.3609008789062,20250225-162846
227,10,0,0.92919921875,222.48670959472656,540.2666015625,1011.37646484375,850.3187255859375,20250225-162846
228,1,0,0.29833984375,750.1873168945312,1235.1038818359375,68.94406127929688,106.06011962890625,20250225-162846
228,8,0,0.329345703125,748.7105102539062,509.86578369140625,145.7904052734375,172.8896942138672,20250225-162846
228,4,0,0.548828125,691.5287475585938,1856.495361328125,62.7125244140625,159.99441528320312,20250225-162846
228,16,0,0.5517578125,786.2086181640625,1380.7254638671875,102.15847778320312,153.51136779785156,20250225-162846
228,0,0,0.68017578125,872.9015502929688,1787.2196044921875,132.02581787109375,199.67916870117188,20250225-162846
228,2,0,0.7392578125,695.61083984375,1402.6607666015625,267.4588623046875,377.35223388671875,20250225-162846
228,7,0,0.8154296875,726.6044921875,1638.749267578125,92.79913330078125,131.31382751464844,20250225-162846
228,5,0,0.82080078125,657.2627563476562,531.684326171875,294.4118957519531,262.05670166015625,20250225-162846
228,9,0,0.92236328125,545.2609252929688,1.4921722412109375,426.0824890136719,525.1588134765625,20250225-162846
228,10,0,0.9287109375,224.86807250976562,539.7415161132812,1010.039794921875,847.728515625,20250225-162846
229,14,0,0.2294921875,748.0003051757812,817.9544677734375,42.105010986328125,62.410240173339844,20250225-162846
229,1,0,0.312255859375,750.3579711914062,1237.2447509765625,66.65240478515625,106.61690521240234,20250225-162846
229,8,0,0.391357421875,750.815185546875,506.5857238769531,127.79576110839844,160.94866943359375,20250225-162846
229,16,0,0.451416015625,787.2191772460938,1381.0380859375,101.97802734375,152.42388916015625,20250225-162846
229,4,0,0.56201171875,691.9117431640625,1857.869873046875,61.153564453125,160.08985900878906,20250225-162846
229,0,0,0.6611328125,873.09619140625,1787.089599609375,132.33929443359375,199.29954528808594,20250225-162846
229,2,0,0.74462890625,695.5856323242188,1395.3984375,273.2530517578125,379.4478759765625,20250225-162846
229,7,0,0.81640625,726.4567260742188,1639.1605224609375,92.59625244140625,131.23675537109375,20250225-162846
229,5,0,0.8466796875,657.0344848632812,534.6135864257812,291.197021484375,262.44512939453125,20250225-162846
229,9,0,0.9208984375,544.7028198242188,0.9299468994140625,427.25347900390625,525.8468627929688,20250225-162846
229,10,0,0.927734375,223.56387329101562,540.9906005859375,1008.8809204101562,849.32666015625,20250225-162846
230,1,0,0.388671875,755.907958984375,1238.995361328125,65.71719360351562,101.63323211669922,20250225-162846
230,8,0,0.418701171875,749.9454956054688,505.2444763183594,126.03895568847656,125.27332305908203,20250225-162846
230,4,0,0.517578125,690.6515502929688,1855.9420166015625,63.22998046875,160.98712158203125,20250225-162846
230,16,0,0.5263671875,786.8473510742188,1380.884521484375,103.09213256835938,152.08956909179688,20250225-162846
230,0,0,0.681640625,872.984619140625,1787.0888671875,132.342041015625,199.40048217773438,20250225-162846
230,2,0,0.740234375,695.0355224609375,1395.4185791015625,271.88031005859375,377.9917297363281,20250225-162846
230,7,0,0.81396484375,726.4158325195312,1639.0594482421875,92.99652099609375,131.3911590576172,20250225-162846
230,5,0,0.8505859375,657.3523559570312,528.7249145507812,297.8763427734375,262.41961669921875,20250225-162846
230,9,0,0.9208984375,544.703369140625,1.492034912109375,426.30999755859375,525.6033935546875,20250225-162846
230,10,0,0.9228515625,223.51795959472656,541.8228149414062,1008.141357421875,849.2860107421875,20250225-162846
231,8,0,0.259765625,749.4828491210938,510.9652404785156,151.59539794921875,172.1166229248047,20250225-162846
231,1,0,0.304931640625,757.6093139648438,1239.762939453125,63.5811767578125,99.00424194335938,20250225-162846
231,16,0,0.34765625,785.0240478515625,1379.759033203125,104.71224975585938,157.69192504882812,20250225-162846
231,4,0,0.5380859375,690.9789428710938,1856.003173828125,63.20782470703125,160.9332275390625,20250225-162846
231,0,0,0.6669921875,872.5369262695312,1787.000244140625,132.3343505859375,199.94464111328125,20250225-162846
231,2,0,0.72412109375,696.1387939453125,1394.60302734375,268.5604248046875,377.8115539550781,20250225-162846
231,5,0,0.80322265625,657.8231811523438,529.0006713867188,296.946533203125,261.68511962890625,20250225-162846
231,7,0,0.806640625,726.3433837890625,1638.327392578125,93.48651123046875,131.44094848632812,20250225-162846
231,9,0,0.921875,544.8904418945312,1.11767578125,428.1116638183594,525.7110595703125,20250225-162846
231,10,0,0.92626953125,221.4662628173828,541.9920043945312,1007.4794311523438,850.8114624023438,20250225-162846
232,8,0,0.303955078125,750.575439453125,506.16754150390625,127.7354736328125,152.3435516357422,20250225-162846
232,16,0,0.4833984375,785.9130859375,1379.521484375,106.09982299804688,157.75851440429688,20250225-162846
232,4,0,0.5390625,691.5518798828125,1856.555419921875,62.6546630859375,160.36231994628906,20250225-162846
232,0,0,0.64794921875,872.2186889648438,1787.0130615234375,132.31787109375,200.07640075683594,20250225-162846
232,2,0,0.72705078125,696.4828491210938,1402.05224609375,262.4710693359375,377.080810546875,20250225-162846
232,7,0,0.81396484375,726.3074340820312,1638.9202880859375,92.72607421875,131.4419708251953,20250225-162846
232,5,0,0.8173828125,657.6011962890625,533.572509765625,291.8108825683594,261.8351745605469,20250225-162846
232,10,0,0.9208984375,225.0139923095703,541.7904663085938,1007.337890625,847.1605834960938,20250225-162846
232,9,0,0.921875,544.3341064453125,1.4928131103515625,428.2674865722656,526.607177734375,20250225-162846
233,16,0,0.376708984375,784.8038940429688,1379.93017578125,106.72604370117188,152.39453125,20250225-162846
233,4,0,0.5224609375,690.8296508789062,1791.9169921875,127.59942626953125,164.1122283935547,20250225-162846
233,0,0,0.61767578125,872.2180786132812,1786.6285400390625,132.79998779296875,200.22291564941406,20250225-162846
233,2,0,0.7001953125,696.7206420898438,1398.2127685546875,261.0970458984375,375.96417236328125,20250225-162846
233,5,0,0.72119140625,660.4901733398438,527.23046875,301.0624694824219,260.3924560546875,20250225-162846
233,7,0,0.798828125,726.5667114257812,1638.4859619140625,93.10693359375,131.40704345703125,20250225-162846
233,9,0,0.9208984375,544.8948974609375,1.49212646484375,428.5220031738281,525.75244140625,20250225-162846
233,10,0,0.92626953125,222.3662872314453,541.5532836914062,1007.937744140625,849.1890258789062,20250225-162846
234,16,0,0.259765625,787.3200073242188,1378.716552734375,105.83660888671875,144.95465087890625,20250225-162846
234,8,0,0.2744140625,750.616943359375,504.81060791015625,127.96192932128906,148.89100646972656,20250225-162846
234,4,0,0.60400390625,691.1752319335938,1794.5386962890625,124.88690185546875,164.96478271484375,20250225-162846
234,0,0,0.64501953125,871.1577758789062,1786.4051513671875,132.93182373046875,201.28421020507812,20250225-162846
234,2,0,0.67041015625,696.4750366210938,1391.1412353515625,278.0870361328125,378.41839599609375,20250225-162846
234,7,0,0.8173828125,726.6773071289062,1639.68310546875,91.12811279296875,130.277587890625,20250225-162846
234,5,0,0.830078125,658.9609985351562,528.28955078125,296.98187255859375,264.2709655761719,20250225-162846
234,9,0,0.91943359375,546.3839721679688,1.11785888671875,427.91656494140625,524.3729248046875,20250225-162846
234,10,0,0.9267578125,222.9345703125,541.6289672851562,1019.0009765625,848.5717163085938,20250225-162846
235,8,0,0.2705078125,752.3854370117188,507.7090759277344,126.45323181152344,154.85598754882812,20250225-162846
235,4,0,0.61865234375,691.7679443359375,1793.797119140625,125.6400146484375,164.3883819580078,20250225-162846
235,0,0,0.67333984375,874.6063232421875,1786.5933837890625,132.83807373046875,198.12753295898438,20250225-162846
235,2,0,0.74609375,697.8936157226562,1383.469970703125,266.55780029296875,373.9895324707031,20250225-162846
235,7,0,0.80810546875,728.4747314453125,1637.7806396484375,94.09954833984375,131.29940795898438,20250225-162846
235,5,0,0.822265625,660.0111083984375,529.4027709960938,297.205810546875,263.783203125,20250225-162846
235,9,0,0.91650390625,546.0223999023438,1.3029327392578125,426.516357421875,525.02978515625,20250225-162846
235,10,0,0.923828125,217.89682006835938,545.502685546875,1011.2671508789062,853.5364990234375,20250225-162846
236,8,0,0.22265625,750.9093627929688,505.70965576171875,135.77975463867188,163.48892211914062,20250225-162846
236,4,0,0.6494140625,690.9221801757812,1792.9324951171875,126.59197998046875,165.46070861816406,20250225-162846
236,5,0,0.65771484375,660.598388671875,526.0142822265625,301.6900634765625,263.28228759765625,20250225-162846
236,0,0,0.70068359375,871.6994018554688,1786.490966796875,132.8441162109375,200.94088745117188,20250225-162846
236,2,0,0.767578125,697.0617065429688,1381.42236328125,260.4847412109375,373.17059326171875,20250225-162846
236,7,0,0.80908203125,727.9515380859375,1637.0189208984375,94.400390625,129.1678009033203,20250225-162846
236,10,0,0.91064453125,214.92312622070312,603.985107421875,970.6871337890625,855.7056884765625,20250225-162846
236,9,0,0.91259765625,546.5799560546875,0.738372802734375,418.9342346191406,524.1304321289062,20250225-162846
237,16,0,0.257568359375,790.0638427734375,1379.771240234375,49.361480712890625,76.63633728027344,20250225-162846
237,8,0,0.466796875,749.8665161132812,504.887451171875,147.69342041015625,148.44967651367188,20250225-162846
237,5,0,0.529296875,660.274658203125,644.8005981445312,187.02630615234375,265.0213928222656,20250225-162846
237,4,0,0.58203125,689.3413696289062,1794.5284423828125,124.899169921875,165.77381896972656,20250225-162846
237,2,0,0.5869140625,697.3336181640625,1390.751953125,255.91644287109375,330.6177978515625,20250225-162846
237,0,0,0.640625,871.626708984375,1786.6798095703125,132.65478515625,200.84226989746094,20250225-162846
237,7,0,0.810546875,727.40771484375,1636.27734375,94.57012939453125,128.49163818359375,20250225-162846
237,10,0,0.86767578125,202.04080200195312,657.4762573242188,943.5097045898438,868.3740234375,20250225-162846
237,9,0,0.88427734375,546.8701782226562,1.2741851806640625,398.7620544433594,523.3609008789062,20250225-162846
238,5,0,0.42529296875,659.25830078125,656.357666015625,189.11920166015625,153.9127960205078,20250225-162846
238,4,0,0.56494140625,689.8849487304688,1795.3150634765625,124.11859130859375,164.85049438476562,20250225-162846
238,0,0,0.69775390625,874.0012817382812,1786.4842529296875,132.75091552734375,197.83767700195312,20250225-162846
238,2,0,0.73486328125,695.6849975585938,1382.763916015625,265.84661865234375,363.0191650390625,20250225-162846
238,9,0,0.8134765625,545.2009887695312,1.0727462768554688,368.99945068359375,524.2124633789062,20250225-162846
238,7,0,0.82666015625,726.213134765625,1636.718994140625,93.62200927734375,129.76681518554688,20250225-162846
238,10,0,0.9013671875,193.8544464111328,253.95648193359375,1351.103271484375,873.8339233398438,20250225-162846
239,16,0,0.282958984375,790.1720581054688,1380.5537109375,48.267333984375,71.84149169921875,20250225-162846
239,4,0,0.57861328125,689.625,1794.3870849609375,125.04547119140625,165.28866577148438,20250225-162846
239,2,0,0.7177734375,696.1715698242188,1389.4013671875,273.3614501953125,347.960693359375,20250225-162846
239,0,0,0.71923828125,872.9558715820312,1786.599365234375,132.639404296875,199.42124938964844,20250225-162846
239,9,0,0.74609375,545.4651489257812,0.73590087890625,270.1711120605469,522.0192260742188,20250225-162846
239,7,0,0.8115234375,727.546142578125,1637.9619140625,93.073974609375,130.72665405273438,20250225-162846
239,10,0,0.8876953125,171.13412475585938,166.8486328125,1462.96142578125,896.1339111328125,20250225-162846
240,16,0,0.245849609375,790.454833984375,1379.81787109375,48.5115966796875,70.00608825683594,20250225-162846
240,2,0,0.56005859375,698.9531860351562,1398.053955078125,250.85009765625,335.09356689453125,20250225-162846
240,4,0,0.60205078125,689.3447265625,1795.6234130859375,123.89630126953125,165.94351196289062,20250225-162846
240,0,0,0.68017578125,874.3462524414062,1786.77685546875,132.46527099609375,198.13636779785156,20250225-162846
240,7,0,0.81396484375,727.205078125,1636.5531005859375,93.86700439453125,129.33053588867188,20250225-162846
240,10,0,0.841796875,178.66293334960938,109.4058837890625,1516.237548828125,890.5807495117188,20250225-162846
240,9,0,0.84912109375,547.0868530273438,1.4993133544921875,249.50843811035156,525.9708251953125,20250225-162846
241,4,0,0.60400390625,690.5101318359375,1794.3343505859375,125.00225830078125,164.9870147705078,20250225-162846
241,0,0,0.70166015625,875.2433471679688,1786.9420166015625,132.3826904296875,197.22845458984375,20250225-162846
241,2,0,0.70263671875,697.7823486328125,1392.852294921875,245.88519287109375,335.259521484375,20250225-162846
241,7,0,0.810546875,727.2456665039062,1634.691650390625,96.75714111328125,130.11392211914062,20250225-162846
241,10,0,0.84716796875,176.36378479003906,527.943603515625,1102.76123046875,894.2047119140625,20250225-162846
241,9,0,0.88427734375,546.5391235351562,1.2417068481445312,273.7784423828125,521.2230224609375,20250225-162846
242,2,0,0.5927734375,698.1112670898438,1389.14111328125,256.4501953125,333.9800720214844,20250225-162846
242,4,0,0.62060546875,689.2655639648438,1793.4788818359375,125.95037841796875,166.08908081054688,20250225-162846
242,8,0,0.6494140625,750.0335083007812,510.5495910644531,114.57705688476562,177.859130859375,20250225-162846
242,9,0,0.7080078125,546.6865234375,1.0950393676757812,293.7193603515625,519.5325317382812,20250225-162846
242,0,0,0.7333984375,874.4658813476562,1786.974609375,132.36328125,198.11929321289062,20250225-162846
242,7,0,0.8115234375,727.2317504882812,1636.651611328125,93.32464599609375,128.56871032714844,20250225-162846
242,10,0,0.88916015625,160.57858276367188,539.244140625,1100.03369140625,907.9048461914062,20250225-162846
242,17,0,0.896484375,687.3734130859375,189.44256591796875,256.9316711425781,301.376953125,20250225-162846
243,9,0,0.279052734375,544.2811279296875,0.8200836181640625,236.7858123779297,527.7587280273438,20250225-162846
243,8,0,0.282958984375,750.0194702148438,535.5159912109375,88.70649719238281,68.26174926757812,20250225-162846
243,2,0,0.48046875,696.2965087890625,1395.7357177734375,246.7529296875,241.0069122314453,20250225-162846
243,4,0,0.4931640625,688.3688354492188,1793.728271484375,125.7861328125,166.10809326171875,20250225-162846
243,5,0,0.59912109375,658.878662109375,656.794189453125,142.15374755859375,129.3931884765625,20250225-162846
243,0,0,0.615234375,874.148681640625,1787.0526123046875,132.27740478515625,198.34811401367188,20250225-162846
243,7,0,0.77734375,727.0430297851562,1638.3936767578125,92.73138427734375,131.23597717285156,20250225-162846
243,17,0,0.861328125,686.0467529296875,188.6868896484375,256.97186279296875,359.48431396484375,20250225-162846
243,10,0,0.88720703125,162.02378845214844,451.986328125,1192.324951171875,907.7487182617188,20250225-162846
244,14,0,0.294921875,745.2522583007812,532.955078125,329.3379821777344,309.9474792480469,20250225-162846
244,4,0,0.5517578125,690.6529541015625,1857.8726806640625,61.13232421875,162.0191650390625,20250225-162846
244,0,0,0.56201171875,875.2378540039062,1787.361328125,131.8729248046875,197.31504821777344,20250225-162846
244,8,0,0.60302734375,749.0311889648438,505.1249084472656,120.43391418457031,176.8775634765625,20250225-162846
244,2,0,0.64794921875,698.46826171875,1430.3851318359375,214.7325439453125,235.75466918945312,20250225-162846
244,5,0,0.75341796875,659.8619384765625,657.0261840820312,162.42864990234375,133.21640014648438,20250225-162846
244,7,0,0.77880859375,726.0938110351562,1636.8709716796875,92.53271484375,128.9283447265625,20250225-162846
244,9,0,0.810546875,545.409912109375,1.0926589965820312,354.9600830078125,525.2022705078125,20250225-162846
244,17,0,0.810546875,686.0361938476562,190.27423095703125,229.76385498046875,269.9166564941406,20250225-162846
244,10,0,0.83740234375,155.321533203125,564.4297485351562,1079.761474609375,914.1077270507812,20250225-162846
245,14,0,0.415771484375,748.4885864257812,503.9136657714844,408.648193359375,321.76336669921875,20250225-162846
245,8,0,0.4873046875,749.9053955078125,508.5760803222656,114.86627197265625,127.36466979980469,20250225-162846
245,4,0,0.5947265625,690.2172241210938,1856.75732421875,62.4927978515625,162.193603515625,20250225-162846
245,0,0,0.625,874.6763305664062,1787.366455078125,131.968505859375,198.6180419921875,20250225-162846
245,2,0,0.6806640625,696.3179321289062,1471.6611328125,176.759033203125,229.89218139648438,20250225-162846
245,10,0,0.80126953125,150.53887939453125,564.5185546875,1078.4410400390625,917.6341552734375,20250225-162846
245,7,0,0.80126953125,727.8603515625,1638.49072265625,92.17144775390625,130.3944091796875,20250225-162846
245,5,0,0.8154296875,660.2853393554688,657.13623046875,162.22943115234375,136.5538787841797,20250225-162846
245,17,0,0.83056640625,686.4263916015625,190.9123992919922,204.2076416015625,265.55645751953125,20250225-162846
245,9,0,0.84521484375,545.2191162109375,1.0742340087890625,356.2961120605469,525.5149536132812,20250225-162846
246,14,0,0.37841796875,751.686279296875,530.9207153320312,353.880615234375,315.7588195800781,20250225-162846
246,2,0,0.5458984375,697.1839599609375,1480.4490966796875,162.119384765625,240.9591827392578,20250225-162846
246,4,0,0.58203125,688.6117553710938,1793.3624267578125,126.1636962890625,166.44386291503906,20250225-162846
246,8,0,0.615234375,750.1995239257812,507.53228759765625,116.32575988769531,174.6488800048828,20250225-162846
246,0,0,0.63427734375,875.5336303710938,1787.2628173828125,132.05767822265625,196.3577880859375,20250225-162846
246,10,0,0.78076171875,147.34622192382812,622.8284912109375,1020.0569458007812,919.8275756835938,20250225-162846
246,9,0,0.802734375,546.1561889648438,1.0708694458007812,360.1490478515625,523.9581909179688,20250225-162846
246,5,0,0.80322265625,660.3355102539062,656.9566040039062,163.92169189453125,137.13954162597656,20250225-162846
246,7,0,0.81640625,727.996826171875,1638.1329345703125,93.25506591796875,131.13702392578125,20250225-162846
246,17,0,0.8525390625,686.1329956054688,190.78871154785156,186.9451446533203,266.7103576660156,20250225-162846
247,14,0,0.5087890625,750.340087890625,554.7940673828125,338.1517639160156,295.47308349609375,20250225-162846
247,2,0,0.52734375,707.0914306640625,1471.4136962890625,180.20645141601562,366.88397216796875,20250225-162846
247,8,0,0.56103515625,748.1336059570312,507.3961486816406,118.43490600585938,179.99072265625,20250225-162846
247,10,0,0.6142578125,141.49618530273438,634.0074462890625,1004.8304443359375,926.3511962890625,20250225-162846
247,4,0,0.69189453125,688.8148193359375,1794.202880859375,125.23114013671875,166.36785888671875,20250225-162846
247,0,0,0.70068359375,873.7504272460938,1787.443359375,131.98663330078125,198.0433349609375,20250225-162846
247,9,0,0.70654296875,546.2723999023438,0.9576187133789062,328.93438720703125,522.7808837890625,20250225-162846
247,7,0,0.8115234375,727.707763671875,1637.6605224609375,93.4471435546875,130.65997314453125,20250225-162846
247,5,0,0.81982421875,660.6189575195312,657.3514404296875,163.95492553710938,139.1982421875,20250225-162846
247,17,0,0.8505859375,686.1182250976562,191.03704833984375,185.1042938232422,273.60107421875,20250225-162846
248,2,0,0.5341796875,716.2044067382812,1444.6849365234375,209.328369140625,359.33514404296875,20250225-162846
248,4,0,0.65576171875,688.103515625,1795.3919677734375,123.94921875,166.49522399902344,20250225-162846
248,8,0,0.6748046875,749.267578125,512.135009765625,111.80941772460938,135.30152893066406,20250225-162846
248,0,0,0.75,874.2535400390625,1786.869140625,132.37921142578125,197.8511505126953,20250225-162846
248,5,0,0.79736328125,659.7010498046875,657.001708984375,163.95455932617188,138.7516632080078,20250225-162846
248,10,0,0.80029296875,137.87945556640625,572.0033569335938,1059.32470703125,931.4407348632812,20250225-162846
248,9,0,0.8232421875,541.2826538085938,0.8445968627929688,255.7024383544922,532.03955078125,20250225-162846
248,7,0,0.82666015625,727.30078125,1639.6380615234375,91.34088134765625,131.0103302001953,20250225-162846
248,17,0,0.84814453125,685.811767578125,190.60011291503906,246.05580139160156,232.59219360351562,20250225-162846
249,8,0,0.458984375,748.2160034179688,520.6964721679688,104.66725158691406,113.24929809570312,20250225-162846
249,2,0,0.4736328125,719.5962524414062,1446.005859375,211.94384765625,356.1151428222656,20250225-162846
249,4,0,0.61767578125,689.0906372070312,1854.3211669921875,64.92242431640625,163.18490600585938,20250225-162846
249,0,0,0.74169921875,873.1256103515625,1787.3463134765625,131.9989013671875,199.0738067626953,20250225-162846
249,17,0,0.7880859375,684.5166015625,191.3653564453125,233.81149291992188,231.3085174560547,20250225-162846
249,10,0,0.798828125,141.31747436523438,614.817626953125,1024.1055908203125,928.4489135742188,20250225-162846
249,5,0,0.81396484375,659.4864501953125,657.2445068359375,163.63687133789062,139.2798614501953,20250225-162846
249,7,0,0.830078125,727.1746826171875,1639.858154296875,91.32330322265625,130.7151641845703,20250225-162846
249,9,0,0.84326171875,541.5538940429688,1.1208343505859375,253.6289520263672,530.49853515625,20250225-162846
250,2,0,0.42333984375,737.144775390625,1488.989501953125,153.8492431640625,184.58627319335938,20250225-162846
250,4,0,0.6376953125,688.4448852539062,1794.734619140625,124.70233154296875,165.93783569335938,20250225-162846
250,0,0,0.6982421875,873.7811279296875,1787.555419921875,131.68450927734375,197.37196350097656,20250225-162846
250,10,0,0.76123046875,135.69317626953125,257.60504150390625,1394.3375244140625,930.732421875,20250225-162846
250,5,0,0.76904296875,659.970947265625,656.3956298828125,165.58071899414062,125.92627716064453,20250225-162846
250,7,0,0.798828125,727.70947265625,1637.23095703125,93.16717529296875,130.52908325195312,20250225-162846
250,17,0,0.82861328125,683.9059448242188,191.37997436523438,187.87408447265625,255.31710815429688,20250225-162846
250,9,0,0.86865234375,545.4208984375,0.886962890625,291.4119873046875,524.5025634765625,20250225-162846
251,4,0,0.57763671875,688.542724609375,1795.0279541015625,124.50164794921875,165.9752655029297,20250225-162846
251,9,0,0.59375,545.622314453125,1.725311279296875,550.55908203125,523.2681274414062,20250225-162846
251,5,0,0.6533203125,659.797607421875,684.9882202148438,137.90533447265625,115.79460906982422,20250225-162846
251,0,0,0.65771484375,874.1643676757812,1787.2298583984375,131.99395751953125,196.49819946289062,20250225-162846
251,7,0,0.70654296875,727.2697143554688,1634.8765869140625,95.05242919921875,128.56253051757812,20250225-162846
251,10,0,0.81298828125,134.49351501464844,319.77099609375,1340.655029296875,933.9485473632812,20250225-162846
251,17,0,0.84033203125,683.9462890625,191.73167419433594,231.46014404296875,280.8410949707031,20250225-162846
252,0,0,0.63330078125,875.1947631835938,1787.2261962890625,132.09100341796875,196.11376953125,20250225-162846
252,4,0,0.640625,688.7120361328125,1794.5621337890625,124.78857421875,166.36492919921875,20250225-162846
252,7,0,0.69189453125,727.8308715820312,1630.877685546875,98.8663330078125,128.23233032226562,20250225-162846
252,10,0,0.84521484375,131.85369873046875,418.73382568359375,1238.5902099609375,937.0757446289062,20250225-162846
252,9,0,0.9013671875,546.5717163085938,1.1041717529296875,430.727783203125,523.6538696289062,20250225-162846
253,2,0,0.22607421875,821.23779296875,1420.1116943359375,253.16098022460938,255.0406494140625,20250225-162846
253,0,0,0.69287109375,872.7329711914062,1787.609619140625,131.70941162109375,199.1470184326172,20250225-162846
253,7,0,0.69287109375,727.4362182617188,1628.010498046875,101.49920654296875,128.66329956054688,20250225-162846
253,4,0,0.69580078125,688.6221313476562,1795.6259765625,123.81024169921875,165.92625427246094,20250225-162846
253,10,0,0.88671875,123.9395980834961,495.07843017578125,1161.6243896484375,943.8801879882812,20250225-162846
253,9,0,0.91259765625,545.4600219726562,1.108795166015625,430.1331481933594,525.0828247070312,20250225-162846
254,0,0,0.708984375,872.1546630859375,1787.57080078125,131.66839599609375,199.54733276367188,20250225-162847
254,8,0,0.71240234375,750.917236328125,508.60400390625,113.43681335449219,171.86883544921875,20250225-162847
254,4,0,0.74609375,687.3469848632812,1794.875,124.4637451171875,167.6656951904297,20250225-162847
254,7,0,0.78271484375,726.7413940429688,1632.9166259765625,97.50714111328125,129.43869018554688,20250225-162847
254,10,0,0.853515625,118.35476684570312,496.746826171875,1174.278076171875,949.0508422851562,20250225-162847
254,9,0,0.9140625,544.34326171875,1.1086578369140625,429.75128173828125,526.4701538085938,20250225-162847
255,0,0,0.62890625,871.9462280273438,1787.8663330078125,131.275634765625,199.73684692382812,20250225-162847
255,8,0,0.69091796875,750.248779296875,508.7054443359375,114.77577209472656,175.29931640625,20250225-162847
255,4,0,0.71533203125,686.1508178710938,1795.4095458984375,124.03033447265625,168.8982696533203,20250225-162847
255,7,0,0.72265625,726.2695922851562,1628.7564697265625,101.45635986328125,129.31997680664062,20250225-162847
255,10,0,0.87841796875,115.1925048828125,468.74066162109375,1214.9150390625,953.0369262695312,20250225-162847
255,9,0,0.89794921875,544.3473510742188,1.107879638671875,429.8962097167969,527.0792236328125,20250225-162847
256,0,0,0.650390625,871.03515625,1787.60302734375,131.72900390625,200.86045837402344,20250225-162847
256,8,0,0.68408203125,748.28857421875,506.81744384765625,117.428466796875,178.4369354248047,20250225-162847
256,4,0,0.7177734375,685.8734741210938,1795.6197509765625,123.82342529296875,169.03623962402344,20250225-162847
256,14,0,0.76416015625,658.7130126953125,479.1623840332031,280.3598327636719,414.0902404785156,20250225-162847
256,7,0,0.77392578125,726.6980590820312,1626.9210205078125,103.127197265625,129.3348388671875,20250225-162847
256,10,0,0.80517578125,96.78251647949219,524.5975341796875,1178.3280029296875,970.5562744140625,20250225-162847
256,17,0,0.87646484375,683.5972900390625,191.95582580566406,254.4473876953125,371.0618591308594,20250225-162847
257,0,0,0.56884765625,871.6229248046875,1787.11669921875,132.13128662109375,199.75341796875,20250225-162847
257,8,0,0.57861328125,750.3226318359375,507.04046630859375,117.11654663085938,174.81085205078125,20250225-162847
257,7,0,0.7548828125,727.123779296875,1623.8272705078125,108.235107421875,132.72445678710938,20250225-162847
257,4,0,0.755859375,686.6892700195312,1793.52099609375,126.05145263671875,169.41775512695312,20250225-162847
257,10,0,0.83447265625,69.89115905761719,657.8695678710938,1224.94873046875,996.6588134765625,20250225-162847
257,14,0,0.84033203125,660.3898315429688,475.2869567871094,311.57794189453125,413.5544738769531,20250225-162847
257,9,0,0.89501953125,545.4584350585938,1.294281005859375,426.3782043457031,526.2688598632812,20250225-162847
258,0,0,0.368408203125,870.6129150390625,1789.0711669921875,130.2681884765625,201.30978393554688,20250225-162847
258,8,0,0.6396484375,749.2301635742188,507.82049560546875,114.75746154785156,175.3111572265625,20250225-162847
258,7,0,0.673828125,727.5032958984375,1650.343505859375,80.20294189453125,130.11648559570312,20250225-162847
258,4,0,0.75439453125,683.7984619140625,1795.236328125,124.29730224609375,171.63429260253906,20250225-162847
258,10,0,0.8466796875,106.7550048828125,627.1168823242188,1223.19140625,960.8826293945312,20250225-162847
258,14,0,0.9013671875,659.4129638671875,473.0145263671875,331.6072998046875,415.592529296875,20250225-162847
258,9,0,0.912109375,544.5303955078125,1.3001861572265625,427.48602294921875,526.3499755859375,20250225-162847
259,5,0,0.5205078125,658.6829833984375,654.908203125,155.3858642578125,119.35881805419922,20250225-162847
259,4,0,0.65673828125,681.976318359375,1793.8165283203125,125.78851318359375,174.3310546875,20250225-162847
259,14,0,0.67041015625,655.735107421875,473.4824523925781,337.8655700683594,419.152099609375,20250225-162847
259,8,0,0.68408203125,750.62353515625,508.2344055175781,114.49955749511719,169.0301513671875,20250225-162847
259,10,0,0.8818359375,100.8929443359375,566.1895751953125,1335.63916015625,969.003173828125,20250225-162847
259,9,0,0.91259765625,543.0293579101562,1.298858642578125,429.0352478027344,527.6248779296875,20250225-162847
260,14,0,0.50390625,645.0186767578125,464.1471862792969,348.0011901855469,430.6487731933594,20250225-162847
260,5,0,0.57568359375,658.831298828125,654.689208984375,156.28033447265625,120.42740631103516,20250225-162847
260,4,0,0.6669921875,678.703369140625,1795.115478515625,123.80621337890625,177.9524688720703,20250225-162847
260,8,0,0.67919921875,750.0340576171875,508.99249267578125,113.830810546875,168.59335327148438,20250225-162847
260,10,0,0.87890625,66.84065246582031,549.503173828125,1370.496826171875,1003.5452880859375,20250225-162847
260,9,0,0.9091796875,542.8446044921875,0.9223480224609375,428.10455322265625,527.9642944335938,20250225-162847
261,5,0,0.450439453125,659.7186889648438,655.0859985351562,153.156005859375,114.91287231445312,20250225-162847
261,4,0,0.6494140625,679.670654296875,1797.8250732421875,121.752685546875,176.0755615234375,20250225-162847
261,8,0,0.72119140625,749.9878540039062,509.7160949707031,112.52888488769531,167.68922424316406,20250225-162847
261,14,0,0.77978515625,657.6124877929688,459.6444396972656,351.7720642089844,418.0025634765625,20250225-162847
261,10,0,0.8994140625,79.98725128173828,526.8283081054688,1386.4647216796875,989.8521118164062,20250225-162847
261,9,0,0.90966796875,543.0301513671875,1.111541748046875,427.83544921875,528.1251220703125,20250225-162847
262,4,0,0.408203125,679.8297119140625,1815.9290771484375,103.4351806640625,175.75408935546875,20250225-162847
262,5,0,0.4853515625,660.5751342773438,654.6597290039062,151.66131591796875,117.4666748046875,20250225-162847
262,8,0,0.69580078125,750.3264770507812,507.9498596191406,114.18585205078125,167.41258239746094,20250225-162847
262,14,0,0.732421875,657.4777221679688,456.8309326171875,353.51312255859375,416.369140625,20250225-162847
262,10,0,0.89111328125,80.17727661132812,514.20263671875,1390.4761962890625,990.9503173828125,20250225-162847
262,9,0,0.912109375,543.4055786132812,1.297576904296875,426.94976806640625,527.3677978515625,20250225-162847
263,5,0,0.25537109375,660.934326171875,655.4533081054688,145.6585693359375,117.71172332763672,20250225-162847
263,4,0,0.5009765625,677.6414184570312,1831.809814453125,87.44586181640625,176.42335510253906,20250225-162847
263,8,0,0.6689453125,750.6041259765625,506.9691467285156,114.99874877929688,167.03724670410156,20250225-162847
263,14,0,0.7958984375,660.2899780273438,457.3808898925781,343.15997314453125,415.39959716796875,20250225-162847
263,10,0,0.88525390625,78.53430938720703,493.41851806640625,1425.2099609375,989.4122314453125,20250225-162847
263,9,0,0.908203125,543.5875244140625,0.921661376953125,427.380615234375,526.9561157226562,20250225-162847
264,5,0,0.2568359375,658.928466796875,656.5523071289062,114.6427001953125,111.48762512207031,20250225-162847
264,4,0,0.57373046875,676.0223388671875,1834.2095947265625,85.1217041015625,180.61978149414062,20250225-162847
264,8,0,0.625,747.2108764648438,508.9696044921875,112.19247436523438,168.92088317871094,20250225-162847
264,14,0,0.73876953125,659.8640747070312,460.0899353027344,308.91357421875,408.1129150390625,20250225-162847
264,10,0,0.8662109375,89.30459594726562,463.96710205078125,1444.493896484375,979.3269653320312,20250225-162847
264,9,0,0.90966796875,543.0243530273438,1.111083984375,427.56683349609375,527.390625,20250225-162847
265,5,0,0.2037353515625,657.3723754882812,656.7760009765625,104.1405029296875,116.806640625,20250225-162847
265,14,0,0.442626953125,656.6647338867188,465.71209716796875,292.860107421875,409.76531982421875,20250225-162847
265,4,0,0.4560546875,674.5464477539062,1828.2454833984375,91.273681640625,180.88662719726562,20250225-162847
265,8,0,0.69775390625,747.05419921875,506.5960693359375,112.83682250976562,164.68995666503906,20250225-162847
265,10,0,0.79931640625,85.19691467285156,456.79034423828125,1444.031982421875,982.7203369140625,20250225-162847
265,9,0,0.91064453125,542.8394165039062,0.923126220703125,429.0234375,527.5181884765625,20250225-162847
266,5,0,0.21142578125,656.6737670898438,656.8980712890625,78.62887573242188,118.57852935791016,20250225-162847
266,4,0,0.4091796875,675.1785888671875,1821.3848876953125,97.9508056640625,180.81539916992188,20250225-162847
266,10,0,0.62890625,92.92906188964844,461.13043212890625,1450.7705078125,974.2042236328125,20250225-162847
266,8,0,0.66455078125,748.6616821289062,508.9128112792969,109.17201232910156,162.8980712890625,20250225-162847
266,9,0,0.9091796875,542.8365478515625,1.10943603515625,429.54144287109375,527.9991455078125,20250225-162847
267,5,0,0.24658203125,655.7891235351562,655.2592163085938,108.13948059082031,118.41278839111328,20250225-162847
267,14,0,0.302490234375,654.2095336914062,450.6983642578125,313.57452392578125,413.5714416503906,20250225-162847
267,4,0,0.626953125,675.0576782226562,1806.08349609375,113.15826416015625,181.8276824951172,20250225-162847
267,8,0,0.67041015625,747.7837524414062,506.10986328125,114.533203125,163.35829162597656,20250225-162847
267,10,0,0.82275390625,91.599365234375,456.54962158203125,1434.0538330078125,976.5370483398438,20250225-162847
267,9,0,0.91015625,543.5908813476562,1.1120452880859375,428.99517822265625,527.7532958984375,20250225-162847
268,5,0,0.253173828125,657.0447998046875,656.5142822265625,93.39591979980469,115.1783447265625,20250225-162847
268,14,0,0.50390625,654.4647216796875,453.5137023925781,295.6837463378906,414.04449462890625,20250225-162847
268,8,0,0.70654296875,749.0769653320312,508.0902099609375,110.59478759765625,155.48623657226562,20250225-162847
268,4,0,0.72021484375,674.6873168945312,1799.3529052734375,120.07049560546875,181.6377410888672,20250225-162847
268,10,0,0.82275390625,85.13468933105469,446.52593994140625,1431.919677734375,980.452392578125,20250225-162847
268,9,0,0.9140625,543.9703369140625,1.11090087890625,430.54742431640625,527.1700439453125,20250225-162847
269,14,0,0.615234375,653.7714233398438,451.5431213378906,291.7379150390625,417.0335388183594,20250225-162847
269,8,0,0.669921875,748.6920776367188,505.90045166015625,113.05174255371094,155.7162628173828,20250225-162847
269,4,0,0.73486328125,673.2288818359375,1798.3934326171875,120.46746826171875,182.14602661132812,20250225-162847
269,9,0,0.88818359375,542.859375,1.1045379638671875,430.3312683105469,529.4886474609375,20250225-162847
269,10,0,0.8994140625,89.44132995605469,471.76226806640625,1426.194091796875,977.3895874023438,20250225-162847
270,0,0,0.2568359375,866.6259155273438,1813.5494384765625,105.75128173828125,209.87921142578125,20250225-162847
270,8,0,0.56591796875,748.7371215820312,509.8854675292969,109.14907836914062,156.1759796142578,20250225-162847
270,4,0,0.630859375,673.8616943359375,1796.439453125,122.72314453125,182.58985900878906,20250225-162847
270,14,0,0.66650390625,653.6658935546875,448.79315185546875,291.1907043457031,420.4539794921875,20250225-162847
270,9,0,0.88427734375,542.4813842773438,1.2923583984375,428.8217468261719,530.0700073242188,20250225-162847
270,10,0,0.88623046875,87.87371826171875,490.72869873046875,1401.532958984375,977.8797607421875,20250225-162847
271,0,0,0.2166748046875,870.3729858398438,1807.0345458984375,112.19989013671875,203.7980194091797,20250225-162847
271,8,0,0.61669921875,748.3119506835938,507.3582458496094,112.52151489257812,155.07888793945312,20250225-162847
271,14,0,0.72705078125,651.294921875,444.3479919433594,293.6051330566406,424.2137145996094,20250225-162847
271,4,0,0.73046875,672.7073974609375,1793.1881103515625,125.91943359375,182.15220642089844,20250225-162847
271,9,0,0.87109375,542.8590087890625,1.4799957275390625,427.456787109375,529.7607421875,20250225-162847
271,10,0,0.896484375,83.92550659179688,500.81982421875,1402.18505859375,982.1799926757812,20250225-162847
272,8,0,0.6767578125,749.4076538085938,506.9224853515625,111.33572387695312,155.8905029296875,20250225-162847
272,14,0,0.6884765625,654.2521362304688,444.0381774902344,299.31976318359375,421.3397521972656,20250225-162847
272,4,0,0.75439453125,673.6220092773438,1797.428466796875,121.91748046875,183.01132202148438,20250225-162847
272,10,0,0.83349609375,89.68766021728516,494.921630859375,1378.6278076171875,979.1873168945312,20250225-162847
272,9,0,0.8935546875,542.6666259765625,1.297119140625,428.2010192871094,529.6985473632812,20250225-162847
273,0,0,0.22265625,869.487548828125,1804.4820556640625,114.78314208984375,205.73118591308594,20250225-162847
273,8,0,0.65380859375,749.2079467773438,505.0632019042969,113.2218017578125,152.4722137451172,20250225-162847
273,4,0,0.7529296875,672.9952392578125,1799.7392578125,119.12017822265625,182.13504028320312,20250225-162847
273,14,0,0.7861328125,656.6964111328125,444.59033203125,308.3792724609375,418.59747314453125,20250225-162847
273,10,0,0.85546875,86.84752655029297,523.893310546875,1334.9871826171875,978.814453125,20250225-162847
273,9,0,0.89794921875,543.2293090820312,1.48443603515625,427.3257751464844,529.0873413085938,20250225-162847
274,7,0,0.2486572265625,726.383544921875,1663.2821044921875,57.10894775390625,76.13731384277344,20250225-162847
274,5,0,0.275146484375,656.8112182617188,659.0009765625,110.0928955078125,110.72750854492188,20250225-162847
274,0,0,0.37939453125,868.5767822265625,1798.139404296875,120.5474853515625,207.19338989257812,20250225-162847
274,8,0,0.6123046875,751.6915893554688,508.0291442871094,111.61537170410156,151.2888641357422,20250225-162847
274,14,0,0.64697265625,655.7764892578125,443.33294677734375,324.7950439453125,419.4667663574219,20250225-162847
274,4,0,0.7861328125,674.5906372070312,1799.3660888671875,120.1380615234375,180.8428192138672,20250225-162847
274,10,0,0.79736328125,27.271499633789062,533.1183471679688,1367.969482421875,1039.486083984375,20250225-162847
274,9,0,0.9033203125,543.223388671875,1.1118621826171875,427.1406555175781,528.4539794921875,20250225-162847
275,7,0,0.203125,725.80029296875,1663.98974609375,62.706298828125,104.26274108886719,20250225-162847
275,0,0,0.42724609375,869.4329223632812,1791.223876953125,127.5032958984375,205.9810333251953,20250225-162847
275,14,0,0.4580078125,652.1254272460938,444.66815185546875,335.7528076171875,422.18792724609375,20250225-162847
275,5,0,0.4912109375,655.2969360351562,659.1022338867188,123.92486572265625,108.79940795898438,20250225-162847
275,8,0,0.6416015625,749.1249389648438,508.40936279296875,110.13546752929688,152.31942749023438,20250225-162847
275,4,0,0.78076171875,673.09423828125,1798.28173828125,121.21893310546875,181.83694458007812,20250225-162847
275,10,0,0.8017578125,0.0,533.0824584960938,1327.123779296875,1066.905029296875,20250225-162847
275,9,0,0.89111328125,541.5349731445312,1.485992431640625,427.44903564453125,530.2839965820312,20250225-162847
276,14,0,0.37109375,647.600341796875,445.7489318847656,345.1086730957031,427.581787109375,20250225-162847
276,0,0,0.4794921875,867.423828125,1790.685791015625,128.69549560546875,205.05252075195312,20250225-162847
276,5,0,0.53515625,656.1187744140625,658.175048828125,134.87594604492188,103.13638305664062,20250225-162847
276,8,0,0.62060546875,749.076171875,509.8890380859375,108.69236755371094,151.11634826660156,20250225-162847
276,4,0,0.76953125,672.4913330078125,1797.1834716796875,122.31536865234375,183.06776428222656,20250225-162847
276,10,0,0.78466796875,10.230073928833008,555.6004028320312,1293.107421875,1057.1986083984375,20250225-162847
276,9,0,0.89306640625,542.0922241210938,1.48773193359375,426.1051940917969,529.5025634765625,20250225-162847
277,14,0,0.4619140625,648.0157470703125,446.61126708984375,360.9467468261719,427.0375061035156,20250225-162847
277,0,0,0.5009765625,866.2147216796875,1789.9134521484375,129.46783447265625,204.15859985351562,20250225-162847
277,5,0,0.615234375,655.6875610351562,659.9609985351562,146.12969970703125,106.49201965332031,20250225-162847
277,8,0,0.6748046875,748.3377075195312,509.30914306640625,109.07089233398438,152.01559448242188,20250225-162847
277,4,0,0.78271484375,672.5282592773438,1796.1456298828125,123.2750244140625,183.15582275390625,20250225-162847
277,10,0,0.865234375,0.0,465.84063720703125,1429.512939453125,1068.926513671875,20250225-162847
277,9,0,0.8935546875,542.4721069335938,1.30078125,425.5507507324219,529.1863403320312,20250225-162847
278,14,0,0.2666015625,733.1250610351562,443.9610900878906,364.4872741699219,340.6901550292969,20250225-162847
278,0,0,0.5322265625,867.4208984375,1785.5537109375,133.91363525390625,204.27317810058594,20250225-162847
278,8,0,0.6611328125,748.5733642578125,506.314453125,111.49836730957031,151.9705352783203,20250225-162847
278,5,0,0.67919921875,655.9740600585938,658.1885375976562,153.4376220703125,106.16363525390625,20250225-162847
278,4,0,0.79833984375,672.2675170898438,1797.4306640625,122.00042724609375,183.6622314453125,20250225-162847
278,9,0,0.8876953125,543.0360717773438,1.2987213134765625,425.15216064453125,529.0786743164062,20250225-162847
278,10,0,0.8916015625,27.03237533569336,452.09564208984375,1447.79443359375,1039.7999267578125,20250225-162847
279,14,0,0.408203125,742.8824462890625,443.798583984375,363.6741027832031,332.21429443359375,20250225-162847
279,0,0,0.5498046875,866.7760620117188,1784.5770263671875,134.90350341796875,205.44125366210938,20250225-162847
279,8,0,0.66357421875,750.4931640625,507.2894287109375,112.13259887695312,152.3546142578125,20250225-162847
279,5,0,0.73876953125,656.3406372070312,658.7026977539062,157.6959228515625,105.12568664550781,20250225-162847
279,10,0,0.8056640625,30.79296112060547,458.5030517578125,1406.6385498046875,1035.94921875,20250225-162847
279,4,0,0.810546875,672.4061889648438,1797.2596435546875,122.2716064453125,183.4550323486328,20250225-162847
279,9,0,0.89208984375,543.2212524414062,1.1121826171875,424.90301513671875,528.8402709960938,20250225-162847
280,14,0,0.401611328125,742.51708984375,442.26324462890625,368.71966552734375,332.0093994140625,20250225-162847
280,0,0,0.5263671875,867.5877685546875,1784.8487548828125,134.6297607421875,204.62490844726562,20250225-162847
280,10,0,0.59814453125,43.194725036621094,460.48443603515625,1451.383544921875,1022.8989868164062,20250225-162847
280,8,0,0.6591796875,749.9068603515625,507.2291564941406,111.94546508789062,150.867431640625,20250225-162847
280,4,0,0.7919921875,672.5629272460938,1797.3284912109375,122.1427001953125,183.1036376953125,20250225-162847
280,9,0,0.89111328125,542.6672973632812,1.2976226806640625,425.9658508300781,528.9563598632812,20250225-162847
281,5,0,0.2294921875,655.0769653320312,660.075439453125,156.0150146484375,112.76607513427734,20250225-162847
281,14,0,0.272705078125,658.4646606445312,455.8514099121094,363.2868347167969,417.4513244628906,20250225-162847
281,0,0,0.4765625,867.9111938476562,1784.8297119140625,134.66455078125,203.5201873779297,20250225-162847
281,10,0,0.6142578125,77.11466979980469,418.70489501953125,1387.440185546875,990.9173583984375,20250225-162847
281,8,0,0.62060546875,747.3688354492188,505.9940185546875,110.67915344238281,155.38453674316406,20250225-162847
281,4,0,0.80029296875,672.0558471679688,1794.8829345703125,124.641357421875,182.999267578125,20250225-162847
281,9,0,0.91064453125,542.279296875,1.1129150390625,426.83660888671875,528.5985717773438,20250225-162847
282,14,0,0.346923828125,658.4631958007812,459.66815185546875,360.49273681640625,416.0836486816406,20250225-162847
282,0,0,0.439697265625,869.94140625,1788.0501708984375,131.227294921875,205.53042602539062,20250225-162847
282,5,0,0.4755859375,655.487060546875,659.2300415039062,156.573486328125,101.87201690673828,20250225-162847
282,8,0,0.6259765625,746.9984130859375,505.4490051269531,111.11636352539062,157.02853393554688,20250225-162847
282,4,0,0.78515625,672.549560546875,1798.0537109375,121.3743896484375,182.4333038330078,20250225-162847
282,10,0,0.8115234375,72.22222900390625,458.64990234375,1444.3179931640625,993.1116943359375,20250225-162847
282,9,0,0.91064453125,542.4669189453125,1.3032989501953125,424.7416076660156,528.3665161132812,20250225-162847
283,0,0,0.36474609375,868.0151977539062,1792.0982666015625,127.2835693359375,205.42579650878906,20250225-162847
283,14,0,0.6279296875,737.3721313476562,459.14849853515625,384.3234558105469,333.4296569824219,20250225-162847
283,8,0,0.6767578125,747.63427734375,508.6292724609375,107.36997985839844,158.688232421875,20250225-162847
283,4,0,0.787109375,672.44921875,1799.94140625,119.47540283203125,183.33375549316406,20250225-162847
283,10,0,0.802734375,80.09342193603516,464.5048828125,1443.3519287109375,985.5167236328125,20250225-162847
283,5,0,0.81298828125,655.7601928710938,660.0199584960938,159.79449462890625,101.58491516113281,20250225-162847
283,9,0,0.91259765625,542.466064453125,1.112457275390625,424.3574523925781,528.5261840820312,20250225-162847
284,0,0,0.415771484375,869.8924560546875,1793.2408447265625,126.16168212890625,205.6226043701172,20250225-162848
284,14,0,0.57470703125,735.0535278320312,456.51287841796875,412.06915283203125,335.3746643066406,20250225-162848
284,8,0,0.64404296875,750.2036743164062,508.1897277832031,107.18760681152344,163.0071563720703,20250225-162848
284,10,0,0.765625,90.215087890625,419.39813232421875,1455.293701171875,981.3511962890625,20250225-162848
284,5,0,0.79052734375,655.4024658203125,660.4169921875,158.63204956054688,101.7660140991211,20250225-162848
284,4,0,0.79443359375,672.3303833007812,1798.740966796875,120.75091552734375,184.28663635253906,20250225-162848
284,9,0,0.91357421875,542.471435546875,0.9236297607421875,424.7989501953125,528.9810180664062,20250225-162848
285,5,0,0.416748046875,654.228515625,659.8424072265625,156.44073486328125,102.42424774169922,20250225-162848
285,0,0,0.43212890625,868.1914672851562,1796.4049072265625,122.95587158203125,208.0819091796875,20250225-162848
285,8,0,0.71484375,749.165771484375,506.58233642578125,108.55416870117188,165.40277099609375,20250225-162848
285,4,0,0.77880859375,672.4613037109375,1798.5078125,120.982177734375,183.928466796875,20250225-162848
285,10,0,0.84326171875,117.31106567382812,405.6156005859375,1462.1103515625,954.5519409179688,20250225-162848
285,9,0,0.90380859375,542.6673583984375,1.2960205078125,423.68994140625,529.2577514648438,20250225-162848
286,14,0,0.2294921875,732.599609375,461.8846435546875,453.26824951171875,335.8116149902344,20250225-162848
286,0,0,0.4091796875,867.84130859375,1797.1571044921875,122.14727783203125,209.00698852539062,20250225-162848
286,5,0,0.55908203125,653.95849609375,660.3923950195312,155.385498046875,105.05110168457031,20250225-162848
286,8,0,0.72412109375,745.9447021484375,506.47320556640625,106.14193725585938,172.61228942871094,20250225-162848
286,4,0,0.74462890625,669.5187377929688,1794.84814453125,124.79205322265625,186.58592224121094,20250225-162848
286,10,0,0.755859375,82.86266326904297,408.49859619140625,1494.100341796875,987.0238037109375,20250225-162848
286,9,0,0.9013671875,541.1758422851562,1.29876708984375,424.3528747558594,530.7698364257812,20250225-162848
287,0,0,0.42919921875,869.7247924804688,1798.6226806640625,120.91241455078125,205.10916137695312,20250225-162848
287,5,0,0.5869140625,654.2041625976562,662.7588500976562,117.4691162109375,104.91067504882812,20250225-162848
287,8,0,0.66455078125,745.6455078125,508.3360290527344,103.27281188964844,174.3074493408203,20250225-162848
287,10,0,0.66552734375,86.36498260498047,450.2926025390625,1458.2841796875,981.6511840820312,20250225-162848
287,4,0,0.7431640625,668.2527465820312,1795.68310546875,123.24407958984375,185.8800506591797,20250225-162848
287,9,0,0.9013671875,540.9722900390625,1.2966156005859375,424.59588623046875,530.4606323242188,20250225-162848
288,0,0,0.388671875,862.3477783203125,1796.0390625,123.286376953125,211.37704467773438,20250225-162848
288,5,0,0.4951171875,654.7584838867188,660.4169921875,160.32376098632812,103.36392211914062,20250225-162848
288,8,0,0.56591796875,746.2706909179688,505.6905212402344,105.05744934082031,177.8309783935547,20250225-162848
288,10,0,0.63720703125,122.56570434570312,461.2664794921875,1448.435302734375,946.1788940429688,20250225-162848
288,4,0,0.7490234375,667.9694213867188,1796.80517578125,122.1229248046875,187.48065185546875,20250225-162848
288,9,0,0.89794921875,540.97412109375,1.110809326171875,424.1710510253906,531.6138916015625,20250225-162848
289,0,0,0.29248046875,867.1177368164062,1796.939697265625,122.426513671875,209.507568359375,20250225-162848
289,5,0,0.498046875,656.2335205078125,660.5051879882812,163.41448974609375,103.32032012939453,20250225-162848
289,8,0,0.669921875,747.5135498046875,505.03363037109375,106.02653503417969,175.15940856933594,20250225-162848
289,10,0,0.75146484375,88.97835540771484,457.9515380859375,1448.7161865234375,981.043212890625,20250225-162848
289,4,0,0.78125,668.594482421875,1796.7784423828125,122.65869140625,187.76866149902344,20250225-162848
289,9,0,0.91259765625,541.5338134765625,0.92138671875,425.44610595703125,529.8804931640625,20250225-162848
290,5,0,0.381103515625,656.0807495117188,660.3517456054688,110.5140380859375,104.98577880859375,20250225-162848
290,0,0,0.388671875,869.3145141601562,1795.888916015625,123.5101318359375,207.3684844970703,20250225-162848
290,8,0,0.5361328125,747.4077758789062,449.7062072753906,157.87216186523438,176.16818237304688,20250225-162848
290,10,0,0.7470703125,95.67272186279297,460.81439208984375,1452.918212890625,972.9046020507812,20250225-162848
290,4,0,0.78515625,668.6490478515625,1799.006103515625,120.58209228515625,187.70330810546875,20250225-162848
290,9,0,0.91015625,539.8366088867188,1.108612060546875,427.28759765625,531.77978515625,20250225-162848
291,0,0,0.375732421875,868.380126953125,1796.0921630859375,123.30322265625,208.16061401367188,20250225-162848
291,5,0,0.39697265625,655.5081787109375,661.314453125,98.97798156738281,104.96475219726562,20250225-162848
291,8,0,0.5205078125,746.7310180664062,501.6781311035156,107.81011962890625,176.49365234375,20250225-162848
291,10,0,0.7216796875,102.98970031738281,464.99053955078125,1437.1776123046875,964.8721313476562,20250225-162848
291,4,0,0.76123046875,669.1467895507812,1798.7523193359375,120.74835205078125,186.71646118164062,20250225-162848
291,9,0,0.90771484375,538.334228515625,1.4783935546875,427.7932434082031,533.5963134765625,20250225-162848
292,5,0,0.260498046875,656.1686401367188,661.0354614257812,139.0810546875,106.90856170654297,20250225-162848
292,4,0,0.6318359375,667.2178955078125,1794.1226806640625,125.3397216796875,188.64297485351562,20250225-162848
292,8,0,0.68505859375,745.8506469726562,501.2681579589844,106.040771484375,177.92401123046875,20250225-162848
292,10,0,0.806640625,120.53872680664062,468.39971923828125,1444.6007080078125,946.3167114257812,20250225-162848
292,9,0,0.91357421875,537.9510498046875,1.4802703857421875,429.217529296875,533.274658203125,20250225-162848
293,4,0,0.338134765625,665.3013305664062,1805.10791015625,114.27191162109375,374.126708984375,20250225-162848
293,8,0,0.60400390625,746.9564819335938,502.27093505859375,102.72624206542969,176.76512145996094,20250225-162848
293,5,0,0.64794921875,655.2376708984375,661.79443359375,157.71551513671875,108.44964599609375,20250225-162848
293,10,0,0.88671875,78.2587890625,468.40509033203125,1451.0625,988.8971557617188,20250225-162848
293,9,0,0.89892578125,538.1420288085938,1.4745941162109375,428.4216613769531,534.07666015625,20250225-162848
294,4,0,0.33984375,666.8585205078125,1840.6787109375,78.4376220703125,188.57723999023438,20250225-162848
294,8,0,0.64599609375,747.8388671875,501.48504638671875,102.55998229980469,176.91876220703125,20250225-162848
294,10,0,0.8017578125,114.1537857055664,458.3140869140625,1449.7642822265625,951.88037109375,20250225-162848
294,5,0,0.81884765625,655.5861206054688,662.3963012695312,157.72357177734375,109.24375915527344,20250225-162848
294,9,0,0.90673828125,537.9503784179688,1.47857666015625,428.0262451171875,534.2647705078125,20250225-162848
295,8,0,0.56298828125,748.95361328125,499.9261779785156,106.569580078125,175.4729461669922,20250225-162848
295,14,0,0.57958984375,734.0631103515625,465.5115051269531,395.8116760253906,341.16754150390625,20250225-162848
295,10,0,0.751953125,78.85214233398438,465.16339111328125,1420.9423828125,987.267578125,20250225-162848
295,5,0,0.8173828125,656.3104248046875,662.0037231445312,157.64263916015625,110.27552795410156,20250225-162848
295,9,0,0.91064453125,538.7011108398438,1.6702880859375,426.7752685546875,533.1571655273438,20250225-162848
296,14,0,0.556640625,734.4437866210938,475.9676513671875,389.60504150390625,340.45977783203125,20250225-162848
296,8,0,0.61669921875,749.3139038085938,497.8369445800781,107.52790832519531,171.8631591796875,20250225-162848
296,10,0,0.75,88.83218383789062,468.38818359375,1425.8074951171875,979.5469360351562,20250225-162848
296,5,0,0.8115234375,656.168212890625,661.700927734375,159.70687866210938,109.79135131835938,20250225-162848
296,9,0,0.91064453125,538.5111694335938,1.480316162109375,427.0220031738281,533.4088745117188,20250225-162848
297,8,0,0.5869140625,748.8944091796875,499.9725036621094,103.98912048339844,175.0600128173828,20250225-162848
297,14,0,0.6103515625,733.5528564453125,472.5998840332031,390.217529296875,342.352783203125,20250225-162848
297,10,0,0.76416015625,85.02259063720703,515.7733154296875,1382.2196044921875,981.9525146484375,20250225-162848
297,5,0,0.8173828125,656.5242309570312,661.3731079101562,158.0947265625,110.62477111816406,20250225-162848
297,9,0,0.916015625,538.6974487304688,1.4832000732421875,426.1780700683594,532.798095703125,20250225-162848
298,14,0,0.5830078125,731.8856811523438,471.6678771972656,388.8525695800781,343.1246643066406,20250225-162848
298,8,0,0.6103515625,748.658447265625,450.120849609375,154.2747802734375,174.04763793945312,20250225-162848
298,10,0,0.8251953125,73.45021057128906,470.87109375,1428.2479248046875,993.9127807617188,20250225-162848
298,5,0,0.8291015625,656.183837890625,661.6071166992188,156.741943359375,110.2513198852539,20250225-162848
298,9,0,0.91748046875,538.6983642578125,1.2987213134765625,427.0551452636719,532.1666870117188,20250225-162848
299,14,0,0.517578125,731.9524536132812,473.032470703125,386.161376953125,343.1073913574219,20250225-162848
299,8,0,0.595703125,749.3273315429688,499.22186279296875,103.99822998046875,174.414306640625,20250225-162848
299,5,0,0.8173828125,656.0924682617188,660.6568603515625,157.41375732421875,111.87454986572266,20250225-162848
299,10,0,0.84765625,81.10227966308594,517.43994140625,1402.56005859375,982.780517578125,20250225-162848
299,9,0,0.91064453125,537.9466552734375,1.1076507568359375,426.9097595214844,533.9273071289062,20250225-162848
300,14,0,0.454345703125,730.4945068359375,471.7591552734375,387.15911865234375,344.2510070800781,20250225-162848
300,8,0,0.6533203125,749.5585327148438,449.1076354980469,153.71356201171875,173.95692443847656,20250225-162848
300,5,0,0.80810546875,656.3192138671875,661.4024658203125,157.51345825195312,111.0035400390625,20250225-162848
300,10,0,0.8232421875,78.98637390136719,517.0464477539062,1402.50390625,985.2222290039062,20250225-162848
300,9,0,0.91015625,538.3269653320312,1.482147216796875,426.0169372558594,533.9209594726562,20250225-162848
301,14,0,0.55908203125,730.9931640625,467.171630859375,379.6541748046875,342.9637145996094,20250225-162848
301,8,0,0.69921875,749.8276977539062,449.4103088378906,154.0154571533203,173.8782958984375,20250225-162848
301,5,0,0.8173828125,656.5404663085938,661.6201171875,157.30279541015625,109.7071533203125,20250225-162848
301,10,0,0.84765625,84.73179626464844,520.1993408203125,1399.1268310546875,979.0354614257812,20250225-162848
301,9,0,0.90673828125,539.0836181640625,1.2953338623046875,425.4493103027344,533.060791015625,20250225-162848
302,14,0,0.4921875,733.021728515625,470.4745788574219,346.98284912109375,341.5918884277344,20250225-162848
302,5,0,0.783203125,656.563720703125,660.8714599609375,158.07339477539062,108.99227142333984,20250225-162848
302,8,0,0.7900390625,749.3113403320312,449.02313232421875,154.2737274169922,174.77960205078125,20250225-162848
302,10,0,0.85302734375,85.48401641845703,510.45892333984375,1409.5411376953125,981.5077514648438,20250225-162848
302,9,0,0.90869140625,539.265380859375,1.67230224609375,423.08782958984375,532.637451171875,20250225-162848
303,14,0,0.4775390625,731.8658447265625,471.51763916015625,342.2478332519531,343.6549072265625,20250225-162848
303,8,0,0.7578125,748.6554565429688,448.3554382324219,156.3321990966797,175.4949188232422,20250225-162848
303,5,0,0.77099609375,656.6358642578125,660.3585205078125,156.77252197265625,111.59843444824219,20250225-162848
303,10,0,0.88232421875,82.70249938964844,499.62652587890625,1420.37353515625,987.62255859375,20250225-162848
303,9,0,0.90869140625,538.8871459960938,1.294281005859375,423.4234313964844,533.6182861328125,20250225-162848
304,14,0,0.5029296875,732.4371948242188,471.3283996582031,337.1781005859375,342.5927734375,20250225-162848
304,10,0,0.728515625,86.46841430664062,508.612060546875,1409.3975830078125,982.6812744140625,20250225-162848
304,5,0,0.77685546875,656.5827026367188,660.5029907226562,155.26739501953125,111.19949340820312,20250225-162848
304,8,0,0.79833984375,748.93505859375,448.6266174316406,155.1361083984375,174.79693603515625,20250225-162848
304,9,0,0.9150390625,539.8367309570312,0.923675537109375,423.21185302734375,532.3353881835938,20250225-162848
305,14,0,0.47265625,732.3345336914062,470.2775573730469,333.791748046875,343.1876525878906,20250225-162848
305,10,0,0.54296875,89.09689331054688,491.83355712890625,1374.804443359375,981.1710205078125,20250225-162848
305,5,0,0.7548828125,656.5167846679688,660.8800048828125,154.50494384765625,111.26181030273438,20250225-162848
305,8,0,0.787109375,749.3004760742188,448.9435729980469,154.6380157470703,174.90457153320312,20250225-162848
305,9,0,0.9111328125,540.4042358398438,1.2962493896484375,421.9586181640625,531.325439453125,20250225-162848
306,14,0,0.352294921875,731.90234375,468.2764892578125,337.15887451171875,341.9775390625,20250225-162848
306,10,0,0.74755859375,87.11445617675781,506.0423583984375,1413.9576416015625,989.9070434570312,20250225-162848
306,5,0,0.7529296875,656.8059692382812,661.0420532226562,153.44448852539062,112.17607116699219,20250225-162848
306,8,0,0.7744140625,749.5774536132812,448.8908386230469,154.84446716308594,174.64227294921875,20250225-162848
306,9,0,0.8916015625,540.5882568359375,1.108245849609375,422.2715148925781,531.9154663085938,20250225-162848
307,14,0,0.32177734375,736.9376831054688,470.6942138671875,335.9328918457031,337.0775451660156,20250225-162848
307,8,0,0.71240234375,749.0619506835938,448.7668762207031,154.41943359375,175.29656982421875,20250225-162848
307,5,0,0.7685546875,656.6773681640625,660.6417846679688,154.7955322265625,112.88520812988281,20250225-162848
307,10,0,0.7861328125,89.40287780761719,518.1075439453125,1380.3277587890625,982.2140502929688,20250225-162848
307,9,0,0.91064453125,540.9577026367188,1.1141510009765625,420.79248046875,530.412353515625,20250225-162848
308,14,0,0.41015625,735.7553100585938,469.89312744140625,338.2638244628906,337.5066833496094,20250225-162848
308,8,0,0.72802734375,749.0349731445312,448.81732177734375,154.45889282226562,174.99615478515625,20250225-162848
308,5,0,0.79248046875,656.6177978515625,661.5999755859375,154.5648193359375,113.34972381591797,20250225-162848
308,10,0,0.7958984375,90.67351531982422,477.48614501953125,1404.12255859375,982.411376953125,20250225-162848
308,9,0,0.90625,540.9630126953125,1.110260009765625,419.4729309082031,530.9716186523438,20250225-162848
309,14,0,0.509765625,736.4053955078125,471.62896728515625,341.15423583984375,337.6431579589844,20250225-162848
309,10,0,0.74169921875,91.40333557128906,476.77130126953125,1402.089599609375,985.3753662109375,20250225-162848
309,8,0,0.79736328125,749.3192749023438,448.6024475097656,155.0053253173828,174.8607177734375,20250225-162848
309,5,0,0.8056640625,656.707275390625,661.499267578125,157.3172607421875,114.14605712890625,20250225-162848
309,9,0,0.88134765625,540.027099609375,1.107147216796875,418.57684326171875,532.6769409179688,20250225-162848
310,14,0,0.445556640625,737.413330078125,470.9250183105469,347.8759460449219,335.79229736328125,20250225-162848
310,10,0,0.75830078125,95.10761260986328,480.3695068359375,1421.827880859375,974.1346435546875,20250225-162848
310,8,0,0.8017578125,749.373291015625,448.3131408691406,154.7647247314453,174.44134521484375,20250225-162848
310,5,0,0.8037109375,656.4528198242188,661.5596923828125,159.65478515625,114.90943908691406,20250225-162848
310,9,0,0.873046875,540.4069213867188,1.294189453125,418.31103515625,532.2123413085938,20250225-162848
311,14,0,0.5439453125,735.0739135742188,470.2526550292969,361.5079650878906,338.2267150878906,20250225-162848
311,10,0,0.75341796875,94.1280288696289,542.7540893554688,1376.65185546875,978.8181762695312,20250225-162848
311,8,0,0.794921875,748.9691162109375,447.8675537109375,156.5935821533203,175.16705322265625,20250225-162848
311,5,0,0.8291015625,656.0623168945312,659.4693603515625,161.10791015625,115.89717864990234,20250225-162848
311,9,0,0.8974609375,540.403564453125,1.110992431640625,416.8770446777344,531.2396240234375,20250225-162848
312,10,0,0.5869140625,93.40524291992188,463.99603271484375,1438.136962890625,973.7944946289062,20250225-162848
312,14,0,0.58984375,735.0239868164062,470.51824951171875,370.54302978515625,339.9403381347656,20250225-162848
312,8,0,0.76416015625,749.1632080078125,448.1838684082031,156.69557189941406,175.31570434570312,20250225-162848
312,5,0,0.841796875,656.4971923828125,660.383056640625,158.73587036132812,114.8157958984375,20250225-162848
312,9,0,0.8974609375,539.8390502929688,1.2954254150390625,417.08966064453125,532.2317504882812,20250225-162848
313,14,0,0.61767578125,735.5308837890625,471.0728759765625,377.170166015625,337.9635009765625,20250225-162848
313,10,0,0.67138671875,92.38214111328125,592.430419921875,1327.569580078125,981.7306518554688,20250225-162848
313,8,0,0.80029296875,749.3353881835938,447.8324890136719,156.91383361816406,176.03102111816406,20250225-162848
313,5,0,0.83740234375,656.5211791992188,662.0132446289062,157.612060546875,113.3840560913086,20250225-162848
313,9,0,0.89599609375,540.2182006835938,1.295013427734375,416.83612060546875,531.7193603515625,20250225-162848
314,10,0,0.5341796875,92.18353271484375,480.1314697265625,1430.3536376953125,976.7454833984375,20250225-162849
314,14,0,0.615234375,735.3125610351562,471.79046630859375,380.95147705078125,337.76849365234375,20250225-162849
314,8,0,0.78466796875,749.4439697265625,448.2080383300781,154.95359802246094,174.38735961914062,20250225-162849
314,5,0,0.8447265625,656.4926147460938,661.085693359375,158.50588989257812,114.19094848632812,20250225-162849
314,9,0,0.90478515625,540.211669921875,1.11419677734375,417.4675598144531,531.4634399414062,20250225-162849
315,14,0,0.5458984375,735.6943359375,472.3360290527344,385.795166015625,336.8529968261719,20250225-162849
315,10,0,0.70556640625,88.40637969970703,474.46160888671875,1435.2916259765625,978.8875122070312,20250225-162849
315,8,0,0.78271484375,749.4871215820312,448.26361083984375,155.09458923339844,174.25611877441406,20250225-162849
315,5,0,0.845703125,656.6012573242188,661.809814453125,157.8973388671875,114.15850830078125,20250225-162849
315,9,0,0.90234375,540.787353515625,1.2949676513671875,417.60400390625,530.8484497070312,20250225-162849
316,14,0,0.60107421875,734.94287109375,468.4836730957031,395.49957275390625,339.664306640625,20250225-162849
316,10,0,0.73193359375,91.93247985839844,675.6767578125,1244.0830078125,980.7459106445312,20250225-162849
316,8,0,0.80419921875,748.38525390625,448.36798095703125,155.85836791992188,175.2843780517578,20250225-162849
316,5,0,0.8388671875,656.2218017578125,662.0681762695312,156.77105712890625,112.71286010742188,20250225-162849
316,9,0,0.90234375,540.7822875976562,1.30023193359375,417.2714538574219,530.9859008789062,20250225-162849
317,14,0,0.5390625,734.068603515625,468.8769836425781,402.5364074707031,340.07989501953125,20250225-162849
317,10,0,0.6533203125,76.57616424560547,470.00830078125,1430.789794921875,990.5966186523438,20250225-162849
317,8,0,0.76904296875,748.0413818359375,448.49395751953125,156.67062377929688,175.8070831298828,20250225-162849
317,5,0,0.83544921875,655.9163818359375,661.807861328125,157.46365356445312,114.4968490600586,20250225-162849
317,9,0,0.90673828125,540.406494140625,1.2987213134765625,416.8849182128906,530.916015625,20250225-162849
318,14,0,0.494140625,735.1887817382812,469.0452575683594,404.8019714355469,339.11328125,20250225-162849
318,10,0,0.71044921875,76.58509063720703,466.5010986328125,1440.9920654296875,990.7122802734375,20250225-162849
318,8,0,0.76904296875,747.9779052734375,448.1861572265625,156.71603393554688,175.59164428710938,20250225-162849
318,5,0,0.83544921875,656.3017578125,661.9601440429688,157.7135009765625,113.27728271484375,20250225-162849
318,9,0,0.90380859375,540.2258911132812,1.297027587890625,417.7477111816406,530.8370361328125,20250225-162849
319,14,0,0.39892578125,735.5389404296875,468.673095703125,411.7387390136719,336.7518005371094,20250225-162849
319,8,0,0.56005859375,748.2731323242188,449.281982421875,156.04605102539062,174.6920623779297,20250225-162849
319,10,0,0.70751953125,78.52787017822266,467.19915771484375,1433.61474609375,988.7817993164062,20250225-162849
319,5,0,0.83984375,657.0654296875,662.3765258789062,157.29034423828125,112.53184509277344,20250225-162849
319,9,0,0.912109375,541.9120483398438,1.3009185791015625,417.59783935546875,529.1040649414062,20250225-162849
320,14,0,0.32080078125,735.1585693359375,468.88568115234375,412.81768798828125,338.5287780761719,20250225-162849
320,8,0,0.63623046875,748.3143310546875,448.5251770019531,160.049560546875,175.4962921142578,20250225-162849
320,10,0,0.77734375,73.95979309082031,466.72125244140625,1407.1845703125,993.9810791015625,20250225-162849
320,5,0,0.84814453125,657.0172729492188,662.7328491210938,156.867919921875,112.79954528808594,20250225-162849
320,9,0,0.90625,541.1574096679688,1.490386962890625,417.3739929199219,530.020263671875,20250225-162849
321,14,0,0.326904296875,734.7052001953125,468.3029479980469,415.9038391113281,339.44921875,20250225-162849
321,8,0,0.552734375,747.61376953125,498.7167663574219,110.87237548828125,174.4612579345703,20250225-162849
321,10,0,0.67919921875,88.75983428955078,457.34710693359375,1462.65283203125,981.7175903320312,20250225-162849
321,5,0,0.84814453125,656.6041870117188,662.530517578125,157.3033447265625,113.18604278564453,20250225-162849
321,9,0,0.90673828125,540.9622192382812,1.114654541015625,418.44635009765625,530.2173461914062,20250225-162849
322,14,0,0.357666015625,734.6715698242188,469.318359375,415.32000732421875,339.49102783203125,20250225-162849
322,8,0,0.5888671875,747.3410034179688,450.07379150390625,162.3523406982422,174.8710174560547,20250225-162849
322,10,0,0.63330078125,90.37696838378906,456.73406982421875,1463.265869140625,979.7123413085938,20250225-162849
322,5,0,0.83740234375,656.1005859375,661.9495239257812,157.5172119140625,114.33634948730469,20250225-162849
322,9,0,0.9033203125,540.208740234375,1.303619384765625,418.1829528808594,531.4366455078125,20250225-162849
323,14,0,0.34521484375,734.4381103515625,467.83209228515625,419.863037109375,338.73895263671875,20250225-162849
323,8,0,0.5517578125,746.537841796875,497.1288757324219,114.38575744628906,176.78692626953125,20250225-162849
323,10,0,0.75830078125,76.14203643798828,466.0316162109375,1417.4677734375,991.1005249023438,20250225-162849
323,5,0,0.8408203125,656.208984375,662.11083984375,157.47418212890625,113.44783020019531,20250225-162849
323,9,0,0.9091796875,540.0192260742188,1.302520751953125,417.9665222167969,531.77294921875,20250225-162849
324,14,0,0.318359375,735.8917236328125,466.0031433105469,425.744384765625,335.277587890625,20250225-162849
324,8,0,0.6689453125,747.6480102539062,449.53271484375,160.9884796142578,177.0407257080078,20250225-162849
324,10,0,0.76708984375,82.82841491699219,470.6114501953125,1446.0238037109375,986.5866088867188,20250225-162849
324,5,0,0.83642578125,656.7039184570312,661.3790283203125,158.89627075195312,113.87165832519531,20250225-162849
324,9,0,0.91357421875,541.33447265625,1.304443359375,417.36029052734375,529.1455078125,20250225-162849
325,14,0,0.356689453125,736.4013671875,466.66461181640625,424.31011962890625,335.16943359375,20250225-162849
325,8,0,0.73046875,748.9542846679688,449.49737548828125,162.9942169189453,176.05780029296875,20250225-162849
325,10,0,0.81298828125,75.2791748046875,465.57733154296875,1399.774169921875,992.3423461914062,20250225-162849
325,5,0,0.83642578125,657.0162963867188,662.4393310546875,158.3616943359375,112.65397644042969,20250225-162849
325,9,0,0.912109375,541.70947265625,1.4894256591796875,417.8537292480469,529.328125,20250225-162849
326,14,0,0.285400390625,737.55029296875,469.9173889160156,426.5574645996094,337.281982421875,20250225-162849
326,10,0,0.70654296875,76.77468872070312,464.44171142578125,1372.127685546875,991.0045776367188,20250225-162849
326,8,0,0.71142578125,748.559814453125,449.1742858886719,160.95977783203125,176.54283142089844,20250225-162849
326,5,0,0.84375,656.8630981445312,662.17529296875,158.42010498046875,112.62016296386719,20250225-162849
326,9,0,0.912109375,542.0872192382812,1.4893798828125,417.4845886230469,529.2222290039062,20250225-162849
327,14,0,0.27587890625,738.0723266601562,462.6759338378906,443.2035827636719,333.8287658691406,20250225-162849
327,8,0,0.732421875,747.751953125,449.06158447265625,160.4246063232422,176.97935485839844,20250225-162849
327,10,0,0.81689453125,75.76609802246094,462.99774169921875,1384.7529296875,991.5699462890625,20250225-162849
327,5,0,0.84814453125,656.7651977539062,662.9075927734375,157.64639282226562,111.58564758300781,20250225-162849
327,9,0,0.91064453125,542.0885009765625,1.301788330078125,417.9877624511719,528.827392578125,20250225-162849
328,14,0,0.201171875,738.4464111328125,464.6970520019531,443.2947692871094,333.5940246582031,20250225-162849
328,10,0,0.79443359375,83.83143615722656,469.15411376953125,1450.07373046875,985.6973876953125,20250225-162849
328,8,0,0.796875,748.0784912109375,448.6304626464844,160.53048706054688,176.66574096679688,20250225-162849
328,5,0,0.84912109375,656.7929077148438,662.0013427734375,158.300537109375,112.82006072998047,20250225-162849
328,9,0,0.91357421875,541.5233154296875,1.30169677734375,419.12384033203125,529.2006225585938,20250225-162849
329,14,0,0.2393798828125,738.03662109375,472.26654052734375,428.337158203125,334.671875,20250225-162849
329,10,0,0.69580078125,81.53580474853516,462.3563232421875,1369.257568359375,985.7598876953125,20250225-162849
329,8,0,0.81005859375,749.2732543945312,448.80780029296875,159.6243896484375,175.28170776367188,20250225-162849
329,5,0,0.85302734375,656.880615234375,661.2247924804688,159.97760009765625,112.20732116699219,20250225-162849
329,9,0,0.9140625,541.8982543945312,1.30279541015625,419.7600402832031,528.6218872070312,20250225-162849
330,14,0,0.2451171875,738.1874389648438,466.30242919921875,436.2388000488281,336.607177734375,20250225-162849
330,10,0,0.7490234375,79.9235610961914,460.02838134765625,1373.7659912109375,987.6505737304688,20250225-162849
330,8,0,0.79248046875,749.5352172851562,448.9873352050781,159.02586364746094,175.1887664794922,20250225-162849
330,5,0,0.85009765625,657.301513671875,662.1279296875,159.05960083007812,111.00997924804688,20250225-162849
330,9,0,0.912109375,541.9030151367188,1.1165771484375,419.7113342285156,529.0940551757812,20250225-162849
331,14,0,0.2666015625,738.74560546875,461.7337646484375,443.848388671875,332.90325927734375,20250225-162849
331,10,0,0.70556640625,67.86495208740234,463.54791259765625,1313.9417724609375,1001.2937622070312,20250225-162849
331,8,0,0.7880859375,749.3343505859375,448.44378662109375,159.5880889892578,175.10447692871094,20250225-162849
331,5,0,0.8447265625,657.2476196289062,662.7601318359375,158.52081298828125,111.69422149658203,20250225-162849
331,9,0,0.9091796875,542.09033203125,1.117584228515625,419.2989807128906,529.8999633789062,20250225-162849
332,14,0,0.329345703125,738.621337890625,462.00494384765625,440.4715576171875,333.29412841796875,20250225-162849
332,10,0,0.6943359375,82.1389389038086,461.70538330078125,1371.466796875,985.4827880859375,20250225-162849
332,8,0,0.73779296875,748.8078002929688,448.9629821777344,159.10569763183594,175.5247802734375,20250225-162849
332,5,0,0.8427734375,657.0474243164062,662.1740112304688,158.37982177734375,110.88320922851562,20250225-162849
332,9,0,0.91162109375,541.9015502929688,1.489654541015625,419.5751953125,529.75439453125,20250225-162849
333,14,0,0.2247314453125,738.2757568359375,463.07391357421875,449.15826416015625,333.2442626953125,20250225-162849
333,8,0,0.71142578125,748.656982421875,448.7375793457031,159.7416229248047,174.91796875,20250225-162849
333,10,0,0.822265625,83.25817108154297,467.79840087890625,1449.2376708984375,986.3859252929688,20250225-162849
333,5,0,0.84912109375,657.02587890625,662.7943725585938,157.82720947265625,109.98670959472656,20250225-162849
333,9,0,0.91015625,542.0928955078125,1.1153411865234375,419.9817810058594,529.5689697265625,20250225-162849
334,14,0,0.204345703125,738.351318359375,461.0737609863281,454.200439453125,333.13507080078125,20250225-162849
334,8,0,0.60205078125,748.2166748046875,490.1509094238281,119.69256591796875,173.74783325195312,20250225-162849
334,10,0,0.84130859375,82.89261627197266,466.10943603515625,1450.5736083984375,986.5338134765625,20250225-162849
334,5,0,0.84375,657.0712280273438,662.43115234375,157.6673583984375,111.4554443359375,20250225-162849
334,9,0,0.91064453125,541.9025268554688,1.489471435546875,421.0081787109375,529.4009399414062,20250225-162849
335,14,0,0.253173828125,739.6553955078125,463.3250427246094,449.1358337402344,332.13720703125,20250225-162849
335,8,0,0.57080078125,748.1390991210938,498.8610534667969,111.84649658203125,174.9171142578125,20250225-162849
335,5,0,0.85302734375,657.2091674804688,662.6068725585938,157.66241455078125,110.77136993408203,20250225-162849
335,10,0,0.86083984375,83.49274444580078,467.6143798828125,1448.62060546875,985.46630859375,20250225-162849
335,9,0,0.9140625,541.9014892578125,1.4900665283203125,421.16851806640625,529.0764770507812,20250225-162849
336,8,0,0.615234375,748.6464233398438,501.14263916015625,106.45706176757812,173.5565185546875,20250225-162849
336,5,0,0.8447265625,657.4945678710938,662.593017578125,157.803955078125,110.55619049072266,20250225-162849
336,10,0,0.873046875,83.4078598022461,469.689697265625,1445.4287109375,985.6287231445312,20250225-162849
336,9,0,0.91748046875,542.0870361328125,1.676971435546875,420.52972412109375,528.3576049804688,20250225-162849
337,8,0,0.5517578125,748.5166625976562,496.5346984863281,113.96415710449219,175.00946044921875,20250225-162849
337,5,0,0.83984375,657.2152099609375,663.1342163085938,157.44635009765625,110.68279266357422,20250225-162849
337,10,0,0.8759765625,84.42684173583984,468.47589111328125,1448.48193359375,984.7848510742188,20250225-162849
337,9,0,0.9140625,542.6514282226562,1.1143341064453125,421.5958557128906,528.5155639648438,20250225-162849
338,8,0,0.58203125,748.1011352539062,501.2237548828125,108.49580383300781,175.0979461669922,20250225-162849
338,5,0,0.841796875,657.11279296875,662.819091796875,157.71844482421875,111.23202514648438,20250225-162849
338,10,0,0.85498046875,83.2041015625,469.2088623046875,1446.8184814453125,986.1273193359375,20250225-162849
338,9,0,0.916015625,542.4635009765625,1.1143798828125,422.4461975097656,528.0217895507812,20250225-162849
339,8,0,0.60107421875,747.5863037109375,500.22125244140625,109.31611633300781,175.66143798828125,20250225-162849
339,5,0,0.841796875,656.6537475585938,663.20458984375,157.43106079101562,111.84940338134766,20250225-162849
339,10,0,0.86962890625,82.18571472167969,467.22381591796875,1447.2021484375,986.6651611328125,20250225-162849
339,9,0,0.91552734375,542.2756958007812,1.302978515625,421.67523193359375,528.0173950195312,20250225-162849
340,8,0,0.64794921875,748.2959594726562,502.2814636230469,105.52665710449219,174.9149627685547,20250225-162849
340,5,0,0.85107421875,657.1049194335938,662.9384765625,157.67230224609375,111.47320556640625,20250225-162849
340,10,0,0.87744140625,82.05525207519531,467.99981689453125,1447.8240966796875,986.5006713867188,20250225-162849
340,9,0,0.91552734375,543.0272216796875,1.49285888671875,421.62652587890625,527.6984252929688,20250225-162849
341,14,0,0.2005615234375,740.6769409179688,462.8039245605469,462.4763488769531,331.57159423828125,20250225-162849
341,8,0,0.5439453125,748.0398559570312,499.0981750488281,110.11885070800781,175.33502197265625,20250225-162849
341,10,0,0.78662109375,93.27212524414062,455.07110595703125,1460.561767578125,976.8043212890625,20250225-162849
341,5,0,0.85302734375,657.4586791992188,662.5241088867188,157.93405151367188,111.90631103515625,20250225-162849
341,9,0,0.916015625,541.9038696289062,1.1157073974609375,422.1702880859375,528.9281616210938,20250225-162849
342,8,0,0.626953125,748.1759643554688,448.6378173828125,159.75741577148438,176.36773681640625,20250225-162849
342,10,0,0.83935546875,85.66023254394531,464.24688720703125,1451.673095703125,983.3106079101562,20250225-162849
342,5,0,0.84912109375,656.9412231445312,662.3322143554688,158.118896484375,112.45047760009766,20250225-162849
342,9,0,0.916015625,543.02734375,1.116943359375,421.77569580078125,527.2813720703125,20250225-162849
343,14,0,0.2166748046875,739.92578125,463.1650085449219,461.3672790527344,332.1400451660156,20250225-162849
343,8,0,0.55810546875,747.0614013671875,503.5842590332031,104.73280334472656,177.76951599121094,20250225-162849
343,5,0,0.85791015625,657.0338134765625,662.48828125,158.18582153320312,112.40172576904297,20250225-162849
343,10,0,0.86279296875,84.69120025634766,465.56231689453125,1449.50927734375,984.5892333984375,20250225-162849
343,9,0,0.916015625,542.653564453125,1.677337646484375,422.0738525390625,527.4337158203125,20250225-162849
344,14,0,0.25537109375,738.7018432617188,463.69720458984375,462.91607666015625,334.5589294433594,20250225-162850
344,8,0,0.630859375,747.09033203125,502.1765441894531,107.58636474609375,176.73019409179688,20250225-162850
344,5,0,0.85205078125,656.5618286132812,662.41064453125,158.61886596679688,112.29486083984375,20250225-162850
344,10,0,0.8544921875,83.5978012084961,466.21453857421875,1449.470947265625,985.6102905273438,20250225-162850
344,9,0,0.91650390625,542.6550903320312,1.116943359375,421.8575134277344,527.8053588867188,20250225-162850
345,14,0,0.202392578125,740.1185302734375,461.479248046875,465.1690979003906,331.9805603027344,20250225-162850
345,8,0,0.61328125,747.5184326171875,501.5320129394531,108.76707458496094,176.23117065429688,20250225-162850
345,5,0,0.85595703125,656.705810546875,662.1956787109375,158.485107421875,112.96631622314453,20250225-162850
345,10,0,0.89013671875,81.51512145996094,466.5281982421875,1447.220947265625,987.1778564453125,20250225-162850
345,9,0,0.91650390625,542.0896606445312,1.4908447265625,420.11224365234375,527.9165649414062,20250225-162850
346,14,0,0.201171875,741.5670166015625,462.5519714355469,464.25750732421875,330.6236877441406,20250225-162850
346,8,0,0.642578125,748.3170776367188,502.7618408203125,108.83555603027344,174.70347595214844,20250225-162850
346,5,0,0.84716796875,657.0498657226562,661.8182373046875,158.94122314453125,112.62256622314453,20250225-162850
346,10,0,0.890625,83.85186004638672,465.67938232421875,1447.660400390625,985.1182250976562,20250225-162850
346,9,0,0.91796875,542.6521606445312,1.30426025390625,420.3893737792969,527.5045776367188,20250225-162850
347,14,0,0.2005615234375,740.707763671875,463.99749755859375,465.47332763671875,332.33349609375,20250225-162850
347,8,0,0.5908203125,747.7171630859375,503.9197082519531,108.86238098144531,175.3726043701172,20250225-162850
347,5,0,0.85400390625,657.0872802734375,661.0743408203125,159.36630249023438,113.27745056152344,20250225-162850
347,10,0,0.89599609375,81.61099243164062,466.84918212890625,1448.1265869140625,987.2553100585938,20250225-162850
347,9,0,0.91748046875,542.4625854492188,1.491302490234375,421.33319091796875,527.8110961914062,20250225-162850
348,14,0,0.2100830078125,740.257080078125,462.1899719238281,466.4865417480469,332.7385559082031,20250225-162850
348,8,0,0.61865234375,749.9804077148438,500.68011474609375,112.43595886230469,169.92828369140625,20250225-162850
348,5,0,0.85400390625,656.814208984375,660.6941528320312,159.36557006835938,113.15574645996094,20250225-162850
348,10,0,0.87255859375,83.59677124023438,464.16357421875,1449.791748046875,985.42333984375,20250225-162850
348,9,0,0.91845703125,542.6489868164062,1.3044891357421875,421.2666320800781,527.640869140625,20250225-162850
349,8,0,0.6083984375,748.085205078125,502.22296142578125,111.62942504882812,175.0608673095703,20250225-162850
349,5,0,0.84375,656.577392578125,659.6427612304688,160.07720947265625,113.57708740234375,20250225-162850
349,10,0,0.84814453125,82.85459899902344,464.0284423828125,1446.983642578125,985.9031982421875,20250225-162850
349,9,0,0.91796875,542.0859985351562,1.8657073974609375,421.4815979003906,527.812744140625,20250225-162850
350,8,0,0.66796875,748.3749389648438,502.5457763671875,111.77325439453125,174.64707946777344,20250225-162850
350,5,0,0.85595703125,656.754638671875,659.0773315429688,159.9920654296875,114.23704528808594,20250225-162850
350,10,0,0.86572265625,82.25635528564453,465.71087646484375,1448.92236328125,986.8414306640625,20250225-162850
350,9,0,0.91796875,542.2730712890625,1.4908905029296875,421.81085205078125,527.7557983398438,20250225-162850
351,14,0,0.2288818359375,741.6224365234375,461.9301452636719,463.4665832519531,330.74127197265625,20250225-162850
351,8,0,0.63427734375,748.058837890625,501.5255126953125,113.03324890136719,174.4737091064453,20250225-162850
351,5,0,0.85498046875,656.5457153320312,658.18603515625,160.84066772460938,114.62577056884766,20250225-162850
351,10,0,0.85693359375,82.81665802001953,464.05462646484375,1450.114501953125,986.1714477539062,20250225-162850
351,9,0,0.91845703125,543.0252685546875,1.302978515625,422.1295166015625,526.857421875,20250225-162850
352,14,0,0.20947265625,741.3158569335938,462.94281005859375,463.7738342285156,332.091552734375,20250225-162850
352,8,0,0.6396484375,748.9286499023438,502.3248596191406,112.38739013671875,173.8751220703125,20250225-162850
352,5,0,0.85595703125,656.5009155273438,657.4176635742188,159.23419189453125,115.83418273925781,20250225-162850
352,10,0,0.865234375,83.29988098144531,465.23443603515625,1449.333984375,985.919189453125,20250225-162850
352,9,0,0.91748046875,543.0225830078125,1.3036651611328125,421.7462158203125,527.2981567382812,20250225-162850
353,14,0,0.226806640625,741.1224365234375,465.1258850097656,463.141845703125,332.424560546875,20250225-162850
353,8,0,0.662109375,750.6187133789062,500.99029541015625,114.32098388671875,168.89462280273438,20250225-162850
353,5,0,0.8447265625,656.22314453125,657.6859130859375,158.7835693359375,114.71528625488281,20250225-162850
353,10,0,0.87451171875,78.34358978271484,462.42919921875,1454.63134765625,989.9432373046875,20250225-162850
353,9,0,0.91650390625,542.654541015625,1.3020172119140625,421.56658935546875,527.8536376953125,20250225-162850
354,14,0,0.27587890625,740.6854248046875,464.5269470214844,463.20904541015625,332.9806823730469,20250225-162850
354,8,0,0.65380859375,749.2705078125,502.7767639160156,111.52880859375,174.26934814453125,20250225-162850
354,10,0,0.81396484375,85.22274780273438,464.22088623046875,1446.215087890625,984.0697631835938,20250225-162850
354,5,0,0.83203125,655.6843872070312,656.5001220703125,159.87890625,112.99533081054688,20250225-162850
354,9,0,0.91552734375,543.4014282226562,1.113372802734375,422.3150939941406,526.8717041015625,20250225-162850
355,8,0,0.67236328125,749.2905883789062,503.02386474609375,111.34346008300781,174.5524139404297,20250225-162850
355,5,0,0.83984375,655.0338745117188,655.3189086914062,160.0484619140625,115.5044174194336,20250225-162850
355,10,0,0.8427734375,83.28915405273438,467.34759521484375,1443.27490234375,985.983642578125,20250225-162850
355,9,0,0.9169921875,542.6577758789062,1.48883056640625,420.6578369140625,527.5648803710938,20250225-162850
356,14,0,0.234375,741.2020874023438,467.59332275390625,459.65057373046875,332.3988342285156,20250225-162850
356,8,0,0.587890625,749.0708618164062,504.0127258300781,110.82078552246094,175.11769104003906,20250225-162850
356,5,0,0.83544921875,655.2431640625,654.5967407226562,160.33154296875,116.60493469238281,20250225-162850
356,10,0,0.869140625,85.04421997070312,467.7498779296875,1445.7822265625,984.2415161132812,20250225-162850
356,9,0,0.91650390625,543.5993041992188,1.114654541015625,419.13482666015625,526.5709228515625,20250225-162850
357,14,0,0.27587890625,741.1049194335938,465.6140441894531,463.2565612792969,332.5995788574219,20250225-162850
357,8,0,0.62255859375,749.46533203125,503.6466064453125,111.56538391113281,173.9222412109375,20250225-162850
357,5,0,0.82421875,655.213623046875,654.0104370117188,160.0360107421875,118.02517700195312,20250225-162850
357,10,0,0.86083984375,84.34152221679688,467.14801025390625,1443.096923828125,984.9278564453125,20250225-162850
357,9,0,0.9140625,543.0370483398438,1.49066162109375,419.92327880859375,527.61669921875,20250225-162850
358,14,0,0.2100830078125,740.7555541992188,466.4439697265625,463.7610168457031,332.8984375,20250225-162850
358,8,0,0.62890625,749.4689331054688,502.4321594238281,113.17048645019531,174.65936279296875,20250225-162850
358,5,0,0.8310546875,654.3754272460938,652.2621459960938,161.1339111328125,118.5667724609375,20250225-162850
358,10,0,0.8486328125,83.20169067382812,467.502685546875,1443.99169921875,986.0890502929688,20250225-162850
358,9,0,0.91455078125,542.846923828125,1.676513671875,419.2458801269531,527.9273681640625,20250225-162850
359,8,0,0.587890625,749.3412475585938,504.3069763183594,111.45355224609375,174.52047729492188,20250225-162850
359,5,0,0.82763671875,653.9547729492188,652.7111206054688,159.99893188476562,117.732666015625,20250225-162850
359,10,0,0.83349609375,86.62882995605469,464.36553955078125,1446.303466796875,982.449462890625,20250225-162850
359,9,0,0.91455078125,542.4715576171875,1.3026580810546875,420.28082275390625,528.0043334960938,20250225-162850
360,8,0,0.61328125,749.1992797851562,503.90185546875,113.72090148925781,174.54751586914062,20250225-162850
360,10,0,0.80517578125,88.6922836303711,465.20025634765625,1445.593505859375,980.523193359375,20250225-162850
360,5,0,0.8154296875,654.057373046875,650.5878295898438,160.55282592773438,119.26431274414062,20250225-162850
360,9,0,0.91357421875,542.8412475585938,1.1127777099609375,420.2544250488281,527.194580078125,20250225-162850
361,8,0,0.57568359375,749.2963256835938,503.7439270019531,113.41278076171875,174.17965698242188,20250225-162850
361,10,0,0.78076171875,85.50487518310547,466.17718505859375,1443.583984375,983.9390869140625,20250225-162850
361,5,0,0.802734375,654.195068359375,649.8374633789062,161.38897705078125,122.67582702636719,20250225-162850
361,9,0,0.91162109375,543.215576171875,1.2989501953125,420.5167236328125,527.10888671875,20250225-162850
362,8,0,0.5869140625,748.8756713867188,503.9175109863281,116.03846740722656,174.57455444335938,20250225-162850
362,5,0,0.80126953125,653.8206176757812,648.1942749023438,161.70849609375,123.69197845458984,20250225-162850
362,10,0,0.822265625,85.57937622070312,469.56280517578125,1437.1893310546875,983.7728271484375,20250225-162850
362,9,0,0.9130859375,543.22021484375,1.29876708984375,420.7389221191406,526.9498901367188,20250225-162850
363,8,0,0.6103515625,748.6166381835938,504.41748046875,115.095703125,174.80801391601562,20250225-162850
363,10,0,0.7734375,86.68289947509766,468.9052734375,1438.1817626953125,982.3803100585938,20250225-162850
363,5,0,0.822265625,654.0668334960938,648.313720703125,160.6083984375,123.67713165283203,20250225-162850
363,9,0,0.91357421875,543.2136840820312,1.1132354736328125,421.84088134765625,527.3021850585938,20250225-162850
364,8,0,0.59912109375,749.2245483398438,503.4190979003906,113.74653625488281,174.40383911132812,20250225-162850
364,10,0,0.80322265625,88.27694702148438,471.6002197265625,1436.981689453125,980.477783203125,20250225-162850
364,5,0,0.81396484375,653.5914916992188,648.8509521484375,160.68621826171875,128.2834930419922,20250225-162850
364,9,0,0.91357421875,542.8365478515625,1.299774169921875,421.1114501953125,527.69482421875,20250225-162850
365,8,0,0.6533203125,749.1680297851562,504.02740478515625,111.97174072265625,174.48074340820312,20250225-162850
365,10,0,0.798828125,89.72525787353516,469.75982666015625,1437.602294921875,978.8889770507812,20250225-162850
365,5,0,0.8173828125,653.28173828125,647.8353881835938,160.69390869140625,129.27732849121094,20250225-162850
365,9,0,0.91455078125,542.8372802734375,1.6730804443359375,420.941650390625,527.4703979492188,20250225-162850
366,8,0,0.6533203125,749.2208862304688,503.9927978515625,113.40829467773438,174.24290466308594,20250225-162850
366,5,0,0.80322265625,653.5606079101562,646.5598754882812,162.4530029296875,129.8275909423828,20250225-162850
366,10,0,0.88623046875,86.05702209472656,469.3399658203125,1442.4375,983.4498291015625,20250225-162850
366,9,0,0.91552734375,543.7723999023438,1.2989044189453125,421.4806823730469,526.5355834960938,20250225-162850
367,8,0,0.638671875,749.0640869140625,503.1226501464844,116.40023803710938,174.08627319335938,20250225-162850
367,5,0,0.806640625,653.9718017578125,646.5672607421875,162.18118286132812,129.0955352783203,20250225-162850
367,10,0,0.89013671875,85.20927429199219,471.15399169921875,1436.459228515625,984.4189453125,20250225-162850
367,9,0,0.9140625,543.4019775390625,1.2999114990234375,422.61932373046875,526.8191528320312,20250225-162850
368,8,0,0.66455078125,749.0564575195312,502.5066833496094,116.83200073242188,174.51885986328125,20250225-162850
368,5,0,0.81298828125,653.7791137695312,646.2471923828125,162.62814331054688,130.2931365966797,20250225-162850
368,10,0,0.900390625,85.6678695678711,472.418701171875,1440.26123046875,983.8235473632812,20250225-162850
368,9,0,0.91259765625,543.2158203125,1.3004150390625,422.0794372558594,527.244873046875,20250225-162850
369,8,0,0.61669921875,748.9971923828125,502.7643127441406,117.45341491699219,174.2245330810547,20250225-162850
369,5,0,0.78515625,653.2775268554688,645.553955078125,163.08554077148438,130.27784729003906,20250225-162850
369,10,0,0.896484375,86.19564056396484,472.56298828125,1440.374267578125,983.0425415039062,20250225-162850
369,9,0,0.91552734375,543.2175903320312,1.4885101318359375,422.4495849609375,526.9695434570312,20250225-162850
370,8,0,0.62255859375,749.4114379882812,503.15570068359375,116.48574829101562,174.01150512695312,20250225-162850
370,5,0,0.81396484375,653.5306396484375,645.5637817382812,162.93548583984375,130.62384033203125,20250225-162850
370,10,0,0.896484375,85.74356842041016,470.0452880859375,1440.4302978515625,983.2855224609375,20250225-162850
370,9,0,0.9140625,543.21484375,1.48699951171875,423.4128112792969,527.1590576171875,20250225-162850
371,8,0,0.62890625,749.716552734375,504.12451171875,115.92054748535156,173.70071411132812,20250225-162850
371,5,0,0.8056640625,653.2601318359375,645.1190185546875,163.13662719726562,130.17596435546875,20250225-162850
371,10,0,0.880859375,87.66867065429688,470.20367431640625,1439.099853515625,981.2645874023438,20250225-162850
371,9,0,0.91455078125,543.2176513671875,1.1107177734375,422.02130126953125,526.9732666015625,20250225-162850
372,8,0,0.61328125,749.1680297851562,503.90277099609375,117.40873718261719,174.39474487304688,20250225-162850
372,5,0,0.7939453125,653.8425903320312,645.4749755859375,162.82525634765625,130.1479034423828,20250225-162850
372,10,0,0.90966796875,85.80451202392578,472.310302734375,1438.94384765625,983.455810546875,20250225-162850
372,9,0,0.916015625,543.2166137695312,1.48809814453125,420.78936767578125,526.633056640625,20250225-162850
373,8,0,0.65576171875,748.815673828125,505.4184265136719,116.14997863769531,174.5892333984375,20250225-162850
373,5,0,0.796875,653.801513671875,645.5562744140625,162.705322265625,129.63626098632812,20250225-162850
373,10,0,0.90478515625,85.39895629882812,471.99481201171875,1443.748779296875,983.6965942382812,20250225-162850
373,9,0,0.9150390625,543.214111328125,1.299774169921875,420.61029052734375,526.7711791992188,20250225-162850
374,8,0,0.66455078125,748.255126953125,504.3829650878906,117.33297729492188,175.3677978515625,20250225-162851
374,5,0,0.77734375,654.0047607421875,645.2138671875,162.09603881835938,133.57504272460938,20250225-162851
374,9,0,0.9150390625,542.8436279296875,1.301788330078125,419.47796630859375,527.4439697265625,20250225-162851
374,10,0,0.91552734375,85.92647552490234,473.29852294921875,1440.686767578125,983.0795288085938,20250225-162851
375,8,0,0.65234375,748.5490112304688,504.9742126464844,117.71562194824219,175.2340850830078,20250225-162851
375,5,0,0.7880859375,653.9609985351562,645.2325439453125,162.15673828125,132.03128051757812,20250225-162851
375,10,0,0.9033203125,86.06483459472656,472.87518310546875,1442.1815185546875,982.90283203125,20250225-162851
375,9,0,0.91552734375,543.0354614257812,1.1141510009765625,418.79443359375,527.527099609375,20250225-162851
376,8,0,0.615234375,748.3883056640625,505.2133483886719,117.28482055664062,175.3329620361328,20250225-162851
376,5,0,0.78662109375,653.7665405273438,645.6932373046875,162.9466552734375,128.441162109375,20250225-162851
376,10,0,0.89111328125,87.25599670410156,472.09649658203125,1439.7509765625,981.6746215820312,20250225-162851
376,9,0,0.91357421875,543.2135009765625,1.4884185791015625,419.40081787109375,527.1954345703125,20250225-162851
377,8,0,0.68017578125,748.13427734375,503.3361511230469,119.09967041015625,175.52565002441406,20250225-162851
377,5,0,0.77880859375,654.206298828125,645.3469848632812,162.299560546875,131.65174865722656,20250225-162851
377,10,0,0.88818359375,85.6737060546875,471.75970458984375,1438.022705078125,983.3651733398438,20250225-162851
377,9,0,0.9140625,543.0303955078125,1.3011474609375,419.3961181640625,527.3601684570312,20250225-162851
378,8,0,0.60693359375,748.6271362304688,504.2654113769531,119.00198364257812,174.72604370117188,20250225-162851
378,5,0,0.79443359375,654.3729858398438,645.507080078125,162.14117431640625,130.8150634765625,20250225-162851
378,10,0,0.87841796875,86.79740142822266,472.22479248046875,1433.2109375,982.3687133789062,20250225-162851
378,9,0,0.91552734375,542.6571044921875,1.48974609375,418.34271240234375,527.9511108398438,20250225-162851
379,8,0,0.5322265625,748.7493286132812,504.3615417480469,118.89935302734375,174.72630310058594,20250225-162851
379,5,0,0.78515625,654.3198852539062,645.6234741210938,161.630126953125,131.94927978515625,20250225-162851
379,10,0,0.87158203125,85.40153503417969,471.29608154296875,1433.5469970703125,983.7223510742188,20250225-162851
379,9,0,0.9140625,542.8427124023438,1.304901123046875,417.08880615234375,527.5949096679688,20250225-162851
380,8,0,0.60205078125,748.4116821289062,506.08660888671875,116.9813232421875,175.18121337890625,20250225-162851
380,5,0,0.77783203125,654.6405029296875,645.5213012695312,162.0648193359375,131.78839111328125,20250225-162851
380,10,0,0.84033203125,86.04586791992188,471.3175048828125,1436.47265625,982.9484252929688,20250225-162851
380,9,0,0.91162109375,542.4686889648438,1.116668701171875,418.6251525878906,528.3258056640625,20250225-162851
381,8,0,0.6669921875,748.1153564453125,504.5438232421875,118.4267578125,175.00079345703125,20250225-162851
381,5,0,0.77880859375,654.4257202148438,645.904052734375,162.60086059570312,129.062744140625,20250225-162851
381,10,0,0.84375,84.86715698242188,471.61175537109375,1439.3271484375,984.1937255859375,20250225-162851
381,9,0,0.90283203125,542.2832641601562,1.67669677734375,417.6611022949219,529.4706420898438,20250225-162851
382,8,0,0.6298828125,748.13720703125,504.2826232910156,118.84634399414062,174.9455108642578,20250225-162851
382,5,0,0.7744140625,654.83740234375,645.4224243164062,162.08111572265625,131.5100860595703,20250225-162851
382,10,0,0.8818359375,84.3556900024414,473.0364990234375,1441.4285888671875,984.6995239257812,20250225-162851
382,9,0,0.908203125,542.661865234375,1.3040771484375,418.3922424316406,528.7246704101562,20250225-162851
383,8,0,0.611328125,748.1306762695312,506.1925048828125,116.89013671875,175.456298828125,20250225-162851
383,5,0,0.7939453125,654.8886108398438,645.687744140625,163.04461669921875,130.031005859375,20250225-162851
383,10,0,0.8798828125,86.48334503173828,471.6009521484375,1441.693115234375,982.6026000976562,20250225-162851
383,9,0,0.89990234375,542.2904663085938,1.4872283935546875,418.3203125,529.68505859375,20250225-162851
384,8,0,0.6611328125,748.1699829101562,506.0411682128906,117.91726684570312,174.9767608642578,20250225-162851
384,5,0,0.77099609375,654.7236938476562,646.0706176757812,162.659912109375,129.56005859375,20250225-162851
384,10,0,0.86669921875,91.46101379394531,471.74310302734375,1438.5494384765625,977.7460327148438,20250225-162851
384,9,0,0.9111328125,542.8518676757812,1.4872283935546875,417.92864990234375,528.5031127929688,20250225-162851
385,8,0,0.611328125,748.2415771484375,506.7270812988281,116.71856689453125,174.98533630371094,20250225-162851
385,5,0,0.7724609375,654.7813720703125,646.20654296875,162.65020751953125,129.6934356689453,20250225-162851
385,10,0,0.8818359375,84.91264343261719,471.7679443359375,1440.0692138671875,984.5032348632812,20250225-162851
385,9,0,0.91064453125,542.8430786132812,1.117034912109375,418.69940185546875,528.4793090820312,20250225-162851
386,8,0,0.5185546875,748.3361206054688,506.7078857421875,117.45062255859375,174.95211791992188,20250225-162851
386,5,0,0.77685546875,655.0360107421875,645.8485107421875,162.82635498046875,129.22109985351562,20250225-162851
386,10,0,0.8515625,85.63516235351562,471.83514404296875,1437.1607666015625,983.5421142578125,20250225-162851
386,9,0,0.9091796875,542.847900390625,1.114654541015625,418.6789855957031,528.608154296875,20250225-162851
387,8,0,0.64892578125,747.912109375,506.69525146484375,117.15261840820312,175.22369384765625,20250225-162851
387,5,0,0.7626953125,655.2783203125,645.9805908203125,163.1297607421875,128.52647399902344,20250225-162851
387,10,0,0.8330078125,87.32414245605469,471.05133056640625,1439.7198486328125,981.8983764648438,20250225-162851
387,9,0,0.888671875,542.6685791015625,1.29913330078125,418.8739929199219,529.55810546875,20250225-162851
388,8,0,0.66455078125,748.5723266601562,506.50213623046875,118.02909851074219,174.59884643554688,20250225-162851
388,5,0,0.7744140625,655.1605224609375,646.0175170898438,163.04827880859375,129.1859130859375,20250225-162851
388,10,0,0.83740234375,88.98428344726562,468.52557373046875,1438.00634765625,980.2003784179688,20250225-162851
388,9,0,0.91162109375,542.4713745117188,1.1151123046875,419.39520263671875,528.7750854492188,20250225-162851
389,8,0,0.70068359375,748.1213989257812,506.8875732421875,116.71495056152344,175.05006408691406,20250225-162851
389,5,0,0.767578125,655.7168579101562,645.7011108398438,163.56207275390625,127.76507568359375,20250225-162851
389,10,0,0.81005859375,90.37731170654297,469.01934814453125,1439.85400390625,978.7787475585938,20250225-162851
389,9,0,0.91162109375,542.84716796875,1.303253173828125,418.4914855957031,527.975830078125,20250225-162851
390,8,0,0.65673828125,747.32421875,505.755615234375,117.94725036621094,175.44007873535156,20250225-162851
390,5,0,0.78857421875,655.8370361328125,645.8106079101562,162.78369140625,128.1075439453125,20250225-162851
390,10,0,0.81103515625,85.44204711914062,463.9676513671875,1433.8795166015625,982.7196044921875,20250225-162851
390,9,0,0.91259765625,542.8467407226562,1.1160736083984375,418.73834228515625,528.06884765625,20250225-162851
391,8,0,0.611328125,747.677490234375,507.0182189941406,116.80902099609375,175.59310913085938,20250225-162851
391,5,0,0.7890625,655.4467163085938,645.9299926757812,163.178466796875,128.03012084960938,20250225-162851
391,10,0,0.8681640625,87.12750244140625,468.6090087890625,1437.61083984375,981.95166015625,20250225-162851
391,9,0,0.9130859375,542.4761352539062,1.1158447265625,418.8415832519531,528.5110473632812,20250225-162851
392,8,0,0.638671875,746.3477783203125,506.6293029785156,117.54469299316406,176.69140625,20250225-162851
392,5,0,0.765625,655.4073486328125,646.5719604492188,162.2493896484375,127.80009460449219,20250225-162851
392,10,0,0.822265625,88.20502471923828,468.5687255859375,1435.710205078125,981.01171875,20250225-162851
392,9,0,0.91455078125,542.661865234375,1.30169677734375,418.5497131347656,527.9631958007812,20250225-162851
393,8,0,0.63623046875,746.5611572265625,506.1786804199219,118.44287109375,176.5008544921875,20250225-162851
393,5,0,0.791015625,655.4205322265625,646.5404663085938,162.67465209960938,128.6789093017578,20250225-162851
393,10,0,0.86279296875,86.80709838867188,468.13531494140625,1437.896728515625,982.265625,20250225-162851
393,9,0,0.9140625,542.6614990234375,1.115020751953125,419.1749267578125,527.8944091796875,20250225-162851
394,8,0,0.6513671875,746.36083984375,507.58154296875,117.84242248535156,176.8961944580078,20250225-162851
394,5,0,0.7919921875,655.6817626953125,647.06640625,162.51992797851562,127.17121124267578,20250225-162851
394,10,0,0.83447265625,88.63786315917969,469.704345703125,1439.845947265625,980.3016357421875,20250225-162851
394,9,0,0.912109375,543.0347900390625,0.925689697265625,420.4412841796875,527.8760986328125,20250225-162851
395,8,0,0.673828125,746.2142333984375,506.9107360839844,117.78794860839844,177.1237335205078,20250225-162851
395,5,0,0.77783203125,655.5734252929688,646.7437133789062,163.43106079101562,129.025146484375,20250225-162851
395,10,0,0.79443359375,93.77766418457031,470.37286376953125,1437.08837890625,975.3041381835938,20250225-162851
395,9,0,0.9140625,542.2815551757812,0.9268798828125,421.007080078125,528.5278930664062,20250225-162851
396,8,0,0.67724609375,746.2872924804688,507.0184020996094,117.00865173339844,176.71542358398438,20250225-162851
396,5,0,0.79248046875,655.57666015625,647.3624267578125,162.529541015625,128.84320068359375,20250225-162851
396,10,0,0.8564453125,86.64625549316406,472.0953369140625,1436.426513671875,982.5208740234375,20250225-162851
396,9,0,0.9140625,542.8439331054688,1.11474609375,420.4659118652344,527.839111328125,20250225-162851
397,8,0,0.64697265625,746.1890258789062,506.00701904296875,117.50294494628906,177.338134765625,20250225-162851
397,5,0,0.783203125,655.6908569335938,648.5879516601562,161.1859130859375,125.51742553710938,20250225-162851
397,10,0,0.8564453125,90.43069458007812,471.1087646484375,1438.079345703125,978.9697265625,20250225-162851
397,9,0,0.9111328125,542.4679565429688,1.1144256591796875,421.5801086425781,528.4561767578125,20250225-162851
398,8,0,0.63720703125,747.407470703125,506.6102600097656,116.67109680175781,175.8094024658203,20250225-162851
398,5,0,0.7880859375,655.4639282226562,648.7988891601562,159.80291748046875,121.56732177734375,20250225-162851
398,10,0,0.8701171875,87.46842193603516,471.2926025390625,1436.268310546875,981.8497924804688,20250225-162851
398,9,0,0.91162109375,542.0949096679688,1.115020751953125,422.3642578125,528.640869140625,20250225-162851
399,8,0,0.6318359375,747.2960205078125,506.4979248046875,116.97848510742188,176.04345703125,20250225-162851
399,5,0,0.783203125,655.5869750976562,648.8435668945312,160.07867431640625,122.41146850585938,20250225-162851
399,10,0,0.841796875,89.49188232421875,470.7154541015625,1436.2496337890625,979.8363647460938,20250225-162851
399,9,0,0.90771484375,542.4705810546875,0.927886962890625,422.84454345703125,528.8253784179688,20250225-162851
400,8,0,0.70068359375,747.0147094726562,505.27325439453125,118.41998291015625,176.26052856445312,20250225-162851
400,5,0,0.78076171875,655.5899047851562,649.4837646484375,161.35711669921875,126.27986145019531,20250225-162851
400,10,0,0.8056640625,90.73007202148438,471.16790771484375,1438.552734375,978.4506225585938,20250225-162851
400,9,0,0.9111328125,542.2784423828125,1.3030242919921875,422.26220703125,528.5996704101562,20250225-162851
401,8,0,0.6416015625,746.9995727539062,506.0285339355469,117.36328125,176.0489501953125,20250225-162851
401,10,0,0.77734375,89.60887145996094,469.39471435546875,1443.3544921875,979.3443603515625,20250225-162851
401,5,0,0.7861328125,655.7937622070312,648.5755004882812,161.39849853515625,124.50745391845703,20250225-162851
401,9,0,0.9140625,542.4658813476562,1.116668701171875,421.8709716796875,528.342529296875,20250225-162851
402,8,0,0.64697265625,746.5625610351562,506.45672607421875,117.07667541503906,176.55003356933594,20250225-162851
402,5,0,0.791015625,656.0006713867188,648.6564331054688,161.70803833007812,122.83332824707031,20250225-162851
402,10,0,0.8173828125,87.18887329101562,470.241943359375,1442.7828369140625,982.2140502929688,20250225-162851
402,9,0,0.91162109375,542.8408813476562,1.3030242919921875,422.2960510253906,527.990234375,20250225-162851
403,8,0,0.662109375,745.6647338867188,506.10479736328125,117.62823486328125,176.92288208007812,20250225-162851
403,10,0,0.78662109375,86.58977508544922,465.95111083984375,1453.8555908203125,981.3094482421875,20250225-162851
403,5,0,0.794921875,656.1773071289062,648.6107177734375,161.464599609375,122.09132385253906,20250225-162851
403,9,0,0.908203125,542.4713745117188,1.1130523681640625,421.0101013183594,529.0315551757812,20250225-162851
404,8,0,0.63232421875,746.467529296875,505.1883544921875,118.58885192871094,175.996337890625,20250225-162852
404,10,0,0.763671875,86.84254455566406,471.205078125,1442.367919921875,982.3357543945312,20250225-162852
404,5,0,0.79296875,656.5775756835938,649.2489624023438,161.07852172851562,119.71844482421875,20250225-162852
404,9,0,0.9150390625,542.6536254882812,1.117034912109375,421.94622802734375,528.2921142578125,20250225-162852
405,8,0,0.68017578125,748.0267944335938,506.11358642578125,116.39973449707031,174.5208282470703,20250225-162852
405,5,0,0.7880859375,656.5379028320312,648.81591796875,161.52630615234375,121.10873413085938,20250225-162852
405,10,0,0.85107421875,84.27835083007812,471.00164794921875,1445.591796875,984.9093017578125,20250225-162852
405,9,0,0.91357421875,542.2808227539062,1.1162567138671875,422.1317138671875,528.6522216796875,20250225-162852
406,8,0,0.65771484375,747.4989624023438,505.5306701660156,116.64839172363281,174.89788818359375,20250225-162852
406,5,0,0.7890625,656.8450927734375,648.7000732421875,161.9857177734375,121.54200744628906,20250225-162852
406,10,0,0.84423828125,86.62582397460938,470.6121826171875,1442.56640625,982.8844604492188,20250225-162852
406,9,0,0.91259765625,542.650634765625,0.9272918701171875,422.22454833984375,528.19091796875,20250225-162852
407,8,0,0.6513671875,747.9540405273438,506.126220703125,115.44827270507812,174.89788818359375,20250225-162852
407,5,0,0.79833984375,656.9068603515625,649.1141967773438,161.38897705078125,119.3606185913086,20250225-162852
407,10,0,0.8759765625,85.63447570800781,469.8262939453125,1445.0335693359375,983.7442016601562,20250225-162852
407,9,0,0.9130859375,542.8339233398438,0.7400665283203125,421.46624755859375,527.7046508789062,20250225-162852
408,8,0,0.642578125,747.9464721679688,506.3031005859375,115.66676330566406,175.13880920410156,20250225-162852
408,5,0,0.79443359375,656.98193359375,650.089111328125,160.5845947265625,119.06055450439453,20250225-162852
408,10,0,0.86962890625,85.41183471679688,468.64849853515625,1444.390869140625,983.8706665039062,20250225-162852
408,9,0,0.91162109375,542.2717895507812,0.9289398193359375,421.56475830078125,528.35791015625,20250225-162852
409,8,0,0.68359375,748.3165893554688,504.7416687011719,116.93367004394531,174.93572998046875,20250225-162852
409,5,0,0.8056640625,656.9382934570312,650.6568603515625,160.4835205078125,118.82606506347656,20250225-162852
409,10,0,0.86962890625,62.23179626464844,470.118896484375,1437.7767333984375,1005.0756225585938,20250225-162852
409,9,0,0.9130859375,542.6521606445312,0.92816162109375,420.9710998535156,528.0489501953125,20250225-162852
410,8,0,0.59619140625,748.6547241210938,504.7814025878906,116.59144592285156,174.8114471435547,20250225-162852
410,10,0,0.80810546875,85.90193176269531,463.7962646484375,1436.38916015625,982.7501220703125,20250225-162852
410,5,0,0.8115234375,657.0225219726562,651.6063232421875,160.23880004882812,118.8642578125,20250225-162852
410,9,0,0.91162109375,542.2776489257812,1.1158447265625,420.61285400390625,528.6438598632812,20250225-162852
411,8,0,0.693359375,748.2802734375,504.4463195800781,116.67306518554688,174.86509704589844,20250225-162852
411,5,0,0.81982421875,656.8878173828125,650.8914184570312,161.61492919921875,120.32380676269531,20250225-162852
411,10,0,0.8681640625,84.78690338134766,464.42474365234375,1446.630615234375,983.6429443359375,20250225-162852
411,9,0,0.91162109375,542.6550903320312,1.30242919921875,420.5142517089844,528.0633544921875,20250225-162852
412,8,0,0.62255859375,748.4508056640625,505.4358215332031,115.50851440429688,175.04937744140625,20250225-162852
412,5,0,0.81982421875,656.7200317382812,651.111328125,161.85498046875,119.49142456054688,20250225-162852
412,10,0,0.86328125,83.23585510253906,463.3070068359375,1445.644775390625,985.0653076171875,20250225-162852
412,9,0,0.90478515625,542.2875366210938,1.3006439208984375,420.4952392578125,529.2427368164062,20250225-162852
413,8,0,0.66796875,748.4243774414062,505.4248352050781,115.8720703125,175.21554565429688,20250225-162852
413,5,0,0.8115234375,656.8497314453125,651.3394775390625,161.92831420898438,118.66152954101562,20250225-162852
413,10,0,0.8466796875,86.0665512084961,469.12335205078125,1442.278564453125,983.1768188476562,20250225-162852
413,9,0,0.90673828125,542.4734497070312,1.4886932373046875,419.99774169921875,528.8629760742188,20250225-162852
414,8,0,0.69287109375,748.8202514648438,505.2858581542969,116.21022033691406,174.4730987548828,20250225-162852
414,5,0,0.82080078125,657.2135009765625,651.6829833984375,161.75326538085938,117.98492431640625,20250225-162852
414,10,0,0.853515625,85.9111099243164,468.9876708984375,1444.4176025390625,983.2587890625,20250225-162852
414,9,0,0.91015625,542.2865600585938,1.48736572265625,420.4974060058594,528.6143188476562,20250225-162852
415,8,0,0.669921875,749.6213989257812,506.6386413574219,112.96389770507812,174.14866638183594,20250225-162852
415,5,0,0.806640625,657.5801391601562,651.827880859375,161.83474731445312,116.80183410644531,20250225-162852
415,10,0,0.8681640625,84.18402862548828,467.43914794921875,1445.207763671875,984.8051147460938,20250225-162852
415,9,0,0.91259765625,543.4033813476562,1.4893798828125,420.0802001953125,527.0249633789062,20250225-162852
416,8,0,0.65478515625,748.79931640625,505.38165283203125,116.11294555664062,175.20318603515625,20250225-162852
416,5,0,0.81640625,657.302490234375,652.1473388671875,161.51513671875,118.20353698730469,20250225-162852
416,10,0,0.8544921875,84.64321899414062,467.36279296875,1444.76416015625,984.4303588867188,20250225-162852
416,9,0,0.90966796875,542.661376953125,1.3000946044921875,419.1175231933594,528.3973388671875,20250225-162852
417,8,0,0.732421875,750.1282958984375,505.88543701171875,115.27189636230469,170.60659790039062,20250225-162852
417,5,0,0.81640625,657.4512939453125,651.4147338867188,162.06088256835938,118.58685302734375,20250225-162852
417,10,0,0.87451171875,85.61516571044922,468.53143310546875,1441.55419921875,983.041259765625,20250225-162852
417,9,0,0.908203125,542.4794921875,1.4877777099609375,418.3447265625,528.638916015625,20250225-162852
418,8,0,0.7177734375,748.0264892578125,504.7867126464844,115.540283203125,174.66502380371094,20250225-162852
418,5,0,0.8232421875,657.539794921875,651.4935302734375,161.73916625976562,118.47947692871094,20250225-162852
418,10,0,0.88525390625,85.9495620727539,468.61090087890625,1443.6536865234375,982.7869873046875,20250225-162852
418,9,0,0.91162109375,542.2833862304688,1.491119384765625,416.3583984375,528.5670776367188,20250225-162852
419,8,0,0.73388671875,748.3504028320312,504.00238037109375,115.04264831542969,173.96893310546875,20250225-162852
419,5,0,0.82568359375,657.4066772460938,651.455810546875,161.82183837890625,117.52770233154297,20250225-162852
419,9,0,0.8916015625,541.9210205078125,1.1145172119140625,417.1099548339844,530.1058349609375,20250225-162852
419,10,0,0.8994140625,84.50855255126953,469.17364501953125,1441.237060546875,984.2667846679688,20250225-162852
420,8,0,0.7099609375,749.9164428710938,503.5914001464844,115.80770874023438,170.15170288085938,20250225-162852
420,5,0,0.8232421875,657.5879516601562,651.0042724609375,162.00338745117188,117.92295837402344,20250225-162852
420,10,0,0.88427734375,85.08842468261719,468.737548828125,1441.0894775390625,983.7810668945312,20250225-162852
420,9,0,0.908203125,542.6648559570312,0.739471435546875,418.2088623046875,528.9407348632812,20250225-162852
421,8,0,0.68603515625,748.54248046875,503.3559265136719,115.72874450683594,174.3193817138672,20250225-162852
421,5,0,0.81640625,657.5474243164062,651.0009765625,161.3946533203125,117.70709228515625,20250225-162852
421,9,0,0.89404296875,542.2897338867188,1.30096435546875,417.7059631347656,529.4064331054688,20250225-162852
421,10,0,0.89599609375,86.14543151855469,467.55963134765625,1443.626708984375,982.6499633789062,20250225-162852
422,8,0,0.68701171875,749.0001220703125,504.69085693359375,111.75947570800781,174.25389099121094,20250225-162852
422,5,0,0.81982421875,657.7246704101562,651.1226806640625,161.31939697265625,118.779541015625,20250225-162852
422,9,0,0.87548828125,542.11669921875,1.3019256591796875,418.5396728515625,529.854736328125,20250225-162852
422,10,0,0.87841796875,86.36241149902344,468.36309814453125,1442.522705078125,982.4443359375,20250225-162852
423,8,0,0.6435546875,748.776611328125,504.38671875,111.89643859863281,174.28968811035156,20250225-162852
423,5,0,0.8154296875,657.5015258789062,650.871337890625,160.49761962890625,118.20370483398438,20250225-162852
423,10,0,0.8935546875,88.84111022949219,466.79150390625,1443.542724609375,980.1302490234375,20250225-162852
423,9,0,0.90380859375,541.9119873046875,1.3031158447265625,419.615234375,529.1793212890625,20250225-162852
424,8,0,0.68505859375,748.9844970703125,503.6368103027344,112.23655700683594,174.39920043945312,20250225-162852
424,5,0,0.810546875,657.6249389648438,651.0737915039062,160.6746826171875,117.98200988769531,20250225-162852
424,10,0,0.87890625,88.6679916381836,466.9464111328125,1443.55419921875,980.3344116210938,20250225-162852
424,9,0,0.9091796875,542.10302734375,1.303802490234375,420.50042724609375,528.92626953125,20250225-162852
425,8,0,0.67822265625,747.2031860351562,504.8456726074219,109.69931030273438,176.02955627441406,20250225-162852
425,5,0,0.80126953125,657.3997192382812,650.2073364257812,161.3052978515625,119.25299072265625,20250225-162852
425,10,0,0.87060546875,88.54208374023438,466.60528564453125,1440.7408447265625,980.4168090820312,20250225-162852
425,9,0,0.91162109375,541.541748046875,1.304351806640625,419.9129333496094,529.0635986328125,20250225-162852
426,8,0,0.67822265625,746.62353515625,504.27520751953125,109.72892761230469,176.96124267578125,20250225-162852
426,5,0,0.8115234375,657.7328491210938,649.8872680664062,161.27801513671875,119.76634216308594,20250225-162852
426,10,0,0.86083984375,84.54692077636719,462.11431884765625,1432.036376953125,983.894775390625,20250225-162852
426,9,0,0.908203125,541.7289428710938,1.3022003173828125,421.2790832519531,528.6484375,20250225-162852
427,8,0,0.69921875,746.5617065429688,503.86688232421875,110.20545959472656,176.58763122558594,20250225-162852
427,5,0,0.80419921875,657.9656982421875,649.5089721679688,161.02862548828125,119.25299072265625,20250225-162852
427,10,0,0.87158203125,86.29314422607422,466.0220947265625,1436.900146484375,982.7286987304688,20250225-162852
427,9,0,0.90478515625,541.9240112304688,1.6769256591796875,421.0987548828125,528.5535888671875,20250225-162852
428,8,0,0.61669921875,746.48681640625,503.12274169921875,111.03794860839844,177.6339111328125,20250225-162852
428,5,0,0.80908203125,658.1885986328125,648.6487426757812,161.40380859375,120.26622009277344,20250225-162852
428,10,0,0.8779296875,87.11351013183594,464.9549560546875,1441.836669921875,982.1409301757812,20250225-162852
428,9,0,0.87890625,542.3203735351562,1.2980804443359375,422.0714111328125,529.5274658203125,20250225-162852
429,8,0,0.6259765625,746.5784912109375,503.66473388671875,110.35299682617188,177.3656005859375,20250225-162852
429,5,0,0.79736328125,658.1401977539062,648.7018432617188,161.00738525390625,119.94091796875,20250225-162852
429,10,0,0.86962890625,85.97917175292969,467.420654296875,1440.3160400390625,983.5076904296875,20250225-162852
429,9,0,0.8974609375,542.1132202148438,1.11273193359375,420.36529541015625,529.0527954101562,20250225-162852
430,8,0,0.70263671875,745.326904296875,449.74822998046875,165.42205810546875,178.76394653320312,20250225-162852
430,5,0,0.81298828125,658.136474609375,648.2975463867188,161.29010009765625,119.94392395019531,20250225-162852
430,10,0,0.88623046875,85.77206420898438,468.4222412109375,1436.8187255859375,983.5636596679688,20250225-162852
430,9,0,0.89208984375,542.6690063476562,1.2989501953125,420.9299011230469,528.5173950195312,20250225-162852
431,8,0,0.65771484375,744.8778686523438,504.2082824707031,109.99053955078125,178.53436279296875,20250225-162852
431,5,0,0.810546875,658.1387329101562,648.1935424804688,160.4329833984375,121.62809753417969,20250225-162852
431,10,0,0.892578125,86.91876220703125,466.549072265625,1440.479736328125,982.3875732421875,20250225-162852
431,9,0,0.900390625,542.2952880859375,1.67010498046875,422.0050048828125,528.7166748046875,20250225-162852
432,8,0,0.68408203125,744.6195068359375,505.2790832519531,108.5987548828125,178.9697723388672,20250225-162852
432,5,0,0.7861328125,657.7527465820312,646.9590454101562,162.02691650390625,123.76021575927734,20250225-162852
432,10,0,0.88427734375,86.67156982421875,467.39654541015625,1439.2987060546875,982.6427001953125,20250225-162852
432,9,0,0.90576171875,542.4814453125,1.4875030517578125,424.65301513671875,528.2005004882812,20250225-162852
433,8,0,0.7099609375,744.5321044921875,504.8738708496094,108.95095825195312,178.96444702148438,20250225-162852
433,5,0,0.78466796875,657.7068481445312,645.9600219726562,162.62796020507812,123.43466186523438,20250225-162852
433,18,0,0.83154296875,696.298828125,170.1451873779297,225.60580444335938,275.6204528808594,20250225-162852
433,10,0,0.89501953125,86.09221649169922,468.088623046875,1442.15625,983.1837768554688,20250225-162852
433,9,0,0.91259765625,543.0409545898438,1.11199951171875,425.5932312011719,527.2655029296875,20250225-162852
434,8,0,0.77197265625,744.2136840820312,502.3949890136719,111.3837890625,178.6776885986328,20250225-162853
434,5,0,0.79443359375,657.1329956054688,645.7212524414062,161.2005615234375,122.96842956542969,20250225-162853
434,18,0,0.830078125,695.806884765625,171.6998748779297,223.79530334472656,277.5534362792969,20250225-162853
434,10,0,0.87890625,87.0721435546875,468.2471923828125,1441.0894775390625,982.3970947265625,20250225-162853
434,9,0,0.90869140625,542.8540649414062,1.2984466552734375,425.4705505371094,527.8753662109375,20250225-162853
435,8,0,0.74560546875,744.2789306640625,504.2626647949219,108.89927673339844,178.00572204589844,20250225-162853
435,5,0,0.806640625,656.984375,646.6138916015625,160.72833251953125,125.1432876586914,20250225-162853
435,18,0,0.84033203125,697.8082275390625,172.63522338867188,223.23023986816406,275.0252990722656,20250225-162853
435,10,0,0.8974609375,87.63742065429688,467.36737060546875,1441.85546875,981.9609375,20250225-162853
435,9,0,0.90966796875,542.848876953125,1.483428955078125,425.07916259765625,527.6783447265625,20250225-162853
436,8,0,0.751953125,744.0997314453125,503.10498046875,110.51948547363281,178.91751098632812,20250225-162853
436,5,0,0.79931640625,657.12548828125,646.2674560546875,161.50177001953125,125.5992202758789,20250225-162853
436,18,0,0.84375,699.242431640625,175.09194946289062,220.93112182617188,272.0738525390625,20250225-162853
436,10,0,0.9013671875,87.02836608886719,466.2550048828125,1445.60302734375,982.3856201171875,20250225-162853
436,9,0,0.90380859375,542.4849853515625,1.297119140625,426.7180480957031,528.7915649414062,20250225-162853
437,8,0,0.7568359375,744.1275024414062,503.0382385253906,110.34077453613281,179.32424926757812,20250225-162853
437,5,0,0.796875,657.0321044921875,646.1625366210938,161.159912109375,125.9272689819336,20250225-162853
437,18,0,0.8388671875,699.3472290039062,176.6082000732422,218.75473022460938,269.9493713378906,20250225-162853
437,10,0,0.88818359375,86.84091186523438,467.76434326171875,1440.91552734375,982.5787353515625,20250225-162853
437,9,0,0.91064453125,542.466064453125,1.48370361328125,428.37725830078125,527.9315185546875,20250225-162853
438,8,0,0.705078125,744.33642578125,505.01568603515625,108.01483154296875,178.75245666503906,20250225-162853
438,5,0,0.7841796875,657.217041015625,645.8040161132812,161.668212890625,125.65995025634766,20250225-162853
438,18,0,0.84033203125,700.8191528320312,175.78097534179688,221.0657958984375,269.2131042480469,20250225-162853
438,10,0,0.90478515625,86.42231750488281,466.9482421875,1443.426025390625,982.8060302734375,20250225-162853
438,9,0,0.908203125,542.0947265625,1.4840240478515625,428.5036926269531,528.2637939453125,20250225-162853
439,8,0,0.759765625,743.9716796875,503.0547180175781,110.26263427734375,178.34776306152344,20250225-162853
439,5,0,0.791015625,657.1159057617188,645.7710571289062,161.66693115234375,125.30413818359375,20250225-162853
439,18,0,0.8505859375,700.8753662109375,176.4320831298828,220.481689453125,269.8482666015625,20250225-162853
439,10,0,0.89501953125,88.37908935546875,465.6500244140625,1442.04638671875,981.193359375,20250225-162853
439,9,0,0.91357421875,542.0886840820312,1.298126220703125,428.1592712402344,528.0037841796875,20250225-162853
440,8,0,0.7421875,743.9932861328125,504.27825927734375,109.47756958007812,178.6063690185547,20250225-162853
440,5,0,0.78857421875,657.0712890625,645.816650390625,161.4202880859375,125.95280456542969,20250225-162853
440,18,0,0.8515625,701.7686767578125,174.62159729003906,222.47286987304688,269.3960876464844,20250225-162853
440,10,0,0.90283203125,89.50270080566406,467.7432861328125,1439.536865234375,979.9566650390625,20250225-162853
440,9,0,0.9140625,542.6566162109375,1.2989501953125,428.5686950683594,527.3670654296875,20250225-162853
441,8,0,0.72314453125,744.2432250976562,506.31134033203125,107.55390930175781,178.73287963867188,20250225-162853
441,5,0,0.78076171875,657.2335815429688,646.7247314453125,159.58648681640625,127.59246826171875,20250225-162853
441,18,0,0.8623046875,700.9473266601562,178.4267578125,219.9990234375,269.76580810546875,20250225-162853
441,9,0,0.9150390625,542.4578247070312,1.4827880859375,428.79949951171875,527.5706787109375,20250225-162853
441,10,0,0.91650390625,87.63716888427734,467.4378662109375,1442.53466796875,981.7119140625,20250225-162853
442,8,0,0.703125,744.614501953125,504.9180908203125,108.76432800292969,178.52499389648438,20250225-162853
442,5,0,0.80322265625,656.8970947265625,644.7666015625,160.62991333007812,127.38458251953125,20250225-162853
442,18,0,0.85693359375,701.9114990234375,177.1479034423828,222.43675231933594,269.7201843261719,20250225-162853
442,9,0,0.9111328125,542.2782592773438,1.669647216796875,428.1343688964844,527.8865966796875,20250225-162853
442,10,0,0.9150390625,87.69879150390625,468.33599853515625,1444.72900390625,981.6727905273438,20250225-162853
443,8,0,0.60400390625,744.7673950195312,500.7466735839844,113.68753051757812,178.79441833496094,20250225-162853
443,5,0,0.81640625,656.7960815429688,643.8246459960938,161.47979736328125,128.86044311523438,20250225-162853
443,18,0,0.8564453125,702.1630249023438,178.78807067871094,221.62843322753906,267.2510070800781,20250225-162853
443,9,0,0.91357421875,542.28173828125,1.29290771484375,430.0670471191406,528.3728637695312,20250225-162853
443,10,0,0.9150390625,86.51046752929688,469.379150390625,1445.153076171875,982.7029418945312,20250225-162853
444,8,0,0.5859375,745.5159301757812,504.3248291015625,110.54182434082031,177.7989501953125,20250225-162853
444,5,0,0.80029296875,656.5875244140625,643.0621948242188,162.25250244140625,128.4225311279297,20250225-162853
444,18,0,0.86328125,702.3248901367188,177.43174743652344,222.89749145507812,270.4635009765625,20250225-162853
444,10,0,0.90966796875,86.60179138183594,468.81353759765625,1437.512451171875,982.6552734375,20250225-162853
444,9,0,0.91650390625,542.2799072265625,1.1070556640625,429.3166809082031,528.0160522460938,20250225-162853
445,8,0,0.60693359375,745.1211547851562,500.4055480957031,115.15022277832031,178.52679443359375,20250225-162853
445,5,0,0.81396484375,656.2264404296875,642.7714233398438,162.05282592773438,129.33053588867188,20250225-162853
445,18,0,0.85888671875,701.522705078125,175.2444305419922,224.90267944335938,271.2206726074219,20250225-162853
445,10,0,0.9091796875,88.33737182617188,468.6932373046875,1443.731689453125,981.2747192382812,20250225-162853
445,9,0,0.91943359375,541.900390625,1.1079254150390625,428.2554016113281,528.5179443359375,20250225-162853
446,8,0,0.662109375,746.4920043945312,503.4456481933594,112.77644348144531,176.62435913085938,20250225-162853
446,5,0,0.79296875,655.8887939453125,642.305419921875,161.6517333984375,130.9187469482422,20250225-162853
446,18,0,0.8681640625,702.0823974609375,175.1447296142578,224.8333282470703,270.84967041015625,20250225-162853
446,9,0,0.91845703125,541.70947265625,1.110626220703125,428.472412109375,528.6219482421875,20250225-162853
446,10,0,0.92041015625,87.12252807617188,467.47650146484375,1446.3922119140625,982.3323364257812,20250225-162853
447,8,0,0.728515625,745.462158203125,501.7916564941406,115.01902770996094,177.68154907226562,20250225-162853
447,5,0,0.81298828125,655.92919921875,642.261474609375,161.85049438476562,131.01376342773438,20250225-162853
447,18,0,0.87060546875,703.1926879882812,177.63880920410156,222.32070922851562,272.47015380859375,20250225-162853
447,10,0,0.91650390625,86.90975189208984,468.94073486328125,1443.8939208984375,982.601806640625,20250225-162853
447,9,0,0.91748046875,541.8997802734375,1.1107635498046875,428.36883544921875,528.4645385742188,20250225-162853
448,8,0,0.662109375,745.76416015625,503.7106018066406,113.25096130371094,177.63853454589844,20250225-162853
448,5,0,0.8154296875,655.7308959960938,642.2367553710938,161.54095458984375,130.13644409179688,20250225-162853
448,18,0,0.8759765625,702.7921752929688,176.71710205078125,224.013427734375,273.19342041015625,20250225-162853
448,9,0,0.91552734375,542.6515502929688,1.1107635498046875,428.0145263671875,527.96337890625,20250225-162853
448,10,0,0.9189453125,87.03369140625,468.40594482421875,1446.4931640625,982.5675659179688,20250225-162853
449,8,0,0.6083984375,745.8631591796875,498.33544921875,119.0716552734375,177.69398498535156,20250225-162853
449,5,0,0.7919921875,656.1536254882812,641.9197998046875,161.6085205078125,130.47998046875,20250225-162853
449,18,0,0.875,703.1935424804688,174.95603942871094,226.3377227783203,272.82720947265625,20250225-162853
449,9,0,0.90576171875,543.2259521484375,1.108612060546875,427.9750671386719,527.7749633789062,20250225-162853
449,10,0,0.92138671875,87.15290832519531,468.42462158203125,1444.78125,982.4141235351562,20250225-162853
450,8,0,0.67333984375,745.537353515625,503.00299072265625,114.5185546875,177.6675567626953,20250225-162853
450,5,0,0.806640625,656.23046875,641.9779052734375,162.20809936523438,130.17897033691406,20250225-162853
450,18,0,0.86865234375,703.8153076171875,171.77110290527344,229.98170471191406,272.6335754394531,20250225-162853
450,9,0,0.8818359375,543.4169921875,1.1045379638671875,427.8673095703125,528.3515014648438,20250225-162853
450,10,0,0.91650390625,88.32579040527344,469.62506103515625,1443.395263671875,981.2007446289062,20250225-162853
451,8,0,0.6982421875,745.405029296875,502.0364685058594,115.22346496582031,177.7664337158203,20250225-162853
451,5,0,0.791015625,656.457763671875,641.8870849609375,162.34634399414062,131.19053649902344,20250225-162853
451,9,0,0.810546875,545.4922485351562,1.0550079345703125,427.9080505371094,528.0347900390625,20250225-162853
451,18,0,0.86279296875,703.47900390625,171.9386444091797,229.8346710205078,272.91546630859375,20250225-162853
451,10,0,0.91748046875,87.93551635742188,468.525146484375,1443.407958984375,981.5841064453125,20250225-162853
452,8,0,0.72021484375,745.7735595703125,502.6439208984375,114.29209899902344,177.4818115234375,20250225-162853
452,5,0,0.7890625,656.4166870117188,642.3773803710938,162.12908935546875,130.87060546875,20250225-162853
452,18,0,0.85693359375,705.1304931640625,173.81204223632812,228.14016723632812,270.74432373046875,20250225-162853
452,9,0,0.8955078125,544.35107421875,1.2967987060546875,426.9260559082031,527.0236206054688,20250225-162853
452,10,0,0.9208984375,87.34989166259766,467.09088134765625,1446.540283203125,982.4365234375,20250225-162853
453,8,0,0.65576171875,745.4493408203125,502.97296142578125,117.19349670410156,177.9637451171875,20250225-162853
453,5,0,0.79931640625,656.3296508789062,643.1043090820312,162.33865356445312,130.4368133544922,20250225-162853
453,18,0,0.814453125,705.0487670898438,170.2939910888672,231.9950408935547,273.6310119628906,20250225-162853
453,9,0,0.88427734375,543.8278198242188,1.48406982421875,426.7876281738281,527.697998046875,20250225-162853
453,10,0,0.9228515625,95.67512512207031,460.73602294921875,1459.049072265625,974.9749755859375,20250225-162853
454,8,0,0.67041015625,745.6636962890625,502.1268310546875,116.39918518066406,177.4651641845703,20250225-162853
454,5,0,0.7958984375,656.28466796875,643.4427490234375,162.18484497070312,130.15086364746094,20250225-162853
454,18,0,0.80517578125,704.4207153320312,171.48385620117188,229.59585571289062,274.11181640625,20250225-162853
454,9,0,0.80859375,546.320068359375,1.24200439453125,422.351806640625,526.0830688476562,20250225-162853
454,10,0,0.91748046875,88.85244750976562,469.13140869140625,1444.31982421875,980.7235107421875,20250225-162853
455,8,0,0.71630859375,745.2279663085938,502.06475830078125,118.24232482910156,178.06536865234375,20250225-162853
455,18,0,0.791015625,704.91455078125,171.47520446777344,229.50677490234375,273.53948974609375,20250225-162853
455,5,0,0.79931640625,656.491455078125,643.489990234375,162.65103149414062,131.05316162109375,20250225-162853
455,9,0,0.8857421875,544.232666015625,1.10760498046875,425.79547119140625,527.1868286132812,20250225-162853
455,10,0,0.921875,88.19206237792969,468.41619873046875,1444.9332275390625,981.605224609375,20250225-162853
456,8,0,0.71630859375,745.41552734375,503.50396728515625,117.47465515136719,177.9415283203125,20250225-162853
456,5,0,0.79248046875,656.4091796875,643.9081420898438,162.579345703125,129.1843719482422,20250225-162853
456,18,0,0.8076171875,706.0025024414062,166.51625061035156,235.84107971191406,274.67425537109375,20250225-162853
456,9,0,0.90234375,544.3969116210938,1.112091064453125,425.35784912109375,526.6091918945312,20250225-162853
456,10,0,0.90576171875,95.37179565429688,467.94854736328125,1443.9444580078125,974.6719360351562,20250225-162853
457,8,0,0.72314453125,745.659912109375,503.0836486816406,118.771728515625,177.4025115966797,20250225-162853
457,5,0,0.80126953125,655.7960815429688,643.9627075195312,163.0638427734375,129.30496215820312,20250225-162853
457,18,0,0.80810546875,705.8602294921875,168.1885528564453,232.88539123535156,276.3851318359375,20250225-162853
457,10,0,0.89892578125,91.5439224243164,468.7335205078125,1441.3487548828125,978.7620849609375,20250225-162853
457,9,0,0.90380859375,544.0153198242188,1.4883270263671875,425.1310729980469,526.862060546875,20250225-162853
458,8,0,0.7001953125,745.0794067382812,504.685546875,116.91609191894531,177.65716552734375,20250225-162853
458,5,0,0.79052734375,655.6693725585938,644.7457275390625,162.79568481445312,128.243408203125,20250225-162853
458,18,0,0.818359375,705.5354614257812,168.884033203125,233.82920837402344,275.98394775390625,20250225-162853
458,9,0,0.9091796875,543.9969482421875,1.1124114990234375,425.2998962402344,526.7307739257812,20250225-162853
458,10,0,0.92041015625,88.88848876953125,468.6624755859375,1444.8218994140625,980.9073486328125,20250225-162853
459,8,0,0.70263671875,745.13330078125,504.5907897949219,116.91732788085938,178.0012664794922,20250225-162853
459,5,0,0.7841796875,655.8040161132812,644.768798828125,162.91690063476562,128.9835662841797,20250225-162853
459,18,0,0.806640625,706.5994873046875,166.166748046875,236.642578125,276.0254821777344,20250225-162853
459,9,0,0.908203125,543.8182373046875,1.11273193359375,425.920166015625,526.7408447265625,20250225-162853
459,10,0,0.9248046875,87.78883361816406,467.67242431640625,1447.384765625,982.0235595703125,20250225-162853
460,8,0,0.67041015625,745.9695434570312,504.6416015625,116.9923095703125,177.02304077148438,20250225-162853
460,18,0,0.78515625,707.4849243164062,167.79006958007812,235.13937377929688,273.59423828125,20250225-162853
460,5,0,0.7939453125,655.3705444335938,645.1942749023438,162.919921875,128.2252197265625,20250225-162853
460,9,0,0.90966796875,543.8192138671875,1.48919677734375,424.672119140625,526.8612060546875,20250225-162853
460,10,0,0.90966796875,89.9760513305664,465.40045166015625,1446.712890625,979.769775390625,20250225-162853
461,8,0,0.69091796875,746.4772338867188,505.9849853515625,113.83273315429688,176.51295471191406,20250225-162853
461,5,0,0.79248046875,655.6268310546875,645.1144409179688,162.44586181640625,127.46766662597656,20250225-162853
461,18,0,0.80078125,707.4966430664062,167.38636779785156,235.2952423095703,273.9051208496094,20250225-162853
461,9,0,0.91357421875,544.0030517578125,1.3040771484375,424.2979431152344,526.0634765625,20250225-162853
461,10,0,0.92041015625,89.70130920410156,466.80633544921875,1446.632568359375,980.2161865234375,20250225-162853
462,18,0,0.7607421875,705.928466796875,169.7160186767578,232.1092987060547,274.8658142089844,20250225-162853
462,8,0,0.7734375,745.4686889648438,502.6952819824219,118.31300354003906,177.86419677734375,20250225-162853
462,5,0,0.7744140625,655.514892578125,645.4620361328125,162.27127075195312,126.85123443603516,20250225-162853
462,9,0,0.9111328125,544.5770263671875,1.3017425537109375,423.9632568359375,525.566650390625,20250225-162853
462,10,0,0.91748046875,92.15769958496094,464.43109130859375,1450.351806640625,977.5628051757812,20250225-162853
463,8,0,0.72314453125,745.348876953125,503.124755859375,117.68380737304688,177.6189727783203,20250225-162853
463,18,0,0.7568359375,708.3558349609375,163.47454833984375,238.54042053222656,272.6171569824219,20250225-162853
463,5,0,0.77734375,655.1719360351562,644.5739135742188,161.29248046875,126.51976013183594,20250225-162853
463,9,0,0.91259765625,544.0153198242188,1.4901580810546875,424.80426025390625,525.9754638671875,20250225-162853
463,10,0,0.916015625,98.53706359863281,459.83697509765625,1458.690185546875,972.0804443359375,20250225-162853
464,8,0,0.70263671875,745.4225463867188,504.93927001953125,116.05865478515625,177.45709228515625,20250225-162854
464,18,0,0.76123046875,709.3471069335938,165.64224243164062,236.335693359375,273.6524353027344,20250225-162854
464,5,0,0.7841796875,655.6397705078125,645.2125854492188,162.46124267578125,127.5347900390625,20250225-162854
464,10,0,0.91162109375,89.15843200683594,467.47979736328125,1445.62548828125,980.4180908203125,20250225-162854
464,9,0,0.9130859375,544.1935424804688,1.300689697265625,423.03955078125,526.0428466796875,20250225-162854
465,8,0,0.68603515625,745.5296630859375,504.49072265625,116.91563415527344,177.41641235351562,20250225-162854
465,18,0,0.7431640625,711.0560302734375,160.61595153808594,241.9859619140625,271.3733825683594,20250225-162854
465,5,0,0.79052734375,655.5472412109375,645.2085571289062,163.09002685546875,128.73101806640625,20250225-162854
465,9,0,0.91357421875,544.9497680664062,1.302154541015625,423.08251953125,525.1141357421875,20250225-162854
465,10,0,0.91845703125,89.91133880615234,466.9013671875,1444.517578125,980.1830444335938,20250225-162854
466,8,0,0.59619140625,745.9553833007812,505.4607238769531,116.07344055175781,178.02761840820312,20250225-162854
466,18,0,0.69677734375,712.1365966796875,163.47637939453125,239.16847229003906,268.4972229003906,20250225-162854
466,5,0,0.775390625,655.6370849609375,645.28271484375,162.98153686523438,129.19131469726562,20250225-162854
466,10,0,0.91015625,91.58837890625,467.22857666015625,1443.96875,978.454833984375,20250225-162854
466,9,0,0.91162109375,544.780029296875,1.4831085205078125,423.12744140625,525.3460083007812,20250225-162854
467,18,0,0.6435546875,713.5225219726562,163.18130493164062,239.67938232421875,267.8552551269531,20250225-162854
467,8,0,0.65771484375,745.6704711914062,505.32659912109375,115.41975402832031,177.8616180419922,20250225-162854
467,5,0,0.7724609375,655.4581298828125,645.6069946289062,162.90325927734375,130.85536193847656,20250225-162854
467,9,0,0.896484375,544.2218627929688,1.6681365966796875,422.52734375,527.1690063476562,20250225-162854
467,10,0,0.90625,90.81427764892578,466.38665771484375,1444.810791015625,979.3466186523438,20250225-162854
468,8,0,0.658203125,745.8829345703125,505.06585693359375,116.22450256347656,177.23367309570312,20250225-162854
468,18,0,0.70654296875,713.4863891601562,162.8675994873047,240.58163452148438,269.8108215332031,20250225-162854
468,5,0,0.787109375,655.3800659179688,646.0039672851562,162.17852783203125,131.61663818359375,20250225-162854
468,9,0,0.90478515625,544.022705078125,1.486724853515625,421.44561767578125,526.9480590820312,20250225-162854
468,10,0,0.9228515625,90.73634338378906,467.63507080078125,1446.2061767578125,979.4140014648438,20250225-162854
469,18,0,0.64599609375,714.044921875,164.73431396484375,239.63726806640625,269.62457275390625,20250225-162854
469,8,0,0.68359375,745.056396484375,504.4867858886719,117.20928955078125,178.17617797851562,20250225-162854
469,5,0,0.779296875,655.5236206054688,645.6912231445312,160.79617309570312,127.90592193603516,20250225-162854
469,9,0,0.89892578125,543.2694091796875,1.014312744140625,422.0755920410156,526.5438232421875,20250225-162854
469,10,0,0.9208984375,97.5040054321289,460.7772216796875,1458.1431884765625,973.9216918945312,20250225-162854
470,18,0,0.5859375,716.6548461914062,163.2513885498047,240.74395751953125,265.7441711425781,20250225-162854
470,8,0,0.70166015625,745.0458984375,504.8407287597656,116.87274169921875,178.201416015625,20250225-162854
470,5,0,0.75634765625,655.6583862304688,646.3148803710938,162.117919921875,130.4774169921875,20250225-162854
470,9,0,0.900390625,543.6198120117188,1.0374298095703125,420.9824523925781,526.0006713867188,20250225-162854
470,10,0,0.92724609375,97.13802337646484,461.73486328125,1455.4683837890625,974.212158203125,20250225-162854
471,18,0,0.62255859375,717.2738037109375,166.41815185546875,238.01760864257812,264.2765197753906,20250225-162854
471,8,0,0.74609375,745.3135375976562,504.19000244140625,117.14547729492188,178.27867126464844,20250225-162854
471,5,0,0.7724609375,655.8922119140625,645.1756591796875,161.92291259765625,133.17626953125,20250225-162854
471,10,0,0.865234375,89.96592712402344,466.2568359375,1433.8311767578125,980.1617431640625,20250225-162854
471,9,0,0.896484375,544.1995849609375,1.0234222412109375,420.7400207519531,525.7692260742188,20250225-162854
472,18,0,0.60693359375,723.4645385742188,169.68374633789062,234.1211700439453,257.9795837402344,20250225-162854
472,8,0,0.6982421875,745.3051147460938,503.9267578125,117.38612365722656,177.93447875976562,20250225-162854
472,5,0,0.76123046875,655.4378051757812,645.9816284179688,162.91937255859375,130.20257568359375,20250225-162854
472,10,0,0.83740234375,91.67129516601562,466.45648193359375,1446.703857421875,978.0859985351562,20250225-162854
472,9,0,0.8984375,543.4451904296875,1.2142181396484375,420.0207824707031,526.569580078125,20250225-162854
473,18,0,0.5107421875,723.4383544921875,165.3565216064453,238.83261108398438,258.1038818359375,20250225-162854
473,8,0,0.64697265625,745.3300170898438,504.4571228027344,117.06266784667969,177.81483459472656,20250225-162854
473,5,0,0.767578125,655.3925170898438,644.8595581054688,163.0023193359375,135.97006225585938,20250225-162854
473,9,0,0.8974609375,543.222412109375,1.42108154296875,419.5902099609375,526.28955078125,20250225-162854
473,10,0,0.92236328125,96.34751892089844,463.5853271484375,1454.6136474609375,973.750732421875,20250225-162854
474,18,0,0.5029296875,727.52099609375,166.55410766601562,237.28756713867188,253.75439453125,20250225-162854
474,8,0,0.60009765625,745.0648193359375,504.3738098144531,116.94708251953125,177.1286163330078,20250225-162854
474,5,0,0.783203125,655.2753295898438,645.4630737304688,163.28924560546875,128.66517639160156,20250225-162854
474,9,0,0.890625,543.5353393554688,1.2959747314453125,421.51275634765625,527.6864013671875,20250225-162854
474,10,0,0.9345703125,95.13739776611328,465.06829833984375,1453.6519775390625,975.1403198242188,20250225-162854
475,18,0,0.355712890625,723.5645751953125,165.25941467285156,238.29766845703125,255.51727294921875,20250225-162854
475,8,0,0.5498046875,745.3878784179688,504.9981994628906,116.48039245605469,177.2008056640625,20250225-162854
475,10,0,0.76708984375,87.78952026367188,466.80902099609375,1444.5765380859375,982.166259765625,20250225-162854
475,5,0,0.78515625,655.6771850585938,644.896240234375,161.73880004882812,130.9219207763672,20250225-162854
475,9,0,0.88818359375,544.65185546875,1.3672943115234375,422.9237365722656,526.9896240234375,20250225-162854
476,18,0,0.401611328125,724.654052734375,163.04544067382812,240.48751831054688,255.4014892578125,20250225-162854
476,8,0,0.66650390625,746.0867919921875,504.6710205078125,117.01858520507812,176.58067321777344,20250225-162854
476,10,0,0.74169921875,90.13191986083984,465.12158203125,1450.951904296875,980.1705932617188,20250225-162854
476,5,0,0.7685546875,655.8280639648438,644.6387939453125,163.28457641601562,127.24579620361328,20250225-162854
476,9,0,0.88818359375,544.46240234375,1.3620758056640625,423.3785705566406,527.13427734375,20250225-162854
477,18,0,0.54296875,727.1083374023438,164.59437561035156,239.1251220703125,253.14259338378906,20250225-162854
477,8,0,0.71923828125,745.7257690429688,504.481201171875,116.83062744140625,177.31658935546875,20250225-162854
477,10,0,0.74853515625,88.01310729980469,462.9140625,1453.3319091796875,981.3338623046875,20250225-162854
477,5,0,0.783203125,656.4548950195312,645.60888671875,160.49771118164062,129.77978515625,20250225-162854
477,9,0,0.89404296875,543.7761840820312,1.043701171875,420.5213928222656,525.8840942382812,20250225-162854
478,18,0,0.5302734375,727.2826538085938,168.3439178466797,235.7577667236328,255.1411590576172,20250225-162854
478,8,0,0.59716796875,746.2039184570312,505.15350341796875,116.73513793945312,176.16757202148438,20250225-162854
478,10,0,0.7880859375,89.77049255371094,464.42596435546875,1454.818359375,979.8109741210938,20250225-162854
478,5,0,0.79052734375,656.1286010742188,644.2337036132812,163.82977294921875,125.97970581054688,20250225-162854
478,9,0,0.89404296875,544.1636352539062,1.239349365234375,421.4226379394531,525.5333862304688,20250225-162854
479,18,0,0.533203125,725.1527709960938,164.96072387695312,239.43630981445312,256.75933837890625,20250225-162854
479,10,0,0.63232421875,88.94436645507812,464.3939208984375,1447.3765869140625,980.8832397460938,20250225-162854
479,8,0,0.6875,745.9457397460938,504.53485107421875,116.4862060546875,176.49046325683594,20250225-162854
479,5,0,0.78076171875,656.2053833007812,644.5633544921875,163.01834106445312,125.72676849365234,20250225-162854
479,9,0,0.89208984375,543.9778442382812,1.4214935302734375,420.1380615234375,525.1920776367188,20250225-162854
480,18,0,0.5048828125,724.6961669921875,165.08285522460938,239.46835327148438,257.4382629394531,20250225-162854
480,8,0,0.62353515625,745.9281005859375,504.7503662109375,116.81675720214844,177.06707763671875,20250225-162854
480,10,0,0.669921875,90.3616943359375,462.59564208984375,1451.629638671875,979.4959716796875,20250225-162854
480,5,0,0.798828125,656.9437255859375,645.4169311523438,161.23370361328125,127.82597351074219,20250225-162854
480,9,0,0.88720703125,544.3450927734375,1.4373321533203125,420.081298828125,524.7720947265625,20250225-162854
481,18,0,0.39697265625,723.8598022460938,162.5811767578125,241.956298828125,258.0277404785156,20250225-162854
481,8,0,0.6943359375,745.6767578125,503.93182373046875,116.70547485351562,177.02853393554688,20250225-162854
481,5,0,0.7861328125,656.89404296875,645.0811157226562,161.9381103515625,128.50257873535156,20250225-162854
481,10,0,0.86083984375,93.0648422241211,456.6544189453125,1451.2393798828125,977.7513427734375,20250225-162854
481,9,0,0.88525390625,543.8994750976562,1.296112060546875,421.5753479003906,526.8726806640625,20250225-162854
482,18,0,0.341552734375,722.796630859375,162.42796325683594,241.62222290039062,257.6390075683594,20250225-162854
482,8,0,0.67333984375,745.690185546875,503.9356384277344,117.15660095214844,176.82933044433594,20250225-162854
482,5,0,0.794921875,656.6450805664062,645.386962890625,162.05355834960938,128.96817016601562,20250225-162854
482,10,0,0.79736328125,91.6676025390625,454.944580078125,1429.8035888671875,978.8670043945312,20250225-162854
482,9,0,0.87890625,544.822509765625,1.35589599609375,423.55279541015625,525.9584350585938,20250225-162854
483,19,0,0.206298828125,722.48876953125,168.73443603515625,106.480224609375,168.45843505859375,20250225-162854
483,18,0,0.367431640625,720.9666137695312,167.79588317871094,236.75344848632812,258.12567138671875,20250225-162854
483,8,0,0.6953125,745.306640625,504.8879699707031,116.60096740722656,176.212890625,20250225-162854
483,5,0,0.80078125,656.840087890625,646.7867431640625,161.297607421875,127.63641357421875,20250225-162854
483,10,0,0.814453125,91.32977294921875,451.32830810546875,1468.6717529296875,979.2466430664062,20250225-162854
483,9,0,0.88623046875,545.0157470703125,1.37054443359375,423.03619384765625,526.4466552734375,20250225-162854
484,18,0,0.42626953125,722.2012939453125,164.27783203125,240.04779052734375,258.120849609375,20250225-162854
484,8,0,0.681640625,745.525390625,504.1813659667969,116.88706970214844,176.31349182128906,20250225-162854
484,10,0,0.732421875,93.1660385131836,452.38916015625,1464.8258056640625,977.436767578125,20250225-162854
484,5,0,0.79736328125,656.7330932617188,647.0228271484375,160.80679321289062,128.0481414794922,20250225-162854
484,9,0,0.88623046875,544.4627075195312,1.36651611328125,421.4825134277344,527.1027221679688,20250225-162854
485,18,0,0.449462890625,720.3775634765625,166.658203125,237.63418579101562,261.5017395019531,20250225-162854
485,8,0,0.591796875,745.8717041015625,504.55474853515625,116.14279174804688,175.01100158691406,20250225-162854
485,5,0,0.78662109375,656.5770263671875,647.819091796875,161.27142333984375,126.7747573852539,20250225-162854
485,10,0,0.82861328125,91.17674255371094,452.7784423828125,1466.3968505859375,977.9794921875,20250225-162854
485,9,0,0.88330078125,544.2880859375,1.484619140625,420.59417724609375,527.0735473632812,20250225-162854
486,18,0,0.5146484375,720.0113525390625,167.8710479736328,236.6715087890625,263.21661376953125,20250225-162854
486,10,0,0.61328125,87.73261260986328,444.88330078125,1445.517333984375,980.2662963867188,20250225-162854
486,8,0,0.72119140625,746.0963745117188,504.00567626953125,116.58023071289062,173.89022827148438,20250225-162854
486,5,0,0.7890625,656.2513427734375,647.2157592773438,163.11557006835938,126.09884643554688,20250225-162854
486,9,0,0.8837890625,543.9334716796875,1.48443603515625,420.4181213378906,527.492431640625,20250225-162854
487,18,0,0.591796875,720.00341796875,168.45228576660156,236.12530517578125,262.4488830566406,20250225-162854
487,8,0,0.65380859375,748.3802490234375,504.9422607421875,115.16578674316406,167.9879913330078,20250225-162854
487,5,0,0.80029296875,655.9186401367188,647.8196411132812,161.97747802734375,118.99978637695312,20250225-162854
487,9,0,0.8779296875,543.3645629882812,1.48333740234375,421.5780944824219,528.3297729492188,20250225-162854
487,10,0,0.8896484375,85.7149887084961,450.62109375,1469.37890625,983.1637573242188,20250225-162854
488,19,0,0.2081298828125,718.1608276367188,166.23944091796875,108.98895263671875,173.78482055664062,20250225-162854
488,18,0,0.60595703125,718.1190185546875,165.87144470214844,238.80377197265625,264.6270751953125,20250225-162854
488,8,0,0.6533203125,747.5272827148438,504.0553894042969,114.89707946777344,169.78477478027344,20250225-162854
488,5,0,0.8154296875,655.5584716796875,647.9317626953125,161.53097534179688,117.15493774414062,20250225-162854
488,10,0,0.86865234375,82.00984954833984,444.70330810546875,1475.296630859375,985.77490234375,20250225-162854
488,9,0,0.88916015625,543.2718505859375,0.8556060791015625,421.08721923828125,527.442138671875,20250225-162854
489,19,0,0.2371826171875,718.5964965820312,165.24221801757812,109.19090270996094,173.2372283935547,20250225-162854
489,18,0,0.62158203125,718.9742431640625,165.4340362548828,239.25631713867188,265.51800537109375,20250225-162854
489,8,0,0.626953125,747.3347778320312,504.2471923828125,109.24520874023438,169.91351318359375,20250225-162854
489,5,0,0.81640625,655.2735595703125,648.0615234375,162.03488159179688,118.67929077148438,20250225-162854
489,10,0,0.8388671875,78.48564147949219,607.9523315429688,1312.0477294921875,990.739013671875,20250225-162854
489,9,0,0.8916015625,542.90478515625,1.027862548828125,421.7011413574219,527.8225708007812,20250225-162854
490,18,0,0.58984375,718.1895141601562,168.4690399169922,236.13079833984375,263.23175048828125,20250225-162854
490,8,0,0.70556640625,747.1613159179688,505.9228820800781,105.90605163574219,168.00198364257812,20250225-162854
490,10,0,0.796875,76.40664672851562,525.3665771484375,1394.6334228515625,992.7145385742188,20250225-162854
490,5,0,0.806640625,655.3838500976562,648.6842651367188,161.543701171875,116.2498550415039,20250225-162854
490,9,0,0.88427734375,542.9750366210938,1.669281005859375,422.6186828613281,528.7216796875,20250225-162854
491,18,0,0.58154296875,718.2628784179688,170.53115844726562,234.45291137695312,262.85400390625,20250225-162854
491,8,0,0.71923828125,748.56884765625,508.3226623535156,102.76995849609375,167.35028076171875,20250225-162854
491,5,0,0.8232421875,655.94775390625,647.7789916992188,162.84713745117188,115.74809265136719,20250225-162854
491,10,0,0.8359375,75.60791015625,510.23199462890625,1409.76806640625,994.1072387695312,20250225-162854
491,9,0,0.88623046875,542.9759521484375,1.669189453125,422.9579772949219,528.8751220703125,20250225-162854
492,8,0,0.6884765625,752.159912109375,506.4963684082031,101.46391296386719,166.8109130859375,20250225-162854
492,18,0,0.74169921875,717.65185546875,172.37562561035156,232.1960906982422,264.52606201171875,20250225-162854
492,10,0,0.751953125,77.41996765136719,512.5896606445312,1406.15625,991.4488525390625,20250225-162854
492,5,0,0.81982421875,655.8719482421875,647.9562377929688,162.5306396484375,115.7499771118164,20250225-162854
492,9,0,0.90283203125,543.8206787109375,1.676239013671875,420.49859619140625,527.172607421875,20250225-162854
493,18,0,0.615234375,716.7784423828125,172.47921752929688,232.17347717285156,265.4609375,20250225-162854
493,20,0,0.6748046875,741.4105224609375,453.6059875488281,375.4558410644531,332.4039001464844,20250225-162854
493,8,0,0.7568359375,752.8643798828125,505.937255859375,101.23017883300781,163.31768798828125,20250225-162854
493,5,0,0.80810546875,656.1925048828125,647.0073852539062,164.70556640625,115.26863861083984,20250225-162854
493,10,0,0.826171875,71.91676330566406,638.3601684570312,1280.2796630859375,995.3941040039062,20250225-162854
493,9,0,0.890625,543.3527221679688,1.1072845458984375,422.6415710449219,528.0662841796875,20250225-162854
494,20,0,0.5263671875,739.8814086914062,449.89874267578125,371.293212890625,335.5988464355469,20250225-162855
494,18,0,0.61328125,713.3486938476562,171.55567932128906,232.91921997070312,268.4613952636719,20250225-162855
494,8,0,0.72412109375,754.2294311523438,505.3702697753906,100.28457641601562,162.9947967529297,20250225-162855
494,5,0,0.82421875,656.1168823242188,647.6101684570312,163.1466064453125,116.44219970703125,20250225-162855
494,10,0,0.82666015625,75.84463500976562,458.33770751953125,1461.662353515625,991.84228515625,20250225-162855
494,9,0,0.89306640625,543.8108520507812,1.266815185546875,422.4954528808594,527.525390625,20250225-162855
495,20,0,0.42919921875,741.0372924804688,450.7628173828125,359.0796203613281,333.7479248046875,20250225-162855
495,18,0,0.681640625,713.5616455078125,173.49270629882812,230.33111572265625,267.24725341796875,20250225-162855
495,10,0,0.72802734375,70.23765563964844,438.94189453125,1479.28564453125,995.9082641601562,20250225-162855
495,8,0,0.728515625,755.7161865234375,449.272705078125,153.94606018066406,164.458984375,20250225-162855
495,5,0,0.82666015625,656.1428833007812,647.865966796875,161.2496337890625,114.96788787841797,20250225-162855
495,9,0,0.89453125,544.1864013671875,1.239166259765625,421.9858703613281,526.6469116210938,20250225-162855
496,20,0,0.56201171875,741.7060546875,451.4660339355469,347.6648254394531,333.28338623046875,20250225-162855
496,18,0,0.6142578125,712.716064453125,169.53074645996094,234.60598754882812,268.01953125,20250225-162855
496,8,0,0.705078125,755.7361450195312,448.6110534667969,154.5735626220703,162.5338897705078,20250225-162855
496,5,0,0.8173828125,656.3699951171875,646.7803344726562,160.37347412109375,115.69538879394531,20250225-162855
496,9,0,0.880859375,544.109375,1.2910308837890625,422.00677490234375,527.5732421875,20250225-162855
497,20,0,0.5166015625,741.6878051757812,453.03790283203125,344.199462890625,333.7358093261719,20250225-162855
497,10,0,0.693359375,65.14472198486328,498.03680419921875,1421.963134765625,1001.6184692382812,20250225-162855
497,18,0,0.7001953125,711.196533203125,167.57711791992188,236.12567138671875,269.2060546875,20250225-162855
497,8,0,0.77880859375,756.2772216796875,449.1444396972656,152.107177734375,163.9652862548828,20250225-162855
497,5,0,0.82080078125,656.67333984375,647.3162841796875,159.35513305664062,113.90676879882812,20250225-162855
497,9,0,0.89013671875,544.1196899414062,1.2932281494140625,421.63623046875,527.4149780273438,20250225-162855
498,20,0,0.439697265625,741.3667602539062,450.71337890625,348.78369140625,333.3172912597656,20250225-162855
498,8,0,0.625,756.9540405273438,448.6063232421875,152.50909423828125,161.3199005126953,20250225-162855
498,18,0,0.65380859375,709.9927368164062,163.52540588378906,240.27310180664062,270.7814025878906,20250225-162855
498,10,0,0.708984375,58.233375549316406,594.1765747070312,1323.9935302734375,1010.1901245117188,20250225-162855
498,5,0,0.77685546875,656.8609619140625,647.4893188476562,158.90167236328125,114.62216186523438,20250225-162855
498,9,0,0.88525390625,543.743408203125,1.1071929931640625,422.47808837890625,527.6448364257812,20250225-162855
499,20,0,0.5390625,740.5809936523438,452.3398132324219,359.28717041015625,334.5643310546875,20250225-162855
499,18,0,0.5927734375,708.3045654296875,167.94676208496094,235.46983337402344,274.6927185058594,20250225-162855
499,8,0,0.705078125,756.7689819335938,448.8018493652344,151.32398986816406,163.25674438476562,20250225-162855
499,5,0,0.80810546875,656.5746459960938,647.7713012695312,161.8201904296875,114.0141372680664,20250225-162855
499,10,0,0.8154296875,54.32868194580078,587.1740112304688,1332.188720703125,1014.4962768554688,20250225-162855
499,9,0,0.875,542.9697265625,1.48095703125,421.7991943359375,528.8143920898438,20250225-162855
500,20,0,0.54296875,739.20751953125,449.225830078125,374.7564697265625,334.9248352050781,20250225-162855
500,18,0,0.60107421875,707.7802734375,166.503662109375,236.5282745361328,274.6527099609375,20250225-162855
500,8,0,0.630859375,754.621337890625,447.6858215332031,152.47018432617188,163.5849609375,20250225-162855
500,5,0,0.8154296875,656.8277587890625,647.9016723632812,162.99810791015625,113.06201934814453,20250225-162855
500,10,0,0.84033203125,50.301673889160156,549.5839233398438,1364.1947021484375,1016.018798828125,20250225-162855
500,9,0,0.87353515625,543.168212890625,1.2934112548828125,422.3321228027344,528.520263671875,20250225-162855
501,20,0,0.57275390625,740.9595336914062,452.7264404296875,375.7023010253906,332.2451171875,20250225-162855
501,18,0,0.71484375,707.025146484375,167.3799591064453,235.17068481445312,275.588623046875,20250225-162855
501,8,0,0.78515625,754.910400390625,449.2378234863281,150.8221893310547,164.89491271972656,20250225-162855
501,5,0,0.7880859375,657.0023193359375,648.6703491210938,163.925537109375,114.53263854980469,20250225-162855
501,10,0,0.82861328125,48.97499084472656,581.190673828125,1337.7626953125,1016.5645751953125,20250225-162855
501,9,0,0.8759765625,543.1774291992188,1.483978271484375,422.46240234375,528.2694091796875,20250225-162855
502,20,0,0.5419921875,741.2756958007812,456.637939453125,368.02734375,333.26812744140625,20250225-162855
502,8,0,0.64794921875,754.8894653320312,449.13311767578125,151.75643920898438,162.8848419189453,20250225-162855
502,5,0,0.78125,657.5905151367188,649.4990844726562,165.3372802734375,114.08443450927734,20250225-162855
502,18,0,0.7958984375,705.66455078125,168.7020721435547,233.95582580566406,277.1078186035156,20250225-162855
502,10,0,0.8759765625,48.04338455200195,529.4586181640625,1377.6536865234375,1018.72119140625,20250225-162855
502,9,0,0.89013671875,543.0846557617188,1.4912109375,419.9521179199219,528.0320434570312,20250225-162855
503,20,0,0.420654296875,742.1693115234375,446.89471435546875,362.80169677734375,332.6119384765625,20250225-162855
503,8,0,0.57275390625,752.646728515625,449.40106201171875,151.37342834472656,163.92098999023438,20250225-162855
503,5,0,0.767578125,657.7857055664062,649.3851928710938,165.17697143554688,112.46146392822266,20250225-162855
503,18,0,0.82568359375,706.2032470703125,168.2631378173828,234.18447875976562,275.6521301269531,20250225-162855
503,9,0,0.90087890625,543.2557983398438,1.49176025390625,420.3789367675781,527.6026000976562,20250225-162855
503,10,0,0.91162109375,41.04655456542969,514.7490844726562,1396.283203125,1026.429931640625,20250225-162855
504,20,0,0.29833984375,741.486328125,441.6236572265625,363.1645202636719,334.8224182128906,20250225-162855
504,8,0,0.58984375,750.7759399414062,504.2930603027344,94.07510375976562,159.22132873535156,20250225-162855
504,5,0,0.7255859375,657.8304443359375,650.44287109375,161.41864013671875,109.78036499023438,20250225-162855
504,18,0,0.84716796875,705.0664672851562,169.3102569580078,233.04656982421875,277.3199768066406,20250225-162855
504,10,0,0.90478515625,41.309539794921875,497.0057373046875,1412.0504150390625,1027.543212890625,20250225-162855
504,9,0,0.90673828125,543.7980346679688,1.117950439453125,420.92633056640625,526.9132080078125,20250225-162855
505,20,0,0.42919921875,741.5902099609375,437.17510986328125,366.9034423828125,335.5657958984375,20250225-162855
505,8,0,0.53125,751.9776000976562,504.0577697753906,94.70201110839844,157.4813690185547,20250225-162855
505,5,0,0.728515625,657.7897338867188,650.453125,160.48727416992188,106.90289306640625,20250225-162855
505,18,0,0.85986328125,703.048095703125,170.04835510253906,232.0894775390625,278.9639892578125,20250225-162855
505,10,0,0.88330078125,42.33787536621094,481.44378662109375,1427.26953125,1032.1607666015625,20250225-162855
505,9,0,0.91357421875,543.9797973632812,1.4928131103515625,421.71710205078125,526.630126953125,20250225-162855
506,20,0,0.448486328125,648.549560546875,441.31732177734375,367.9977722167969,426.06353759765625,20250225-162855
506,5,0,0.6142578125,657.6898193359375,650.3113403320312,160.7578125,104.67395782470703,20250225-162855
506,8,0,0.61767578125,753.0045776367188,446.6480712890625,152.26840209960938,165.58541870117188,20250225-162855
506,18,0,0.85888671875,702.6179809570312,169.74293518066406,232.02255249023438,280.78509521484375,20250225-162855
506,10,0,0.8984375,38.25859832763672,470.85498046875,1430.7813720703125,1037.722412109375,20250225-162855
506,9,0,0.91162109375,544.1637573242188,1.6787567138671875,421.12738037109375,526.650634765625,20250225-162855
507,8,0,0.451416015625,751.7626953125,504.4156494140625,94.04214477539062,159.06117248535156,20250225-162855
507,5,0,0.454345703125,657.2989501953125,650.7491455078125,160.51153564453125,108.14375305175781,20250225-162855
507,20,0,0.77099609375,654.3222045898438,443.2550354003906,367.546142578125,417.763671875,20250225-162855
507,18,0,0.85009765625,702.4689331054688,168.3871307373047,233.25228881835938,279.0372314453125,20250225-162855
507,10,0,0.89453125,34.009124755859375,464.97711181640625,1388.304443359375,1034.9345703125,20250225-162855
507,9,0,0.91357421875,543.596435546875,1.11712646484375,421.2100524902344,526.9788208007812,20250225-162855
508,5,0,0.319091796875,657.5260620117188,650.5372924804688,160.06594848632812,107.58121490478516,20250225-162855
508,8,0,0.43505859375,753.3301391601562,502.4753723144531,96.32130432128906,152.52645874023438,20250225-162855
508,20,0,0.74853515625,655.8915405273438,448.5872497558594,360.4584045410156,409.4329528808594,20250225-162855
508,18,0,0.86083984375,701.7603149414062,170.03379821777344,231.580810546875,280.5238342285156,20250225-162855
508,10,0,0.89013671875,34.84485626220703,455.653564453125,1359.889892578125,1036.265380859375,20250225-162855
508,9,0,0.9091796875,543.9815063476562,1.3045806884765625,421.5453186035156,526.821533203125,20250225-162855
509,5,0,0.34326171875,657.300537109375,651.3251953125,158.763427734375,107.91492462158203,20250225-162855
509,8,0,0.402587890625,753.6403198242188,500.34136962890625,98.02070617675781,152.3796844482422,20250225-162855
509,20,0,0.7529296875,656.0169067382812,444.5243225097656,367.2074890136719,407.9989318847656,20250225-162855
509,18,0,0.857421875,702.0870971679688,167.76388549804688,233.71788024902344,280.2046203613281,20250225-162855
509,10,0,0.91015625,34.73662567138672,452.60870361328125,1450.642578125,1037.55029296875,20250225-162855
509,9,0,0.91357421875,543.2338256835938,1.1162109375,422.3566589355469,527.5057983398438,20250225-162855
510,8,0,0.4921875,754.4877319335938,446.5708923339844,153.1029052734375,164.79371643066406,20250225-162855
510,20,0,0.8037109375,658.0728759765625,443.20513916015625,366.2652282714844,406.376220703125,20250225-162855
510,18,0,0.85791015625,701.513427734375,168.27671813964844,232.92691040039062,280.1941223144531,20250225-162855
510,9,0,0.91064453125,542.4886474609375,1.3029327392578125,423.4803771972656,528.4202270507812,20250225-162855
510,10,0,0.91064453125,38.668785095214844,447.42205810546875,1472.506591796875,1036.320068359375,20250225-162855
511,5,0,0.2998046875,657.5765991210938,650.50634765625,157.5443115234375,105.77104187011719,20250225-162855
511,8,0,0.5537109375,754.637939453125,445.7258605957031,154.16958618164062,164.5439453125,20250225-162855
511,20,0,0.82666015625,657.3248901367188,442.242919921875,367.0008544921875,407.2151184082031,20250225-162855
511,18,0,0.849609375,701.733154296875,170.3818359375,231.08583068847656,278.8326721191406,20250225-162855
511,9,0,0.9091796875,541.7296752929688,1.49102783203125,422.896728515625,528.77490234375,20250225-162855
511,10,0,0.91943359375,34.600669860839844,446.7711181640625,1473.2288818359375,1040.634521484375,20250225-162855
512,5,0,0.345947265625,657.261962890625,651.3402099609375,159.0252685546875,108.11173248291016,20250225-162855
512,8,0,0.55908203125,754.67236328125,445.6368713378906,153.83331298828125,165.27651977539062,20250225-162855
512,20,0,0.74072265625,656.3241577148438,442.13470458984375,369.60845947265625,404.39501953125,20250225-162855
512,18,0,0.8427734375,700.5325927734375,167.3266143798828,234.01171875,276.85528564453125,20250225-162855
512,9,0,0.91064453125,541.7225341796875,1.4923095703125,421.6271667480469,529.1845703125,20250225-162855
512,10,0,0.91845703125,35.060546875,448.84539794921875,1471.1546630859375,1039.285400390625,20250225-162855
513,20,0,0.374755859375,656.99072265625,446.2294006347656,367.0163269042969,394.65106201171875,20250225-162855
513,8,0,0.552734375,754.9605712890625,445.98980712890625,153.0508575439453,167.70982360839844,20250225-162855
513,5,0,0.66796875,657.6947021484375,650.4351806640625,157.98394775390625,108.19764709472656,20250225-162855
513,18,0,0.8466796875,700.7359008789062,170.29270935058594,231.2567596435547,274.9830627441406,20250225-162855
513,9,0,0.91064453125,541.9131469726562,1.30059814453125,421.0718078613281,529.4981689453125,20250225-162855
513,10,0,0.9111328125,37.534019470214844,443.548828125,1476.451171875,1033.6622314453125,20250225-162855
514,8,0,0.33984375,756.714599609375,447.5939025878906,150.8129425048828,165.47650146484375,20250225-162855
514,5,0,0.68994140625,658.1211547851562,649.782958984375,157.3916015625,113.00906372070312,20250225-162855
514,18,0,0.8671875,700.8626098632812,171.23492431640625,230.3767547607422,278.42041015625,20250225-162855
514,9,0,0.9130859375,541.5260620117188,1.11236572265625,420.8324890136719,530.0633544921875,20250225-162855
514,10,0,0.9140625,38.45232009887695,441.5712890625,1478.4287109375,1032.359130859375,20250225-162855
515,8,0,0.591796875,755.886474609375,445.99237060546875,152.46629333496094,166.08941650390625,20250225-162855
515,5,0,0.75927734375,657.4411010742188,650.765625,157.78472900390625,113.5598373413086,20250225-162855
515,18,0,0.87451171875,701.4722290039062,173.75303649902344,228.1168670654297,275.5182189941406,20250225-162855
515,9,0,0.9140625,541.7188720703125,1.1141510009765625,420.7208251953125,529.5145263671875,20250225-162855
515,10,0,0.9228515625,39.341094970703125,441.96405029296875,1478.035888671875,1035.5540771484375,20250225-162855
516,8,0,0.64404296875,756.1914672851562,446.28399658203125,152.47293090820312,164.7947540283203,20250225-162855
516,5,0,0.72021484375,658.2621459960938,649.6702880859375,157.261962890625,112.91370391845703,20250225-162855
516,18,0,0.86572265625,700.6788940429688,173.2027587890625,228.30661010742188,277.7318115234375,20250225-162855
516,9,0,0.91162109375,541.5440063476562,1.1121368408203125,418.2908020019531,529.7366333007812,20250225-162855
516,10,0,0.92626953125,42.827369689941406,443.7337646484375,1476.2662353515625,1027.759521484375,20250225-162855
517,20,0,0.374755859375,656.4722290039062,451.122802734375,362.00921630859375,389.8414306640625,20250225-162855
517,8,0,0.452392578125,756.0343017578125,447.7173156738281,151.8446502685547,164.48756408691406,20250225-162855
517,5,0,0.67919921875,657.737548828125,650.5347290039062,158.3690185546875,112.87190246582031,20250225-162855
517,18,0,0.84423828125,700.1766967773438,176.33505249023438,225.09255981445312,280.8641052246094,20250225-162855
517,9,0,0.888671875,539.2816162109375,1.10430908203125,419.3396301269531,532.6813354492188,20250225-162855
517,10,0,0.92236328125,47.37999725341797,449.1741943359375,1470.8258056640625,1022.71728515625,20250225-162855
518,5,0,0.36376953125,657.501953125,650.8251342773438,159.6287841796875,109.90508270263672,20250225-162855
518,8,0,0.444580078125,755.31005859375,447.229248046875,153.03382873535156,165.38543701171875,20250225-162855
518,20,0,0.6611328125,656.2000122070312,454.79278564453125,357.5104064941406,394.5439453125,20250225-162855
518,18,0,0.85546875,699.9860229492188,174.68087768554688,226.13241577148438,279.6171569824219,20250225-162855
518,9,0,0.87890625,538.9264526367188,0.9166259765625,418.84552001953125,533.936767578125,20250225-162855
518,10,0,0.9287109375,40.04078674316406,449.900390625,1470.099609375,1031.7293701171875,20250225-162855
519,5,0,0.248046875,657.9406127929688,649.7481079101562,160.03134155273438,106.40705108642578,20250225-162855
519,21,0,0.259765625,668.7024536132812,1873.1136474609375,46.46722412109375,211.51873779296875,20250225-162855
519,8,0,0.4833984375,755.063720703125,502.9662780761719,98.99574279785156,153.85862731933594,20250225-162855
519,20,0,0.7626953125,656.7316284179688,449.9689636230469,363.4604187011719,407.2839660644531,20250225-162855
519,18,0,0.85986328125,700.5994262695312,177.3588409423828,223.32540893554688,280.0802917480469,20250225-162855
519,9,0,0.875,538.532958984375,0.9118194580078125,419.1396789550781,534.2410888671875,20250225-162855
519,10,0,0.923828125,46.435089111328125,451.9134521484375,1468.0865478515625,1026.99365234375,20250225-162855
520,21,0,0.2401123046875,668.9932250976562,1873.77099609375,45.8023681640625,187.92080688476562,20250225-162855
520,5,0,0.5185546875,657.87060546875,650.8319091796875,162.44705200195312,104.02937316894531,20250225-162855
520,8,0,0.56396484375,754.594482421875,495.4866027832031,108.65748596191406,149.01409912109375,20250225-162855
520,20,0,0.630859375,654.9996337890625,445.14404296875,368.9394836425781,414.7660827636719,20250225-162855
520,18,0,0.84814453125,700.2920532226562,178.56932067871094,221.94882202148438,278.6256408691406,20250225-162855
520,9,0,0.8701171875,539.0967407226562,1.0940093994140625,420.1398010253906,533.5812377929688,20250225-162855
520,10,0,0.9267578125,49.37950897216797,449.21044921875,1470.78955078125,1026.3958740234375,20250225-162855
521,5,0,0.4697265625,657.7239990234375,651.0650634765625,161.91348266601562,103.75376892089844,20250225-162855
521,8,0,0.5869140625,753.0411987304688,499.1107177734375,104.18751525878906,156.45973205566406,20250225-162855
521,20,0,0.67822265625,654.843505859375,444.06134033203125,369.6839904785156,419.52117919921875,20250225-162855
521,18,0,0.8583984375,700.8173828125,182.38430786132812,218.21759033203125,278.3562927246094,20250225-162855
521,9,0,0.8759765625,537.3989868164062,0.9061431884765625,420.9925231933594,535.16943359375,20250225-162855
521,10,0,0.92041015625,50.21172332763672,454.44012451171875,1465.559814453125,1025.4481201171875,20250225-162855
522,5,0,0.525390625,657.3935546875,651.3250122070312,163.6988525390625,105.27253723144531,20250225-162855
522,8,0,0.61669921875,752.4340209960938,498.7803039550781,103.90736389160156,156.78700256347656,20250225-162855
522,20,0,0.625,651.132568359375,442.53863525390625,371.27215576171875,424.60992431640625,20250225-162855
522,18,0,0.8359375,700.1552734375,183.2310791015625,216.8184356689453,277.7266540527344,20250225-162855
522,9,0,0.86962890625,537.5986328125,1.2859039306640625,420.8008117675781,535.0391845703125,20250225-162855
522,10,0,0.921875,49.30775451660156,460.32550048828125,1459.674560546875,1026.312744140625,20250225-162855
523,5,0,0.544921875,658.1915283203125,652.2474975585938,161.2822265625,100.63107299804688,20250225-162855
523,8,0,0.56103515625,751.5769653320312,499.68011474609375,102.03515625,156.89035034179688,20250225-162855
523,20,0,0.56689453125,652.39306640625,441.7845153808594,373.9324035644531,422.9456481933594,20250225-162855
523,18,0,0.83740234375,700.0562744140625,183.14378356933594,217.45848083496094,280.6546325683594,20250225-162855
523,9,0,0.88671875,537.777099609375,1.287689208984375,423.0736999511719,534.326171875,20250225-162855
523,10,0,0.921875,50.285369873046875,463.355712890625,1456.644287109375,1026.7510986328125,20250225-162855
524,20,0,0.56689453125,656.033447265625,440.29156494140625,377.8634948730469,420.2593688964844,20250225-162856
524,8,0,0.60498046875,752.5776977539062,500.24560546875,101.33486938476562,156.45037841796875,20250225-162856
524,5,0,0.615234375,657.9673461914062,650.87646484375,165.74496459960938,102.14907836914062,20250225-162856
524,18,0,0.84423828125,700.5579833984375,188.93380737304688,211.9581756591797,280.37591552734375,20250225-162856
524,9,0,0.86962890625,538.1486206054688,1.476287841796875,422.11865234375,534.4998168945312,20250225-162856
524,10,0,0.91015625,51.68998718261719,465.7412109375,1445.92529296875,1025.0811767578125,20250225-162856
525,20,0,0.34326171875,742.50146484375,441.1930847167969,379.1631774902344,332.9034118652344,20250225-162856
525,8,0,0.55712890625,753.8727416992188,498.93475341796875,103.83544921875,155.7540283203125,20250225-162856
525,5,0,0.68359375,658.46875,651.3081665039062,166.0986328125,103.21612548828125,20250225-162856
525,18,0,0.83935546875,700.7495727539062,184.39576721191406,217.0326690673828,279.17633056640625,20250225-162856
525,9,0,0.86962890625,539.273681640625,0.719970703125,422.7989501953125,532.936279296875,20250225-162856
525,10,0,0.92041015625,50.24176788330078,466.23944091796875,1453.760498046875,1024.98828125,20250225-162856
526,20,0,0.263671875,698.5891723632812,440.17144775390625,379.286865234375,376.34197998046875,20250225-162856
526,8,0,0.6689453125,753.5476684570312,499.367431640625,102.62841796875,153.33343505859375,20250225-162856
526,5,0,0.67724609375,658.5188598632812,651.1383056640625,166.15695190429688,102.99193572998047,20250225-162856
526,18,0,0.85693359375,701.8068237304688,189.6255340576172,211.77003479003906,280.0753173828125,20250225-162856
526,9,0,0.90283203125,539.4483032226562,1.1056365966796875,421.8577880859375,532.2468872070312,20250225-162856
526,10,0,0.91943359375,50.25189208984375,463.05743408203125,1456.942626953125,1024.6129150390625,20250225-162856
527,20,0,0.37939453125,659.5426635742188,439.49560546875,377.0050048828125,415.694580078125,20250225-162856
527,8,0,0.595703125,754.1767578125,502.6837463378906,100.25518798828125,154.25912475585938,20250225-162856
527,5,0,0.6533203125,658.2728271484375,651.4649047851562,164.64752197265625,102.99545288085938,20250225-162856
527,18,0,0.85302734375,701.202880859375,186.1630096435547,215.18055725097656,280.771240234375,20250225-162856
527,9,0,0.9091796875,538.6991577148438,1.2965240478515625,420.66461181640625,532.678955078125,20250225-162856
527,10,0,0.9208984375,49.86840057373047,465.5364990234375,1454.4635009765625,1024.758544921875,20250225-162856
528,20,0,0.5390625,644.4682006835938,440.8199157714844,374.4429016113281,429.104248046875,20250225-162856
528,5,0,0.548828125,658.0975341796875,651.0261840820312,164.54791259765625,103.70698547363281,20250225-162856
528,8,0,0.71630859375,753.5350952148438,500.2030334472656,103.77268981933594,154.09381103515625,20250225-162856
528,18,0,0.86181640625,702.1419067382812,187.17723083496094,214.85572814941406,279.6023864746094,20250225-162856
528,9,0,0.919921875,539.0718994140625,1.2968902587890625,419.6964111328125,531.5958862304688,20250225-162856
528,10,0,0.92138671875,48.34765625,460.43133544921875,1459.568603515625,1026.8624267578125,20250225-162856
529,5,0,0.42626953125,658.3998413085938,651.2115478515625,162.867919921875,105.02140045166016,20250225-162856
529,8,0,0.71533203125,753.6690673828125,501.3016662597656,103.16921997070312,151.20054626464844,20250225-162856
529,20,0,0.7626953125,655.0195922851562,442.36285400390625,372.6141357421875,419.3399353027344,20250225-162856
529,18,0,0.85302734375,701.4502563476562,185.95147705078125,215.45809936523438,280.498291015625,20250225-162856
529,10,0,0.9150390625,50.36201477050781,460.991455078125,1459.008544921875,1025.280029296875,20250225-162856
529,9,0,0.91650390625,539.4496459960938,0.9236297607421875,420.95355224609375,531.7228393554688,20250225-162856
530,5,0,0.381103515625,658.4019165039062,651.5590209960938,162.41326904296875,104.64073944091797,20250225-162856
530,8,0,0.642578125,755.5023193359375,498.0072326660156,106.4989013671875,151.5601806640625,20250225-162856
530,20,0,0.79296875,654.8837890625,442.6271667480469,372.3437805175781,420.1409606933594,20250225-162856
530,18,0,0.86962890625,702.9849243164062,188.86788940429688,213.01602172851562,279.5889892578125,20250225-162856
530,9,0,0.9150390625,539.8264770507812,1.11016845703125,421.48095703125,531.7567749023438,20250225-162856
530,10,0,0.91552734375,51.54914093017578,458.514404296875,1461.485595703125,1023.5643310546875,20250225-162856
531,5,0,0.5390625,658.307373046875,651.3327026367188,162.33526611328125,104.59919738769531,20250225-162856
531,8,0,0.626953125,755.7433471679688,503.6135559082031,101.13542175292969,151.8677978515625,20250225-162856
531,20,0,0.72412109375,653.95068359375,443.4573669433594,370.6535339355469,420.79644775390625,20250225-162856
531,18,0,0.8701171875,702.1199340820312,184.51290893554688,217.34344482421875,278.5418701171875,20250225-162856
531,9,0,0.919921875,539.4483032226562,1.2971649169921875,419.83349609375,531.6072998046875,20250225-162856
531,10,0,0.921875,52.628204345703125,454.3092041015625,1465.6907958984375,1023.37939453125,20250225-162856
532,5,0,0.546875,657.8849487304688,651.1119384765625,162.83148193359375,105.48995208740234,20250225-162856
532,8,0,0.65673828125,754.847412109375,447.4983215332031,156.40310668945312,163.8247833251953,20250225-162856
532,20,0,0.77392578125,654.4807739257812,442.4495544433594,372.3249206542969,420.48040771484375,20250225-162856
532,18,0,0.8623046875,702.0873413085938,184.8040008544922,216.39797973632812,277.3292236328125,20250225-162856
532,9,0,0.92138671875,538.6940307617188,1.67138671875,420.15325927734375,532.2291870117188,20250225-162856
532,10,0,0.92431640625,53.3030891418457,456.77569580078125,1463.224365234375,1021.8356323242188,20250225-162856
533,5,0,0.5009765625,657.6659545898438,651.8514404296875,161.5858154296875,104.7385025024414,20250225-162856
533,8,0,0.6533203125,753.9791870117188,449.12786865234375,155.13404846191406,167.02505493164062,20250225-162856
533,20,0,0.7822265625,653.6361694335938,441.7892761230469,372.6497497558594,421.22430419921875,20250225-162856
533,18,0,0.85791015625,702.1903076171875,186.99513244628906,214.42510986328125,277.43035888671875,20250225-162856
533,9,0,0.9140625,539.069091796875,1.294647216796875,420.9187316894531,532.5916137695312,20250225-162856
533,10,0,0.91943359375,45.790931701660156,449.75140380859375,1465.90283203125,1025.050048828125,20250225-162856
534,5,0,0.419677734375,657.6743774414062,651.4667358398438,160.7523193359375,105.7469253540039,20250225-162856
534,8,0,0.68505859375,753.1759643554688,449.76763916015625,154.59951782226562,167.83453369140625,20250225-162856
534,20,0,0.8125,654.9730224609375,442.5590515136719,371.5959777832031,417.5748291015625,20250225-162856
534,18,0,0.85986328125,702.2799682617188,188.0470428466797,213.665771484375,277.8766784667969,20250225-162856
534,9,0,0.90966796875,538.5078125,1.1073760986328125,422.4485778808594,533.451904296875,20250225-162856
534,10,0,0.91748046875,53.58255386352539,455.17987060546875,1464.820068359375,1022.4715576171875,20250225-162856
535,5,0,0.253173828125,657.6642456054688,650.7925415039062,160.87298583984375,106.13119506835938,20250225-162856
535,8,0,0.69091796875,753.5009765625,449.42156982421875,155.56727600097656,166.76095581054688,20250225-162856
535,20,0,0.8525390625,655.498046875,441.4404602050781,372.5585632324219,418.48638916015625,20250225-162856
535,18,0,0.85595703125,702.00244140625,186.65341186523438,215.13922119140625,280.3428649902344,20250225-162856
535,9,0,0.89306640625,538.5161743164062,0.91497802734375,423.0184020996094,534.0296020507812,20250225-162856
535,10,0,0.91455078125,59.50444030761719,454.36065673828125,1465.639404296875,1012.0643920898438,20250225-162856
536,5,0,0.282958984375,656.6859741210938,650.9000244140625,160.47390747070312,106.79071044921875,20250225-162856
536,8,0,0.638671875,753.296875,446.635986328125,158.46144104003906,164.45159912109375,20250225-162856
536,20,0,0.84375,654.06982421875,442.53094482421875,371.25238037109375,418.4549865722656,20250225-162856
536,18,0,0.857421875,701.8284301757812,187.0258331298828,214.77117919921875,280.30224609375,20250225-162856
536,9,0,0.87841796875,539.0843505859375,1.0977630615234375,422.6697692871094,533.8746337890625,20250225-162856
536,10,0,0.9189453125,49.15609359741211,449.44244384765625,1464.9012451171875,1021.521240234375,20250225-162856
537,5,0,0.3857421875,655.653564453125,650.9879150390625,160.3798828125,108.42698669433594,20250225-162856
537,8,0,0.58203125,752.7085571289062,448.8701477050781,156.10826110839844,165.64756774902344,20250225-162856
537,20,0,0.8408203125,652.8182373046875,442.93157958984375,368.7908935546875,420.53021240234375,20250225-162856
537,18,0,0.8603515625,702.3641967773438,188.15794372558594,213.71287536621094,278.0069580078125,20250225-162856
537,9,0,0.90869140625,539.2664794921875,1.291168212890625,421.8058776855469,533.0078735351562,20250225-162856
537,10,0,0.91943359375,47.42265701293945,447.0523681640625,1467.29736328125,1023.5357666015625,20250225-162856
538,5,0,0.373046875,652.8286743164062,651.52294921875,160.25665283203125,110.69489288330078,20250225-162856
538,8,0,0.57861328125,750.4527587890625,480.52056884765625,126.79756164550781,160.5736846923828,20250225-162856
538,20,0,0.83447265625,650.89306640625,441.6473693847656,371.7047424316406,422.2186584472656,20250225-162856
538,18,0,0.86669921875,702.6756591796875,186.45602416992188,215.95083618164062,277.7813720703125,20250225-162856
538,9,0,0.91650390625,539.8228149414062,0.922393798828125,421.2486877441406,532.1166381835938,20250225-162856
538,10,0,0.9208984375,59.45096969604492,452.07037353515625,1467.9296875,1012.1180419921875,20250225-162856
539,5,0,0.236572265625,650.1952514648438,650.8353881835938,160.05047607421875,114.76172637939453,20250225-162856
539,8,0,0.56689453125,751.2518310546875,494.3004455566406,110.59336853027344,158.28329467773438,20250225-162856
539,20,0,0.845703125,648.3450927734375,442.3303527832031,369.76812744140625,426.7508544921875,20250225-162856
539,18,0,0.8642578125,702.8477783203125,185.8392333984375,216.0531005859375,276.5874938964844,20250225-162856
539,9,0,0.9169921875,539.8280029296875,1.1114044189453125,421.299072265625,531.679931640625,20250225-162856
539,10,0,0.9208984375,48.884010314941406,448.2352294921875,1465.96728515625,1021.8406372070312,20250225-162856
540,8,0,0.61328125,753.1279907226562,448.8979797363281,152.512939453125,167.5746307373047,20250225-162856
540,20,0,0.830078125,647.0949096679688,443.58782958984375,368.89141845703125,426.792236328125,20250225-162856
540,18,0,0.861328125,702.9466552734375,186.67556762695312,215.36151123046875,277.07623291015625,20250225-162856
540,9,0,0.90966796875,539.8262939453125,1.106964111328125,424.537841796875,532.1748046875,20250225-162856
540,10,0,0.923828125,50.37300109863281,451.5238037109375,1462.1605224609375,1020.879150390625,20250225-162856
541,8,0,0.57470703125,754.9761962890625,507.17724609375,94.26283264160156,153.2804718017578,20250225-162856
541,20,0,0.8447265625,644.7559204101562,442.8738098144531,370.0068054199219,429.1354064941406,20250225-162856
541,18,0,0.865234375,702.2437133789062,187.60720825195312,213.79193115234375,277.1057434082031,20250225-162856
541,9,0,0.9111328125,539.8256225585938,1.293914794921875,424.96563720703125,531.734130859375,20250225-162856
541,10,0,0.91943359375,58.096561431884766,454.60675048828125,1458.446533203125,1012.7080688476562,20250225-162856
542,5,0,0.448486328125,643.4735107421875,612.91796875,200.94085693359375,153.9186248779297,20250225-162856
542,8,0,0.66357421875,757.0010986328125,447.0384521484375,153.1820526123047,161.88792419433594,20250225-162856
542,20,0,0.77978515625,645.1594848632812,441.01373291015625,373.8907470703125,429.2530822753906,20250225-162856
542,18,0,0.86962890625,702.4888916015625,186.84970092773438,215.0464324951172,278.22601318359375,20250225-162856
542,9,0,0.880859375,540.0234985351562,1.289794921875,425.8807067871094,532.4510498046875,20250225-162856
542,10,0,0.91650390625,64.95555114746094,461.55596923828125,1458.444091796875,1006.7589721679688,20250225-162856
543,5,0,0.341552734375,641.7125244140625,608.8679809570312,205.8841552734375,160.28155517578125,20250225-162856
543,8,0,0.62451171875,755.91796875,446.6358947753906,153.21629333496094,163.42454528808594,20250225-162856
543,20,0,0.8154296875,642.4549560546875,441.1528015136719,374.4006042480469,432.99652099609375,20250225-162856
543,18,0,0.8681640625,702.8527221679688,186.21359252929688,215.7938690185547,274.03814697265625,20250225-162856
543,9,0,0.900390625,539.64501953125,1.2912139892578125,426.2525939941406,532.3349609375,20250225-162856
543,10,0,0.91845703125,60.24018096923828,457.11895751953125,1462.881103515625,1016.1611938476562,20250225-162856
544,5,0,0.436767578125,637.7766723632812,610.656982421875,205.30902099609375,158.7720947265625,20250225-162856
544,8,0,0.66552734375,756.33642578125,446.8275146484375,153.21482849121094,163.2825927734375,20250225-162856
544,20,0,0.751953125,639.861572265625,440.03887939453125,376.36962890625,433.1164245605469,20250225-162856
544,18,0,0.86083984375,702.7800903320312,184.69468688964844,217.17677307128906,272.5461120605469,20250225-162856
544,9,0,0.87255859375,539.4598388671875,1.2831573486328125,426.3135986328125,533.0863647460938,20250225-162856
544,10,0,0.921875,65.71480560302734,454.9815673828125,1465.0184326171875,1005.6242065429688,20250225-162856
545,8,0,0.525390625,755.4188842773438,446.4670715332031,152.26881408691406,165.7657470703125,20250225-162856
545,20,0,0.7880859375,636.9796752929688,440.34649658203125,377.445556640625,436.64398193359375,20250225-162856
545,18,0,0.85595703125,701.5878295898438,186.05564880371094,215.88290405273438,277.90423583984375,20250225-162856
545,9,0,0.86572265625,539.081298828125,1.469329833984375,426.8562927246094,533.4140014648438,20250225-162856
545,10,0,0.9169921875,64.16522216796875,455.34649658203125,1464.653564453125,1006.2623291015625,20250225-162856
546,5,0,0.201171875,633.8215942382812,668.2069702148438,152.55267333984375,126.34929656982422,20250225-162856
546,8,0,0.490234375,754.8386840820312,443.8488464355469,151.74705505371094,168.520751953125,20250225-162856
546,20,0,0.74560546875,633.5327758789062,440.6320495605469,379.7150573730469,436.7041320800781,20250225-162856
546,18,0,0.84912109375,702.913330078125,184.8727569580078,216.92706298828125,276.6690368652344,20250225-162856
546,9,0,0.87255859375,539.83935546875,1.473907470703125,426.8009033203125,532.4039306640625,20250225-162856
546,10,0,0.912109375,62.05781936645508,446.7095947265625,1473.2904052734375,1013.5283203125,20250225-162856
547,20,0,0.352294921875,633.7850341796875,515.6121826171875,305.88189697265625,274.9238586425781,20250225-162856
547,8,0,0.38671875,755.2373046875,442.79534912109375,144.53375244140625,169.6138916015625,20250225-162856
547,5,0,0.45703125,632.7653198242188,661.7572631835938,161.0731201171875,134.84945678710938,20250225-162856
547,18,0,0.857421875,703.21728515625,185.20834350585938,216.65487670898438,274.2164306640625,20250225-162856
547,9,0,0.90380859375,540.01611328125,1.1071929931640625,426.3768310546875,531.76953125,20250225-162856
547,10,0,0.91259765625,65.47319030761719,441.0706787109375,1478.9293212890625,1006.25634765625,20250225-162856
548,8,0,0.439697265625,757.52294921875,505.57012939453125,74.62092590332031,162.9517059326172,20250225-162856
548,5,0,0.5244140625,632.5182495117188,666.13427734375,159.81710815429688,133.581298828125,20250225-162856
548,20,0,0.60107421875,634.7529907226562,511.9607849121094,313.2662658691406,285.1930236816406,20250225-162856
548,18,0,0.86767578125,703.062744140625,189.58840942382812,212.16732788085938,275.08392333984375,20250225-162856
548,10,0,0.8984375,67.28285217285156,431.43182373046875,1488.568115234375,999.2512817382812,20250225-162856
548,9,0,0.9052734375,540.022216796875,1.109619140625,426.41619873046875,531.5548706054688,20250225-162856
549,21,0,0.330322265625,669.2911376953125,1875.640869140625,43.84771728515625,224.44776916503906,20250225-162856
549,8,0,0.3701171875,755.8538818359375,502.23077392578125,75.92898559570312,166.33447265625,20250225-162856
549,20,0,0.374755859375,631.4071655273438,513.7435913085938,315.71575927734375,289.33245849609375,20250225-162856
549,5,0,0.5556640625,632.1171264648438,686.0452880859375,142.25949096679688,113.31127166748047,20250225-162856
549,18,0,0.857421875,703.0101318359375,188.53793334960938,213.44430541992188,276.863525390625,20250225-162856
549,9,0,0.88818359375,540.2059326171875,1.108062744140625,421.2353210449219,531.6329345703125,20250225-162856
549,10,0,0.88916015625,73.92708587646484,414.32830810546875,1505.671630859375,991.1387329101562,20250225-162856
550,21,0,0.244384765625,669.3145141601562,1875.0919189453125,44.241943359375,280.42877197265625,20250225-162856
550,8,0,0.4775390625,753.9591064453125,448.2784423828125,130.08229064941406,168.2146759033203,20250225-162856
550,5,0,0.65478515625,630.7899780273438,674.4556274414062,157.869873046875,108.63951110839844,20250225-162856
550,18,0,0.84423828125,703.0107421875,187.1869354248047,215.2196044921875,277.3460693359375,20250225-162856
550,10,0,0.88427734375,68.07154846191406,379.40863037109375,1529.200439453125,998.3697509765625,20250225-162856
550,9,0,0.884765625,540.3946533203125,1.1047210693359375,413.1871032714844,531.0248413085938,20250225-162856
551,21,0,0.415771484375,670.1900634765625,1855.3359375,64.14532470703125,317.45751953125,20250225-162856
551,5,0,0.4638671875,632.322509765625,614.6852416992188,219.2523193359375,103.80509185791016,20250225-162856
551,18,0,0.85107421875,702.83203125,184.47454833984375,217.2410430908203,281.2125244140625,20250225-162856
551,9,0,0.87255859375,539.8319702148438,1.85540771484375,402.3093566894531,531.601806640625,20250225-162856
551,10,0,0.89111328125,67.71843719482422,373.67578125,1520.7119140625,998.4761352539062,20250225-162856
552,21,0,0.417724609375,670.5767822265625,1824.16552734375,95.25732421875,387.9818420410156,20250225-162856
552,5,0,0.55078125,634.2535400390625,701.6661987304688,132.87744140625,59.05726623535156,20250225-162856
552,9,0,0.8291015625,540.7172241210938,1.220947265625,392.9718933105469,529.957763671875,20250225-162856
552,18,0,0.841796875,701.9083251953125,186.69937133789062,214.50050354003906,282.80108642578125,20250225-162856
552,10,0,0.8974609375,68.32183074951172,351.7840576171875,1566.13232421875,997.7721557617188,20250225-162856
553,5,0,0.375732421875,634.7302856445312,713.4094848632812,121.4249267578125,45.68977737426758,20250225-162856
553,21,0,0.611328125,667.1541137695312,1804.686767578125,114.46783447265625,189.82847595214844,20250225-162856
553,18,0,0.80517578125,702.350830078125,185.50607299804688,215.8286590576172,273.0863037109375,20250225-162856
553,9,0,0.84130859375,540.3407592773438,1.594207763671875,378.34429931640625,530.4772338867188,20250225-162856
553,10,0,0.86474609375,65.90921020507812,311.33953857421875,1606.7867431640625,1001.9924926757812,20250225-162856
554,21,0,0.74462890625,670.9923706054688,1800.3131103515625,119.288818359375,185.8416748046875,20250225-162857
554,18,0,0.80419921875,703.2097778320312,185.49627685546875,215.00592041015625,258.02972412109375,20250225-162857
554,9,0,0.814453125,540.1542358398438,1.4264144897460938,365.38592529296875,530.6322021484375,20250225-162857
554,10,0,0.89892578125,47.139503479003906,312.01483154296875,1602.2662353515625,1019.4822387695312,20250225-162857
555,21,0,0.77587890625,670.4666137695312,1799.366455078125,120.22467041015625,185.5748291015625,20250225-162857
555,18,0,0.80859375,703.2984008789062,185.057373046875,212.1825714111328,248.98573303222656,20250225-162857
555,9,0,0.900390625,539.6339111328125,1.26763916015625,351.02130126953125,531.1082153320312,20250225-162857
555,10,0,0.90966796875,62.34080505371094,284.430908203125,1628.8941650390625,1009.628173828125,20250225-162857
556,21,0,0.74853515625,669.9813232421875,1796.4144287109375,123.08514404296875,186.8278350830078,20250225-162857
556,18,0,0.81884765625,702.894775390625,184.08517456054688,202.4165496826172,246.8423614501953,20250225-162857
556,10,0,0.8916015625,60.578697204589844,279.245361328125,1637.89013671875,1012.8798217773438,20250225-162857
556,9,0,0.90380859375,539.4508666992188,1.0687637329101562,337.36187744140625,532.2953491210938,20250225-162857
557,21,0,0.81396484375,670.5765380859375,1796.56982421875,123.122314453125,185.66773986816406,20250225-162857
557,18,0,0.826171875,703.1754150390625,186.5166778564453,189.28866577148438,243.1909942626953,20250225-162857
557,10,0,0.88232421875,60.85919189453125,287.65557861328125,1618.3333740234375,1008.12451171875,20250225-162857
557,9,0,0.89453125,539.8094482421875,1.4424362182617188,333.023681640625,531.2818603515625,20250225-162857
558,21,0,0.8134765625,670.9171752929688,1798.3648681640625,121.235595703125,184.79214477539062,20250225-162857
558,18,0,0.84033203125,703.2767333984375,186.05068969726562,181.59263610839844,236.0845184326172,20250225-162857
558,10,0,0.8828125,56.817169189453125,265.4073486328125,1629.1014404296875,1011.134765625,20250225-162857
558,9,0,0.89013671875,539.8141479492188,1.1998443603515625,324.12359619140625,531.4343872070312,20250225-162857
559,21,0,0.81103515625,670.6787109375,1797.448974609375,121.96087646484375,184.71408081054688,20250225-162857
559,18,0,0.84423828125,703.3524780273438,187.34962463378906,173.1525421142578,236.6195831298828,20250225-162857
559,10,0,0.89501953125,56.924285888671875,276.89703369140625,1601.559814453125,1012.2969360351562,20250225-162857
559,9,0,0.8955078125,539.9938354492188,1.2587127685546875,316.7598876953125,531.0447998046875,20250225-162857
560,21,0,0.80078125,669.193359375,1796.8604736328125,122.19305419921875,186.3227996826172,20250225-162857
560,18,0,0.8271484375,703.2264404296875,187.82176208496094,169.0789031982422,236.18597412109375,20250225-162857
560,9,0,0.87451171875,539.611328125,1.0677566528320312,309.44464111328125,531.1879272460938,20250225-162857
560,10,0,0.876953125,62.121246337890625,274.011474609375,1612.5992431640625,1009.7488403320312,20250225-162857
561,22,0,0.71240234375,858.67236328125,1777.0931396484375,142.30389404296875,213.2549285888672,20250225-162857
561,18,0,0.8134765625,703.1046752929688,188.0790252685547,165.6438446044922,231.46348571777344,20250225-162857
561,21,0,0.81396484375,670.5786743164062,1796.6348876953125,122.9674072265625,184.18716430664062,20250225-162857
561,9,0,0.8662109375,540.20458984375,0.90655517578125,306.02130126953125,530.4388427734375,20250225-162857
561,10,0,0.88623046875,63.019981384277344,259.10504150390625,1579.594482421875,1016.5699462890625,20250225-162857
562,22,0,0.693359375,858.4288330078125,1775.76171875,143.6282958984375,213.575927734375,20250225-162857
562,18,0,0.80322265625,703.87744140625,185.81277465820312,166.1492156982422,233.80584716796875,20250225-162857
562,23,0,0.8037109375,728.7835693359375,1622.292236328125,105.2882080078125,127.91725158691406,20250225-162857
562,21,0,0.80859375,669.249755859375,1796.0723876953125,122.79364013671875,185.78671264648438,20250225-162857
562,9,0,0.873046875,539.6333618164062,1.0950393676757812,300.84893798828125,530.2877197265625,20250225-162857
562,10,0,0.87939453125,53.959007263183594,270.26385498046875,1618.4227294921875,1016.4973754882812,20250225-162857
563,22,0,0.703125,858.997314453125,1776.5950927734375,142.8035888671875,212.64459228515625,20250225-162857
563,18,0,0.8125,704.0057983398438,189.8305206298828,160.0597686767578,228.12149047851562,20250225-162857
563,21,0,0.8134765625,670.508544921875,1796.9337158203125,122.4869384765625,184.8231658935547,20250225-162857
563,23,0,0.81396484375,728.82666015625,1620.2054443359375,107.1448974609375,127.8372573852539,20250225-162857
563,9,0,0.876953125,540.57568359375,0.9082717895507812,301.3181457519531,529.4237060546875,20250225-162857
563,10,0,0.8857421875,63.764732360839844,264.97174072265625,1556.8663330078125,1014.886962890625,20250225-162857
564,22,0,0.6953125,859.6497802734375,1776.8763427734375,142.5172119140625,211.70448303222656,20250225-162857
564,18,0,0.7841796875,702.842529296875,191.02365112304688,156.93942260742188,227.37347412109375,20250225-162857
564,23,0,0.791015625,729.3821411132812,1620.8580322265625,106.69317626953125,125.7847900390625,20250225-162857
564,21,0,0.8134765625,670.4539184570312,1796.690185546875,122.9212646484375,184.25819396972656,20250225-162857
564,9,0,0.86328125,540.2080688476562,0.9049758911132812,301.2456359863281,530.0757446289062,20250225-162857
564,10,0,0.89794921875,61.70960235595703,264.77386474609375,1534.81494140625,1007.3399658203125,20250225-162857
565,22,0,0.703125,859.3088989257812,1776.90087890625,142.4088134765625,212.33560180664062,20250225-162857
565,23,0,0.77392578125,728.8352661132812,1619.8890380859375,106.680908203125,127.57332611083984,20250225-162857
565,18,0,0.80029296875,702.80517578125,192.22792053222656,153.94143676757812,233.2170867919922,20250225-162857
565,21,0,0.8134765625,670.0925903320312,1796.1500244140625,123.35980224609375,184.8820037841797,20250225-162857
565,9,0,0.8486328125,540.5828857421875,0.7147293090820312,295.20660400390625,529.9306030273438,20250225-162857
565,10,0,0.90380859375,63.31257629394531,264.4599609375,1566.650390625,1012.4668579101562,20250225-162857
566,22,0,0.7421875,858.562744140625,1776.516845703125,142.9888916015625,213.47979736328125,20250225-162857
566,18,0,0.767578125,702.9373779296875,190.43478393554688,154.53001403808594,225.3028106689453,20250225-162857
566,23,0,0.7861328125,728.6072998046875,1619.81005859375,106.9471435546875,127.25300598144531,20250225-162857
566,21,0,0.81103515625,668.4763793945312,1796.3250732421875,122.62701416015625,186.45155334472656,20250225-162857
566,9,0,0.8359375,540.39501953125,0.7107009887695312,301.35107421875,529.5631713867188,20250225-162857
566,10,0,0.90380859375,61.919715881347656,263.24615478515625,1568.1796875,1014.3955688476562,20250225-162857
567,22,0,0.703125,859.0148315429688,1776.323486328125,142.9947509765625,212.9371795654297,20250225-162857
567,23,0,0.791015625,729.528564453125,1617.451171875,109.42529296875,124.96424865722656,20250225-162857
567,18,0,0.7958984375,701.8451538085938,193.35809326171875,153.14808654785156,232.709228515625,20250225-162857
567,21,0,0.81591796875,669.5719604492188,1796.9879150390625,122.5206298828125,184.65211486816406,20250225-162857
567,9,0,0.85205078125,540.015380859375,1.0873260498046875,299.7464599609375,530.26416015625,20250225-162857
567,10,0,0.89208984375,53.558433532714844,256.61297607421875,1628.8115234375,1015.9391479492188,20250225-162857
568,22,0,0.68994140625,858.723876953125,1776.5050048828125,142.88671875,212.47300720214844,20250225-162857
568,23,0,0.77099609375,729.8296508789062,1618.7325439453125,107.76837158203125,124.83069610595703,20250225-162857
568,18,0,0.80908203125,701.6898193359375,192.563232421875,153.79417419433594,232.4385986328125,20250225-162857
568,21,0,0.810546875,670.15380859375,1797.3907470703125,122.11798095703125,184.14991760253906,20250225-162857
568,9,0,0.87109375,539.44775390625,0.9100799560546875,296.90045166015625,530.8178100585938,20250225-162857
568,10,0,0.89111328125,51.146507263183594,262.19586181640625,1570.2330322265625,1018.5321044921875,20250225-162857
569,22,0,0.6953125,858.9494018554688,1776.6024169921875,142.793701171875,211.76181030273438,20250225-162857
569,23,0,0.779296875,729.782958984375,1620.760009765625,104.9970703125,126.81278228759766,20250225-162857
569,18,0,0.8125,702.7174072265625,193.0572052001953,151.757080078125,231.01235961914062,20250225-162857
569,21,0,0.8134765625,669.703369140625,1796.709228515625,122.895263671875,184.80978393554688,20250225-162857
569,9,0,0.88720703125,539.4503173828125,0.910400390625,297.7109069824219,531.33935546875,20250225-162857
569,10,0,0.90380859375,51.13440704345703,260.266845703125,1555.3824462890625,1018.60791015625,20250225-162857
570,22,0,0.72412109375,858.2862548828125,1776.6192626953125,142.776123046875,213.081298828125,20250225-162857
570,23,0,0.7607421875,729.6363525390625,1620.0076904296875,106.563720703125,125.33503723144531,20250225-162857
570,18,0,0.8173828125,702.3612670898438,194.95188903808594,149.0303192138672,231.1837615966797,20250225-162857
570,21,0,0.81884765625,669.3980712890625,1795.947509765625,123.56341552734375,185.24717712402344,20250225-162857
570,9,0,0.87841796875,539.6331176757812,0.7205657958984375,296.22381591796875,530.7646484375,20250225-162857
570,10,0,0.88818359375,64.80980682373047,252.89703369140625,1623.1439208984375,1008.933837890625,20250225-162857
571,22,0,0.73876953125,858.526123046875,1776.3292236328125,143.1650390625,213.71258544921875,20250225-162857
571,23,0,0.783203125,729.274169921875,1621.1627197265625,106.062744140625,127.06718444824219,20250225-162857
571,18,0,0.806640625,702.4108276367188,194.37799072265625,150.5167694091797,228.69557189941406,20250225-162857
571,21,0,0.814453125,668.3905029296875,1796.9644775390625,122.5447998046875,185.80902099609375,20250225-162857
571,9,0,0.875,539.637939453125,0.717864990234375,297.0677490234375,530.875,20250225-162857
571,10,0,0.890625,55.7666015625,246.7474365234375,1634.6707763671875,1014.3072509765625,20250225-162857
572,22,0,0.69580078125,857.5750122070312,1776.2138671875,143.10479736328125,214.93240356445312,20250225-162857
572,18,0,0.77783203125,702.3525390625,193.9753875732422,152.5975341796875,233.37416076660156,20250225-162857
572,23,0,0.7890625,729.4083251953125,1623.88916015625,102.94921875,126.85466766357422,20250225-162857
572,21,0,0.8154296875,668.0923461914062,1795.8812255859375,123.62237548828125,186.70199584960938,20250225-162857
572,9,0,0.85400390625,538.8871459960938,0.9051132202148438,298.8551025390625,531.3096313476562,20250225-162857
572,10,0,0.884765625,52.508384704589844,257.410400390625,1626.5489501953125,1016.1387329101562,20250225-162857
573,22,0,0.71923828125,857.7877807617188,1777.0400390625,142.35260009765625,215.00672912597656,20250225-162857
573,18,0,0.7724609375,702.6312866210938,194.2481689453125,157.35110473632812,245.1168212890625,20250225-162857
573,23,0,0.77587890625,729.9164428710938,1623.56689453125,103.60894775390625,127.32227325439453,20250225-162857
573,21,0,0.81884765625,669.1123657226562,1795.5428466796875,123.96112060546875,186.11509704589844,20250225-162857
573,9,0,0.86865234375,540.16943359375,1.2428054809570312,298.947265625,530.232666015625,20250225-162857
573,10,0,0.89013671875,47.83318328857422,269.33734130859375,1604.1793212890625,1021.2427978515625,20250225-162857
574,22,0,0.6953125,856.701171875,1781.52978515625,137.9425048828125,215.87225341796875,20250225-162857
574,18,0,0.77783203125,702.26220703125,193.7848663330078,164.67495727539062,238.95623779296875,20250225-162857
574,23,0,0.7880859375,729.8633422851562,1623.545654296875,104.20880126953125,128.43798828125,20250225-162857
574,21,0,0.81982421875,670.1480712890625,1796.232421875,123.27227783203125,185.25250244140625,20250225-162857
574,9,0,0.8759765625,540.3987426757812,0.719512939453125,311.3243103027344,530.3629150390625,20250225-162857
574,10,0,0.89013671875,58.904144287109375,248.81781005859375,1620.456298828125,1019.5638427734375,20250225-162857
575,22,0,0.68408203125,857.3745727539062,1779.519287109375,139.85284423828125,216.34835815429688,20250225-162857
575,18,0,0.7685546875,702.4078979492188,195.77879333496094,171.47035217285156,249.48414611816406,20250225-162857
575,21,0,0.81640625,669.6134643554688,1796.1522216796875,123.43927001953125,185.55117797851562,20250225-162857
575,23,0,0.81640625,729.4417114257812,1626.3460693359375,101.42138671875,128.0048828125,20250225-162857
575,10,0,0.8818359375,61.851226806640625,264.1373291015625,1609.0213623046875,1017.1754760742188,20250225-162857
575,9,0,0.88427734375,539.8089599609375,1.0759963989257812,316.16802978515625,530.9129028320312,20250225-162857
576,22,0,0.57666015625,855.7098999023438,1782.1373291015625,137.3060302734375,216.39666748046875,20250225-162857
576,23,0,0.59619140625,726.5845947265625,1632.6932373046875,97.0015869140625,128.89443969726562,20250225-162857
576,18,0,0.8037109375,701.2540893554688,194.79812622070312,179.0775604248047,250.01004028320312,20250225-162857
576,21,0,0.8203125,669.7460327148438,1796.5235595703125,123.07086181640625,185.43780517578125,20250225-162857
576,10,0,0.8759765625,55.384742736816406,278.25421142578125,1625.0745849609375,1012.89990234375,20250225-162857
576,9,0,0.900390625,539.2616577148438,1.0566787719726562,324.9132385253906,531.8263549804688,20250225-162857
577,23,0,0.384033203125,726.4447021484375,1645.1854248046875,82.01824951171875,128.1925048828125,20250225-162857
577,22,0,0.6083984375,855.8281860351562,1784.5777587890625,134.85369873046875,215.78900146484375,20250225-162857
577,18,0,0.72314453125,701.8583374023438,196.17457580566406,182.6315460205078,254.95555114746094,20250225-162857
577,21,0,0.8193359375,669.8236083984375,1796.5250244140625,123.062255859375,185.15460205078125,20250225-162857
577,9,0,0.8740234375,540.0195922851562,1.2257308959960938,328.807861328125,531.4061279296875,20250225-162857
577,10,0,0.89208984375,50.314552307128906,293.33294677734375,1615.0755615234375,1018.0829467773438,20250225-162857
578,22,0,0.5439453125,853.0044555664062,1786.8819580078125,132.54803466796875,218.6546173095703,20250225-162857
578,18,0,0.75,700.944580078125,197.05503845214844,187.2081756591797,261.6541748046875,20250225-162857
578,21,0,0.80810546875,669.6597900390625,1796.602294921875,123.07122802734375,185.8134765625,20250225-162857
578,9,0,0.8701171875,539.2621459960938,1.2459182739257812,331.94390869140625,531.8200073242188,20250225-162857
578,10,0,0.88623046875,59.690608978271484,276.03515625,1637.137939453125,1017.48291015625,20250225-162857
579,22,0,0.5556640625,853.0581665039062,1793.384765625,125.95623779296875,218.11431884765625,20250225-162857
579,18,0,0.740234375,702.7493896484375,197.2356719970703,192.6423797607422,257.80792236328125,20250225-162857
579,21,0,0.80078125,669.5638427734375,1798.1202392578125,121.46044921875,186.200927734375,20250225-162857
579,9,0,0.880859375,538.3369750976562,1.242828369140625,336.83966064453125,533.1444702148438,20250225-162857
579,10,0,0.90625,55.99430847167969,300.91534423828125,1609.6138916015625,1012.481689453125,20250225-162857
580,22,0,0.39599609375,852.1452026367188,1796.405029296875,123.0303955078125,220.2317657470703,20250225-162857
580,18,0,0.75341796875,701.9454345703125,198.79779052734375,197.36929321289062,259.1847229003906,20250225-162857
580,21,0,0.80517578125,669.8074340820312,1798.011474609375,121.57122802734375,185.34446716308594,20250225-162857
580,9,0,0.88134765625,537.7703857421875,0.7267684936523438,345.4710388183594,532.7367553710938,20250225-162857
580,10,0,0.91357421875,54.323699951171875,302.8839111328125,1610.502685546875,1014.4132690429688,20250225-162857
581,22,0,0.369384765625,853.1333618164062,1797.9818115234375,121.5439453125,219.50022888183594,20250225-162857
581,18,0,0.7626953125,702.5389404296875,197.4796142578125,202.96499633789062,260.91326904296875,20250225-162857
581,21,0,0.80859375,669.31884765625,1796.7418212890625,122.66033935546875,185.7896270751953,20250225-162857
581,9,0,0.88330078125,536.0895385742188,0.8582839965820312,353.3092041015625,534.6129150390625,20250225-162857
581,10,0,0.9111328125,58.78887176513672,298.6318359375,1612.079345703125,1009.5106201171875,20250225-162857
582,22,0,0.2322998046875,850.1051025390625,1802.3016357421875,117.1973876953125,223.11944580078125,20250225-162857
582,18,0,0.76904296875,701.8734741210938,197.8369903564453,202.31593322753906,265.5072326660156,20250225-162857
582,21,0,0.77685546875,669.7171020507812,1795.688232421875,123.897216796875,186.22564697265625,20250225-162857
582,9,0,0.876953125,536.27685546875,1.014312744140625,360.7552185058594,534.57958984375,20250225-162857
582,10,0,0.912109375,58.93564224243164,303.3336181640625,1607.8699951171875,1010.5146484375,20250225-162857
583,21,0,0.75830078125,669.0489501953125,1796.03955078125,122.722412109375,187.1678009033203,20250225-162857
583,18,0,0.759765625,701.3965454101562,197.23521423339844,203.6864776611328,270.0188903808594,20250225-162857
583,9,0,0.87255859375,535.349853515625,1.0518951416015625,368.11187744140625,536.2447509765625,20250225-162857
583,10,0,0.91064453125,40.057010650634766,319.162353515625,1594.629638671875,1028.0797119140625,20250225-162857
584,21,0,0.75048828125,670.2305297851562,1799.41845703125,120.17010498046875,186.7425537109375,20250225-162858
584,18,0,0.77197265625,700.3748168945312,199.6307373046875,201.554443359375,277.8564147949219,20250225-162858
584,9,0,0.88720703125,534.6118774414062,0.8457870483398438,372.1474609375,536.7597045898438,20250225-162858
584,10,0,0.91796875,42.79887390136719,321.353759765625,1595.7520751953125,1025.21533203125,20250225-162858
585,21,0,0.67333984375,670.0037231445312,1813.6051025390625,105.92138671875,184.48284912109375,20250225-162858
585,18,0,0.78515625,701.5955810546875,200.99034118652344,202.15036010742188,286.0114440917969,20250225-162858
585,9,0,0.88330078125,535.3193359375,1.0978546142578125,375.8282470703125,535.0183715820312,20250225-162858
585,10,0,0.92529296875,43.05438995361328,337.35150146484375,1577.793212890625,1032.6309814453125,20250225-162858
586,21,0,0.4853515625,669.4742431640625,1825.544677734375,93.80474853515625,182.5277099609375,20250225-162858
586,18,0,0.7470703125,701.6731567382812,205.5549774169922,199.8113250732422,285.1136779785156,20250225-162858
586,9,0,0.83349609375,534.7698364257812,1.08984375,384.5274353027344,535.659912109375,20250225-162858
586,10,0,0.89501953125,42.10536193847656,347.9608154296875,1561.247314453125,1033.749755859375,20250225-162858
587,21,0,0.5244140625,668.03564453125,1844.95166015625,74.1427001953125,185.09976196289062,20250225-162858
587,18,0,0.79248046875,702.5608520507812,207.64105224609375,194.37652587890625,283.0784606933594,20250225-162858
587,9,0,0.86767578125,534.778076171875,0.727203369140625,388.0580749511719,536.6622314453125,20250225-162858
587,10,0,0.9033203125,45.567596435546875,369.532470703125,1546.7200927734375,1029.4537353515625,20250225-162858
588,21,0,0.4921875,668.8595581054688,1858.6175537109375,60.79376220703125,323.01312255859375,20250225-162858
588,18,0,0.77685546875,704.97119140625,214.0723114013672,187.4722137451172,278.35491943359375,20250225-162858
588,9,0,0.85546875,535.330810546875,1.0944671630859375,394.83795166015625,535.6547241210938,20250225-162858
588,10,0,0.892578125,46.694557189941406,347.95404052734375,1562.5389404296875,1029.4794921875,20250225-162858
589,21,0,0.402587890625,669.13671875,1869.7115478515625,49.72247314453125,315.7999267578125,20250225-162858
589,18,0,0.70556640625,709.9678955078125,217.6150360107422,183.3750457763672,273.35430908203125,20250225-162858
589,9,0,0.86669921875,533.6411743164062,1.088287353515625,400.36041259765625,536.771240234375,20250225-162858
589,10,0,0.91064453125,52.94105529785156,386.76708984375,1530.8712158203125,1022.7147216796875,20250225-162858
590,21,0,0.5107421875,668.8046875,1870.552001953125,48.57550048828125,184.6754150390625,20250225-162858
590,8,0,0.51953125,751.4739379882812,449.3502502441406,140.56773376464844,173.8556365966797,20250225-162858
590,18,0,0.78076171875,708.8920288085938,221.04258728027344,180.5028076171875,277.1116638183594,20250225-162858
590,9,0,0.87890625,535.6965942382812,0.5333404541015625,413.5807800292969,535.54638671875,20250225-162858
590,10,0,0.8994140625,59.301025390625,367.330810546875,1544.40234375,1016.4715576171875,20250225-162858
591,21,0,0.440673828125,668.6998291015625,1871.7528076171875,47.43365478515625,182.07125854492188,20250225-162858
591,8,0,0.57763671875,753.757568359375,449.3894348144531,146.29774475097656,168.54331970214844,20250225-162858
591,18,0,0.80078125,710.3294677734375,225.17967224121094,176.85877990722656,272.26336669921875,20250225-162858
591,10,0,0.89404296875,68.39684295654297,403.29815673828125,1509.397705078125,1007.2451171875,20250225-162858
591,9,0,0.90673828125,535.167724609375,0.764190673828125,416.82568359375,537.3601684570312,20250225-162858
592,21,0,0.451416015625,668.3120727539062,1869.90576171875,49.254638671875,191.86831665039062,20250225-162858
592,8,0,0.66015625,754.552490234375,447.88311767578125,149.7206268310547,167.05801391601562,20250225-162858
592,18,0,0.8037109375,712.2692260742188,226.85096740722656,174.9861602783203,269.8851623535156,20250225-162858
592,9,0,0.89892578125,534.3846435546875,0.7122344970703125,425.58502197265625,538.6541137695312,20250225-162858
592,10,0,0.908203125,71.71402740478516,411.72930908203125,1500.1981201171875,1003.8981323242188,20250225-162858
593,21,0,0.443603515625,668.6361694335938,1868.79931640625,50.5440673828125,312.462158203125,20250225-162858
593,8,0,0.55712890625,754.61279296875,448.5396423339844,150.9375,167.1688232421875,20250225-162858
593,18,0,0.79736328125,712.6583862304688,228.24993896484375,173.49737548828125,269.35662841796875,20250225-162858
593,9,0,0.87890625,535.6866455078125,0.893280029296875,430.7710876464844,537.0865478515625,20250225-162858
593,10,0,0.90966796875,79.35519409179688,421.44854736328125,1491.4140625,996.979248046875,20250225-162858
594,21,0,0.37109375,670.3532104492188,1867.38720703125,52.0491943359375,182.14190673828125,20250225-162858
594,8,0,0.56884765625,755.427978515625,448.77923583984375,152.2016143798828,168.54786682128906,20250225-162858
594,18,0,0.71044921875,713.9572143554688,227.85205078125,173.26194763183594,267.4995422363281,20250225-162858
594,10,0,0.814453125,87.6630859375,423.566162109375,1490.3052978515625,990.0994873046875,20250225-162858
594,9,0,0.88427734375,534.8098754882812,0.88604736328125,432.1695556640625,537.2921752929688,20250225-162858
595,18,0,0.60009765625,717.7205810546875,230.63699340820312,170.64999389648438,263.1106262207031,20250225-162858
595,21,0,0.6083984375,669.7399291992188,1862.4085693359375,57.02362060546875,179.65736389160156,20250225-162858
595,8,0,0.6123046875,754.6905517578125,448.8533935546875,151.84217834472656,166.46157836914062,20250225-162858
595,10,0,0.75927734375,93.94657897949219,413.86322021484375,1503.203125,981.529541015625,20250225-162858
595,9,0,0.89697265625,534.9312744140625,0.5899658203125,436.1948547363281,537.6267700195312,20250225-162858
596,21,0,0.5341796875,668.3421020507812,1858.4219970703125,60.80218505859375,183.53314208984375,20250225-162858
596,18,0,0.7255859375,714.0031127929688,231.0816650390625,169.73281860351562,262.5755615234375,20250225-162858
596,8,0,0.759765625,754.1638793945312,449.6263732910156,151.27308654785156,166.50303649902344,20250225-162858
596,9,0,0.8935546875,534.7578735351562,0.58538818359375,439.2049255371094,538.3262939453125,20250225-162858
596,10,0,0.90283203125,96.19886779785156,417.873779296875,1496.12255859375,977.87255859375,20250225-162858
597,21,0,0.5029296875,667.3942260742188,1846.885009765625,72.1527099609375,184.9587860107422,20250225-162858
597,8,0,0.5166015625,754.0833740234375,448.455322265625,153.06687927246094,169.5466766357422,20250225-162858
597,18,0,0.708984375,713.155029296875,230.8596954345703,170.23292541503906,263.7676696777344,20250225-162858
597,10,0,0.84326171875,96.07955932617188,424.76788330078125,1490.912353515625,973.6655883789062,20250225-162858
597,9,0,0.88134765625,534.9291381835938,0.7831878662109375,445.43695068359375,538.3340454101562,20250225-162858
598,5,0,0.3388671875,641.9276123046875,699.5841064453125,90.97430419921875,67.51664733886719,20250225-162858
598,21,0,0.436767578125,663.9570922851562,1840.5325927734375,78.4185791015625,193.96807861328125,20250225-162858
598,8,0,0.501953125,754.5101318359375,446.5399475097656,154.6387481689453,168.97470092773438,20250225-162858
598,18,0,0.68994140625,713.6907348632812,229.13314819335938,172.40496826171875,258.8070068359375,20250225-162858
598,9,0,0.884765625,535.0909423828125,1.6428680419921875,450.8676452636719,537.4393920898438,20250225-162858
598,10,0,0.8916015625,95.12383270263672,434.06121826171875,1485.5322265625,975.2088012695312,20250225-162858
599,5,0,0.3486328125,642.6546020507812,697.2802734375,94.484619140625,76.02522277832031,20250225-162858
599,21,0,0.355712890625,669.4223022460938,1846.7720947265625,72.73388671875,213.88621520996094,20250225-162858
599,10,0,0.505859375,103.81822204589844,440.0518798828125,1479.9481201171875,964.323486328125,20250225-162858
599,8,0,0.529296875,754.8792114257812,447.9522399902344,154.64707946777344,166.3377227783203,20250225-162858
599,18,0,0.68994140625,712.654052734375,224.50914001464844,176.7864990234375,257.60540771484375,20250225-162858
599,9,0,0.8671875,535.1082763671875,1.0867767333984375,459.9817199707031,538.3126220703125,20250225-162858
600,21,0,0.3720703125,663.7123413085938,1851.40625,67.67724609375,200.73574829101562,20250225-162858
600,5,0,0.5048828125,642.447021484375,693.2678833007812,104.168701171875,93.05625915527344,20250225-162858
600,10,0,0.5126953125,105.49492645263672,413.51806640625,1504.567138671875,971.020751953125,20250225-162858
600,8,0,0.5205078125,754.6466064453125,447.76519775390625,155.90757751464844,166.4779815673828,20250225-162858
600,18,0,0.75634765625,708.9771118164062,217.28233337402344,184.23106384277344,262.8235168457031,20250225-162858
600,9,0,0.8798828125,534.3967895507812,1.1613922119140625,469.9322204589844,538.473388671875,20250225-162858
601,21,0,0.391357421875,668.6471557617188,1867.06689453125,52.21142578125,322.57525634765625,20250225-162858
601,8,0,0.62158203125,753.4248657226562,502.7368469238281,102.12117004394531,165.8682403564453,20250225-162858
601,5,0,0.638671875,640.887451171875,691.279052734375,117.26870727539062,115.27584838867188,20250225-162858
601,10,0,0.67236328125,105.61405944824219,457.22369384765625,1460.94189453125,968.2320556640625,20250225-162858
601,18,0,0.7880859375,709.0018310546875,214.30604553222656,187.1411590576172,257.13519287109375,20250225-162858
601,9,0,0.83837890625,532.7098999023438,0.9883575439453125,405.7907409667969,539.1238403320312,20250225-162858
602,21,0,0.3701171875,668.43017578125,1871.069091796875,48.4544677734375,269.8942565917969,20250225-162858
602,10,0,0.57373046875,105.33081817626953,477.948486328125,1434.8851318359375,965.8502197265625,20250225-162858
602,5,0,0.669921875,641.57275390625,479.1184387207031,345.1868591308594,420.1051330566406,20250225-162858
602,8,0,0.72314453125,752.6359252929688,447.99261474609375,156.49456787109375,167.49481201171875,20250225-162858
602,18,0,0.80419921875,703.3580932617188,206.25169372558594,195.58895874023438,264.38958740234375,20250225-162858
602,9,0,0.87060546875,533.4861450195312,0.79229736328125,483.4423828125,538.6900634765625,20250225-162858
603,21,0,0.521484375,668.0770263671875,1871.95068359375,47.470458984375,183.6475067138672,20250225-162858
603,10,0,0.546875,104.72416687011719,463.9884033203125,1456.0115966796875,973.5570068359375,20250225-162858
603,5,0,0.736328125,641.5841674804688,495.0116271972656,345.01153564453125,414.3819885253906,20250225-162858
603,8,0,0.744140625,752.3961181640625,448.1670227050781,158.0493621826172,171.1347198486328,20250225-162858
603,18,0,0.82958984375,705.336669921875,205.13653564453125,197.15867614746094,263.58465576171875,20250225-162858
603,9,0,0.8779296875,535.3965454101562,0.998931884765625,493.2225036621094,537.003662109375,20250225-162858
604,21,0,0.4892578125,668.9044189453125,1871.302490234375,48.2091064453125,122.52957153320312,20250225-162858
604,10,0,0.6591796875,103.76595306396484,503.396484375,1414.1708984375,971.5675048828125,20250225-162858
604,5,0,0.70751953125,641.9397583007812,472.68695068359375,369.0684814453125,428.3910827636719,20250225-162858
604,8,0,0.7080078125,752.0745849609375,448.2582092285156,159.28518676757812,170.94598388671875,20250225-162858
604,18,0,0.8505859375,702.8314819335938,201.79591369628906,200.76315307617188,267.6338195800781,20250225-162858
604,9,0,0.89306640625,534.9732666015625,0.95745849609375,484.0397644042969,538.2279663085938,20250225-162858
605,21,0,0.320068359375,668.7530517578125,1873.9749755859375,45.59197998046875,103.82096862792969,20250225-162858
605,8,0,0.61669921875,753.1031494140625,448.24786376953125,158.69911193847656,167.9691925048828,20250225-162858
605,5,0,0.7265625,642.5753173828125,466.62359619140625,375.65240478515625,428.9486389160156,20250225-162858
605,9,0,0.83740234375,534.9603881835938,0.9662933349609375,447.6390380859375,536.6402587890625,20250225-162858
605,10,0,0.84521484375,101.68919372558594,507.22412109375,1412.77587890625,972.88037109375,20250225-162858
605,18,0,0.85986328125,703.03076171875,199.89454650878906,201.55165100097656,268.231201171875,20250225-162858
606,21,0,0.248046875,667.2181396484375,1874.2093505859375,45.11260986328125,96.77761840820312,20250225-162858
606,8,0,0.61865234375,752.6357421875,494.6895751953125,115.14047241210938,168.76304626464844,20250225-162858
606,5,0,0.66796875,641.513427734375,475.1444091796875,370.3801574707031,427.1673583984375,20250225-162858
606,9,0,0.84375,536.2476806640625,0.9627685546875,426.6524963378906,534.364501953125,20250225-162858
606,18,0,0.84814453125,703.1643676757812,195.48692321777344,205.2992706298828,272.35467529296875,20250225-162858
606,10,0,0.86865234375,100.84685516357422,526.6698608398438,1392.9290771484375,973.6534423828125,20250225-162858
607,8,0,0.61328125,752.7132568359375,449.1446228027344,159.78414916992188,169.4491729736328,20250225-162858
607,5,0,0.814453125,641.4512939453125,474.88385009765625,370.72137451171875,431.6932678222656,20250225-162858
607,18,0,0.84375,703.8433837890625,192.005126953125,210.08010864257812,270.4839172363281,20250225-162858
607,10,0,0.859375,93.36439514160156,562.090576171875,1357.909423828125,978.0772705078125,20250225-162858
607,9,0,0.88671875,537.4088745117188,1.5412445068359375,464.4861145019531,534.9185791015625,20250225-162858
608,8,0,0.57861328125,752.4544067382812,450.3604431152344,159.27662658691406,169.72332763671875,20250225-162858
608,5,0,0.79248046875,642.209228515625,472.3929748535156,375.4538269042969,430.9560546875,20250225-162858
608,10,0,0.849609375,93.45700073242188,557.94287109375,1361.3587646484375,979.0060424804688,20250225-162858
608,18,0,0.86279296875,703.6154174804688,193.36102294921875,208.91981506347656,274.9215393066406,20250225-162858
608,9,0,0.900390625,536.996337890625,1.097259521484375,461.7005310058594,535.401123046875,20250225-162858
609,21,0,0.241455078125,667.0068359375,1871.390625,48.180908203125,103.44322967529297,20250225-162858
609,8,0,0.6318359375,752.359375,494.074951171875,113.91746520996094,169.6094207763672,20250225-162858
609,5,0,0.84423828125,641.642578125,468.8641662597656,379.0513916015625,432.41192626953125,20250225-162858
609,18,0,0.87451171875,704.713623046875,191.4690399169922,210.1453399658203,271.2541198730469,20250225-162858
609,10,0,0.892578125,92.49166870117188,577.0341796875,1342.9658203125,979.9951171875,20250225-162858
609,9,0,0.9130859375,537.0012817382812,1.4659881591796875,442.87310791015625,534.6863403320312,20250225-162858
610,21,0,0.27197265625,666.7661743164062,1870.9097900390625,48.6705322265625,116.45671081542969,20250225-162858
610,8,0,0.69091796875,752.1827392578125,495.4452209472656,112.18643188476562,170.62059020996094,20250225-162858
610,5,0,0.857421875,640.7080078125,469.2219543457031,377.9751892089844,433.45245361328125,20250225-162858
610,18,0,0.865234375,703.4053344726562,186.3603057861328,215.4188232421875,273.5307312011719,20250225-162858
610,10,0,0.90966796875,92.74452209472656,586.3260498046875,1333.6083984375,978.3208618164062,20250225-162858
610,9,0,0.9140625,536.4473266601562,1.46502685546875,442.9155578613281,535.3276977539062,20250225-162858
611,21,0,0.458984375,667.1008911132812,1870.1334228515625,49.17828369140625,123.6006088256836,20250225-162858
611,8,0,0.67724609375,751.8873291015625,493.40771484375,114.67506408691406,169.63629150390625,20250225-162858
611,5,0,0.869140625,641.810546875,468.2249450683594,375.3886413574219,432.130126953125,20250225-162858
611,18,0,0.880859375,703.5173950195312,189.2864227294922,212.3140869140625,274.1519775390625,20250225-162858
611,10,0,0.89013671875,94.0952377319336,587.7852172851562,1331.5506591796875,977.5465087890625,20250225-162858
611,9,0,0.91259765625,535.6925048828125,1.4675445556640625,442.49005126953125,535.9965209960938,20250225-162858
612,21,0,0.587890625,666.864990234375,1870.235595703125,49.08599853515625,153.28451538085938,20250225-162858
612,8,0,0.73486328125,751.8579711914062,494.3963928222656,113.22628784179688,168.73995971679688,20250225-162858
612,5,0,0.86669921875,642.0128784179688,465.7591552734375,375.53228759765625,432.0249938964844,20250225-162858
612,18,0,0.880859375,704.0960083007812,183.1849365234375,218.5865936279297,274.7518310546875,20250225-162858
612,10,0,0.89892578125,94.24080657958984,588.192626953125,1330.6483154296875,978.1915893554688,20250225-162858
612,9,0,0.91552734375,535.8713989257812,1.28009033203125,442.5942077636719,536.0062866210938,20250225-162858
613,24,0,0.415771484375,641.5704345703125,683.833251953125,157.31268310546875,122.19483184814453,20250225-162858
613,21,0,0.5859375,667.3314208984375,1869.364013671875,50.06085205078125,171.6761016845703,20250225-162858
613,8,0,0.73779296875,751.9296875,494.4308166503906,111.33251953125,167.03321838378906,20250225-162858
613,5,0,0.85302734375,642.17333984375,465.9041748046875,374.53271484375,432.1376037597656,20250225-162858
613,18,0,0.876953125,703.31640625,181.85247802734375,220.0609130859375,278.01263427734375,20250225-162858
613,10,0,0.88720703125,94.98950958251953,584.9835815429688,1333.32275390625,976.2839965820312,20250225-162858
613,9,0,0.916015625,535.68701171875,1.28173828125,440.3469543457031,536.0739135742188,20250225-162858
614,24,0,0.4697265625,641.2569580078125,683.9954223632812,155.58013916015625,120.22587585449219,20250225-162859
614,21,0,0.5029296875,667.1502075195312,1867.9844970703125,51.50811767578125,208.19541931152344,20250225-162859
614,8,0,0.7685546875,752.0040893554688,497.2291259765625,108.24252319335938,165.22767639160156,20250225-162859
614,5,0,0.84130859375,642.530517578125,458.3401794433594,378.8522644042969,430.604248046875,20250225-162859
614,10,0,0.8564453125,94.22698974609375,580.426025390625,1337.0211181640625,975.8250732421875,20250225-162859
614,18,0,0.87548828125,704.098388671875,183.05484008789062,218.4990692138672,278.4535827636719,20250225-162859
614,9,0,0.91162109375,535.4940795898438,1.0927734375,440.71527099609375,536.4578857421875,20250225-162859
615,24,0,0.4697265625,641.5946044921875,681.0361328125,157.103759765625,120.24063873291016,20250225-162859
615,21,0,0.5185546875,667.5504760742188,1866.9166259765625,52.5194091796875,267.31243896484375,20250225-162859
615,8,0,0.75,752.0133056640625,492.0282897949219,112.74760437011719,164.35899353027344,20250225-162859
615,5,0,0.82080078125,642.759765625,457.58880615234375,378.17047119140625,430.76861572265625,20250225-162859
615,10,0,0.845703125,96.56655883789062,566.7738647460938,1352.738037109375,978.5693359375,20250225-162859
615,18,0,0.87548828125,704.0528564453125,180.9173126220703,220.6508331298828,275.9046325683594,20250225-162859
615,9,0,0.91162109375,535.3141479492188,1.090850830078125,437.9407653808594,536.4600219726562,20250225-162859
616,21,0,0.414794921875,667.2460327148438,1866.8046875,52.467041015625,315.6521301269531,20250225-162859
616,24,0,0.53125,641.5206298828125,681.9255981445312,153.59124755859375,120.52413940429688,20250225-162859
616,8,0,0.76708984375,751.92041015625,496.6846618652344,107.48263549804688,162.9781494140625,20250225-162859
616,5,0,0.80810546875,642.5407104492188,453.90875244140625,379.8134765625,430.5847473144531,20250225-162859
616,18,0,0.8779296875,704.3326416015625,182.0592803955078,219.70211791992188,276.9969177246094,20250225-162859
616,10,0,0.8896484375,92.78555297851562,571.2652587890625,1347.1776123046875,978.3333129882812,20250225-162859
616,9,0,0.91015625,535.4928588867188,1.275146484375,438.9842834472656,536.3442993164062,20250225-162859
617,24,0,0.368408203125,641.5487060546875,680.2183227539062,154.7369384765625,120.58731079101562,20250225-162859
617,21,0,0.39697265625,661.6589965820312,1868.5404052734375,50.5140380859375,218.1374969482422,20250225-162859
617,8,0,0.73095703125,751.92431640625,501.8668212890625,102.19496154785156,161.31448364257812,20250225-162859
617,5,0,0.8203125,642.2911376953125,460.7408752441406,373.0858154296875,430.8990783691406,20250225-162859
617,18,0,0.87939453125,704.2872924804688,180.8328094482422,220.79164123535156,276.5186767578125,20250225-162859
617,10,0,0.8935546875,93.70067596435547,563.3637084960938,1353.686767578125,978.5795288085938,20250225-162859
617,9,0,0.91259765625,535.1282348632812,1.278350830078125,438.73992919921875,537.0159912109375,20250225-162859
618,24,0,0.26123046875,642.16845703125,680.3450317382812,153.1571044921875,125.59578704833984,20250225-162859
618,21,0,0.39697265625,667.0953369140625,1865.7158203125,53.40985107421875,188.71817016601562,20250225-162859
618,8,0,0.72021484375,752.3456420898438,499.7210998535156,102.89089965820312,156.7050323486328,20250225-162859
618,5,0,0.83837890625,641.2572021484375,454.34307861328125,380.1522216796875,432.3435974121094,20250225-162859
618,10,0,0.8583984375,91.00782775878906,560.4627685546875,1356.7547607421875,980.6583862304688,20250225-162859
618,18,0,0.875,704.2325439453125,180.81170654296875,220.70713806152344,275.2306823730469,20250225-162859
618,9,0,0.91015625,533.6317749023438,1.4645233154296875,439.930419921875,537.9671630859375,20250225-162859
619,21,0,0.64501953125,666.5742797851562,1859.7919921875,59.48455810546875,186.28048706054688,20250225-162859
619,8,0,0.64599609375,751.3819580078125,500.8658752441406,101.33349609375,161.1011962890625,20250225-162859
619,5,0,0.84521484375,644.384033203125,445.72686767578125,387.12725830078125,429.0008239746094,20250225-162859
619,10,0,0.84814453125,88.33642578125,558.290771484375,1357.074462890625,982.7018432617188,20250225-162859
619,18,0,0.8740234375,704.3032836914062,177.43460083007812,224.31546020507812,271.8572082519531,20250225-162859
619,9,0,0.9111328125,530.00830078125,0.78973388671875,442.00323486328125,541.8632202148438,20250225-162859
620,24,0,0.25537109375,641.8180541992188,681.9124755859375,150.34771728515625,124.21382904052734,20250225-162859
620,8,0,0.67919921875,751.8026733398438,448.247314453125,153.36566162109375,166.30313110351562,20250225-162859
620,21,0,0.67919921875,667.0936889648438,1853.6260986328125,66.0040283203125,183.12802124023438,20250225-162859
620,5,0,0.84375,644.5491333007812,444.2091064453125,386.9586181640625,429.4200439453125,20250225-162859
620,10,0,0.8525390625,88.57452392578125,537.052734375,1381.3875732421875,981.7644653320312,20250225-162859
620,18,0,0.8681640625,703.8682250976562,176.43995666503906,225.58273315429688,265.8707580566406,20250225-162859
620,9,0,0.91015625,527.5230712890625,0.977325439453125,442.6408996582031,543.9512329101562,20250225-162859
621,24,0,0.2822265625,642.0657958984375,681.2801513671875,149.9981689453125,126.63845825195312,20250225-162859
621,21,0,0.5859375,667.0938110351562,1853.5166015625,65.7161865234375,185.460205078125,20250225-162859
621,8,0,0.59375,751.6294555664062,501.1930847167969,100.24058532714844,159.87570190429688,20250225-162859
621,10,0,0.81884765625,88.63236999511719,544.9984741210938,1372.8424072265625,980.9320678710938,20250225-162859
621,5,0,0.8486328125,644.5781860351562,442.13397216796875,388.91400146484375,428.9776611328125,20250225-162859
621,18,0,0.86181640625,704.4366455078125,173.71998596191406,228.72372436523438,265.3706359863281,20250225-162859
621,9,0,0.91650390625,525.4275512695312,0.9762725830078125,440.8678894042969,546.0386352539062,20250225-162859
622,24,0,0.384033203125,642.02197265625,680.950927734375,149.0947265625,131.22378540039062,20250225-162859
622,21,0,0.47265625,667.841552734375,1846.836181640625,72.52093505859375,192.63461303710938,20250225-162859
622,8,0,0.625,752.1248779296875,446.8834533691406,154.5326385498047,165.0281219482422,20250225-162859
622,5,0,0.8486328125,644.2267456054688,439.2120666503906,390.28472900390625,430.3558044433594,20250225-162859
622,18,0,0.8681640625,704.0515747070312,171.5543975830078,230.5485076904297,266.3172302246094,20250225-162859
622,10,0,0.87109375,89.5166015625,535.7391357421875,1381.916015625,980.73193359375,20250225-162859
622,9,0,0.916015625,523.2488403320312,0.7881317138671875,440.36199951171875,547.9224243164062,20250225-162859
623,21,0,0.5517578125,667.1784057617188,1853.1441650390625,66.05657958984375,185.8555450439453,20250225-162859
623,8,0,0.66650390625,752.3699951171875,446.5726318359375,155.30914306640625,166.43609619140625,20250225-162859
623,5,0,0.82958984375,640.4832153320312,440.1031494140625,384.0670166015625,434.15045166015625,20250225-162859
623,10,0,0.8603515625,92.20053100585938,512.701904296875,1404.9627685546875,977.7730102539062,20250225-162859
623,18,0,0.87939453125,703.91162109375,169.91748046875,231.64764404296875,269.07183837890625,20250225-162859
623,9,0,0.91796875,523.2371215820312,0.784698486328125,440.3349609375,548.281982421875,20250225-162859
624,24,0,0.286865234375,641.6808471679688,680.3623046875,110.56814575195312,134.43453979492188,20250225-162859
624,21,0,0.58984375,667.4581298828125,1856.212646484375,62.98443603515625,185.9083251953125,20250225-162859
624,8,0,0.638671875,752.4532470703125,447.3406677246094,154.45843505859375,165.38217163085938,20250225-162859
624,5,0,0.84326171875,640.7127685546875,442.6883239746094,350.5348205566406,433.5784912109375,20250225-162859
624,10,0,0.8759765625,91.55181884765625,520.9931030273438,1397.0869140625,980.0347290039062,20250225-162859
624,18,0,0.8818359375,704.325927734375,167.9116973876953,233.7633819580078,272.9168701171875,20250225-162859
624,9,0,0.9189453125,522.7432250976562,0.785888671875,438.2670593261719,548.5437622070312,20250225-162859
625,24,0,0.34521484375,642.18701171875,680.7255249023438,105.14117431640625,134.1548309326172,20250225-162859
625,8,0,0.56298828125,750.2024536132812,505.8481750488281,96.69795227050781,160.9544219970703,20250225-162859
625,21,0,0.57763671875,667.4786376953125,1861.4073486328125,57.79339599609375,186.54098510742188,20250225-162859
625,5,0,0.85498046875,640.7271118164062,443.66693115234375,343.5090637207031,434.1628723144531,20250225-162859
625,10,0,0.87939453125,90.01356506347656,527.2472534179688,1390.667724609375,981.327392578125,20250225-162859
625,18,0,0.88330078125,705.2210693359375,164.43186950683594,237.1721649169922,268.7115173339844,20250225-162859
625,9,0,0.9208984375,521.2752075195312,0.7841949462890625,438.1419982910156,549.777099609375,20250225-162859
626,24,0,0.37939453125,641.86376953125,681.31640625,107.61859130859375,130.05581665039062,20250225-162859
626,21,0,0.5078125,667.4010009765625,1866.354248046875,52.887451171875,189.6263427734375,20250225-162859
626,8,0,0.69775390625,752.3886108398438,447.8659973144531,154.4948272705078,166.96197509765625,20250225-162859
626,10,0,0.74755859375,91.76399230957031,525.5171508789062,1392.5269775390625,977.2694091796875,20250225-162859
626,5,0,0.86767578125,639.8123168945312,442.0577087402344,346.9017333984375,434.56524658203125,20250225-162859
626,18,0,0.89013671875,704.4169921875,161.24258422851562,240.26834106445312,273.54132080078125,20250225-162859
626,9,0,0.9208984375,520.3246459960938,0.7772369384765625,437.3174743652344,550.765625,20250225-162859
627,21,0,0.294921875,667.6254272460938,1864.4879150390625,55.04205322265625,283.01776123046875,20250225-162859
627,24,0,0.41015625,641.3836669921875,680.5484619140625,115.4703369140625,128.30255126953125,20250225-162859
627,8,0,0.5458984375,748.9630737304688,503.4830322265625,100.39535522460938,162.21871948242188,20250225-162859
627,10,0,0.857421875,90.29714965820312,530.1370239257812,1388.02587890625,976.79443359375,20250225-162859
627,5,0,0.861328125,641.7305297851562,440.3454895019531,353.8693542480469,434.5147399902344,20250225-162859
627,18,0,0.890625,704.6024169921875,160.5124969482422,240.9734344482422,271.2104797363281,20250225-162859
627,9,0,0.919921875,518.3038330078125,0.778564453125,436.6043701171875,552.8446655273438,20250225-162859
628,21,0,0.441650390625,669.0857543945312,1864.9610595703125,54.47314453125,218.17869567871094,20250225-162859
628,24,0,0.541015625,640.3363037109375,680.3580322265625,109.7449951171875,125.89920043945312,20250225-162859
628,8,0,0.71875,751.5762329101562,447.74102783203125,154.6271209716797,168.0618896484375,20250225-162859
628,10,0,0.77734375,88.69116973876953,547.7706298828125,1358.1844482421875,973.790283203125,20250225-162859
628,5,0,0.83837890625,641.6607666015625,439.7622985839844,347.8041687011719,435.03253173828125,20250225-162859
628,18,0,0.89208984375,704.7584228515625,156.98451232910156,244.65431213378906,273.02081298828125,20250225-162859
628,9,0,0.92236328125,517.7069702148438,0.78057861328125,435.7317810058594,553.0528564453125,20250225-162859
629,21,0,0.59912109375,669.7489013671875,1865.202392578125,54.24884033203125,159.72970581054688,20250225-162859
629,8,0,0.6875,751.6268920898438,448.40313720703125,154.7482452392578,166.3448486328125,20250225-162859
629,10,0,0.69921875,83.95863342285156,506.23504638671875,1407.6500244140625,982.0653076171875,20250225-162859
629,18,0,0.8935546875,704.95458984375,154.4875946044922,246.97315979003906,273.9162902832031,20250225-162859
629,9,0,0.9189453125,516.1136474609375,0.7816314697265625,436.19952392578125,554.6885375976562,20250225-162859
630,24,0,0.304931640625,642.7213134765625,680.0533447265625,150.48504638671875,116.08428955078125,20250225-162859
630,21,0,0.373046875,669.8760986328125,1865.1617431640625,54.2669677734375,145.07943725585938,20250225-162859
630,8,0,0.62353515625,751.1548461914062,507.2064514160156,97.97007751464844,160.8273162841797,20250225-162859
630,5,0,0.7265625,646.0535888671875,448.94219970703125,382.05120849609375,429.46551513671875,20250225-162859
630,10,0,0.8544921875,90.62458801269531,476.85369873046875,1437.349853515625,974.2767333984375,20250225-162859
630,18,0,0.89208984375,704.87939453125,153.0428466796875,248.08026123046875,274.7814636230469,20250225-162859
630,9,0,0.91748046875,516.8085327148438,0.7833251953125,433.1736145019531,554.2025756835938,20250225-162859
631,21,0,0.345947265625,670.3960571289062,1864.1341552734375,55.2022705078125,116.26625061035156,20250225-162859
631,8,0,0.62158203125,751.1633911132812,499.12115478515625,107.88038635253906,160.64097595214844,20250225-162859
631,10,0,0.68017578125,75.24862670898438,463.7138671875,1451.1866455078125,991.223876953125,20250225-162859
631,5,0,0.83154296875,642.3358764648438,454.0667724609375,372.80255126953125,432.44183349609375,20250225-162859
631,18,0,0.8935546875,705.10302734375,150.93557739257812,250.46035766601562,274.87860107421875,20250225-162859
631,9,0,0.916015625,517.6985473632812,0.599029541015625,433.54669189453125,553.2630004882812,20250225-162859
632,24,0,0.373779296875,641.337890625,674.3373413085938,141.1402587890625,120.43882751464844,20250225-162859
632,8,0,0.61669921875,749.0769653320312,504.1278076171875,103.09300231933594,162.621337890625,20250225-162859
632,5,0,0.69091796875,643.749755859375,452.2834167480469,365.4507751464844,428.8428955078125,20250225-162859
632,10,0,0.88623046875,56.09558868408203,467.99029541015625,1276.8056640625,1009.5095825195312,20250225-162859
632,18,0,0.8916015625,705.2007446289062,149.87745666503906,251.4232635498047,276.2748718261719,20250225-162859
632,9,0,0.91357421875,517.912841796875,0.919921875,433.072021484375,553.4642333984375,20250225-162859
633,22,0,0.2117919921875,501.7657470703125,1602.1787109375,317.07183837890625,558.6619262695312,20250225-162859
633,8,0,0.6279296875,750.7879638671875,501.37042236328125,105.22077941894531,165.71974182128906,20250225-162859
633,10,0,0.85107421875,49.219093322753906,444.65570068359375,1426.565185546875,1013.9146728515625,20250225-162859
633,18,0,0.89306640625,705.2263793945312,147.05323791503906,253.9683380126953,275.1861572265625,20250225-162859
633,9,0,0.9091796875,520.73095703125,1.107879638671875,433.63330078125,551.0052490234375,20250225-162859
634,8,0,0.517578125,751.7420654296875,446.5108337402344,142.14820861816406,169.87489318847656,20250225-162859
634,10,0,0.80078125,21.639719009399414,434.490234375,1288.2835693359375,1042.528564453125,20250225-162859
634,18,0,0.8857421875,705.3684692382812,142.9928741455078,258.78204345703125,272.6528015136719,20250225-162859
634,9,0,0.90771484375,524.2166137695312,0.796966552734375,438.3629150390625,547.2935180664062,20250225-162859
635,22,0,0.5205078125,723.445068359375,1624.442138671875,101.633056640625,131.85885620117188,20250225-162859
635,10,0,0.81298828125,3.086986541748047,415.79534912109375,1394.932373046875,1063.921630859375,20250225-162859
635,9,0,0.900390625,527.2689208984375,1.1082000732421875,420.8687744140625,544.565673828125,20250225-162859
636,21,0,0.37939453125,2.25494384765625,1433.9117431640625,484.6527099609375,1064.986328125,20250225-162859
636,22,0,0.57080078125,723.5527954101562,1625.13330078125,97.9332275390625,133.5789794921875,20250225-162859
636,10,0,0.88134765625,21.6855525970459,382.24346923828125,1299.9664306640625,1049.127685546875,20250225-162859
636,9,0,0.8857421875,529.39404296875,1.48883056640625,407.4269714355469,543.089599609375,20250225-162859
637,21,0,0.3408203125,215.02630615234375,1558.6871337890625,360.17926025390625,850.3890991210938,20250225-162859
637,22,0,0.60009765625,723.6210327148438,1621.446533203125,103.01824951171875,131.62916564941406,20250225-162859
637,10,0,0.82666015625,6.217832565307617,352.8314208984375,1422.892578125,1060.4739990234375,20250225-162859
637,18,0,0.857421875,705.90087890625,134.2280731201172,266.50689697265625,269.56011962890625,20250225-162859
638,9,0,0.294189453125,535.6525268554688,1.1006927490234375,341.80841064453125,536.1283569335938,20250225-162859
638,22,0,0.65673828125,723.6751098632812,1622.82275390625,102.52313232421875,133.3543701171875,20250225-162859
638,21,0,0.78271484375,3.110675811767578,1601.02880859375,317.72845458984375,1059.4632568359375,20250225-162859
638,18,0,0.8193359375,705.63720703125,135.71424865722656,265.493896484375,273.81439208984375,20250225-162859
638,10,0,0.83447265625,7.154502868652344,316.75762939453125,1538.5341796875,1060.6109619140625,20250225-162859
639,24,0,0.332763671875,646.76318359375,684.3967895507812,159.39111328125,127.07756805419922,20250225-162859
639,21,0,0.5419921875,3.152132034301758,1622.2459716796875,296.71966552734375,1061.1353759765625,20250225-162859
639,9,0,0.74755859375,537.9918823242188,0.6796417236328125,357.64691162109375,531.9391479492188,20250225-162859
639,18,0,0.845703125,705.8944702148438,134.4770050048828,261.28057861328125,245.67335510253906,20250225-162859
639,10,0,0.88623046875,25.566987991333008,243.66009521484375,1496.4664306640625,1039.54736328125,20250225-162859
640,24,0,0.583984375,645.544189453125,683.4992065429688,158.366455078125,128.4633026123047,20250225-162859
640,21,0,0.591796875,3.2532405853271484,1632.072265625,286.8826904296875,1058.43798828125,20250225-162859
640,9,0,0.8310546875,539.8323974609375,1.2250900268554688,356.4993591308594,530.9464721679688,20250225-162859
640,18,0,0.849609375,705.9115600585938,132.96331787109375,256.0086364746094,235.39752197265625,20250225-162859
640,10,0,0.87353515625,37.65581130981445,282.38397216796875,1458.8895263671875,1027.894775390625,20250225-162859
641,24,0,0.5537109375,645.3955078125,681.4817504882812,155.17364501953125,132.7720947265625,20250225-162859
641,21,0,0.63525390625,1.9758224487304688,1631.23681640625,287.5455322265625,1060.6278076171875,20250225-162859
641,9,0,0.8291015625,540.0462036132812,1.0696792602539062,355.41754150390625,531.4461059570312,20250225-162859
641,18,0,0.85791015625,704.4296264648438,132.3247833251953,258.1341552734375,238.39749145507812,20250225-162859
641,10,0,0.86669921875,83.48081970214844,283.40533447265625,1591.3729248046875,980.9181518554688,20250225-162859
642,24,0,0.24365234375,647.679931640625,690.7774658203125,139.19979858398438,130.70228576660156,20250225-162859
642,21,0,0.68505859375,5.088987350463867,1597.6102294921875,321.0626220703125,1057.9925537109375,20250225-162859
642,9,0,0.80615234375,540.96728515625,1.21435546875,358.55389404296875,529.0184936523438,20250225-162859
642,18,0,0.81982421875,703.688720703125,131.53427124023438,263.6664733886719,248.7910614013672,20250225-162859
642,10,0,0.8720703125,99.72109985351562,297.453369140625,1489.801025390625,962.2168579101562,20250225-162859
643,9,0,0.7880859375,541.5073852539062,1.0639801025390625,363.56536865234375,526.626708984375,20250225-162859
643,10,0,0.8330078125,105.21246337890625,277.18359375,1442.7659912109375,956.982666015625,20250225-162859
643,18,0,0.8388671875,706.2755737304688,131.70346069335938,267.98101806640625,252.0679931640625,20250225-162859
643,21,0,0.84375,4.954748153686523,1565.4781494140625,353.44171142578125,1056.381591796875,20250225-162859
644,10,0,0.8291015625,113.90487670898438,299.1484375,1491.5489501953125,944.5392456054688,20250225-162900
644,9,0,0.83935546875,542.8837280273438,1.2496490478515625,364.10986328125,524.7794799804688,20250225-162900
644,18,0,0.85498046875,706.072998046875,132.05763244628906,266.9423828125,251.06094360351562,20250225-162900
644,21,0,0.8779296875,2.460165023803711,1535.2493896484375,383.6329650878906,1058.494384765625,20250225-162900
645,21,0,0.71875,2.8632259368896484,1510.75830078125,408.0321350097656,1048.215576171875,20250225-162900
645,10,0,0.82421875,134.14083862304688,306.2666015625,1534.1868896484375,927.7212524414062,20250225-162900
645,9,0,0.8251953125,542.4763793945312,0.8461990356445312,361.7892761230469,526.9387817382812,20250225-162900
645,18,0,0.8583984375,704.4785766601562,132.20411682128906,267.92950439453125,253.57904052734375,20250225-162900
646,21,0,0.482421875,3.0573320388793945,1486.7421875,432.522216796875,571.8673095703125,20250225-162900
646,10,0,0.83544921875,157.20843505859375,297.4229736328125,1608.439453125,906.4744873046875,20250225-162900
646,9,0,0.841796875,543.4542846679688,1.020721435546875,362.40093994140625,526.00537109375,20250225-162900
646,18,0,0.86572265625,704.0672607421875,132.4291229248047,267.7467956542969,251.45266723632812,20250225-162900
647,21,0,0.3388671875,0.3952503204345703,1452.0318603515625,466.786376953125,1058.0113525390625,20250225-162900
647,10,0,0.5888671875,191.83828735351562,298.00634765625,1604.2021484375,872.0252075195312,20250225-162900
647,9,0,0.80615234375,546.6572265625,1.0092315673828125,364.23162841796875,523.1802368164062,20250225-162900
647,18,0,0.8603515625,704.1295776367188,132.87368774414062,267.234130859375,254.59906005859375,20250225-162900
648,21,0,0.385009765625,0.0,1402.081787109375,516.5584716796875,982.3341064453125,20250225-162900
648,10,0,0.57861328125,238.35345458984375,303.10986328125,1597.4659423828125,827.3113403320312,20250225-162900
648,18,0,0.859375,706.5302734375,129.8390350341797,270.6951904296875,256.24169921875,20250225-162900
649,21,0,0.52734375,2.6822948455810547,1354.0543212890625,564.4647216796875,1058.9322509765625,20250225-162900
649,10,0,0.5927734375,257.8304138183594,305.2679443359375,1571.2781982421875,806.43701171875,20250225-162900
649,18,0,0.86962890625,704.9055786132812,128.10667419433594,272.4307861328125,260.36834716796875,20250225-162900
650,10,0,0.56103515625,253.86392211914062,299.3858642578125,1590.61083984375,811.0323486328125,20250225-162900
650,21,0,0.65771484375,5.938196182250977,1333.349609375,585.2210693359375,1025.750244140625,20250225-162900
650,9,0,0.869140625,562.7777709960938,0.8512802124023438,359.7397766113281,507.1833190917969,20250225-162900
651,21,0,0.62060546875,6.075782775878906,1309.6065673828125,608.4781494140625,986.1756591796875,20250225-162900
651,10,0,0.669921875,250.56253051757812,279.85601806640625,1548.887451171875,812.6834106445312,20250225-162900
651,18,0,0.859375,703.586669921875,128.8384552001953,270.45330810546875,253.8555908203125,20250225-162900
652,21,0,0.21435546875,8.638472557067871,1280.41748046875,638.4019775390625,648.8560791015625,20250225-162900
652,10,0,0.55908203125,256.8619689941406,276.5511474609375,1602.438720703125,806.6129760742188,20250225-162900
652,9,0,0.82861328125,552.2296752929688,0.916534423828125,357.28216552734375,517.6337280273438,20250225-162900
652,18,0,0.869140625,703.5809326171875,129.1973876953125,268.4215393066406,249.26536560058594,20250225-162900
653,10,0,0.3408203125,284.37078857421875,295.4608154296875,1473.8558349609375,779.5241088867188,20250225-162900
653,21,0,0.7529296875,7.743473052978516,1249.096923828125,669.2833251953125,1048.5,20250225-162900
653,9,0,0.86083984375,543.067138671875,1.2173995971679688,363.64898681640625,526.9308471679688,20250225-162900
653,18,0,0.86962890625,705.6731567382812,130.1582794189453,270.13043212890625,248.73492431640625,20250225-162900
654,10,0,0.5517578125,286.24072265625,309.44403076171875,1402.183349609375,777.9063720703125,20250225-162900
654,21,0,0.62890625,13.274145126342773,1227.2757568359375,691.279541015625,1048.645751953125,20250225-162900
654,18,0,0.86181640625,705.6282348632812,130.9741668701172,269.9969787597656,256.4757995605469,20250225-162900
655,10,0,0.383056640625,293.2644958496094,317.71014404296875,791.6914672851562,769.9810180664062,20250225-162900
655,21,0,0.75048828125,13.562278747558594,1225.3590087890625,692.8128662109375,1046.9300537109375,20250225-162900
655,18,0,0.8330078125,705.21826171875,132.4654541015625,269.7285461425781,262.7941589355469,20250225-162900
656,10,0,0.286865234375,292.831298828125,286.08837890625,814.072265625,770.2315673828125,20250225-162900
656,21,0,0.69287109375,14.797382354736328,1223.5888671875,694.2403564453125,1044.95263671875,20250225-162900
656,9,0,0.8544921875,536.5110473632812,0.9727935791015625,386.98126220703125,533.0703125,20250225-162900
657,10,0,0.256103515625,279.06988525390625,229.3707275390625,1563.9019775390625,784.873046875,20250225-162900
657,21,0,0.61669921875,14.710264205932617,1223.9730224609375,694.3870849609375,1042.943603515625,20250225-162900
657,9,0,0.87451171875,543.661865234375,0.988861083984375,389.21429443359375,527.0050659179688,20250225-162900
658,10,0,0.462890625,251.98585510253906,317.1240234375,1589.8685302734375,812.5572509765625,20250225-162900
658,9,0,0.86865234375,549.635009765625,0.9323272705078125,387.99713134765625,522.111328125,20250225-162900
659,21,0,0.537109375,11.580018997192383,1216.7867431640625,701.271240234375,1050.3035888671875,20250225-162900
659,9,0,0.87744140625,552.371826171875,0.9310455322265625,390.82611083984375,519.2141723632812,20250225-162900
660,10,0,0.63525390625,245.40916442871094,344.860107421875,1545.4691162109375,819.0220336914062,20250225-162900
660,18,0,0.8525390625,705.4196166992188,133.5595245361328,268.93890380859375,271.96856689453125,20250225-162900
661,10,0,0.64892578125,243.7223358154297,339.76007080078125,1555.89453125,822.3418579101562,20250225-162900
661,18,0,0.86083984375,704.1249389648438,140.51490783691406,263.02301025390625,268.5099792480469,20250225-162900
662,10,0,0.60693359375,249.22158813476562,341.59661865234375,1537.949462890625,814.7510986328125,20250225-162900
662,18,0,0.859375,702.9124755859375,149.98324584960938,253.5435333251953,256.22021484375,20250225-162900
662,9,0,0.8720703125,515.8637084960938,0.8861846923828125,400.0714416503906,555.3939208984375,20250225-162900
663,10,0,0.5439453125,21.356477737426758,114.4552001953125,1800.618896484375,1053.50146484375,20250225-162900
663,9,0,0.82177734375,501.01019287109375,1.062652587890625,399.0112609863281,571.7638549804688,20250225-162900
663,18,0,0.8427734375,703.2989501953125,155.0266571044922,247.87545776367188,255.5198516845703,20250225-162900
664,10,0,0.4921875,7.293462753295898,259.13580322265625,1658.2294921875,1055.6044921875,20250225-162900
664,9,0,0.82568359375,494.4378967285156,1.055328369140625,398.27777099609375,574.1024169921875,20250225-162900
664,18,0,0.83740234375,704.7210083007812,162.90756225585938,238.38015747070312,248.1913604736328,20250225-162900
665,10,0,0.60595703125,11.519594192504883,336.290771484375,1578.2120361328125,1056.957275390625,20250225-162900
665,9,0,0.72509765625,500.2398681640625,0.688934326171875,403.36920166015625,570.115478515625,20250225-162900
665,18,0,0.81103515625,706.2433471679688,167.2606201171875,234.6138153076172,245.22552490234375,20250225-162900
666,10,0,0.583984375,4.439334869384766,377.79400634765625,1534.927490234375,1063.40185546875,20250225-162900
666,9,0,0.76123046875,509.663330078125,1.0111083984375,402.7997131347656,561.3223876953125,20250225-162900
666,18,0,0.80908203125,705.6207275390625,172.86392211914062,229.88369750976562,262.290771484375,20250225-162900
667,10,0,0.4814453125,6.667413711547852,326.644775390625,1588.3780517578125,1060.2879638671875,20250225-162900
667,18,0,0.7744140625,702.9171752929688,172.82872009277344,231.2460479736328,269.45166015625,20250225-162900
667,9,0,0.81103515625,516.6994018554688,0.849517822265625,396.8112487792969,554.517333984375,20250225-162900
668,10,0,0.5498046875,3.9094161987304688,337.9530029296875,1574.8897705078125,1068.210205078125,20250225-162900
668,18,0,0.81640625,702.9484252929688,175.5981903076172,227.98397827148438,275.5773620605469,20250225-162900
668,9,0,0.845703125,519.80712890625,1.2240142822265625,391.889404296875,551.8087768554688,20250225-162900
669,10,0,0.6376953125,4.657773971557617,318.21990966796875,1598.746337890625,1063.643310546875,20250225-162900
669,9,0,0.75146484375,519.0813598632812,1.0261688232421875,388.6145324707031,551.891357421875,20250225-162900
669,18,0,0.7744140625,703.3821411132812,177.9898223876953,224.30511474609375,272.3230895996094,20250225-162900
670,21,0,0.32861328125,3.0729103088378906,1125.929931640625,791.6923828125,1056.069580078125,20250225-162900
670,10,0,0.4951171875,267.8552551269531,4.62872314453125,1070.582275390625,799.1868896484375,20250225-162900
670,9,0,0.6396484375,514.3213500976562,0.9527435302734375,386.53851318359375,556.2254638671875,20250225-162900
670,18,0,0.67041015625,704.1751098632812,188.93756103515625,213.1633758544922,262.449951171875,20250225-162900
671,9,0,0.2744140625,509.7672424316406,0.983001708984375,389.1240234375,558.343505859375,20250225-162900
671,10,0,0.302490234375,252.70460510253906,3.090179443359375,1094.066650390625,815.3573608398438,20250225-162900
671,18,0,0.5068359375,701.2362670898438,194.68524169921875,207.01080322265625,261.298095703125,20250225-162900
671,21,0,0.5078125,3.3205318450927734,1115.0321044921875,801.4773559570312,1050.568603515625,20250225-162900
672,10,0,0.5283203125,258.749755859375,4.758544921875,1024.305908203125,808.2570190429688,20250225-162900
672,21,0,0.55078125,8.553714752197266,1124.5484619140625,792.5538940429688,1048.0169677734375,20250225-162900
672,9,0,0.6279296875,507.2135925292969,0.7714691162109375,391.96575927734375,562.5016479492188,20250225-162900
672,18,0,0.67333984375,701.6522216796875,199.7820281982422,201.4588165283203,260.13409423828125,20250225-162900
673,21,0,0.30908203125,3.2561588287353516,975.9948120117188,939.8036499023438,1055.25048828125,20250225-162900
673,10,0,0.5087890625,253.88031005859375,5.161651611328125,1225.7069091796875,813.5534057617188,20250225-162900
673,18,0,0.55908203125,700.1133422851562,202.60153198242188,200.0588836669922,266.6320495605469,20250225-162900
673,9,0,0.7392578125,510.7582092285156,0.999755859375,395.274169921875,559.749267578125,20250225-162900
674,21,0,0.251708984375,4.006662368774414,1116.7100830078125,801.6998291015625,821.3661499023438,20250225-162901
674,10,0,0.62353515625,224.31129455566406,351.1651611328125,1365.731689453125,838.501953125,20250225-162901
674,9,0,0.70068359375,518.1417236328125,1.016143798828125,398.54937744140625,552.6956787109375,20250225-162901
674,18,0,0.74609375,700.9719848632812,204.49649047851562,196.42117309570312,268.41424560546875,20250225-162901
675,10,0,0.525390625,229.94143676757812,4.56243896484375,1016.3302001953125,837.0825805664062,20250225-162901
675,9,0,0.681640625,525.8837890625,0.871124267578125,398.7379150390625,545.527099609375,20250225-162901
675,21,0,0.69775390625,6.793155670166016,1108.2412109375,809.4790649414062,1048.862548828125,20250225-162901
675,18,0,0.75,702.569091796875,204.1200714111328,197.24208068847656,277.1714172363281,20250225-162901
676,10,0,0.54296875,216.37796020507812,4.25335693359375,1016.75244140625,850.3356323242188,20250225-162901
676,21,0,0.62255859375,6.495494842529297,1102.7314453125,814.7876586914062,1046.9307861328125,20250225-162901
676,9,0,0.630859375,530.4960327148438,1.043609619140625,395.8030700683594,540.7239990234375,20250225-162901
676,18,0,0.70166015625,702.5333862304688,201.3720245361328,200.15647888183594,277.9219055175781,20250225-162901
677,21,0,0.6162109375,200.3238525390625,342.025634765625,1500.0208740234375,863.966064453125,20250225-162901
677,18,0,0.76611328125,703.517578125,201.6855010986328,201.28866577148438,276.29876708984375,20250225-162901
677,9,0,0.796875,528.7723999023438,1.4523468017578125,393.6645812988281,543.4226684570312,20250225-162901
678,18,0,0.486328125,699.7308959960938,200.20326232910156,203.2067413330078,271.75506591796875,20250225-162901
678,21,0,0.5830078125,1.1581134796142578,272.87713623046875,1640.8927001953125,1059.4544677734375,20250225-162901
678,9,0,0.68603515625,522.729248046875,0.811614990234375,394.8194274902344,548.9387817382812,20250225-162901
679,18,0,0.4853515625,701.6614379882812,201.87327575683594,200.20481872558594,260.785888671875,20250225-162901
679,21,0,0.64404296875,193.08798217773438,334.02032470703125,1411.386474609375,871.089111328125,20250225-162901
679,9,0,0.7861328125,513.2713623046875,0.95745849609375,395.07855224609375,557.9200439453125,20250225-162901
680,18,0,0.64501953125,701.7601928710938,200.54351806640625,201.80154418945312,250.2583465576172,20250225-162901
680,21,0,0.66455078125,3.161144256591797,364.76751708984375,1550.6304931640625,1063.0067138671875,20250225-162901
680,9,0,0.72265625,505.859130859375,0.977783203125,395.6454162597656,565.7868041992188,20250225-162901
681,18,0,0.5869140625,702.4917602539062,194.67691040039062,207.80337524414062,252.06512451171875,20250225-162901
681,21,0,0.7001953125,3.030681610107422,302.18719482421875,1613.0555419921875,1063.7039794921875,20250225-162901
681,9,0,0.716796875,497.4212341308594,0.9329681396484375,397.11376953125,575.1542358398438,20250225-162901
682,21,0,0.708984375,250.14212036132812,333.83770751953125,1319.3822021484375,814.8246459960938,20250225-162901
682,18,0,0.7734375,703.9740600585938,191.656494140625,210.3244171142578,253.0362548828125,20250225-162901
682,9,0,0.86962890625,491.1334228515625,0.8547821044921875,395.4628601074219,582.0988159179688,20250225-162901
683,21,0,0.62890625,0.0,309.28399658203125,1603.310302734375,1064.43017578125,20250225-162901
683,9,0,0.64892578125,499.59326171875,0.4866943359375,379.912841796875,569.6287841796875,20250225-162901
683,18,0,0.765625,704.9434204101562,184.5941162109375,216.41061401367188,256.5772705078125,20250225-162901
684,9,0,0.650390625,509.8747253417969,0.8621063232421875,383.99609375,560.7567138671875,20250225-162901
684,21,0,0.693359375,0.0,267.82177734375,1644.636474609375,1063.734130859375,20250225-162901
684,18,0,0.70263671875,703.3316650390625,177.30006408691406,223.70480346679688,268.4064636230469,20250225-162901
685,9,0,0.50390625,520.6009521484375,0.8604354858398438,205.12921142578125,550.185302734375,20250225-162901
685,21,0,0.6376953125,0.0,448.90509033203125,1465.2154541015625,1059.006103515625,20250225-162901
685,18,0,0.67041015625,704.3538818359375,177.343505859375,222.93740844726562,246.93905639648438,20250225-162901
686,9,0,0.382080078125,531.6685180664062,0.6826400756835938,203.41136169433594,540.241455078125,20250225-162901
686,18,0,0.63427734375,704.53271484375,169.8181915283203,234.30606079101562,371.6490173339844,20250225-162901
686,21,0,0.66259765625,225.13766479492188,332.33941650390625,1511.319580078125,841.3699951171875,20250225-162901
687,18,0,0.282958984375,703.2865600585938,176.19017028808594,228.80625915527344,366.4421081542969,20250225-162901
687,9,0,0.34765625,538.0480346679688,0.6356048583984375,224.6846923828125,534.6527709960938,20250225-162901
687,21,0,0.68505859375,210.6424102783203,320.32012939453125,1483.5859375,854.8017578125,20250225-162901
688,9,0,0.287841796875,530.8427124023438,0.989776611328125,393.5357666015625,539.5128173828125,20250225-162901
688,21,0,0.705078125,0.0,324.5504150390625,1589.3778076171875,1065.9130859375,20250225-162901
689,21,0,0.65576171875,0.0,391.20281982421875,1521.8924560546875,1066.3084716796875,20250225-162901
690,18,0,0.345947265625,710.6869506835938,226.3381805419922,174.74391174316406,242.10888671875,20250225-162901
690,21,0,0.630859375,0.0,347.507080078125,1565.40869140625,1066.643798828125,20250225-162901
690,9,0,0.7080078125,514.3231811523438,0.69744873046875,395.6796569824219,557.0374145507812,20250225-162901
691,21,0,0.498046875,160.65994262695312,308.39996337890625,1590.755859375,902.239990234375,20250225-162901
691,18,0,0.57861328125,711.9303588867188,226.4384307861328,175.62281799316406,229.73837280273438,20250225-162901
691,9,0,0.86669921875,502.6458740234375,0.631622314453125,383.7019958496094,569.27197265625,20250225-162901
692,18,0,0.373046875,709.2412719726562,222.95457458496094,178.51116943359375,223.4140167236328,20250225-162901
692,21,0,0.421630859375,75.56285095214844,300.56011962890625,1596.453857421875,985.1731567382812,20250225-162901
692,9,0,0.82568359375,495.7151794433594,1.0286407470703125,381.21435546875,575.774169921875,20250225-162901
693,21,0,0.4775390625,315.2033386230469,288.7869873046875,1431.3753662109375,747.5887451171875,20250225-162901
693,18,0,0.583984375,710.26318359375,218.7154541015625,174.8199462890625,210.4369354248047,20250225-162901
693,9,0,0.7265625,500.0511474609375,0.7384414672851562,374.97259521484375,573.6902465820312,20250225-162901
694,9,0,0.3115234375,504.7621154785156,0.6700515747070312,379.02545166015625,565.6729125976562,20250225-162901
694,21,0,0.5009765625,0.08334159851074219,178.2476806640625,1735.9588623046875,1062.261474609375,20250225-162901
695,9,0,0.42529296875,520.0814208984375,1.29290771484375,368.6414794921875,548.9140625,20250225-162901
695,21,0,0.71484375,118.15812683105469,234.6397705078125,1673.0599365234375,947.0238647460938,20250225-162901
696,18,0,0.5234375,704.105712890625,197.65823364257812,165.297607421875,358.5185546875,20250225-162901
696,9,0,0.62060546875,532.1354370117188,1.3024063110351562,237.23377990722656,539.2504272460938,20250225-162901
696,21,0,0.7041015625,162.71817016601562,266.27545166015625,1617.2406005859375,900.7196044921875,20250225-162901
697,18,0,0.61669921875,704.6265869140625,197.0453338623047,160.39988708496094,364.14398193359375,20250225-162901
697,21,0,0.62158203125,176.5353546142578,264.3277587890625,1611.448974609375,888.015380859375,20250225-162901
697,9,0,0.64501953125,540.3189697265625,1.1405181884765625,228.60955810546875,529.9298095703125,20250225-162901
698,21,0,0.615234375,152.53237915039062,547.353515625,1129.130859375,912.7069702148438,20250225-162901
698,9,0,0.73486328125,543.7999877929688,1.1260986328125,340.36676025390625,527.954833984375,20250225-162901
699,10,0,0.454345703125,667.056884765625,680.5083618164062,109.31185913085938,131.84246826171875,20250225-162901
699,9,0,0.71923828125,534.824951171875,1.2680511474609375,260.4405517578125,535.4588623046875,20250225-162901
699,21,0,0.81591796875,27.150564193725586,536.8961791992188,1233.3358154296875,1039.71337890625,20250225-162901
700,21,0,0.323486328125,92.8399658203125,2.0209808349609375,747.353271484375,974.123291015625,20250225-162901
700,9,0,0.525390625,524.8482055664062,1.102294921875,292.25146484375,543.7061157226562,20250225-162901
700,10,0,0.64501953125,651.9166259765625,680.771484375,108.05996704101562,145.29307556152344,20250225-162901
701,21,0,0.59814453125,47.62470245361328,150.392578125,1596.568359375,1019.734130859375,20250225-162901
701,10,0,0.60205078125,650.43310546875,680.2418212890625,120.42562866210938,146.70884704589844,20250225-162901
701,9,0,0.68603515625,514.5592041015625,0.7349853515625,289.3822021484375,554.4007568359375,20250225-162901
702,10,0,0.60595703125,655.0941162109375,680.80224609375,101.63168334960938,142.06369018554688,20250225-162901
702,18,0,0.64892578125,18.304338455200195,0.29095458984375,710.1696166992188,1049.27783203125,20250225-162901
702,21,0,0.7607421875,147.73204040527344,505.1744384765625,1176.12158203125,920.232421875,20250225-162901
702,9,0,0.76220703125,505.3863220214844,0.9039688110351562,290.582275390625,566.2593994140625,20250225-162901
703,18,0,0.287841796875,4.249477386474609,2.9225006103515625,729.130126953125,1062.7857666015625,20250225-162901
703,10,0,0.5458984375,650.9459838867188,680.924072265625,82.97685241699219,148.20175170898438,20250225-162901
703,21,0,0.67578125,137.36849975585938,514.9834594726562,1177.2762451171875,931.4872436523438,20250225-162901
703,9,0,0.869140625,501.04266357421875,1.2057037353515625,293.796142578125,572.0277099609375,20250225-162901
704,21,0,0.82861328125,84.69574737548828,534.6622924804688,1341.3037109375,985.6405029296875,20250225-162902
704,9,0,0.880859375,501.8338317871094,1.164459228515625,313.889892578125,570.2015991210938,20250225-162902
705,21,0,0.791015625,143.54676818847656,569.2622680664062,1105.11669921875,926.0262451171875,20250225-162902
705,9,0,0.86669921875,500.4298095703125,0.9033279418945312,343.377685546875,568.7960205078125,20250225-162902
706,21,0,0.80322265625,232.2508087158203,592.3244018554688,1057.886474609375,836.09912109375,20250225-162902
706,9,0,0.8818359375,501.13055419921875,1.2456207275390625,379.02960205078125,569.8896484375,20250225-162902
707,21,0,0.85595703125,8.454408645629883,318.38983154296875,1423.56201171875,1058.8201904296875,20250225-162902
707,9,0,0.91259765625,503.276611328125,1.557861328125,400.2362365722656,567.37109375,20250225-162902
708,21,0,0.83203125,27.155799865722656,346.75494384765625,1479.665771484375,1038.7005615234375,20250225-162902
708,9,0,0.88623046875,508.24517822265625,0.9986114501953125,409.0329895019531,562.0643920898438,20250225-162902
709,9,0,0.806640625,514.3094482421875,1.0587158203125,429.08197021484375,556.2110595703125,20250225-162902
709,21,0,0.87353515625,0.14539718627929688,379.2843017578125,1535.0775146484375,1062.8525390625,20250225-162902
710,21,0,0.81640625,0.4451179504394531,398.239013671875,1516.155029296875,1062.4718017578125,20250225-162902
710,9,0,0.85107421875,514.2684326171875,1.2788543701171875,443.2092590332031,557.3656616210938,20250225-162902
711,18,0,0.2088623046875,798.82177734375,274.51556396484375,127.73680114746094,145.95130920410156,20250225-162902
711,21,0,0.8173828125,0.0,418.2264404296875,1467.2841796875,1072.95849609375,20250225-162902
711,9,0,0.861328125,512.6708984375,1.276336669921875,445.1498107910156,559.571044921875,20250225-162902
712,10,0,0.2139892578125,247.63388061523438,568.376220703125,358.4473571777344,547.5781860351562,20250225-162902
712,18,0,0.346923828125,707.2662353515625,243.9568634033203,157.79827880859375,242.77879333496094,20250225-162902
712,9,0,0.88134765625,513.9340209960938,1.27276611328125,448.62249755859375,559.4291381835938,20250225-162902
712,21,0,0.8857421875,4.457788467407227,431.67315673828125,1464.86083984375,1062.17138671875,20250225-162902
713,18,0,0.7080078125,710.286865234375,224.79908752441406,176.2136993408203,247.11856079101562,20250225-162902
713,21,0,0.8779296875,5.518655776977539,442.7091064453125,1461.70166015625,1063.161865234375,20250225-162902
713,9,0,0.89013671875,515.8781127929688,0.8968505859375,448.6467590332031,556.82421875,20250225-162902
714,25,0,0.5927734375,670.0103149414062,1828.2388916015625,90.91387939453125,185.64439392089844,20250225-162902
714,18,0,0.75048828125,703.9580688476562,208.84744262695312,192.64952087402344,256.26690673828125,20250225-162902
714,21,0,0.86181640625,2.865285873413086,436.91058349609375,1456.326416015625,1062.67822265625,20250225-162902
714,9,0,0.89892578125,512.2145385742188,0.7146148681640625,445.57647705078125,560.383056640625,20250225-162902
715,25,0,0.6748046875,668.704345703125,1823.72314453125,95.34246826171875,187.97711181640625,20250225-162902
715,18,0,0.78076171875,703.2388305664062,203.97747802734375,197.68496704101562,257.691162109375,20250225-162902
715,21,0,0.87109375,1.5421199798583984,433.0572509765625,1466.6868896484375,1065.146484375,20250225-162902
715,9,0,0.88525390625,508.8382568359375,0.9063262939453125,445.06182861328125,563.3397827148438,20250225-162902
716,10,0,0.2274169921875,256.18243408203125,523.4774780273438,393.26953125,556.3727416992188,20250225-162902
716,25,0,0.67822265625,668.8834838867188,1817.23681640625,101.764892578125,185.01942443847656,20250225-162902
716,18,0,0.74609375,700.7261352539062,197.7161865234375,204.11434936523438,263.5133361816406,20250225-162902
716,21,0,0.8505859375,2.5249671936035156,442.92095947265625,1438.2958984375,1065.3607177734375,20250225-162902
716,9,0,0.89013671875,505.5239562988281,0.9088897705078125,445.7729187011719,566.0504150390625,20250225-162902
717,26,0,0.242919921875,765.0593872070312,514.6892700195312,77.39126586914062,111.07632446289062,20250225-162902
717,10,0,0.25244140625,246.68153381347656,535.2405395507812,377.55010986328125,563.044189453125,20250225-162902
717,25,0,0.658203125,667.3375244140625,1808.087158203125,111.0157470703125,188.31956481933594,20250225-162902
717,18,0,0.81298828125,702.7985229492188,188.00344848632812,214.45806884765625,260.3858947753906,20250225-162902
717,21,0,0.8525390625,4.405345916748047,441.366943359375,1464.3687744140625,1063.03271484375,20250225-162902
717,9,0,0.896484375,503.6995849609375,1.09442138671875,442.412109375,567.9485473632812,20250225-162902
718,10,0,0.271240234375,252.3740692138672,544.5294799804688,360.6268615722656,560.3350219726562,20250225-162902
718,25,0,0.71484375,671.4717407226562,1802.9827880859375,116.60028076171875,185.67813110351562,20250225-162902
718,18,0,0.83203125,703.757080078125,175.90086364746094,227.42852783203125,263.1622009277344,20250225-162902
718,21,0,0.8583984375,0.0,443.6253662109375,1455.577880859375,1071.134033203125,20250225-162902
718,9,0,0.91650390625,502.71722412109375,0.5930328369140625,440.27850341796875,569.6079711914062,20250225-162902
719,10,0,0.241455078125,243.08787536621094,500.731201171875,404.4361267089844,635.1790161132812,20250225-162902
719,25,0,0.75,671.58349609375,1798.928466796875,120.09521484375,184.75949096679688,20250225-162902
719,21,0,0.79296875,0.0,446.961181640625,1456.3912353515625,1076.0943603515625,20250225-162902
719,18,0,0.86181640625,703.0719604492188,168.04046630859375,234.26339721679688,269.0137939453125,20250225-162902
719,9,0,0.92529296875,506.6203308105469,0.592071533203125,435.1061096191406,565.2362670898438,20250225-162902
720,25,0,0.78857421875,670.7294311523438,1799.9534912109375,118.9925537109375,185.47360229492188,20250225-162902
720,21,0,0.814453125,0.0,439.595947265625,1459.859619140625,1075.7587890625,20250225-162902
720,18,0,0.87744140625,703.889892578125,159.13148498535156,242.8839111328125,274.2055358886719,20250225-162902
720,9,0,0.91357421875,515.2006225585938,0.596466064453125,428.46771240234375,557.1329956054688,20250225-162902
721,26,0,0.223388671875,772.8359985351562,512.7205810546875,83.63516235351562,129.450439453125,20250225-162902
721,25,0,0.7607421875,671.1103515625,1801.5230712890625,117.425537109375,184.51881408691406,20250225-162902
721,21,0,0.78125,0.0,444.24688720703125,1403.54443359375,1068.224853515625,20250225-162902
721,9,0,0.91162109375,523.1332397460938,0.735809326171875,417.8672790527344,549.1634521484375,20250225-162902
722,26,0,0.30322265625,771.5526733398438,513.794921875,101.0804443359375,142.1175994873047,20250225-162902
722,25,0,0.7724609375,671.86474609375,1798.7984619140625,120.7012939453125,183.7470245361328,20250225-162902
722,21,0,0.82763671875,0.6315422058105469,442.3092041015625,1405.8870849609375,1065.544921875,20250225-162902
722,9,0,0.9033203125,536.7883911132812,0.929534912109375,408.6005859375,535.8594970703125,20250225-162902
723,26,0,0.277587890625,768.9612426757812,437.7316589355469,182.253662109375,306.31658935546875,20250225-162902
723,25,0,0.7890625,671.7244262695312,1798.371826171875,121.21746826171875,183.83782958984375,20250225-162902
723,21,0,0.85302734375,7.868614196777344,448.62213134765625,1459.349609375,1059.101806640625,20250225-162902
723,9,0,0.90380859375,548.3043823242188,0.6360626220703125,404.79254150390625,524.0931396484375,20250225-162902
724,26,0,0.220703125,767.5056762695312,510.60809326171875,107.51847839355469,144.85919189453125,20250225-162902
724,10,0,0.43310546875,176.42617797851562,437.72186279296875,519.9373168945312,893.18798828125,20250225-162902
724,27,0,0.59912109375,853.751708984375,1779.6126708984375,139.8955078125,219.613525390625,20250225-162902
724,25,0,0.791015625,672.0778198242188,1799.17236328125,120.33563232421875,183.7849578857422,20250225-162902
724,21,0,0.8251953125,17.781801223754883,449.74822998046875,1454.0009765625,1049.1650390625,20250225-162902
724,9,0,0.91552734375,558.0527954101562,0.4747467041015625,397.96319580078125,514.5328369140625,20250225-162902
725,26,0,0.230224609375,764.527587890625,509.4657897949219,107.36178588867188,146.48809814453125,20250225-162902
725,27,0,0.5556640625,856.5330810546875,1776.494384765625,143.02679443359375,214.9010772705078,20250225-162902
725,21,0,0.72412109375,95.89949035644531,467.3536376953125,1450.1817626953125,970.0167846679688,20250225-162902
725,25,0,0.7958984375,672.1558227539062,1799.15380859375,120.4566650390625,183.5133056640625,20250225-162902
725,9,0,0.9150390625,567.0625,0.662109375,393.3456115722656,505.5804443359375,20250225-162902
726,10,0,0.2379150390625,791.826904296875,433.5980529785156,230.90707397460938,283.6791076660156,20250225-162902
726,26,0,0.34521484375,763.6148681640625,508.757080078125,109.88887023925781,142.46975708007812,20250225-162902
726,27,0,0.69677734375,857.1787109375,1775.312255859375,144.11810302734375,214.8296661376953,20250225-162902
726,21,0,0.71875,148.0446319580078,443.41168212890625,1456.049072265625,917.6723022460938,20250225-162902
726,25,0,0.80908203125,672.3416748046875,1797.8455810546875,121.66497802734375,183.70892333984375,20250225-162902
726,9,0,0.91845703125,578.18212890625,0.491729736328125,386.48016357421875,494.1561279296875,20250225-162902
727,26,0,0.374755859375,758.3743896484375,508.5828552246094,112.85256958007812,141.72259521484375,20250225-162902
727,27,0,0.62890625,856.1983642578125,1775.6348876953125,143.77587890625,216.66729736328125,20250225-162902
727,25,0,0.7958984375,671.2498779296875,1796.6041259765625,122.35052490234375,184.21685791015625,20250225-162902
727,21,0,0.88427734375,147.15945434570312,427.8775634765625,1486.02099609375,918.9357299804688,20250225-162902
727,9,0,0.91552734375,580.3630981445312,0.8722000122070312,379.2677001953125,491.71435546875,20250225-162902
728,10,0,0.216064453125,774.2590942382812,430.6555480957031,251.6154327392578,300.19610595703125,20250225-162902
728,26,0,0.286865234375,755.7636108398438,508.46282958984375,119.45155334472656,140.82798767089844,20250225-162902
728,27,0,0.51171875,857.6567993164062,1777.266357421875,142.1356201171875,212.59205627441406,20250225-162902
728,25,0,0.8017578125,670.2634887695312,1796.6268310546875,122.22857666015625,184.52743530273438,20250225-162902
728,21,0,0.86376953125,143.3056640625,430.5069580078125,1476.18359375,924.7260131835938,20250225-162902
728,9,0,0.91943359375,585.0665893554688,0.49665069580078125,372.31982421875,487.62921142578125,20250225-162902
729,10,0,0.204345703125,790.2675170898438,429.0194091796875,272.5480041503906,284.8072509765625,20250225-162902
729,27,0,0.56201171875,858.16748046875,1776.6829833984375,142.080322265625,213.85256958007812,20250225-162902
729,28,0,0.7548828125,712.8927001953125,1615.108642578125,121.81640625,144.73114013671875,20250225-162902
729,25,0,0.8017578125,670.487548828125,1796.59619140625,122.353271484375,184.5318603515625,20250225-162902
729,21,0,0.83447265625,145.6670379638672,445.42254638671875,1453.2513427734375,922.1233520507812,20250225-162902
729,9,0,0.9150390625,590.4608764648438,0.6923446655273438,369.6416015625,483.3514099121094,20250225-162902
730,26,0,0.2958984375,756.2620849609375,505.8999938964844,120.63583374023438,136.10009765625,20250225-162902
730,27,0,0.62158203125,860.5768432617188,1777.3897705078125,142.0224609375,209.71543884277344,20250225-162902
730,28,0,0.79443359375,713.8428344726562,1614.7225341796875,121.7852783203125,143.82150268554688,20250225-162902
730,25,0,0.80322265625,671.1685791015625,1798.2777099609375,120.68243408203125,184.25990295410156,20250225-162902
730,21,0,0.88037109375,145.55125427246094,420.67132568359375,1457.306396484375,922.552978515625,20250225-162902
730,9,0,0.91357421875,597.9087524414062,0.9087753295898438,366.62847900390625,475.9428405761719,20250225-162902
731,10,0,0.251708984375,792.1034545898438,428.32635498046875,287.63250732421875,281.4249267578125,20250225-162902
731,26,0,0.35302734375,757.5964965820312,506.73297119140625,117.16195678710938,129.78561401367188,20250225-162902
731,27,0,0.62353515625,860.0105590820312,1776.955078125,142.54595947265625,210.07611083984375,20250225-162902
731,28,0,0.77978515625,714.235107421875,1613.7410888671875,123.14794921875,143.6134490966797,20250225-162902
731,25,0,0.80078125,671.0502319335938,1799.2247314453125,119.7344970703125,184.58816528320312,20250225-162902
731,21,0,0.873046875,148.44674682617188,439.43060302734375,1365.290283203125,920.4261474609375,20250225-162902
731,9,0,0.89111328125,602.7724609375,0.550872802734375,361.94451904296875,471.78228759765625,20250225-162902
732,26,0,0.39794921875,755.5748291015625,508.7432556152344,114.66801452636719,132.27572631835938,20250225-162902
732,27,0,0.63525390625,857.334228515625,1777.6571044921875,141.31109619140625,211.4664764404297,20250225-162902
732,28,0,0.80029296875,712.337646484375,1614.339111328125,121.53277587890625,145.53562927246094,20250225-162902
732,25,0,0.80419921875,669.94189453125,1798.8328857421875,120.02984619140625,185.24249267578125,20250225-162902
732,21,0,0.8701171875,147.75204467773438,428.73028564453125,1343.376220703125,920.5680541992188,20250225-162902
732,9,0,0.91162109375,614.090576171875,0.927978515625,358.096435546875,459.8327941894531,20250225-162902
733,26,0,0.350341796875,754.2080078125,518.5986328125,104.83415222167969,107.98066711425781,20250225-162902
733,27,0,0.68017578125,858.657958984375,1777.2322998046875,142.05377197265625,212.5894775390625,20250225-162902
733,25,0,0.794921875,669.2332153320312,1796.6224365234375,122.3349609375,185.35858154296875,20250225-162902
733,28,0,0.81640625,711.2594604492188,1614.13330078125,121.7958984375,146.16786193847656,20250225-162902
733,21,0,0.89013671875,148.2126007080078,431.11395263671875,1407.8228759765625,919.6798706054688,20250225-162902
733,9,0,0.90771484375,627.6832885742188,0.7408676147460938,355.5809020996094,445.0059814453125,20250225-162902
734,26,0,0.312255859375,754.151611328125,510.9505920410156,113.94918823242188,120.35659790039062,20250225-162903
734,27,0,0.7529296875,859.3289794921875,1777.0689697265625,142.3121337890625,211.59144592285156,20250225-162903
734,25,0,0.80126953125,669.9251098632812,1797.3043212890625,121.5560302734375,184.76316833496094,20250225-162903
734,28,0,0.81884765625,712.0728759765625,1612.5325927734375,123.45098876953125,143.84536743164062,20250225-162903
734,21,0,0.8447265625,147.33181762695312,411.94647216796875,1298.22119140625,922.2214965820312,20250225-162903
734,9,0,0.892578125,638.145263671875,0.736541748046875,352.709228515625,435.447998046875,20250225-162903
735,26,0,0.408203125,756.7511596679688,516.3201904296875,109.28407287597656,108.6409683227539,20250225-162903
735,29,0,0.5205078125,695.97119140625,1485.7962646484375,151.00259399414062,258.5783386230469,20250225-162903
735,27,0,0.72802734375,860.6435546875,1776.963623046875,142.415771484375,210.202880859375,20250225-162903
735,25,0,0.80029296875,670.2312622070312,1798.8585205078125,120.18804931640625,184.54336547851562,20250225-162903
735,28,0,0.8173828125,713.8220825195312,1613.25439453125,124.27899169921875,143.99917602539062,20250225-162903
735,21,0,0.859375,151.45957946777344,408.25543212890625,1269.49365234375,916.2235717773438,20250225-162903
735,9,0,0.88427734375,648.2437744140625,0.7537765502929688,349.3346252441406,424.32843017578125,20250225-162903
736,29,0,0.525390625,696.2514038085938,1471.0487060546875,168.60873413085938,262.452392578125,20250225-162903
736,26,0,0.5302734375,758.622802734375,513.6474609375,109.27999877929688,104.43646240234375,20250225-162903
736,27,0,0.716796875,860.7659301757812,1776.5364990234375,142.84002685546875,210.46397399902344,20250225-162903
736,25,0,0.79296875,671.0119018554688,1798.3428955078125,120.607177734375,184.0266571044922,20250225-162903
736,28,0,0.83642578125,714.7494506835938,1613.3492431640625,123.4808349609375,142.7965087890625,20250225-162903
736,21,0,0.8583984375,154.06935119628906,402.43157958984375,1227.143310546875,913.6264038085938,20250225-162903
736,9,0,0.90478515625,657.8123168945312,0.5725021362304688,346.16534423828125,415.36859130859375,20250225-162903
737,26,0,0.42333984375,758.6917724609375,512.75537109375,108.06005859375,109.0205078125,20250225-162903
737,29,0,0.62353515625,695.9859619140625,1455.2861328125,218.28872680664062,305.99102783203125,20250225-162903
737,27,0,0.73095703125,862.03759765625,1776.2896728515625,143.1119384765625,209.30181884765625,20250225-162903
737,25,0,0.80078125,670.4329223632812,1799.633056640625,119.13262939453125,184.15643310546875,20250225-162903
737,28,0,0.8037109375,713.4686279296875,1614.2413330078125,123.151611328125,143.9578094482422,20250225-162903
737,21,0,0.81298828125,160.2967987060547,398.35711669921875,1280.4169921875,908.7455444335938,20250225-162903
737,9,0,0.8896484375,662.9761352539062,0.9506378173828125,342.67486572265625,410.15618896484375,20250225-162903
738,26,0,0.3583984375,759.0128173828125,513.4912719726562,102.39234924316406,107.10211181640625,20250225-162903
738,29,0,0.68408203125,696.5331420898438,1441.866943359375,210.0750732421875,334.92236328125,20250225-162903
738,27,0,0.70166015625,858.9744873046875,1776.435791015625,142.93084716796875,211.99339294433594,20250225-162903
738,25,0,0.7880859375,669.2222290039062,1796.2686767578125,122.67755126953125,184.25,20250225-162903
738,28,0,0.79833984375,713.6962280273438,1612.7135009765625,124.74755859375,143.04855346679688,20250225-162903
738,21,0,0.84228515625,163.5885772705078,379.1744384765625,1273.361572265625,903.6060791015625,20250225-162903
738,18,0,0.87939453125,703.5831909179688,125.83863830566406,276.05157470703125,345.3733825683594,20250225-162903
739,26,0,0.39794921875,759.3887329101562,516.5592041015625,94.50819396972656,101.927978515625,20250225-162903
739,27,0,0.66455078125,858.9859619140625,1776.36328125,143.12237548828125,213.0021514892578,20250225-162903
739,29,0,0.69091796875,697.9912719726562,1432.447265625,235.919677734375,359.7333984375,20250225-162903
739,25,0,0.80029296875,668.838623046875,1796.29248046875,122.65411376953125,184.3348846435547,20250225-162903
739,28,0,0.8076171875,713.3833618164062,1612.4732666015625,124.73822021484375,143.09036254882812,20250225-162903
739,21,0,0.87841796875,178.53005981445312,374.42266845703125,1236.8310546875,888.9609985351562,20250225-162903
739,9,0,0.88671875,663.4158325195312,0.7859573364257812,339.39306640625,409.2760314941406,20250225-162903
740,26,0,0.420654296875,762.3094482421875,513.8816528320312,97.97016906738281,105.66650390625,20250225-162903
740,29,0,0.72314453125,698.0934448242188,1425.7222900390625,240.77334594726562,368.13519287109375,20250225-162903
740,27,0,0.7373046875,859.9855346679688,1775.7509765625,143.53729248046875,211.56964111328125,20250225-162903
740,25,0,0.787109375,669.2704467773438,1799.3214111328125,119.62554931640625,184.615966796875,20250225-162903
740,28,0,0.8173828125,711.5974731445312,1612.2821044921875,123.73681640625,146.08387756347656,20250225-162903
740,18,0,0.86474609375,703.7129516601562,123.88847351074219,278.183349609375,346.4123229980469,20250225-162903
740,21,0,0.896484375,171.50962829589844,368.18963623046875,1212.0487060546875,896.841064453125,20250225-162903
741,26,0,0.374755859375,761.5625610351562,511.43609619140625,99.48207092285156,106.31641387939453,20250225-162903
741,29,0,0.736328125,698.9110717773438,1419.7965087890625,244.266357421875,356.3240051269531,20250225-162903
741,27,0,0.7529296875,861.841064453125,1776.3065185546875,143.08502197265625,209.6011199951172,20250225-162903
741,25,0,0.80029296875,670.491455078125,1800.5386962890625,118.3216552734375,184.7023162841797,20250225-162903
741,21,0,0.8115234375,180.1718292236328,375.607177734375,1202.5704345703125,888.2743530273438,20250225-162903
741,28,0,0.81640625,712.1165161132812,1611.81884765625,123.9825439453125,145.42062377929688,20250225-162903
741,18,0,0.87744140625,704.4332885742188,126.45195007324219,275.4260559082031,344.26104736328125,20250225-162903
742,26,0,0.2166748046875,760.2264404296875,512.119873046875,106.94975280761719,103.75556945800781,20250225-162903
742,29,0,0.736328125,697.5364990234375,1414.333740234375,251.219970703125,351.0836486816406,20250225-162903
742,27,0,0.7470703125,862.2549438476562,1776.01318359375,143.28662109375,208.6131134033203,20250225-162903
742,25,0,0.79931640625,670.9122924804688,1800.4559326171875,118.40679931640625,184.2868194580078,20250225-162903
742,28,0,0.8154296875,712.8619995117188,1613.874755859375,123.0201416015625,144.24722290039062,20250225-162903
742,21,0,0.83740234375,181.5104522705078,368.6444091796875,1219.7237548828125,886.0316772460938,20250225-162903
742,18,0,0.85498046875,703.5269165039062,119.55422973632812,282.0894470214844,342.7532653808594,20250225-162903
743,26,0,0.24072265625,759.8055419921875,510.7896423339844,91.43760681152344,100.7125244140625,20250225-162903
743,29,0,0.736328125,696.9649047851562,1416.692138671875,254.4814453125,365.03466796875,20250225-162903
743,27,0,0.763671875,861.0958862304688,1775.9271240234375,143.36773681640625,210.0382537841797,20250225-162903
743,25,0,0.80419921875,670.0810546875,1799.4561767578125,119.49371337890625,184.16348266601562,20250225-162903
743,28,0,0.81396484375,711.344482421875,1613.1990966796875,123.3768310546875,144.89215087890625,20250225-162903
743,21,0,0.81884765625,182.30532836914062,353.96099853515625,1228.882568359375,887.7096557617188,20250225-162903
743,9,0,0.88330078125,665.942138671875,0.8279342651367188,337.29791259765625,406.07562255859375,20250225-162903
744,26,0,0.287841796875,760.6946411132812,510.58294677734375,93.07974243164062,102.55616760253906,20250225-162903
744,29,0,0.75048828125,697.2800903320312,1414.464111328125,253.5501708984375,371.4884338378906,20250225-162903
744,27,0,0.7626953125,860.7359008789062,1775.701171875,143.7073974609375,210.88796997070312,20250225-162903
744,25,0,0.802734375,670.0993041992188,1799.779296875,119.17822265625,183.628662109375,20250225-162903
744,28,0,0.822265625,711.120361328125,1611.0845947265625,125.62957763671875,145.27664184570312,20250225-162903
744,21,0,0.8427734375,187.15553283691406,346.50347900390625,1242.521484375,881.9340209960938,20250225-162903
744,9,0,0.900390625,673.88232421875,0.92413330078125,336.7005615234375,399.3353576660156,20250225-162903
745,26,0,0.21728515625,761.4050903320312,507.9620361328125,104.73646545410156,98.67001342773438,20250225-162903
745,27,0,0.74609375,860.6531372070312,1775.1002197265625,144.21661376953125,211.24073791503906,20250225-162903
745,29,0,0.76416015625,698.4630126953125,1411.59375,250.91748046875,372.84765625,20250225-162903
745,25,0,0.791015625,670.5144653320312,1799.9329833984375,119.028076171875,183.59030151367188,20250225-162903
745,21,0,0.81298828125,188.91317749023438,351.6500244140625,1221.5357666015625,879.061279296875,20250225-162903
745,28,0,0.82421875,711.9500732421875,1612.5596923828125,123.80841064453125,144.57257080078125,20250225-162903
745,9,0,0.90576171875,677.5918579101562,1.1087493896484375,336.0599365234375,395.8027648925781,20250225-162903
746,29,0,0.71923828125,698.3197631835938,1411.2198486328125,252.498779296875,365.55694580078125,20250225-162903
746,27,0,0.75,860.5166625976562,1775.1884765625,144.12982177734375,211.11044311523438,20250225-162903
746,25,0,0.78857421875,671.279296875,1799.4364013671875,119.51715087890625,183.28851318359375,20250225-162903
746,21,0,0.81884765625,194.2391357421875,341.9754638671875,1241.5521240234375,874.8611450195312,20250225-162903
746,28,0,0.8291015625,711.86083984375,1613.8818359375,122.24560546875,144.63209533691406,20250225-162903
746,9,0,0.904296875,686.7428588867188,0.8774642944335938,335.032958984375,385.6171875,20250225-162903
747,26,0,0.23095703125,757.1718139648438,501.9370422363281,121.09822082519531,109.19808959960938,20250225-162903
747,29,0,0.7421875,696.53662109375,1410.862548828125,244.497802734375,374.170654296875,20250225-162903
747,27,0,0.75634765625,859.67041015625,1774.43408203125,144.94500732421875,212.040771484375,20250225-162903
747,25,0,0.7841796875,670.7913818359375,1798.90185546875,119.9520263671875,184.54078674316406,20250225-162903
747,28,0,0.83349609375,712.5414428710938,1613.78515625,122.70263671875,144.51248168945312,20250225-162903
747,21,0,0.85791015625,198.70713806152344,353.03009033203125,1209.853515625,871.5192260742188,20250225-162903
747,9,0,0.90625,691.6895141601562,0.9198074340820312,334.35443115234375,382.0080261230469,20250225-162903
748,26,0,0.27978515625,759.4146728515625,503.97674560546875,122.59135437011719,104.28274536132812,20250225-162903
748,29,0,0.73779296875,696.6102905273438,1410.6826171875,246.78680419921875,375.10894775390625,20250225-162903
748,27,0,0.7685546875,860.5775146484375,1774.6607666015625,144.83624267578125,211.24220275878906,20250225-162903
748,25,0,0.79638671875,671.0836181640625,1799.126220703125,119.82733154296875,183.2432861328125,20250225-162903
748,28,0,0.81396484375,712.7261962890625,1614.588134765625,124.05743408203125,144.92510986328125,20250225-162903
748,21,0,0.85205078125,201.98175048828125,355.68182373046875,1205.95947265625,868.40771484375,20250225-162903
748,9,0,0.9013671875,692.1973266601562,1.1125946044921875,332.77996826171875,380.0923156738281,20250225-162903
749,26,0,0.2005615234375,756.4285888671875,542.328125,88.30567932128906,100.69647979736328,20250225-162903
749,29,0,0.763671875,696.1312866210938,1410.287109375,249.4639892578125,375.86175537109375,20250225-162903
749,27,0,0.78076171875,859.033447265625,1774.8746337890625,144.5167236328125,212.7958984375,20250225-162903
749,25,0,0.794921875,671.4351806640625,1799.1983642578125,119.66217041015625,181.79051208496094,20250225-162903
749,28,0,0.81640625,711.6925048828125,1614.3753662109375,122.06268310546875,144.861083984375,20250225-162903
749,21,0,0.83154296875,200.5662384033203,359.33612060546875,1192.294189453125,869.1544189453125,20250225-162903
749,9,0,0.91064453125,690.9830322265625,0.9177932739257812,331.522216796875,382.6686096191406,20250225-162903
750,26,0,0.20556640625,755.9111938476562,501.6417236328125,138.43304443359375,104.0523681640625,20250225-162903
750,27,0,0.76611328125,859.3672485351562,1774.80615234375,144.5782470703125,212.08514404296875,20250225-162903
750,29,0,0.779296875,695.4012451171875,1408.332275390625,250.7259521484375,378.74200439453125,20250225-162903
750,25,0,0.80029296875,671.5534057617188,1799.158935546875,119.701904296875,181.84982299804688,20250225-162903
750,28,0,0.82080078125,712.6468505859375,1615.257568359375,122.42559814453125,145.14419555664062,20250225-162903
750,21,0,0.845703125,204.97158813476562,371.34686279296875,1165.7763671875,864.6227416992188,20250225-162903
750,9,0,0.908203125,690.4601440429688,0.9180908203125,331.7672424316406,383.16021728515625,20250225-162903
751,27,0,0.7685546875,861.5000610351562,1775.25732421875,144.13861083984375,209.85293579101562,20250225-162903
751,29,0,0.7685546875,696.2748413085938,1405.376953125,253.554931640625,377.76422119140625,20250225-162903
751,25,0,0.794921875,671.4043579101562,1800.282470703125,118.579833984375,182.6257781982422,20250225-162903
751,21,0,0.8017578125,207.62615966796875,378.07781982421875,1150.0125732421875,862.456298828125,20250225-162903
751,28,0,0.82080078125,712.8231811523438,1614.30322265625,122.24249267578125,143.4029998779297,20250225-162903
751,9,0,0.9072265625,689.57470703125,0.9196014404296875,331.37518310546875,384.4665832519531,20250225-162903
752,26,0,0.20556640625,748.1890869140625,503.5223693847656,135.63592529296875,118.107666015625,20250225-162903
752,10,0,0.415771484375,751.7688598632812,383.57098388671875,266.16632080078125,322.5952453613281,20250225-162903
752,27,0,0.75439453125,861.5489501953125,1775.9073486328125,143.50341796875,209.87594604492188,20250225-162903
752,29,0,0.7900390625,696.0535888671875,1407.1146240234375,265.5615234375,375.7159423828125,20250225-162903
752,25,0,0.79296875,671.58935546875,1800.1973876953125,118.666259765625,182.8476104736328,20250225-162903
752,28,0,0.83984375,712.8242797851562,1616.056640625,120.36749267578125,143.53530883789062,20250225-162903
752,21,0,0.86083984375,213.51370239257812,392.7713623046875,1137.4442138671875,856.743408203125,20250225-162903
752,9,0,0.9072265625,687.9697265625,0.9154129028320312,330.9980163574219,385.9823303222656,20250225-162903
753,26,0,0.264404296875,747.120361328125,519.824951171875,120.71415710449219,120.68670654296875,20250225-162903
753,10,0,0.5048828125,747.6175537109375,386.1347351074219,260.84564208984375,328.7771911621094,20250225-162903
753,27,0,0.7744140625,862.168212890625,1775.2686767578125,144.12396240234375,209.17822265625,20250225-162903
753,29,0,0.77978515625,696.3563842773438,1405.7662353515625,264.192626953125,375.8402099609375,20250225-162903
753,25,0,0.8037109375,670.905517578125,1800.015380859375,118.8482666015625,183.81552124023438,20250225-162903
753,28,0,0.83544921875,712.9003295898438,1615.6695556640625,120.63885498046875,143.4130401611328,20250225-162903
753,21,0,0.87353515625,210.47666931152344,415.8720703125,1114.12646484375,859.1077880859375,20250225-162903
753,9,0,0.90869140625,688.9360961914062,1.096343994140625,331.58758544921875,385.0657043457031,20250225-162903
754,26,0,0.359375,745.2550048828125,516.928955078125,125.99079895019531,122.95494842529297,20250225-162903
754,10,0,0.625,744.1153564453125,388.43426513671875,257.83258056640625,332.8691711425781,20250225-162903
754,29,0,0.767578125,696.4801635742188,1405.9296875,265.7109375,376.3545227050781,20250225-162903
754,27,0,0.7861328125,859.107177734375,1775.091064453125,144.302490234375,212.26675415039062,20250225-162903
754,25,0,0.796875,671.5325927734375,1799.50341796875,119.45343017578125,181.9100799560547,20250225-162903
754,28,0,0.8310546875,712.308349609375,1615.8035888671875,122.08648681640625,145.55975341796875,20250225-162903
754,21,0,0.8662109375,216.69485473632812,436.131103515625,1094.6129150390625,853.2578125,20250225-162903
754,9,0,0.91064453125,691.060791015625,0.91131591796875,331.2128601074219,382.85430908203125,20250225-162903
755,10,0,0.25390625,833.3423461914062,396.2861022949219,248.990478515625,244.14059448242188,20250225-162903
755,26,0,0.5244140625,744.3994140625,511.853515625,131.99020385742188,136.05966186523438,20250225-162903
755,29,0,0.76220703125,696.3858032226562,1401.7994384765625,266.6824951171875,378.05706787109375,20250225-162903
755,27,0,0.763671875,859.8295288085938,1775.5103759765625,143.781005859375,211.24864196777344,20250225-162903
755,25,0,0.78515625,671.4928588867188,1800.4482421875,118.32696533203125,182.22962951660156,20250225-162903
755,28,0,0.82421875,712.3308715820312,1614.352294921875,121.96636962890625,144.14697265625,20250225-162903
755,21,0,0.84912109375,215.93405151367188,455.8599853515625,1072.6732177734375,853.84765625,20250225-162903
755,9,0,0.90673828125,693.1866455078125,1.1075820922851562,330.97259521484375,380.301025390625,20250225-162903
756,10,0,0.29248046875,835.9658203125,401.419189453125,244.7039794921875,241.58944702148438,20250225-162903
756,26,0,0.60009765625,743.3619384765625,511.399658203125,134.26080322265625,143.55328369140625,20250225-162903
756,29,0,0.767578125,697.4359741210938,1401.5203857421875,267.0531005859375,379.7724609375,20250225-162903
756,27,0,0.775390625,862.576416015625,1775.640380859375,143.85406494140625,209.06149291992188,20250225-162903
756,25,0,0.794921875,671.4888305664062,1801.086181640625,117.87359619140625,182.5811004638672,20250225-162903
756,28,0,0.82568359375,712.5130615234375,1614.9305419921875,123.03643798828125,145.29385375976562,20250225-162903
756,21,0,0.86181640625,216.5947723388672,464.28900146484375,1068.610107421875,852.8818969726562,20250225-162903
756,9,0,0.9072265625,696.5194702148438,1.101470947265625,330.89056396484375,376.9530944824219,20250225-162903
757,10,0,0.3603515625,833.1679077148438,409.5611572265625,243.79490661621094,244.8656005859375,20250225-162903
757,26,0,0.6591796875,743.4105224609375,511.2100524902344,135.1725311279297,148.89710998535156,20250225-162903
757,27,0,0.75048828125,860.6682739257812,1776.0047607421875,143.39263916015625,211.43084716796875,20250225-162903
757,25,0,0.7890625,671.5581665039062,1799.5107421875,119.35491943359375,182.27386474609375,20250225-162903
757,29,0,0.7939453125,698.894775390625,1407.6917724609375,267.1241455078125,374.470703125,20250225-162903
757,28,0,0.82421875,711.24755859375,1614.6192626953125,121.9302978515625,145.07647705078125,20250225-162903
757,21,0,0.84423828125,219.62562561035156,465.43707275390625,1065.510986328125,850.359619140625,20250225-162903
757,9,0,0.91064453125,696.3606567382812,0.91864013671875,330.89923095703125,376.42095947265625,20250225-162903
758,26,0,0.72314453125,742.9636840820312,512.8902587890625,126.18777465820312,156.72425842285156,20250225-162903
758,27,0,0.76904296875,860.0604858398438,1776.098876953125,143.38531494140625,212.1389617919922,20250225-162903
758,25,0,0.794921875,671.5699462890625,1798.4794921875,120.384521484375,182.35716247558594,20250225-162903
758,29,0,0.8056640625,698.7805786132812,1412.060302734375,256.393798828125,376.2415771484375,20250225-162903
758,28,0,0.82275390625,711.7376098632812,1614.7598876953125,122.41424560546875,145.23291015625,20250225-162903
758,21,0,0.86083984375,215.1953887939453,441.93017578125,1098.791015625,855.1560668945312,20250225-162903
758,9,0,0.90869140625,694.1338500976562,1.1068267822265625,330.18096923828125,378.043701171875,20250225-162903
759,26,0,0.68701171875,742.777587890625,514.1060791015625,125.64102172851562,157.70127868652344,20250225-162903
759,27,0,0.77099609375,858.981689453125,1776.0113525390625,143.3741455078125,213.4046173095703,20250225-162903
759,29,0,0.7939453125,696.3724365234375,1416.498779296875,249.3475341796875,378.5487060546875,20250225-162903
759,25,0,0.79638671875,671.6282958984375,1800.5167236328125,118.3436279296875,182.29953002929688,20250225-162903
759,28,0,0.8134765625,712.2098388671875,1615.0469970703125,122.21246337890625,144.73165893554688,20250225-162903
759,21,0,0.86767578125,218.09097290039062,479.57958984375,1057.91796875,851.7539672851562,20250225-162903
759,9,0,0.91162109375,697.2080078125,0.7290573120117188,330.58648681640625,376.291015625,20250225-162903
760,26,0,0.70556640625,742.5737915039062,514.2474975585938,127.62995910644531,165.25686645507812,20250225-162903
760,27,0,0.77685546875,860.5711059570312,1775.642578125,143.75115966796875,211.2608184814453,20250225-162903
760,25,0,0.783203125,671.5961303710938,1800.8924560546875,118.06805419921875,182.8288116455078,20250225-162903
760,29,0,0.7939453125,698.6700439453125,1418.9747314453125,248.8212890625,377.1225280761719,20250225-162903
760,28,0,0.81982421875,712.509521484375,1614.9283447265625,121.8145751953125,143.9937286376953,20250225-162903
760,21,0,0.84765625,217.86489868164062,469.7021484375,1069.976806640625,852.2823486328125,20250225-162903
760,9,0,0.9130859375,697.2967529296875,0.9198760986328125,330.3093566894531,376.1126403808594,20250225-162903
761,10,0,0.29345703125,722.30419921875,437.4635009765625,293.3919982910156,353.57171630859375,20250225-162903
761,27,0,0.76123046875,858.2352294921875,1775.83154296875,143.556884765625,213.86843872070312,20250225-162903
761,29,0,0.7734375,697.138671875,1427.8707275390625,234.4559326171875,376.0818786621094,20250225-162903
761,26,0,0.77392578125,743.1468505859375,515.91064453125,128.41790771484375,171.99620056152344,20250225-162903
761,25,0,0.787109375,671.4216918945312,1799.0196533203125,119.93243408203125,183.3908233642578,20250225-162903
761,21,0,0.8056640625,217.09010314941406,489.9638671875,1060.2388916015625,853.08984375,20250225-162903
761,28,0,0.82763671875,711.2565307617188,1615.9244384765625,121.03802490234375,146.2373809814453,20250225-162903
761,9,0,0.90869140625,698.8646850585938,0.72491455078125,329.83843994140625,373.62835693359375,20250225-162903
762,10,0,0.375732421875,722.9411010742188,442.02630615234375,293.57037353515625,352.5902404785156,20250225-162903
762,29,0,0.75341796875,697.94677734375,1435.7801513671875,225.823974609375,376.9786071777344,20250225-162903
762,26,0,0.76220703125,741.1531372070312,520.1768188476562,122.34246826171875,172.2945556640625,20250225-162903
762,27,0,0.76953125,858.3843994140625,1776.0970458984375,143.28643798828125,213.99066162109375,20250225-162903
762,25,0,0.7890625,671.0563354492188,1797.51123046875,121.34857177734375,183.2151336669922,20250225-162903
762,28,0,0.82568359375,710.2206420898438,1616.01025390625,119.984619140625,146.09408569335938,20250225-162903
762,21,0,0.8349609375,215.57131958007812,495.61541748046875,1076.878173828125,853.8880615234375,20250225-162903
762,9,0,0.90576171875,701.6546630859375,0.921295166015625,329.2376708984375,370.8827209472656,20250225-162903
763,10,0,0.412109375,724.1616821289062,450.30535888671875,294.0662841796875,350.5514221191406,20250225-162903
763,29,0,0.71533203125,697.1946411132812,1442.4766845703125,213.0794677734375,376.910888671875,20250225-162903
763,27,0,0.75439453125,857.6895751953125,1775.8179931640625,143.644775390625,215.0159149169922,20250225-162903
763,25,0,0.78515625,670.549072265625,1797.8258056640625,121.0338134765625,183.77122497558594,20250225-162903
763,26,0,0.79052734375,739.344970703125,518.5967407226562,127.34262084960938,177.86453247070312,20250225-162903
763,28,0,0.80810546875,709.884765625,1615.9383544921875,120.8994140625,147.75074768066406,20250225-162903
763,21,0,0.82373046875,216.57090759277344,498.94891357421875,1070.85205078125,852.6292114257812,20250225-162903
763,9,0,0.9052734375,700.1859741210938,1.3017654418945312,330.0118408203125,372.22314453125,20250225-162903
764,10,0,0.58984375,719.331298828125,452.9100036621094,293.8625793457031,356.01153564453125,20250225-162904
764,29,0,0.62060546875,695.5465087890625,1448.30029296875,216.31851196289062,372.8946838378906,20250225-162904
764,27,0,0.77880859375,859.068603515625,1775.6429443359375,143.7337646484375,213.01803588867188,20250225-162904
764,25,0,0.78857421875,670.8231201171875,1799.4202880859375,119.53564453125,182.0930633544922,20250225-162904
764,28,0,0.81640625,709.3836669921875,1615.9229736328125,119.64752197265625,146.6768341064453,20250225-162904
764,26,0,0.8232421875,737.8616943359375,520.9832153320312,130.8335723876953,181.30230712890625,20250225-162904
764,21,0,0.85498046875,217.8793182373047,509.28131103515625,1057.496826171875,851.9315795898438,20250225-162904
764,9,0,0.9033203125,704.5825805664062,0.9267196655273438,329.6295166015625,368.0864562988281,20250225-162904
765,10,0,0.67236328125,721.5950927734375,456.96368408203125,293.2489013671875,352.2803039550781,20250225-162904
765,29,0,0.68505859375,696.9197998046875,1454.3309326171875,193.19091796875,362.64117431640625,20250225-162904
765,27,0,0.77880859375,860.4677734375,1775.7828369140625,143.60870361328125,211.2559356689453,20250225-162904
765,25,0,0.79443359375,670.9031982421875,1800.3563232421875,118.50897216796875,182.91104125976562,20250225-162904
765,21,0,0.80908203125,217.02761840820312,507.94921875,1090.41943359375,852.79638671875,20250225-162904
765,26,0,0.81982421875,735.2551879882812,522.813232421875,132.0974578857422,185.20623779296875,20250225-162904
765,28,0,0.81982421875,710.096923828125,1615.8779296875,120.80694580078125,147.45883178710938,20250225-162904
765,9,0,0.90478515625,705.36279296875,1.1117706298828125,329.17474365234375,367.37921142578125,20250225-162904
766,29,0,0.65673828125,697.817138671875,1460.221435546875,191.5396728515625,368.0351257324219,20250225-162904
766,10,0,0.689453125,724.0455322265625,457.3289794921875,292.6863098144531,351.0093994140625,20250225-162904
766,27,0,0.75341796875,858.9732055664062,1775.6455078125,143.74237060546875,212.44210815429688,20250225-162904
766,25,0,0.794921875,670.9874267578125,1800.8466796875,118.01220703125,183.29727172851562,20250225-162904
766,28,0,0.8056640625,710.3829956054688,1616.5015869140625,119.62005615234375,147.48184204101562,20250225-162904
766,21,0,0.8271484375,212.19818115234375,470.918701171875,1123.2734375,858.7236938476562,20250225-162904
766,26,0,0.83056640625,732.2457885742188,521.1231689453125,139.9716339111328,188.66761779785156,20250225-162904
766,9,0,0.90576171875,703.0791625976562,0.739288330078125,328.49383544921875,370.0418395996094,20250225-162904
767,10,0,0.54296875,732.8555297851562,457.3785400390625,295.05999755859375,341.74407958984375,20250225-162904
767,29,0,0.62451171875,696.8366088867188,1463.8319091796875,196.1180419921875,366.3155822753906,20250225-162904
767,27,0,0.74169921875,857.9745483398438,1774.985595703125,144.400634765625,213.7241668701172,20250225-162904
767,25,0,0.798828125,670.6871948242188,1799.07568359375,119.78228759765625,183.1201171875,20250225-162904
767,28,0,0.806640625,709.7710571289062,1616.1353759765625,119.59918212890625,146.4146270751953,20250225-162904
767,26,0,0.8369140625,728.5234985351562,523.2542724609375,141.70262145996094,191.98788452148438,20250225-162904
767,21,0,0.83935546875,211.50140380859375,500.03009033203125,1083.268310546875,858.7040405273438,20250225-162904
767,9,0,0.90576171875,698.5958862304688,1.1156387329101562,327.6170349121094,374.2020568847656,20250225-162904
768,29,0,0.62353515625,694.9603271484375,1466.3792724609375,183.1611328125,332.1239013671875,20250225-162904
768,10,0,0.64892578125,710.4117431640625,455.0041809082031,299.36883544921875,363.8397216796875,20250225-162904
768,27,0,0.7705078125,858.118408203125,1775.6964111328125,143.7886962890625,214.112548828125,20250225-162904
768,25,0,0.798828125,671.1912231445312,1797.8060302734375,121.0528564453125,182.4705047607422,20250225-162904
768,28,0,0.81591796875,707.8325805664062,1614.241455078125,122.28076171875,148.33160400390625,20250225-162904
768,21,0,0.83203125,211.10572814941406,512.5497436523438,1069.1865234375,859.5455932617188,20250225-162904
768,26,0,0.8388671875,722.9559936523438,524.5831909179688,145.13973999023438,196.8671875,20250225-162904
768,9,0,0.91064453125,698.2139282226562,0.9250946044921875,326.3416748046875,374.52203369140625,20250225-162904
769,29,0,0.59619140625,694.8920288085938,1468.6292724609375,187.0433349609375,328.5437316894531,20250225-162904
769,10,0,0.62060546875,718.1348876953125,454.0765686035156,300.3276672363281,356.48419189453125,20250225-162904
769,27,0,0.75927734375,857.800048828125,1775.348876953125,144.22027587890625,213.993408203125,20250225-162904
769,25,0,0.77880859375,671.0581665039062,1799.69677734375,119.06927490234375,181.27197265625,20250225-162904
769,28,0,0.8134765625,707.1176147460938,1614.5606689453125,121.693359375,149.1502227783203,20250225-162904
769,21,0,0.83154296875,211.7127227783203,545.7777709960938,1036.529296875,858.8173828125,20250225-162904
769,26,0,0.84033203125,720.684814453125,524.3323974609375,149.96905517578125,197.72506713867188,20250225-162904
769,9,0,0.90869140625,698.4256591796875,0.7375717163085938,326.8810729980469,374.10919189453125,20250225-162904
770,29,0,0.55712890625,695.7991943359375,1469.4522705078125,186.71182250976562,322.8210754394531,20250225-162904
770,10,0,0.69775390625,710.0128784179688,453.13714599609375,301.32330322265625,364.3554382324219,20250225-162904
770,27,0,0.7646484375,860.3904418945312,1775.5125732421875,143.785400390625,211.02572631835938,20250225-162904
770,25,0,0.810546875,671.2431030273438,1799.4591064453125,119.39703369140625,183.4928741455078,20250225-162904
770,28,0,0.82568359375,707.8200073242188,1614.595458984375,120.23785400390625,147.96524047851562,20250225-162904
770,21,0,0.8359375,213.25140380859375,495.4599609375,1090.3157958984375,857.0240478515625,20250225-162904
770,26,0,0.84912109375,719.24853515625,524.7716064453125,156.238037109375,197.6103515625,20250225-162904
770,9,0,0.90966796875,699.7681884765625,0.9163742065429688,327.28997802734375,373.90576171875,20250225-162904
771,10,0,0.4599609375,724.8582153320312,447.90399169921875,303.5298156738281,349.8634033203125,20250225-162904
771,29,0,0.5498046875,697.0107421875,1465.6688232421875,201.610107421875,368.349609375,20250225-162904
771,27,0,0.7607421875,861.0374755859375,1775.66943359375,143.619873046875,210.17970275878906,20250225-162904
771,25,0,0.80126953125,671.4122924804688,1801.305908203125,117.55389404296875,183.37413024902344,20250225-162904
771,28,0,0.8173828125,707.7664794921875,1613.8040771484375,121.3546142578125,148.0703887939453,20250225-162904
771,21,0,0.82958984375,209.87054443359375,463.143310546875,1134.491455078125,860.5836181640625,20250225-162904
771,26,0,0.8427734375,718.5822143554688,525.2199096679688,153.0586395263672,198.162841796875,20250225-162904
771,9,0,0.9111328125,696.7755737304688,0.734710693359375,327.65771484375,375.55133056640625,20250225-162904
772,10,0,0.513671875,730.9381103515625,443.7996826171875,307.1578674316406,343.6910400390625,20250225-162904
772,29,0,0.54296875,696.4886474609375,1461.6705322265625,199.6834716796875,370.626708984375,20250225-162904
772,27,0,0.76953125,860.22607421875,1775.3477783203125,144.0399169921875,211.4045867919922,20250225-162904
772,25,0,0.802734375,671.5464477539062,1798.456787109375,120.40191650390625,181.75721740722656,20250225-162904
772,28,0,0.81396484375,707.5288696289062,1615.1824951171875,119.873291015625,150.48660278320312,20250225-162904
772,26,0,0.833984375,718.93798828125,525.6400146484375,151.8922119140625,195.40231323242188,20250225-162904
772,21,0,0.853515625,207.47732543945312,465.18072509765625,1126.4051513671875,863.0514526367188,20250225-162904
772,9,0,0.90966796875,697.61474609375,0.36692047119140625,328.0671081542969,374.6197204589844,20250225-162904
773,10,0,0.4990234375,743.4224853515625,439.6556396484375,307.8701477050781,330.8841552734375,20250225-162904
773,29,0,0.5322265625,696.4085693359375,1459.9984130859375,203.3349609375,373.23236083984375,20250225-162904
773,27,0,0.76220703125,858.4091796875,1775.7235107421875,143.65374755859375,213.652587890625,20250225-162904
773,25,0,0.7958984375,671.2381591796875,1797.6536865234375,121.20281982421875,181.8636016845703,20250225-162904
773,28,0,0.81396484375,706.8547973632812,1615.9053955078125,119.47760009765625,150.6829833984375,20250225-162904
773,26,0,0.82666015625,720.6925048828125,525.931884765625,148.33895874023438,191.9350128173828,20250225-162904
773,21,0,0.841796875,209.10287475585938,471.1226806640625,1112.909912109375,860.97509765625,20250225-162904
773,9,0,0.90673828125,695.427001953125,0.9282760620117188,328.70184326171875,377.0626220703125,20250225-162904
774,10,0,0.4111328125,732.40966796875,437.5591735839844,303.5283508300781,342.30120849609375,20250225-162904
774,29,0,0.51953125,697.7431640625,1457.9912109375,188.0723876953125,309.0278015136719,20250225-162904
774,27,0,0.7568359375,858.3301391601562,1775.9212646484375,143.45269775390625,212.98541259765625,20250225-162904
774,25,0,0.80126953125,670.998291015625,1797.7283935546875,121.12591552734375,182.5927276611328,20250225-162904
774,28,0,0.82763671875,706.6800537109375,1615.857421875,119.88116455078125,150.3657989501953,20250225-162904
774,26,0,0.83544921875,723.3504638671875,524.3304443359375,143.95294189453125,188.38796997070312,20250225-162904
774,21,0,0.84423828125,210.9195556640625,478.484619140625,1104.3636474609375,858.9135131835938,20250225-162904
774,9,0,0.904296875,696.2159423828125,0.9225311279296875,328.7357482910156,377.51220703125,20250225-162904
775,29,0,0.486328125,696.5479736328125,1455.412109375,224.03530883789062,376.64361572265625,20250225-162904
775,27,0,0.76953125,858.3001708984375,1775.7337646484375,143.65081787109375,213.13296508789062,20250225-162904
775,25,0,0.80029296875,671.4029541015625,1800.687744140625,118.26617431640625,182.09156799316406,20250225-162904
775,28,0,0.822265625,708.4401245117188,1615.3612060546875,119.5250244140625,146.71279907226562,20250225-162904
775,26,0,0.85400390625,732.44580078125,525.37109375,135.57467651367188,179.03379821777344,20250225-162904
775,21,0,0.8623046875,209.31031799316406,458.719482421875,1119.17578125,860.3873291015625,20250225-162904
775,9,0,0.8994140625,698.7933349609375,1.115386962890625,327.81109619140625,373.7672119140625,20250225-162904
776,29,0,0.64599609375,698.0444946289062,1453.1279296875,227.222900390625,377.36322021484375,20250225-162904
776,27,0,0.77197265625,861.4903564453125,1775.615478515625,143.77349853515625,209.84959411621094,20250225-162904
776,25,0,0.80029296875,671.6259765625,1799.726806640625,119.1361083984375,182.68447875976562,20250225-162904
776,28,0,0.81640625,710.1444702148438,1615.6607666015625,120.16424560546875,147.38133239746094,20250225-162904
776,26,0,0.841796875,737.21826171875,525.2098388671875,130.43211364746094,174.671630859375,20250225-162904
776,21,0,0.85546875,208.906494140625,442.738037109375,1136.537109375,861.3762817382812,20250225-162904
776,9,0,0.900390625,700.5949096679688,0.9224853515625,329.0484924316406,372.9000244140625,20250225-162904
777,29,0,0.595703125,697.6734008789062,1449.652587890625,222.897216796875,374.30712890625,20250225-162904
777,27,0,0.77783203125,860.2913818359375,1775.6396484375,143.737060546875,211.44424438476562,20250225-162904
777,25,0,0.798828125,671.3482666015625,1799.484130859375,119.562744140625,182.9623565673828,20250225-162904
777,28,0,0.8173828125,710.2213745117188,1616.1456298828125,119.46295166015625,147.81448364257812,20250225-162904
777,26,0,0.8310546875,740.7789916992188,526.7437744140625,126.98574829101562,171.63803100585938,20250225-162904
777,21,0,0.85791015625,210.28021240234375,446.48297119140625,1137.227783203125,859.7313232421875,20250225-162904
777,9,0,0.8935546875,709.2680053710938,1.2961349487304688,328.3739929199219,364.0528259277344,20250225-162904
778,10,0,0.20751953125,808.9509887695312,430.80029296875,291.1203918457031,266.0737609863281,20250225-162904
778,29,0,0.6123046875,696.4539184570312,1448.738525390625,196.53076171875,308.17059326171875,20250225-162904
778,27,0,0.74853515625,858.819091796875,1775.724609375,143.75921630859375,213.4550018310547,20250225-162904
778,26,0,0.76904296875,742.3453369140625,526.4849853515625,128.23690795898438,166.33016967773438,20250225-162904
778,25,0,0.796875,671.1796875,1796.2803955078125,122.5792236328125,182.50796508789062,20250225-162904
778,28,0,0.82568359375,709.1519165039062,1617.06005859375,118.28997802734375,146.8143768310547,20250225-162904
778,21,0,0.857421875,210.30303955078125,444.3160400390625,1124.7344970703125,860.3146362304688,20250225-162904
778,9,0,0.87353515625,715.4800415039062,1.10943603515625,328.1031188964844,357.9855651855469,20250225-162904
779,29,0,0.69677734375,696.993408203125,1446.7474365234375,214.640625,378.24658203125,20250225-162904
779,26,0,0.7568359375,742.7930297851562,524.1500244140625,128.93092346191406,161.56442260742188,20250225-162904
779,27,0,0.77734375,859.3195190429688,1775.164306640625,144.21661376953125,212.51119995117188,20250225-162904
779,25,0,0.79736328125,670.8920288085938,1797.3365478515625,121.616455078125,182.14190673828125,20250225-162904
779,28,0,0.8017578125,709.82958984375,1619.4034423828125,117.34075927734375,147.3932647705078,20250225-162904
779,21,0,0.86669921875,209.870361328125,439.60479736328125,1134.6529541015625,859.9774169921875,20250225-162904
779,9,0,0.8955078125,721.1300659179688,1.10101318359375,327.3403015136719,352.92962646484375,20250225-162904
780,29,0,0.7216796875,697.1985473632812,1446.0283203125,222.92861938476562,378.74835205078125,20250225-162904
780,26,0,0.75341796875,743.6943969726562,523.01953125,130.15077209472656,161.5672607421875,20250225-162904
780,27,0,0.77880859375,858.6138305664062,1775.280029296875,144.18218994140625,212.91494750976562,20250225-162904
780,25,0,0.79248046875,670.751953125,1799.8033447265625,119.0548095703125,182.1941375732422,20250225-162904
780,28,0,0.80419921875,711.824462890625,1618.9010009765625,116.833740234375,144.41184997558594,20250225-162904
780,21,0,0.86962890625,210.29273986816406,436.77923583984375,1138.325439453125,859.0891723632812,20250225-162904
780,9,0,0.87158203125,724.6100463867188,0.730133056640625,326.13604736328125,349.39373779296875,20250225-162904
781,26,0,0.71142578125,743.3068237304688,519.0894775390625,131.48281860351562,162.79574584960938,20250225-162904
781,29,0,0.728515625,697.7828979492188,1445.2083740234375,235.34243774414062,378.39471435546875,20250225-162904
781,27,0,0.775390625,859.7124633789062,1775.1947021484375,144.181640625,212.20401000976562,20250225-162904
781,25,0,0.79443359375,671.3428955078125,1800.77490234375,118.177734375,183.14453125,20250225-162904
781,28,0,0.8310546875,713.0758666992188,1618.6845703125,117.41986083984375,143.3072052001953,20250225-162904
781,21,0,0.85888671875,210.69142150878906,440.26318359375,1130.60302734375,858.943603515625,20250225-162904
781,9,0,0.86376953125,725.635498046875,0.9210891723632812,326.3001403808594,347.3974914550781,20250225-162904
782,29,0,0.7001953125,697.5684814453125,1443.822509765625,236.775146484375,378.1422119140625,20250225-162904
782,27,0,0.7578125,860.20703125,1775.37890625,143.99981689453125,211.791259765625,20250225-162904
782,26,0,0.7646484375,743.9749145507812,520.3719482421875,132.08633422851562,159.803955078125,20250225-162904
782,25,0,0.79638671875,671.2667846679688,1798.4022216796875,120.54290771484375,183.6837615966797,20250225-162904
782,28,0,0.810546875,713.0777587890625,1619.6627197265625,116.7440185546875,142.54434204101562,20250225-162904
782,21,0,0.86328125,212.455078125,428.2027587890625,1142.5081787109375,857.3284301757812,20250225-162904
782,9,0,0.8916015625,721.7548828125,1.291259765625,327.01031494140625,351.3426818847656,20250225-162904
783,29,0,0.6875,697.1817626953125,1442.1258544921875,230.78759765625,376.39727783203125,20250225-162904
783,26,0,0.73779296875,743.345703125,517.9238891601562,134.90135192871094,160.88070678710938,20250225-162904
783,27,0,0.76220703125,859.5948486328125,1775.1822509765625,144.3896484375,212.29345703125,20250225-162904
783,25,0,0.783203125,671.0990600585938,1799.4305419921875,119.42706298828125,182.7638397216797,20250225-162904
783,28,0,0.8115234375,713.2380981445312,1618.58349609375,117.40704345703125,143.05264282226562,20250225-162904
783,21,0,0.84130859375,211.05612182617188,425.44134521484375,1154.7265625,858.8991088867188,20250225-162904
783,9,0,0.8720703125,709.9138793945312,0.9186630249023438,328.0178527832031,363.2862854003906,20250225-162904
784,29,0,0.60400390625,694.595458984375,1442.599365234375,229.17333984375,373.451416015625,20250225-162904
784,26,0,0.68359375,743.7213745117188,517.27197265625,131.0518341064453,159.00083923339844,20250225-162904
784,27,0,0.75634765625,858.6839599609375,1775.464599609375,143.822021484375,213.01683044433594,20250225-162904
784,25,0,0.7939453125,669.3161010742188,1799.60009765625,119.350341796875,183.3875732421875,20250225-162904
784,28,0,0.8017578125,711.5231323242188,1619.0906982421875,116.70849609375,144.5423583984375,20250225-162904
784,21,0,0.85791015625,213.9667205810547,429.25543212890625,1154.3170166015625,855.3572387695312,20250225-162904
784,9,0,0.875,704.4345092773438,1.1067123413085938,326.69342041015625,368.6250305175781,20250225-162904
785,29,0,0.54296875,694.3093872070312,1442.6129150390625,220.10009765625,367.830810546875,20250225-162904
785,26,0,0.5927734375,745.3885498046875,513.861083984375,125.952392578125,156.7685546875,20250225-162904
785,27,0,0.759765625,857.836181640625,1775.542236328125,143.846923828125,213.9564208984375,20250225-162904
785,28,0,0.79931640625,712.8145751953125,1619.0423583984375,117.02545166015625,142.97711181640625,20250225-162904
785,25,0,0.80029296875,670.6856079101562,1798.1634521484375,120.78277587890625,183.37039184570312,20250225-162904
785,21,0,0.84814453125,211.47128295898438,433.15570068359375,1143.276123046875,858.0276489257812,20250225-162904
785,9,0,0.8896484375,701.0033569335938,0.5476455688476562,323.6492919921875,371.7353820800781,20250225-162904
786,29,0,0.56787109375,696.5725708007812,1442.0877685546875,238.820068359375,377.78271484375,20250225-162904
786,26,0,0.7080078125,746.4598999023438,510.8870544433594,104.45590209960938,154.42176818847656,20250225-162904
786,27,0,0.77197265625,858.7896118164062,1775.3521728515625,144.0347900390625,212.54794311523438,20250225-162904
786,25,0,0.79638671875,670.4512939453125,1799.7667236328125,119.18829345703125,183.00888061523438,20250225-162904
786,28,0,0.798828125,712.9849243164062,1618.683837890625,116.57647705078125,142.76316833496094,20250225-162904
786,21,0,0.85498046875,210.21652221679688,424.661865234375,1144.9376220703125,859.3972778320312,20250225-162904
786,9,0,0.88232421875,710.2923583984375,0.9172210693359375,319.9058837890625,363.9480285644531,20250225-162904
787,29,0,0.385009765625,697.677734375,1442.336181640625,221.38174438476562,335.8263854980469,20250225-162904
787,26,0,0.65576171875,748.6986694335938,510.3119201660156,130.83045959472656,149.96612548828125,20250225-162904
787,27,0,0.7685546875,859.9508666992188,1775.892333984375,143.50286865234375,211.3722381591797,20250225-162904
787,28,0,0.8056640625,712.7081909179688,1616.9384765625,118.966552734375,142.91119384765625,20250225-162904
787,25,0,0.80859375,670.4463500976562,1798.584716796875,120.3629150390625,184.62557983398438,20250225-162904
787,21,0,0.8232421875,213.0030975341797,422.78338623046875,1159.32958984375,856.6997680664062,20250225-162904
787,18,0,0.86083984375,705.1279296875,127.9691162109375,273.8006286621094,350.0230407714844,20250225-162904
788,29,0,0.59619140625,695.8428955078125,1442.7960205078125,215.4429931640625,318.3908996582031,20250225-162904
788,26,0,0.712890625,747.7408447265625,509.5822448730469,130.84808349609375,153.345703125,20250225-162904
788,27,0,0.75830078125,860.9681396484375,1775.32080078125,144.16845703125,210.58001708984375,20250225-162904
788,28,0,0.791015625,712.7428588867188,1617.147216796875,118.47271728515625,143.11032104492188,20250225-162904
788,25,0,0.8037109375,670.6702880859375,1798.54833984375,120.30853271484375,183.33787536621094,20250225-162904
788,21,0,0.8251953125,212.25474548339844,421.71002197265625,1163.718017578125,857.1473388671875,20250225-162904
788,18,0,0.865234375,705.12451171875,126.80039978027344,275.412109375,346.8756408691406,20250225-162904
789,29,0,0.4736328125,695.6819458007812,1441.4783935546875,221.211181640625,318.7818603515625,20250225-162904
789,27,0,0.73876953125,858.002197265625,1775.902587890625,143.4949951171875,213.32591247558594,20250225-162904
789,26,0,0.7529296875,746.22900390625,508.497802734375,128.04354858398438,153.31849670410156,20250225-162904
789,25,0,0.79443359375,670.1150512695312,1797.7064208984375,121.245849609375,183.0486602783203,20250225-162904
789,28,0,0.798828125,709.8949584960938,1616.0859375,119.930419921875,145.26333618164062,20250225-162904
789,21,0,0.85888671875,212.67608642578125,419.51422119140625,1157.6766357421875,856.8864135742188,20250225-162904
789,9,0,0.86083984375,740.1104736328125,0.9038543701171875,314.98272705078125,334.7702331542969,20250225-162904
790,29,0,0.435791015625,696.0303955078125,1442.4935302734375,237.8876953125,378.9352722167969,20250225-162904
790,27,0,0.76220703125,858.9912719726562,1776.0087890625,143.46734619140625,212.0667724609375,20250225-162904
790,26,0,0.765625,745.320068359375,509.6294860839844,129.11087036132812,149.11614990234375,20250225-162904
790,28,0,0.7958984375,710.2249145507812,1615.0360107421875,121.726318359375,145.54566955566406,20250225-162904
790,25,0,0.79638671875,669.0916137695312,1798.2916259765625,120.568359375,183.37486267089844,20250225-162904
790,21,0,0.8525390625,213.6706085205078,420.7965087890625,1183.6446533203125,855.6868286132812,20250225-162904
790,9,0,0.8935546875,744.9464111328125,0.7539825439453125,315.3974609375,329.6912841796875,20250225-162904
791,29,0,0.548828125,696.650634765625,1442.5067138671875,239.962646484375,377.7104797363281,20250225-162904
791,27,0,0.7392578125,860.2913818359375,1775.9080810546875,143.48675537109375,211.1409149169922,20250225-162904
791,26,0,0.7392578125,743.1293334960938,508.7956237792969,128.23475646972656,157.67234802246094,20250225-162904
791,25,0,0.791015625,670.1649780273438,1799.41552734375,119.44061279296875,182.6217803955078,20250225-162904
791,28,0,0.80029296875,710.2048950195312,1615.5823974609375,119.935546875,145.21771240234375,20250225-162904
791,21,0,0.85400390625,213.1402587890625,418.4014892578125,1164.126708984375,856.1332397460938,20250225-162904
791,9,0,0.87939453125,749.536376953125,0.5725250244140625,316.765625,325.5940856933594,20250225-162904
792,29,0,0.5947265625,695.974609375,1441.275146484375,242.8231201171875,376.4849853515625,20250225-162904
792,26,0,0.68994140625,742.2665405273438,507.8594970703125,128.48629760742188,162.48040771484375,20250225-162904
792,27,0,0.74169921875,861.6748046875,1776.107666015625,143.28240966796875,209.56866455078125,20250225-162904
792,28,0,0.77978515625,711.56201171875,1614.1739501953125,121.4556884765625,143.9365234375,20250225-162904
792,25,0,0.80078125,670.7386474609375,1798.7958984375,120.06317138671875,183.30245971679688,20250225-162904
792,21,0,0.86962890625,213.45997619628906,418.0155029296875,1156.6827392578125,855.7863159179688,20250225-162904
792,9,0,0.88525390625,751.7865600585938,0.37518310546875,316.6392517089844,322.78863525390625,20250225-162904
793,29,0,0.66552734375,696.409423828125,1440.47509765625,243.20791625976562,376.35845947265625,20250225-162904
793,26,0,0.68701171875,739.6773681640625,509.2242736816406,127.7427978515625,163.09959411621094,20250225-162904
793,27,0,0.72802734375,860.6160888671875,1776.2340087890625,143.23406982421875,210.52972412109375,20250225-162904
793,28,0,0.779296875,713.5258178710938,1614.7196044921875,121.0623779296875,142.63888549804688,20250225-162904
793,25,0,0.79638671875,670.9048461914062,1799.7689208984375,119.08758544921875,183.24456787109375,20250225-162904
793,18,0,0.8701171875,704.5289306640625,127.037841796875,275.557373046875,350.790283203125,20250225-162904
793,21,0,0.87353515625,212.1073760986328,418.9844970703125,1149.551513671875,857.0731811523438,20250225-162904
794,29,0,0.59619140625,695.239990234375,1440.632080078125,233.748779296875,376.98150634765625,20250225-162905
794,26,0,0.7255859375,738.574462890625,505.0212707519531,140.09458923339844,163.05633544921875,20250225-162905
794,27,0,0.744140625,860.20751953125,1776.1907958984375,143.28790283203125,211.04830932617188,20250225-162905
794,28,0,0.78271484375,710.7568969726562,1613.457275390625,122.07440185546875,144.9718017578125,20250225-162905
794,25,0,0.7958984375,670.464111328125,1796.236083984375,122.713623046875,183.11814880371094,20250225-162905
794,9,0,0.8515625,765.3594360351562,0.54656982421875,310.9227600097656,308.18212890625,20250225-162905
794,21,0,0.8759765625,212.26812744140625,419.00225830078125,1156.35546875,857.23828125,20250225-162905
795,29,0,0.60595703125,695.0955200195312,1439.9066162109375,236.443359375,377.7525329589844,20250225-162905
795,27,0,0.74853515625,859.3126220703125,1776.0274658203125,143.35198974609375,212.21200561523438,20250225-162905
795,26,0,0.78125,738.3322143554688,508.2964782714844,139.18304443359375,163.88726806640625,20250225-162905
795,28,0,0.794921875,711.7847900390625,1615.3626708984375,120.1541748046875,143.322998046875,20250225-162905
795,25,0,0.7958984375,669.510498046875,1798.0887451171875,120.76922607421875,183.6318359375,20250225-162905
795,18,0,0.86328125,703.642578125,126.35440063476562,275.4612121582031,349.0272216796875,20250225-162905
795,21,0,0.87890625,213.67567443847656,418.41632080078125,1152.364990234375,855.780029296875,20250225-162905
796,29,0,0.6943359375,695.116455078125,1440.07177734375,232.595947265625,377.127685546875,20250225-162905
796,27,0,0.7626953125,861.392333984375,1776.098876953125,143.373046875,209.37632751464844,20250225-162905
796,26,0,0.76416015625,739.6018676757812,508.4275817871094,134.4518280029297,164.28533935546875,20250225-162905
796,28,0,0.7880859375,712.3925170898438,1614.4522705078125,122.13134765625,144.4468231201172,20250225-162905
796,25,0,0.810546875,670.10693359375,1797.7056884765625,121.147705078125,182.82147216796875,20250225-162905
796,18,0,0.8369140625,704.1036376953125,119.76191711425781,282.19708251953125,351.14227294921875,20250225-162905
796,21,0,0.8798828125,215.3226776123047,418.83636474609375,1153.480712890625,854.3970336914062,20250225-162905
797,29,0,0.72509765625,696.9585571289062,1440.767333984375,215.33340454101562,374.97369384765625,20250225-162905
797,26,0,0.740234375,740.4075927734375,509.7066650390625,132.56382751464844,166.37892150878906,20250225-162905
797,27,0,0.76904296875,860.5523681640625,1775.93408203125,143.53125,210.5019073486328,20250225-162905
797,25,0,0.80810546875,670.908447265625,1797.6844482421875,121.17022705078125,183.62515258789062,20250225-162905
797,28,0,0.81640625,712.8160400390625,1615.4454345703125,120.15875244140625,144.58175659179688,20250225-162905
797,21,0,0.85595703125,214.0244903564453,419.35089111328125,1170.30419921875,855.3690795898438,20250225-162905
797,18,0,0.86279296875,705.1689453125,124.34623718261719,277.579345703125,352.6441345214844,20250225-162905
798,26,0,0.71875,741.403076171875,510.58758544921875,128.5177459716797,164.52867126464844,20250225-162905
798,29,0,0.751953125,697.9797973632812,1441.7061767578125,231.5401611328125,374.6173095703125,20250225-162905
798,27,0,0.77197265625,861.65185546875,1776.141357421875,143.21905517578125,209.29684448242188,20250225-162905
798,28,0,0.79443359375,712.9382934570312,1615.8350830078125,119.1610107421875,142.54031372070312,20250225-162905
798,25,0,0.80029296875,671.1505737304688,1798.795654296875,119.9732666015625,183.6544952392578,20250225-162905
798,18,0,0.81982421875,705.1572265625,123.25003051757812,279.0334167480469,353.9623718261719,20250225-162905
798,21,0,0.85986328125,213.46461486816406,418.78125,1163.760986328125,855.9971923828125,20250225-162905
799,26,0,0.73388671875,740.1774291992188,513.04931640625,124.68685913085938,164.73269653320312,20250225-162905
799,29,0,0.7421875,697.3629150390625,1442.6624755859375,217.97012329101562,375.3569030761719,20250225-162905
799,27,0,0.76708984375,861.1232299804688,1775.947265625,143.4283447265625,210.20639038085938,20250225-162905
799,28,0,0.80029296875,712.8901977539062,1616.06396484375,119.56036376953125,144.71139526367188,20250225-162905
799,25,0,0.81396484375,670.8346557617188,1798.7376708984375,120.211669921875,182.5982666015625,20250225-162905
799,18,0,0.8203125,704.26708984375,125.09161376953125,276.75787353515625,353.73419189453125,20250225-162905
799,21,0,0.86865234375,213.91342163085938,418.6962890625,1160.203125,855.233642578125,20250225-162905
800,29,0,0.70556640625,696.2060546875,1441.2095947265625,221.807373046875,376.8117980957031,20250225-162905
800,27,0,0.76123046875,859.7053833007812,1775.9578857421875,143.40985107421875,211.9222412109375,20250225-162905
800,26,0,0.7705078125,739.0715942382812,515.90380859375,125.17318725585938,164.60214233398438,20250225-162905
800,28,0,0.79248046875,714.0950927734375,1615.7493896484375,120.010986328125,141.72303771972656,20250225-162905
800,25,0,0.8056640625,669.9185791015625,1797.64599609375,121.20611572265625,183.23963928222656,20250225-162905
800,18,0,0.818359375,703.7283935546875,126.68984985351562,275.0955505371094,353.4049377441406,20250225-162905
800,21,0,0.86376953125,214.778076171875,418.49322509765625,1160.39013671875,854.3276977539062,20250225-162905
801,9,0,0.45703125,840.0467529296875,1.7430267333984375,298.7298583984375,236.5811309814453,20250225-162905
801,29,0,0.7001953125,696.5370483398438,1441.4539794921875,229.55117797851562,376.2164611816406,20250225-162905
801,27,0,0.7646484375,859.925537109375,1775.9285888671875,143.45159912109375,211.6148681640625,20250225-162905
801,26,0,0.79052734375,738.7168579101562,514.4066162109375,129.35948181152344,164.2165985107422,20250225-162905
801,28,0,0.798828125,711.8360595703125,1615.2227783203125,119.64642333984375,143.3237762451172,20250225-162905
801,25,0,0.80859375,669.85888671875,1797.2091064453125,121.64501953125,183.73638916015625,20250225-162905
801,18,0,0.81103515625,703.7119750976562,122.31399536132812,279.9234924316406,354.2205810546875,20250225-162905
801,21,0,0.85498046875,213.45578002929688,417.57696533203125,1167.94873046875,855.4362182617188,20250225-162905
802,9,0,0.63720703125,839.1683349609375,1.5375137329101562,298.6888427734375,236.20501708984375,20250225-162905
802,29,0,0.740234375,695.4132080078125,1441.5172119140625,232.681640625,378.5661315917969,20250225-162905
802,26,0,0.7607421875,736.8878784179688,513.1792602539062,134.19895935058594,166.28897094726562,20250225-162905
802,27,0,0.7626953125,858.8519287109375,1775.865234375,143.5015869140625,212.11398315429688,20250225-162905
802,28,0,0.806640625,712.8724975585938,1615.1656494140625,119.63543701171875,142.42945861816406,20250225-162905
802,25,0,0.81591796875,670.0863647460938,1795.8292236328125,123.0216064453125,183.68283081054688,20250225-162905
802,18,0,0.8291015625,704.4190063476562,123.98396301269531,277.7108154296875,352.76824951171875,20250225-162905
802,21,0,0.8505859375,213.47225952148438,419.19287109375,1166.2972412109375,855.2786865234375,20250225-162905
803,9,0,0.64501953125,845.093994140625,1.112823486328125,296.7276306152344,226.6477813720703,20250225-162905
803,26,0,0.70751953125,736.9632568359375,511.10028076171875,138.00888061523438,166.04409790039062,20250225-162905
803,27,0,0.75927734375,860.4559326171875,1776.141357421875,143.140869140625,210.6924591064453,20250225-162905
803,29,0,0.76220703125,697.1914672851562,1440.30517578125,233.43081665039062,377.04571533203125,20250225-162905
803,28,0,0.8056640625,715.4595336914062,1615.24853515625,119.4349365234375,140.32029724121094,20250225-162905
803,25,0,0.80810546875,670.3237915039062,1798.385498046875,120.4720458984375,184.27981567382812,20250225-162905
803,18,0,0.84765625,705.0865478515625,124.61680603027344,277.7513122558594,352.98248291015625,20250225-162905
803,21,0,0.85302734375,214.46685791015625,417.93170166015625,1169.8648681640625,854.9681396484375,20250225-162905
804,9,0,0.69287109375,844.32763671875,1.6170501708984375,295.4324951171875,229.53408813476562,20250225-162905
804,27,0,0.7568359375,861.2611083984375,1776.121337890625,143.2587890625,210.07403564453125,20250225-162905
804,26,0,0.76904296875,736.179443359375,512.32373046875,137.82032775878906,166.56637573242188,20250225-162905
804,29,0,0.77099609375,696.9675903320312,1439.2305908203125,238.9072265625,377.25189208984375,20250225-162905
804,25,0,0.8017578125,670.3292846679688,1799.6455078125,119.21502685546875,183.8922119140625,20250225-162905
804,28,0,0.81396484375,715.385986328125,1613.877685546875,120.71282958984375,140.34716796875,20250225-162905
804,18,0,0.86376953125,705.554931640625,126.49172973632812,276.683349609375,353.49261474609375,20250225-162905
804,21,0,0.86865234375,214.88812255859375,419.16156005859375,1154.738525390625,854.9066162109375,20250225-162905
805,9,0,0.609375,854.012939453125,2.2863922119140625,296.7642517089844,222.28543090820312,20250225-162905
805,29,0,0.744140625,698.038818359375,1439.856201171875,227.6671142578125,375.2577819824219,20250225-162905
805,27,0,0.75634765625,859.947998046875,1776.1270751953125,143.2554931640625,211.5904083251953,20250225-162905
805,26,0,0.763671875,736.8806762695312,514.7373046875,135.47630310058594,165.1902618408203,20250225-162905
805,25,0,0.80078125,670.29443359375,1797.0205078125,121.8369140625,182.3339080810547,20250225-162905
805,28,0,0.8173828125,714.0682983398438,1613.9373779296875,122.28314208984375,143.0239715576172,20250225-162905
805,18,0,0.85205078125,703.8602294921875,126.98188781738281,275.3401794433594,354.3382568359375,20250225-162905
805,21,0,0.853515625,215.77577209472656,420.5657958984375,1157.3455810546875,853.54833984375,20250225-162905
806,9,0,0.60498046875,856.238037109375,2.0251235961914062,295.36627197265625,220.32015991210938,20250225-162905
806,27,0,0.759765625,859.4200439453125,1776.238037109375,143.13079833984375,212.11270141601562,20250225-162905
806,29,0,0.7646484375,698.8707885742188,1439.9228515625,234.7283935546875,375.92254638671875,20250225-162905
806,26,0,0.76904296875,736.47509765625,513.5595703125,137.3968048095703,167.96310424804688,20250225-162905
806,25,0,0.80615234375,669.3262329101562,1798.455078125,120.39697265625,183.09487915039062,20250225-162905
806,28,0,0.8115234375,713.6858520507812,1613.460205078125,122.78668212890625,142.47422790527344,20250225-162905
806,18,0,0.8466796875,703.6610107421875,127.06541442871094,275.24102783203125,355.9560852050781,20250225-162905
806,21,0,0.86572265625,216.1409912109375,419.6927490234375,1153.18701171875,853.1920776367188,20250225-162905
807,9,0,0.591796875,860.3648681640625,1.8304595947265625,296.1565246582031,216.38430786132812,20250225-162905
807,26,0,0.70263671875,737.605224609375,514.3671875,134.77871704101562,165.60284423828125,20250225-162905
807,29,0,0.72412109375,699.1094970703125,1439.9696044921875,233.933349609375,374.3167419433594,20250225-162905
807,27,0,0.775390625,861.6968383789062,1776.1204833984375,143.25677490234375,209.57699584960938,20250225-162905
807,25,0,0.806640625,669.8857421875,1798.1868896484375,120.6734619140625,182.6500701904297,20250225-162905
807,28,0,0.8154296875,714.8856811523438,1613.4400634765625,122.4041748046875,141.5863037109375,20250225-162905
807,18,0,0.853515625,703.7044067382812,127.77236938476562,274.4050598144531,354.6932067871094,20250225-162905
807,21,0,0.86181640625,214.43218994140625,420.11920166015625,1157.904052734375,855.1190185546875,20250225-162905
808,9,0,0.658203125,861.4982299804688,1.5596694946289062,295.00177001953125,215.17718505859375,20250225-162905
808,26,0,0.693359375,740.43115234375,516.245361328125,132.25772094726562,161.2723388671875,20250225-162905
808,29,0,0.69775390625,700.57666015625,1439.5242919921875,224.918701171875,370.9756774902344,20250225-162905
808,27,0,0.77685546875,860.5479125976562,1775.9395751953125,143.52301025390625,210.89862060546875,20250225-162905
808,28,0,0.80419921875,715.3363037109375,1613.678466796875,121.69903564453125,141.2395477294922,20250225-162905
808,25,0,0.80908203125,670.3643798828125,1798.1759033203125,120.6826171875,183.3970947265625,20250225-162905
808,18,0,0.8271484375,704.7761840820312,124.12449645996094,278.5329895019531,352.6377868652344,20250225-162905
808,21,0,0.83349609375,214.56881713867188,418.220947265625,1168.1656494140625,855.1560668945312,20250225-162905
809,10,0,0.220703125,809.3794555664062,420.7281188964844,284.4251403808594,265.0382080078125,20250225-162905
809,9,0,0.615234375,866.60498046875,1.6655731201171875,293.6734619140625,209.80685424804688,20250225-162905
809,26,0,0.61962890625,742.0958862304688,514.517578125,129.95777893066406,159.49908447265625,20250225-162905
809,29,0,0.6533203125,699.6324462890625,1441.0638427734375,218.0863037109375,373.9725036621094,20250225-162905
809,27,0,0.76953125,859.9742431640625,1775.8670654296875,143.596435546875,211.26588439941406,20250225-162905
809,28,0,0.798828125,715.6976318359375,1613.2298583984375,121.77447509765625,141.04042053222656,20250225-162905
809,25,0,0.80322265625,670.5325927734375,1798.5224609375,120.3424072265625,183.49777221679688,20250225-162905
809,18,0,0.8154296875,705.0193481445312,122.52511596679688,280.093505859375,353.3595275878906,20250225-162905
809,21,0,0.8173828125,214.7205810546875,419.53546142578125,1183.18896484375,854.9031982421875,20250225-162905
810,26,0,0.60498046875,743.835205078125,511.57928466796875,134.24130249023438,153.65975952148438,20250225-162905
810,29,0,0.61865234375,699.507080078125,1441.6094970703125,213.403564453125,372.6322021484375,20250225-162905
810,9,0,0.6689453125,870.2117919921875,1.64849853515625,294.7364501953125,205.85073852539062,20250225-162905
810,27,0,0.78857421875,859.6307373046875,1775.6572265625,143.80718994140625,212.00601196289062,20250225-162905
810,28,0,0.802734375,715.1109008789062,1612.8541259765625,122.58380126953125,141.86868286132812,20250225-162905
810,25,0,0.80859375,670.13037109375,1798.9892578125,119.86944580078125,182.9700469970703,20250225-162905
810,18,0,0.82861328125,704.74658203125,124.52345275878906,277.96563720703125,352.5199890136719,20250225-162905
810,21,0,0.83642578125,215.57810974121094,418.18890380859375,1198.625732421875,853.9698486328125,20250225-162905
811,9,0,0.607421875,875.0536499023438,1.4339675903320312,293.2674865722656,201.0128173828125,20250225-162905
811,29,0,0.62060546875,697.9351806640625,1438.80517578125,205.27798461914062,328.78680419921875,20250225-162905
811,26,0,0.63330078125,745.6602172851562,511.1788330078125,137.51248168945312,151.9833221435547,20250225-162905
811,27,0,0.77734375,859.4581298828125,1776.03515625,143.43365478515625,211.79959106445312,20250225-162905
811,28,0,0.794921875,715.7055053710938,1611.872802734375,123.02197265625,139.96792602539062,20250225-162905
811,18,0,0.79931640625,704.2449340820312,125.1273193359375,277.5021057128906,352.3641662597656,20250225-162905
811,25,0,0.806640625,669.6107177734375,1797.9935302734375,120.8660888671875,182.9497833251953,20250225-162905
811,21,0,0.8330078125,215.62754821777344,416.7894287109375,1190.725341796875,854.3787841796875,20250225-162905
812,9,0,0.382080078125,874.2725830078125,1.493682861328125,293.40325927734375,201.44325256347656,20250225-162905
812,26,0,0.56396484375,746.3836669921875,507.0220642089844,100.75144958496094,151.07891845703125,20250225-162905
812,29,0,0.71533203125,697.9620361328125,1438.7750244140625,214.0341796875,372.8887634277344,20250225-162905
812,27,0,0.77880859375,860.0294799804688,1776.1497802734375,143.22052001953125,211.2256317138672,20250225-162905
812,18,0,0.80126953125,704.42236328125,126.32249450683594,275.8077392578125,353.8168029785156,20250225-162905
812,28,0,0.80810546875,715.122314453125,1613.5177001953125,122.44390869140625,141.4962615966797,20250225-162905
812,25,0,0.8125,670.1423950195312,1797.6470947265625,121.1165771484375,182.30575561523438,20250225-162905
812,21,0,0.84423828125,216.78179931640625,417.44183349609375,1184.1884765625,852.5994873046875,20250225-162905
813,9,0,0.56298828125,874.5470581054688,1.3930892944335938,292.6701965332031,201.59765625,20250225-162905
813,26,0,0.61669921875,748.8323974609375,505.55853271484375,101.78448486328125,151.94065856933594,20250225-162905
813,29,0,0.7177734375,699.1983032226562,1438.7757568359375,216.4053955078125,372.19146728515625,20250225-162905
813,27,0,0.7822265625,860.6408081054688,1775.77880859375,143.58270263671875,210.51461791992188,20250225-162905
813,28,0,0.802734375,714.8041381835938,1611.867919921875,123.55682373046875,142.40753173828125,20250225-162905
813,18,0,0.80810546875,704.874755859375,126.9466552734375,274.6381530761719,356.9936828613281,20250225-162905
813,25,0,0.8134765625,670.4066772460938,1798.424560546875,120.42791748046875,182.89523315429688,20250225-162905
813,21,0,0.84912109375,218.9630126953125,419.6781005859375,1175.02783203125,850.530029296875,20250225-162905
814,9,0,0.4755859375,875.0550537109375,1.3948974609375,292.05572509765625,201.0884246826172,20250225-162905
814,26,0,0.63720703125,748.923828125,504.25115966796875,105.53741455078125,153.75881958007812,20250225-162905
814,29,0,0.7177734375,699.4814453125,1438.564453125,218.0621337890625,373.36456298828125,20250225-162905
814,27,0,0.78515625,860.8024291992188,1776.076171875,143.28790283203125,210.4439697265625,20250225-162905
814,25,0,0.7958984375,671.6480712890625,1799.832275390625,119.12091064453125,182.00405883789062,20250225-162905
814,18,0,0.79638671875,705.1025390625,124.69711303710938,276.97540283203125,357.37701416015625,20250225-162905
814,28,0,0.81640625,715.746826171875,1612.3297119140625,123.30194091796875,141.26649475097656,20250225-162905
814,21,0,0.8662109375,218.53970336914062,418.93524169921875,1153.785400390625,851.1068115234375,20250225-162905
815,9,0,0.57373046875,876.3534545898438,1.41302490234375,290.2109375,199.45138549804688,20250225-162905
815,26,0,0.7080078125,751.7177124023438,500.6401062011719,140.4627227783203,151.0430450439453,20250225-162905
815,29,0,0.74853515625,699.2418212890625,1437.3138427734375,221.3426513671875,373.302734375,20250225-162905
815,27,0,0.7705078125,860.7554931640625,1775.7930908203125,143.56842041015625,210.59751892089844,20250225-162905
815,25,0,0.79736328125,670.9984741210938,1799.6953125,119.165771484375,182.75439453125,20250225-162905
815,28,0,0.81640625,716.0081787109375,1611.9111328125,123.55499267578125,140.80198669433594,20250225-162905
815,18,0,0.818359375,704.9052734375,125.44239807128906,276.2049560546875,355.2015380859375,20250225-162905
815,21,0,0.865234375,218.7801971435547,417.7825927734375,1159.0751953125,850.8411865234375,20250225-162905
816,9,0,0.56494140625,880.0618896484375,1.3140792846679688,292.8619384765625,195.74684143066406,20250225-162905
816,26,0,0.66259765625,750.788818359375,499.4967956542969,142.6021728515625,149.91909790039062,20250225-162905
816,29,0,0.7392578125,699.2904663085938,1436.8685302734375,218.156982421875,373.4248962402344,20250225-162905
816,27,0,0.77783203125,860.1062622070312,1775.7791748046875,143.586181640625,210.94720458984375,20250225-162905
816,18,0,0.78466796875,704.64306640625,126.2281494140625,275.5553283691406,355.2457580566406,20250225-162905
816,25,0,0.79833984375,670.50244140625,1799.2412109375,119.61785888671875,182.40399169921875,20250225-162905
816,28,0,0.810546875,715.7012329101562,1612.130859375,122.86944580078125,141.29156494140625,20250225-162905
816,21,0,0.87548828125,219.7039031982422,418.63543701171875,1152.08056640625,849.8206176757812,20250225-162905
817,9,0,0.484375,876.2197265625,1.4118576049804688,290.0722961425781,199.41156005859375,20250225-162905
817,26,0,0.67138671875,752.89990234375,498.9467468261719,105.27415466308594,146.10365295410156,20250225-162905
817,29,0,0.78076171875,699.4073486328125,1436.6719970703125,222.49575805664062,373.56671142578125,20250225-162905
817,27,0,0.7822265625,859.4716186523438,1775.87841796875,143.5843505859375,212.1561279296875,20250225-162905
817,25,0,0.80419921875,670.218017578125,1797.7064208984375,121.15155029296875,183.18911743164062,20250225-162905
817,18,0,0.81005859375,703.9363403320312,128.21315002441406,273.4984130859375,356.0198059082031,20250225-162905
817,28,0,0.82568359375,715.4110717773438,1611.6097412109375,124.3077392578125,141.49729919433594,20250225-162905
817,21,0,0.8505859375,221.27975463867188,417.927978515625,1143.526611328125,848.0845947265625,20250225-162905
818,9,0,0.441650390625,880.55126953125,1.4054718017578125,291.6169738769531,195.2570037841797,20250225-162905
818,26,0,0.67236328125,753.95458984375,496.94677734375,104.78874206542969,145.0494842529297,20250225-162905
818,29,0,0.75341796875,698.6468505859375,1436.0987548828125,221.6162109375,374.28411865234375,20250225-162905
818,27,0,0.779296875,860.4359741210938,1775.95654296875,143.408935546875,210.69932556152344,20250225-162905
818,18,0,0.791015625,704.5217895507812,124.83091735839844,276.90814208984375,354.4481201171875,20250225-162905
818,25,0,0.8056640625,670.9149780273438,1798.1898193359375,120.76519775390625,182.63243103027344,20250225-162905
818,28,0,0.8154296875,716.239990234375,1611.95263671875,123.7972412109375,140.6170654296875,20250225-162905
818,21,0,0.85595703125,223.20956420898438,418.02886962890625,1152.069091796875,846.3153076171875,20250225-162905
819,9,0,0.30810546875,878.804443359375,1.4054718017578125,290.6677551269531,197.17840576171875,20250225-162905
819,26,0,0.6953125,756.8491821289062,492.4486083984375,148.73194885253906,144.76109313964844,20250225-162905
819,29,0,0.74609375,699.4037475585938,1435.9212646484375,228.35952758789062,373.0569152832031,20250225-162905
819,27,0,0.759765625,859.9829711914062,1776.0692138671875,143.29302978515625,211.33016967773438,20250225-162905
819,18,0,0.787109375,704.9646606445312,104.14768981933594,298.5096130371094,353.9530944824219,20250225-162905
819,25,0,0.80029296875,671.1901245117188,1798.4981689453125,120.45391845703125,183.08355712890625,20250225-162905
819,28,0,0.8173828125,716.8693237304688,1612.6651611328125,122.80096435546875,140.2311248779297,20250225-162905
819,21,0,0.87353515625,226.2517547607422,417.04705810546875,1153.452392578125,842.832275390625,20250225-162905
820,9,0,0.37109375,875.9155883789062,1.4108734130859375,288.5015869140625,200.23707580566406,20250225-162905
820,26,0,0.7041015625,757.1287841796875,491.4203796386719,152.68885803222656,145.09291076660156,20250225-162905
820,29,0,0.74560546875,698.9415893554688,1437.652587890625,222.333251953125,374.0600891113281,20250225-162905
820,27,0,0.7841796875,859.69580078125,1775.776611328125,143.58526611328125,211.62440490722656,20250225-162905
820,18,0,0.7900390625,704.9745483398438,97.32504272460938,305.1009521484375,353.2907409667969,20250225-162905
820,25,0,0.8017578125,671.72021484375,1798.3011474609375,120.65240478515625,183.17282104492188,20250225-162905
820,28,0,0.82421875,717.0459594726562,1612.5062255859375,122.4378662109375,139.8066864013672,20250225-162905
820,21,0,0.85107421875,231.13302612304688,431.871826171875,1142.523193359375,838.5831909179688,20250225-162905
821,9,0,0.349609375,871.8283081054688,1.2912139892578125,287.9091796875,203.80514526367188,20250225-162905
821,26,0,0.61669921875,759.4088134765625,492.32318115234375,135.9939422607422,141.80311584472656,20250225-162905
821,29,0,0.74853515625,699.1129150390625,1439.296875,211.843505859375,373.5224914550781,20250225-162905
821,27,0,0.76708984375,860.520263671875,1775.6824951171875,143.678466796875,210.51348876953125,20250225-162905
821,18,0,0.80517578125,705.504150390625,115.55809020996094,286.0745544433594,353.24676513671875,20250225-162905
821,25,0,0.80517578125,671.349609375,1797.6485595703125,121.21142578125,182.54248046875,20250225-162905
821,28,0,0.810546875,716.7125854492188,1612.490478515625,122.62078857421875,140.1957550048828,20250225-162905
821,21,0,0.83642578125,232.62657165527344,446.5250244140625,1123.688232421875,836.3517456054688,20250225-162905
822,9,0,0.2322998046875,875.5125122070312,1.007537841796875,288.27813720703125,200.95753479003906,20250225-162905
822,26,0,0.6591796875,760.6926879882812,487.9503479003906,158.2353973388672,140.88807678222656,20250225-162905
822,29,0,0.71533203125,698.9593505859375,1441.2069091796875,215.37094116210938,371.87823486328125,20250225-162905
822,27,0,0.78271484375,860.6619262695312,1775.8458251953125,143.51971435546875,210.19223022460938,20250225-162905
822,25,0,0.80126953125,671.423583984375,1798.9991455078125,119.76544189453125,181.37930297851562,20250225-162905
822,28,0,0.8017578125,716.2003784179688,1610.7396240234375,122.4473876953125,140.48020935058594,20250225-162905
822,18,0,0.810546875,705.1832885742188,75.97691345214844,326.3599853515625,350.6540222167969,20250225-162905
822,21,0,0.82373046875,237.3173828125,416.98370361328125,1180.92626953125,832.5802612304688,20250225-162905
823,9,0,0.352294921875,874.2112426757812,1.3098907470703125,287.74072265625,201.6006622314453,20250225-162905
823,29,0,0.67041015625,698.8016967773438,1443.872314453125,222.832763671875,371.581298828125,20250225-162905
823,26,0,0.68603515625,760.9209594726562,486.7412109375,161.8699493408203,140.20751953125,20250225-162905
823,27,0,0.767578125,859.8472290039062,1776.2607421875,143.09619140625,210.99740600585938,20250225-162905
823,18,0,0.79638671875,704.9097290039062,114.45556640625,287.36016845703125,353.5064392089844,20250225-162905
823,25,0,0.802734375,671.4951782226562,1797.7056884765625,121.2451171875,181.57791137695312,20250225-162905
823,28,0,0.80322265625,716.9558715820312,1610.9970703125,123.94244384765625,139.3480987548828,20250225-162905
823,21,0,0.84765625,241.19273376464844,390.646728515625,1193.5989990234375,827.5081787109375,20250225-162905
824,26,0,0.59619140625,762.1336059570312,484.2498779296875,159.64439392089844,139.39341735839844,20250225-162906
824,29,0,0.7216796875,699.6699829101562,1443.662841796875,208.862548828125,370.70721435546875,20250225-162906
824,27,0,0.783203125,859.481201171875,1775.5927734375,143.85772705078125,211.84619140625,20250225-162906
824,21,0,0.7958984375,241.5054931640625,398.91265869140625,1198.8695068359375,828.5377807617188,20250225-162906
824,28,0,0.7958984375,716.3187255859375,1611.0106201171875,122.91082763671875,140.05165100097656,20250225-162906
824,18,0,0.79638671875,704.7586059570312,114.11207580566406,287.4434509277344,352.9114990234375,20250225-162906
824,25,0,0.81005859375,671.40625,1798.852783203125,120.0032958984375,181.91282653808594,20250225-162906
825,9,0,0.373779296875,869.4581909179688,1.3851242065429688,286.4632873535156,206.00634765625,20250225-162906
825,26,0,0.43017578125,762.8314819335938,481.61920166015625,158.45901489257812,136.23562622070312,20250225-162906
825,10,0,0.5859375,762.7927856445312,416.8609313964844,230.76141357421875,312.7121887207031,20250225-162906
825,29,0,0.72119140625,699.6412963867188,1443.061279296875,225.5775146484375,371.95947265625,20250225-162906
825,27,0,0.77783203125,859.1016845703125,1775.6802978515625,143.68212890625,211.7506561279297,20250225-162906
825,18,0,0.80322265625,705.4728393554688,117.10450744628906,284.99951171875,353.4239501953125,20250225-162906
825,28,0,0.80908203125,718.7269287109375,1612.19091796875,123.0648193359375,138.10813903808594,20250225-162906
825,25,0,0.81298828125,671.254150390625,1798.60595703125,120.2490234375,182.77679443359375,20250225-162906
825,21,0,0.82666015625,245.96217346191406,368.53643798828125,1211.8648681640625,822.7339477539062,20250225-162906
826,9,0,0.32763671875,874.5563354492188,1.2965240478515625,285.70111083984375,201.08148193359375,20250225-162906
826,10,0,0.437744140625,763.2434692382812,413.53619384765625,228.8155059814453,312.0257873535156,20250225-162906
826,26,0,0.439697265625,764.23388671875,481.79901123046875,136.82583618164062,133.97157287597656,20250225-162906
826,29,0,0.77587890625,699.8275756835938,1439.7916259765625,212.2196044921875,372.7090759277344,20250225-162906
826,27,0,0.791015625,860.7484130859375,1775.8399658203125,143.52685546875,210.39161682128906,20250225-162906
826,18,0,0.79248046875,705.3027954101562,107.34320068359375,294.2156982421875,354.29852294921875,20250225-162906
826,21,0,0.79833984375,246.49990844726562,367.03619384765625,1204.9420166015625,823.2725830078125,20250225-162906
826,25,0,0.81005859375,671.9295654296875,1799.3876953125,119.56658935546875,181.8001251220703,20250225-162906
826,28,0,0.8154296875,718.7671508789062,1612.77294921875,122.62939453125,138.06411743164062,20250225-162906
827,9,0,0.2220458984375,869.1153564453125,1.0983123779296875,284.697265625,206.9236297607422,20250225-162906
827,26,0,0.42529296875,764.9542236328125,477.16033935546875,113.3646240234375,124.43063354492188,20250225-162906
827,29,0,0.77392578125,698.9249877929688,1435.874755859375,216.96084594726562,375.18377685546875,20250225-162906
827,27,0,0.77978515625,859.4174194335938,1776.0531005859375,143.403076171875,211.81777954101562,20250225-162906
827,18,0,0.806640625,705.1571655273438,121.08247375488281,280.7362060546875,353.9296569824219,20250225-162906
827,25,0,0.8115234375,671.6275634765625,1799.693115234375,119.16375732421875,181.20111083984375,20250225-162906
827,28,0,0.81884765625,717.9996948242188,1612.5230712890625,122.50213623046875,139.0020294189453,20250225-162906
827,21,0,0.8564453125,248.76222229003906,356.5579833984375,1193.068115234375,820.2206420898438,20250225-162906
828,26,0,0.289306640625,765.9409790039062,479.11029052734375,108.76432800292969,113.62214660644531,20250225-162906
828,27,0,0.7841796875,859.588134765625,1775.771240234375,143.776611328125,212.02471923828125,20250225-162906
828,25,0,0.80029296875,671.3394165039062,1798.87646484375,119.97930908203125,181.1227569580078,20250225-162906
828,28,0,0.80419921875,716.8885498046875,1611.145751953125,123.018310546875,139.56678771972656,20250225-162906
828,18,0,0.8076171875,705.1701049804688,121.32696533203125,280.4061584472656,353.54766845703125,20250225-162906
828,29,0,0.80908203125,698.3241577148438,1427.938232421875,228.32144165039062,378.21240234375,20250225-162906
828,21,0,0.84423828125,251.85736083984375,352.1210632324219,1183.4990234375,818.5208129882812,20250225-162906
829,9,0,0.416748046875,870.1290283203125,1.1962738037109375,287.5646667480469,205.2499237060547,20250225-162906
829,27,0,0.7890625,860.216796875,1775.7747802734375,143.58416748046875,210.93328857421875,20250225-162906
829,25,0,0.80126953125,671.3391723632812,1797.7752685546875,121.08087158203125,181.35458374023438,20250225-162906
829,28,0,0.810546875,716.7135620117188,1612.3084716796875,121.645751953125,139.3567657470703,20250225-162906
829,29,0,0.8134765625,698.5244140625,1422.7078857421875,241.549072265625,377.2386169433594,20250225-162906
829,18,0,0.81689453125,704.6937255859375,123.02998352050781,279.01080322265625,355.800048828125,20250225-162906
829,21,0,0.83056640625,252.6424560546875,337.0901184082031,1196.4495849609375,816.1611938476562,20250225-162906
830,10,0,0.2393798828125,766.40283203125,403.2166442871094,197.4279327392578,308.2894287109375,20250225-162906
830,9,0,0.43310546875,875.4490966796875,1.307281494140625,286.6841125488281,201.20223999023438,20250225-162906
830,29,0,0.7822265625,699.281494140625,1418.5081787109375,238.4739990234375,377.284423828125,20250225-162906
830,27,0,0.78515625,860.428466796875,1775.5711669921875,143.88006591796875,211.09912109375,20250225-162906
830,25,0,0.8056640625,672.0635375976562,1799.4246826171875,119.43218994140625,180.77642822265625,20250225-162906
830,28,0,0.8115234375,716.9105834960938,1611.295166015625,121.96893310546875,139.57064819335938,20250225-162906
830,18,0,0.82275390625,705.0408935546875,125.63484191894531,276.673095703125,356.76470947265625,20250225-162906
830,21,0,0.8408203125,253.60977172851562,330.1255187988281,1200.2515869140625,815.2650146484375,20250225-162906
831,10,0,0.242919921875,797.3325805664062,401.32415771484375,189.65904235839844,278.18292236328125,20250225-162906
831,27,0,0.77880859375,859.049072265625,1775.51123046875,143.846923828125,212.09535217285156,20250225-162906
831,29,0,0.7890625,699.8267211914062,1414.1407470703125,248.4078369140625,376.9851989746094,20250225-162906
831,25,0,0.80810546875,672.525146484375,1799.1829833984375,119.67352294921875,180.76904296875,20250225-162906
831,28,0,0.814453125,717.4623413085938,1610.835693359375,122.767822265625,138.9557647705078,20250225-162906
831,18,0,0.83935546875,704.65966796875,126.1373291015625,275.9017639160156,358.9411926269531,20250225-162906
831,21,0,0.86181640625,259.16070556640625,312.7730712890625,1221.9488525390625,810.7853393554688,20250225-162906
832,9,0,0.235107421875,872.981201171875,0.9027099609375,283.4473876953125,203.56541442871094,20250225-162906
832,29,0,0.79052734375,699.4867553710938,1409.7239990234375,256.6478576660156,377.36187744140625,20250225-162906
832,27,0,0.79736328125,858.8145141601562,1775.3170166015625,144.0380859375,212.9001922607422,20250225-162906
832,25,0,0.81396484375,672.5193481445312,1798.5633544921875,120.2955322265625,181.0718536376953,20250225-162906
832,28,0,0.81884765625,717.1063842773438,1611.5137939453125,122.44317626953125,139.49649047851562,20250225-162906
832,18,0,0.83056640625,704.6442260742188,127.32467651367188,274.5383605957031,357.31365966796875,20250225-162906
832,21,0,0.8671875,264.4363708496094,308.1735534667969,1222.3524169921875,806.2819213867188,20250225-162906
833,9,0,0.219970703125,875.3135375976562,0.8939208984375,285.0738525390625,201.4665985107422,20250225-162906
833,27,0,0.80029296875,859.50390625,1775.394287109375,143.96942138671875,212.30340576171875,20250225-162906
833,29,0,0.806640625,699.796630859375,1400.6876220703125,266.2144775390625,377.48577880859375,20250225-162906
833,28,0,0.81591796875,716.6103515625,1611.0809326171875,122.69439697265625,139.78248596191406,20250225-162906
833,25,0,0.81640625,672.2015991210938,1797.8309326171875,120.933837890625,181.00833129882812,20250225-162906
833,18,0,0.830078125,704.4964599609375,125.8524169921875,276.03277587890625,355.8512878417969,20250225-162906
833,21,0,0.85986328125,265.9235534667969,298.92791748046875,1236.44580078125,805.0596923828125,20250225-162906
834,10,0,0.226806640625,843.1402587890625,395.3808288574219,173.66336059570312,232.63755798339844,20250225-162906
834,9,0,0.277587890625,874.5252685546875,0.927978515625,283.38336181640625,200.6966094970703,20250225-162906
834,29,0,0.76123046875,699.4400634765625,1397.13037109375,272.6517333984375,377.8367004394531,20250225-162906
834,27,0,0.80078125,859.3143920898438,1775.320068359375,144.132568359375,212.48898315429688,20250225-162906
834,25,0,0.81005859375,671.3276977539062,1797.5877685546875,121.3656005859375,181.9586181640625,20250225-162906
834,18,0,0.81298828125,704.520263671875,127.250244140625,274.6225891113281,354.0936584472656,20250225-162906
834,28,0,0.81982421875,716.3724365234375,1611.20068359375,122.84674072265625,139.81321716308594,20250225-162906
834,21,0,0.8583984375,266.682373046875,284.8572692871094,1234.420654296875,803.9224243164062,20250225-162906
835,9,0,0.29345703125,873.83740234375,1.2913055419921875,286.7735595703125,202.30963134765625,20250225-162906
835,29,0,0.78466796875,698.4207153320312,1392.576416015625,273.7935791015625,377.4894714355469,20250225-162906
835,27,0,0.80029296875,859.0587768554688,1775.31640625,144.044677734375,212.92739868164062,20250225-162906
835,25,0,0.80126953125,671.55615234375,1798.765625,120.0904541015625,181.77000427246094,20250225-162906
835,18,0,0.81298828125,704.0198364257812,126.87263488769531,274.5207824707031,355.5615539550781,20250225-162906
835,28,0,0.83203125,716.6400756835938,1612.85595703125,122.98553466796875,140.4595184326172,20250225-162906
835,21,0,0.83544921875,267.42877197265625,287.36407470703125,1213.1136474609375,802.98779296875,20250225-162906
836,27,0,0.78515625,857.6065063476562,1775.4180908203125,144.04449462890625,214.1846466064453,20250225-162906
836,29,0,0.78662109375,698.4542236328125,1391.1566162109375,273.153076171875,377.2595520019531,20250225-162906
836,25,0,0.79931640625,671.582763671875,1798.146240234375,120.715576171875,183.02635192871094,20250225-162906
836,18,0,0.81689453125,704.453125,125.36581420898438,276.4496154785156,355.2120361328125,20250225-162906
836,21,0,0.822265625,266.6598205566406,276.1080322265625,1223.5836181640625,802.1817626953125,20250225-162906
836,28,0,0.8251953125,716.1968994140625,1611.4185791015625,122.36279296875,140.34754943847656,20250225-162906
837,29,0,0.75830078125,699.0484008789062,1389.42041015625,270.5782470703125,376.6976623535156,20250225-162906
837,27,0,0.79296875,857.8910522460938,1775.391357421875,144.07489013671875,213.80184936523438,20250225-162906
837,25,0,0.80859375,671.2645874023438,1798.443359375,120.5068359375,183.089599609375,20250225-162906
837,28,0,0.81884765625,716.9247436523438,1613.3785400390625,121.9676513671875,140.3614959716797,20250225-162906
837,18,0,0.82275390625,704.3134765625,126.43194580078125,275.214599609375,355.1449890136719,20250225-162906
837,21,0,0.83203125,268.485595703125,291.65679931640625,1203.20556640625,800.0542602539062,20250225-162906
838,29,0,0.7724609375,699.0625610351562,1390.08984375,269.06744384765625,376.0840148925781,20250225-162906
838,27,0,0.802734375,859.2103271484375,1775.3060302734375,144.15289306640625,212.38975524902344,20250225-162906
838,25,0,0.81005859375,671.3295288085938,1799.5535888671875,119.30218505859375,182.32017517089844,20250225-162906
838,28,0,0.81640625,716.1461791992188,1611.3072509765625,122.47723388671875,140.23297119140625,20250225-162906
838,18,0,0.83349609375,704.443359375,128.02203369140625,273.97735595703125,356.48370361328125,20250225-162906
838,21,0,0.8662109375,267.7354431152344,275.64788818359375,1217.487060546875,800.7788696289062,20250225-162906
839,9,0,0.247314453125,874.8862915039062,1.1067352294921875,282.8896484375,201.6807403564453,20250225-162906
839,29,0,0.69091796875,699.0377197265625,1391.6796875,272.64239501953125,376.744873046875,20250225-162906
839,27,0,0.7939453125,859.2969970703125,1775.2283935546875,144.13531494140625,212.21397399902344,20250225-162906
839,25,0,0.8134765625,670.962158203125,1798.17333984375,120.67950439453125,182.5277099609375,20250225-162906
839,28,0,0.826171875,715.4924926757812,1611.612060546875,122.5440673828125,141.07373046875,20250225-162906
839,18,0,0.8349609375,702.98095703125,128.78567504882812,272.6694030761719,356.45965576171875,20250225-162906
839,21,0,0.8466796875,268.92608642578125,319.7900390625,1191.7503662109375,800.9668579101562,20250225-162906
840,29,0,0.740234375,698.7943115234375,1389.0296630859375,278.5008544921875,376.6537170410156,20250225-162906
840,25,0,0.8076171875,671.337158203125,1797.3358154296875,121.42529296875,181.67572021484375,20250225-162906
840,27,0,0.80810546875,859.402587890625,1775.4818115234375,143.88153076171875,211.54501342773438,20250225-162906
840,28,0,0.826171875,715.7252197265625,1611.7789306640625,122.445556640625,140.34373474121094,20250225-162906
840,18,0,0.8310546875,703.2196044921875,129.20635986328125,272.47540283203125,354.94268798828125,20250225-162906
840,21,0,0.85791015625,267.670654296875,299.68011474609375,1201.416259765625,801.025634765625,20250225-162906
841,9,0,0.257568359375,876.6157836914062,1.112091064453125,285.173095703125,200.2040252685547,20250225-162906
841,29,0,0.76708984375,699.4285888671875,1388.564208984375,279.321533203125,376.2779541015625,20250225-162906
841,27,0,0.8037109375,859.5726928710938,1775.4891357421875,143.8758544921875,211.37583923339844,20250225-162906
841,25,0,0.8056640625,671.5471801757812,1798.01513671875,120.84649658203125,182.13414001464844,20250225-162906
841,18,0,0.81005859375,703.9942016601562,127.87532043457031,273.97113037109375,356.1946105957031,20250225-162906
841,28,0,0.8251953125,715.7894287109375,1611.04248046875,122.6334228515625,140.65696716308594,20250225-162906
841,21,0,0.884765625,266.5101318359375,275.75665283203125,1221.4075927734375,802.5134887695312,20250225-162906
842,9,0,0.43212890625,876.584716796875,1.206207275390625,286.60791015625,200.14755249023438,20250225-162906
842,29,0,0.736328125,699.6964111328125,1390.3546142578125,281.069091796875,375.4019775390625,20250225-162906
842,27,0,0.79052734375,859.2730102539062,1775.46533203125,143.91632080078125,211.67152404785156,20250225-162906
842,25,0,0.8076171875,671.2718505859375,1798.1759033203125,120.6881103515625,183.27735900878906,20250225-162906
842,18,0,0.8251953125,703.838623046875,128.38824462890625,273.211669921875,355.33819580078125,20250225-162906
842,28,0,0.830078125,716.1519775390625,1612.4857177734375,122.2694091796875,140.76133728027344,20250225-162906
842,21,0,0.87548828125,268.4842224121094,276.7034912109375,1224.482666015625,800.0694580078125,20250225-162906
843,9,0,0.301513671875,876.4791259765625,1.2065048217773438,282.69720458984375,200.0068817138672,20250225-162906
843,29,0,0.765625,698.8710327148438,1389.927978515625,277.4952392578125,377.0001525878906,20250225-162906
843,27,0,0.8076171875,859.577880859375,1775.1661376953125,144.21240234375,211.46673583984375,20250225-162906
843,25,0,0.81005859375,671.7100219726562,1798.012939453125,120.84979248046875,181.7319793701172,20250225-162906
843,18,0,0.830078125,703.7288818359375,128.12782287597656,273.3807373046875,355.98724365234375,20250225-162906
843,28,0,0.8310546875,716.0767822265625,1612.803955078125,121.93670654296875,140.98146057128906,20250225-162906
843,21,0,0.8701171875,264.28033447265625,279.7890930175781,1221.78076171875,804.0392456054688,20250225-162906
844,9,0,0.2783203125,876.5709838867188,1.2960205078125,281.94970703125,199.82809448242188,20250225-162906
844,29,0,0.744140625,697.4802856445312,1385.9798583984375,274.03564453125,378.09002685546875,20250225-162906
844,25,0,0.79248046875,671.5701293945312,1798.4912109375,120.3673095703125,181.93299865722656,20250225-162906
844,27,0,0.796875,858.1931762695312,1775.312744140625,144.1417236328125,212.93597412109375,20250225-162906
844,18,0,0.8271484375,703.3048095703125,129.28408813476562,272.167236328125,356.0217590332031,20250225-162906
844,28,0,0.83740234375,715.8641357421875,1613.1859130859375,122.16082763671875,141.1486053466797,20250225-162906
844,21,0,0.86376953125,263.2035827636719,280.7545166015625,1222.8167724609375,805.2092895507812,20250225-162906
845,9,0,0.202392578125,875.27392578125,0.9835968017578125,283.5669250488281,201.6076202392578,20250225-162906
845,29,0,0.75048828125,697.4820556640625,1389.82666015625,269.7030029296875,377.7178649902344,20250225-162906
845,27,0,0.79248046875,858.96923828125,1775.390380859375,144.0728759765625,211.89193725585938,20250225-162906
845,25,0,0.7958984375,671.5531616210938,1797.6650390625,121.19512939453125,181.75132751464844,20250225-162906
845,28,0,0.82763671875,715.5105590820312,1612.5135498046875,122.92584228515625,141.29443359375,20250225-162906
845,18,0,0.830078125,702.953857421875,129.25900268554688,272.247802734375,356.592529296875,20250225-162906
845,21,0,0.88427734375,262.8516845703125,260.06365966796875,1238.8209228515625,805.3231811523438,20250225-162906
846,29,0,0.76904296875,697.9861450195312,1390.5908203125,266.96356201171875,377.26434326171875,20250225-162906
846,27,0,0.798828125,857.4696044921875,1775.1009521484375,144.27740478515625,213.7570343017578,20250225-162906
846,25,0,0.80078125,671.7381591796875,1797.5972900390625,121.26434326171875,182.81060791015625,20250225-162906
846,28,0,0.81982421875,715.7191162109375,1613.3514404296875,122.09454345703125,141.3023681640625,20250225-162906
846,18,0,0.82275390625,703.2687377929688,129.4838104248047,272.12628173828125,357.9122009277344,20250225-162906
846,21,0,0.8818359375,258.4627380371094,270.867919921875,1230.850830078125,809.73193359375,20250225-162906
847,9,0,0.490234375,873.2377319335938,1.0179290771484375,284.0947265625,203.32894897460938,20250225-162906
847,29,0,0.77099609375,699.093505859375,1389.6068115234375,267.7401123046875,377.2617492675781,20250225-162906
847,27,0,0.80322265625,858.4552001953125,1775.20458984375,144.17010498046875,212.4872589111328,20250225-162906
847,25,0,0.8056640625,671.57421875,1798.4542236328125,120.405029296875,182.86842346191406,20250225-162906
847,28,0,0.82763671875,716.8892211914062,1612.932861328125,122.22601318359375,140.25210571289062,20250225-162906
847,18,0,0.83544921875,703.5415649414062,128.74603271484375,272.89544677734375,357.11749267578125,20250225-162906
847,21,0,0.869140625,258.054443359375,260.723876953125,1245.1201171875,809.9802856445312,20250225-162906
848,9,0,0.3896484375,874.1297607421875,1.2022018432617188,282.8469543457031,202.18792724609375,20250225-162906
848,29,0,0.76953125,699.7982788085938,1391.6187744140625,269.854248046875,376.58978271484375,20250225-162906
848,27,0,0.79736328125,859.3839721679688,1775.2119140625,144.157470703125,212.14170837402344,20250225-162906
848,25,0,0.810546875,671.4928588867188,1798.597412109375,120.2567138671875,182.54238891601562,20250225-162906
848,28,0,0.82080078125,716.6610717773438,1613.19873046875,121.9273681640625,140.43785095214844,20250225-162906
848,18,0,0.8232421875,703.2135009765625,129.34442138671875,272.4928894042969,356.02044677734375,20250225-162906
848,21,0,0.86083984375,257.2628173828125,264.29498291015625,1241.256591796875,811.1603393554688,20250225-162906
849,9,0,0.4091796875,875.060546875,1.2062530517578125,282.36175537109375,200.83419799804688,20250225-162906
849,29,0,0.77197265625,699.177978515625,1388.98388671875,270.3475341796875,376.17254638671875,20250225-162906
849,25,0,0.802734375,672.5187377929688,1798.8035888671875,120.05712890625,180.53652954101562,20250225-162906
849,27,0,0.80810546875,859.9960327148438,1775.203857421875,144.16534423828125,211.52870178222656,20250225-162906
849,18,0,0.81884765625,703.3635864257812,129.17111206054688,272.8598327636719,356.62103271484375,20250225-162906
849,28,0,0.82861328125,716.0860595703125,1610.838134765625,122.40875244140625,140.4945831298828,20250225-162906
849,21,0,0.8681640625,256.7049255371094,258.67822265625,1242.9818115234375,812.447021484375,20250225-162906
850,9,0,0.42822265625,872.5096435546875,1.2911911010742188,281.1866149902344,203.2147979736328,20250225-162906
850,29,0,0.76708984375,699.465087890625,1391.0050048828125,276.1973876953125,375.86407470703125,20250225-162906
850,27,0,0.798828125,860.0230102539062,1775.1141357421875,144.34259033203125,211.04083251953125,20250225-162906
850,25,0,0.8017578125,672.8876342773438,1799.3104248046875,119.64093017578125,179.77345275878906,20250225-162906
850,18,0,0.8056640625,703.1444091796875,129.22340393066406,272.57940673828125,356.4242858886719,20250225-162906
850,28,0,0.81103515625,715.9237060546875,1611.494384765625,122.12200927734375,140.11293029785156,20250225-162906
850,21,0,0.875,256.6220703125,267.2314453125,1231.1561279296875,811.9656982421875,20250225-162906
851,9,0,0.4140625,872.698974609375,1.1019744873046875,283.033935546875,203.2823486328125,20250225-162906
851,29,0,0.76611328125,698.6283569335938,1389.6083984375,268.04864501953125,375.54632568359375,20250225-162906
851,25,0,0.81103515625,672.9533081054688,1799.312255859375,119.54022216796875,180.63943481445312,20250225-162906
851,27,0,0.8154296875,860.5973510742188,1775.3917236328125,144.06793212890625,210.74884033203125,20250225-162906
851,18,0,0.82177734375,703.0119018554688,129.48431396484375,272.4934387207031,358.6280822753906,20250225-162906
851,28,0,0.8251953125,715.787841796875,1611.5064697265625,122.00701904296875,140.31600952148438,20250225-162906
851,21,0,0.8818359375,250.43832397460938,272.9454345703125,1225.33203125,819.4049072265625,20250225-162906
852,10,0,0.2069091796875,767.18115234375,394.50091552734375,158.55029296875,305.03790283203125,20250225-162906
852,9,0,0.333740234375,872.5684814453125,1.2853546142578125,284.095458984375,203.3269805908203,20250225-162906
852,29,0,0.75830078125,699.7203369140625,1386.92431640625,271.94952392578125,374.7038269042969,20250225-162906
852,27,0,0.8037109375,860.2073364257812,1774.9581298828125,144.4046630859375,211.11422729492188,20250225-162906
852,25,0,0.818359375,673.5962524414062,1800.462890625,118.48480224609375,180.50643920898438,20250225-162906
852,28,0,0.8291015625,716.3063354492188,1612.376708984375,122.6572265625,140.79855346679688,20250225-162906
852,18,0,0.84375,703.4306640625,129.41542053222656,272.4778747558594,356.99755859375,20250225-162906
852,21,0,0.880859375,245.95582580566406,284.5048828125,1215.955810546875,823.7640380859375,20250225-162906
853,10,0,0.2393798828125,769.3064575195312,398.0906982421875,154.79576110839844,300.8406982421875,20250225-162906
853,9,0,0.51171875,871.0204467773438,1.2933883666992188,283.11212158203125,204.95913696289062,20250225-162906
853,29,0,0.79248046875,699.1632080078125,1389.25830078125,275.62408447265625,376.15625,20250225-162906
853,25,0,0.80322265625,673.817138671875,1800.7803955078125,118.08270263671875,179.163330078125,20250225-162906
853,27,0,0.80859375,859.7758178710938,1775.0423583984375,144.31622314453125,211.08872985839844,20250225-162906
853,28,0,0.8291015625,716.2074584960938,1612.96875,121.74847412109375,141.062744140625,20250225-162906
853,18,0,0.83740234375,703.5161743164062,129.91026306152344,272.0167236328125,355.8739929199219,20250225-162906
853,21,0,0.88818359375,248.06854248046875,290.400146484375,1220.441650390625,821.1893920898438,20250225-162906
854,10,0,0.296630859375,761.7054443359375,397.1981506347656,159.1607666015625,311.4149475097656,20250225-162907
854,9,0,0.455078125,871.3387451171875,1.1046981811523438,284.92095947265625,204.47256469726562,20250225-162907
854,29,0,0.76611328125,698.846923828125,1399.9024658203125,266.28515625,376.8135070800781,20250225-162907
854,25,0,0.798828125,673.8206787109375,1800.1417236328125,118.81475830078125,179.33428955078125,20250225-162907
854,27,0,0.818359375,859.5093994140625,1775.127685546875,144.32373046875,212.11647033691406,20250225-162907
854,28,0,0.8291015625,715.9989013671875,1613.43798828125,121.8153076171875,141.1626434326172,20250225-162907
854,18,0,0.83056640625,703.5828857421875,129.94236755371094,271.86328125,355.21759033203125,20250225-162907
854,21,0,0.8994140625,242.68386840820312,288.46197509765625,1208.646240234375,827.1427001953125,20250225-162907
855,9,0,0.39697265625,871.0761108398438,1.19677734375,285.26708984375,204.81683349609375,20250225-162907
855,29,0,0.71484375,698.2562866210938,1395.8896484375,273.88641357421875,377.1610412597656,20250225-162907
855,25,0,0.7958984375,673.1902465820312,1799.026611328125,119.9234619140625,179.8258514404297,20250225-162907
855,27,0,0.814453125,858.3556518554688,1774.9566650390625,144.48614501953125,213.07159423828125,20250225-162907
855,28,0,0.82275390625,715.9891967773438,1611.3592529296875,122.68853759765625,140.08229064941406,20250225-162907
855,18,0,0.83154296875,703.39208984375,129.8023681640625,272.0852966308594,356.0857849121094,20250225-162907
855,21,0,0.8935546875,241.78762817382812,287.37396240234375,1212.5460205078125,828.0515747070312,20250225-162907
856,9,0,0.42724609375,875.1676635742188,1.2035980224609375,287.9094543457031,200.7257080078125,20250225-162907
856,29,0,0.75439453125,698.9002685546875,1397.6583251953125,270.1552734375,376.9055480957031,20250225-162907
856,25,0,0.79443359375,673.81689453125,1799.2569580078125,119.6055908203125,178.79150390625,20250225-162907
856,27,0,0.81005859375,858.5078735351562,1774.67333984375,144.6778564453125,212.83221435546875,20250225-162907
856,18,0,0.81689453125,703.4641723632812,129.74533081054688,272.2288513183594,356.3168640136719,20250225-162907
856,28,0,0.82958984375,715.725830078125,1611.6448974609375,122.31591796875,140.65109252929688,20250225-162907
856,21,0,0.888671875,240.2169189453125,292.4651184082031,1208.421142578125,829.5404663085938,20250225-162907
857,9,0,0.349609375,874.7838134765625,1.289337158203125,285.53839111328125,200.59747314453125,20250225-162907
857,29,0,0.75439453125,699.5578002929688,1399.2037353515625,260.17877197265625,375.91156005859375,20250225-162907
857,18,0,0.79638671875,703.6765747070312,128.34439086914062,273.73956298828125,356.3923645019531,20250225-162907
857,25,0,0.798828125,673.901123046875,1798.9830322265625,119.8802490234375,178.9915771484375,20250225-162907
857,27,0,0.81005859375,859.32080078125,1774.9310302734375,144.42205810546875,212.10496520996094,20250225-162907
857,28,0,0.82275390625,715.7709350585938,1611.7020263671875,121.99365234375,140.5968475341797,20250225-162907
857,21,0,0.87939453125,247.64651489257812,300.791015625,1201.093505859375,821.5426025390625,20250225-162907
858,9,0,0.375732421875,871.4415283203125,1.3870697021484375,287.81622314453125,203.4097137451172,20250225-162907
858,29,0,0.71484375,699.5606079101562,1400.90478515625,257.92291259765625,374.9786682128906,20250225-162907
858,25,0,0.7900390625,674.9694213867188,1799.681396484375,119.27545166015625,177.53065490722656,20250225-162907
858,18,0,0.796875,703.8580932617188,127.06851196289062,274.69256591796875,356.6337585449219,20250225-162907
858,27,0,0.8154296875,859.6953735351562,1774.5325927734375,144.91717529296875,211.46347045898438,20250225-162907
858,28,0,0.8251953125,715.9954223632812,1610.4642333984375,122.87237548828125,140.22506713867188,20250225-162907
858,21,0,0.86572265625,245.0498809814453,308.1204528808594,1210.5838623046875,824.5557861328125,20250225-162907
859,9,0,0.402587890625,871.885498046875,1.2888336181640625,290.4685363769531,203.05532836914062,20250225-162907
859,29,0,0.716796875,699.723876953125,1398.5775146484375,258.43634033203125,376.2290344238281,20250225-162907
859,18,0,0.79296875,704.0665893554688,122.46464538574219,280.25885009765625,354.01812744140625,20250225-162907
859,25,0,0.794921875,674.7262573242188,1800.00439453125,118.9500732421875,178.18966674804688,20250225-162907
859,27,0,0.822265625,859.3859252929688,1773.7891845703125,145.65673828125,211.7717742919922,20250225-162907
859,28,0,0.8291015625,716.0421142578125,1610.6231689453125,122.8978271484375,140.5176239013672,20250225-162907
859,21,0,0.87255859375,240.16319274902344,311.1632080078125,1225.7684326171875,828.7371826171875,20250225-162907
860,10,0,0.2288818359375,762.8844604492188,401.3046569824219,159.50912475585938,303.4107971191406,20250225-162907
860,9,0,0.6416015625,870.2929077148438,1.2915802001953125,289.216552734375,204.65057373046875,20250225-162907
860,18,0,0.77783203125,703.895751953125,115.84222412109375,286.93975830078125,354.5492248535156,20250225-162907
860,29,0,0.77978515625,699.11669921875,1390.48681640625,266.83447265625,376.06304931640625,20250225-162907
860,25,0,0.80029296875,674.210693359375,1798.8848876953125,120.16424560546875,178.31170654296875,20250225-162907
860,27,0,0.814453125,859.1749877929688,1773.9671630859375,145.3992919921875,212.27655029296875,20250225-162907
860,28,0,0.82861328125,715.884033203125,1611.1636962890625,122.53582763671875,140.44960021972656,20250225-162907
860,21,0,0.8828125,241.96047973632812,311.2734375,1218.10986328125,826.572021484375,20250225-162907
861,10,0,0.455078125,763.955078125,400.5165710449219,163.086181640625,306.84600830078125,20250225-162907
861,9,0,0.5185546875,871.7176513671875,1.2923126220703125,291.301513671875,203.56842041015625,20250225-162907
861,29,0,0.76611328125,697.2427368164062,1396.4630126953125,258.1666259765625,377.49395751953125,20250225-162907
861,18,0,0.794921875,703.7543334960938,121.05445861816406,281.2296142578125,354.5372314453125,20250225-162907
861,25,0,0.798828125,674.4451293945312,1798.581298828125,120.3687744140625,178.55361938476562,20250225-162907
861,27,0,0.8134765625,859.4631958007812,1773.9708251953125,145.48150634765625,212.07373046875,20250225-162907
861,28,0,0.8330078125,715.6616821289062,1611.072998046875,123.0772705078125,140.6871337890625,20250225-162907
861,21,0,0.875,241.18801879882812,309.5606689453125,1216.053955078125,827.9514770507812,20250225-162907
862,10,0,0.271240234375,763.79296875,400.0199890136719,162.3684539794922,304.71661376953125,20250225-162907
862,9,0,0.322509765625,873.0689086914062,1.0546188354492188,289.51123046875,201.35398864746094,20250225-162907
862,29,0,0.76953125,697.970947265625,1392.4061279296875,258.734619140625,376.3902282714844,20250225-162907
862,18,0,0.78271484375,703.9298095703125,123.14749145507812,279.3013000488281,354.0838317871094,20250225-162907
862,25,0,0.8076171875,673.8162231445312,1798.7010498046875,120.16131591796875,179.4766082763672,20250225-162907
862,27,0,0.8154296875,859.1560668945312,1773.4251708984375,145.84515380859375,212.00274658203125,20250225-162907
862,28,0,0.830078125,715.8316650390625,1611.498779296875,121.9156494140625,140.72425842285156,20250225-162907
862,21,0,0.8671875,239.28118896484375,309.6438903808594,1213.6014404296875,829.4950561523438,20250225-162907
863,9,0,0.2421875,878.581298828125,1.1853790283203125,291.5960693359375,197.532470703125,20250225-162907
863,10,0,0.32421875,763.1776123046875,399.23272705078125,162.9492645263672,307.9320983886719,20250225-162907
863,29,0,0.75146484375,698.8346557617188,1398.2333984375,253.6629638671875,374.70965576171875,20250225-162907
863,18,0,0.75341796875,704.0286254882812,120.52972412109375,282.2284240722656,354.56195068359375,20250225-162907
863,27,0,0.81591796875,858.7767333984375,1773.328125,146.04052734375,212.67677307128906,20250225-162907
863,25,0,0.8173828125,674.2176513671875,1799.16796875,119.690185546875,179.03123474121094,20250225-162907
863,28,0,0.82763671875,715.927734375,1610.5008544921875,123.11187744140625,140.66925048828125,20250225-162907
863,21,0,0.87353515625,240.09530639648438,303.6441650390625,1216.581298828125,828.6196899414062,20250225-162907
864,9,0,0.242919921875,876.2498779296875,1.18780517578125,290.2462463378906,199.94276428222656,20250225-162907
864,10,0,0.25390625,754.2669677734375,402.74560546875,159.75247192382812,315.3464050292969,20250225-162907
864,29,0,0.7744140625,699.4016723632812,1394.369140625,261.9598388671875,375.65362548828125,20250225-162907
864,18,0,0.78076171875,703.7838134765625,123.2984619140625,278.4751281738281,355.5176086425781,20250225-162907
864,25,0,0.79736328125,673.6688232421875,1800.473876953125,118.4871826171875,178.74722290039062,20250225-162907
864,27,0,0.81884765625,859.7263793945312,1773.128173828125,146.24102783203125,211.72491455078125,20250225-162907
864,28,0,0.82275390625,716.1064453125,1610.6539306640625,123.22265625,140.32545471191406,20250225-162907
864,21,0,0.8740234375,244.60287475585938,313.352294921875,1199.0299072265625,825.15478515625,20250225-162907
865,9,0,0.226806640625,877.7218017578125,1.0995025634765625,290.2304992675781,198.46853637695312,20250225-162907
865,18,0,0.765625,703.8572387695312,128.69334411621094,272.9931335449219,355.731201171875,20250225-162907
865,29,0,0.7685546875,699.7178344726562,1396.6951904296875,255.7247314453125,374.7282409667969,20250225-162907
865,25,0,0.80517578125,673.4232177734375,1799.921630859375,119.03302001953125,178.99513244628906,20250225-162907
865,27,0,0.82275390625,859.8811645507812,1773.583740234375,145.77557373046875,211.6647491455078,20250225-162907
865,28,0,0.8232421875,715.6658935546875,1612.6307373046875,123.06060791015625,141.5627899169922,20250225-162907
865,21,0,0.89111328125,245.73789978027344,303.41571044921875,1206.3460693359375,824.1047973632812,20250225-162907
866,18,0,0.744140625,703.8760375976562,112.60978698730469,289.9723205566406,354.321044921875,20250225-162907
866,29,0,0.77587890625,700.3547973632812,1392.328125,256.821533203125,374.1511535644531,20250225-162907
866,25,0,0.806640625,673.7415161132812,1799.226318359375,119.63525390625,179.4538116455078,20250225-162907
866,27,0,0.81396484375,858.7042846679688,1773.425537109375,145.9453125,212.83709716796875,20250225-162907
866,28,0,0.83544921875,715.4911499023438,1612.611328125,123.07672119140625,141.72723388671875,20250225-162907
866,21,0,0.87744140625,242.1395263671875,307.84722900390625,1219.9962158203125,827.0848388671875,20250225-162907
867,9,0,0.402587890625,878.143798828125,1.403045654296875,289.4766540527344,197.49057006835938,20250225-162907
867,18,0,0.75048828125,703.9312133789062,120.16799926757812,282.17755126953125,354.08154296875,20250225-162907
867,29,0,0.7626953125,700.4744262695312,1399.6783447265625,252.9781494140625,374.3216552734375,20250225-162907
867,25,0,0.80322265625,674.1329956054688,1799.42431640625,119.52703857421875,179.11109924316406,20250225-162907
867,27,0,0.8076171875,857.6954956054688,1773.5504150390625,145.72027587890625,213.94088745117188,20250225-162907
867,28,0,0.83642578125,715.5777587890625,1612.8336181640625,122.68817138671875,141.52734375,20250225-162907
867,21,0,0.8740234375,245.9672393798828,305.2716064453125,1206.38525390625,823.9758911132812,20250225-162907
868,9,0,0.30078125,876.2928466796875,1.3953323364257812,290.10418701171875,198.9945831298828,20250225-162907
868,29,0,0.76416015625,699.436767578125,1398.9345703125,251.0797119140625,375.32806396484375,20250225-162907
868,18,0,0.78076171875,703.9342041015625,123.41143798828125,277.9064025878906,355.1571044921875,20250225-162907
868,27,0,0.81005859375,856.8731689453125,1773.34619140625,146.0262451171875,214.8571319580078,20250225-162907
868,25,0,0.810546875,674.2822265625,1799.127685546875,119.82000732421875,179.265380859375,20250225-162907
868,28,0,0.8271484375,715.6036376953125,1611.6309814453125,122.348876953125,141.062744140625,20250225-162907
868,21,0,0.8818359375,248.1334228515625,302.8179016113281,1212.88916015625,821.0370483398438,20250225-162907
869,9,0,0.384033203125,877.8663330078125,1.3116302490234375,289.7478332519531,197.76548767089844,20250225-162907
869,29,0,0.7470703125,698.8187866210938,1395.8369140625,256.56243896484375,374.75677490234375,20250225-162907
869,18,0,0.77783203125,704.190185546875,103.94517517089844,298.21612548828125,354.1255798339844,20250225-162907
869,25,0,0.8115234375,674.2139892578125,1799.7095947265625,119.24542236328125,179.16470336914062,20250225-162907
869,27,0,0.814453125,859.049072265625,1773.3226318359375,146.1514892578125,212.6788330078125,20250225-162907
869,28,0,0.83203125,715.563232421875,1613.60595703125,122.05224609375,141.6081085205078,20250225-162907
869,21,0,0.87255859375,248.30328369140625,314.003173828125,1208.9403076171875,820.73974609375,20250225-162907
870,9,0,0.24365234375,879.175048828125,1.1865692138671875,291.92254638671875,197.1025390625,20250225-162907
870,29,0,0.7421875,698.7049560546875,1394.8385009765625,269.46002197265625,375.4693908691406,20250225-162907
870,18,0,0.78466796875,704.4058227539062,127.06233215332031,274.6488037109375,355.2822265625,20250225-162907
870,25,0,0.810546875,674.061767578125,1799.2701416015625,119.67938232421875,179.50350952148438,20250225-162907
870,27,0,0.8154296875,858.72021484375,1773.431396484375,145.93798828125,212.92337036132812,20250225-162907
870,28,0,0.8388671875,715.57275390625,1613.3419189453125,122.09381103515625,141.47137451171875,20250225-162907
870,21,0,0.8974609375,241.95962524414062,317.0343017578125,1196.4085693359375,827.2919921875,20250225-162907
871,29,0,0.76904296875,699.5446166992188,1396.5703125,251.0863037109375,374.05670166015625,20250225-162907
871,18,0,0.8037109375,704.0711059570312,128.03907775878906,273.5193786621094,354.6896667480469,20250225-162907
871,25,0,0.8056640625,674.0685424804688,1799.8121337890625,119.04638671875,178.77279663085938,20250225-162907
871,27,0,0.82177734375,859.17626953125,1773.42041015625,146.13446044921875,212.5509490966797,20250225-162907
871,28,0,0.8310546875,715.6693115234375,1611.0150146484375,123.129638671875,140.83203125,20250225-162907
871,21,0,0.8818359375,244.4566192626953,321.00787353515625,1200.9232177734375,825.8501586914062,20250225-162907
872,29,0,0.7841796875,699.7388305664062,1401.95556640625,240.12176513671875,374.21734619140625,20250225-162907
872,18,0,0.78857421875,703.8671875,123.74125671386719,277.5868835449219,355.98406982421875,20250225-162907
872,25,0,0.798828125,674.1018676757812,1799.43212890625,119.524658203125,179.08505249023438,20250225-162907
872,27,0,0.82421875,858.7659912109375,1773.7108154296875,145.83782958984375,213.04995727539062,20250225-162907
872,28,0,0.83349609375,714.33349609375,1610.1690673828125,124.24713134765625,142.24716186523438,20250225-162907
872,21,0,0.8642578125,247.14801025390625,312.8877868652344,1207.724853515625,823.68310546875,20250225-162907
873,18,0,0.77392578125,704.1903686523438,123.44989013671875,278.1147766113281,354.83673095703125,20250225-162907
873,29,0,0.798828125,700.1697387695312,1404.7928466796875,238.787841796875,374.5890808105469,20250225-162907
873,25,0,0.80078125,674.3204956054688,1798.7127685546875,120.24407958984375,178.88600158691406,20250225-162907
873,27,0,0.8232421875,859.2392578125,1773.72509765625,145.63238525390625,211.9113311767578,20250225-162907
873,28,0,0.8349609375,713.1432495117188,1609.6923828125,124.8182373046875,143.0654296875,20250225-162907
873,21,0,0.8642578125,246.00259399414062,314.64697265625,1215.7503662109375,824.9342651367188,20250225-162907
874,29,0,0.75341796875,700.0501708984375,1404.1995849609375,244.3919677734375,373.8102111816406,20250225-162907
874,18,0,0.76220703125,704.02880859375,119.74357604980469,281.85150146484375,354.6445007324219,20250225-162907
874,25,0,0.8134765625,674.464599609375,1799.01611328125,119.8388671875,178.75717163085938,20250225-162907
874,27,0,0.81982421875,857.9196166992188,1773.6273193359375,145.82940673828125,213.98329162597656,20250225-162907
874,28,0,0.82275390625,711.4564819335938,1609.6988525390625,124.38848876953125,144.6806640625,20250225-162907
874,21,0,0.87255859375,256.9835205078125,309.0120849609375,1222.097900390625,813.8870239257812,20250225-162907
875,29,0,0.74169921875,699.5307006835938,1399.46630859375,246.0087890625,372.9577331542969,20250225-162907
875,18,0,0.7724609375,704.0391235351562,113.76567077636719,288.8837585449219,353.9250793457031,20250225-162907
875,25,0,0.8154296875,674.4589233398438,1799.3631591796875,119.49755859375,178.30398559570312,20250225-162907
875,27,0,0.822265625,858.986328125,1773.5115966796875,146.041259765625,212.3632354736328,20250225-162907
875,28,0,0.8232421875,711.4480590820312,1609.24365234375,124.4761962890625,144.7581787109375,20250225-162907
875,21,0,0.83154296875,249.621826171875,321.46710205078125,1233.172607421875,820.9087524414062,20250225-162907
876,29,0,0.72021484375,699.0209350585938,1399.4007568359375,247.138916015625,373.48553466796875,20250225-162907
876,18,0,0.7607421875,704.2572631835938,111.20635986328125,291.5796203613281,354.7152404785156,20250225-162907
876,25,0,0.80810546875,674.4000244140625,1799.334228515625,119.531982421875,178.87356567382812,20250225-162907
876,27,0,0.81884765625,859.645263671875,1773.8822021484375,145.5849609375,211.87924194335938,20250225-162907
876,21,0,0.82177734375,259.2679748535156,323.13812255859375,1239.28955078125,810.22119140625,20250225-162907
876,28,0,0.82861328125,711.172119140625,1609.149169921875,124.75799560546875,145.15394592285156,20250225-162907
877,18,0,0.75048828125,703.9428100585938,94.56756591796875,308.6152038574219,353.75616455078125,20250225-162907
877,29,0,0.77197265625,697.809326171875,1392.17626953125,247.52874755859375,374.4659118652344,20250225-162907
877,25,0,0.81591796875,674.2330322265625,1798.8746337890625,119.99139404296875,179.87005615234375,20250225-162907
877,27,0,0.81689453125,858.61767578125,1773.6134033203125,145.66094970703125,212.71299743652344,20250225-162907
877,28,0,0.8330078125,711.203125,1611.5328369140625,122.454345703125,145.27737426757812,20250225-162907
877,21,0,0.84423828125,250.40768432617188,339.8785400390625,1209.186767578125,819.0864868164062,20250225-162907
878,29,0,0.76123046875,697.901611328125,1397.275634765625,246.13421630859375,373.9928894042969,20250225-162907
878,18,0,0.76708984375,703.8216552734375,123.33329772949219,278.69610595703125,354.626953125,20250225-162907
878,27,0,0.81298828125,858.1007080078125,1773.879638671875,145.49945068359375,213.87745666503906,20250225-162907
878,25,0,0.8193359375,674.3855590820312,1799.1177978515625,119.841796875,179.35533142089844,20250225-162907
878,28,0,0.8291015625,711.3457641601562,1614.0596923828125,120.867919921875,146.45384216308594,20250225-162907
878,21,0,0.84814453125,241.8851318359375,334.55877685546875,1221.5064697265625,826.5567626953125,20250225-162907
879,18,0,0.763671875,703.78369140625,124.57896423339844,277.44403076171875,354.5617370605469,20250225-162907
879,29,0,0.76953125,698.499267578125,1398.2669677734375,241.9757080078125,373.6771240234375,20250225-162907
879,27,0,0.8134765625,859.06982421875,1773.71337890625,145.6527099609375,212.2615203857422,20250225-162907
879,28,0,0.8173828125,713.5361938476562,1613.33349609375,120.645263671875,142.9823455810547,20250225-162907
879,25,0,0.8193359375,674.2174072265625,1799.0390625,119.8216552734375,179.0182647705078,20250225-162907
879,21,0,0.87890625,238.56520080566406,334.0023193359375,1207.072998046875,830.909912109375,20250225-162907
880,29,0,0.7548828125,698.6564331054688,1403.1917724609375,240.769775390625,374.7897033691406,20250225-162907
880,18,0,0.75830078125,704.017578125,102.28657531738281,300.9910583496094,354.3879699707031,20250225-162907
880,25,0,0.80908203125,673.733642578125,1799.306396484375,119.6480712890625,179.41824340820312,20250225-162907
880,21,0,0.81298828125,229.40585327148438,315.47393798828125,1215.8594970703125,838.9043579101562,20250225-162907
880,27,0,0.8154296875,859.3998413085938,1773.7086181640625,145.66351318359375,211.66799926757812,20250225-162907
880,28,0,0.82080078125,712.7875366210938,1615.106689453125,119.74603271484375,144.41249084472656,20250225-162907
881,29,0,0.765625,698.8841552734375,1404.907470703125,240.183837890625,373.63055419921875,20250225-162907
881,18,0,0.79052734375,703.9171142578125,120.94505310058594,280.50927734375,356.2660217285156,20250225-162907
881,25,0,0.8056640625,673.2802124023438,1798.80615234375,120.14154052734375,180.244873046875,20250225-162907
881,28,0,0.80810546875,712.6302490234375,1616.3935546875,118.35699462890625,144.58505249023438,20250225-162907
881,27,0,0.8154296875,857.7216796875,1773.355224609375,146.00848388671875,213.72906494140625,20250225-162907
881,21,0,0.85400390625,227.53424072265625,367.9852294921875,1189.40625,840.9290771484375,20250225-162907
882,29,0,0.75,698.8037719726562,1408.9639892578125,241.9083251953125,373.19476318359375,20250225-162907
882,18,0,0.796875,703.9795532226562,126.29905700683594,275.35369873046875,355.341796875,20250225-162907
882,25,0,0.8017578125,672.6676635742188,1798.7230224609375,120.1351318359375,181.4102020263672,20250225-162907
882,27,0,0.80810546875,857.795166015625,1773.0626220703125,146.40362548828125,214.21348571777344,20250225-162907
882,28,0,0.822265625,711.5761108398438,1615.8182373046875,119.2913818359375,145.75144958496094,20250225-162907
882,21,0,0.88232421875,219.95693969726562,394.97406005859375,1154.7960205078125,850.2492065429688,20250225-162907
883,29,0,0.79052734375,698.6380004882812,1406.3397216796875,248.4261474609375,376.76165771484375,20250225-162907
883,18,0,0.79736328125,703.9677734375,122.85342407226562,278.8942565917969,355.8933410644531,20250225-162907
883,25,0,0.810546875,672.8856201171875,1797.74853515625,121.108154296875,181.12953186035156,20250225-162907
883,28,0,0.81298828125,712.8817749023438,1614.258544921875,119.5228271484375,143.3433380126953,20250225-162907
883,27,0,0.82177734375,858.4249877929688,1773.3277587890625,146.035400390625,213.29458618164062,20250225-162907
883,21,0,0.89892578125,216.50962829589844,408.52294921875,1140.8316650390625,854.1473388671875,20250225-162907
884,29,0,0.76220703125,697.4945068359375,1406.3375244140625,241.53369140625,375.36334228515625,20250225-162908
884,18,0,0.80322265625,704.23974609375,123.83990478515625,277.68182373046875,356.36181640625,20250225-162908
884,25,0,0.80859375,672.8238525390625,1799.2921142578125,119.56146240234375,180.74020385742188,20250225-162908
884,28,0,0.810546875,713.3740234375,1614.5028076171875,118.8427734375,143.2994842529297,20250225-162908
884,27,0,0.81591796875,858.2272338867188,1773.3306884765625,146.2188720703125,213.68511962890625,20250225-162908
884,21,0,0.87841796875,215.59226989746094,416.84490966796875,1136.207763671875,854.0684204101562,20250225-162908
885,10,0,0.3486328125,728.7969360351562,522.4180297851562,120.02938842773438,173.21319580078125,20250225-162908
885,29,0,0.7373046875,697.771728515625,1414.08740234375,234.06005859375,377.01300048828125,20250225-162908
885,25,0,0.80029296875,673.2171630859375,1799.9417724609375,119.00830078125,181.19232177734375,20250225-162908
885,28,0,0.806640625,713.5711669921875,1615.4278564453125,117.7386474609375,143.08657836914062,20250225-162908
885,27,0,0.8076171875,859.4515380859375,1773.251220703125,146.2060546875,212.271484375,20250225-162908
885,18,0,0.818359375,704.8790283203125,129.36964416503906,272.1708984375,355.6461486816406,20250225-162908
885,21,0,0.86669921875,211.6569366455078,432.5038146972656,1097.953857421875,857.3607788085938,20250225-162908
886,10,0,0.42626953125,729.9127807617188,523.2069091796875,124.64753723144531,168.2479705810547,20250225-162908
886,29,0,0.7529296875,699.2294311523438,1423.3994140625,223.32586669921875,377.4855041503906,20250225-162908
886,27,0,0.79833984375,857.4698486328125,1772.98095703125,146.4796142578125,214.7332763671875,20250225-162908
886,28,0,0.80078125,714.1998901367188,1615.0682373046875,120.05859375,142.32582092285156,20250225-162908
886,25,0,0.80322265625,673.35546875,1799.7828369140625,119.07147216796875,180.42022705078125,20250225-162908
886,18,0,0.8291015625,704.9036865234375,130.8679962158203,270.142578125,354.5498352050781,20250225-162908
886,21,0,0.87744140625,213.3708038330078,445.21527099609375,1094.176513671875,855.1340942382812,20250225-162908
887,10,0,0.5517578125,729.9423828125,523.8873291015625,128.06625366210938,170.58729553222656,20250225-162908
887,29,0,0.79052734375,698.6190795898438,1432.5208740234375,219.123046875,375.9994812011719,20250225-162908
887,25,0,0.80126953125,673.1982421875,1799.38916015625,119.46588134765625,179.3226318359375,20250225-162908
887,27,0,0.806640625,858.8992309570312,1773.26220703125,146.095458984375,212.93374633789062,20250225-162908
887,28,0,0.80810546875,713.039306640625,1616.874755859375,117.59747314453125,143.02825927734375,20250225-162908
887,18,0,0.8125,702.6470336914062,129.32537841796875,271.6590270996094,354.7540588378906,20250225-162908
887,21,0,0.88525390625,204.71099853515625,455.01873779296875,1093.8936767578125,865.1581420898438,20250225-162908
888,9,0,0.2294921875,878.7477416992188,1.095794677734375,286.55487060546875,197.8543243408203,20250225-162908
888,10,0,0.57177734375,730.794921875,525.2235107421875,129.25350952148438,170.24456787109375,20250225-162908
888,29,0,0.77099609375,698.976806640625,1442.25146484375,209.070556640625,373.950927734375,20250225-162908
888,25,0,0.7841796875,672.89111328125,1798.6951904296875,120.1636962890625,180.2362060546875,20250225-162908
888,27,0,0.78515625,858.0936889648438,1773.432861328125,145.9324951171875,214.02423095703125,20250225-162908
888,28,0,0.81298828125,714.28076171875,1616.3734130859375,118.169677734375,141.52587890625,20250225-162908
888,18,0,0.833984375,702.5866088867188,130.2641143798828,271.0456237792969,354.8677062988281,20250225-162908
888,21,0,0.8955078125,197.2469940185547,467.14617919921875,1092.966552734375,871.9163818359375,20250225-162908
889,9,0,0.309814453125,878.0241088867188,1.30755615234375,286.66424560546875,197.69537353515625,20250225-162908
889,29,0,0.62255859375,698.8133544921875,1458.2347412109375,197.4620361328125,372.8067932128906,20250225-162908
889,10,0,0.7392578125,730.6441040039062,524.84912109375,130.468505859375,179.53118896484375,20250225-162908
889,27,0,0.78662109375,859.12646484375,1773.3197021484375,146.14764404296875,212.53326416015625,20250225-162908
889,25,0,0.806640625,672.709716796875,1799.5286865234375,119.3294677734375,180.8200225830078,20250225-162908
889,28,0,0.81396484375,714.7713012695312,1615.9661865234375,119.04730224609375,142.36573791503906,20250225-162908
889,18,0,0.81689453125,703.3519287109375,126.87138366699219,274.91107177734375,355.760986328125,20250225-162908
889,21,0,0.88671875,192.35841369628906,478.3121337890625,1102.61328125,878.79345703125,20250225-162908
890,29,0,0.6083984375,698.8690795898438,1470.02197265625,169.6201171875,300.7831726074219,20250225-162908
890,10,0,0.78515625,730.1878662109375,524.1928100585938,133.05715942382812,182.31072998046875,20250225-162908
890,27,0,0.79296875,859.5562133789062,1773.5050048828125,145.95721435546875,211.90249633789062,20250225-162908
890,18,0,0.8076171875,703.7415161132812,128.4467010498047,273.2811584472656,354.93804931640625,20250225-162908
890,25,0,0.81005859375,673.8110961914062,1800.8016357421875,118.0499267578125,179.53634643554688,20250225-162908
890,28,0,0.83203125,715.3202514648438,1616.218505859375,118.8050537109375,141.8052520751953,20250225-162908
890,21,0,0.8603515625,191.52569580078125,481.399658203125,1122.7877197265625,880.3861694335938,20250225-162908
891,9,0,0.3486328125,877.8428344726562,1.3125,287.8127746582031,197.7061767578125,20250225-162908
891,29,0,0.595703125,699.8157958984375,1481.0855712890625,155.3067626953125,311.654052734375,20250225-162908
891,10,0,0.77099609375,730.2576293945312,523.859130859375,133.11740112304688,181.46795654296875,20250225-162908
891,27,0,0.7900390625,858.1268920898438,1773.3306884765625,146.22509765625,213.70639038085938,20250225-162908
891,30,0,0.791015625,644.1277465820312,453.3311462402344,334.8326110839844,429.5341796875,20250225-162908
891,18,0,0.79638671875,703.718505859375,124.29757690429688,277.5355224609375,355.23406982421875,20250225-162908
891,25,0,0.8076171875,673.7308349609375,1800.4998779296875,118.44561767578125,179.6117401123047,20250225-162908
891,28,0,0.8232421875,715.4112548828125,1615.8753662109375,119.4407958984375,141.59068298339844,20250225-162908
891,21,0,0.87939453125,187.89590454101562,495.23114013671875,1124.37890625,883.9286499023438,20250225-162908
892,9,0,0.441650390625,877.7520141601562,1.4060897827148438,291.4637145996094,198.0512237548828,20250225-162908
892,29,0,0.6376953125,700.0838623046875,1491.87451171875,148.7735595703125,303.8919677734375,20250225-162908
892,10,0,0.77197265625,731.1988525390625,525.1181030273438,129.22535705566406,185.0402374267578,20250225-162908
892,18,0,0.787109375,703.3310546875,128.12063598632812,274.2532653808594,354.8031311035156,20250225-162908
892,27,0,0.79052734375,857.029052734375,1773.7877197265625,145.58953857421875,213.8497314453125,20250225-162908
892,25,0,0.791015625,673.5802612304688,1799.637451171875,119.22198486328125,179.2906036376953,20250225-162908
892,28,0,0.81982421875,715.7523193359375,1616.8466796875,117.599853515625,139.9752655029297,20250225-162908
892,30,0,0.8359375,642.5447387695312,462.7568664550781,351.0519104003906,430.5026550292969,20250225-162908
892,21,0,0.90185546875,187.04721069335938,512.2049560546875,1141.286865234375,882.8482055664062,20250225-162908
893,9,0,0.4130859375,879.3645629882812,1.3206939697265625,290.1389465332031,196.69699096679688,20250225-162908
893,29,0,0.65478515625,697.7938842773438,1503.9407958984375,154.619384765625,307.1315612792969,20250225-162908
893,27,0,0.7890625,858.01025390625,1773.7086181640625,145.65655517578125,212.39996337890625,20250225-162908
893,25,0,0.79638671875,673.083984375,1799.6583251953125,119.20001220703125,180.02301025390625,20250225-162908
893,10,0,0.8037109375,729.3784790039062,525.7548828125,132.42269897460938,186.9361572265625,20250225-162908
893,28,0,0.81640625,715.6249389648438,1615.9976806640625,118.7677001953125,139.5805206298828,20250225-162908
893,18,0,0.8291015625,702.1055297851562,129.38182067871094,272.67181396484375,355.578857421875,20250225-162908
893,30,0,0.87451171875,641.771484375,475.323486328125,346.8929443359375,430.87811279296875,20250225-162908
893,21,0,0.8837890625,183.47279357910156,521.00537109375,1115.9696044921875,886.1876220703125,20250225-162908
894,9,0,0.51953125,877.4681396484375,1.41357421875,289.09820556640625,197.906005859375,20250225-162908
894,29,0,0.56201171875,704.16357421875,1516.0711669921875,140.3203125,318.94134521484375,20250225-162908
894,27,0,0.79931640625,858.5969848632812,1773.2940673828125,146.17144775390625,212.47018432617188,20250225-162908
894,10,0,0.80078125,731.7581787109375,525.291015625,130.4612274169922,188.15682983398438,20250225-162908
894,28,0,0.802734375,715.4178466796875,1616.110107421875,118.60418701171875,140.04324340820312,20250225-162908
894,25,0,0.8037109375,674.5244750976562,1800.621826171875,118.23724365234375,178.1604766845703,20250225-162908
894,18,0,0.82958984375,702.26806640625,125.53363037109375,277.4317932128906,356.3647155761719,20250225-162908
894,30,0,0.87890625,641.590576171875,477.42718505859375,349.0897521972656,433.0611572265625,20250225-162908
894,21,0,0.88232421875,186.3938751220703,546.3627319335938,1086.7880859375,882.8496704101562,20250225-162908
895,9,0,0.417724609375,874.54345703125,1.4257965087890625,288.39361572265625,201.34532165527344,20250225-162908
895,29,0,0.490234375,708.5792236328125,1534.03564453125,103.2161865234375,236.03538513183594,20250225-162908
895,28,0,0.78466796875,716.044921875,1615.5867919921875,118.86968994140625,139.75930786132812,20250225-162908
895,27,0,0.79052734375,859.3001098632812,1773.532958984375,145.83837890625,210.71786499023438,20250225-162908
895,25,0,0.7958984375,674.8466186523438,1800.690673828125,118.26251220703125,178.618896484375,20250225-162908
895,10,0,0.82421875,730.3469848632812,525.23046875,134.52117919921875,194.2971649169922,20250225-162908
895,18,0,0.8515625,703.21484375,127.92347717285156,275.2744445800781,355.4183654785156,20250225-162908
895,30,0,0.8720703125,643.7430419921875,479.5608215332031,347.35125732421875,430.1688232421875,20250225-162908
895,21,0,0.888671875,188.0669708251953,547.8890991210938,1092.0537109375,882.0297241210938,20250225-162908
896,9,0,0.5439453125,872.910888671875,1.345184326171875,290.1888427734375,202.98081970214844,20250225-162908
896,27,0,0.794921875,860.1805419921875,1773.262939453125,146.193603515625,210.2083740234375,20250225-162908
896,28,0,0.79931640625,715.6047973632812,1615.2081298828125,120.2080078125,141.4175567626953,20250225-162908
896,25,0,0.8076171875,675.087890625,1800.6954345703125,118.25811767578125,179.09689331054688,20250225-162908
896,30,0,0.81640625,643.9548950195312,487.17974853515625,349.1114501953125,430.7364501953125,20250225-162908
896,10,0,0.818359375,734.578857421875,525.6910400390625,134.48789978027344,188.61474609375,20250225-162908
896,18,0,0.84326171875,702.9944458007812,128.25758361816406,274.99456787109375,355.0234375,20250225-162908
896,21,0,0.89501953125,189.7567138671875,568.165283203125,1069.524658203125,881.853515625,20250225-162908
897,9,0,0.548828125,873.2716064453125,1.553375244140625,290.25628662109375,202.53012084960938,20250225-162908
897,30,0,0.70263671875,761.9195556640625,502.46466064453125,391.524169921875,309.902587890625,20250225-162908
897,27,0,0.77880859375,859.7454833984375,1773.8701171875,145.58367919921875,210.7450714111328,20250225-162908
897,28,0,0.77880859375,715.428466796875,1611.0662841796875,123.56231689453125,141.09878540039062,20250225-162908
897,25,0,0.79296875,675.5247802734375,1800.8243408203125,118.12884521484375,178.07791137695312,20250225-162908
897,10,0,0.822265625,731.188232421875,525.291015625,135.97618103027344,190.48670959472656,20250225-162908
897,18,0,0.83740234375,703.2117919921875,127.84858703613281,274.8776550292969,354.86175537109375,20250225-162908
897,21,0,0.9130859375,189.40798950195312,585.0872192382812,1051.0953369140625,880.0394897460938,20250225-162908
898,9,0,0.59814453125,873.9560546875,1.414398193359375,292.97412109375,201.7052001953125,20250225-162908
898,27,0,0.76220703125,858.3001708984375,1773.856201171875,145.50860595703125,212.45626831054688,20250225-162908
898,28,0,0.779296875,715.4202270507812,1620.04443359375,115.0792236328125,142.30831909179688,20250225-162908
898,25,0,0.787109375,675.1728515625,1800.392333984375,118.5618896484375,178.69691467285156,20250225-162908
898,10,0,0.8173828125,732.6298217773438,526.6653442382812,133.48672485351562,189.83404541015625,20250225-162908
898,18,0,0.83984375,703.1057739257812,127.46543884277344,275.05712890625,352.90093994140625,20250225-162908
898,21,0,0.87890625,188.37269592285156,565.36669921875,1089.849609375,882.1415405273438,20250225-162908
899,30,0,0.51171875,756.1803588867188,518.86083984375,445.2283630371094,316.63043212890625,20250225-162908
899,9,0,0.56689453125,873.021240234375,1.48883056640625,293.1299743652344,203.1646728515625,20250225-162908
899,28,0,0.740234375,714.884033203125,1626.046875,107.97454833984375,141.99755859375,20250225-162908
899,27,0,0.796875,858.9849243164062,1774.2880859375,145.1707763671875,211.78103637695312,20250225-162908
899,25,0,0.8076171875,675.0668334960938,1800.9019775390625,118.14111328125,178.38638305664062,20250225-162908
899,18,0,0.8134765625,702.9227905273438,123.4921875,279.418212890625,353.76336669921875,20250225-162908
899,10,0,0.82080078125,731.994140625,528.402587890625,132.208740234375,189.22293090820312,20250225-162908
899,21,0,0.8818359375,187.29733276367188,606.3814086914062,1049.296875,882.0018310546875,20250225-162908
900,30,0,0.323486328125,755.9998168945312,537.1382446289062,443.5434265136719,314.8773498535156,20250225-162908
900,9,0,0.59716796875,869.381591796875,1.3546142578125,292.82257080078125,206.9691162109375,20250225-162908
900,27,0,0.74755859375,858.9789428710938,1773.9605712890625,145.39031982421875,212.3224639892578,20250225-162908
900,28,0,0.75927734375,715.7013549804688,1624.550537109375,108.77362060546875,141.0644989013672,20250225-162908
900,31,0,0.7744140625,644.9143676757812,665.0553588867188,165.68389892578125,154.83143615722656,20250225-162908
900,10,0,0.79833984375,732.905517578125,528.5015869140625,133.4871368408203,191.66859436035156,20250225-162908
900,25,0,0.80322265625,677.1083374023438,1798.7816162109375,120.82763671875,178.5348663330078,20250225-162908
900,18,0,0.826171875,703.6616821289062,127.9013671875,275.15460205078125,353.8225402832031,20250225-162908
900,21,0,0.8544921875,189.07281494140625,576.2297973632812,1080.404296875,883.0490112304688,20250225-162908
901,9,0,0.59912109375,874.1392211914062,1.3185653686523438,294.64410400390625,201.78271484375,20250225-162908
901,28,0,0.7041015625,716.373046875,1621.1165771484375,112.06842041015625,140.0167999267578,20250225-162908
901,31,0,0.71142578125,645.8253173828125,665.6101684570312,165.4178466796875,161.4535369873047,20250225-162908
901,27,0,0.77197265625,860.6865234375,1773.9320068359375,145.4051513671875,211.1697540283203,20250225-162908
901,25,0,0.7841796875,676.7111206054688,1801.0089111328125,117.84942626953125,178.99835205078125,20250225-162908
901,10,0,0.79736328125,733.6259765625,527.1286010742188,136.7985076904297,191.12623596191406,20250225-162908
901,18,0,0.8076171875,704.4554443359375,128.5371551513672,273.680908203125,352.95208740234375,20250225-162908
901,21,0,0.880859375,196.22406005859375,526.16162109375,1122.5439453125,872.8480834960938,20250225-162908
902,9,0,0.6123046875,867.0823974609375,1.66021728515625,295.20745849609375,208.99462890625,20250225-162908
902,31,0,0.673828125,645.341064453125,664.4822998046875,165.88998413085938,166.41436767578125,20250225-162908
902,28,0,0.75439453125,714.5919189453125,1621.8680419921875,111.51104736328125,141.65162658691406,20250225-162908
902,10,0,0.78466796875,734.678955078125,527.90966796875,137.49147033691406,186.95013427734375,20250225-162908
902,27,0,0.79833984375,860.1173706054688,1774.1220703125,145.21051025390625,212.28289794921875,20250225-162908
902,25,0,0.806640625,676.2645263671875,1803.100830078125,116.4114990234375,179.0999755859375,20250225-162908
902,18,0,0.8369140625,703.426025390625,125.66963195800781,276.9556884765625,353.7368469238281,20250225-162908
902,21,0,0.91943359375,198.781982421875,523.676513671875,1133.498779296875,872.1969604492188,20250225-162908
903,31,0,0.57177734375,644.2833251953125,664.5706787109375,165.67620849609375,171.3772735595703,20250225-162908
903,9,0,0.62890625,866.0958251953125,2.4450531005859375,294.63330078125,210.81141662597656,20250225-162908
903,28,0,0.75146484375,712.7412109375,1619.4686279296875,113.70611572265625,144.5997314453125,20250225-162908
903,10,0,0.77783203125,732.5350341796875,527.0755004882812,140.99400329589844,189.09873962402344,20250225-162908
903,27,0,0.7841796875,860.9943237304688,1774.3912353515625,145.05413818359375,211.1534423828125,20250225-162908
903,25,0,0.787109375,674.4110107421875,1799.2642822265625,120.26422119140625,179.0709686279297,20250225-162908
903,18,0,0.86083984375,702.9725341796875,127.808349609375,274.8175048828125,352.1307373046875,20250225-162908
903,21,0,0.9033203125,199.4153289794922,523.9588623046875,1137.16259765625,871.7825317382812,20250225-162908
904,9,0,0.59619140625,857.1725463867188,0.942535400390625,295.24700927734375,216.36474609375,20250225-162908
904,31,0,0.61328125,642.4010620117188,567.4837646484375,260.0889587402344,278.31878662109375,20250225-162908
904,10,0,0.76416015625,732.5877685546875,530.9104614257812,144.3650665283203,188.6738739013672,20250225-162908
904,28,0,0.7734375,712.32958984375,1619.362060546875,114.04302978515625,144.42189025878906,20250225-162908
904,25,0,0.77685546875,675.1976318359375,1798.2861328125,121.13360595703125,178.48109436035156,20250225-162908
904,27,0,0.80029296875,858.1068725585938,1774.323486328125,145.10540771484375,214.42111206054688,20250225-162908
904,18,0,0.85205078125,702.874755859375,127.82244873046875,274.54736328125,354.3485107421875,20250225-162908
904,21,0,0.9228515625,205.20367431640625,534.6187133789062,1124.0302734375,866.0036010742188,20250225-162908
905,31,0,0.60302734375,646.1444091796875,665.35107421875,166.1553955078125,177.73406982421875,20250225-162908
905,9,0,0.607421875,869.6466674804688,11.528274536132812,285.57232666015625,207.3702850341797,20250225-162908
905,28,0,0.759765625,714.5704956054688,1619.6612548828125,112.93505859375,141.72552490234375,20250225-162908
905,27,0,0.7685546875,859.577880859375,1774.5146484375,144.83184814453125,213.01495361328125,20250225-162908
905,25,0,0.7705078125,674.6007080078125,1801.2593994140625,117.69451904296875,180.21681213378906,20250225-162908
905,10,0,0.779296875,732.5906982421875,528.712646484375,149.57496643066406,190.31170654296875,20250225-162908
905,18,0,0.85302734375,703.5613403320312,128.1317138671875,273.320068359375,354.7554016113281,20250225-162908
905,21,0,0.9248046875,209.8954315185547,541.5452270507812,1119.81103515625,861.4011840820312,20250225-162908
906,9,0,0.638671875,872.0503540039062,12.027420043945312,284.1109313964844,204.88128662109375,20250225-162908
906,27,0,0.75341796875,860.7671508789062,1774.3201904296875,145.01531982421875,212.1837615966797,20250225-162908
906,10,0,0.755859375,733.8899536132812,525.7000122070312,139.37498474121094,188.9805450439453,20250225-162908
906,25,0,0.7822265625,676.1786499023438,1802.0057373046875,117.41912841796875,178.97959899902344,20250225-162908
906,31,0,0.791015625,644.1982421875,568.7389526367188,261.19793701171875,279.8153076171875,20250225-162908
906,28,0,0.802734375,715.5059814453125,1618.9599609375,113.76397705078125,140.83340454101562,20250225-162908
906,18,0,0.85595703125,704.5173950195312,128.7478790283203,272.9217224121094,353.47442626953125,20250225-162908
906,21,0,0.9267578125,212.01072692871094,555.333984375,1113.0318603515625,859.9814453125,20250225-162908
907,30,0,0.2108154296875,757.2989501953125,829.1063232421875,61.828582763671875,24.727649688720703,20250225-162908
907,9,0,0.60205078125,858.809326171875,2.468994140625,294.96630859375,218.2560272216797,20250225-162908
907,10,0,0.75,733.223388671875,526.846435546875,137.77212524414062,188.3575897216797,20250225-162908
907,27,0,0.75830078125,861.3175659179688,1774.3663330078125,144.97320556640625,210.72618103027344,20250225-162908
907,31,0,0.76123046875,643.828857421875,561.290771484375,267.280517578125,278.77874755859375,20250225-162908
907,25,0,0.77392578125,676.3005981445312,1802.09228515625,117.331787109375,178.0891571044922,20250225-162908
907,28,0,0.787109375,716.1350708007812,1619.3118896484375,112.88873291015625,139.91534423828125,20250225-162908
907,18,0,0.82861328125,703.2710571289062,125.26885986328125,276.7405700683594,354.2489929199219,20250225-162908
907,21,0,0.9287109375,216.50851440429688,563.3778076171875,1118.7191162109375,855.6063232421875,20250225-162908
908,30,0,0.2783203125,755.4724731445312,829.8162231445312,61.083343505859375,28.12551498413086,20250225-162908
908,32,0,0.42626953125,847.3773803710938,0.8173885345458984,90.38421630859375,227.80416870117188,20250225-162908
908,31,0,0.60302734375,644.3516845703125,570.3392944335938,258.876708984375,277.2738952636719,20250225-162908
908,9,0,0.638671875,871.5316772460938,12.34002685546875,284.52435302734375,205.2276153564453,20250225-162908
908,27,0,0.732421875,860.8989868164062,1773.932861328125,145.506591796875,210.94668579101562,20250225-162908
908,10,0,0.76416015625,733.150146484375,526.656494140625,138.8001251220703,187.18067932128906,20250225-162908
908,25,0,0.80615234375,675.7257080078125,1799.8077392578125,119.04364013671875,179.63685607910156,20250225-162908
908,18,0,0.83447265625,702.120361328125,127.94284057617188,274.5266418457031,354.68304443359375,20250225-162908
908,28,0,0.86962890625,713.34912109375,1614.2391357421875,120.02032470703125,143.93844604492188,20250225-162908
908,21,0,0.93017578125,220.93051147460938,568.8630981445312,1106.51123046875,851.189208984375,20250225-162908
909,30,0,0.394287109375,755.56787109375,828.9552612304688,60.774169921875,26.082487106323242,20250225-162908
909,32,0,0.462890625,846.627197265625,0.8185672760009766,90.63418579101562,228.48687744140625,20250225-162908
909,9,0,0.68359375,870.808837890625,12.611824035644531,283.5195007324219,206.28273010253906,20250225-162908
909,31,0,0.7138671875,643.6919555664062,574.5152587890625,255.40951538085938,277.19940185546875,20250225-162908
909,27,0,0.78076171875,860.5913696289062,1774.3773193359375,145.08599853515625,211.54312133789062,20250225-162908
909,10,0,0.79296875,732.4874877929688,525.975341796875,137.8600616455078,187.14720153808594,20250225-162908
909,25,0,0.80322265625,675.4947509765625,1797.5716552734375,121.95831298828125,179.0503692626953,20250225-162908
909,18,0,0.8125,702.984130859375,125.28584289550781,277.41510009765625,354.7821044921875,20250225-162908
909,28,0,0.8818359375,713.6180419921875,1610.26611328125,124.9248046875,143.90060424804688,20250225-162908
909,21,0,0.91650390625,224.6038055419922,569.6702270507812,1107.1607666015625,846.9356689453125,20250225-162908
910,30,0,0.3408203125,755.798095703125,829.1658935546875,61.0455322265625,25.997514724731445,20250225-162908
910,32,0,0.3896484375,847.5863037109375,0.7368850708007812,90.90464782714844,227.76675415039062,20250225-162908
910,9,0,0.6376953125,869.0462036132812,10.254112243652344,286.74224853515625,207.71292114257812,20250225-162908
910,31,0,0.705078125,645.0426635742188,570.0430297851562,258.85345458984375,275.91546630859375,20250225-162908
910,10,0,0.77392578125,733.332275390625,527.5107421875,136.5929718017578,186.10813903808594,20250225-162908
910,27,0,0.79052734375,860.8723754882812,1773.80615234375,145.6329345703125,211.45901489257812,20250225-162908
910,18,0,0.8115234375,702.3381958007812,123.02471923828125,279.5891418457031,355.556640625,20250225-162908
910,25,0,0.8134765625,675.0758666992188,1800.3314208984375,119.0965576171875,179.24691772460938,20250225-162908
910,28,0,0.86328125,714.8638305664062,1618.0828857421875,116.3228759765625,142.36534118652344,20250225-162908
910,21,0,0.927734375,226.6203155517578,579.9393310546875,1083.0146484375,844.642822265625,20250225-162908
911,32,0,0.26123046875,847.4058837890625,0.7365818023681641,90.53225708007812,229.4716033935547,20250225-162908
911,30,0,0.381103515625,757.3004760742188,829.2960205078125,61.279998779296875,27.58864402770996,20250225-162908
911,29,0,0.46484375,709.8687744140625,1551.7349853515625,80.3778076171875,146.33480834960938,20250225-162908
911,9,0,0.607421875,852.051025390625,1.108245849609375,297.25164794921875,220.97943115234375,20250225-162908
911,31,0,0.689453125,646.2529296875,556.8945922851562,275.2569580078125,278.2554931640625,20250225-162908
911,10,0,0.6953125,734.4685668945312,528.4832763671875,140.38389587402344,187.55584716796875,20250225-162908
911,25,0,0.80517578125,675.1202392578125,1802.830810546875,116.11962890625,180.15380859375,20250225-162908
911,27,0,0.81298828125,860.2379150390625,1773.825439453125,145.6175537109375,212.08041381835938,20250225-162908
911,18,0,0.82421875,704.22021484375,125.91915893554688,276.8788146972656,355.4317626953125,20250225-162908
911,28,0,0.88818359375,717.1489868164062,1617.5643310546875,116.8443603515625,140.31227111816406,20250225-162908
911,21,0,0.93212890625,231.22830200195312,581.6658325195312,1078.092041015625,839.4591674804688,20250225-162908
912,32,0,0.36474609375,849.4985961914062,0.6457099914550781,90.18000793457031,225.6804656982422,20250225-162908
912,30,0,0.39501953125,756.693115234375,829.7305297851562,61.007537841796875,28.357858657836914,20250225-162908
912,29,0,0.60107421875,700.7051391601562,1522.7459716796875,108.19271850585938,157.7251739501953,20250225-162908
912,9,0,0.60302734375,868.759033203125,9.464309692382812,287.15655517578125,208.07615661621094,20250225-162908
912,31,0,0.662109375,646.7977294921875,548.211181640625,289.37109375,277.90826416015625,20250225-162908
912,10,0,0.6875,734.781494140625,527.0842895507812,140.52053833007812,187.7125701904297,20250225-162908
912,25,0,0.81689453125,674.4612426757812,1801.3890380859375,117.46673583984375,181.00550842285156,20250225-162908
912,27,0,0.81982421875,861.1137084960938,1774.0902099609375,145.25775146484375,211.21791076660156,20250225-162908
912,18,0,0.83154296875,704.3064575195312,123.27296447753906,279.2679443359375,353.78680419921875,20250225-162908
912,28,0,0.88818359375,717.912353515625,1619.70849609375,114.44769287109375,139.5720672607422,20250225-162908
912,21,0,0.9228515625,233.7819366455078,585.8807373046875,1076.5521240234375,836.9273071289062,20250225-162908
913,32,0,0.2386474609375,841.0587158203125,0.2009296417236328,90.22730255126953,235.9676971435547,20250225-162908
913,30,0,0.42822265625,756.9273071289062,829.4609985351562,61.922149658203125,27.80665397644043,20250225-162908
913,31,0,0.5947265625,645.7310791015625,554.4417724609375,282.0381774902344,276.8939208984375,20250225-162908
913,10,0,0.673828125,734.5116577148438,527.5534057617188,140.91673278808594,184.56344604492188,20250225-162908
913,9,0,0.693359375,850.5119018554688,0.7367935180664062,296.2823181152344,222.52146911621094,20250225-162908
913,29,0,0.72412109375,696.038818359375,1497.4010009765625,135.39697265625,161.28857421875,20250225-162908
913,18,0,0.796875,702.7425537109375,122.37675476074219,280.1768798828125,355.31640625,20250225-162908
913,27,0,0.8017578125,860.2255249023438,1773.8118896484375,145.5208740234375,212.26675415039062,20250225-162908
913,25,0,0.81640625,674.3026123046875,1801.4329833984375,117.41876220703125,181.47706604003906,20250225-162908
913,28,0,0.88818359375,716.7959594726562,1618.698486328125,116.1712646484375,140.5535888671875,20250225-162908
913,21,0,0.9287109375,235.76986694335938,584.634521484375,1063.037841796875,837.2644653320312,20250225-162908
914,32,0,0.291015625,848.1992797851562,0.9312572479248047,88.87876892089844,228.35769653320312,20250225-162909
914,30,0,0.32421875,755.7089233398438,829.0046997070312,62.996429443359375,28.89232635498047,20250225-162909
914,29,0,0.5419921875,695.9533081054688,1481.8082275390625,148.10220336914062,184.53924560546875,20250225-162909
914,9,0,0.67138671875,851.8477783203125,0.93218994140625,295.694580078125,221.11830139160156,20250225-162909
914,31,0,0.67138671875,645.9265747070312,565.9070434570312,290.6971435546875,277.9140930175781,20250225-162909
914,10,0,0.765625,733.808349609375,527.3362426757812,137.51394653320312,185.00839233398438,20250225-162909
914,27,0,0.79833984375,860.6892700195312,1773.83056640625,145.52618408203125,211.74636840820312,20250225-162909
914,25,0,0.798828125,673.0516357421875,1796.0654296875,122.79290771484375,181.66116333007812,20250225-162909
914,18,0,0.8037109375,702.0242919921875,110.60673522949219,291.5754089355469,355.20977783203125,20250225-162909
914,28,0,0.8740234375,716.1022338867188,1616.60302734375,118.540283203125,141.64312744140625,20250225-162909
914,21,0,0.93798828125,233.95626831054688,586.94677734375,1053.9693603515625,839.5281372070312,20250225-162909
915,30,0,0.33984375,755.9464111328125,828.38232421875,61.482879638671875,28.781003952026367,20250225-162909
915,32,0,0.4130859375,848.8214111328125,0.6472320556640625,89.75320434570312,226.53919982910156,20250225-162909
915,29,0,0.418701171875,696.0397338867188,1472.75537109375,164.322509765625,323.26544189453125,20250225-162909
915,9,0,0.63525390625,869.7389526367188,10.972457885742188,285.2612609863281,207.02911376953125,20250225-162909
915,31,0,0.65673828125,645.5720825195312,566.2225341796875,302.15643310546875,277.7652587890625,20250225-162909
915,10,0,0.78076171875,734.4092407226562,527.1356201171875,138.230712890625,183.81732177734375,20250225-162909
915,25,0,0.7958984375,674.3981323242188,1800.722900390625,118.133056640625,180.3397216796875,20250225-162909
915,18,0,0.79638671875,702.0115356445312,119.75070190429688,282.84576416015625,353.819580078125,20250225-162909
915,27,0,0.8173828125,859.6386108398438,1773.5738525390625,145.78253173828125,212.05938720703125,20250225-162909
915,28,0,0.87890625,716.37646484375,1619.015625,115.4091796875,141.4332733154297,20250225-162909
915,21,0,0.93359375,238.71652221679688,585.4658203125,1049.8319091796875,833.8485717773438,20250225-162909
916,32,0,0.241455078125,849.9327392578125,0.7434768676757812,88.10812377929688,225.56802368164062,20250225-162909
916,29,0,0.59375,696.836181640625,1462.0953369140625,171.0791015625,319.34490966796875,20250225-162909
916,31,0,0.642578125,645.9639892578125,539.5498046875,328.0009460449219,276.969970703125,20250225-162909
916,9,0,0.68408203125,856.3734741210938,2.3063507080078125,294.988525390625,220.01547241210938,20250225-162909
916,10,0,0.70263671875,734.4742431640625,527.3648681640625,139.36610412597656,186.50424194335938,20250225-162909
916,27,0,0.78125,860.4545288085938,1773.5255126953125,145.92352294921875,211.06393432617188,20250225-162909
916,25,0,0.80078125,673.405029296875,1800.2135009765625,118.6358642578125,181.96337890625,20250225-162909
916,18,0,0.83203125,703.6961669921875,122.5989990234375,279.3336181640625,353.70306396484375,20250225-162909
916,28,0,0.85791015625,719.1893920898438,1619.710693359375,113.8641357421875,138.47116088867188,20250225-162909
916,21,0,0.9306640625,245.04171752929688,580.8797607421875,1045.6571044921875,826.576904296875,20250225-162909
917,32,0,0.202392578125,852.4253540039062,0.19513893127441406,90.35578918457031,224.06324768066406,20250225-162909
917,30,0,0.2239990234375,757.0689086914062,829.8323364257812,62.861572265625,30.36895751953125,20250225-162909
917,31,0,0.607421875,647.9417724609375,545.0601806640625,334.3913269042969,274.4669189453125,20250225-162909
917,9,0,0.68994140625,858.0740966796875,1.66754150390625,296.40606689453125,218.08453369140625,20250225-162909
917,29,0,0.69091796875,699.23095703125,1446.977783203125,189.8690185546875,316.8720397949219,20250225-162909
917,10,0,0.71923828125,734.9451904296875,526.7674560546875,140.62307739257812,188.07125854492188,20250225-162909
917,27,0,0.7841796875,860.7105102539062,1773.2398681640625,146.031005859375,211.18528747558594,20250225-162909
917,25,0,0.81640625,674.6045532226562,1801.162353515625,117.6873779296875,181.22665405273438,20250225-162909
917,18,0,0.8330078125,705.6015625,123.07099914550781,278.78424072265625,351.7813720703125,20250225-162909
917,28,0,0.87060546875,719.412841796875,1620.905029296875,111.3651123046875,137.77430725097656,20250225-162909
917,21,0,0.92919921875,245.41688537597656,581.3375244140625,1023.6128540039062,825.7529296875,20250225-162909
918,30,0,0.2330322265625,756.2257690429688,830.2278442382812,63.3204345703125,30.952606201171875,20250225-162909
918,32,0,0.3486328125,847.7266845703125,0.7953357696533203,90.24236297607422,227.07667541503906,20250225-162909
918,9,0,0.61669921875,875.292236328125,9.753456115722656,288.33245849609375,201.46737670898438,20250225-162909
918,31,0,0.61767578125,646.630615234375,555.108642578125,329.13885498046875,277.8860778808594,20250225-162909
918,29,0,0.7333984375,698.7918090820312,1433.980224609375,203.67333984375,314.68499755859375,20250225-162909
918,10,0,0.7470703125,734.752685546875,527.2479858398438,139.1982879638672,185.98875427246094,20250225-162909
918,27,0,0.7822265625,860.2464599609375,1772.9337158203125,146.44573974609375,212.02273559570312,20250225-162909
918,18,0,0.81298828125,704.321044921875,122.50918579101562,279.7026672363281,353.0472106933594,20250225-162909
918,25,0,0.8134765625,673.9794311523438,1801.007080078125,117.94024658203125,181.5999298095703,20250225-162909
918,28,0,0.87060546875,719.3914184570312,1620.6485595703125,111.65643310546875,136.92059326171875,20250225-162909
918,21,0,0.931640625,253.0966796875,583.30224609375,1002.6047973632812,818.0971069335938,20250225-162909
919,32,0,0.2239990234375,838.744873046875,0.6118869781494141,85.7406005859375,234.8979949951172,20250225-162909
919,30,0,0.345947265625,755.1954956054688,831.068115234375,63.217529296875,31.826019287109375,20250225-162909
919,9,0,0.61328125,844.1876220703125,0.9236526489257812,298.70880126953125,228.2117919921875,20250225-162909
919,31,0,0.64892578125,645.2076416015625,565.5130615234375,319.9212341308594,278.89324951171875,20250225-162909
919,29,0,0.7001953125,697.856689453125,1426.8695068359375,208.80322265625,318.1228942871094,20250225-162909
919,27,0,0.783203125,857.5291137695312,1773.8873291015625,145.4051513671875,215.4686737060547,20250225-162909
919,10,0,0.7919921875,732.7796630859375,527.8024291992188,137.18472290039062,186.47068786621094,20250225-162909
919,25,0,0.8056640625,674.3712768554688,1796.978759765625,121.96563720703125,180.14308166503906,20250225-162909
919,18,0,0.84326171875,702.244384765625,122.94868469238281,278.92266845703125,354.13037109375,20250225-162909
919,28,0,0.88232421875,718.8978271484375,1620.6448974609375,112.36065673828125,137.74966430664062,20250225-162909
919,21,0,0.93017578125,246.5000762939453,581.1560668945312,1020.046142578125,824.884521484375,20250225-162909
920,9,0,0.445556640625,873.806884765625,13.108932495117188,287.104736328125,201.75181579589844,20250225-162909
920,30,0,0.448486328125,755.1494750976562,830.6358642578125,62.8699951171875,32.90559768676758,20250225-162909
920,31,0,0.65380859375,646.0894165039062,558.4434814453125,302.6781921386719,277.70947265625,20250225-162909
920,29,0,0.67333984375,697.2120361328125,1423.97021484375,210.771240234375,330.6657409667969,20250225-162909
920,27,0,0.7744140625,858.189453125,1773.2490234375,146.22344970703125,214.72494506835938,20250225-162909
920,10,0,0.77685546875,732.695068359375,527.9111938476562,136.8874969482422,186.46339416503906,20250225-162909
920,25,0,0.80419921875,673.966064453125,1797.5687255859375,121.37860107421875,180.46434020996094,20250225-162909
920,18,0,0.83056640625,702.5932006835938,124.33566284179688,277.3277893066406,353.38433837890625,20250225-162909
920,28,0,0.87255859375,718.9588623046875,1621.7940673828125,111.10784912109375,137.56204223632812,20250225-162909
920,21,0,0.92919921875,246.4713134765625,578.0542602539062,1005.6161499023438,824.6439208984375,20250225-162909
921,30,0,0.373779296875,755.242431640625,830.2811279296875,63.815826416015625,32.17578125,20250225-162909
921,29,0,0.6611328125,698.14404296875,1427.3316650390625,221.915771484375,377.4305419921875,20250225-162909
921,31,0,0.67236328125,646.6389770507812,562.6761474609375,289.7157897949219,276.806884765625,20250225-162909
921,27,0,0.759765625,859.4072265625,1773.2647705078125,146.1185302734375,213.31732177734375,20250225-162909
921,10,0,0.76611328125,733.3515014648438,528.919921875,135.6204071044922,186.85324096679688,20250225-162909
921,18,0,0.7705078125,703.2930297851562,120.16525268554688,281.8072814941406,354.2398986816406,20250225-162909
921,25,0,0.8056640625,673.9971313476562,1799.202392578125,119.7484130859375,182.07920837402344,20250225-162909
921,28,0,0.86328125,719.37744140625,1621.90576171875,110.4239501953125,136.7742462158203,20250225-162909
921,21,0,0.93359375,249.13575744628906,582.5592041015625,991.470703125,822.2560424804688,20250225-162909
922,30,0,0.408203125,755.2849731445312,830.527587890625,67.0579833984375,34.539215087890625,20250225-162909
922,31,0,0.60498046875,647.18701171875,558.126953125,286.00927734375,277.3588562011719,20250225-162909
922,29,0,0.62890625,698.3038940429688,1427.173095703125,214.8343505859375,376.9807434082031,20250225-162909
922,10,0,0.744140625,735.3475341796875,527.80078125,137.2760009765625,187.18359375,20250225-162909
922,27,0,0.7568359375,859.1845092773438,1772.6583251953125,146.808837890625,214.0849151611328,20250225-162909
922,18,0,0.775390625,704.7547607421875,94.44639587402344,306.9875793457031,352.7861022949219,20250225-162909
922,25,0,0.80810546875,673.9703979492188,1800.9400634765625,117.90966796875,182.00259399414062,20250225-162909
922,28,0,0.86962890625,720.5079345703125,1620.32275390625,112.489013671875,136.61636352539062,20250225-162909
922,21,0,0.93603515625,249.30227661132812,583.22900390625,989.44189453125,821.1039428710938,20250225-162909
923,32,0,0.22607421875,746.406005859375,0.07212352752685547,39.62897491455078,136.28274536132812,20250225-162909
923,9,0,0.25390625,864.58349609375,0.7379379272460938,306.34710693359375,211.59677124023438,20250225-162909
923,31,0,0.4638671875,647.0582885742188,548.6878662109375,283.45367431640625,272.97357177734375,20250225-162909
923,30,0,0.505859375,755.0982055664062,831.5103149414062,66.30990600585938,35.07539749145508,20250225-162909
923,29,0,0.625,698.7286987304688,1428.3798828125,203.30218505859375,323.4433898925781,20250225-162909
923,10,0,0.67236328125,734.0525512695312,528.3689575195312,139.29226684570312,188.81626892089844,20250225-162909
923,27,0,0.7373046875,859.37109375,1772.9864501953125,146.29412841796875,213.77850341796875,20250225-162909
923,25,0,0.7890625,673.817138671875,1800.4881591796875,118.46044921875,182.34588623046875,20250225-162909
923,18,0,0.81396484375,704.7976684570312,121.17041015625,280.7551574707031,350.8478698730469,20250225-162909
923,28,0,0.86083984375,720.3416137695312,1620.052001953125,113.97381591796875,137.96365356445312,20250225-162909
923,21,0,0.93603515625,249.29043579101562,581.6727905273438,1002.2151489257812,821.2296752929688,20250225-162909
924,30,0,0.4775390625,755.0985717773438,831.8908081054688,65.70730590820312,33.891021728515625,20250225-162909
924,29,0,0.66357421875,696.44873046875,1428.5123291015625,204.6895751953125,323.5308837890625,20250225-162909
924,31,0,0.689453125,646.0860595703125,553.1548461914062,280.84844970703125,276.6678466796875,20250225-162909
924,10,0,0.75830078125,733.0807495117188,528.6414794921875,136.16848754882812,186.93606567382812,20250225-162909
924,27,0,0.7607421875,858.586181640625,1772.5946044921875,146.79107666015625,214.4423065185547,20250225-162909
924,25,0,0.80859375,674.2129516601562,1799.1123046875,119.74420166015625,181.05258178710938,20250225-162909
924,18,0,0.81982421875,703.0430297851562,121.71382141113281,280.1529235839844,352.95184326171875,20250225-162909
924,28,0,0.8681640625,719.6358032226562,1623.47021484375,110.99761962890625,137.84605407714844,20250225-162909
924,21,0,0.92919921875,248.16561889648438,575.593505859375,1035.3896484375,823.2147216796875,20250225-162909
925,30,0,0.4638671875,755.0064697265625,831.6491088867188,65.40728759765625,34.353389739990234,20250225-162909
925,31,0,0.65673828125,645.3599853515625,552.8300170898438,286.19659423828125,279.01080322265625,20250225-162909
925,29,0,0.70166015625,695.358642578125,1429.3267822265625,207.20654296875,321.7373962402344,20250225-162909
925,10,0,0.76708984375,732.60791015625,527.7830200195312,136.7509002685547,187.23965454101562,20250225-162909
925,27,0,0.78076171875,856.70751953125,1772.4620361328125,147.03021240234375,217.4844970703125,20250225-162909
925,25,0,0.79638671875,673.2786865234375,1796.369873046875,122.4913330078125,181.1612091064453,20250225-162909
925,9,0,0.80615234375,702.6846923828125,0.6438674926757812,310.5296630859375,367.42572021484375,20250225-162909
925,28,0,0.87255859375,718.882080078125,1620.731689453125,112.61737060546875,137.7716827392578,20250225-162909
925,21,0,0.931640625,253.64015197753906,580.9857788085938,1007.0657958984375,816.9402465820312,20250225-162909
926,30,0,0.282958984375,755.7044677734375,831.2666015625,66.86782836914062,35.214786529541016,20250225-162909
926,31,0,0.498046875,646.1720581054688,551.2234497070312,299.42962646484375,273.0227966308594,20250225-162909
926,29,0,0.67041015625,696.1060791015625,1426.3026123046875,215.1719970703125,329.9493103027344,20250225-162909
926,10,0,0.6884765625,732.9277954101562,527.79248046875,139.5113067626953,187.2171630859375,20250225-162909
926,27,0,0.77587890625,857.3157348632812,1771.66552734375,147.73516845703125,215.91525268554688,20250225-162909
926,25,0,0.80078125,673.0548706054688,1800.280517578125,118.67559814453125,181.8309783935547,20250225-162909
926,18,0,0.8232421875,702.9534912109375,95.42436218261719,306.38232421875,351.66485595703125,20250225-162909
926,28,0,0.8642578125,719.281494140625,1622.0621337890625,111.0765380859375,136.89874267578125,20250225-162909
926,21,0,0.93017578125,251.41534423828125,576.6317138671875,1014.550048828125,819.1724853515625,20250225-162909
927,30,0,0.39599609375,755.3797607421875,829.8724365234375,67.96124267578125,35.10929870605469,20250225-162909
927,31,0,0.494140625,646.4701538085938,666.2832641601562,164.87091064453125,194.9100799560547,20250225-162909
927,10,0,0.57373046875,732.9331665039062,529.0159912109375,166.3623046875,190.47340393066406,20250225-162909
927,29,0,0.6767578125,697.8692016601562,1426.3223876953125,207.577880859375,326.47491455078125,20250225-162909
927,27,0,0.77783203125,858.0345458984375,1771.35205078125,148.1011962890625,215.15367126464844,20250225-162909
927,25,0,0.802734375,673.899658203125,1801.556396484375,117.29864501953125,181.8182373046875,20250225-162909
927,28,0,0.8681640625,719.68017578125,1622.40673828125,112.45697021484375,138.5374298095703,20250225-162909
927,9,0,0.88525390625,696.581787109375,0.9153671264648438,314.87884521484375,377.71563720703125,20250225-162909
927,21,0,0.92822265625,248.40293884277344,572.8142700195312,1018.2330322265625,821.6250610351562,20250225-162909
928,30,0,0.445556640625,755.1917114257812,830.2077026367188,67.52398681640625,35.21341323852539,20250225-162909
928,31,0,0.494140625,646.7520751953125,666.0142822265625,164.79290771484375,193.87384033203125,20250225-162909
928,29,0,0.69580078125,697.2781982421875,1425.81640625,207.27337646484375,328.5986633300781,20250225-162909
928,10,0,0.6982421875,732.8223876953125,528.0130004882812,176.0222625732422,190.29066467285156,20250225-162909
928,27,0,0.77197265625,858.2042236328125,1771.2264404296875,148.244384765625,214.70623779296875,20250225-162909
928,25,0,0.8056640625,674.6304321289062,1801.282470703125,117.5731201171875,181.3192138671875,20250225-162909
928,28,0,0.87158203125,719.6687622070312,1621.2073974609375,113.1361083984375,138.2872314453125,20250225-162909
928,9,0,0.896484375,695.9485473632812,0.9147262573242188,317.0322265625,378.414794921875,20250225-162909
928,21,0,0.92431640625,249.15216064453125,573.54931640625,1029.3614501953125,820.913818359375,20250225-162909
929,30,0,0.420654296875,752.5638427734375,829.2786254882812,68.27398681640625,37.304935455322266,20250225-162909
929,31,0,0.546875,645.2371215820312,663.076171875,167.72872924804688,201.47853088378906,20250225-162909
929,29,0,0.6826171875,696.694580078125,1425.1923828125,210.16790771484375,324.8799743652344,20250225-162909
929,27,0,0.7880859375,857.22216796875,1771.3011474609375,148.27459716796875,215.01669311523438,20250225-162909
929,25,0,0.802734375,673.0335083007812,1798.54248046875,120.406494140625,181.5342254638672,20250225-162909
929,10,0,0.81640625,731.3135375976562,528.1792602539062,174.93003845214844,191.34063720703125,20250225-162909
929,28,0,0.873046875,719.69580078125,1622.9139404296875,111.65057373046875,138.24371337890625,20250225-162909
929,9,0,0.896484375,690.77294921875,0.9116363525390625,319.9324035644531,381.7579040527344,20250225-162909
929,21,0,0.92822265625,245.76776123046875,571.2674560546875,1020.1805419921875,824.2416381835938,20250225-162909
930,30,0,0.462890625,752.781982421875,828.5767822265625,69.01318359375,37.42089080810547,20250225-162909
930,31,0,0.546875,645.806396484375,548.2027587890625,307.3415222167969,273.1002197265625,20250225-162909
930,10,0,0.693359375,731.8944091796875,528.0709228515625,140.46011352539062,189.47442626953125,20250225-162909
930,29,0,0.73486328125,695.6679077148438,1426.672119140625,210.2947998046875,320.8360900878906,20250225-162909
930,27,0,0.78466796875,857.2589111328125,1771.48388671875,147.81903076171875,215.4521026611328,20250225-162909
930,25,0,0.810546875,673.5646362304688,1798.0682373046875,120.88018798828125,180.97430419921875,20250225-162909
930,28,0,0.87158203125,719.3270874023438,1624.1407470703125,109.6226806640625,139.15524291992188,20250225-162909
930,9,0,0.89013671875,684.0997924804688,0.5733489990234375,323.29986572265625,389.80517578125,20250225-162909
930,21,0,0.9296875,245.2188720703125,570.6234741210938,1021.7382202148438,825.0355834960938,20250225-162909
931,31,0,0.505859375,645.5682983398438,662.777587890625,168.03369140625,201.36703491210938,20250225-162909
931,30,0,0.5927734375,755.195068359375,828.0455932617188,70.37310791015625,36.86076354980469,20250225-162909
931,10,0,0.71923828125,732.6873168945312,527.3138427734375,170.66510009765625,190.801025390625,20250225-162909
931,29,0,0.72705078125,696.313720703125,1427.3111572265625,208.4981689453125,326.6107482910156,20250225-162909
931,27,0,0.783203125,857.895263671875,1771.2125244140625,148.17828369140625,214.58074951171875,20250225-162909
931,25,0,0.8056640625,674.5560913085938,1800.8521728515625,118.09954833984375,181.23098754882812,20250225-162909
931,9,0,0.85546875,675.5171508789062,0.574951171875,327.385498046875,398.7440490722656,20250225-162909
931,28,0,0.861328125,719.331787109375,1623.895751953125,110.34832763671875,138.644287109375,20250225-162909
931,21,0,0.93212890625,249.52938842773438,575.1256713867188,1012.3612060546875,820.7001953125,20250225-162909
932,32,0,0.326904296875,663.0048217773438,0.504638671875,90.32443237304688,193.94593811035156,20250225-162909
932,30,0,0.4638671875,755.8959350585938,828.6743774414062,69.21533203125,36.81819152832031,20250225-162909
932,31,0,0.5517578125,647.3915405273438,542.525390625,312.06024169921875,274.7024841308594,20250225-162909
932,10,0,0.65673828125,733.8632202148438,527.5035400390625,144.6620635986328,189.97103881835938,20250225-162909
932,29,0,0.71630859375,696.93310546875,1429.0361328125,206.8677978515625,316.2973327636719,20250225-162909
932,27,0,0.77587890625,858.10498046875,1771.96142578125,147.41619873046875,214.7334442138672,20250225-162909
932,25,0,0.79833984375,674.8693237304688,1801.6790771484375,117.26953125,181.07635498046875,20250225-162909
932,28,0,0.861328125,720.356689453125,1624.0037841796875,110.41461181640625,138.04742431640625,20250225-162909
932,18,0,0.8623046875,705.0762329101562,115.62753295898438,287.26519775390625,348.30645751953125,20250225-162909
932,21,0,0.92578125,248.78076171875,571.5184936523438,1026.994873046875,821.8573608398438,20250225-162909
933,30,0,0.4609375,756.4135131835938,828.5172729492188,68.61383056640625,37.72816467285156,20250225-162909
933,31,0,0.5439453125,647.2255249023438,538.4467163085938,304.96875,274.47760009765625,20250225-162909
933,10,0,0.650390625,733.860107421875,527.3582153320312,147.26316833496094,189.2496337890625,20250225-162909
933,29,0,0.71630859375,696.51171875,1429.408447265625,206.1650390625,333.8470458984375,20250225-162909
933,27,0,0.77783203125,858.8453979492188,1771.9306640625,147.44183349609375,213.90371704101562,20250225-162909
933,25,0,0.80078125,674.7941284179688,1801.4058837890625,117.54638671875,180.6444549560547,20250225-162909
933,28,0,0.86865234375,719.978271484375,1625.0679931640625,108.34149169921875,136.59817504882812,20250225-162909
933,9,0,0.9140625,648.0803833007812,0.7748565673828125,334.6421813964844,423.88739013671875,20250225-162909
933,21,0,0.92724609375,245.77197265625,567.3945922851562,1028.47802734375,824.3221435546875,20250225-162909
934,30,0,0.58056640625,755.8971557617188,828.4531860351562,68.45223999023438,36.872947692871094,20250225-162909
934,31,0,0.5869140625,645.3919067382812,541.3804931640625,293.3009033203125,279.1210021972656,20250225-162909
934,10,0,0.67333984375,733.1181640625,527.6331787109375,140.59332275390625,187.4300994873047,20250225-162909
934,29,0,0.728515625,697.1193237304688,1431.56982421875,204.7738037109375,320.8641357421875,20250225-162909
934,27,0,0.7744140625,857.28564453125,1771.530029296875,147.8492431640625,215.57913208007812,20250225-162909
934,25,0,0.796875,673.8126220703125,1798.8270263671875,120.02874755859375,181.6077880859375,20250225-162909
934,28,0,0.85498046875,719.4845581054688,1623.81884765625,109.67559814453125,137.00564575195312,20250225-162909
934,9,0,0.91259765625,637.0186157226562,1.3090896606445312,339.9864501953125,434.99847412109375,20250225-162909
934,21,0,0.92724609375,248.40509033203125,564.3788452148438,1024.6044921875,821.4808959960938,20250225-162909
935,30,0,0.544921875,755.4755249023438,827.97509765625,67.80679321289062,37.588775634765625,20250225-162909
935,31,0,0.6611328125,644.5630493164062,660.2862548828125,170.3287353515625,198.48809814453125,20250225-162909
935,29,0,0.705078125,696.7210693359375,1434.3848876953125,201.6046142578125,323.98883056640625,20250225-162909
935,27,0,0.76904296875,856.8649291992188,1771.9639892578125,147.42572021484375,215.91688537597656,20250225-162909
935,25,0,0.80029296875,672.77490234375,1798.8380126953125,120.02215576171875,181.7085418701172,20250225-162909
935,10,0,0.82373046875,731.0280151367188,527.4095458984375,172.93048095703125,191.21112060546875,20250225-162909
935,28,0,0.8642578125,719.6512451171875,1624.9599609375,110.0240478515625,138.13690185546875,20250225-162909
935,9,0,0.9150390625,629.4790649414062,1.1060714721679688,343.6790466308594,442.2271728515625,20250225-162909
935,21,0,0.927734375,243.02496337890625,560.4629516601562,1028.9666748046875,826.8320922851562,20250225-162909
936,30,0,0.401611328125,755.662841796875,828.9276123046875,66.97164916992188,33.05760192871094,20250225-162909
936,31,0,0.57080078125,646.1395263671875,661.55712890625,168.53494262695312,187.77943420410156,20250225-162909
936,10,0,0.64404296875,733.6817626953125,527.2100830078125,152.1420135498047,187.78492736816406,20250225-162909
936,29,0,0.7138671875,697.2072143554688,1436.1419677734375,204.5020751953125,325.2113952636719,20250225-162909
936,27,0,0.79248046875,857.1822509765625,1771.8013916015625,147.683349609375,216.4047393798828,20250225-162909
936,25,0,0.806640625,673.516357421875,1800.5731201171875,118.3817138671875,181.27252197265625,20250225-162909
936,28,0,0.87255859375,719.3641357421875,1624.3583984375,109.12939453125,137.10118103027344,20250225-162909
936,9,0,0.92236328125,618.1864624023438,1.1175613403320312,349.0248107910156,453.3410339355469,20250225-162909
936,21,0,0.9248046875,238.0753631591797,559.5866088867188,1029.7313232421875,831.8369750976562,20250225-162909
937,30,0,0.234375,756.3173828125,828.0106201171875,68.4774169921875,34.064483642578125,20250225-162909
937,31,0,0.63427734375,646.8285522460938,663.2719116210938,166.36834716796875,183.60548400878906,20250225-162909
937,29,0,0.68603515625,698.1251831054688,1436.5272216796875,199.90576171875,310.71514892578125,20250225-162909
937,10,0,0.7373046875,734.0506591796875,526.4949951171875,159.98268127441406,189.98081970214844,20250225-162909
937,27,0,0.77783203125,858.3206176757812,1772.3323974609375,147.04412841796875,214.4309844970703,20250225-162909
937,25,0,0.79638671875,674.2041015625,1801.2015380859375,117.74853515625,180.88087463378906,20250225-162909
937,28,0,0.86328125,720.5543212890625,1624.6102294921875,108.31915283203125,136.20721435546875,20250225-162909
937,9,0,0.92431640625,614.6842041015625,1.119873046875,352.05810546875,457.2192077636719,20250225-162909
937,21,0,0.9296875,236.6736602783203,561.2102661132812,1032.1168212890625,833.0462036132812,20250225-162909
938,30,0,0.2147216796875,755.9398193359375,829.1019287109375,68.18637084960938,30.88428497314453,20250225-162909
938,31,0,0.5546875,647.0712280273438,662.50146484375,167.20101928710938,182.16357421875,20250225-162909
938,29,0,0.6806640625,698.3432006835938,1438.3729248046875,199.27001953125,309.96807861328125,20250225-162909
938,27,0,0.736328125,859.3299560546875,1771.93701171875,147.31787109375,213.2068634033203,20250225-162909
938,10,0,0.76953125,734.3956298828125,526.1442260742188,158.42660522460938,189.04208374023438,20250225-162909
938,25,0,0.7939453125,674.2784423828125,1801.3743896484375,117.66448974609375,181.4164581298828,20250225-162909
938,28,0,0.86865234375,720.138671875,1623.9224853515625,109.4703369140625,137.30421447753906,20250225-162909
938,9,0,0.92724609375,608.8512573242188,1.1276092529296875,355.3887634277344,462.638427734375,20250225-162909
938,21,0,0.93603515625,239.44735717773438,565.2216796875,1027.5596923828125,830.488037109375,20250225-162909
939,30,0,0.259033203125,755.1888427734375,831.0791015625,66.1204833984375,30.1039981842041,20250225-162909
939,31,0,0.59912109375,646.3710327148438,662.1236572265625,167.80133056640625,180.118408203125,20250225-162909
939,10,0,0.70068359375,733.5684814453125,527.0206298828125,151.01284790039062,188.26283264160156,20250225-162909
939,27,0,0.7392578125,858.5992431640625,1771.76806640625,147.67254638671875,214.06182861328125,20250225-162909
939,29,0,0.765625,697.2686157226562,1440.456298828125,194.694580078125,312.5900573730469,20250225-162909
939,25,0,0.79443359375,674.5025024414062,1799.62841796875,119.86669921875,180.74586486816406,20250225-162909
939,28,0,0.85205078125,719.4591064453125,1624.6497802734375,109.906494140625,138.4764862060547,20250225-162909
939,9,0,0.92724609375,600.1043701171875,1.4768142700195312,358.2991943359375,471.3714599609375,20250225-162909
939,21,0,0.9326171875,231.78543090820312,562.04443359375,1030.4853515625,837.298095703125,20250225-162909
940,30,0,0.313232421875,754.5813598632812,831.0038452148438,68.27444458007812,28.942537307739258,20250225-162909
940,31,0,0.60107421875,646.4400024414062,661.0808715820312,168.380859375,179.1602325439453,20250225-162909
940,29,0,0.67138671875,696.3077392578125,1440.296630859375,195.221923828125,303.5879821777344,20250225-162909
940,27,0,0.72021484375,857.3831787109375,1772.1998291015625,147.0560302734375,214.564453125,20250225-162909
940,25,0,0.74072265625,673.264404296875,1798.31396484375,121.2725830078125,181.03794860839844,20250225-162909
940,10,0,0.75146484375,732.904296875,526.9066772460938,147.31265258789062,188.32205200195312,20250225-162909
940,28,0,0.8623046875,719.3758544921875,1624.8468017578125,108.9378662109375,136.96759033203125,20250225-162909
940,21,0,0.92041015625,236.36483764648438,550.4459838867188,1062.42236328125,832.6869506835938,20250225-162909
940,9,0,0.92724609375,592.5947265625,0.8926849365234375,363.97808837890625,479.61578369140625,20250225-162909
941,30,0,0.2330322265625,754.8599853515625,831.5460205078125,66.56405639648438,28.8995361328125,20250225-162909
941,27,0,0.4951171875,857.6260986328125,1772.1375732421875,147.20050048828125,214.27056884765625,20250225-162909
941,25,0,0.62158203125,672.7779541015625,1800.3369140625,118.62286376953125,182.71331787109375,20250225-162909
941,31,0,0.64697265625,646.3623046875,661.0633544921875,168.67062377929688,177.55845642089844,20250225-162909
941,29,0,0.693359375,696.2930297851562,1440.21240234375,197.073486328125,309.3926696777344,20250225-162909
941,10,0,0.79833984375,733.1976928710938,528.215087890625,149.01315307617188,188.35501098632812,20250225-162909
941,28,0,0.85986328125,719.2551879882812,1625.3331298828125,107.8392333984375,136.982177734375,20250225-162909
941,21,0,0.9208984375,227.85902404785156,544.3812866210938,1062.1614990234375,841.6752319335938,20250225-162909
941,9,0,0.9306640625,586.593994140625,0.6998977661132812,366.9658203125,485.7306823730469,20250225-162909
942,27,0,0.4951171875,857.1966552734375,1772.7257080078125,146.61309814453125,214.7772216796875,20250225-162909
942,31,0,0.65576171875,646.9029541015625,661.1248168945312,167.8216552734375,177.37838745117188,20250225-162909
942,25,0,0.66552734375,673.095947265625,1799.633056640625,119.22052001953125,183.5698699951172,20250225-162909
942,29,0,0.69189453125,696.0708618164062,1441.6109619140625,198.931640625,314.2649841308594,20250225-162909
942,10,0,0.8291015625,733.1626586914062,526.40966796875,146.36544799804688,190.30062866210938,20250225-162909
942,28,0,0.8671875,720.5139770507812,1625.1419677734375,108.1007080078125,136.470703125,20250225-162909
942,21,0,0.91796875,233.21829223632812,538.3436279296875,1098.715576171875,836.623291015625,20250225-162909
942,9,0,0.9208984375,579.1199340820312,0.874053955078125,368.66802978515625,493.893310546875,20250225-162909
943,27,0,0.625,674.8040771484375,1769.946533203125,149.08905029296875,395.3863525390625,20250225-162909
943,31,0,0.68701171875,647.2625122070312,660.8186645507812,168.2666015625,174.0643768310547,20250225-162909
943,29,0,0.70751953125,697.8402099609375,1443.310546875,192.4083251953125,309.1803283691406,20250225-162909
943,10,0,0.81298828125,733.9227905273438,526.3397216796875,146.68080139160156,190.22251892089844,20250225-162909
943,28,0,0.85888671875,721.191650390625,1624.093505859375,110.56732177734375,137.4539794921875,20250225-162909
943,21,0,0.92138671875,223.98350524902344,537.7802124023438,1090.16552734375,845.14990234375,20250225-162909
943,9,0,0.921875,574.57861328125,1.2495803833007812,370.4123840332031,497.8440856933594,20250225-162909
944,31,0,0.6533203125,646.0844116210938,660.392578125,168.49365234375,171.9532928466797,20250225-162910
944,27,0,0.67578125,673.9827270507812,1770.5723876953125,148.6490478515625,396.10174560546875,20250225-162910
944,29,0,0.72802734375,696.8056030273438,1445.5557861328125,192.1787109375,311.41827392578125,20250225-162910
944,10,0,0.8173828125,732.8875732421875,526.5228271484375,147.45840454101562,189.5510711669922,20250225-162910
944,28,0,0.8681640625,720.2384643554688,1623.6925048828125,109.364501953125,136.63043212890625,20250225-162910
944,9,0,0.92138671875,567.6297607421875,0.8767776489257812,373.6578369140625,504.69012451171875,20250225-162910
944,21,0,0.921875,219.75694274902344,536.6698608398438,1086.7188720703125,849.80810546875,20250225-162910
945,27,0,0.5556640625,857.6264038085938,1772.5858154296875,146.75628662109375,214.37132263183594,20250225-162910
945,25,0,0.6376953125,671.7218017578125,1796.3865966796875,122.47576904296875,184.4322967529297,20250225-162910
945,31,0,0.68505859375,646.45849609375,661.7470703125,166.6787109375,170.02926635742188,20250225-162910
945,29,0,0.72412109375,696.112060546875,1447.9215087890625,189.72509765625,319.8958740234375,20250225-162910
945,10,0,0.82080078125,732.2435913085938,527.5789794921875,143.05545043945312,189.66436767578125,20250225-162910
945,28,0,0.8681640625,719.3142700195312,1624.566650390625,109.16033935546875,137.1076202392578,20250225-162910
945,21,0,0.91455078125,215.81114196777344,532.9732055664062,1109.972900390625,853.2734985351562,20250225-162910
945,9,0,0.9189453125,563.6913452148438,0.6798934936523438,377.7886657714844,508.6108703613281,20250225-162910
946,27,0,0.6123046875,857.76806640625,1772.6107177734375,146.71490478515625,213.60142517089844,20250225-162910
946,29,0,0.6123046875,696.62109375,1446.5609130859375,190.82821655273438,294.87237548828125,20250225-162910
946,25,0,0.6435546875,672.82763671875,1796.154052734375,123.41033935546875,181.8614959716797,20250225-162910
946,31,0,0.650390625,646.130859375,661.7935791015625,167.77569580078125,169.28627014160156,20250225-162910
946,10,0,0.8125,732.0940551757812,528.119140625,139.8097686767578,189.6610107421875,20250225-162910
946,28,0,0.85888671875,719.5375366210938,1623.924072265625,108.9627685546875,136.79522705078125,20250225-162910
946,9,0,0.91845703125,559.8685913085938,0.8680572509765625,382.69134521484375,511.8018798828125,20250225-162910
946,21,0,0.92529296875,211.05868530273438,520.2357788085938,1117.0478515625,859.1268310546875,20250225-162910
947,27,0,0.611328125,857.3364868164062,1772.1727294921875,147.24884033203125,214.7614288330078,20250225-162910
947,25,0,0.64794921875,673.1680908203125,1797.2451171875,122.1280517578125,182.4553985595703,20250225-162910
947,31,0,0.6611328125,646.1705322265625,661.5452880859375,166.5150146484375,170.85281372070312,20250225-162910
947,29,0,0.6953125,696.500244140625,1447.726318359375,187.2777099609375,309.09967041015625,20250225-162910
947,10,0,0.814453125,733.2655029296875,527.4542236328125,140.42820739746094,189.2464599609375,20250225-162910
947,28,0,0.8671875,720.3422241210938,1624.7816162109375,109.61187744140625,137.84957885742188,20250225-162910
947,9,0,0.91845703125,559.2279663085938,1.0436553955078125,384.22467041015625,512.4097290039062,20250225-162910
947,21,0,0.9248046875,209.21685791015625,511.037841796875,1124.9088134765625,861.3541259765625,20250225-162910
948,27,0,0.5400390625,858.0640869140625,1772.700439453125,146.72296142578125,214.1085968017578,20250225-162910
948,25,0,0.64599609375,678.22998046875,1800.998291015625,118.196044921875,177.3977813720703,20250225-162910
948,29,0,0.66259765625,695.1729736328125,1447.6739501953125,192.5767822265625,308.5055236816406,20250225-162910
948,31,0,0.755859375,646.2107543945312,660.126220703125,167.63424682617188,170.90374755859375,20250225-162910
948,10,0,0.818359375,733.3688354492188,527.2833251953125,141.3207550048828,190.10836791992188,20250225-162910
948,28,0,0.8759765625,721.1482543945312,1624.439208984375,108.57421875,135.5650177001953,20250225-162910
948,9,0,0.9140625,559.2377319335938,1.040771484375,388.1748962402344,512.6697998046875,20250225-162910
948,21,0,0.9248046875,210.4739227294922,509.11627197265625,1132.597412109375,859.6494750976562,20250225-162910
949,27,0,0.5263671875,859.0748901367188,1773.3724365234375,145.96710205078125,213.46409606933594,20250225-162910
949,25,0,0.61669921875,678.6498413085938,1803.9422607421875,115.15118408203125,179.1407012939453,20250225-162910
949,29,0,0.69091796875,696.8809204101562,1451.1307373046875,185.40664672851562,304.6240234375,20250225-162910
949,31,0,0.72119140625,647.2802124023438,660.1726684570312,167.70346069335938,172.02452087402344,20250225-162910
949,10,0,0.82421875,734.56787109375,527.3264770507812,138.42416381835938,189.9890594482422,20250225-162910
949,28,0,0.8759765625,721.3619384765625,1625.1822509765625,109.7552490234375,138.68711853027344,20250225-162910
949,9,0,0.91064453125,556.4681396484375,0.8558349609375,391.3521423339844,515.2791137695312,20250225-162910
949,21,0,0.9248046875,208.1760711669922,514.0175170898438,1121.391357421875,862.0675659179688,20250225-162910
950,27,0,0.474609375,862.4882202148438,1773.322998046875,146.10791015625,210.1874237060547,20250225-162910
950,25,0,0.65576171875,683.5570678710938,1803.48486328125,115.67083740234375,177.87234497070312,20250225-162910
950,29,0,0.6943359375,702.2385864257812,1452.4453125,184.9749755859375,267.0271301269531,20250225-162910
950,31,0,0.7578125,650.6188354492188,659.047119140625,169.76824951171875,171.0288848876953,20250225-162910
950,10,0,0.84326171875,739.3771362304688,527.1826171875,137.87818908691406,187.28128051757812,20250225-162910
950,28,0,0.845703125,725.2147216796875,1624.814697265625,110.066162109375,138.4686737060547,20250225-162910
950,9,0,0.91064453125,555.6256713867188,0.8608245849609375,392.6091613769531,517.1317749023438,20250225-162910
950,21,0,0.91796875,210.36355590820312,515.9653930664062,1125.5731201171875,859.9113159179688,20250225-162910
951,27,0,0.422607421875,864.7032470703125,1773.7598876953125,145.6790771484375,208.54522705078125,20250225-162910
951,25,0,0.6669921875,686.220458984375,1802.5579833984375,116.56640625,178.4452667236328,20250225-162910
951,29,0,0.69677734375,704.5733642578125,1452.0450439453125,190.513916015625,322.8183288574219,20250225-162910
951,31,0,0.75146484375,653.3974609375,658.7671508789062,170.5631103515625,172.67520141601562,20250225-162910
951,10,0,0.81103515625,741.9215698242188,527.9111938476562,143.29586791992188,188.35751342773438,20250225-162910
951,28,0,0.8310546875,729.2451782226562,1626.76025390625,109.35772705078125,136.2178497314453,20250225-162910
951,9,0,0.91357421875,554.4761352539062,0.6590423583984375,394.8857116699219,518.4127807617188,20250225-162910
951,21,0,0.9140625,214.85858154296875,517.3948974609375,1126.1802978515625,855.5176391601562,20250225-162910
952,27,0,0.61767578125,870.6544799804688,1773.6434326171875,145.7882080078125,202.73680114746094,20250225-162910
952,25,0,0.67041015625,688.8075561523438,1806.283447265625,112.93927001953125,176.1892852783203,20250225-162910
952,29,0,0.6748046875,707.2620239257812,1450.130126953125,197.871826171875,308.10675048828125,20250225-162910
952,31,0,0.732421875,655.4928588867188,660.7714233398438,168.52532958984375,172.21585083007812,20250225-162910
952,10,0,0.8193359375,743.795166015625,529.8832397460938,136.9061737060547,187.94801330566406,20250225-162910
952,28,0,0.82080078125,731.1559448242188,1626.8756103515625,111.55682373046875,137.22189331054688,20250225-162910
952,9,0,0.9140625,553.9061279296875,1.055419921875,395.0717468261719,518.3854370117188,20250225-162910
952,21,0,0.91845703125,217.6942596435547,519.1021728515625,1110.6917724609375,852.0353393554688,20250225-162910
953,27,0,0.442626953125,870.2589111328125,1774.7647705078125,143.779541015625,206.83084106445312,20250225-162910
953,25,0,0.642578125,687.5438842773438,1802.1676025390625,116.95513916015625,177.6675567626953,20250225-162910
953,29,0,0.68701171875,706.9310913085938,1449.751220703125,195.37051391601562,282.45831298828125,20250225-162910
953,31,0,0.71630859375,654.9812622070312,659.9126586914062,169.78472900390625,172.3572998046875,20250225-162910
953,10,0,0.82177734375,742.4723510742188,527.3534545898438,137.08872985839844,187.77479553222656,20250225-162910
953,28,0,0.822265625,730.5765991210938,1626.094482421875,110.2891845703125,135.106689453125,20250225-162910
953,9,0,0.91259765625,551.4730834960938,0.8476409912109375,396.8383483886719,521.046630859375,20250225-162910
953,21,0,0.9130859375,223.2076873779297,516.541259765625,1147.523193359375,846.1661376953125,20250225-162910
954,30,0,0.2100830078125,762.6470947265625,832.3185424804688,65.7674560546875,30.901622772216797,20250225-162910
954,27,0,0.401611328125,864.9093017578125,1774.642822265625,144.25799560546875,210.7249755859375,20250225-162910
954,25,0,0.58154296875,684.0254516601562,1806.0164794921875,113.08172607421875,178.34140014648438,20250225-162910
954,29,0,0.7333984375,702.6181030273438,1447.60400390625,193.05615234375,329.9618225097656,20250225-162910
954,31,0,0.7568359375,652.3471069335938,658.701416015625,170.189208984375,170.520263671875,20250225-162910
954,10,0,0.8193359375,740.1458129882812,527.7760620117188,138.1079864501953,187.24685668945312,20250225-162910
954,28,0,0.85595703125,727.5475463867188,1626.09423828125,108.829833984375,135.62930297851562,20250225-162910
954,9,0,0.91064453125,545.0569458007812,0.829376220703125,398.1404113769531,528.5712890625,20250225-162910
954,21,0,0.91259765625,217.60302734375,510.7064208984375,1142.01708984375,851.7704467773438,20250225-162910
955,27,0,0.51171875,857.8048706054688,1774.596435546875,144.2999267578125,217.20777893066406,20250225-162910
955,25,0,0.56591796875,672.6495361328125,1792.972900390625,125.9498291015625,184.41041564941406,20250225-162910
955,29,0,0.65576171875,698.5241088867188,1445.7513427734375,188.343017578125,269.3099365234375,20250225-162910
955,31,0,0.7734375,647.2029418945312,659.5426025390625,168.81866455078125,168.7688446044922,20250225-162910
955,10,0,0.83544921875,733.0428466796875,526.7916870117188,139.38743591308594,192.61770629882812,20250225-162910
955,28,0,0.85400390625,720.6571044921875,1623.7408447265625,111.6822509765625,136.94973754882812,20250225-162910
955,9,0,0.91650390625,541.2337036132812,0.8224639892578125,400.07659912109375,531.6334228515625,20250225-162910
955,21,0,0.92919921875,208.81576538085938,516.1561889648438,1109.9296875,860.7225952148438,20250225-162910
956,29,0,0.63330078125,692.9569091796875,1444.371826171875,193.1114501953125,271.9305419921875,20250225-162910
956,27,0,0.65771484375,854.6408081054688,1773.0882568359375,146.23516845703125,218.032958984375,20250225-162910
956,25,0,0.7216796875,668.5045166015625,1796.6927490234375,122.247802734375,181.79832458496094,20250225-162910
956,31,0,0.73046875,642.9370727539062,659.0172729492188,170.7923583984375,170.496826171875,20250225-162910
956,10,0,0.8291015625,728.8323364257812,527.5947265625,138.50234985351562,190.433837890625,20250225-162910
956,28,0,0.85107421875,716.4724731445312,1623.0260009765625,111.48541259765625,135.6511993408203,20250225-162910
956,9,0,0.91015625,532.6309814453125,1.1795654296875,403.880859375,540.8946533203125,20250225-162910
956,21,0,0.93359375,201.8684539794922,512.5162353515625,1102.7685546875,867.8814697265625,20250225-162910
957,30,0,0.22265625,753.8924560546875,834.6344604492188,62.741729736328125,33.204376220703125,20250225-162910
957,27,0,0.61669921875,858.66650390625,1773.0838623046875,146.4287109375,213.25201416015625,20250225-162910
957,25,0,0.63525390625,669.2423095703125,1795.1224365234375,123.80657958984375,184.8221435546875,20250225-162910
957,29,0,0.65478515625,693.9876098632812,1443.53515625,193.28970336914062,313.04736328125,20250225-162910
957,31,0,0.76953125,643.1865844726562,658.8294677734375,169.87234497070312,170.88589477539062,20250225-162910
957,10,0,0.826171875,730.22412109375,527.1116943359375,138.63876342773438,191.26141357421875,20250225-162910
957,28,0,0.85595703125,718.3187255859375,1624.988525390625,110.36407470703125,136.62533569335938,20250225-162910
957,9,0,0.9150390625,530.2094116210938,1.0160064697265625,404.625732421875,542.3912963867188,20250225-162910
957,21,0,0.919921875,200.98696899414062,507.1875,1121.4466552734375,869.3783569335938,20250225-162910
958,27,0,0.43115234375,857.7609252929688,1774.4630126953125,144.4306640625,216.87423706054688,20250225-162910
958,30,0,0.450439453125,759.200927734375,835.2420043945312,62.23809814453125,33.04352569580078,20250225-162910
958,25,0,0.4609375,679.3405151367188,1802.6619873046875,116.44775390625,178.77133178710938,20250225-162910
958,29,0,0.6494140625,699.0005493164062,1445.4013671875,188.09536743164062,284.8723449707031,20250225-162910
958,31,0,0.7548828125,648.3682861328125,659.1826171875,168.3046875,169.60641479492188,20250225-162910
958,10,0,0.79638671875,735.1190795898438,526.37646484375,137.76722717285156,190.07952880859375,20250225-162910
958,28,0,0.85888671875,722.7117309570312,1624.650146484375,109.88671875,138.04586791992188,20250225-162910
958,9,0,0.9150390625,529.6427001953125,1.3416595458984375,404.8872985839844,543.8873901367188,20250225-162910
958,21,0,0.927734375,204.10658264160156,513.3453369140625,1108.0177001953125,865.4739990234375,20250225-162910
959,30,0,0.35400390625,761.6910400390625,836.5274047851562,60.312286376953125,32.057159423828125,20250225-162910
959,27,0,0.4111328125,858.262451171875,1774.07958984375,144.72418212890625,216.82643127441406,20250225-162910
959,25,0,0.56201171875,679.4130859375,1801.2835693359375,117.70111083984375,180.55154418945312,20250225-162910
959,29,0,0.73095703125,701.6734008789062,1441.8563232421875,197.36865234375,302.3091125488281,20250225-162910
959,31,0,0.76220703125,651.2564697265625,658.48974609375,170.279296875,171.01699829101562,20250225-162910
959,10,0,0.826171875,737.9248046875,527.73486328125,136.1594696044922,187.5845184326172,20250225-162910
959,28,0,0.8623046875,724.9613647460938,1625.8341064453125,108.32647705078125,137.6814422607422,20250225-162910
959,9,0,0.90234375,530.5433959960938,1.3445892333984375,405.76934814453125,542.934326171875,20250225-162910
959,21,0,0.92041015625,211.23104858398438,512.3265380859375,1104.3731689453125,858.5180053710938,20250225-162910
960,27,0,0.350341796875,857.295654296875,1774.127685546875,144.3204345703125,219.39903259277344,20250225-162910
960,30,0,0.4609375,760.2997436523438,836.806640625,60.7166748046875,32.76105880737305,20250225-162910
960,25,0,0.5087890625,680.5960083007812,1802.0225830078125,117.03643798828125,177.73883056640625,20250225-162910
960,29,0,0.71923828125,700.4712524414062,1442.3184814453125,194.827880859375,308.8023681640625,20250225-162910
960,31,0,0.732421875,649.5433959960938,660.2206420898438,167.38128662109375,169.0443115234375,20250225-162910
960,10,0,0.81884765625,736.1336059570312,525.1129150390625,136.71432495117188,188.56263732910156,20250225-162910
960,28,0,0.85791015625,724.0673217773438,1624.7977294921875,110.3411865234375,136.8417510986328,20250225-162910
960,9,0,0.8974609375,530.0474853515625,1.0104217529296875,404.5234680175781,542.947021484375,20250225-162910
960,21,0,0.92626953125,211.38613891601562,513.0428466796875,1104.4552001953125,858.1566162109375,20250225-162910
961,30,0,0.37109375,756.0902709960938,836.5001220703125,60.10198974609375,33.003787994384766,20250225-162910
961,29,0,0.5908203125,696.6644287109375,1440.4019775390625,194.34970092773438,277.248046875,20250225-162910
961,27,0,0.6103515625,857.4680786132812,1773.421630859375,145.8072509765625,215.37408447265625,20250225-162910
961,25,0,0.62451171875,672.7249755859375,1795.9833984375,123.03497314453125,181.06600952148438,20250225-162910
961,31,0,0.76953125,645.7369995117188,659.3655395507812,168.1636962890625,168.18017578125,20250225-162910
961,10,0,0.82763671875,729.569091796875,527.438232421875,137.67388916015625,193.28143310546875,20250225-162910
961,28,0,0.83642578125,719.6376342773438,1620.914794921875,112.7398681640625,133.75167846679688,20250225-162910
961,18,0,0.8505859375,702.7464599609375,162.33929443359375,238.66580200195312,282.13421630859375,20250225-162910
961,21,0,0.93310546875,208.76358032226562,513.153076171875,1080.0439453125,860.7317504882812,20250225-162910
962,30,0,0.267333984375,755.00537109375,835.4901123046875,60.5833740234375,31.657018661499023,20250225-162910
962,27,0,0.62451171875,857.9910278320312,1773.0853271484375,146.33258056640625,214.41046142578125,20250225-162910
962,25,0,0.638671875,671.594482421875,1796.483642578125,122.99102783203125,179.6815643310547,20250225-162910
962,29,0,0.6767578125,694.6140747070312,1441.5706787109375,194.7392578125,319.2506408691406,20250225-162910
962,31,0,0.7724609375,643.8609619140625,659.11376953125,169.32504272460938,170.0410614013672,20250225-162910
962,10,0,0.8232421875,728.1829833984375,527.20068359375,142.46749877929688,189.63861083984375,20250225-162910
962,28,0,0.85595703125,717.3663940429688,1625.4453125,109.986328125,137.07058715820312,20250225-162910
962,18,0,0.86865234375,702.389404296875,163.4453887939453,238.6597137451172,276.7950439453125,20250225-162910
962,9,0,0.87744140625,521.556884765625,1.480316162109375,407.90643310546875,550.2825317382812,20250225-162910
962,21,0,0.92529296875,201.86373901367188,514.0096435546875,1081.366455078125,867.87890625,20250225-162910
963,30,0,0.291748046875,757.7205200195312,836.2381591796875,61.14752197265625,31.728601455688477,20250225-162910
963,25,0,0.56005859375,672.8234252929688,1796.9278564453125,121.9951171875,182.9473419189453,20250225-162910
963,27,0,0.57177734375,858.249267578125,1773.1116943359375,146.40362548828125,213.75790405273438,20250225-162910
963,29,0,0.73046875,697.933349609375,1440.953369140625,196.11538696289062,317.48272705078125,20250225-162910
963,31,0,0.77978515625,645.9915161132812,659.954833984375,168.29653930664062,169.71104431152344,20250225-162910
963,10,0,0.82080078125,729.8636474609375,529.1256103515625,137.8074188232422,194.15716552734375,20250225-162910
963,18,0,0.857421875,704.3984985351562,164.72776794433594,237.19541931152344,279.2342529296875,20250225-162910
963,28,0,0.8642578125,719.9717407226562,1624.2117919921875,109.21142578125,135.17689514160156,20250225-162910
963,9,0,0.89013671875,523.1875,1.2971649169921875,409.26702880859375,548.5978393554688,20250225-162910
963,21,0,0.9150390625,202.9998779296875,506.44354248046875,1108.137939453125,868.1260986328125,20250225-162910
964,30,0,0.289306640625,760.6187133789062,834.8243408203125,60.338287353515625,31.271381378173828,20250225-162910
964,27,0,0.337158203125,855.5905151367188,1774.660400390625,144.05694580078125,221.0011444091797,20250225-162910
964,25,0,0.525390625,681.7001953125,1802.16650390625,116.85076904296875,178.49435424804688,20250225-162910
964,29,0,0.69091796875,700.44384765625,1440.8873291015625,196.998779296875,313.22467041015625,20250225-162910
964,31,0,0.7421875,649.75,659.5764770507812,168.85968017578125,170.5038604736328,20250225-162910
964,10,0,0.8291015625,735.1268310546875,526.5166015625,140.1562042236328,190.59141540527344,20250225-162910
964,18,0,0.8408203125,708.8018188476562,168.3274383544922,233.8292999267578,277.9417419433594,20250225-162910
964,9,0,0.8564453125,527.2626953125,1.4861297607421875,410.006591796875,544.6723022460938,20250225-162910
964,28,0,0.87255859375,723.6762084960938,1625.0958251953125,108.8052978515625,137.37664794921875,20250225-162910
964,21,0,0.91943359375,207.04833984375,519.4178466796875,1070.9560546875,863.1298828125,20250225-162910
965,27,0,0.2822265625,860.4112548828125,1774.84716796875,143.86505126953125,216.20433044433594,20250225-162910
965,30,0,0.310791015625,760.697998046875,832.9931030273438,62.1815185546875,32.64604568481445,20250225-162910
965,25,0,0.5537109375,677.0292358398438,1798.647216796875,120.11993408203125,184.56619262695312,20250225-162910
965,29,0,0.65234375,699.5196533203125,1439.7396240234375,198.1812744140625,317.2987060546875,20250225-162910
965,31,0,0.755859375,650.5765380859375,659.310302734375,168.91323852539062,172.20297241210938,20250225-162910
965,10,0,0.82080078125,734.4480590820312,525.7926025390625,142.0938720703125,191.75579833984375,20250225-162910
965,18,0,0.85546875,709.2640991210938,168.784423828125,234.03607177734375,274.35589599609375,20250225-162910
965,28,0,0.8798828125,723.8997802734375,1625.2752685546875,109.57635498046875,136.85540771484375,20250225-162910
965,9,0,0.9091796875,528.8959350585938,1.1158905029296875,413.56378173828125,541.9420166015625,20250225-162910
965,21,0,0.91796875,213.12567138671875,515.2276611328125,1078.0096435546875,856.5298461914062,20250225-162910
966,30,0,0.261962890625,757.807373046875,833.071533203125,60.80218505859375,34.209625244140625,20250225-162910
966,27,0,0.59912109375,857.482421875,1773.239501953125,146.18280029296875,214.61019897460938,20250225-162910
966,25,0,0.67822265625,675.2112426757812,1795.9925537109375,123.48046875,182.18048095703125,20250225-162910
966,29,0,0.72119140625,697.5908813476562,1439.8759765625,200.01846313476562,317.26806640625,20250225-162910
966,31,0,0.74609375,648.0833129882812,658.7607421875,169.88589477539062,171.62979125976562,20250225-162910
966,10,0,0.81982421875,731.587646484375,526.689453125,141.9945831298828,192.80078125,20250225-162910
966,18,0,0.84228515625,706.1604614257812,170.24131774902344,232.02584838867188,271.8333435058594,20250225-162910
966,28,0,0.85009765625,722.2213134765625,1625.24267578125,108.59326171875,134.57693481445312,20250225-162910
966,9,0,0.8623046875,526.2662353515625,1.2978515625,416.185546875,545.874755859375,20250225-162910
966,21,0,0.91650390625,216.63211059570312,518.0013427734375,1079.9652099609375,852.5578002929688,20250225-162910
967,25,0,0.6259765625,671.7793579101562,1799.7008056640625,119.23187255859375,180.19737243652344,20250225-162910
967,29,0,0.68408203125,694.9061889648438,1440.28564453125,207.39697265625,379.1376647949219,20250225-162910
967,27,0,0.708984375,858.209228515625,1773.085693359375,146.34356689453125,214.0159912109375,20250225-162910
967,31,0,0.7099609375,645.595947265625,660.064453125,168.77215576171875,169.7051239013672,20250225-162910
967,10,0,0.81396484375,729.3854370117188,529.556640625,137.94570922851562,191.6251678466797,20250225-162910
967,28,0,0.830078125,719.940185546875,1625.044677734375,110.258056640625,134.65968322753906,20250225-162910
967,18,0,0.8603515625,703.0267333984375,170.3210906982422,231.0526885986328,274.2839050292969,20250225-162910
967,9,0,0.91357421875,522.232421875,0.926788330078125,418.6467590332031,548.7783813476562,20250225-162910
967,21,0,0.9248046875,206.46168518066406,527.042724609375,1058.6429443359375,862.8902587890625,20250225-162910
968,29,0,0.5927734375,694.7769165039062,1438.6552734375,202.1583251953125,291.1831970214844,20250225-162910
968,27,0,0.59619140625,856.3126831054688,1772.971435546875,146.5491943359375,215.35459899902344,20250225-162910
968,25,0,0.6318359375,673.25439453125,1798.11669921875,121.4542236328125,179.60311889648438,20250225-162910
968,31,0,0.732421875,645.5123291015625,659.8109130859375,169.11557006835938,171.65867614746094,20250225-162910
968,10,0,0.8115234375,729.942626953125,527.7051391601562,141.63006591796875,192.16392517089844,20250225-162910
968,28,0,0.85498046875,719.68505859375,1624.5985107421875,109.43646240234375,133.94342041015625,20250225-162910
968,18,0,0.87158203125,702.520263671875,173.64308166503906,227.74154663085938,275.0504455566406,20250225-162910
968,9,0,0.9150390625,520.9510498046875,1.301422119140625,421.59521484375,549.8358764648438,20250225-162910
968,21,0,0.91796875,204.7325439453125,530.6017456054688,1053.29931640625,864.9208374023438,20250225-162910
969,27,0,0.513671875,858.76708984375,1773.164794921875,146.16741943359375,212.65145874023438,20250225-162910
969,25,0,0.58056640625,675.5946044921875,1797.7408447265625,121.83673095703125,181.16871643066406,20250225-162910
969,29,0,0.6142578125,698.3930053710938,1438.3634033203125,198.3116455078125,274.5902099609375,20250225-162910
969,31,0,0.70751953125,648.3131713867188,662.401611328125,165.598388671875,170.7488250732422,20250225-162910
969,10,0,0.81689453125,733.92431640625,526.6755981445312,144.6704864501953,190.51812744140625,20250225-162910
969,28,0,0.85107421875,721.869384765625,1623.6251220703125,111.02142333984375,136.4573211669922,20250225-162910
969,18,0,0.86376953125,704.764892578125,175.36289978027344,226.46951293945312,271.38446044921875,20250225-162910
969,9,0,0.90673828125,523.875732421875,1.1129608154296875,422.61474609375,546.9491577148438,20250225-162910
969,21,0,0.9130859375,206.42633056640625,532.5216674804688,1041.3533935546875,864.240966796875,20250225-162910
970,29,0,0.556640625,700.8125610351562,1436.43505859375,198.38543701171875,294.2279357910156,20250225-162910
970,27,0,0.583984375,861.339111328125,1772.6956787109375,146.53765869140625,211.27284240722656,20250225-162910
970,25,0,0.65234375,676.5844116210938,1801.40771484375,118.08746337890625,182.999267578125,20250225-162910
970,31,0,0.69287109375,650.0152587890625,659.5946044921875,168.85675048828125,173.21075439453125,20250225-162910
970,10,0,0.83837890625,734.7412719726562,527.0879516601562,142.85458374023438,189.49278259277344,20250225-162910
970,18,0,0.8486328125,708.4651489257812,178.968017578125,222.6251678466797,268.8453063964844,20250225-162910
970,28,0,0.85986328125,724.6983642578125,1625.1837158203125,108.88458251953125,136.06541442871094,20250225-162910
970,9,0,0.91748046875,527.3057861328125,1.48333740234375,425.3946533203125,543.2715454101562,20250225-162910
970,21,0,0.9248046875,208.45716857910156,533.9219970703125,1030.79052734375,862.6373901367188,20250225-162910
971,30,0,0.392333984375,771.1578369140625,526.8341674804688,373.2483215332031,304.99163818359375,20250225-162910
971,27,0,0.62060546875,859.7646484375,1772.4949951171875,146.73321533203125,210.92762756347656,20250225-162910
971,25,0,0.65234375,676.8919067382812,1802.4840087890625,117.09320068359375,180.48580932617188,20250225-162910
971,31,0,0.673828125,649.6218872070312,659.430908203125,169.36761474609375,172.40745544433594,20250225-162910
971,29,0,0.736328125,698.5929565429688,1429.16162109375,246.813720703125,377.625,20250225-162910
971,10,0,0.82373046875,734.296142578125,526.4757080078125,143.88381958007812,189.61080932617188,20250225-162910
971,18,0,0.83935546875,708.0610961914062,182.45745849609375,219.0399169921875,270.3486328125,20250225-162910
971,21,0,0.865234375,209.59664916992188,804.5972900390625,760.4044189453125,860.1535034179688,20250225-162910
971,28,0,0.86865234375,724.0328979492188,1625.5931396484375,108.22247314453125,136.313720703125,20250225-162910
971,9,0,0.89501953125,526.9568481445312,1.10394287109375,426.46453857421875,544.7577514648438,20250225-162910
972,30,0,0.350341796875,778.0447998046875,523.9795532226562,369.26348876953125,298.0441589355469,20250225-162910
972,29,0,0.60107421875,697.204345703125,1422.2852783203125,226.7032470703125,379.2566833496094,20250225-162910
972,27,0,0.68994140625,859.942138671875,1772.71435546875,146.5169677734375,211.80052185058594,20250225-162910
972,25,0,0.71044921875,674.5175170898438,1800.7529296875,118.82208251953125,180.78793334960938,20250225-162910
972,31,0,0.7255859375,647.9683227539062,659.8159790039062,168.54986572265625,170.67054748535156,20250225-162910
972,21,0,0.80859375,209.03892517089844,804.025634765625,759.6287841796875,859.954833984375,20250225-162910
972,10,0,0.83447265625,732.7946166992188,527.65478515625,139.91226196289062,189.86700439453125,20250225-162910
972,18,0,0.8603515625,705.4065551757812,183.6780548095703,218.4561767578125,271.3793029785156,20250225-162910
972,28,0,0.86865234375,722.2913208007812,1625.713623046875,108.01739501953125,134.25868225097656,20250225-162910
972,9,0,0.900390625,522.3914794921875,1.1042633056640625,428.94781494140625,549.0618286132812,20250225-162910
973,29,0,0.556640625,695.7453002929688,1378.542236328125,309.7445068359375,380.2500305175781,20250225-162910
973,25,0,0.71923828125,673.4912719726562,1800.9847412109375,117.859130859375,183.91748046875,20250225-162910
973,31,0,0.75341796875,647.3404541015625,659.8648681640625,169.29025268554688,169.59698486328125,20250225-162910
973,27,0,0.7578125,856.841552734375,1773.076171875,146.36444091796875,214.92098999023438,20250225-162910
973,10,0,0.81103515625,732.6201782226562,527.9683227539062,135.76419067382812,188.84039306640625,20250225-162910
973,18,0,0.85693359375,704.3848266601562,184.71693420410156,217.1385498046875,269.2393798828125,20250225-162910
973,28,0,0.86328125,722.0504150390625,1624.7838134765625,108.76025390625,133.9140625,20250225-162910
973,9,0,0.91162109375,521.7481079101562,1.4815521240234375,429.2611999511719,548.89306640625,20250225-162910
973,21,0,0.93408203125,203.8606719970703,510.29010009765625,1081.6900634765625,865.72216796875,20250225-162910
974,25,0,0.732421875,674.6654052734375,1801.5260009765625,117.3226318359375,181.0979461669922,20250225-162911
974,29,0,0.732421875,696.4743041992188,1406.78173828125,229.63037109375,322.89349365234375,20250225-162911
974,27,0,0.76708984375,860.1228637695312,1772.908447265625,146.34246826171875,211.49960327148438,20250225-162911
974,31,0,0.80029296875,647.9220581054688,658.8138427734375,169.59164428710938,170.17453002929688,20250225-162911
974,10,0,0.8271484375,733.65185546875,526.7288818359375,137.48162841796875,190.32293701171875,20250225-162911
974,18,0,0.8515625,706.3154907226562,189.1417236328125,212.7099609375,269.44158935546875,20250225-162911
974,28,0,0.8798828125,721.6007690429688,1624.196533203125,109.0609130859375,134.83631896972656,20250225-162911
974,9,0,0.90478515625,522.5577392578125,1.4798126220703125,430.6831970214844,548.7401123046875,20250225-162911
974,21,0,0.927734375,209.27529907226562,506.09454345703125,1109.83056640625,861.4777221679688,20250225-162911
975,25,0,0.6953125,675.620361328125,1802.68505859375,116.3580322265625,182.03453063964844,20250225-162911
975,27,0,0.79443359375,859.9448852539062,1773.0875244140625,146.26190185546875,212.02317810058594,20250225-162911
975,29,0,0.79638671875,698.5256958007812,1416.5540771484375,222.19903564453125,374.5263366699219,20250225-162911
975,31,0,0.80810546875,649.9735717773438,659.07958984375,169.89321899414062,169.2743377685547,20250225-162911
975,10,0,0.81640625,734.864990234375,526.7745361328125,138.72129821777344,188.9184112548828,20250225-162911
975,18,0,0.8369140625,710.8729248046875,191.57455444335938,209.57908630371094,264.492919921875,20250225-162911
975,28,0,0.8818359375,724.4765625,1624.903564453125,108.37298583984375,135.4584197998047,20250225-162911
975,9,0,0.89404296875,524.7108764648438,1.477203369140625,432.7490234375,547.1598510742188,20250225-162911
975,21,0,0.92822265625,212.9784698486328,501.5130615234375,1097.6846923828125,856.9948120117188,20250225-162911
976,25,0,0.69677734375,676.718017578125,1800.6075439453125,118.5172119140625,180.56475830078125,20250225-162911
976,29,0,0.71875,698.2005615234375,1408.1085205078125,238.78271484375,376.613037109375,20250225-162911
976,27,0,0.798828125,861.8523559570312,1773.1787109375,146.17364501953125,209.2832794189453,20250225-162911
976,31,0,0.8115234375,650.1116943359375,657.7014770507812,171.02947998046875,172.17735290527344,20250225-162911
976,18,0,0.8349609375,709.482666015625,194.02166748046875,207.0685272216797,265.9747009277344,20250225-162911
976,10,0,0.8408203125,735.203857421875,526.4901123046875,137.4132843017578,188.9192657470703,20250225-162911
976,28,0,0.8740234375,724.0518188476562,1624.1612548828125,109.21307373046875,136.3551025390625,20250225-162911
976,9,0,0.908203125,525.2286376953125,1.477020263671875,435.365478515625,545.7476806640625,20250225-162911
976,21,0,0.92529296875,215.32232666015625,489.8507080078125,1071.2991943359375,855.3696899414062,20250225-162911
977,33,0,0.5126953125,759.2399291992188,827.7394409179688,65.64743041992188,34.46849060058594,20250225-162911
977,25,0,0.6533203125,675.8704833984375,1800.0567626953125,118.9647216796875,180.09544372558594,20250225-162911
977,27,0,0.6943359375,860.115478515625,1772.921630859375,146.3975830078125,211.04246520996094,20250225-162911
977,29,0,0.7470703125,696.77294921875,1415.33544921875,231.14337158203125,381.724853515625,20250225-162911
977,31,0,0.8076171875,649.0374755859375,658.248779296875,170.52511596679688,170.63479614257812,20250225-162911
977,10,0,0.82958984375,734.0189208984375,525.8147583007812,142.10174560546875,189.96829223632812,20250225-162911
977,18,0,0.84130859375,706.563232421875,194.1207275390625,206.52662658691406,269.66680908203125,20250225-162911
977,9,0,0.86328125,524.1693725585938,1.232208251953125,439.2843017578125,547.1325073242188,20250225-162911
977,28,0,0.8681640625,721.6982421875,1623.4112548828125,109.60748291015625,134.74241638183594,20250225-162911
977,21,0,0.93359375,218.22726440429688,495.30853271484375,1042.9683837890625,853.116943359375,20250225-162911
978,33,0,0.52734375,757.9873046875,826.4412231445312,66.8653564453125,35.78401565551758,20250225-162911
978,27,0,0.6298828125,857.7553100585938,1772.621337890625,146.79034423828125,213.307373046875,20250225-162911
978,25,0,0.66015625,675.0431518554688,1798.17529296875,121.297119140625,180.30169677734375,20250225-162911
978,29,0,0.751953125,696.470703125,1402.4871826171875,256.033447265625,379.9673156738281,20250225-162911
978,31,0,0.791015625,647.9302978515625,658.3555908203125,170.28652954101562,171.93560791015625,20250225-162911
978,10,0,0.80029296875,733.003173828125,527.7160034179688,138.2511749267578,190.89474487304688,20250225-162911
978,18,0,0.85302734375,705.1831665039062,196.99447631835938,205.02740478515625,269.0902404785156,20250225-162911
978,28,0,0.8798828125,721.7035522460938,1624.527099609375,108.50006103515625,134.82911682128906,20250225-162911
978,9,0,0.90869140625,522.3787841796875,1.10137939453125,438.95867919921875,549.3114013671875,20250225-162911
978,21,0,0.93115234375,218.34280395507812,488.51629638671875,1047.6632080078125,853.2385864257812,20250225-162911
979,34,0,0.38037109375,791.17626953125,1376.4180908203125,53.528778076171875,102.65221405029297,20250225-162911
979,33,0,0.51171875,758.30517578125,826.7843627929688,67.16702270507812,36.38895034790039,20250225-162911
979,35,0,0.544921875,707.9044189453125,1204.4716796875,101.14361572265625,147.40408325195312,20250225-162911
979,25,0,0.6259765625,677.691162109375,1797.9649658203125,121.5098876953125,177.93212890625,20250225-162911
979,27,0,0.6533203125,857.244140625,1773.09716796875,146.3214111328125,214.2638702392578,20250225-162911
979,31,0,0.7822265625,648.7726440429688,658.3040771484375,170.5667724609375,171.91067504882812,20250225-162911
979,29,0,0.8125,695.822509765625,1388.7000732421875,270.1226806640625,382.2967529296875,20250225-162911
979,10,0,0.82958984375,733.8290405273438,526.7972412109375,138.5764617919922,191.21583557128906,20250225-162911
979,18,0,0.84326171875,705.2420654296875,195.80882263183594,205.49473571777344,269.95196533203125,20250225-162911
979,28,0,0.8740234375,722.2245483398438,1624.4666748046875,108.38214111328125,134.5393524169922,20250225-162911
979,9,0,0.89501953125,523.8760375976562,1.283294677734375,439.5218811035156,547.9293212890625,20250225-162911
979,21,0,0.92919921875,219.92431640625,481.3482666015625,1051.7662353515625,851.511474609375,20250225-162911
980,34,0,0.2493896484375,790.888916015625,1376.40966796875,55.351593017578125,102.54647064208984,20250225-162911
980,35,0,0.440673828125,709.649169921875,1203.845703125,101.63726806640625,148.6283721923828,20250225-162911
980,33,0,0.5166015625,759.4144897460938,831.55078125,61.51373291015625,34.08010482788086,20250225-162911
980,25,0,0.716796875,680.847900390625,1799.433837890625,119.68560791015625,175.93875122070312,20250225-162911
980,27,0,0.775390625,857.685791015625,1772.970703125,146.3690185546875,213.7342071533203,20250225-162911
980,29,0,0.78125,695.6515502929688,1391.99609375,260.6414794921875,380.40899658203125,20250225-162911
980,31,0,0.80322265625,648.7787475585938,658.2097778320312,170.21722412109375,172.4971923828125,20250225-162911
980,10,0,0.8173828125,735.593017578125,526.02490234375,139.849365234375,188.9846649169922,20250225-162911
980,18,0,0.8447265625,705.9772338867188,200.83277893066406,200.49879455566406,270.4677734375,20250225-162911
980,28,0,0.8974609375,722.760986328125,1624.71826171875,108.6492919921875,137.27613830566406,20250225-162911
980,9,0,0.8984375,524.385498046875,1.2846221923828125,441.941650390625,547.5139770507812,20250225-162911
980,21,0,0.9296875,222.99224853515625,476.4192810058594,1058.9630126953125,849.0822143554688,20250225-162911
981,34,0,0.3720703125,791.7882690429688,1376.1397705078125,54.162689208984375,101.84574890136719,20250225-162911
981,35,0,0.42431640625,709.5072021484375,1211.834228515625,93.75485229492188,148.04541015625,20250225-162911
981,33,0,0.5478515625,759.712890625,832.2112426757812,62.74896240234375,33.17853927612305,20250225-162911
981,25,0,0.716796875,680.2794189453125,1798.917236328125,120.107666015625,176.94940185546875,20250225-162911
981,27,0,0.7548828125,859.3818969726562,1772.52099609375,146.81304931640625,211.54449462890625,20250225-162911
981,31,0,0.80322265625,649.122802734375,656.53125,171.2977294921875,172.3826904296875,20250225-162911
981,10,0,0.81982421875,734.8519897460938,526.298583984375,137.50172424316406,189.49261474609375,20250225-162911
981,29,0,0.83349609375,696.9197998046875,1385.1793212890625,270.8583984375,380.78167724609375,20250225-162911
981,18,0,0.8466796875,707.2115478515625,201.4954833984375,199.64584350585938,268.4534912109375,20250225-162911
981,28,0,0.87060546875,722.4837646484375,1624.440673828125,108.96917724609375,136.34934997558594,20250225-162911
981,9,0,0.908203125,526.0969848632812,1.09844970703125,442.82904052734375,545.6454467773438,20250225-162911
981,21,0,0.931640625,226.1623992919922,481.6212158203125,1049.662109375,845.2265625,20250225-162911
982,33,0,0.466796875,757.9454345703125,829.5693969726562,66.4833984375,33.32831573486328,20250225-162911
982,35,0,0.5029296875,709.3782348632812,1210.8836669921875,94.210693359375,144.90216064453125,20250225-162911
982,27,0,0.703125,858.5341796875,1772.927490234375,146.4891357421875,212.61944580078125,20250225-162911
982,25,0,0.708984375,679.068603515625,1797.841552734375,121.6387939453125,176.60882568359375,20250225-162911
982,29,0,0.79931640625,696.5439453125,1394.7601318359375,254.936279296875,380.6598205566406,20250225-162911
982,10,0,0.80126953125,732.893798828125,527.28466796875,137.10076904296875,190.27281188964844,20250225-162911
982,31,0,0.822265625,648.4664306640625,656.9020385742188,171.31036376953125,170.34031677246094,20250225-162911
982,28,0,0.83203125,720.2767333984375,1624.3040771484375,110.52557373046875,137.54916381835938,20250225-162911
982,18,0,0.84130859375,703.8035888671875,202.223876953125,198.99755859375,273.53106689453125,20250225-162911
982,9,0,0.9072265625,524.0476684570312,1.47216796875,444.1590270996094,547.4876708984375,20250225-162911
982,21,0,0.9345703125,221.82049560546875,481.3010559082031,1051.3319091796875,849.6207275390625,20250225-162911
983,35,0,0.412109375,671.3175048828125,1209.353271484375,96.41802978515625,188.2239532470703,20250225-162911
983,33,0,0.43408203125,757.7622680664062,827.9302368164062,69.27017211914062,32.040252685546875,20250225-162911
983,34,0,0.453369140625,789.7665405273438,1376.327880859375,56.368927001953125,104.52169799804688,20250225-162911
983,25,0,0.66259765625,676.3975219726562,1796.0789794921875,122.84637451171875,176.73052978515625,20250225-162911
983,27,0,0.71142578125,855.852783203125,1772.485107421875,146.83758544921875,215.02020263671875,20250225-162911
983,10,0,0.791015625,728.8034057617188,527.157958984375,138.27676391601562,193.31268310546875,20250225-162911
983,31,0,0.7919921875,646.7877807617188,657.8487548828125,170.16476440429688,170.36224365234375,20250225-162911
983,18,0,0.81298828125,701.7559814453125,203.0277099609375,197.82870483398438,274.2110290527344,20250225-162911
983,29,0,0.8251953125,695.8953247070312,1388.29443359375,265.38885498046875,380.5346374511719,20250225-162911
983,9,0,0.84814453125,523.4628295898438,1.407623291015625,446.52459716796875,547.384033203125,20250225-162911
983,28,0,0.85791015625,718.3408203125,1622.952392578125,110.476318359375,138.02098083496094,20250225-162911
983,21,0,0.93505859375,223.2373809814453,479.5941162109375,1054.4366455078125,848.5009155273438,20250225-162911
984,33,0,0.408203125,758.0380859375,824.537109375,71.1207275390625,30.58791160583496,20250225-162911
984,34,0,0.4814453125,789.2314453125,1376.052001953125,56.43914794921875,105.69517517089844,20250225-162911
984,35,0,0.4921875,667.5299072265625,1207.220947265625,100.32431030273438,180.41790771484375,20250225-162911
984,25,0,0.67236328125,675.2689819335938,1796.325439453125,122.69915771484375,179.76345825195312,20250225-162911
984,27,0,0.72119140625,856.3920288085938,1772.0694580078125,147.3446044921875,214.5042724609375,20250225-162911
984,31,0,0.81591796875,646.9332885742188,658.3471069335938,169.81072998046875,168.8142852783203,20250225-162911
984,28,0,0.82421875,716.321044921875,1624.1429443359375,110.52886962890625,141.4615936279297,20250225-162911
984,29,0,0.82568359375,695.2481079101562,1388.3369140625,264.819580078125,382.62158203125,20250225-162911
984,10,0,0.82568359375,729.593994140625,527.034423828125,139.93560791015625,193.37945556640625,20250225-162911
984,18,0,0.84228515625,704.0189208984375,204.170654296875,196.98751831054688,270.12738037109375,20250225-162911
984,9,0,0.916015625,524.0588989257812,1.2931365966796875,444.4256591796875,546.95068359375,20250225-162911
984,21,0,0.93115234375,213.5350799560547,482.2217102050781,1051.4564208984375,858.2874755859375,20250225-162911
985,34,0,0.393310546875,791.341796875,1376.293701171875,54.866546630859375,101.7824935913086,20250225-162911
985,35,0,0.42626953125,709.3011474609375,1209.829345703125,95.24395751953125,148.3999786376953,20250225-162911
985,25,0,0.64599609375,677.580322265625,1795.84423828125,123.5390625,177.93353271484375,20250225-162911
985,27,0,0.70654296875,859.8914794921875,1772.2254638671875,147.0941162109375,211.3707733154297,20250225-162911
985,29,0,0.7724609375,696.9429321289062,1394.8692626953125,253.130126953125,379.4598693847656,20250225-162911
985,31,0,0.8056640625,649.0564575195312,656.0916137695312,170.85113525390625,169.57518005371094,20250225-162911
985,10,0,0.82421875,732.5927124023438,525.2579956054688,141.2757568359375,192.97511291503906,20250225-162911
985,18,0,0.82958984375,705.0562133789062,205.73684692382812,196.21453857421875,271.12420654296875,20250225-162911
985,28,0,0.85693359375,717.4000854492188,1622.630859375,110.33697509765625,138.4951934814453,20250225-162911
985,9,0,0.9228515625,527.3154907226562,1.4798126220703125,445.0016784667969,543.7406005859375,20250225-162911
985,21,0,0.92724609375,217.5872344970703,486.775634765625,1049.4283447265625,853.6769409179688,20250225-162911
986,33,0,0.29248046875,760.4987182617188,824.102294921875,73.7918701171875,29.158830642700195,20250225-162911
986,34,0,0.5029296875,791.0101318359375,1376.283203125,55.3531494140625,103.92121887207031,20250225-162911
986,35,0,0.53515625,668.9986572265625,1207.25048828125,100.42822265625,177.47525024414062,20250225-162911
986,27,0,0.5927734375,860.8954467773438,1772.3701171875,146.94561767578125,209.76162719726562,20250225-162911
986,25,0,0.640625,677.4673461914062,1796.033203125,123.52899169921875,179.6178436279297,20250225-162911
986,31,0,0.791015625,649.9273681640625,656.90478515625,169.41796875,167.894775390625,20250225-162911
986,29,0,0.818359375,697.5231323242188,1387.1759033203125,260.01507568359375,380.96539306640625,20250225-162911
986,18,0,0.82666015625,706.4149169921875,206.03741455078125,195.25762939453125,271.8887939453125,20250225-162911
986,10,0,0.84375,733.2438354492188,524.28076171875,143.2082061767578,192.43711853027344,20250225-162911
986,28,0,0.8642578125,716.1478271484375,1622.0833740234375,111.406494140625,144.380615234375,20250225-162911
986,9,0,0.92626953125,529.0870361328125,1.8563690185546875,444.4571228027344,541.397216796875,20250225-162911
986,21,0,0.9287109375,222.01815795898438,491.1236572265625,1044.6397705078125,849.500244140625,20250225-162911
987,34,0,0.4072265625,791.9224853515625,1378.1153564453125,126.0574951171875,188.70005798339844,20250225-162911
987,27,0,0.509765625,859.23095703125,1772.970703125,146.25897216796875,211.98248291015625,20250225-162911
987,25,0,0.56396484375,674.9196166992188,1795.3787841796875,123.6602783203125,182.3909454345703,20250225-162911
987,35,0,0.583984375,667.613037109375,1205.919189453125,101.26583862304688,179.5362091064453,20250225-162911
987,29,0,0.7607421875,696.8143920898438,1398.1146240234375,244.78564453125,378.8994140625,20250225-162911
987,31,0,0.78515625,648.9591674804688,656.6621704101562,169.06686401367188,168.91976928710938,20250225-162911
987,10,0,0.82373046875,734.7596435546875,526.7023315429688,138.0249481201172,189.20997619628906,20250225-162911
987,18,0,0.84130859375,705.7447509765625,207.90719604492188,193.43490600585938,269.33978271484375,20250225-162911
987,28,0,0.84716796875,713.5531616210938,1622.7333984375,111.52056884765625,144.53433227539062,20250225-162911
987,9,0,0.92578125,530.1641235351562,1.4794464111328125,445.7309875488281,540.2887573242188,20250225-162911
987,21,0,0.93017578125,221.36129760742188,491.44866943359375,1042.185791015625,850.25048828125,20250225-162911
988,34,0,0.2069091796875,789.3507080078125,1375.99462890625,128.01480102539062,185.46372985839844,20250225-162911
988,36,0,0.248046875,774.2391357421875,1221.8712158203125,161.21694946289062,138.92434692382812,20250225-162911
988,33,0,0.352294921875,757.99365234375,823.8330688476562,75.04330444335938,28.999958038330078,20250225-162911
988,27,0,0.5263671875,856.56005859375,1772.896728515625,146.61419677734375,214.4720916748047,20250225-162911
988,25,0,0.544921875,673.1192626953125,1793.9300537109375,125.08062744140625,180.63943481445312,20250225-162911
988,35,0,0.638671875,665.6463623046875,1203.51025390625,103.6651611328125,184.9815673828125,20250225-162911
988,29,0,0.767578125,694.3053588867188,1392.2025146484375,248.19140625,380.0497131347656,20250225-162911
988,31,0,0.779296875,647.0983276367188,656.7886962890625,169.60345458984375,169.51165771484375,20250225-162911
988,18,0,0.83056640625,703.7705078125,204.90811157226562,196.63522338867188,271.0240783691406,20250225-162911
988,10,0,0.83349609375,730.8953247070312,527.310546875,142.24246215820312,191.4672393798828,20250225-162911
988,28,0,0.8623046875,710.696533203125,1619.3419189453125,113.52667236328125,145.3758544921875,20250225-162911
988,9,0,0.91943359375,527.4927368164062,1.478851318359375,446.2879943847656,543.7008666992188,20250225-162911
988,21,0,0.9296875,222.08587646484375,487.871337890625,1049.2547607421875,849.555908203125,20250225-162911
989,33,0,0.304931640625,757.9014892578125,825.0364379882812,74.34979248046875,28.96124839782715,20250225-162911
989,37,0,0.35400390625,775.6478271484375,1226.9278564453125,75.27951049804688,80.05059051513672,20250225-162911
989,35,0,0.56787109375,663.1656494140625,1203.636474609375,103.53286743164062,185.06590270996094,20250225-162911
989,27,0,0.611328125,673.8043823242188,1770.5650634765625,148.63623046875,395.59039306640625,20250225-162911
989,31,0,0.77978515625,647.0939331054688,655.8446044921875,170.84866333007812,168.61550903320312,20250225-162911
989,10,0,0.79931640625,730.5154418945312,527.808837890625,144.10020446777344,191.56353759765625,20250225-162911
989,18,0,0.8349609375,704.3221435546875,207.63088989257812,194.2525177001953,269.3983154296875,20250225-162911
989,29,0,0.845703125,694.6193237304688,1386.7950439453125,258.90234375,381.96356201171875,20250225-162911
989,28,0,0.8662109375,709.7739868164062,1619.613037109375,112.8270263671875,145.10794067382812,20250225-162911
989,9,0,0.91845703125,527.1377563476562,1.481231689453125,447.1515197753906,543.937744140625,20250225-162911
989,21,0,0.93359375,223.68601989746094,486.12689208984375,1048.4736328125,848.3018798828125,20250225-162911
990,37,0,0.359375,778.6507568359375,1227.01171875,74.84637451171875,76.03912353515625,20250225-162911
990,33,0,0.390380859375,757.9011840820312,824.8760986328125,76.35205078125,31.42038345336914,20250225-162911
990,27,0,0.452392578125,857.6485595703125,1774.0462646484375,144.8470458984375,216.57220458984375,20250225-162911
990,35,0,0.505859375,662.6116943359375,1206.84033203125,100.0748291015625,183.99404907226562,20250225-162911
990,25,0,0.57177734375,673.575439453125,1797.4830322265625,121.47125244140625,182.60989379882812,20250225-162911
990,31,0,0.765625,647.84033203125,656.7669677734375,169.30828857421875,169.28025817871094,20250225-162911
990,10,0,0.796875,734.3073120117188,526.5560302734375,138.28321838378906,189.70066833496094,20250225-162911
990,29,0,0.79931640625,695.227294921875,1392.1724853515625,252.819580078125,382.02508544921875,20250225-162911
990,18,0,0.8486328125,706.7059326171875,208.96527099609375,192.56936645507812,269.1873474121094,20250225-162911
990,28,0,0.88427734375,709.8469848632812,1622.284912109375,109.9815673828125,148.26148986816406,20250225-162911
990,9,0,0.9208984375,530.1641235351562,1.29107666015625,447.0180358886719,541.3827514648438,20250225-162911
990,21,0,0.9306640625,231.4803009033203,486.2841796875,1047.121337890625,840.1785888671875,20250225-162911
991,33,0,0.262939453125,760.0086059570312,826.0960693359375,75.1234130859375,30.489892959594727,20250225-162911
991,37,0,0.32177734375,778.385009765625,1224.9635009765625,95.00994873046875,106.55828857421875,20250225-162911
991,35,0,0.391357421875,663.7172241210938,1207.9200439453125,99.71292114257812,183.11907958984375,20250225-162911
991,27,0,0.43408203125,857.6671142578125,1773.7767333984375,145.21160888671875,216.90960693359375,20250225-162911
991,34,0,0.546875,793.3911743164062,1378.013427734375,123.30450439453125,182.83413696289062,20250225-162911
991,25,0,0.57568359375,673.306884765625,1798.2052001953125,120.84686279296875,184.1983184814453,20250225-162911
991,29,0,0.7490234375,696.3132934570312,1401.6405029296875,240.3006591796875,379.0326232910156,20250225-162911
991,10,0,0.77587890625,733.8424072265625,527.1275634765625,142.44781494140625,192.08993530273438,20250225-162911
991,31,0,0.78466796875,649.4549560546875,656.553955078125,169.6805419921875,169.17361450195312,20250225-162911
991,18,0,0.8193359375,707.8785400390625,208.9478759765625,192.90687561035156,270.7309265136719,20250225-162911
991,28,0,0.865234375,711.5447387695312,1621.7757568359375,111.73681640625,147.0059051513672,20250225-162911
991,9,0,0.91552734375,533.0855102539062,1.48004150390625,446.7344970703125,538.369873046875,20250225-162911
991,21,0,0.92626953125,235.3649139404297,487.0148620605469,1047.7335205078125,836.7549438476562,20250225-162911
992,33,0,0.338134765625,759.4575805664062,826.4577026367188,75.36026000976562,31.66036605834961,20250225-162911
992,37,0,0.414794921875,779.1064453125,1224.723388671875,95.31829833984375,106.6575927734375,20250225-162911
992,27,0,0.4755859375,858.6033325195312,1773.5504150390625,144.7884521484375,217.39385986328125,20250225-162911
992,25,0,0.5390625,674.733642578125,1794.453369140625,125.20513916015625,182.01632690429688,20250225-162911
992,34,0,0.5546875,792.3546142578125,1377.812255859375,122.66281127929688,185.81785583496094,20250225-162911
992,35,0,0.59814453125,660.72998046875,1206.5206298828125,101.23297119140625,188.024658203125,20250225-162911
992,29,0,0.7373046875,695.5767211914062,1406.1309814453125,239.092529296875,381.32513427734375,20250225-162911
992,31,0,0.80419921875,648.8331909179688,656.8453369140625,169.85623168945312,170.2317352294922,20250225-162911
992,10,0,0.810546875,734.9441528320312,526.0446166992188,143.88088989257812,189.90306091308594,20250225-162911
992,18,0,0.8359375,706.9285278320312,206.94085693359375,194.79071044921875,270.62261962890625,20250225-162911
992,28,0,0.87890625,711.9806518554688,1622.08447265625,111.2896728515625,146.09121704101562,20250225-162911
992,9,0,0.9140625,532.8980102539062,1.28997802734375,447.2332763671875,538.7554321289062,20250225-162911
992,21,0,0.92822265625,237.72457885742188,483.64697265625,1048.9398193359375,834.001708984375,20250225-162911
993,36,0,0.2451171875,789.2671508789062,1376.9212646484375,54.719146728515625,99.02955627441406,20250225-162911
993,34,0,0.289306640625,790.1552734375,1378.326416015625,123.65213012695312,191.342529296875,20250225-162911
993,37,0,0.291748046875,778.4571533203125,1225.8616943359375,74.618408203125,75.46182250976562,20250225-162911
993,33,0,0.404541015625,757.9476318359375,826.0350952148438,74.6744384765625,32.147796630859375,20250225-162911
993,27,0,0.56201171875,673.24560546875,1770.185302734375,149.0108642578125,396.62738037109375,20250225-162911
993,35,0,0.57177734375,654.1953125,1205.45166015625,102.1552734375,196.06561279296875,20250225-162911
993,29,0,0.77392578125,696.3927612304688,1391.314453125,254.8033447265625,378.6056823730469,20250225-162911
993,31,0,0.79443359375,648.4732666015625,656.2758178710938,170.07183837890625,168.79330444335938,20250225-162911
993,10,0,0.7958984375,731.9177856445312,527.0380859375,146.23196411132812,191.27017211914062,20250225-162911
993,18,0,0.84228515625,704.22705078125,206.8876190185547,194.17396545410156,272.7440185546875,20250225-162911
993,28,0,0.8818359375,710.7285766601562,1620.2369384765625,112.72100830078125,147.15087890625,20250225-162911
993,9,0,0.91552734375,532.3466186523438,1.2913970947265625,446.8503112792969,538.9758911132812,20250225-162911
993,21,0,0.93017578125,237.91030883789062,481.807861328125,1049.3990478515625,833.83251953125,20250225-162911
994,36,0,0.34765625,788.7213745117188,1376.941650390625,56.54571533203125,101.39076232910156,20250225-162911
994,35,0,0.374755859375,706.5757446289062,1209.011474609375,98.57144165039062,146.97561645507812,20250225-162911
994,27,0,0.449462890625,857.2017211914062,1773.0516357421875,145.7501220703125,217.0154266357422,20250225-162911
994,33,0,0.4833984375,757.9940795898438,825.4852294921875,75.53384399414062,31.337299346923828,20250225-162911
994,25,0,0.5244140625,672.5381469726562,1793.3829345703125,126.274658203125,181.48684692382812,20250225-162911
994,31,0,0.810546875,647.4681396484375,656.1737060546875,170.55953979492188,170.21800231933594,20250225-162911
994,29,0,0.814453125,695.06396484375,1388.6575927734375,253.3765869140625,381.9530944824219,20250225-162911
994,10,0,0.8310546875,732.2169799804688,526.6820068359375,147.7665252685547,190.6294403076172,20250225-162911
994,18,0,0.8447265625,702.609130859375,205.6687774658203,195.7302703857422,271.50958251953125,20250225-162911
994,28,0,0.84912109375,710.3530883789062,1621.9493408203125,112.08197021484375,146.31390380859375,20250225-162911
994,9,0,0.9208984375,530.3465576171875,1.4819183349609375,447.5706787109375,540.6680297851562,20250225-162911
994,21,0,0.92822265625,237.243408203125,485.21722412109375,1046.0863037109375,834.475830078125,20250225-162911
995,35,0,0.390380859375,708.30126953125,1209.010498046875,98.91091918945312,145.70101928710938,20250225-162911
995,27,0,0.414794921875,857.1757202148438,1772.8839111328125,145.9134521484375,216.7710723876953,20250225-162911
995,33,0,0.437744140625,757.7633666992188,825.5447387695312,75.79055786132812,32.00712203979492,20250225-162911
995,36,0,0.444580078125,789.49609375,1377.1741943359375,54.1322021484375,104.37183380126953,20250225-162911
995,25,0,0.546875,672.7670288085938,1793.334228515625,126.041748046875,182.3078155517578,20250225-162911
995,31,0,0.8125,647.3080444335938,657.2290649414062,168.6895751953125,170.6453094482422,20250225-162911
995,10,0,0.82568359375,731.8837890625,526.486572265625,149.61483764648438,190.97903442382812,20250225-162911
995,29,0,0.83544921875,695.4248657226562,1385.9168701171875,269.1126708984375,381.8011779785156,20250225-162911
995,18,0,0.84716796875,703.38134765625,208.52719116210938,192.30299377441406,271.991455078125,20250225-162911
995,28,0,0.8623046875,711.1949462890625,1623.6529541015625,109.9368896484375,146.24554443359375,20250225-162911
995,9,0,0.91748046875,528.5560913085938,1.294189453125,447.11419677734375,542.7572021484375,20250225-162911
995,21,0,0.93115234375,237.0025634765625,485.72369384765625,1044.2786865234375,834.7027587890625,20250225-162911
996,36,0,0.267333984375,790.4132690429688,1377.23779296875,53.581878662109375,94.39933776855469,20250225-162911
996,35,0,0.33642578125,708.8905639648438,1211.44580078125,95.57510375976562,144.44033813476562,20250225-162911
996,33,0,0.406494140625,758.354736328125,826.2940673828125,75.2127685546875,32.00849533081055,20250225-162911
996,27,0,0.490234375,860.3551635742188,1772.33642578125,146.0965576171875,215.57261657714844,20250225-162911
996,25,0,0.56689453125,672.2481689453125,1798.9215087890625,120.03424072265625,184.3733367919922,20250225-162911
996,29,0,0.7890625,696.0779418945312,1394.9271240234375,247.9434814453125,381.0110168457031,20250225-162911
996,31,0,0.79833984375,648.3275756835938,657.0570068359375,169.44186401367188,171.71270751953125,20250225-162911
996,10,0,0.8291015625,732.6796875,527.0302734375,151.15914916992188,192.66259765625,20250225-162911
996,18,0,0.830078125,702.5538940429688,204.55471801757812,197.2525634765625,273.39031982421875,20250225-162911
996,9,0,0.869140625,530.7150268554688,1.462188720703125,443.29248046875,541.725830078125,20250225-162911
996,28,0,0.873046875,712.79736328125,1623.925048828125,108.3299560546875,144.8814239501953,20250225-162911
996,21,0,0.923828125,241.61236572265625,487.3035888671875,1044.7144775390625,829.6327514648438,20250225-162911
997,36,0,0.20751953125,791.8299560546875,1376.8377685546875,52.363677978515625,94.68472290039062,20250225-162911
997,35,0,0.37744140625,710.1636962890625,1210.1839599609375,97.18441772460938,145.23883056640625,20250225-162911
997,33,0,0.482421875,759.841552734375,826.856201171875,73.93212890625,32.270538330078125,20250225-162911
997,27,0,0.68603515625,674.7862548828125,1769.6400146484375,149.56805419921875,395.437255859375,20250225-162911
997,31,0,0.77783203125,649.4456176757812,656.8306884765625,169.86904907226562,170.6060028076172,20250225-162911
997,29,0,0.7861328125,696.8119506835938,1395.8521728515625,242.019287109375,379.23333740234375,20250225-162911
997,10,0,0.8291015625,735.7921752929688,527.3699951171875,149.48922729492188,189.47364807128906,20250225-162911
997,18,0,0.8466796875,704.6621704101562,206.76864624023438,194.70030212402344,272.0472717285156,20250225-162911
997,28,0,0.8759765625,713.376220703125,1623.1494140625,109.58734130859375,144.75555419921875,20250225-162911
997,9,0,0.89306640625,531.0792846679688,1.844879150390625,442.9072265625,541.189453125,20250225-162911
997,21,0,0.92626953125,242.82205200195312,492.93255615234375,1043.6685791015625,829.0536499023438,20250225-162911
998,36,0,0.218017578125,790.7631225585938,1376.653564453125,58.178741455078125,95.10821533203125,20250225-162911
998,37,0,0.271240234375,778.6737060546875,1219.462890625,102.84722900390625,110.47053527832031,20250225-162911
998,34,0,0.285400390625,791.638427734375,1377.6895751953125,122.82394409179688,183.0220947265625,20250225-162911
998,35,0,0.337158203125,670.3423461914062,1210.4599609375,98.949462890625,181.67984008789062,20250225-162911
998,33,0,0.376708984375,758.802001953125,825.6802368164062,75.9752197265625,31.81889533996582,20250225-162911
998,27,0,0.482421875,857.404541015625,1770.7781982421875,148.5596923828125,214.93943786621094,20250225-162911
998,25,0,0.64599609375,672.8406982421875,1799.4268798828125,119.431640625,183.82513427734375,20250225-162911
998,29,0,0.75341796875,696.6165161132812,1401.036376953125,242.04290771484375,379.3426208496094,20250225-162911
998,31,0,0.794921875,649.03564453125,655.4544067382812,170.689453125,172.52560424804688,20250225-162911
998,10,0,0.81640625,734.071533203125,526.5422973632812,151.11497497558594,191.04296875,20250225-162911
998,18,0,0.8388671875,702.3370971679688,203.142333984375,198.1234588623047,274.1097412109375,20250225-162911
998,28,0,0.8681640625,713.0629272460938,1622.2862548828125,110.6107177734375,144.80487060546875,20250225-162911
998,9,0,0.91748046875,526.7935791015625,1.29107666015625,442.62872314453125,544.2645874023438,20250225-162911
998,21,0,0.92626953125,243.05612182617188,496.4161376953125,1042.135986328125,828.9254150390625,20250225-162911
999,35,0,0.345947265625,706.7296142578125,1210.226806640625,97.82089233398438,147.91854858398438,20250225-162911
999,34,0,0.375732421875,789.8743896484375,1377.01220703125,122.30557250976562,178.8527069091797,20250225-162911
999,33,0,0.4580078125,757.9476318359375,826.700927734375,75.361083984375,32.88371276855469,20250225-162911
999,27,0,0.60693359375,858.2339477539062,1771.2484130859375,148.0748291015625,213.21226501464844,20250225-162911
999,25,0,0.6611328125,672.5323486328125,1795.2235107421875,124.43865966796875,181.25433349609375,20250225-162911
999,29,0,0.7529296875,695.6078491210938,1401.039306640625,245.60394287109375,381.3072204589844,20250225-162911
999,31,0,0.76953125,648.1343994140625,656.2106323242188,170.32177734375,172.57958984375,20250225-162911
999,10,0,0.81640625,731.3596801757812,528.7044067382812,149.7058868408203,190.96847534179688,20250225-162911
999,18,0,0.82177734375,701.1223754882812,199.69898986816406,201.80209350585938,270.12890625,20250225-162911
999,28,0,0.875,712.02490234375,1622.9388427734375,109.4044189453125,145.95822143554688,20250225-162911
999,9,0,0.9091796875,521.2710571289062,1.1042633056640625,440.6060791015625,550.102294921875,20250225-162911
999,21,0,0.9287109375,242.3339385986328,495.3343505859375,1041.43115234375,829.4747314453125,20250225-162911
1000,34,0,0.318359375,789.6036987304688,1377.613525390625,122.86312866210938,183.2662811279297,20250225-162911
1000,37,0,0.32421875,776.452392578125,1214.8876953125,104.55908203125,110.14866638183594,20250225-162911
1000,33,0,0.437744140625,757.7636108398438,826.5719604492188,75.76327514648438,32.433616638183594,20250225-162911
1000,27,0,0.454345703125,856.4110717773438,1772.5902099609375,146.115966796875,217.90179443359375,20250225-162911
1000,25,0,0.64599609375,671.2371826171875,1796.643310546875,122.31646728515625,183.3413848876953,20250225-162911
1000,31,0,0.71240234375,646.7767333984375,657.3079833984375,169.30755615234375,176.3282470703125,20250225-162911
1000,29,0,0.7470703125,695.3643798828125,1400.2152099609375,248.362060546875,381.2701721191406,20250225-162911
1000,10,0,0.7548828125,731.502197265625,529.1898193359375,152.26661682128906,189.75689697265625,20250225-162911
1000,18,0,0.82275390625,699.997802734375,193.81539916992188,208.7076873779297,266.8006286621094,20250225-162911
1000,9,0,0.8759765625,518.0311889648438,1.46612548828125,437.53729248046875,553.1449584960938,20250225-162911
1000,28,0,0.87841796875,712.6360473632812,1623.4962158203125,108.734619140625,142.7877655029297,20250225-162911
1000,21,0,0.93115234375,241.80247497558594,497.56256103515625,1037.7271728515625,830.01123046875,20250225-162911
1001,35,0,0.3857421875,706.56005859375,1210.889892578125,96.1505126953125,147.20864868164062,20250225-162911
1001,34,0,0.42529296875,790.8908081054688,1376.450927734375,126.31658935546875,188.2908172607422,20250225-162911
1001,33,0,0.4814453125,757.8546142578125,826.7200927734375,75.63821411132812,33.0933952331543,20250225-162911
1001,27,0,0.5185546875,856.9059448242188,1772.401611328125,146.39886474609375,217.50621032714844,20250225-162911
1001,25,0,0.68505859375,671.360107421875,1794.8814697265625,124.0697021484375,185.1084747314453,20250225-162911
1001,31,0,0.72509765625,647.1397705078125,657.3892822265625,168.779296875,177.30316162109375,20250225-162911
1001,29,0,0.755859375,695.5324096679688,1405.6263427734375,236.407470703125,380.2821350097656,20250225-162911
1001,10,0,0.77392578125,732.578857421875,527.7998657226562,147.09219360351562,189.56651306152344,20250225-162911
1001,18,0,0.83544921875,701.9898071289062,191.31005859375,211.5761260986328,266.4941711425781,20250225-162911
1001,28,0,0.875,712.2738037109375,1623.5474853515625,108.46527099609375,145.1898651123047,20250225-162911
1001,9,0,0.89404296875,516.5513916015625,1.4746856689453125,440.9264831542969,554.7127685546875,20250225-162911
1001,21,0,0.92919921875,241.26885986328125,498.94390869140625,1035.4163818359375,830.6693115234375,20250225-162911
1002,34,0,0.2081298828125,791.7973022460938,1377.6617431640625,124.23532104492188,186.64981079101562,20250225-162911
1002,36,0,0.2744140625,791.130615234375,1376.17578125,53.085479736328125,96.11045837402344,20250225-162911
1002,35,0,0.39599609375,703.2145385742188,1213.7955322265625,95.25888061523438,151.65673828125,20250225-162911
1002,33,0,0.401611328125,759.2404174804688,827.594970703125,74.81259155273438,32.378684997558594,20250225-162911
1002,27,0,0.6533203125,859.012939453125,1770.8792724609375,148.44305419921875,212.3389434814453,20250225-162911
1002,25,0,0.70556640625,672.6808471679688,1798.98779296875,120.4925537109375,182.30935668945312,20250225-162911
1002,31,0,0.708984375,647.8358154296875,657.4287109375,169.17874145507812,177.6708984375,20250225-162911
1002,10,0,0.765625,735.8740234375,527.4922485351562,146.898193359375,186.89048767089844,20250225-162911
1002,29,0,0.796875,696.68798828125,1392.0186767578125,247.339599609375,379.3236083984375,20250225-162911
1002,18,0,0.82080078125,700.1622314453125,186.86526489257812,216.7503662109375,263.6618347167969,20250225-162911
1002,28,0,0.8662109375,713.376708984375,1622.9476318359375,108.92816162109375,143.7472686767578,20250225-162911
1002,9,0,0.9052734375,516.5291137695312,1.4781646728515625,441.09808349609375,554.0861206054688,20250225-162911
1002,21,0,0.92236328125,241.02957153320312,496.177001953125,1041.8939208984375,830.88330078125,20250225-162911
1003,33,0,0.36474609375,759.5853881835938,828.0570068359375,75.40283203125,32.04763412475586,20250225-162911
1003,34,0,0.37939453125,792.6285400390625,1377.385498046875,122.21914672851562,182.5133819580078,20250225-162911
1003,35,0,0.404541015625,704.4020385742188,1214.44873046875,94.51272583007812,150.00453186035156,20250225-162911
1003,27,0,0.6767578125,858.571044921875,1771.1927490234375,148.0455322265625,213.3433380126953,20250225-162911
1003,31,0,0.69189453125,647.9201049804688,656.6710205078125,169.66983032226562,178.43646240234375,20250225-162911
1003,25,0,0.73583984375,671.5090942382812,1799.2620849609375,119.50799560546875,185.2506103515625,20250225-162911
1003,29,0,0.75927734375,696.3292846679688,1401.888427734375,238.459716796875,378.64483642578125,20250225-162911
1003,10,0,0.75927734375,736.8781127929688,526.9002685546875,143.2437744140625,185.5364227294922,20250225-162911
1003,18,0,0.81982421875,700.0270385742188,182.27938842773438,222.67831420898438,264.4726867675781,20250225-162911
1003,28,0,0.85888671875,713.7545166015625,1623.42333984375,108.68939208984375,143.50616455078125,20250225-162911
1003,9,0,0.86181640625,517.2770385742188,1.2813720703125,435.6999206542969,554.3276977539062,20250225-162911
1003,21,0,0.9267578125,245.8316192626953,501.5430908203125,1035.2080078125,825.6763916015625,20250225-162911
1004,34,0,0.322509765625,790.844970703125,1377.3504638671875,122.41891479492188,185.2168731689453,20250225-162912
1004,33,0,0.4658203125,758.1721801757812,828.1278076171875,75.148681640625,32.653255462646484,20250225-162912
1004,35,0,0.5166015625,706.3078002929688,1214.784912109375,93.94537353515625,148.61270141601562,20250225-162912
1004,31,0,0.7607421875,647.9828491210938,656.3187255859375,170.03668212890625,177.99366760253906,20250225-162912
1004,29,0,0.77099609375,696.7999877929688,1418.615478515625,222.1300048828125,381.0494689941406,20250225-162912
1004,25,0,0.79833984375,672.2523803710938,1796.694580078125,122.79913330078125,183.62908935546875,20250225-162912
1004,27,0,0.8017578125,858.8154296875,1771.128662109375,148.21783447265625,212.98129272460938,20250225-162912
1004,10,0,0.81005859375,736.14208984375,527.04638671875,148.8801727294922,186.10256958007812,20250225-162912
1004,18,0,0.84423828125,700.7669067382812,175.19627380371094,228.98927307128906,258.8927917480469,20250225-162912
1004,28,0,0.87158203125,712.3714599609375,1623.6258544921875,108.897216796875,145.35556030273438,20250225-162912
1004,9,0,0.9013671875,517.5714111328125,1.104217529296875,434.32012939453125,553.254150390625,20250225-162912
1004,21,0,0.931640625,247.33349609375,500.67535400390625,1035.491455078125,823.9135131835938,20250225-162912
1005,34,0,0.323486328125,789.6873168945312,1377.286865234375,124.14157104492188,186.95254516601562,20250225-162912
1005,33,0,0.490234375,757.9905395507812,828.6765747070312,78.31768798828125,32.032440185546875,20250225-162912
1005,35,0,0.5029296875,704.4966430664062,1218.1534423828125,91.42318725585938,150.4161834716797,20250225-162912
1005,31,0,0.73046875,647.61376953125,656.4915771484375,170.03823852539062,174.40426635742188,20250225-162912
1005,29,0,0.76123046875,694.4288330078125,1402.5391845703125,242.6400146484375,381.92974853515625,20250225-162912
1005,25,0,0.76611328125,670.6842651367188,1793.877685546875,125.06817626953125,184.95123291015625,20250225-162912
1005,27,0,0.7880859375,858.6448974609375,1771.06396484375,148.28173828125,213.00164794921875,20250225-162912
1005,10,0,0.80615234375,735.238525390625,527.6182861328125,142.92100524902344,185.64344787597656,20250225-162912
1005,18,0,0.8349609375,697.152099609375,174.1820831298828,231.46307373046875,265.08929443359375,20250225-162912
1005,28,0,0.8759765625,712.1830444335938,1623.7298583984375,108.55682373046875,145.93499755859375,20250225-162912
1005,9,0,0.90380859375,519.8541870117188,1.291259765625,432.5993957519531,551.3786010742188,20250225-162912
1005,21,0,0.93359375,243.0906982421875,500.5594482421875,1033.7764892578125,828.4991455078125,20250225-162912
1006,34,0,0.319091796875,790.2406005859375,1377.4742431640625,125.28231811523438,188.32266235351562,20250225-162912
1006,33,0,0.42822265625,757.942138671875,828.7494506835938,79.14093017578125,31.864042282104492,20250225-162912
1006,35,0,0.5146484375,705.2470092773438,1219.513671875,89.95578002929688,149.52212524414062,20250225-162912
1006,31,0,0.69287109375,647.6979370117188,656.9200439453125,170.25466918945312,173.85830688476562,20250225-162912
1006,29,0,0.74609375,695.0469360351562,1407.1593017578125,241.130859375,382.0238037109375,20250225-162912
1006,27,0,0.76708984375,857.7717895507812,1770.7177734375,148.52362060546875,214.07057189941406,20250225-162912
1006,25,0,0.787109375,670.4755249023438,1796.240966796875,123.24169921875,184.8214569091797,20250225-162912
1006,10,0,0.8115234375,734.0772705078125,527.880126953125,148.08114624023438,188.17425537109375,20250225-162912
1006,18,0,0.853515625,696.921142578125,170.26812744140625,235.25473022460938,269.1156005859375,20250225-162912
1006,28,0,0.86962890625,712.1102905273438,1623.6353759765625,108.3076171875,145.54339599609375,20250225-162912
1006,9,0,0.89453125,522.064453125,1.290069580078125,429.8015441894531,549.4033203125,20250225-162912
1006,21,0,0.931640625,243.07302856445312,500.3397216796875,1036.3223876953125,828.6182250976562,20250225-162912
1007,34,0,0.2037353515625,791.221435546875,1377.1595458984375,127.20867919921875,193.2676239013672,20250225-162912
1007,33,0,0.498046875,758.1267700195312,829.7135009765625,77.33175659179688,31.981372833251953,20250225-162912
1007,35,0,0.55810546875,706.9881591796875,1218.228515625,90.07553100585938,146.626708984375,20250225-162912
1007,31,0,0.6943359375,647.3873291015625,657.5037231445312,169.88873291015625,177.94796752929688,20250225-162912
1007,29,0,0.708984375,696.302978515625,1409.7879638671875,240.4141845703125,379.3362731933594,20250225-162912
1007,27,0,0.7724609375,857.09033203125,1770.402099609375,148.93487548828125,214.90896606445312,20250225-162912
1007,25,0,0.7900390625,671.0527954101562,1796.1551513671875,123.25909423828125,186.68380737304688,20250225-162912
1007,10,0,0.79638671875,735.6869506835938,528.2015991210938,146.2079315185547,186.3234100341797,20250225-162912
1007,9,0,0.82275390625,527.2348022460938,1.1985626220703125,429.3175048828125,546.7368774414062,20250225-162912
1007,28,0,0.85986328125,713.2904663085938,1624.133544921875,107.86669921875,144.22955322265625,20250225-162912
1007,18,0,0.8603515625,697.8124389648438,167.87155151367188,238.59027099609375,276.70233154296875,20250225-162912
1007,21,0,0.9287109375,243.0685577392578,502.25628662109375,1034.540771484375,828.9133911132812,20250225-162912
1008,36,0,0.26904296875,791.2061767578125,1375.8529052734375,56.408203125,94.35066986083984,20250225-162912
1008,33,0,0.381103515625,758.843505859375,830.0366821289062,78.4207763671875,31.9248104095459,20250225-162912
1008,35,0,0.5390625,708.4918823242188,1220.1016845703125,89.03411865234375,145.88650512695312,20250225-162912
1008,31,0,0.70068359375,647.7477416992188,657.9058227539062,169.01495361328125,177.84805297851562,20250225-162912
1008,9,0,0.736328125,531.4261474609375,0.89154052734375,432.3668518066406,539.4273681640625,20250225-162912
1008,27,0,0.7607421875,859.0153198242188,1770.5262451171875,148.80780029296875,212.4204864501953,20250225-162912
1008,29,0,0.77685546875,697.1452026367188,1398.3284912109375,249.0673828125,378.9977722167969,20250225-162912
1008,25,0,0.78125,671.897216796875,1797.5299072265625,121.95648193359375,183.63304138183594,20250225-162912
1008,10,0,0.7919921875,736.3355712890625,527.5108642578125,145.446533203125,185.5575408935547,20250225-162912
1008,28,0,0.85302734375,713.898193359375,1624.245849609375,108.30340576171875,143.6101531982422,20250225-162912
1008,18,0,0.8681640625,697.3701782226562,167.3404541015625,238.6299591064453,282.029052734375,20250225-162912
1008,21,0,0.9306640625,243.62509155273438,502.30389404296875,1033.939697265625,828.5476684570312,20250225-162912
1009,34,0,0.2088623046875,790.88720703125,1377.414794921875,131.17034912109375,210.59133911132812,20250225-162912
1009,33,0,0.351318359375,758.7537841796875,829.7032470703125,78.58255004882812,31.727313995361328,20250225-162912
1009,35,0,0.57763671875,709.2860107421875,1218.8902587890625,88.70956420898438,144.3801727294922,20250225-162912
1009,31,0,0.712890625,647.7403564453125,657.860595703125,169.88104248046875,176.46481323242188,20250225-162912
1009,27,0,0.7490234375,857.676513671875,1770.164794921875,149.1654052734375,213.869384765625,20250225-162912
1009,29,0,0.77734375,697.0138549804688,1400.9051513671875,248.4422607421875,379.8728942871094,20250225-162912
1009,25,0,0.783203125,671.7352294921875,1796.6282958984375,122.946533203125,184.154541015625,20250225-162912
1009,10,0,0.791015625,735.6912231445312,527.3237915039062,145.17626953125,186.11123657226562,20250225-162912
1009,9,0,0.8359375,533.2366943359375,1.2123870849609375,435.6387634277344,540.4362182617188,20250225-162912
1009,28,0,0.8623046875,713.6642456054688,1623.6646728515625,108.70477294921875,143.69525146484375,20250225-162912
1009,18,0,0.8681640625,696.3681640625,166.80931091308594,239.7395782470703,282.30712890625,20250225-162912
1009,21,0,0.93212890625,244.52914428710938,502.87078857421875,1033.76513671875,827.2105102539062,20250225-162912
1010,36,0,0.20751953125,789.37353515625,1376.5792236328125,54.234832763671875,99.00870513916016,20250225-162912
1010,34,0,0.2247314453125,789.8893432617188,1378.0089111328125,130.36056518554688,214.27838134765625,20250225-162912
1010,35,0,0.470703125,709.2117919921875,1219.92333984375,89.36618041992188,145.1836395263672,20250225-162912
1010,33,0,0.4794921875,758.3521728515625,829.8133544921875,78.73223876953125,31.652469635009766,20250225-162912
1010,31,0,0.712890625,647.3428344726562,658.4090576171875,169.38345336914062,175.74151611328125,20250225-162912
1010,9,0,0.73046875,535.359619140625,0.8814239501953125,439.1791076660156,536.3793334960938,20250225-162912
1010,29,0,0.7744140625,696.4900512695312,1403.0775146484375,242.24505615234375,379.16607666015625,20250225-162912
1010,27,0,0.78125,856.7990112304688,1770.2032470703125,149.31903076171875,214.93463134765625,20250225-162912
1010,10,0,0.7880859375,735.4176635742188,528.3199462890625,143.50428771972656,185.6869659423828,20250225-162912
1010,25,0,0.79443359375,670.5867309570312,1796.1492919921875,123.33270263671875,183.93826293945312,20250225-162912
1010,28,0,0.85791015625,712.7158813476562,1622.848876953125,110.0892333984375,144.67637634277344,20250225-162912
1010,18,0,0.87158203125,695.1181030273438,163.80445861816406,242.94406127929688,286.51544189453125,20250225-162912
1010,21,0,0.93115234375,243.04795837402344,504.91754150390625,1030.9326171875,828.8043823242188,20250225-162912
1011,34,0,0.2666015625,789.34521484375,1377.1998291015625,129.27886962890625,200.07803344726562,20250225-162912
1011,9,0,0.39892578125,539.6378173828125,0.9193496704101562,187.37057495117188,532.4781494140625,20250225-162912
1011,33,0,0.42822265625,758.217041015625,828.987548828125,80.3836669921875,31.590328216552734,20250225-162912
1011,35,0,0.52734375,708.8321533203125,1219.0059814453125,88.37374877929688,145.0274658203125,20250225-162912
1011,31,0,0.70751953125,647.24267578125,657.4298095703125,171.03140258789062,175.78094482421875,20250225-162912
1011,10,0,0.77392578125,735.1539306640625,528.849365234375,140.73902893066406,185.52259826660156,20250225-162912
1011,29,0,0.77685546875,695.6035766601562,1401.826904296875,244.39215087890625,380.858154296875,20250225-162912
1011,27,0,0.7822265625,855.3355102539062,1770.100341796875,149.23846435546875,216.6888427734375,20250225-162912
1011,25,0,0.796875,671.147216796875,1796.70166015625,122.970703125,183.9214324951172,20250225-162912
1011,28,0,0.85107421875,712.5464477539062,1624.1575927734375,108.310546875,145.21282958984375,20250225-162912
1011,18,0,0.86328125,694.898193359375,163.53639221191406,243.00379943847656,289.2894287109375,20250225-162912
1011,21,0,0.93212890625,244.91049194335938,503.993408203125,1032.9521484375,826.8840942382812,20250225-162912
1012,34,0,0.26123046875,790.8674926757812,1377.8466796875,124.64657592773438,186.29637145996094,20250225-162912
1012,33,0,0.3857421875,758.8873291015625,829.962158203125,78.18118286132812,31.37394905090332,20250225-162912
1012,35,0,0.52734375,708.019775390625,1219.1611328125,87.66485595703125,145.5460205078125,20250225-162912
1012,9,0,0.5322265625,542.6114501953125,0.9241676330566406,190.89907836914062,529.8297729492188,20250225-162912
1012,31,0,0.71533203125,647.6195068359375,657.204345703125,171.42242431640625,175.28927612304688,20250225-162912
1012,27,0,0.77392578125,856.8720703125,1770.2783203125,149.06085205078125,214.87181091308594,20250225-162912
1012,10,0,0.775390625,735.5252075195312,527.62939453125,144.52345275878906,185.66629028320312,20250225-162912
1012,29,0,0.77978515625,696.0720825195312,1398.8896484375,247.74774169921875,380.18536376953125,20250225-162912
1012,25,0,0.794921875,670.9031982421875,1796.3704833984375,123.21331787109375,184.1936492919922,20250225-162912
1012,28,0,0.8623046875,713.3465576171875,1623.466552734375,107.75079345703125,144.50643920898438,20250225-162912
1012,18,0,0.87451171875,696.4619750976562,162.14332580566406,245.3009490966797,290.0871276855469,20250225-162912
1012,21,0,0.9306640625,243.24468994140625,502.18353271484375,1035.7763671875,828.7120971679688,20250225-162912
1013,33,0,0.436767578125,759.627197265625,831.4110717773438,76.760009765625,31.558570861816406,20250225-162912
1013,38,0,0.444580078125,891.8113403320312,140.47091674804688,286.1575012207031,186.373779296875,20250225-162912
1013,35,0,0.5185546875,706.7374267578125,1220.1923828125,86.3653564453125,146.78939819335938,20250225-162912
1013,9,0,0.64404296875,544.5451049804688,1.0194854736328125,190.98065185546875,528.0940551757812,20250225-162912
1013,31,0,0.7041015625,647.6988525390625,657.3718872070312,170.84747314453125,175.65760803222656,20250225-162912
1013,27,0,0.732421875,858.2717895507812,1770.4222412109375,148.815673828125,213.64596557617188,20250225-162912
1013,29,0,0.76416015625,696.3807373046875,1398.7335205078125,248.53399658203125,379.3694152832031,20250225-162912
1013,10,0,0.77099609375,735.6920776367188,526.91455078125,140.49215698242188,185.15130615234375,20250225-162912
1013,25,0,0.7939453125,671.1347045898438,1796.3543701171875,123.05438232421875,186.4230499267578,20250225-162912
1013,28,0,0.84912109375,714.0115356445312,1624.163818359375,107.66363525390625,143.37612915039062,20250225-162912
1013,18,0,0.87109375,696.78759765625,163.1458282470703,244.4293670654297,293.73577880859375,20250225-162912
1013,21,0,0.92822265625,243.07139587402344,504.80950927734375,1032.0318603515625,829.0460815429688,20250225-162912
1014,38,0,0.254638671875,887.7964477539062,143.8055419921875,278.3678283691406,190.27212524414062,20250225-162912
1014,34,0,0.29248046875,791.368408203125,1377.1680908203125,126.44833374023438,189.13487243652344,20250225-162912
1014,33,0,0.4560546875,759.963623046875,829.1300048828125,78.6134033203125,30.411787033081055,20250225-162912
1014,35,0,0.515625,705.64453125,1219.1392822265625,88.18194580078125,147.90103149414062,20250225-162912
1014,9,0,0.5869140625,545.6810913085938,0.8512115478515625,193.23651123046875,527.5995483398438,20250225-162912
1014,29,0,0.68359375,695.253662109375,1411.663330078125,237.0223388671875,378.97955322265625,20250225-162912
1014,31,0,0.69189453125,647.9624633789062,656.9284057617188,171.82672119140625,175.97384643554688,20250225-162912
1014,10,0,0.765625,735.5997314453125,526.484375,140.52406311035156,185.01397705078125,20250225-162912
1014,27,0,0.77197265625,859.4927368164062,1770.3790283203125,148.954833984375,211.8605194091797,20250225-162912
1014,25,0,0.79833984375,671.9971923828125,1797.6390380859375,121.85321044921875,183.33126831054688,20250225-162912
1014,28,0,0.85498046875,713.6723022460938,1624.1158447265625,107.73614501953125,143.7967071533203,20250225-162912
1014,18,0,0.86279296875,696.9481201171875,163.4205322265625,244.3356170654297,297.88433837890625,20250225-162912
1014,21,0,0.92626953125,246.97274780273438,501.93218994140625,1035.12353515625,825.2509155273438,20250225-162912
1015,34,0,0.315673828125,790.307373046875,1376.9578857421875,126.96249389648438,191.47315979003906,20250225-162912
1015,33,0,0.381103515625,760.2131958007812,825.22119140625,81.30441284179688,30.861711502075195,20250225-162912
1015,9,0,0.39501953125,548.9420166015625,0.9007186889648438,192.5720672607422,523.3453979492188,20250225-162912
1015,35,0,0.521484375,706.46435546875,1220.216064453125,87.07278442382812,146.69717407226562,20250225-162912
1015,29,0,0.69921875,695.7090454101562,1412.03076171875,234.35247802734375,378.38629150390625,20250225-162912
1015,31,0,0.70751953125,647.7720947265625,658.0047607421875,170.87026977539062,176.99197387695312,20250225-162912
1015,10,0,0.7646484375,734.7782592773438,526.9216918945312,143.3591766357422,186.26495361328125,20250225-162912
1015,27,0,0.77734375,858.9321899414062,1770.374755859375,148.9705810546875,212.97271728515625,20250225-162912
1015,25,0,0.80078125,672.1806030273438,1797.8543701171875,121.08929443359375,183.72715759277344,20250225-162912
1015,28,0,0.85888671875,713.3179321289062,1624.096923828125,107.578857421875,144.0690460205078,20250225-162912
1015,18,0,0.86767578125,696.6469116210938,160.40634155273438,247.48287963867188,299.77655029296875,20250225-162912
1015,21,0,0.9267578125,246.3895263671875,499.34967041015625,1037.583984375,825.80810546875,20250225-162912
1016,33,0,0.368408203125,760.2532348632812,828.1917114257812,78.4149169921875,30.429811477661133,20250225-162912
1016,34,0,0.403564453125,789.9017944335938,1376.957275390625,127.83407592773438,195.80691528320312,20250225-162912
1016,35,0,0.452392578125,706.3193359375,1219.8702392578125,88.12628173828125,147.00045776367188,20250225-162912
1016,31,0,0.53515625,647.0590209960938,545.8895874023438,280.36962890625,273.9981689453125,20250225-162912
1016,29,0,0.72119140625,695.194091796875,1411.2784423828125,234.3123779296875,380.28277587890625,20250225-162912
1016,10,0,0.7529296875,735.0371704101562,527.1607666015625,135.654052734375,185.59393310546875,20250225-162912
1016,27,0,0.794921875,858.6466064453125,1770.7900390625,148.5589599609375,213.54933166503906,20250225-162912
1016,25,0,0.79931640625,671.6565551757812,1797.0985107421875,121.94384765625,183.38584899902344,20250225-162912
1016,28,0,0.8671875,713.852783203125,1623.9920654296875,107.9044189453125,141.86439514160156,20250225-162912
1016,18,0,0.8779296875,696.7481079101562,158.97203063964844,248.9788055419922,301.3774719238281,20250225-162912
1016,21,0,0.92578125,248.0892333984375,499.10443115234375,1037.5975341796875,824.2371826171875,20250225-162912
1017,34,0,0.363037109375,790.4459838867188,1377.35986328125,123.45355224609375,181.68588256835938,20250225-162912
1017,33,0,0.38671875,760.1317749023438,825.6179809570312,78.6346435546875,30.883769989013672,20250225-162912
1017,35,0,0.4609375,707.9188232421875,1219.68505859375,89.07440185546875,145.93397521972656,20250225-162912
1017,31,0,0.63427734375,647.7978515625,658.0823364257812,171.94207763671875,176.28988647460938,20250225-162912
1017,10,0,0.759765625,734.9580688476562,526.3885498046875,138.34703063964844,185.08555603027344,20250225-162912
1017,29,0,0.763671875,696.1131591796875,1400.5220947265625,247.4256591796875,379.48529052734375,20250225-162912
1017,27,0,0.80322265625,858.8232421875,1770.32958984375,149.01873779296875,213.27938842773438,20250225-162912
1017,25,0,0.8037109375,672.48779296875,1797.724365234375,121.95684814453125,181.7705078125,20250225-162912
1017,28,0,0.865234375,713.1478881835938,1624.6380615234375,108.1885986328125,144.30087280273438,20250225-162912
1017,9,0,0.89990234375,554.6928100585938,1.294921875,408.2374267578125,517.42724609375,20250225-162912
1017,21,0,0.9296875,246.39620971679688,501.15032958984375,1034.5477294921875,826.0272216796875,20250225-162912
1018,34,0,0.36376953125,790.4798583984375,1377.7015380859375,123.39971923828125,180.82037353515625,20250225-162912
1018,35,0,0.420654296875,709.0568237304688,1220.3355712890625,88.16033935546875,144.4727020263672,20250225-162912
1018,33,0,0.436767578125,760.1323852539062,825.5096435546875,77.6839599609375,31.398067474365234,20250225-162912
1018,31,0,0.54296875,647.2039794921875,555.8666381835938,271.1824951171875,273.8592834472656,20250225-162912
1018,29,0,0.75830078125,695.951416015625,1401.6580810546875,241.112548828125,379.168212890625,20250225-162912
1018,10,0,0.77197265625,735.479736328125,526.1236572265625,136.36354064941406,185.57127380371094,20250225-162912
1018,25,0,0.78076171875,673.0391235351562,1797.85595703125,121.6329345703125,181.52418518066406,20250225-162912
1018,27,0,0.79296875,858.4614868164062,1770.1790771484375,149.16082763671875,213.1715087890625,20250225-162912
1018,28,0,0.85791015625,714.3770751953125,1624.749755859375,107.80224609375,141.12384033203125,20250225-162912
1018,9,0,0.89208984375,561.1376953125,1.11328125,406.5982360839844,510.75714111328125,20250225-162912
1018,21,0,0.92919921875,246.785888671875,498.48052978515625,1037.85498046875,825.40869140625,20250225-162912
1019,33,0,0.3857421875,759.9658813476562,825.3327026367188,77.44656372070312,31.268978118896484,20250225-162912
1019,35,0,0.455078125,709.4095458984375,1220.62109375,87.8291015625,144.2027587890625,20250225-162912
1019,34,0,0.4765625,790.529296875,1377.2705078125,123.780029296875,183.53433227539062,20250225-162912
1019,31,0,0.662109375,648.1452026367188,658.4675903320312,171.90966796875,176.2952880859375,20250225-162912
1019,29,0,0.72412109375,696.0089721679688,1410.9224853515625,234.3218994140625,380.04180908203125,20250225-162912
1019,27,0,0.744140625,858.6687622070312,1770.591796875,148.64373779296875,212.87393188476562,20250225-162912
1019,25,0,0.7724609375,672.0444946289062,1799.0643310546875,119.8897705078125,183.50035095214844,20250225-162912
1019,10,0,0.7880859375,735.41259765625,526.4166259765625,136.54330444335938,184.69537353515625,20250225-162912
1019,28,0,0.86865234375,714.4928588867188,1624.20263671875,108.09136962890625,140.92132568359375,20250225-162912
1019,18,0,0.88623046875,697.2706298828125,146.58677673339844,261.2809753417969,306.8231201171875,20250225-162912
1019,21,0,0.927734375,246.21734619140625,502.15155029296875,1035.960693359375,826.2606201171875,20250225-162912
1020,35,0,0.3583984375,708.4140625,1219.9603271484375,87.57687377929688,144.80735778808594,20250225-162912
1020,34,0,0.37109375,790.5156860351562,1377.590087890625,123.00045776367188,184.317626953125,20250225-162912
1020,33,0,0.39892578125,760.0487670898438,823.7916870117188,78.0128173828125,30.759572982788086,20250225-162912
1020,31,0,0.6806640625,647.7706298828125,658.7598266601562,170.8223876953125,175.59542846679688,20250225-162912
1020,29,0,0.74462890625,695.988525390625,1404.2911376953125,243.2515869140625,379.98773193359375,20250225-162912
1020,27,0,0.76953125,858.9155883789062,1770.4134521484375,148.92755126953125,213.1753692626953,20250225-162912
1020,25,0,0.77099609375,674.1209106445312,1798.7911376953125,120.70367431640625,181.15219116210938,20250225-162912
1020,10,0,0.78271484375,735.5923461914062,526.4152221679688,137.2061004638672,184.45838928222656,20250225-162912
1020,28,0,0.8642578125,714.0029296875,1624.968017578125,107.603759765625,141.5565185546875,20250225-162912
1020,9,0,0.88330078125,574.0646362304688,0.64453125,409.76605224609375,497.8626708984375,20250225-162912
1020,21,0,0.927734375,247.72848510742188,500.9190673828125,1035.451171875,824.920654296875,20250225-162912
1021,34,0,0.3115234375,790.3284912109375,1377.7960205078125,124.7486572265625,186.00643920898438,20250225-162912
1021,33,0,0.332763671875,760.4185180664062,824.7892456054688,78.34405517578125,30.10425567626953,20250225-162912
1021,35,0,0.5185546875,707.53955078125,1219.079345703125,88.85330200195312,145.9400634765625,20250225-162912
1021,31,0,0.6826171875,647.96630859375,658.3064575195312,172.54257202148438,174.64295959472656,20250225-162912
1021,10,0,0.744140625,735.2006225585938,526.6136474609375,136.54019165039062,185.2915496826172,20250225-162912
1021,27,0,0.7607421875,859.0537719726562,1770.1263427734375,149.20751953125,212.69290161132812,20250225-162912
1021,29,0,0.76416015625,695.4823608398438,1404.0802001953125,241.3934326171875,380.6422424316406,20250225-162912
1021,25,0,0.77197265625,673.6359252929688,1798.269287109375,121.222412109375,180.75741577148438,20250225-162912
1021,28,0,0.85986328125,714.5070190429688,1624.7861328125,107.6759033203125,141.29620361328125,20250225-162912
1021,18,0,0.87841796875,696.7747802734375,140.3283233642578,267.0627136230469,306.8069152832031,20250225-162912
1021,21,0,0.92919921875,246.39227294921875,501.1777038574219,1034.23095703125,826.0096435546875,20250225-162912
1022,34,0,0.400634765625,790.6072387695312,1377.7239990234375,125.94113159179688,185.83554077148438,20250225-162912
1022,33,0,0.406494140625,760.173583984375,824.7247924804688,77.04647827148438,29.96649742126465,20250225-162912
1022,35,0,0.5244140625,708.7394409179688,1219.617431640625,87.8697509765625,144.99696350097656,20250225-162912
1022,31,0,0.53515625,648.1766357421875,659.0859375,170.78155517578125,169.71551513671875,20250225-162912
1022,27,0,0.6943359375,858.0648193359375,1769.8465576171875,149.4803466796875,213.7734375,20250225-162912
1022,29,0,0.74462890625,695.8056030273438,1403.0328369140625,242.414794921875,380.0013732910156,20250225-162912
1022,25,0,0.75146484375,673.6236572265625,1799.5015869140625,119.35784912109375,182.2119903564453,20250225-162912
1022,10,0,0.76708984375,734.7658081054688,526.4251708984375,140.07408142089844,185.6517791748047,20250225-162912
1022,28,0,0.87060546875,714.0731201171875,1625.400146484375,107.12109375,141.38546752929688,20250225-162912
1022,9,0,0.8916015625,577.3643188476562,1.116302490234375,409.092041015625,493.59033203125,20250225-162912
1022,21,0,0.9267578125,246.38247680664062,499.84881591796875,1036.56591796875,825.8338623046875,20250225-162912
1023,34,0,0.289306640625,790.4397583007812,1377.119140625,124.28411865234375,184.10047912597656,20250225-162912
1023,33,0,0.3603515625,760.5787963867188,824.278564453125,78.36758422851562,29.5587158203125,20250225-162912
1023,35,0,0.5390625,709.7520141601562,1221.3980712890625,86.06185913085938,143.70974731445312,20250225-162912
1023,31,0,0.64697265625,648.2713623046875,658.3597412109375,173.74383544921875,174.47216796875,20250225-162912
1023,27,0,0.66259765625,858.2546997070312,1770.0615234375,149.17108154296875,213.7711181640625,20250225-162912
1023,25,0,0.73046875,672.859619140625,1799.2884521484375,119.6663818359375,182.68954467773438,20250225-162912
1023,29,0,0.7529296875,696.1438598632812,1404.4921875,241.6585693359375,379.8097229003906,20250225-162912
1023,10,0,0.775390625,735.0426635742188,526.5560302734375,137.89540100097656,185.50758361816406,20250225-162912
1023,28,0,0.86865234375,714.3247680664062,1625.247802734375,107.67974853515625,141.21148681640625,20250225-162912
1023,9,0,0.8935546875,577.1572875976562,0.7446441650390625,409.46173095703125,493.4784240722656,20250225-162912
1023,21,0,0.92626953125,249.56439208984375,501.58099365234375,1035.829345703125,822.825439453125,20250225-162912
1024,34,0,0.202392578125,790.78662109375,1377.382080078125,126.6617431640625,186.09414672851562,20250225-162912
1024,36,0,0.25537109375,789.8326416015625,1375.9801025390625,54.545379638671875,97.07948303222656,20250225-162912
1024,33,0,0.280517578125,760.8148193359375,824.6246337890625,77.77139282226562,29.947528839111328,20250225-162912
1024,35,0,0.58056640625,710.1216430664062,1220.56982421875,86.63021850585938,143.64276123046875,20250225-162912
1024,31,0,0.6396484375,648.6387329101562,658.9209594726562,174.11544799804688,175.1103057861328,20250225-162912
1024,27,0,0.708984375,858.86376953125,1770.441650390625,148.78802490234375,212.68484497070312,20250225-162912
1024,25,0,0.75146484375,674.5856323242188,1799.4173583984375,119.53179931640625,181.2562255859375,20250225-162912
1024,10,0,0.7607421875,735.14208984375,526.2806396484375,138.75448608398438,185.4327392578125,20250225-162912
1024,29,0,0.80322265625,696.8353271484375,1397.6429443359375,244.102294921875,379.087890625,20250225-162912
1024,28,0,0.8759765625,713.6636352539062,1625.2034912109375,109.01348876953125,143.92982482910156,20250225-162912
1024,9,0,0.892578125,575.274169921875,1.0250701904296875,409.7652282714844,495.529052734375,20250225-162912
1024,21,0,0.92626953125,247.8352508544922,503.00518798828125,1035.7408447265625,824.5224609375,20250225-162912
1025,33,0,0.30078125,762.620361328125,824.4944458007812,77.26602172851562,27.249183654785156,20250225-162912
1025,34,0,0.3876953125,791.4854736328125,1376.958251953125,125.54415893554688,184.4409637451172,20250225-162912
1025,35,0,0.6142578125,709.5773315429688,1220.592041015625,86.13436889648438,144.23770141601562,20250225-162912
1025,31,0,0.71240234375,649.075927734375,661.1568603515625,169.62313842773438,173.52235412597656,20250225-162912
1025,27,0,0.71533203125,858.9114990234375,1770.3951416015625,148.93707275390625,212.44322204589844,20250225-162912
1025,25,0,0.75439453125,675.4796142578125,1799.8642578125,119.0819091796875,180.72149658203125,20250225-162912
1025,29,0,0.755859375,697.0464477539062,1403.7484130859375,243.30963134765625,379.4200439453125,20250225-162912
1025,10,0,0.7607421875,735.05419921875,526.686279296875,137.5539093017578,185.51925659179688,20250225-162912
1025,28,0,0.87744140625,714.8778076171875,1624.997314453125,108.4053955078125,140.7137451171875,20250225-162912
1025,9,0,0.8994140625,576.655029296875,1.1169891357421875,409.0974426269531,493.9423828125,20250225-162912
1025,21,0,0.927734375,246.1714324951172,501.732421875,1041.248291015625,825.93017578125,20250225-162912
1026,33,0,0.226806640625,761.4647827148438,825.4925537109375,76.77822875976562,28.169031143188477,20250225-162912
1026,36,0,0.27587890625,790.1022338867188,1376.07763671875,54.84429931640625,93.40396118164062,20250225-162912
1026,35,0,0.591796875,709.7100219726562,1222.175048828125,84.69873046875,144.34344482421875,20250225-162912
1026,31,0,0.68017578125,648.451416015625,661.2321166992188,169.5823974609375,174.5751190185547,20250225-162912
1026,27,0,0.70166015625,858.4730224609375,1770.396240234375,148.83160400390625,212.97640991210938,20250225-162912
1026,25,0,0.74755859375,675.1405029296875,1801.9442138671875,116.9974365234375,180.376708984375,20250225-162912
1026,10,0,0.767578125,735.0390014648438,526.3969116210938,136.67454528808594,185.07928466796875,20250225-162912
1026,29,0,0.783203125,696.8656005859375,1394.6583251953125,254.066162109375,379.19512939453125,20250225-162912
1026,28,0,0.8798828125,714.3078002929688,1625.1090087890625,109.63897705078125,141.16238403320312,20250225-162912
1026,9,0,0.90478515625,577.1423950195312,1.3066864013671875,407.86700439453125,493.27337646484375,20250225-162912
1026,21,0,0.9267578125,242.43873596191406,502.42987060546875,1039.6943359375,829.7214965820312,20250225-162912
1027,34,0,0.367431640625,790.9562377929688,1376.98974609375,124.7618408203125,182.76597595214844,20250225-162912
1027,35,0,0.60205078125,709.7383422851562,1222.5732421875,84.40786743164062,144.07823181152344,20250225-162912
1027,31,0,0.6982421875,648.6405639648438,662.2642822265625,168.8052978515625,172.92510986328125,20250225-162912
1027,27,0,0.71142578125,857.9939575195312,1770.1197509765625,149.20220947265625,213.36135864257812,20250225-162912
1027,25,0,0.73583984375,675.3845825195312,1801.9127197265625,117.0303955078125,179.59243774414062,20250225-162912
1027,29,0,0.759765625,695.5675048828125,1401.8338623046875,242.173095703125,380.23883056640625,20250225-162912
1027,10,0,0.7744140625,734.9464111328125,526.4534912109375,137.00587463378906,184.8048095703125,20250225-162912
1027,28,0,0.87158203125,713.9017944335938,1624.7369384765625,110.618408203125,142.15579223632812,20250225-162912
1027,9,0,0.89013671875,577.7574462890625,0.9276123046875,407.5774841308594,492.8938903808594,20250225-162912
1027,21,0,0.92626953125,251.09458923339844,499.947509765625,1041.65234375,821.3858032226562,20250225-162912
1028,36,0,0.2281494140625,789.7219848632812,1376.2738037109375,55.472442626953125,94.01541900634766,20250225-162912
1028,33,0,0.261962890625,762.04296875,825.88330078125,76.51162719726562,27.03761100769043,20250225-162912
1028,34,0,0.2998046875,790.9227294921875,1377.6932373046875,125.59762573242188,185.54904174804688,20250225-162912
1028,35,0,0.56982421875,710.2225952148438,1223.6455078125,83.45489501953125,144.11289978027344,20250225-162912
1028,27,0,0.67333984375,857.5127563476562,1769.857177734375,149.4678955078125,213.57241821289062,20250225-162912
1028,31,0,0.70556640625,648.6425170898438,662.7391357421875,168.29644775390625,172.63864135742188,20250225-162912
1028,25,0,0.7392578125,674.713134765625,1800.6265869140625,118.2220458984375,180.76132202148438,20250225-162912
1028,29,0,0.7734375,696.33837890625,1400.63427734375,246.79083251953125,379.470703125,20250225-162912
1028,10,0,0.783203125,734.9398803710938,526.1343994140625,137.560546875,185.23318481445312,20250225-162912
1028,28,0,0.8740234375,714.143798828125,1624.6915283203125,111.34185791015625,141.83795166015625,20250225-162912
1028,9,0,0.89306640625,578.2742919921875,1.105316162109375,407.04595947265625,492.27984619140625,20250225-162912
1028,21,0,0.9287109375,248.77706909179688,500.04803466796875,1043.0914306640625,822.957275390625,20250225-162912
1029,36,0,0.2127685546875,789.5257568359375,1376.1287841796875,55.421905517578125,93.91001892089844,20250225-162912
1029,18,0,0.226806640625,695.1786499023438,129.57691955566406,156.15408325195312,193.08248901367188,20250225-162912
1029,33,0,0.259033203125,762.3169555664062,826.31103515625,76.042236328125,26.881742477416992,20250225-162912
1029,34,0,0.43017578125,790.7994995117188,1377.140625,124.91464233398438,182.7943878173828,20250225-162912
1029,35,0,0.5029296875,710.089111328125,1224.33837890625,82.91336059570312,144.49166870117188,20250225-162912
1029,27,0,0.64501953125,857.7445068359375,1769.96923828125,149.35748291015625,213.32591247558594,20250225-162912
1029,25,0,0.71533203125,675.4476928710938,1801.680908203125,117.16754150390625,180.16668701171875,20250225-162912
1029,31,0,0.74072265625,648.8719482421875,663.2052612304688,167.607421875,172.747314453125,20250225-162912
1029,29,0,0.74755859375,695.90087890625,1400.25341796875,250.18817138671875,379.2586975097656,20250225-162912
1029,10,0,0.76416015625,735.0579833984375,526.272705078125,135.43405151367188,184.58584594726562,20250225-162912
1029,28,0,0.87255859375,714.1569213867188,1624.8211669921875,111.33489990234375,142.00181579589844,20250225-162912
1029,9,0,0.90185546875,578.6638793945312,1.1149749755859375,406.8800354003906,491.8842468261719,20250225-162912
1029,21,0,0.92626953125,249.497802734375,503.61199951171875,1040.2767333984375,822.3951416015625,20250225-162912
1030,18,0,0.2139892578125,695.3644409179688,131.2191925048828,156.5977020263672,191.3833770751953,20250225-162912
1030,33,0,0.24072265625,762.14501953125,826.5232543945312,76.08187866210938,27.460670471191406,20250225-162912
1030,36,0,0.30078125,790.3959350585938,1376.4873046875,54.715484619140625,94.6778564453125,20250225-162912
1030,34,0,0.33544921875,791.4598999023438,1378.129638671875,123.06362915039062,182.44334411621094,20250225-162912
1030,35,0,0.52734375,708.9617309570312,1223.61083984375,83.70639038085938,145.4944305419922,20250225-162912
1030,27,0,0.67578125,857.9046630859375,1769.8011474609375,149.43658447265625,213.0867919921875,20250225-162912
1030,31,0,0.71240234375,648.8825073242188,663.9673461914062,167.2587890625,173.9355926513672,20250225-162912
1030,25,0,0.71630859375,676.2109985351562,1802.2166748046875,116.817626953125,179.37828063964844,20250225-162912
1030,29,0,0.7529296875,696.624267578125,1400.678955078125,252.90472412109375,380.01690673828125,20250225-162912
1030,10,0,0.78857421875,735.4949340820312,526.6956787109375,137.60165405273438,185.03964233398438,20250225-162912
1030,28,0,0.87841796875,714.3990478515625,1624.9940185546875,111.46417236328125,141.57290649414062,20250225-162912
1030,9,0,0.88232421875,578.7607421875,1.301605224609375,406.581298828125,491.7432861328125,20250225-162912
1030,21,0,0.92626953125,246.7991943359375,501.8525390625,1041.6943359375,825.1792602539062,20250225-162912
1031,34,0,0.259033203125,791.1268310546875,1378.3623046875,124.43316650390625,182.50204467773438,20250225-162912
1031,18,0,0.26123046875,694.8464965820312,133.02626037597656,154.00648498535156,198.84425354003906,20250225-162912
1031,36,0,0.2666015625,789.9322509765625,1376.6722412109375,55.068695068359375,95.51539611816406,20250225-162912
1031,33,0,0.291748046875,761.3140258789062,826.793701171875,74.30667114257812,28.42763900756836,20250225-162912
1031,35,0,0.533203125,708.9932250976562,1223.561767578125,83.9410400390625,145.07119750976562,20250225-162912
1031,27,0,0.703125,859.085205078125,1769.877685546875,149.35272216796875,211.99810791015625,20250225-162912
1031,25,0,0.71240234375,679.2177124023438,1802.6363525390625,116.3060302734375,176.08645629882812,20250225-162912
1031,31,0,0.7333984375,648.8075561523438,664.1380004882812,166.7080078125,173.45712280273438,20250225-162912
1031,10,0,0.7626953125,735.4301147460938,526.8425903320312,136.83714294433594,184.34793090820312,20250225-162912
1031,29,0,0.77392578125,696.8695678710938,1398.324951171875,255.60186767578125,379.8878173828125,20250225-162912
1031,28,0,0.884765625,714.7359008789062,1624.7069091796875,110.85955810546875,141.4505157470703,20250225-162912
1031,9,0,0.888671875,577.89794921875,1.10302734375,407.5169677734375,492.7523498535156,20250225-162912
1031,21,0,0.92626953125,242.2766876220703,503.6085205078125,1041.1593017578125,829.3663330078125,20250225-162912
1032,34,0,0.2239990234375,790.3516235351562,1377.6873779296875,124.65628051757812,183.21153259277344,20250225-162912
1032,18,0,0.2371826171875,694.9879760742188,135.38873291015625,150.5189208984375,203.5364990234375,20250225-162912
1032,36,0,0.2861328125,789.3192749023438,1376.368408203125,55.1707763671875,97.89788055419922,20250225-162912
1032,33,0,0.3056640625,760.8917236328125,826.6572875976562,73.38821411132812,28.197612762451172,20250225-162912
1032,35,0,0.43212890625,708.804931640625,1223.83837890625,83.52713012695312,144.51072692871094,20250225-162912
1032,31,0,0.72265625,648.7344970703125,663.9644165039062,166.8021240234375,173.8311767578125,20250225-162912
1032,27,0,0.72509765625,858.1820678710938,1769.6103515625,149.8135986328125,213.1010284423828,20250225-162912
1032,25,0,0.72509765625,678.5783081054688,1802.758056640625,116.18115234375,176.48880004882812,20250225-162912
1032,29,0,0.759765625,697.1285400390625,1401.469482421875,251.09783935546875,379.1706237792969,20250225-162912
1032,10,0,0.76123046875,735.0540161132812,526.3866577148438,140.0050506591797,184.93276977539062,20250225-162912
1032,9,0,0.88427734375,575.8125610351562,1.84771728515625,407.2568664550781,494.8567810058594,20250225-162912
1032,28,0,0.88623046875,714.7694702148438,1624.946044921875,109.4923095703125,140.91802978515625,20250225-162912
1032,21,0,0.923828125,233.1690216064453,505.27789306640625,1036.878662109375,838.5896606445312,20250225-162912
1033,33,0,0.3251953125,760.5352783203125,827.1849975585938,72.4566650390625,28.256921768188477,20250225-162912
1033,36,0,0.400634765625,789.1599731445312,1376.6063232421875,53.335784912109375,103.02120208740234,20250225-162912
1033,35,0,0.64794921875,708.3963012695312,1221.9564208984375,84.2413330078125,144.8335418701172,20250225-162912
1033,31,0,0.65771484375,648.685791015625,663.9603881835938,166.80450439453125,173.65428161621094,20250225-162912
1033,27,0,0.69775390625,857.9189453125,1769.7410888671875,149.48968505859375,213.45542907714844,20250225-162912
1033,25,0,0.71923828125,678.5845336914062,1801.0634765625,117.878173828125,177.4158935546875,20250225-162912
1033,10,0,0.7392578125,735.0626220703125,525.612060546875,139.85073852539062,184.52310180664062,20250225-162912
1033,29,0,0.78857421875,696.7898559570312,1394.5902099609375,266.0394287109375,380.0973815917969,20250225-162912
1033,28,0,0.8740234375,714.7552490234375,1624.891845703125,109.23980712890625,141.40017700195312,20250225-162912
1033,9,0,0.89453125,575.8272094726562,1.4936370849609375,408.4188537597656,494.9497985839844,20250225-162912
1033,21,0,0.9267578125,239.13082885742188,501.03314208984375,1044.3621826171875,832.5355224609375,20250225-162912
1034,33,0,0.301513671875,760.0848388671875,827.943603515625,71.33889770507812,29.273157119750977,20250225-162913
1034,36,0,0.5009765625,789.2454833984375,1376.54736328125,52.850738525390625,103.68973541259766,20250225-162913
1034,35,0,0.533203125,707.276611328125,1221.500732421875,85.26654052734375,147.27996826171875,20250225-162913
1034,31,0,0.716796875,648.7885131835938,664.626953125,166.530029296875,171.32302856445312,20250225-162913
1034,25,0,0.7333984375,680.5164184570312,1800.538818359375,118.9552001953125,173.63446044921875,20250225-162913
1034,27,0,0.74560546875,858.2198486328125,1769.8370361328125,149.39227294921875,213.4335479736328,20250225-162913
1034,10,0,0.75439453125,734.5012817382812,525.6828002929688,142.6527557373047,185.61959838867188,20250225-162913
1034,29,0,0.79931640625,697.0523071289062,1391.3525390625,262.6640625,380.13983154296875,20250225-162913
1034,28,0,0.8916015625,715.1666259765625,1625.050048828125,108.48687744140625,140.5936737060547,20250225-162913
1034,9,0,0.89990234375,572.08349609375,1.1238555908203125,408.93780517578125,498.4771728515625,20250225-162913
1034,21,0,0.927734375,234.85035705566406,500.57647705078125,1041.2391357421875,837.1298828125,20250225-162913
1035,33,0,0.32421875,760.2507934570312,829.2771606445312,70.54495239257812,29.492883682250977,20250225-162913
1035,36,0,0.362060546875,789.022705078125,1376.4451904296875,53.397674560546875,99.619384765625,20250225-162913
1035,35,0,0.438720703125,707.6465454101562,1221.003173828125,85.47674560546875,146.421142578125,20250225-162913
1035,31,0,0.73388671875,648.6394653320312,665.3382568359375,166.58633422851562,171.8890380859375,20250225-162913
1035,10,0,0.75927734375,734.9810791015625,526.0399169921875,143.92062377929688,184.82977294921875,20250225-162913
1035,25,0,0.759765625,684.3927001953125,1801.192138671875,117.835693359375,170.22732543945312,20250225-162913
1035,27,0,0.7646484375,858.3847045898438,1769.9256591796875,149.4169921875,213.070556640625,20250225-162913
1035,29,0,0.79736328125,697.03857421875,1393.2626953125,257.01068115234375,380.0972595214844,20250225-162913
1035,28,0,0.88330078125,715.5317993164062,1625.2078857421875,107.956787109375,140.58139038085938,20250225-162913
1035,9,0,0.89013671875,570.2027587890625,1.1189117431640625,409.9783630371094,500.4338073730469,20250225-162913
1035,21,0,0.92626953125,239.65301513671875,498.30120849609375,1039.819580078125,832.188232421875,20250225-162913
1036,33,0,0.32421875,760.0433349609375,829.5349731445312,69.31649780273438,29.616737365722656,20250225-162913
1036,36,0,0.3603515625,789.6447143554688,1377.2391357421875,52.193572998046875,102.72164916992188,20250225-162913
1036,35,0,0.5341796875,707.6025390625,1218.05712890625,88.72421264648438,146.9058380126953,20250225-162913
1036,25,0,0.736328125,684.199462890625,1800.9686279296875,118.0557861328125,170.07321166992188,20250225-162913
1036,31,0,0.7470703125,648.6253662109375,666.097412109375,166.053955078125,171.0922393798828,20250225-162913
1036,27,0,0.74755859375,858.2559204101562,1769.9454345703125,149.38531494140625,213.6722412109375,20250225-162913
1036,10,0,0.7578125,735.4229736328125,525.5447998046875,141.83926391601562,184.98196411132812,20250225-162913
1036,29,0,0.80859375,696.6957397460938,1389.9873046875,261.7532958984375,380.69805908203125,20250225-162913
1036,9,0,0.89501953125,568.1380615234375,0.93035888671875,412.2543640136719,502.75823974609375,20250225-162913
1036,28,0,0.8955078125,715.3958740234375,1624.8076171875,108.83203125,140.68817138671875,20250225-162913
1036,21,0,0.92578125,237.59307861328125,498.406494140625,1039.1788330078125,834.5568237304688,20250225-162913
1037,33,0,0.29736328125,759.10009765625,828.9563598632812,71.36874389648438,31.17147445678711,20250225-162913
1037,36,0,0.43115234375,789.9173583984375,1377.26904296875,52.6820068359375,101.84832763671875,20250225-162913
1037,35,0,0.505859375,705.8468627929688,1215.986572265625,90.6273193359375,148.27096557617188,20250225-162913
1037,31,0,0.7177734375,648.7105102539062,665.3829345703125,166.929931640625,171.37203979492188,20250225-162913
1037,25,0,0.7216796875,685.7461547851562,1801.3502197265625,117.67510986328125,168.34591674804688,20250225-162913
1037,10,0,0.75146484375,735.188232421875,525.2763671875,138.708984375,184.94342041015625,20250225-162913
1037,27,0,0.7705078125,859.1485595703125,1769.78955078125,149.5458984375,212.59326171875,20250225-162913
1037,29,0,0.81591796875,696.9843139648438,1390.4205322265625,258.434326171875,379.5534362792969,20250225-162913
1037,9,0,0.88671875,567.3064575195312,0.6397705078125,413.2997131347656,504.4342041015625,20250225-162913
1037,28,0,0.88720703125,715.3779296875,1625.16064453125,108.55938720703125,140.70010375976562,20250225-162913
1037,21,0,0.921875,242.77047729492188,495.53302001953125,1043.931884765625,829.5569458007812,20250225-162913
1038,33,0,0.323486328125,758.30126953125,827.7683715820312,74.0101318359375,31.637020111083984,20250225-162913
1038,36,0,0.4091796875,789.8665161132812,1377.4874267578125,52.393341064453125,102.86044311523438,20250225-162913
1038,35,0,0.5234375,705.766845703125,1214.306640625,91.7197265625,147.6404571533203,20250225-162913
1038,25,0,0.716796875,685.8598022460938,1800.861328125,118.6376953125,168.1622314453125,20250225-162913
1038,31,0,0.763671875,648.6751098632812,666.287109375,166.6395263671875,170.62762451171875,20250225-162913
1038,10,0,0.76708984375,735.0599975585938,525.1034545898438,140.7883758544922,184.18467712402344,20250225-162913
1038,27,0,0.767578125,858.9768676757812,1769.93701171875,149.39263916015625,212.6740264892578,20250225-162913
1038,29,0,0.8232421875,696.31005859375,1390.19580078125,256.57379150390625,381.0099792480469,20250225-162913
1038,28,0,0.8740234375,714.0253295898438,1625.360595703125,109.25115966796875,143.63217163085938,20250225-162913
1038,9,0,0.88818359375,566.1387329101562,1.1028900146484375,414.9830322265625,505.262939453125,20250225-162913
1038,21,0,0.9228515625,233.77078247070312,488.1958923339844,1044.494873046875,837.5350952148438,20250225-162913
1039,33,0,0.38037109375,759.1453247070312,829.4498291015625,74.771484375,31.531705856323242,20250225-162913
1039,36,0,0.509765625,789.8281860351562,1377.7291259765625,51.684814453125,103.26066589355469,20250225-162913
1039,35,0,0.57470703125,705.5079956054688,1209.01220703125,97.92068481445312,148.60073852539062,20250225-162913
1039,25,0,0.66650390625,688.806884765625,1798.27294921875,121.216552734375,165.4204559326172,20250225-162913
1039,27,0,0.69775390625,857.7817993164062,1770.083251953125,149.142333984375,213.20721435546875,20250225-162913
1039,31,0,0.7568359375,648.637939453125,665.9185791015625,166.83590698242188,171.1402130126953,20250225-162913
1039,10,0,0.78076171875,735.609619140625,524.8603515625,141.6658172607422,184.73922729492188,20250225-162913
1039,29,0,0.830078125,696.6627807617188,1388.693603515625,256.9632568359375,381.3004150390625,20250225-162913
1039,28,0,0.8740234375,714.2609252929688,1625.56201171875,109.20538330078125,143.38616943359375,20250225-162913
1039,9,0,0.88916015625,563.3981323242188,1.0793609619140625,415.7921447753906,508.2041931152344,20250225-162913
1039,21,0,0.9248046875,233.22634887695312,486.41143798828125,1043.61083984375,837.9827880859375,20250225-162913
1040,33,0,0.345947265625,760.1299438476562,829.6843872070312,73.80441284179688,31.233701705932617,20250225-162913
1040,36,0,0.435791015625,789.525634765625,1376.9154052734375,53.598907470703125,104.06121063232422,20250225-162913
1040,35,0,0.607421875,704.7439575195312,1206.435791015625,100.52911376953125,148.962890625,20250225-162913
1040,25,0,0.673828125,693.5865478515625,1797.864990234375,121.6241455078125,161.52674865722656,20250225-162913
1040,27,0,0.7177734375,856.9603881835938,1769.8125,149.41827392578125,214.50282287597656,20250225-162913
1040,31,0,0.7265625,648.6089477539062,665.285888671875,167.3946533203125,169.16781616210938,20250225-162913
1040,10,0,0.79296875,734.9700927734375,524.0899658203125,138.5705108642578,186.8900604248047,20250225-162913
1040,29,0,0.81591796875,696.8480224609375,1388.251220703125,258.24627685546875,380.0706481933594,20250225-162913
1040,28,0,0.87158203125,714.1035766601562,1624.6842041015625,110.00408935546875,143.73863220214844,20250225-162913
1040,9,0,0.89697265625,560.8399658203125,0.91168212890625,415.2373352050781,510.44171142578125,20250225-162913
1040,21,0,0.92529296875,241.75286865234375,489.0764465332031,1040.4576416015625,829.8305053710938,20250225-162913
1041,33,0,0.33984375,760.8155517578125,827.612548828125,77.83447265625,30.61666488647461,20250225-162913
1041,36,0,0.451416015625,789.4828491210938,1376.844970703125,52.8885498046875,104.35192108154297,20250225-162913
1041,35,0,0.51171875,704.8141479492188,1203.1201171875,104.08291625976562,149.0992431640625,20250225-162913
1041,25,0,0.669921875,696.6942138671875,1798.8885498046875,120.50665283203125,158.30079650878906,20250225-162913
1041,31,0,0.7578125,648.7633666992188,664.6254272460938,168.18988037109375,166.65402221679688,20250225-162913
1041,27,0,0.75830078125,856.5126953125,1769.860107421875,149.55743408203125,214.8587646484375,20250225-162913
1041,10,0,0.8193359375,736.0698852539062,523.7371826171875,134.2071990966797,186.63128662109375,20250225-162913
1041,29,0,0.83056640625,696.8987426757812,1387.533447265625,258.67767333984375,380.5105285644531,20250225-162913
1041,28,0,0.8740234375,715.2393188476562,1623.00439453125,111.24371337890625,140.50311279296875,20250225-162913
1041,9,0,0.88818359375,559.8720092773438,0.9101715087890625,417.1817321777344,511.5248107910156,20250225-162913
1041,21,0,0.92333984375,238.49807739257812,479.3399963378906,1048.5926513671875,832.7974243164062,20250225-162913
1042,33,0,0.36474609375,760.1283569335938,829.95849609375,76.00936889648438,30.43539047241211,20250225-162913
1042,36,0,0.4609375,789.3638916015625,1376.648681640625,51.617431640625,110.39860534667969,20250225-162913
1042,25,0,0.498046875,703.746337890625,1796.7275390625,122.754638671875,151.8489990234375,20250225-162913
1042,35,0,0.55078125,705.6492919921875,1199.3353271484375,107.18600463867188,148.06480407714844,20250225-162913
1042,31,0,0.728515625,648.8439331054688,663.980712890625,167.650634765625,164.6569061279297,20250225-162913
1042,27,0,0.76416015625,855.2216186523438,1769.71142578125,149.61566162109375,215.9707794189453,20250225-162913
1042,10,0,0.81591796875,736.2536010742188,524.0758666992188,134.03878784179688,184.4634552001953,20250225-162913
1042,29,0,0.82275390625,696.5311279296875,1387.4351806640625,261.739013671875,380.5880432128906,20250225-162913
1042,28,0,0.85888671875,713.0755004882812,1623.7265625,112.5772705078125,144.61526489257812,20250225-162913
1042,9,0,0.88525390625,557.9009399414062,0.9067840576171875,418.7725830078125,513.9404296875,20250225-162913
1042,21,0,0.92578125,236.80514526367188,476.31982421875,1053.2332763671875,833.9235229492188,20250225-162913
1043,33,0,0.2386474609375,759.9173583984375,830.26904296875,76.17727661132812,29.326114654541016,20250225-162913
1043,37,0,0.2705078125,778.10986328125,1223.498046875,109.48828125,108.0398941040039,20250225-162913
1043,35,0,0.442626953125,706.0072631835938,1196.29296875,111.01419067382812,147.54286193847656,20250225-162913
1043,25,0,0.4580078125,717.5287475585938,1797.5694580078125,121.9991455078125,137.164306640625,20250225-162913
1043,36,0,0.529296875,789.702392578125,1377.3123779296875,51.926239013671875,107.90127563476562,20250225-162913
1043,31,0,0.7373046875,648.7955322265625,663.3936767578125,168.13650512695312,161.5374755859375,20250225-162913
1043,27,0,0.79296875,854.659912109375,1769.2825927734375,150.1402587890625,216.14047241210938,20250225-162913
1043,10,0,0.80078125,735.8754272460938,524.9631958007812,134.4748077392578,185.39385986328125,20250225-162913
1043,29,0,0.8564453125,695.0809326171875,1385.0357666015625,265.575439453125,381.6380920410156,20250225-162913
1043,28,0,0.865234375,713.788330078125,1623.1080322265625,112.50531005859375,142.0791473388672,20250225-162913
1043,9,0,0.8896484375,557.262451171875,0.9086151123046875,420.5791015625,514.7214965820312,20250225-162913
1043,21,0,0.9248046875,232.7070770263672,465.5931701660156,1062.19775390625,838.1101684570312,20250225-162913
1044,33,0,0.25830078125,761.0867309570312,827.1227416992188,77.30227661132812,29.433574676513672,20250225-162913
1044,36,0,0.4873046875,789.5183715820312,1376.1947021484375,52.34490966796875,106.24371337890625,20250225-162913
1044,35,0,0.509765625,709.1719360351562,1205.715087890625,99.83432006835938,144.69200134277344,20250225-162913
1044,25,0,0.5244140625,733.725341796875,1799.7462158203125,119.4415283203125,121.55951690673828,20250225-162913
1044,31,0,0.75,649.0390014648438,662.2001953125,169.14642333984375,160.07247924804688,20250225-162913
1044,27,0,0.7900390625,853.4806518554688,1767.8909912109375,151.63916015625,216.8472900390625,20250225-162913
1044,29,0,0.82666015625,695.5049438476562,1386.0406494140625,268.282470703125,380.7518005371094,20250225-162913
1044,10,0,0.830078125,734.5509033203125,524.8258056640625,133.39132690429688,187.36273193359375,20250225-162913
1044,28,0,0.83984375,714.1414184570312,1621.7076416015625,114.81683349609375,143.60191345214844,20250225-162913
1044,9,0,0.8759765625,558.9141235351562,1.0502471923828125,420.4206848144531,514.060302734375,20250225-162913
1044,21,0,0.92626953125,233.61190795898438,456.35546875,1071.3314208984375,837.103271484375,20250225-162913
1045,33,0,0.2421875,760.6581420898438,824.523193359375,78.15682983398438,27.171506881713867,20250225-162913
1045,37,0,0.2666015625,779.6461181640625,1222.091552734375,97.65371704101562,105.58650970458984,20250225-162913
1045,35,0,0.286865234375,708.0802001953125,1189.830078125,111.95855712890625,148.574462890625,20250225-162913
1045,25,0,0.470703125,728.6221923828125,1792.5252685546875,127.03875732421875,126.7567367553711,20250225-162913
1045,31,0,0.6943359375,647.9237060546875,659.7359619140625,168.79495239257812,160.31382751464844,20250225-162913
1045,29,0,0.79931640625,695.9701538085938,1383.000732421875,256.7215576171875,378.5682678222656,20250225-162913
1045,27,0,0.81298828125,851.06201171875,1761.8946533203125,157.5556640625,218.83425903320312,20250225-162913
1045,10,0,0.83642578125,734.1644897460938,521.188232421875,130.70425415039062,187.307373046875,20250225-162913
1045,28,0,0.8671875,713.9874877929688,1618.0272216796875,111.84942626953125,143.76129150390625,20250225-162913
1045,9,0,0.8720703125,559.3568115234375,1.08087158203125,415.7505798339844,514.1480712890625,20250225-162913
1045,21,0,0.9208984375,232.2282257080078,453.491455078125,1068.399169921875,838.3934936523438,20250225-162913
1046,33,0,0.280517578125,760.8896484375,819.98876953125,81.85272216796875,26.169090270996094,20250225-162913
1046,25,0,0.326904296875,721.7776489257812,1785.41748046875,133.754150390625,134.02359008789062,20250225-162913
1046,9,0,0.3486328125,562.928955078125,1.07464599609375,228.4243927001953,506.26580810546875,20250225-162913
1046,35,0,0.350341796875,711.6488647460938,1216.5201416015625,86.92318725585938,153.67774963378906,20250225-162913
1046,36,0,0.5263671875,789.2164306640625,1369.875,48.55828857421875,107.03266906738281,20250225-162913
1046,31,0,0.767578125,647.6693725585938,657.9967041015625,166.11209106445312,159.10923767089844,20250225-162913
1046,27,0,0.7900390625,848.2454833984375,1758.9517822265625,160.39727783203125,221.16868591308594,20250225-162913
1046,10,0,0.8330078125,733.0203247070312,515.748291015625,131.97381591796875,188.86724853515625,20250225-162913
1046,29,0,0.8369140625,695.3475952148438,1375.404541015625,269.66070556640625,380.5553894042969,20250225-162913
1046,28,0,0.85205078125,714.7315673828125,1613.6239013671875,113.04437255859375,142.0588836669922,20250225-162913
1046,18,0,0.8525390625,698.3939208984375,183.96615600585938,224.38815307617188,299.5818786621094,20250225-162913
1046,21,0,0.923828125,229.15240478515625,447.8068542480469,1064.6400146484375,840.8602294921875,20250225-162913
1047,25,0,0.2337646484375,753.2501220703125,1782.0238037109375,133.6351318359375,102.21782684326172,20250225-162913
1047,36,0,0.25537109375,789.7179565429688,1365.139404296875,50.54937744140625,112.57003784179688,20250225-162913
1047,35,0,0.36572265625,714.1262817382812,1193.55712890625,163.03839111328125,182.3896942138672,20250225-162913
1047,9,0,0.5244140625,562.4507446289062,1.2608184814453125,229.8683624267578,506.572021484375,20250225-162913
1047,27,0,0.544921875,835.9409790039062,1753.821533203125,164.57977294921875,236.85630798339844,20250225-162913
1047,31,0,0.8115234375,648.4300537109375,654.5414428710938,165.1197509765625,158.22853088378906,20250225-162913
1047,10,0,0.81640625,733.4855346679688,510.4901123046875,136.68630981445312,191.43650817871094,20250225-162913
1047,18,0,0.8330078125,701.7166137695312,183.3854522705078,219.46664428710938,296.44158935546875,20250225-162913
1047,28,0,0.8408203125,715.3569946289062,1606.670654296875,113.3232421875,142.6637420654297,20250225-162913
1047,29,0,0.84130859375,696.8032836914062,1374.0025634765625,258.88037109375,379.5440673828125,20250225-162913
1047,21,0,0.9248046875,232.36212158203125,445.54083251953125,1060.0894775390625,838.0225219726562,20250225-162913
1048,37,0,0.342529296875,782.3592529296875,1213.09326171875,118.90594482421875,105.77576446533203,20250225-162913
1048,25,0,0.36572265625,678.8193969726562,1779.56689453125,139.89312744140625,178.13137817382812,20250225-162913
1048,9,0,0.537109375,559.1185913085938,1.2629470825195312,226.93675231933594,510.1249084472656,20250225-162913
1048,27,0,0.625,837.3908081054688,1749.2208251953125,170.1064453125,232.0242156982422,20250225-162913
1048,18,0,0.8134765625,703.3276977539062,184.77731323242188,216.9949951171875,298.7495422363281,20250225-162913
1048,29,0,0.8203125,698.8134765625,1370.2540283203125,270.201416015625,378.0224609375,20250225-162913
1048,31,0,0.83642578125,649.2133178710938,646.1786499023438,169.42181396484375,157.996826171875,20250225-162913
1048,10,0,0.8388671875,734.8201904296875,506.5403137207031,135.26719665527344,190.0399627685547,20250225-162913
1048,28,0,0.85888671875,718.2977905273438,1602.460693359375,110.16998291015625,140.19944763183594,20250225-162913
1048,21,0,0.92919921875,232.36874389648438,439.22833251953125,1066.5281982421875,838.128662109375,20250225-162913
1049,25,0,0.34765625,755.5196533203125,1774.155029296875,139.1239013671875,99.83679962158203,20250225-162913
1049,36,0,0.3701171875,789.1101684570312,1356.564453125,49.779876708984375,102.87108612060547,20250225-162913
1049,37,0,0.408203125,783.3617553710938,1209.9473876953125,103.68356323242188,107.0640869140625,20250225-162913
1049,9,0,0.59375,557.0109252929688,1.0014495849609375,403.42657470703125,516.9668579101562,20250225-162913
1049,27,0,0.72119140625,829.5784912109375,1743.1080322265625,176.1298828125,237.75022888183594,20250225-162913
1049,31,0,0.8330078125,650.6354370117188,644.6343383789062,168.73553466796875,158.62420654296875,20250225-162913
1049,10,0,0.83447265625,733.0418090820312,503.3880615234375,132.76075744628906,192.1170654296875,20250225-162913
1049,29,0,0.861328125,698.7623901367188,1362.6123046875,263.34686279296875,377.696044921875,20250225-162913
1049,28,0,0.86865234375,717.5501098632812,1598.7169189453125,109.10504150390625,140.30052185058594,20250225-162913
1049,21,0,0.9267578125,237.3063201904297,440.5660400390625,1058.41162109375,832.3841552734375,20250225-162913
1050,36,0,0.260498046875,789.2296752929688,1352.08056640625,73.80532836914062,114.41033172607422,20250225-162913
1050,37,0,0.3251953125,782.1735229492188,1203.447998046875,122.77908325195312,104.72064971923828,20250225-162913
1050,25,0,0.33642578125,751.6527099609375,1769.502685546875,137.8077392578125,103.2816162109375,20250225-162913
1050,18,0,0.533203125,701.8240356445312,184.1906280517578,210.06381225585938,296.3633728027344,20250225-162913
1050,27,0,0.68603515625,826.3841552734375,1737.015869140625,180.72509765625,245.77394104003906,20250225-162913
1050,9,0,0.77099609375,554.9033203125,1.2024078369140625,401.41680908203125,519.2353515625,20250225-162913
1050,29,0,0.82177734375,696.9208374023438,1366.55859375,258.6331787109375,380.455810546875,20250225-162913
1050,10,0,0.8388671875,733.909912109375,497.5811462402344,134.5213165283203,190.65081787109375,20250225-162913
1050,31,0,0.84130859375,649.0880737304688,639.92724609375,168.46160888671875,162.81411743164062,20250225-162913
1050,28,0,0.84912109375,715.2078857421875,1594.45068359375,106.279541015625,142.0321044921875,20250225-162913
1050,21,0,0.92724609375,239.5451202392578,427.376953125,1066.9742431640625,830.2119140625,20250225-162913
1051,37,0,0.26904296875,781.9605102539062,1200.8486328125,112.74838256835938,106.79354858398438,20250225-162913
1051,36,0,0.280517578125,790.0498657226562,1348.435791015625,55.41412353515625,103.03450775146484,20250225-162913
1051,25,0,0.34521484375,753.765625,1760.0804443359375,142.3681640625,101.67151641845703,20250225-162913
1051,18,0,0.60693359375,703.0523681640625,177.2987518310547,210.16030883789062,294.24237060546875,20250225-162913
1051,27,0,0.65478515625,827.0770263671875,1732.02099609375,187.12005615234375,242.3748779296875,20250225-162913
1051,29,0,0.82958984375,697.2185668945312,1356.368408203125,282.9027099609375,378.5264587402344,20250225-162913
1051,9,0,0.83056640625,551.16796875,0.9165802001953125,395.980224609375,520.813720703125,20250225-162913
1051,31,0,0.8369140625,647.3331909179688,633.5864868164062,169.81878662109375,165.6556396484375,20250225-162913
1051,10,0,0.8388671875,730.7264404296875,493.10943603515625,135.96322631835938,193.29714965820312,20250225-162913
1051,28,0,0.85986328125,715.6660766601562,1590.3350830078125,101.20843505859375,139.73837280273438,20250225-162913
1051,21,0,0.9287109375,239.23330688476562,420.041015625,1066.7669677734375,829.582763671875,20250225-162913
1052,36,0,0.2220458984375,790.125244140625,1341.974853515625,70.62432861328125,107.26252746582031,20250225-162913
1052,37,0,0.253173828125,762.5294189453125,1193.396484375,75.27511596679688,93.86298370361328,20250225-162913
1052,25,0,0.369384765625,701.374755859375,1755.5906982421875,151.90228271484375,155.20437622070312,20250225-162913
1052,18,0,0.39697265625,702.3151245117188,171.93905639648438,113.96772766113281,200.7868194580078,20250225-162913
1052,27,0,0.5888671875,822.3873291015625,1726.649169921875,191.826416015625,249.9720916748047,20250225-162913
1052,29,0,0.76708984375,696.419677734375,1358.2064208984375,250.6849365234375,378.485107421875,20250225-162913
1052,31,0,0.82373046875,647.6298217773438,629.7962036132812,169.22296142578125,165.58541870117188,20250225-162913
1052,10,0,0.83349609375,732.5696411132812,488.07440185546875,135.74038696289062,191.08811950683594,20250225-162913
1052,9,0,0.8427734375,551.1383666992188,1.1685791015625,390.3113708496094,520.5205688476562,20250225-162913
1052,28,0,0.87158203125,715.826904296875,1582.4871826171875,102.114990234375,141.9927978515625,20250225-162913
1052,21,0,0.923828125,246.354248046875,415.412353515625,1071.3951416015625,822.9847412109375,20250225-162913
1053,37,0,0.2421875,790.948486328125,1186.68212890625,68.91339111328125,64.87040710449219,20250225-162913
1053,36,0,0.315673828125,789.0477905273438,1333.8204345703125,47.397491455078125,96.89169311523438,20250225-162913
1053,25,0,0.422607421875,753.9443359375,1746.346435546875,138.07965087890625,102.33867645263672,20250225-162913
1053,18,0,0.5380859375,704.9417724609375,165.25318908691406,120.99801635742188,198.61325073242188,20250225-162913
1053,27,0,0.55078125,821.8969116210938,1715.5374755859375,202.66644287109375,248.35934448242188,20250225-162913
1053,9,0,0.783203125,550.3834838867188,1.4361419677734375,384.4375305175781,521.00048828125,20250225-162913
1053,31,0,0.82568359375,647.1906127929688,624.6055908203125,165.87808227539062,161.25599670410156,20250225-162913
1053,28,0,0.83740234375,715.4408569335938,1574.299072265625,99.0230712890625,141.67608642578125,20250225-162913
1053,10,0,0.84228515625,733.5390014648438,478.35986328125,137.5107421875,191.05087280273438,20250225-162913
1053,29,0,0.849609375,698.1959838867188,1338.15869140625,261.08917236328125,378.302490234375,20250225-162913
1053,21,0,0.93017578125,248.8419647216797,409.5951232910156,1062.6859130859375,819.908203125,20250225-162913
1054,37,0,0.39501953125,783.4752197265625,1179.001953125,67.63833618164062,71.06995391845703,20250225-162913
1054,25,0,0.454345703125,753.3491821289062,1738.4915771484375,141.26806640625,102.7964096069336,20250225-162913
1054,27,0,0.521484375,819.31298828125,1709.0511474609375,209.4891357421875,248.9000701904297,20250225-162913
1054,29,0,0.78125,698.2174682617188,1333.5662841796875,275.1785888671875,377.7093505859375,20250225-162913
1054,31,0,0.79931640625,648.7332153320312,615.9722900390625,168.3328857421875,164.79681396484375,20250225-162913
1054,28,0,0.806640625,717.1275634765625,1566.576416015625,95.78851318359375,138.05848693847656,20250225-162913
1054,9,0,0.8115234375,553.48046875,1.608856201171875,374.3971252441406,519.0888061523438,20250225-162913
1054,10,0,0.841796875,733.9249877929688,472.7457275390625,141.8665008544922,190.35006713867188,20250225-162913
1054,21,0,0.92138671875,250.9214630126953,420.76190185546875,1045.16455078125,818.3690185546875,20250225-162913
1055,37,0,0.2049560546875,783.0818481445312,1174.312255859375,67.45248413085938,77.45086669921875,20250225-162913
1055,36,0,0.2493896484375,790.4103393554688,1320.917724609375,48.09979248046875,101.11121368408203,20250225-162913
1055,35,0,0.303955078125,782.1034545898438,1172.080078125,147.650390625,123.79145812988281,20250225-162913
1055,25,0,0.4130859375,752.4859008789062,1730.1229248046875,139.499267578125,103.49172973632812,20250225-162913
1055,27,0,0.5166015625,695.816162109375,1700.1082763671875,218.97930908203125,372.21063232421875,20250225-162913
1055,31,0,0.7919921875,648.811279296875,609.8776245117188,169.80047607421875,164.34628295898438,20250225-162913
1055,29,0,0.8193359375,699.9423828125,1328.0438232421875,268.2216796875,376.9433288574219,20250225-162913
1055,9,0,0.841796875,553.0120239257812,1.364501953125,368.03045654296875,520.207763671875,20250225-162913
1055,28,0,0.85205078125,717.6644287109375,1557.2091064453125,97.04150390625,140.15357971191406,20250225-162913
1055,10,0,0.8603515625,733.0156860351562,467.14434814453125,142.28704833984375,192.73031616210938,20250225-162913
1055,21,0,0.919921875,253.3658447265625,415.0469970703125,1045.036865234375,816.2265014648438,20250225-162913
1056,35,0,0.373779296875,782.8512573242188,1168.9716796875,153.43405151367188,128.05081176757812,20250225-162913
1056,34,0,0.42822265625,791.9613037109375,1318.4505615234375,129.92221069335938,237.90438842773438,20250225-162913
1056,25,0,0.5,754.0725708007812,1727.2265625,137.98883056640625,104.95333862304688,20250225-162913
1056,39,0,0.556640625,694.1942138671875,1852.11767578125,66.8763427734375,143.2560577392578,20250225-162913
1056,27,0,0.55908203125,814.286376953125,1694.13720703125,224.23809814453125,254.38302612304688,20250225-162913
1056,29,0,0.72509765625,702.0490112304688,1332.444580078125,239.6953125,373.77392578125,20250225-162913
1056,31,0,0.7958984375,650.4674682617188,607.1715087890625,168.6815185546875,163.6521759033203,20250225-162913
1056,9,0,0.85302734375,558.1427001953125,1.3379974365234375,363.717041015625,515.300048828125,20250225-162913
1056,10,0,0.8603515625,733.02685546875,462.3399353027344,145.128662109375,194.29193115234375,20250225-162913
1056,28,0,0.87060546875,719.5914306640625,1552.3824462890625,100.0777587890625,140.7231903076172,20250225-162913
1056,21,0,0.923828125,258.5294189453125,409.0399475097656,1046.8037109375,812.3486938476562,20250225-162913
1057,25,0,0.289306640625,755.8123168945312,1722.598388671875,136.51025390625,103.76397705078125,20250225-162913
1057,37,0,0.34521484375,782.8857421875,1165.2791748046875,72.01620483398438,77.7713623046875,20250225-162913
1057,39,0,0.45703125,691.6135864257812,1840.8028564453125,78.1717529296875,159.22068786621094,20250225-162913
1057,36,0,0.4833984375,791.758056640625,1316.030029296875,50.03009033203125,104.02378845214844,20250225-162913
1057,27,0,0.59619140625,694.531982421875,1693.3575439453125,225.7349853515625,373.5758361816406,20250225-162913
1057,31,0,0.79736328125,651.7688598632812,604.3387451171875,169.51840209960938,162.5757293701172,20250225-162913
1057,29,0,0.82080078125,702.6541137695312,1324.2301025390625,256.68804931640625,373.147216796875,20250225-162913
1057,10,0,0.8623046875,734.7145385742188,460.9020080566406,145.77854919433594,191.85235595703125,20250225-162913
1057,28,0,0.8681640625,719.5347290039062,1549.9420166015625,100.71148681640625,141.53797912597656,20250225-162913
1057,9,0,0.87841796875,559.3162231445312,1.5141677856445312,361.445068359375,512.5090942382812,20250225-162913
1057,21,0,0.9248046875,261.4911804199219,410.68841552734375,1044.4464111328125,808.4381103515625,20250225-162913
1058,25,0,0.32421875,755.381103515625,1721.4737548828125,138.75823974609375,104.34668731689453,20250225-162913
1058,37,0,0.3857421875,783.6793212890625,1164.5185546875,75.56231689453125,75.07644653320312,20250225-162913
1058,39,0,0.452392578125,692.3607788085938,1840.0682373046875,79.01641845703125,157.3036651611328,20250225-162913
1058,27,0,0.62451171875,801.8599243164062,1691.4697265625,226.91400146484375,265.9381408691406,20250225-162913
1058,29,0,0.77880859375,701.8787231445312,1321.8482666015625,256.86328125,374.7276916503906,20250225-162913
1058,31,0,0.82568359375,649.75634765625,603.2962646484375,170.05206298828125,163.05410766601562,20250225-162913
1058,28,0,0.85498046875,718.8552856445312,1547.54150390625,100.69244384765625,141.56373596191406,20250225-162913
1058,10,0,0.85986328125,734.2513427734375,460.0860900878906,145.26132202148438,193.0625762939453,20250225-162913
1058,9,0,0.89501953125,557.8092041015625,1.3465118408203125,361.4764709472656,514.271728515625,20250225-162913
1058,21,0,0.9287109375,264.3370666503906,413.27838134765625,1043.7879638671875,805.3629150390625,20250225-162913
1059,36,0,0.2100830078125,789.6080932617188,1316.646240234375,51.131195068359375,102.0303726196289,20250225-162913
1059,37,0,0.279052734375,717.7564697265625,1151.63427734375,91.4512939453125,138.92015075683594,20250225-162913
1059,35,0,0.312255859375,783.417724609375,1165.14697265625,152.16659545898438,120.77931213378906,20250225-162913
1059,25,0,0.5498046875,685.4251098632812,1720.2586669921875,198.372802734375,171.28793334960938,20250225-162913
1059,27,0,0.71923828125,796.3120727539062,1691.823486328125,226.40130615234375,273.5222473144531,20250225-162913
1059,29,0,0.75439453125,698.6480102539062,1324.8848876953125,252.63427734375,378.40728759765625,20250225-162913
1059,31,0,0.8056640625,647.3215942382812,603.5308227539062,169.714599609375,166.16229248046875,20250225-162913
1059,10,0,0.85498046875,731.9007568359375,460.3885803222656,146.2906951904297,193.71865844726562,20250225-162913
1059,28,0,0.85498046875,715.7236938476562,1546.7142333984375,101.34796142578125,141.14517211914062,20250225-162913
1059,9,0,0.88623046875,554.4209594726562,1.3357772827148438,361.7525939941406,517.0450439453125,20250225-162913
1059,21,0,0.9267578125,260.9076232910156,417.9774169921875,1039.0169677734375,809.8510131835938,20250225-162913
1060,37,0,0.2281494140625,778.3997802734375,1166.4913330078125,87.98977661132812,90.6976318359375,20250225-162913
1060,36,0,0.264404296875,786.8040161132812,1316.73583984375,42.421875,102.87460327148438,20250225-162913
1060,35,0,0.3115234375,712.4766235351562,1159.348876953125,154.4150390625,194.31724548339844,20250225-162913
1060,25,0,0.65771484375,685.362060546875,1721.40380859375,197.281494140625,169.92373657226562,20250225-162913
1060,27,0,0.76123046875,798.2100219726562,1691.880615234375,226.45220947265625,271.5887145996094,20250225-162913
1060,31,0,0.79931640625,646.6817016601562,603.7439575195312,170.06927490234375,164.5539093017578,20250225-162913
1060,10,0,0.81103515625,731.0501708984375,459.4730529785156,152.67489624023438,191.8740692138672,20250225-162913
1060,28,0,0.85107421875,713.4191284179688,1547.6370849609375,99.60516357421875,142.00039672851562,20250225-162913
1060,29,0,0.857421875,697.502197265625,1317.5328369140625,264.49383544921875,378.6531066894531,20250225-162913
1060,9,0,0.89013671875,553.33935546875,1.1400604248046875,362.21783447265625,518.697265625,20250225-162913
1060,21,0,0.9248046875,261.45941162109375,416.9642028808594,1041.996826171875,808.3698120117188,20250225-162913
1061,36,0,0.244384765625,786.7406616210938,1317.1995849609375,46.074737548828125,102.95013427734375,20250225-162913
1061,25,0,0.256103515625,749.5865478515625,1720.5992431640625,136.594482421875,105.25846862792969,20250225-162913
1061,35,0,0.282958984375,780.7952270507812,1165.2161865234375,156.30752563476562,123.19364929199219,20250225-162913
1061,37,0,0.356689453125,709.4043579101562,1159.265380859375,84.26266479492188,149.40719604492188,20250225-162913
1061,39,0,0.448486328125,688.3446044921875,1839.550048828125,79.49835205078125,160.094482421875,20250225-162913
1061,27,0,0.70068359375,803.8349609375,1692.0618896484375,226.171142578125,265.6862487792969,20250225-162913
1061,31,0,0.7939453125,646.3775024414062,602.8954467773438,169.5845947265625,166.03225708007812,20250225-162913
1061,10,0,0.826171875,731.7152099609375,460.1272888183594,146.7080841064453,192.14169311523438,20250225-162913
1061,28,0,0.845703125,713.1359252929688,1547.162841796875,100.36431884765625,143.41604614257812,20250225-162913
1061,9,0,0.86083984375,553.6976928710938,1.3318862915039062,363.375244140625,519.2600708007812,20250225-162913
1061,29,0,0.8662109375,697.567626953125,1317.939697265625,265.929931640625,378.6070556640625,20250225-162913
1061,21,0,0.923828125,263.07843017578125,422.0137939453125,1037.6436767578125,807.162109375,20250225-162913
1062,35,0,0.2100830078125,780.5707397460938,1164.35107421875,164.88931274414062,128.4857940673828,20250225-162913
1062,37,0,0.326904296875,709.9795532226562,1160.391845703125,82.29364013671875,147.99240112304688,20250225-162913
1062,25,0,0.7568359375,687.999267578125,1720.6534423828125,197.84033203125,168.8433380126953,20250225-162913
1062,31,0,0.78466796875,647.6525268554688,601.4930419921875,171.04779052734375,169.3902130126953,20250225-162913
1062,27,0,0.80419921875,798.6658935546875,1692.1358642578125,226.3978271484375,270.9361572265625,20250225-162913
1062,10,0,0.83837890625,732.27294921875,460.95172119140625,147.0150604248047,192.8633575439453,20250225-162913
1062,28,0,0.84716796875,715.5272827148438,1546.828125,100.48480224609375,141.18333435058594,20250225-162913
1062,29,0,0.8544921875,699.3425903320312,1318.0806884765625,258.0003662109375,376.6632080078125,20250225-162913
1062,9,0,0.86865234375,555.254150390625,1.1263504028320312,360.7715148925781,517.4732055664062,20250225-162913
1062,21,0,0.9248046875,261.6055908203125,423.74688720703125,1037.4327392578125,809.3895874023438,20250225-162913
1063,37,0,0.25537109375,706.9363403320312,1155.3790283203125,87.83834838867188,147.10418701171875,20250225-162913
1063,36,0,0.34326171875,789.058349609375,1317.534912109375,48.94189453125,103.36872863769531,20250225-162913
1063,35,0,0.35498046875,779.8993530273438,1165.343505859375,123.89208984375,103.32504272460938,20250225-162913
1063,25,0,0.56689453125,685.195068359375,1719.6558837890625,198.9364013671875,171.82586669921875,20250225-162913
1063,27,0,0.712890625,799.3024291992188,1692.097412109375,226.12646484375,270.0352783203125,20250225-162913
1063,31,0,0.7919921875,647.6250610351562,601.9894409179688,170.53692626953125,168.87437438964844,20250225-162913
1063,10,0,0.8369140625,733.0379638671875,461.1134948730469,147.7540283203125,191.90093994140625,20250225-162913
1063,28,0,0.84814453125,715.7184448242188,1547.43212890625,100.6768798828125,141.03594970703125,20250225-162913
1063,29,0,0.85107421875,700.2333374023438,1319.8480224609375,257.2100830078125,376.0971984863281,20250225-162913
1063,9,0,0.88427734375,554.3897094726562,1.1076736450195312,360.4375,517.7581787109375,20250225-162913
1063,21,0,0.923828125,261.4737548828125,425.8517761230469,1036.8980712890625,808.9472045898438,20250225-162913
1064,37,0,0.29736328125,705.1838989257812,1148.534912109375,95.01223754882812,143.98648071289062,20250225-162914
1064,35,0,0.375732421875,779.1480102539062,1164.874267578125,127.19284057617188,104.29776000976562,20250225-162914
1064,25,0,0.5546875,685.6228637695312,1719.938720703125,198.896484375,171.02786254882812,20250225-162914
1064,27,0,0.7294921875,797.2534790039062,1692.23291015625,226.01861572265625,272.06988525390625,20250225-162914
1064,31,0,0.791015625,647.404296875,601.6228637695312,171.31475830078125,164.6558380126953,20250225-162914
1064,28,0,0.841796875,715.4273071289062,1546.2938232421875,101.10516357421875,139.82025146484375,20250225-162914
1064,29,0,0.8515625,700.2874755859375,1318.849365234375,253.75927734375,376.1138000488281,20250225-162914
1064,10,0,0.85693359375,732.1795654296875,461.0301818847656,150.77650451660156,192.58355712890625,20250225-162914
1064,9,0,0.880859375,553.172607421875,1.2971649169921875,360.52447509765625,518.7800903320312,20250225-162914
1064,21,0,0.92822265625,258.5494079589844,422.6274719238281,1043.5242919921875,811.9080200195312,20250225-162914
1065,36,0,0.2401123046875,784.9326171875,1318.9134521484375,43.273223876953125,100.83843994140625,20250225-162914
1065,25,0,0.281494140625,750.9893188476562,1719.2420654296875,138.555908203125,104.58212280273438,20250225-162914
1065,35,0,0.2822265625,779.2061157226562,1162.56103515625,162.47415161132812,113.49958801269531,20250225-162914
1065,37,0,0.3486328125,703.616455078125,1145.81396484375,97.90640258789062,151.0503387451172,20250225-162914
1065,39,0,0.505859375,688.1425170898438,1839.7803955078125,79.32476806640625,158.07785034179688,20250225-162914
1065,27,0,0.7490234375,796.2753295898438,1692.1395263671875,226.1011962890625,273.0701599121094,20250225-162914
1065,31,0,0.7861328125,647.2211303710938,600.9052734375,171.89080810546875,166.18980407714844,20250225-162914
1065,10,0,0.833984375,731.7119140625,460.24749755859375,149.14027404785156,191.7147674560547,20250225-162914
1065,29,0,0.8515625,697.50439453125,1319.5975341796875,268.640625,379.44622802734375,20250225-162914
1065,28,0,0.85888671875,714.3115234375,1546.978759765625,100.84130859375,141.01394653320312,20250225-162914
1065,9,0,0.87744140625,551.7411499023438,1.11273193359375,360.98614501953125,520.0833129882812,20250225-162914
1065,21,0,0.9248046875,254.25531005859375,426.4473876953125,1039.7288818359375,816.2410278320312,20250225-162914
1066,35,0,0.373046875,778.1688232421875,1162.033447265625,104.28561401367188,104.57962799072266,20250225-162914
1066,25,0,0.478515625,683.637451171875,1719.3812255859375,199.38775634765625,170.82473754882812,20250225-162914
1066,27,0,0.74853515625,797.158447265625,1691.7392578125,226.53369140625,272.66400146484375,20250225-162914
1066,31,0,0.77587890625,646.77197265625,600.5899658203125,172.04571533203125,169.2830047607422,20250225-162914
1066,10,0,0.83837890625,731.052734375,460.67681884765625,148.41851806640625,192.21945190429688,20250225-162914
1066,29,0,0.8447265625,696.0565185546875,1320.131103515625,262.71826171875,380.8739929199219,20250225-162914
1066,28,0,0.85009765625,712.5349731445312,1547.6363525390625,100.02392578125,141.58184814453125,20250225-162914
1066,9,0,0.89501953125,552.6333618164062,1.2860641479492188,360.62249755859375,518.6400756835938,20250225-162914
1066,21,0,0.9267578125,254.62437438964844,422.5726318359375,1045.393798828125,815.986083984375,20250225-162914
1067,35,0,0.2017822265625,779.2697143554688,1158.02734375,131.93609619140625,103.82775115966797,20250225-162914
1067,37,0,0.37744140625,706.0724487304688,1144.2593994140625,100.17974853515625,147.48939514160156,20250225-162914
1067,25,0,0.43212890625,749.8809204101562,1721.4107666015625,136.985595703125,105.67568969726562,20250225-162914
1067,39,0,0.5146484375,688.4314575195312,1840.199462890625,78.8939208984375,159.29574584960938,20250225-162914
1067,27,0,0.708984375,802.2572021484375,1691.7890625,226.44342041015625,267.3673095703125,20250225-162914
1067,31,0,0.7939453125,647.3990478515625,601.1083374023438,171.4405517578125,166.80923461914062,20250225-162914
1067,29,0,0.84228515625,696.5712890625,1319.2532958984375,263.54974365234375,380.0931396484375,20250225-162914
1067,10,0,0.84228515625,731.701904296875,460.7867431640625,152.25823974609375,193.14651489257812,20250225-162914
1067,28,0,0.84716796875,715.33740234375,1548.4493408203125,97.84039306640625,140.492431640625,20250225-162914
1067,9,0,0.8857421875,552.989013671875,1.1082000732421875,358.757568359375,518.81640625,20250225-162914
1067,21,0,0.9267578125,254.6317596435547,422.6392822265625,1044.702880859375,815.393798828125,20250225-162914
1068,37,0,0.401611328125,709.5464477539062,1145.9490966796875,99.71566772460938,147.63363647460938,20250225-162914
1068,25,0,0.71875,686.2716064453125,1720.9434814453125,197.69915771484375,170.88345336914062,20250225-162914
1068,27,0,0.77685546875,798.17578125,1691.744140625,226.6680908203125,271.1497802734375,20250225-162914
1068,31,0,0.79931640625,647.7444458007812,600.279052734375,172.0784912109375,167.26324462890625,20250225-162914
1068,29,0,0.85498046875,699.671142578125,1319.766357421875,258.9722900390625,377.5755615234375,20250225-162914
1068,10,0,0.85595703125,732.1812744140625,460.66802978515625,147.50802612304688,192.5755615234375,20250225-162914
1068,28,0,0.85986328125,716.0601806640625,1546.79296875,101.083740234375,140.45196533203125,20250225-162914
1068,9,0,0.884765625,553.8799438476562,1.0995254516601562,358.55059814453125,517.7890625,20250225-162914
1068,21,0,0.92822265625,257.5667419433594,424.7740173339844,1042.905029296875,813.7830810546875,20250225-162914
1069,35,0,0.39599609375,778.833251953125,1157.314697265625,98.29266357421875,103.9138412475586,20250225-162914
1069,25,0,0.57470703125,685.4179077148438,1721.5718994140625,197.34100341796875,170.74818420410156,20250225-162914
1069,27,0,0.7265625,799.8095703125,1691.45654296875,226.6944580078125,269.7112731933594,20250225-162914
1069,31,0,0.798828125,647.7701416015625,600.8055419921875,171.59664916992188,167.3067626953125,20250225-162914
1069,10,0,0.85205078125,732.3661499023438,461.1409606933594,147.9855194091797,192.59762573242188,20250225-162914
1069,29,0,0.86181640625,699.995849609375,1318.28662109375,259.97076416015625,376.27667236328125,20250225-162914
1069,28,0,0.8662109375,717.3095703125,1546.0982666015625,102.3621826171875,139.69544982910156,20250225-162914
1069,9,0,0.8916015625,553.8731689453125,1.0973968505859375,358.8664855957031,517.5777587890625,20250225-162914
1069,21,0,0.92822265625,256.8265380859375,429.3148193359375,1039.9984130859375,814.3763427734375,20250225-162914
1070,37,0,0.4111328125,711.4078369140625,1150.0205078125,95.3682861328125,147.11294555664062,20250225-162914
1070,25,0,0.70751953125,685.3731689453125,1720.6951904296875,198.088623046875,170.88632202148438,20250225-162914
1070,31,0,0.80078125,647.4298095703125,600.4661865234375,170.86541748046875,169.15975952148438,20250225-162914
1070,10,0,0.8037109375,731.8935546875,461.60662841796875,147.12661743164062,192.30116271972656,20250225-162914
1070,27,0,0.8056640625,795.809814453125,1691.7886962890625,226.56427001953125,273.72186279296875,20250225-162914
1070,28,0,0.85791015625,715.4268798828125,1545.9554443359375,101.49609375,141.04766845703125,20250225-162914
1070,29,0,0.8603515625,698.435546875,1319.255859375,259.783447265625,379.14471435546875,20250225-162914
1070,9,0,0.8916015625,554.0278930664062,1.2926788330078125,359.6893615722656,517.5308837890625,20250225-162914
1070,21,0,0.92431640625,254.40130615234375,427.4762878417969,1042.6387939453125,816.4127807617188,20250225-162914
1071,37,0,0.391357421875,711.3674926757812,1149.149169921875,96.7591552734375,145.94134521484375,20250225-162914
1071,25,0,0.546875,683.6077270507812,1719.95361328125,198.9700927734375,171.5570526123047,20250225-162914
1071,27,0,0.7431640625,798.515869140625,1691.8011474609375,226.436279296875,271.1135559082031,20250225-162914
1071,10,0,0.77197265625,730.646240234375,460.4446105957031,143.90158081054688,192.4741973876953,20250225-162914
1071,31,0,0.810546875,646.9369506835938,601.1618041992188,170.8428955078125,168.0548095703125,20250225-162914
1071,29,0,0.845703125,698.6561279296875,1318.8167724609375,264.7144775390625,379.4262390136719,20250225-162914
1071,28,0,0.86083984375,715.3099365234375,1546.8988037109375,100.51593017578125,140.22601318359375,20250225-162914
1071,9,0,0.888671875,551.9144897460938,1.1070785522460938,360.3187255859375,519.4344482421875,20250225-162914
1071,21,0,0.923828125,251.58966064453125,423.20635986328125,1044.453369140625,819.97998046875,20250225-162914
1072,25,0,0.282958984375,750.4566650390625,1723.2974853515625,132.585205078125,104.4241943359375,20250225-162914
1072,37,0,0.42822265625,713.682373046875,1149.46826171875,96.92825317382812,145.56056213378906,20250225-162914
1072,39,0,0.55810546875,689.275634765625,1841.0181884765625,78.06903076171875,156.13314819335938,20250225-162914
1072,27,0,0.6875,801.1913452148438,1691.1851806640625,227.0577392578125,268.25146484375,20250225-162914
1072,10,0,0.783203125,731.6204223632812,460.17864990234375,146.77505493164062,191.92771911621094,20250225-162914
1072,31,0,0.8017578125,647.0574951171875,601.5675659179688,170.3214111328125,167.77801513671875,20250225-162914
1072,29,0,0.84375,698.59423828125,1318.7373046875,271.0081787109375,378.75933837890625,20250225-162914
1072,28,0,0.85986328125,715.17138671875,1547.511474609375,98.4202880859375,140.61500549316406,20250225-162914
1072,9,0,0.89892578125,552.6119384765625,1.2870712280273438,359.4915771484375,518.5654907226562,20250225-162914
1072,21,0,0.93017578125,250.88198852539062,415.3543395996094,1051.14453125,819.25634765625,20250225-162914
1073,35,0,0.204345703125,777.5575561523438,1157.2525634765625,114.36740112304688,104.5926742553711,20250225-162914
1073,37,0,0.357666015625,656.1630859375,1148.072998046875,99.32281494140625,199.6717071533203,20250225-162914
1073,25,0,0.64404296875,684.5421142578125,1722.2684326171875,196.36981201171875,171.25540161132812,20250225-162914
1073,27,0,0.75146484375,797.8873901367188,1691.5814208984375,226.74957275390625,271.4568176269531,20250225-162914
1073,31,0,0.81396484375,647.07861328125,601.1334228515625,170.288818359375,167.43301391601562,20250225-162914
1073,10,0,0.8427734375,731.7040405273438,460.216552734375,147.82557678222656,193.22865295410156,20250225-162914
1073,29,0,0.84375,699.5206298828125,1318.601806640625,264.8411865234375,376.4297180175781,20250225-162914
1073,28,0,0.86083984375,715.8195190429688,1547.11669921875,100.76898193359375,140.73382568359375,20250225-162914
1073,9,0,0.89013671875,552.2673950195312,1.10906982421875,359.02960205078125,519.3749389648438,20250225-162914
1073,21,0,0.931640625,251.3725128173828,423.33819580078125,1043.666015625,819.07177734375,20250225-162914
1074,35,0,0.35400390625,775.7257690429688,1154.463623046875,91.27542114257812,81.45366668701172,20250225-162914
1074,25,0,0.517578125,683.9010009765625,1721.466064453125,197.69677734375,172.22837829589844,20250225-162914
1074,27,0,0.73486328125,796.5333251953125,1691.4312744140625,226.8819580078125,273.00726318359375,20250225-162914
1074,31,0,0.81396484375,647.71533203125,601.84375,169.4190673828125,166.4915771484375,20250225-162914
1074,10,0,0.85595703125,732.36083984375,460.8622741699219,147.84768676757812,192.41970825195312,20250225-162914
1074,28,0,0.86328125,717.2838745117188,1547.868896484375,99.23052978515625,139.2267303466797,20250225-162914
1074,29,0,0.8671875,700.1519775390625,1319.4693603515625,259.9969482421875,376.6135559082031,20250225-162914
1074,9,0,0.8974609375,551.728271484375,1.307281494140625,359.42510986328125,519.748779296875,20250225-162914
1074,21,0,0.9306640625,250.63900756835938,423.2531433105469,1043.57373046875,819.7210693359375,20250225-162914
1075,35,0,0.2139892578125,777.8053588867188,1153.9112548828125,131.03530883789062,107.275146484375,20250225-162914
1075,37,0,0.33984375,667.5097045898438,1148.4102783203125,99.3211669921875,189.2498016357422,20250225-162914
1075,25,0,0.66650390625,685.0057373046875,1722.9752197265625,195.95050048828125,171.2236785888672,20250225-162914
1075,27,0,0.76416015625,795.86669921875,1691.1060791015625,227.20697021484375,273.68060302734375,20250225-162914
1075,31,0,0.806640625,647.6436767578125,601.9984130859375,169.62359619140625,167.46185302734375,20250225-162914
1075,10,0,0.83740234375,732.1754150390625,459.96771240234375,149.9212188720703,192.3798828125,20250225-162914
1075,29,0,0.865234375,698.72412109375,1319.622802734375,261.421142578125,378.0628967285156,20250225-162914
1075,28,0,0.865234375,716.3836669921875,1547.7117919921875,100.31396484375,139.79034423828125,20250225-162914
1075,9,0,0.896484375,552.2708129882812,1.290435791015625,359.92181396484375,519.0601196289062,20250225-162914
1075,21,0,0.93408203125,249.15602111816406,422.8049011230469,1043.9520263671875,821.4500122070312,20250225-162914
1076,37,0,0.444580078125,669.3477172851562,1148.27001953125,104.61309814453125,212.55386352539062,20250225-162914
1076,25,0,0.6416015625,685.0178833007812,1722.5570068359375,196.27239990234375,171.26553344726562,20250225-162914
1076,27,0,0.77880859375,794.6107177734375,1690.93798828125,227.37689208984375,274.7405090332031,20250225-162914
1076,31,0,0.80810546875,647.1089477539062,602.499755859375,170.29925537109375,166.68646240234375,20250225-162914
1076,10,0,0.81396484375,731.229248046875,459.30560302734375,152.4869842529297,192.68002319335938,20250225-162914
1076,28,0,0.85791015625,715.5008544921875,1547.3543701171875,99.7869873046875,141.3306121826172,20250225-162914
1076,29,0,0.873046875,696.84765625,1317.778564453125,261.65350341796875,381.6767578125,20250225-162914
1076,9,0,0.9091796875,553.1311645507812,1.486175537109375,361.651611328125,516.9974365234375,20250225-162914
1076,21,0,0.9306640625,251.02291870117188,418.198974609375,1049.1309814453125,820.0298461914062,20250225-162914
1077,37,0,0.368408203125,669.803955078125,1147.4124755859375,104.1829833984375,205.6130828857422,20250225-162914
1077,25,0,0.62255859375,684.5546875,1722.659912109375,195.97723388671875,171.1881103515625,20250225-162914
1077,27,0,0.75146484375,796.9678344726562,1691.33935546875,226.98046875,272.3718566894531,20250225-162914
1077,10,0,0.77392578125,730.9557495117188,458.98681640625,151.21664428710938,192.26519775390625,20250225-162914
1077,31,0,0.80419921875,646.8224487304688,601.6994018554688,171.503173828125,167.25827026367188,20250225-162914
1077,28,0,0.85693359375,715.6292724609375,1547.2371826171875,100.23651123046875,141.03639221191406,20250225-162914
1077,29,0,0.85986328125,697.2293090820312,1318.2440185546875,264.310546875,380.4879455566406,20250225-162914
1077,9,0,0.89404296875,551.5587158203125,1.099365234375,362.1059875488281,519.497802734375,20250225-162914
1077,21,0,0.92919921875,247.88880920410156,417.56329345703125,1048.9031982421875,822.5068359375,20250225-162914
1078,37,0,0.36572265625,672.2730712890625,1149.0054931640625,101.91384887695312,195.8140411376953,20250225-162914
1078,25,0,0.7001953125,684.9078369140625,1720.622314453125,197.947998046875,170.69728088378906,20250225-162914
1078,10,0,0.78857421875,731.703857421875,459.2685241699219,151.36253356933594,192.4608154296875,20250225-162914
1078,27,0,0.79931640625,794.9246826171875,1691.236572265625,227.1822509765625,274.23541259765625,20250225-162914
1078,31,0,0.80908203125,647.54638671875,601.7098388671875,171.75741577148438,165.2727813720703,20250225-162914
1078,29,0,0.85595703125,699.1820068359375,1319.0848388671875,263.413330078125,378.729248046875,20250225-162914
1078,28,0,0.85791015625,716.3212280273438,1546.72998046875,100.35589599609375,140.25721740722656,20250225-162914
1078,9,0,0.90576171875,551.9091796875,1.4856719970703125,361.50347900390625,518.4820556640625,20250225-162914
1078,21,0,0.9287109375,250.31936645507812,419.84088134765625,1047.205810546875,819.9884643554688,20250225-162914
1079,25,0,0.333740234375,750.6348876953125,1723.75634765625,132.59857177734375,104.52272033691406,20250225-162914
1079,37,0,0.4091796875,673.9861450195312,1149.8236083984375,95.86532592773438,182.3064422607422,20250225-162914
1079,39,0,0.5322265625,688.1314697265625,1844.1728515625,75.0728759765625,156.1431427001953,20250225-162914
1079,27,0,0.75830078125,797.2299194335938,1691.134033203125,227.1771240234375,271.9486083984375,20250225-162914
1079,10,0,0.77197265625,731.8692626953125,460.73492431640625,148.16830444335938,192.48956298828125,20250225-162914
1079,31,0,0.8056640625,647.8230590820312,601.736572265625,170.94223022460938,165.37118530273438,20250225-162914
1079,29,0,0.85302734375,699.8541870117188,1318.7398681640625,267.6181640625,376.816650390625,20250225-162914
1079,28,0,0.86962890625,718.5529174804688,1546.7479248046875,100.95611572265625,138.11788940429688,20250225-162914
1079,9,0,0.90673828125,552.0831298828125,1.2965469360351562,362.47210693359375,517.9619140625,20250225-162914
1079,21,0,0.9306640625,248.34732055664062,421.2677307128906,1044.900146484375,822.60595703125,20250225-162914
1080,35,0,0.2486572265625,776.7702026367188,1158.7496337890625,69.25991821289062,77.56742858886719,20250225-162914
1080,37,0,0.3720703125,676.3819580078125,1149.3709716796875,100.32485961914062,183.2801971435547,20250225-162914
1080,25,0,0.39697265625,749.8511352539062,1724.2115478515625,135.9166259765625,105.44815063476562,20250225-162914
1080,39,0,0.517578125,688.5018920898438,1844.6158447265625,74.6700439453125,153.6248779296875,20250225-162914
1080,27,0,0.69921875,799.4059448242188,1690.7713623046875,227.43731689453125,269.66973876953125,20250225-162914
1080,10,0,0.7939453125,732.9993896484375,460.07373046875,150.248291015625,192.6083526611328,20250225-162914
1080,31,0,0.8056640625,647.840576171875,601.4782104492188,171.8162841796875,166.5174102783203,20250225-162914
1080,29,0,0.86083984375,699.8541870117188,1318.63818359375,263.08758544921875,376.2803649902344,20250225-162914
1080,28,0,0.86962890625,717.4518432617188,1547.3990478515625,99.66851806640625,139.05755615234375,20250225-162914
1080,9,0,0.9091796875,552.0938720703125,1.2943038940429688,362.02545166015625,518.23193359375,20250225-162914
1080,21,0,0.9306640625,249.31008911132812,419.6527404785156,1047.4072265625,821.3545532226562,20250225-162914
1081,37,0,0.3310546875,675.725341796875,1149.121337890625,100.28659057617188,186.64256286621094,20250225-162914
1081,25,0,0.6416015625,684.1554565429688,1723.5399169921875,195.25927734375,171.8717498779297,20250225-162914
1081,27,0,0.75634765625,797.4888305664062,1691.270263671875,226.9522705078125,271.5781555175781,20250225-162914
1081,10,0,0.77783203125,732.1696166992188,460.25775146484375,152.72891235351562,191.60284423828125,20250225-162914
1081,31,0,0.810546875,647.4429321289062,601.9601440429688,171.07342529296875,165.41917419433594,20250225-162914
1081,28,0,0.85595703125,716.5916137695312,1547.539306640625,99.59051513671875,140.1598358154297,20250225-162914
1081,29,0,0.865234375,698.8775024414062,1318.767333984375,260.43731689453125,377.10906982421875,20250225-162914
1081,9,0,0.9111328125,552.0906372070312,1.4879150390625,364.068603515625,517.6436767578125,20250225-162914
1081,21,0,0.92919921875,248.732177734375,425.1946105957031,1041.5548095703125,822.088623046875,20250225-162914
1082,37,0,0.303955078125,680.0343017578125,1150.027099609375,100.65554809570312,184.3169403076172,20250225-162914
1082,25,0,0.75634765625,684.9496459960938,1723.4498291015625,195.09246826171875,170.8870086669922,20250225-162914
1082,10,0,0.77587890625,731.607421875,459.9290771484375,153.2509002685547,191.67974853515625,20250225-162914
1082,31,0,0.794921875,646.9338989257812,602.81103515625,170.1566162109375,166.625,20250225-162914
1082,27,0,0.80517578125,796.1678466796875,1691.4752197265625,226.96435546875,272.8743896484375,20250225-162914
1082,29,0,0.85009765625,698.9381713867188,1319.2386474609375,257.1719970703125,377.89776611328125,20250225-162914
1082,28,0,0.85205078125,715.2672729492188,1547.4927978515625,99.7613525390625,141.24314880371094,20250225-162914
1082,9,0,0.908203125,553.1449584960938,1.3070755004882812,366.18621826171875,517.2677612304688,20250225-162914
1082,21,0,0.92919921875,247.03890991210938,423.321533203125,1044.406494140625,823.6895751953125,20250225-162914
1083,35,0,0.2822265625,778.0211791992188,1165.12890625,83.225830078125,77.5388412475586,20250225-162914
1083,25,0,0.70068359375,684.1228637695312,1723.6439208984375,195.017578125,171.23300170898438,20250225-162914
1083,27,0,0.783203125,796.326171875,1691.4862060546875,226.757080078125,272.6410827636719,20250225-162914
1083,10,0,0.7841796875,732.4541015625,460.2344055175781,150.65707397460938,191.56019592285156,20250225-162914
1083,31,0,0.796875,647.3870239257812,601.9806518554688,169.63641357421875,166.51947021484375,20250225-162914
1083,29,0,0.84375,698.5684204101562,1319.4873046875,261.4676513671875,378.21173095703125,20250225-162914
1083,28,0,0.85009765625,715.2061157226562,1548.4925537109375,99.1263427734375,141.3728485107422,20250225-162914
1083,9,0,0.91064453125,552.6072998046875,1.1081085205078125,364.7866516113281,517.69091796875,20250225-162914
1083,21,0,0.92822265625,248.91612243652344,423.84979248046875,1043.15478515625,821.9849853515625,20250225-162914
1084,35,0,0.2139892578125,783.4287109375,1164.654296875,63.6492919921875,70.47712707519531,20250225-162914
1084,37,0,0.367431640625,678.2666625976562,1151.1962890625,92.76773071289062,175.89871215820312,20250225-162914
1084,25,0,0.7041015625,684.707763671875,1723.8248291015625,194.902587890625,171.15432739257812,20250225-162914
1084,27,0,0.78515625,796.1764526367188,1690.9248046875,227.4898681640625,272.8888854980469,20250225-162914
1084,10,0,0.80029296875,732.8231201171875,461.3876037597656,151.00762939453125,191.8376007080078,20250225-162914
1084,31,0,0.810546875,647.19580078125,601.7327880859375,170.44253540039062,165.994873046875,20250225-162914
1084,28,0,0.84814453125,716.5632934570312,1548.966552734375,98.5740966796875,139.9782257080078,20250225-162914
1084,29,0,0.8515625,698.3037109375,1318.950439453125,262.9237060546875,378.58319091796875,20250225-162914
1084,9,0,0.91064453125,552.7965087890625,1.3029556274414062,365.0853576660156,517.41796875,20250225-162914
1084,21,0,0.92919921875,250.63436889648438,425.4122314453125,1041.4442138671875,820.4898681640625,20250225-162914
1085,37,0,0.36376953125,682.467041015625,1151.5631103515625,92.57913208007812,171.73733520507812,20250225-162914
1085,25,0,0.57275390625,683.8980712890625,1723.4571533203125,195.427001953125,171.48388671875,20250225-162914
1085,27,0,0.7255859375,798.2525024414062,1690.96142578125,227.34759521484375,271.108154296875,20250225-162914
1085,31,0,0.79052734375,647.7777099609375,602.7867431640625,170.2884521484375,165.36990356445312,20250225-162914
1085,10,0,0.8037109375,732.725830078125,460.1379089355469,156.65638732910156,191.8379364013672,20250225-162914
1085,28,0,0.83447265625,716.6024780273438,1548.759521484375,98.84234619140625,139.59228515625,20250225-162914
1085,29,0,0.87255859375,699.8670654296875,1319.5250244140625,263.3323974609375,377.21197509765625,20250225-162914
1085,9,0,0.91162109375,552.6234741210938,1.1119308471679688,365.1114501953125,517.4349365234375,20250225-162914
1085,21,0,0.93017578125,249.67855834960938,425.6684875488281,1040.7835693359375,821.34375,20250225-162914
1086,35,0,0.285400390625,780.3804931640625,1168.3399658203125,63.410980224609375,72.55191040039062,20250225-162914
1086,37,0,0.29736328125,686.590087890625,1152.642822265625,95.21017456054688,173.0355224609375,20250225-162914
1086,25,0,0.56103515625,683.4403686523438,1722.81884765625,196.17279052734375,172.2066192626953,20250225-162914
1086,27,0,0.736328125,798.327880859375,1690.89013671875,227.33056640625,270.7524719238281,20250225-162914
1086,10,0,0.78076171875,732.5309448242188,460.4619140625,156.44508361816406,191.9125213623047,20250225-162914
1086,31,0,0.79931640625,647.2673950195312,602.5205078125,170.50479125976562,165.23818969726562,20250225-162914
1086,28,0,0.84912109375,715.807373046875,1548.9796142578125,98.36041259765625,140.53076171875,20250225-162914
1086,29,0,0.86279296875,699.1510620117188,1319.02880859375,265.657470703125,377.89227294921875,20250225-162914
1086,9,0,0.90966796875,553.332763671875,1.1146316528320312,365.72271728515625,516.8626098632812,20250225-162914
1086,21,0,0.93017578125,249.5252685546875,423.00152587890625,1043.9366455078125,821.524169921875,20250225-162914
1087,39,0,0.33642578125,686.356201171875,1849.43408203125,69.93072509765625,147.1132049560547,20250225-162914
1087,35,0,0.35302734375,777.7371826171875,1163.5601806640625,105.5335693359375,108.32296752929688,20250225-162914
1087,25,0,0.5087890625,682.9049682617188,1721.679931640625,197.12933349609375,173.05770874023438,20250225-162914
1087,27,0,0.7470703125,798.0654296875,1691.436767578125,226.7900390625,271.1842956542969,20250225-162914
1087,10,0,0.77587890625,731.2998046875,459.0788269042969,154.16102600097656,191.5734100341797,20250225-162914
1087,31,0,0.79296875,647.27734375,602.9397583007812,170.94598388671875,166.6156005859375,20250225-162914
1087,28,0,0.85498046875,714.8862915039062,1548.5057373046875,98.8011474609375,140.1986846923828,20250225-162914
1087,29,0,0.8603515625,698.9022827148438,1318.431884765625,266.4686279296875,378.49359130859375,20250225-162914
1087,9,0,0.91259765625,552.2662353515625,1.2965240478515625,366.427490234375,518.0630493164062,20250225-162914
1087,21,0,0.92919921875,249.896728515625,429.5852966308594,1037.4638671875,821.45361328125,20250225-162914
1088,36,0,0.2401123046875,786.5711669921875,1319.8135986328125,45.422149658203125,100.1517105102539,20250225-162914
1088,37,0,0.325927734375,690.5965576171875,1153.34375,90.9759521484375,163.66444396972656,20250225-162914
1088,25,0,0.74609375,684.96142578125,1723.078857421875,195.541259765625,170.55966186523438,20250225-162914
1088,31,0,0.794921875,647.5499877929688,603.4163818359375,170.1375732421875,165.8269500732422,20250225-162914
1088,27,0,0.7958984375,796.47412109375,1691.4114990234375,227.03228759765625,272.9677734375,20250225-162914
1088,10,0,0.80126953125,732.0695190429688,460.0184326171875,155.6454620361328,191.66378784179688,20250225-162914
1088,28,0,0.85302734375,715.38623046875,1549.074462890625,99.19500732421875,141.0222625732422,20250225-162914
1088,29,0,0.8603515625,698.7881469726562,1318.262451171875,268.50970458984375,378.60467529296875,20250225-162914
1088,9,0,0.91259765625,552.451416015625,1.3002548217773438,364.879638671875,518.1073608398438,20250225-162914
1088,21,0,0.93017578125,248.00390625,426.7593994140625,1039.9552001953125,823.1969604492188,20250225-162914
1089,37,0,0.30908203125,693.6974487304688,1154.7265625,94.21234130859375,168.03013610839844,20250225-162914
1089,25,0,0.74609375,684.3939819335938,1723.6175537109375,195.09356689453125,171.60935974121094,20250225-162914
1089,10,0,0.775390625,732.6444091796875,459.9544372558594,154.66287231445312,190.9150848388672,20250225-162914
1089,31,0,0.775390625,647.5585327148438,604.1870727539062,171.83807373046875,166.5196075439453,20250225-162914
1089,27,0,0.7939453125,795.8659057617188,1691.0357666015625,227.30804443359375,273.56866455078125,20250225-162914
1089,28,0,0.84912109375,715.5896606445312,1549.0576171875,99.37811279296875,139.3183135986328,20250225-162914
1089,29,0,0.8525390625,699.0804443359375,1317.6185302734375,265.79736328125,377.9671630859375,20250225-162914
1089,9,0,0.9091796875,551.74609375,1.3106689453125,365.88525390625,518.9197998046875,20250225-162914
1089,21,0,0.93115234375,249.13885498046875,423.5492248535156,1042.32861328125,821.7382202148438,20250225-162914
1090,36,0,0.218017578125,785.3766479492188,1319.60986328125,46.655914306640625,100.7171630859375,20250225-162914
1090,37,0,0.3388671875,698.5715942382812,1153.5283203125,95.26766967773438,162.22506713867188,20250225-162914
1090,25,0,0.74853515625,685.2554321289062,1722.9693603515625,195.84796142578125,170.87547302246094,20250225-162914
1090,31,0,0.775390625,647.7555541992188,603.455810546875,172.45339965820312,168.27320861816406,20250225-162914
1090,27,0,0.77685546875,797.0747680664062,1691.089599609375,227.33038330078125,271.8929138183594,20250225-162914
1090,10,0,0.78466796875,732.8252563476562,460.48443603515625,152.4792938232422,191.65322875976562,20250225-162914
1090,28,0,0.85009765625,716.0989379882812,1549.3905029296875,99.85308837890625,140.44204711914062,20250225-162914
1090,29,0,0.86083984375,699.8410034179688,1318.0484619140625,262.424560546875,377.0921630859375,20250225-162914
1090,9,0,0.91259765625,552.6294555664062,1.3029098510742188,364.40625,517.71923828125,20250225-162914
1090,21,0,0.92919921875,248.18063354492188,422.61181640625,1044.9400634765625,822.9976196289062,20250225-162914
1091,37,0,0.5146484375,699.7748413085938,1152.494140625,92.19598388671875,154.92422485351562,20250225-162914
1091,25,0,0.67236328125,684.1765747070312,1722.8074951171875,196.058349609375,171.98452758789062,20250225-162914
1091,27,0,0.7607421875,798.2218017578125,1690.934326171875,227.382568359375,271.1260986328125,20250225-162914
1091,31,0,0.779296875,647.6442260742188,603.7476196289062,172.68035888671875,167.0179443359375,20250225-162914
1091,10,0,0.79638671875,732.3575439453125,460.8100891113281,149.442626953125,191.64834594726562,20250225-162914
1091,28,0,0.85595703125,715.3193359375,1549.622314453125,100.90887451171875,141.22958374023438,20250225-162914
1091,29,0,0.8603515625,699.0289916992188,1318.8519287109375,260.7535400390625,377.49468994140625,20250225-162914
1091,9,0,0.91064453125,552.968994140625,1.1148147583007812,364.76483154296875,517.3935546875,20250225-162914
1091,21,0,0.92919921875,249.49728393554688,422.7778015136719,1045.493408203125,821.4544677734375,20250225-162914
1092,37,0,0.4638671875,702.9159545898438,1157.4857177734375,87.18402099609375,152.47645568847656,20250225-162914
1092,25,0,0.5283203125,682.520751953125,1723.1004638671875,195.9019775390625,173.1319122314453,20250225-162914
1092,27,0,0.75048828125,797.7289428710938,1691.190673828125,227.04730224609375,271.439453125,20250225-162914
1092,31,0,0.7744140625,647.4248046875,605.1439819335938,171.618896484375,168.03880310058594,20250225-162914
1092,18,0,0.77783203125,707.4683227539062,151.896484375,200.16128540039062,282.0513610839844,20250225-162914
1092,10,0,0.798828125,731.7841186523438,460.4731750488281,151.05606079101562,192.3721466064453,20250225-162914
1092,29,0,0.8447265625,698.43603515625,1318.59814453125,259.57965087890625,378.0176086425781,20250225-162914
1092,28,0,0.84716796875,714.0587768554688,1548.85107421875,101.9498291015625,142.46009826660156,20250225-162914
1092,9,0,0.9091796875,553.3359375,1.3076934814453125,366.55975341796875,517.238037109375,20250225-162914
1092,21,0,0.927734375,247.78273010253906,427.2677307128906,1039.15576171875,823.0604858398438,20250225-162914
1093,37,0,0.470703125,703.0233764648438,1157.8486328125,86.71307373046875,151.7862548828125,20250225-162914
1093,25,0,0.630859375,682.7544555664062,1721.05859375,197.9154052734375,172.9122772216797,20250225-162914
1093,10,0,0.759765625,731.9093627929688,459.55133056640625,151.1382293701172,190.43821716308594,20250225-162914
1093,31,0,0.77197265625,647.0245971679688,605.1355590820312,170.90130615234375,167.4606475830078,20250225-162914
1093,27,0,0.77685546875,796.7960815429688,1691.337890625,227.08319091796875,272.6590270996094,20250225-162914
1093,18,0,0.77783203125,705.8013916015625,151.32598876953125,200.45608520507812,283.2237548828125,20250225-162914
1093,29,0,0.845703125,698.0166015625,1319.09814453125,266.9366455078125,379.2449645996094,20250225-162914
1093,28,0,0.85498046875,713.5120849609375,1549.200927734375,101.4385986328125,142.4832305908203,20250225-162914
1093,9,0,0.91259765625,552.44287109375,1.30645751953125,365.56719970703125,517.7880249023438,20250225-162914
1093,21,0,0.92919921875,247.0316162109375,425.16302490234375,1041.5906982421875,824.0813598632812,20250225-162914
1094,37,0,0.482421875,703.2737426757812,1154.7286376953125,93.28683471679688,154.607421875,20250225-162915
1094,25,0,0.732421875,683.0842895507812,1721.9249267578125,196.8153076171875,173.15594482421875,20250225-162915
1094,31,0,0.77978515625,647.01123046875,604.5223388671875,171.24966430664062,167.85556030273438,20250225-162915
1094,27,0,0.79638671875,795.578369140625,1691.0936279296875,227.33953857421875,273.8700256347656,20250225-162915
1094,10,0,0.796875,732.2635498046875,460.0968933105469,152.0804901123047,191.9586181640625,20250225-162915
1094,29,0,0.8515625,698.6246337890625,1319.372314453125,258.697265625,378.52587890625,20250225-162915
1094,28,0,0.86083984375,713.6805419921875,1548.491455078125,101.71051025390625,142.8275909423828,20250225-162915
1094,9,0,0.908203125,552.9775390625,1.5001373291015625,364.8521728515625,517.6016845703125,20250225-162915
1094,21,0,0.92919921875,249.28494262695312,422.8699951171875,1044.06884765625,821.8326416015625,20250225-162915
1095,37,0,0.5224609375,702.9578857421875,1158.58935546875,85.94549560546875,152.55125427246094,20250225-162915
1095,25,0,0.537109375,682.0120849609375,1722.0010986328125,197.36627197265625,174.1373748779297,20250225-162915
1095,27,0,0.759765625,796.905517578125,1690.7178955078125,227.59185791015625,272.37786865234375,20250225-162915
1095,31,0,0.7646484375,647.2402954101562,604.5263671875,171.904541015625,169.44659423828125,20250225-162915
1095,18,0,0.77783203125,707.2685546875,150.44711303710938,201.37939453125,280.8743896484375,20250225-162915
1095,10,0,0.8232421875,732.3494262695312,460.2216796875,153.27273559570312,192.3446807861328,20250225-162915
1095,29,0,0.85888671875,699.9539184570312,1318.544677734375,263.687255859375,376.0269470214844,20250225-162915
1095,28,0,0.86328125,713.6968383789062,1548.29296875,102.703857421875,142.93032836914062,20250225-162915
1095,9,0,0.90673828125,554.2064208984375,1.307464599609375,365.19122314453125,516.71826171875,20250225-162915
1095,21,0,0.927734375,247.78057861328125,424.67926025390625,1042.30126953125,823.0777587890625,20250225-162915
1096,37,0,0.5390625,703.1412353515625,1157.3931884765625,87.64901733398438,152.90711975097656,20250225-162915
1096,25,0,0.66259765625,683.4266967773438,1722.4442138671875,196.4410400390625,172.36776733398438,20250225-162915
1096,31,0,0.73779296875,647.4971923828125,604.939697265625,172.02841186523438,168.67979431152344,20250225-162915
1096,27,0,0.78857421875,794.8272094726562,1690.553466796875,227.84893798828125,274.160400390625,20250225-162915
1096,10,0,0.8271484375,732.8248291015625,460.3413391113281,152.06634521484375,191.87818908691406,20250225-162915
1096,29,0,0.857421875,699.3235473632812,1317.8345947265625,263.31170654296875,376.7244567871094,20250225-162915
1096,28,0,0.86083984375,712.9358520507812,1546.9244384765625,104.082275390625,143.6664581298828,20250225-162915
1096,9,0,0.90869140625,553.332275390625,1.1224822998046875,365.07049560546875,517.4390869140625,20250225-162915
1096,21,0,0.9296875,247.77328491210938,424.8089599609375,1042.5457763671875,822.836669921875,20250225-162915
1097,37,0,0.5068359375,703.718505859375,1160.77099609375,84.08779907226562,152.910888671875,20250225-162915
1097,25,0,0.7392578125,682.607666015625,1723.2744140625,195.3680419921875,173.1775360107422,20250225-162915
1097,31,0,0.78125,646.6273193359375,604.9960327148438,170.477783203125,169.6507110595703,20250225-162915
1097,27,0,0.78515625,796.7608032226562,1690.724853515625,227.62078857421875,272.5906982421875,20250225-162915
1097,10,0,0.8291015625,732.0737915039062,459.6273193359375,152.8450927734375,191.99346923828125,20250225-162915
1097,29,0,0.85498046875,698.760498046875,1319.0064697265625,260.735595703125,377.61865234375,20250225-162915
1097,28,0,0.86865234375,712.3934936523438,1547.2093505859375,105.0875244140625,144.32980346679688,20250225-162915
1097,9,0,0.91162109375,553.5023803710938,1.4973220825195312,364.71539306640625,516.9695434570312,20250225-162915
1097,21,0,0.92724609375,247.22207641601562,419.51025390625,1048.2645263671875,823.705078125,20250225-162915
1098,37,0,0.375732421875,702.1206665039062,1160.8150634765625,86.93032836914062,157.2180938720703,20250225-162915
1098,25,0,0.75830078125,682.5018310546875,1721.3173828125,197.1064453125,173.87062072753906,20250225-162915
1098,31,0,0.7607421875,646.356689453125,604.592529296875,173.08401489257812,169.2422332763672,20250225-162915
1098,27,0,0.79833984375,796.0490112304688,1691.0020751953125,227.33441162109375,273.18499755859375,20250225-162915
1098,10,0,0.81591796875,731.8880004882812,459.7662048339844,152.48121643066406,191.69219970703125,20250225-162915
1098,29,0,0.84716796875,697.8096923828125,1318.802490234375,260.20166015625,379.4226379394531,20250225-162915
1098,28,0,0.8798828125,710.556884765625,1545.1922607421875,107.8883056640625,146.35853576660156,20250225-162915
1098,9,0,0.91259765625,553.6737060546875,1.3093185424804688,365.38922119140625,516.598388671875,20250225-162915
1098,21,0,0.93017578125,247.76495361328125,425.6390075683594,1041.947021484375,822.9556274414062,20250225-162915
1099,37,0,0.454345703125,703.75390625,1162.392822265625,82.41128540039062,152.81951904296875,20250225-162915
1099,25,0,0.71630859375,682.216552734375,1720.814208984375,197.73907470703125,173.70758056640625,20250225-162915
1099,31,0,0.75341796875,646.7138061523438,604.23779296875,171.43991088867188,169.0028533935547,20250225-162915
1099,27,0,0.78076171875,796.1834716796875,1690.953369140625,227.21575927734375,273.1656799316406,20250225-162915
1099,10,0,0.8134765625,732.5448608398438,459.7938537597656,152.10113525390625,191.312744140625,20250225-162915
1099,29,0,0.8349609375,698.0687255859375,1319.610107421875,257.88226318359375,379.0242004394531,20250225-162915
1099,28,0,0.87060546875,709.658935546875,1544.354736328125,109.2894287109375,147.25421142578125,20250225-162915
1099,9,0,0.9140625,553.1422119140625,1.3004379272460938,364.7641906738281,517.153564453125,20250225-162915
1099,21,0,0.9287109375,250.38682556152344,421.119140625,1047.643798828125,820.300048828125,20250225-162915
1100,37,0,0.391357421875,702.6190795898438,1164.241943359375,79.88909912109375,153.54324340820312,20250225-162915
1100,25,0,0.60400390625,681.9182739257812,1722.7540283203125,196.10394287109375,173.8373565673828,20250225-162915
1100,31,0,0.73046875,646.63427734375,603.69873046875,175.44342041015625,169.51324462890625,20250225-162915
1100,27,0,0.740234375,798.799072265625,1690.4739990234375,227.65411376953125,270.5616760253906,20250225-162915
1100,10,0,0.830078125,732.1681518554688,459.98541259765625,152.49929809570312,192.31396484375,20250225-162915
1100,29,0,0.8583984375,698.7138061523438,1318.698486328125,260.224365234375,377.8560485839844,20250225-162915
1100,28,0,0.8798828125,710.1766967773438,1543.862548828125,109.63238525390625,146.86724853515625,20250225-162915
1100,9,0,0.91162109375,552.2720947265625,1.2980575561523438,364.92462158203125,517.9674072265625,20250225-162915
1100,21,0,0.92822265625,250.96421813964844,426.57440185546875,1040.3946533203125,819.8375854492188,20250225-162915
1101,37,0,0.42724609375,704.4291381835938,1160.922119140625,87.00430297851562,149.6965789794922,20250225-162915
1101,25,0,0.65673828125,682.269775390625,1721.904052734375,197.07183837890625,173.68011474609375,20250225-162915
1101,27,0,0.7470703125,800.205322265625,1690.5574951171875,227.7579345703125,268.7673034667969,20250225-162915
1101,31,0,0.759765625,646.8013305664062,603.9098510742188,172.1715087890625,168.46234130859375,20250225-162915
1101,10,0,0.8310546875,732.2586669921875,460.1813049316406,153.0333251953125,192.54397583007812,20250225-162915
1101,29,0,0.8603515625,699.0042724609375,1319.1536865234375,255.0289306640625,377.22589111328125,20250225-162915
1101,28,0,0.8681640625,709.5185546875,1543.1436767578125,110.1126708984375,147.56317138671875,20250225-162915
1101,9,0,0.91064453125,553.1497802734375,1.3035049438476562,365.59100341796875,516.9264526367188,20250225-162915
1101,21,0,0.92822265625,250.03500366210938,422.6291198730469,1045.18798828125,820.8648071289062,20250225-162915
1102,25,0,0.45703125,680.3597412109375,1721.741455078125,197.86541748046875,175.2227020263672,20250225-162915
1102,37,0,0.482421875,705.3172607421875,1164.59814453125,80.58636474609375,151.53150939941406,20250225-162915
1102,27,0,0.64892578125,804.1328125,1690.3311767578125,227.77880859375,264.84442138671875,20250225-162915
1102,31,0,0.751953125,646.5822143554688,604.5807495117188,170.252197265625,168.97076416015625,20250225-162915
1102,10,0,0.79638671875,731.9766235351562,460.1319580078125,156.1373291015625,192.72036743164062,20250225-162915
1102,29,0,0.84423828125,698.427490234375,1319.3631591796875,264.2109375,378.637451171875,20250225-162915
1102,28,0,0.861328125,707.402099609375,1543.8006591796875,108.99298095703125,149.53594970703125,20250225-162915
1102,9,0,0.91162109375,552.6224365234375,1.2981491088867188,364.59600830078125,517.598876953125,20250225-162915
1102,21,0,0.9287109375,248.5132293701172,421.762451171875,1045.3399658203125,822.9255981445312,20250225-162915
1103,39,0,0.375732421875,682.8269653320312,1840.2154541015625,79.048828125,163.14981079101562,20250225-162915
1103,37,0,0.437744140625,706.0982666015625,1165.05712890625,79.86932373046875,150.6703643798828,20250225-162915
1103,25,0,0.447509765625,752.3082275390625,1720.8958740234375,133.03619384765625,103.50949096679688,20250225-162915
1103,27,0,0.66455078125,801.8502197265625,1690.7490234375,227.46533203125,267.3033752441406,20250225-162915
1103,31,0,0.7392578125,646.1468505859375,604.1563110351562,170.32012939453125,169.5667266845703,20250225-162915
1103,10,0,0.783203125,732.368896484375,459.4181213378906,151.87884521484375,191.15927124023438,20250225-162915
1103,29,0,0.85302734375,698.3189086914062,1318.2366943359375,255.5255126953125,378.4039001464844,20250225-162915
1103,28,0,0.873046875,707.3886108398438,1541.8974609375,112.1934814453125,149.65365600585938,20250225-162915
1103,9,0,0.91162109375,552.615234375,1.3046951293945312,364.7569885253906,517.4752807617188,20250225-162915
1103,21,0,0.92529296875,250.23593139648438,421.08990478515625,1045.7764892578125,820.7539672851562,20250225-162915
1104,39,0,0.367431640625,682.2273559570312,1839.6383056640625,79.66937255859375,163.54110717773438,20250225-162915
1104,37,0,0.37744140625,705.4241333007812,1165.1776123046875,83.6279296875,154.60948181152344,20250225-162915
1104,25,0,0.418701171875,751.8832397460938,1721.800048828125,132.1966552734375,103.45361328125,20250225-162915
1104,27,0,0.66259765625,804.3372192382812,1690.6622314453125,227.55322265625,264.91119384765625,20250225-162915
1104,31,0,0.7333984375,646.208984375,604.0680541992188,171.57220458984375,170.82362365722656,20250225-162915
1104,10,0,0.79052734375,732.0822143554688,459.7621765136719,153.6943359375,191.53907775878906,20250225-162915
1104,29,0,0.8447265625,698.654052734375,1318.857177734375,256.17095947265625,378.1809997558594,20250225-162915
1104,28,0,0.86328125,707.5296630859375,1542.9276123046875,110.07073974609375,149.31724548339844,20250225-162915
1104,9,0,0.91162109375,553.31591796875,1.500091552734375,364.3894958496094,517.005126953125,20250225-162915
1104,21,0,0.92626953125,254.76617431640625,422.6051025390625,1043.7637939453125,816.19140625,20250225-162915
1105,37,0,0.382080078125,707.815673828125,1167.345703125,77.40206909179688,148.82972717285156,20250225-162915
1105,25,0,0.64404296875,681.0202026367188,1719.1776123046875,199.39691162109375,175.0873565673828,20250225-162915
1105,31,0,0.74169921875,646.9216918945312,603.50048828125,171.19802856445312,169.9703369140625,20250225-162915
1105,27,0,0.74609375,800.3604125976562,1690.78125,227.534912109375,269.08367919921875,20250225-162915
1105,10,0,0.78076171875,731.9824829101562,458.89434814453125,152.57455444335938,191.82154846191406,20250225-162915
1105,29,0,0.85595703125,698.8837890625,1317.91552734375,265.66571044921875,378.52001953125,20250225-162915
1105,28,0,0.87060546875,707.5845947265625,1542.5767822265625,110.5426025390625,148.8465576171875,20250225-162915
1105,9,0,0.91162109375,552.9725341796875,1.1201934814453125,365.6046142578125,516.9367065429688,20250225-162915
1105,21,0,0.92626953125,254.39718627929688,421.7991027832031,1044.758544921875,816.2999877929688,20250225-162915
1106,37,0,0.42529296875,706.7860717773438,1164.54345703125,83.76177978515625,147.74444580078125,20250225-162915
1106,25,0,0.703125,681.5574951171875,1720.341796875,198.33416748046875,174.5523223876953,20250225-162915
1106,31,0,0.751953125,646.78271484375,602.9851684570312,171.00677490234375,169.36077880859375,20250225-162915
1106,27,0,0.7685546875,795.8350219726562,1690.595947265625,227.70867919921875,273.3314208984375,20250225-162915
1106,10,0,0.78466796875,732.7225341796875,459.54217529296875,158.13121032714844,191.7876434326172,20250225-162915
1106,29,0,0.8564453125,699.143798828125,1317.98046875,270.17742919921875,378.28851318359375,20250225-162915
1106,28,0,0.8671875,707.1762084960938,1541.6480712890625,109.5875244140625,149.52529907226562,20250225-162915
1106,9,0,0.91064453125,553.6810913085938,1.312225341796875,365.91387939453125,516.2657470703125,20250225-162915
1106,21,0,0.92724609375,256.8380432128906,423.4508056640625,1042.631103515625,814.4381103515625,20250225-162915
1107,37,0,0.42333984375,706.6666870117188,1164.935546875,84.05218505859375,147.3078155517578,20250225-162915
1107,25,0,0.55712890625,679.6441040039062,1720.267822265625,198.81866455078125,176.2703094482422,20250225-162915
1107,27,0,0.72705078125,799.101806640625,1690.64501953125,227.66033935546875,270.54364013671875,20250225-162915
1107,31,0,0.736328125,646.7852783203125,603.5612182617188,169.89706420898438,171.76124572753906,20250225-162915
1107,10,0,0.767578125,732.5478515625,460.08782958984375,152.33326721191406,191.44088745117188,20250225-162915
1107,29,0,0.85302734375,698.8987426757812,1317.472900390625,269.60797119140625,378.7879638671875,20250225-162915
1107,28,0,0.85791015625,707.3560791015625,1541.763427734375,109.54486083984375,149.2657470703125,20250225-162915
1107,9,0,0.91064453125,552.0833129882812,1.3131179809570312,366.069091796875,517.658935546875,20250225-162915
1107,21,0,0.9267578125,251.71926879882812,422.5142822265625,1044.2757568359375,819.54833984375,20250225-162915
1108,37,0,0.443603515625,706.2946166992188,1166.8831787109375,80.5477294921875,144.0433807373047,20250225-162915
1108,25,0,0.65673828125,679.2456665039062,1720.363525390625,198.1754150390625,176.82156372070312,20250225-162915
1108,27,0,0.73876953125,801.4749755859375,1690.781982421875,227.46661376953125,267.7666931152344,20250225-162915
1108,31,0,0.73876953125,646.4859008789062,603.5341186523438,169.70855712890625,171.6134033203125,20250225-162915
1108,10,0,0.7841796875,732.3538818359375,459.83770751953125,155.31976318359375,191.44517517089844,20250225-162915
1108,29,0,0.8505859375,697.8340454101562,1318.960693359375,259.00323486328125,379.25457763671875,20250225-162915
1108,28,0,0.861328125,707.4232177734375,1541.8699951171875,111.37701416015625,149.415771484375,20250225-162915
1108,9,0,0.91064453125,552.6107788085938,1.1177215576171875,366.4423522949219,517.4347534179688,20250225-162915
1108,21,0,0.92529296875,256.45953369140625,422.455810546875,1045.50732421875,814.9021606445312,20250225-162915
1109,37,0,0.285400390625,705.43212890625,1167.0736083984375,76.67459106445312,128.62191772460938,20250225-162915
1109,35,0,0.422607421875,780.320068359375,1168.2872314453125,92.75628662109375,108.97991180419922,20250225-162915
1109,31,0,0.73193359375,646.136962890625,603.1602783203125,168.92477416992188,172.40647888183594,20250225-162915
1109,10,0,0.7568359375,732.5443115234375,459.8002624511719,157.90054321289062,190.72703552246094,20250225-162915
1109,25,0,0.75927734375,680.8988037109375,1719.84716796875,198.523681640625,175.45578002929688,20250225-162915
1109,27,0,0.77783203125,798.79345703125,1690.3699951171875,227.969970703125,270.82415771484375,20250225-162915
1109,29,0,0.8525390625,697.2713623046875,1318.288818359375,267.52935791015625,380.4917297363281,20250225-162915
1109,28,0,0.8681640625,706.7700805664062,1541.4202880859375,110.480712890625,149.80836486816406,20250225-162915
1109,9,0,0.91064453125,552.43603515625,1.3035964965820312,366.25,517.4678955078125,20250225-162915
1109,21,0,0.92578125,255.87655639648438,421.55859375,1046.693115234375,815.3509521484375,20250225-162915
1110,37,0,0.267333984375,706.3158569335938,1166.52978515625,76.81915283203125,110.73841094970703,20250225-162915
1110,35,0,0.43408203125,779.9323120117188,1166.148681640625,93.43899536132812,109.03192138671875,20250225-162915
1110,25,0,0.70751953125,679.9747314453125,1721.2203369140625,197.15606689453125,176.10916137695312,20250225-162915
1110,31,0,0.74609375,646.2130126953125,602.1725463867188,168.09750366210938,172.4931640625,20250225-162915
1110,10,0,0.76611328125,732.44873046875,459.87139892578125,156.84530639648438,191.87269592285156,20250225-162915
1110,27,0,0.7685546875,799.0885009765625,1690.30419921875,228.0296630859375,270.54510498046875,20250225-162915
1110,29,0,0.84912109375,698.6644287109375,1318.5201416015625,264.638671875,377.77960205078125,20250225-162915
1110,28,0,0.86962890625,707.2313842773438,1540.4014892578125,111.2977294921875,149.3473663330078,20250225-162915
1110,9,0,0.91064453125,552.9710693359375,1.490020751953125,365.6858825683594,517.2064819335938,20250225-162915
1110,21,0,0.92333984375,256.45635986328125,425.44415283203125,1042.0726318359375,814.909423828125,20250225-162915
1111,37,0,0.401611328125,706.8871459960938,1167.597412109375,79.22845458984375,141.23422241210938,20250225-162915
1111,25,0,0.57763671875,680.2113647460938,1721.0240478515625,197.8201904296875,175.99822998046875,20250225-162915
1111,27,0,0.70751953125,805.6865234375,1690.244873046875,227.88720703125,263.94403076171875,20250225-162915
1111,31,0,0.74169921875,646.60498046875,601.6138916015625,168.40081787109375,173.85073852539062,20250225-162915
1111,10,0,0.8017578125,732.06640625,459.7843322753906,156.30010986328125,192.7873077392578,20250225-162915
1111,29,0,0.85693359375,699.5259399414062,1316.7557373046875,263.2822265625,377.1537780761719,20250225-162915
1111,28,0,0.86083984375,707.1007080078125,1540.9361572265625,108.6273193359375,149.91067504882812,20250225-162915
1111,9,0,0.90966796875,552.6146850585938,1.1009902954101562,364.9224853515625,517.8807373046875,20250225-162915
1111,21,0,0.9267578125,250.8015594482422,428.4652099609375,1038.1072998046875,820.3718872070312,20250225-162915
1112,37,0,0.36669921875,706.9099731445312,1163.92822265625,84.68536376953125,147.31240844726562,20250225-162915
1112,25,0,0.56982421875,679.3703002929688,1721.7125244140625,197.3466796875,176.76229858398438,20250225-162915
1112,27,0,0.75341796875,801.5565185546875,1690.3223876953125,227.80865478515625,268.0912170410156,20250225-162915
1112,31,0,0.7685546875,646.6573486328125,601.4774780273438,168.42919921875,173.26126098632812,20250225-162915
1112,10,0,0.77734375,731.6024169921875,459.13507080078125,152.98745727539062,193.0070343017578,20250225-162915
1112,29,0,0.8447265625,699.1531372070312,1318.224609375,265.3743896484375,377.3775939941406,20250225-162915
1112,28,0,0.85986328125,708.1658935546875,1541.6986083984375,107.0859375,148.44894409179688,20250225-162915
1112,9,0,0.90966796875,553.6757202148438,1.0977401733398438,364.76776123046875,516.663818359375,20250225-162915
1112,21,0,0.927734375,251.94586181640625,422.2158508300781,1045.332275390625,819.1898803710938,20250225-162915
1113,37,0,0.247314453125,706.39697265625,1172.304443359375,71.2239990234375,113.61004638671875,20250225-162915
1113,39,0,0.363037109375,678.164306640625,1837.6322021484375,81.63189697265625,168.45310974121094,20250225-162915
1113,35,0,0.39697265625,780.5059204101562,1167.023681640625,95.47073364257812,108.41136932373047,20250225-162915
1113,25,0,0.466796875,753.1802368164062,1722.86572265625,128.61529541015625,101.81587982177734,20250225-162915
1113,27,0,0.6884765625,807.1219482421875,1690.6021728515625,227.4459228515625,262.5173645019531,20250225-162915
1113,31,0,0.75341796875,646.3458251953125,600.1334838867188,170.58599853515625,174.19114685058594,20250225-162915
1113,10,0,0.79248046875,731.6934204101562,459.075439453125,158.3540496826172,192.56158447265625,20250225-162915
1113,29,0,0.84033203125,697.82275390625,1317.6126708984375,272.3873291015625,378.7497253417969,20250225-162915
1113,28,0,0.8662109375,709.3369140625,1542.589599609375,106.47967529296875,147.08547973632812,20250225-162915
1113,9,0,0.91064453125,553.1470336914062,1.2883758544921875,364.90234375,517.2823486328125,20250225-162915
1113,21,0,0.92529296875,251.17312622070312,424.90008544921875,1042.8599853515625,819.5709838867188,20250225-162915
1114,39,0,0.3701171875,679.2952270507812,1837.9156494140625,81.39715576171875,166.09706115722656,20250225-162915
1114,35,0,0.41015625,780.2708129882812,1166.5052490234375,93.68902587890625,109.89649963378906,20250225-162915
1114,25,0,0.455078125,753.518798828125,1722.8009033203125,129.61212158203125,102.22091674804688,20250225-162915
1114,27,0,0.64501953125,809.951416015625,1690.356201171875,227.8560791015625,259.29718017578125,20250225-162915
1114,31,0,0.708984375,646.4566040039062,598.94091796875,172.11630249023438,174.607177734375,20250225-162915
1114,10,0,0.81005859375,731.220458984375,459.287109375,159.9239959716797,193.1096954345703,20250225-162915
1114,29,0,0.85791015625,697.7297973632812,1317.9580078125,261.41326904296875,379.6208190917969,20250225-162915
1114,28,0,0.8740234375,709.9736328125,1543.5263671875,104.79949951171875,146.37307739257812,20250225-162915
1114,9,0,0.91162109375,552.0902709960938,1.2959518432617188,364.88311767578125,518.3444213867188,20250225-162915
1114,21,0,0.92333984375,249.15017700195312,417.11993408203125,1049.81103515625,821.94677734375,20250225-162915
1115,37,0,0.27587890625,707.4218139648438,1172.991943359375,70.50100708007812,114.07246398925781,20250225-162915
1115,35,0,0.36376953125,780.1994018554688,1167.890625,91.91958618164062,107.65554809570312,20250225-162915
1115,39,0,0.41015625,678.3707275390625,1836.1475830078125,83.7301025390625,167.486572265625,20250225-162915
1115,25,0,0.458984375,754.502197265625,1723.17919921875,129.02142333984375,100.66352081298828,20250225-162915
1115,27,0,0.68408203125,807.9654541015625,1690.6629638671875,227.57720947265625,261.5778503417969,20250225-162915
1115,31,0,0.72412109375,646.3770751953125,597.2325439453125,172.49761962890625,173.1734619140625,20250225-162915
1115,10,0,0.82763671875,731.3169555664062,459.2593688964844,155.0115509033203,192.9545135498047,20250225-162915
1115,29,0,0.861328125,697.845703125,1317.1083984375,258.6383056640625,378.5763244628906,20250225-162915
1115,28,0,0.8798828125,711.5076293945312,1543.8651123046875,104.28643798828125,145.5876922607422,20250225-162915
1115,9,0,0.912109375,552.077392578125,1.1057052612304688,364.9302978515625,517.9367065429688,20250225-162915
1115,21,0,0.92529296875,250.44485473632812,418.095703125,1049.838134765625,820.6143188476562,20250225-162915
1116,37,0,0.319091796875,708.6235961914062,1167.17529296875,77.79693603515625,149.3341064453125,20250225-162915
1116,39,0,0.39990234375,678.27880859375,1837.5670166015625,81.7994384765625,167.62149047851562,20250225-162915
1116,25,0,0.466796875,754.7765502929688,1722.8935546875,130.09844970703125,100.5300521850586,20250225-162915
1116,27,0,0.67236328125,808.8008422851562,1690.6614990234375,227.47027587890625,260.8362121582031,20250225-162915
1116,31,0,0.73046875,646.804931640625,598.2716674804688,171.642333984375,173.45046997070312,20250225-162915
1116,10,0,0.81884765625,731.4093017578125,459.3965148925781,156.99169921875,193.22462463378906,20250225-162915
1116,29,0,0.861328125,698.2216796875,1318.0352783203125,257.04986572265625,377.9930419921875,20250225-162915
1116,28,0,0.87060546875,713.7020263671875,1544.1463623046875,104.178955078125,143.460205078125,20250225-162915
1116,9,0,0.912109375,552.2554321289062,1.2863845825195312,365.732177734375,518.09375,20250225-162915
1116,21,0,0.92529296875,253.30111694335938,421.8682861328125,1046.0445556640625,817.522705078125,20250225-162915
1117,37,0,0.26806640625,706.9591674804688,1172.3560791015625,72.18768310546875,134.35459899902344,20250225-162915
1117,35,0,0.35498046875,780.3578491210938,1170.3350830078125,94.08059692382812,111.60006713867188,20250225-162915
1117,39,0,0.4658203125,677.9324951171875,1722.45263671875,197.29962158203125,178.0516357421875,20250225-162915
1117,31,0,0.71240234375,646.32568359375,597.1250610351562,172.1605224609375,174.06411743164062,20250225-162915
1117,27,0,0.77197265625,800.8466796875,1690.562255859375,227.68963623046875,268.80841064453125,20250225-162915
1117,10,0,0.79833984375,731.5045776367188,459.3697814941406,158.1793670654297,192.42691040039062,20250225-162915
1117,28,0,0.85986328125,713.9610595703125,1543.966552734375,103.76458740234375,142.87110900878906,20250225-162915
1117,29,0,0.86669921875,698.1154174804688,1317.2647705078125,261.5423583984375,378.0411071777344,20250225-162915
1117,9,0,0.91357421875,551.9009399414062,1.4696044921875,365.0576171875,518.6873779296875,20250225-162915
1117,21,0,0.92626953125,255.9180145263672,422.640380859375,1044.8056640625,814.8911743164062,20250225-162915
1118,35,0,0.352294921875,779.9391479492188,1167.351318359375,97.19036865234375,112.32344818115234,20250225-162915
1118,39,0,0.73876953125,677.6005859375,1722.005859375,196.5380859375,178.50277709960938,20250225-162915
1118,31,0,0.74755859375,646.482666015625,596.7127075195312,172.14715576171875,173.49093627929688,20250225-162915
1118,27,0,0.791015625,795.7306518554688,1690.71533203125,227.65301513671875,274.0012512207031,20250225-162915
1118,10,0,0.80810546875,731.0359497070312,459.5397033691406,156.32757568359375,192.38116455078125,20250225-162915
1118,28,0,0.85986328125,714.2689208984375,1545.1307373046875,102.9404296875,142.27174377441406,20250225-162915
1118,29,0,0.8701171875,698.1629638671875,1316.3507080078125,263.1690673828125,378.0809326171875,20250225-162915
1118,9,0,0.9130859375,552.2508544921875,1.2962722778320312,365.7483825683594,517.8367919921875,20250225-162915
1118,21,0,0.92529296875,250.4654541015625,413.96685791015625,1053.1329345703125,820.5750122070312,20250225-162915
1119,37,0,0.3486328125,708.2568359375,1163.3070068359375,82.5772705078125,148.85513305664062,20250225-162915
1119,39,0,0.373779296875,677.6218872070312,1837.8402099609375,82.001953125,168.20970153808594,20250225-162915
1119,25,0,0.416748046875,751.52490234375,1722.50537109375,129.76171875,103.52485656738281,20250225-162915
1119,27,0,0.70654296875,800.4733276367188,1690.4681396484375,227.712890625,268.9747619628906,20250225-162915
1119,31,0,0.75830078125,646.3310546875,596.8544921875,171.61752319335938,173.24404907226562,20250225-162915
1119,10,0,0.7958984375,731.512451171875,458.70721435546875,157.8731689453125,191.90463256835938,20250225-162915
1119,29,0,0.8623046875,698.2623901367188,1315.806640625,265.82830810546875,377.2000732421875,20250225-162915
1119,28,0,0.87060546875,714.624267578125,1544.9183349609375,102.87835693359375,142.0039520263672,20250225-162915
1119,9,0,0.9140625,552.2588500976562,1.2952423095703125,364.755859375,517.77294921875,20250225-162915
1119,21,0,0.9248046875,255.36672973632812,418.7604675292969,1048.9368896484375,815.7202758789062,20250225-162915
