frame_num,object_id,class_id,confidence,top,left,width,height,timestamp
3037,126,0,0.32763671875,1.3646435737609863,1644.97998046875,272.62445068359375,216.91627502441406,20250225-161942
3037,114,0,0.583984375,1.7417192459106445,1176.4456787109375,518.044189453125,522.4716796875,20250225-161942
3037,102,0,0.91943359375,5.989522933959961,5.01068115234375,1113.510986328125,1057.89453125,20250225-161942
3038,126,0,0.77978515625,1.7168068885803223,1708.3736572265625,210.55682373046875,196.3981475830078,20250225-161942
3038,114,0,0.85205078125,1.2745857238769531,1255.8497314453125,449.677001953125,449.580322265625,20250225-161942
3038,102,0,0.92431640625,8.474922180175781,4.65728759765625,1110.760498046875,1054.824951171875,20250225-161942
3039,126,0,0.83203125,2.4110913276672363,1701.7342529296875,217.85888671875,191.8959197998047,20250225-161942
3039,114,0,0.875,0.3934049606323242,1262.8414306640625,464.006103515625,450.87469482421875,20250225-161942
3039,102,0,0.92822265625,3.860149383544922,4.169403076171875,1099.6845703125,1060.6593017578125,20250225-161942
3040,126,0,0.6083984375,1.7319560050964355,1687.607421875,230.833740234375,208.6669921875,20250225-161942
3040,114,0,0.79736328125,1.3063859939575195,1219.65966796875,462.1651611328125,477.6189880371094,20250225-161942
3040,102,0,0.9365234375,2.46368408203125,3.34771728515625,1091.2701416015625,1061.698974609375,20250225-161942
3041,126,0,0.822265625,2.159907817840576,1691.999755859375,227.4569091796875,212.2642059326172,20250225-161942
3041,114,0,0.8916015625,1.117386817932129,1234.947998046875,481.39947509765625,467.72314453125,20250225-161942
3041,102,0,0.92724609375,2.1813011169433594,3.1827392578125,1088.18701171875,1063.104736328125,20250225-161942
3042,126,0,0.82568359375,1.6738057136535645,1687.7841796875,231.7503662109375,215.28076171875,20250225-161942
3042,132,0,0.833984375,0.4345071315765381,1009.0111083984375,240.6265869140625,137.21571350097656,20250225-161942
3042,114,0,0.8896484375,1.1282014846801758,1234.3055419921875,474.6943359375,466.9593200683594,20250225-161942
3042,102,0,0.93212890625,1.6119861602783203,2.40948486328125,1089.2105712890625,1064.6392822265625,20250225-161942
3043,132,0,0.69091796875,1.893768310546875,1009.4371948242188,235.37246704101562,145.9464569091797,20250225-161942
3043,126,0,0.7734375,0.9623980522155762,1678.911376953125,240.0604248046875,218.75103759765625,20250225-161942
3043,114,0,0.83740234375,0.9408760070800781,1226.43359375,455.2587890625,480.7533874511719,20250225-161942
3043,102,0,0.93505859375,0.8436298370361328,0.901611328125,1087.1444091796875,1065.219482421875,20250225-161942
3044,133,0,0.312255859375,1.2239670753479004,797.67919921875,173.97409057617188,179.36463928222656,20250225-161942
3044,126,0,0.5029296875,1.7270421981811523,1678.5040283203125,240.42974853515625,232.7855987548828,20250225-161942
3044,132,0,0.7734375,0.7581532001495361,1006.103759765625,236.93142700195312,162.8990478515625,20250225-161942
3044,114,0,0.845703125,1.2626123428344727,1235.4884033203125,452.115234375,485.88238525390625,20250225-161942
3044,102,0,0.92724609375,1.1649799346923828,2.72882080078125,1083.00244140625,1062.8851318359375,20250225-161942
3045,133,0,0.57275390625,1.5445876121520996,796.060546875,178.09048461914062,220.19961547851562,20250225-161942
3045,126,0,0.62890625,1.7567181587219238,1677.1263427734375,241.44598388671875,237.32656860351562,20250225-161942
3045,132,0,0.826171875,0.4126310348510742,1005.3876953125,233.40234375,172.3596954345703,20250225-161942
3045,114,0,0.86328125,0.9468412399291992,1240.759033203125,456.10491943359375,488.45343017578125,20250225-161942
3045,102,0,0.92431640625,2.8563594818115234,2.767181396484375,1082.205810546875,1061.6583251953125,20250225-161942
3046,134,0,0.68603515625,0.9335160255432129,1231.717529296875,125.75079345703125,167.9789581298828,20250225-161942
3046,133,0,0.7177734375,3.996727466583252,795.9475708007812,174.14923095703125,189.70513916015625,20250225-161942
3046,126,0,0.75146484375,1.6523051261901855,1681.7545166015625,236.58966064453125,247.4342803955078,20250225-161942
3046,132,0,0.8193359375,1.1566758155822754,1007.3362426757812,231.40850830078125,179.43710327148438,20250225-161942
3046,114,0,0.865234375,0.6699943542480469,1243.1356201171875,433.965087890625,497.9674987792969,20250225-161942
3046,102,0,0.9228515625,0.34478187561035156,2.55450439453125,1081.35107421875,1064.115966796875,20250225-161942
3047,133,0,0.440673828125,2.0891404151916504,788.7059326171875,180.03469848632812,201.27655029296875,20250225-161942
3047,134,0,0.5146484375,0.14140605926513672,1228.5830078125,126.0567626953125,176.1617431640625,20250225-161942
3047,126,0,0.650390625,1.169593334197998,1666.903564453125,251.78045654296875,251.47764587402344,20250225-161942
3047,114,0,0.8134765625,1.6141748428344727,1238.059326171875,426.15472412109375,505.47705078125,20250225-161942
3047,132,0,0.845703125,0.7353544235229492,1000.2533569335938,237.9891357421875,192.74578857421875,20250225-161942
3047,102,0,0.92431640625,2.5926876068115234,2.4228515625,1072.58447265625,1061.8795166015625,20250225-161942
3048,126,0,0.2568359375,3.651580810546875,1653.6851806640625,266.001708984375,241.1038055419922,20250225-161942
3048,134,0,0.4833984375,1.5504884719848633,1221.4647216796875,123.662109375,181.11740112304688,20250225-161942
3048,133,0,0.66650390625,2.629208564758301,784.8489990234375,180.76181030273438,215.70350646972656,20250225-161942
3048,132,0,0.81640625,2.137291431427002,993.930908203125,235.56710815429688,198.45506286621094,20250225-161942
3048,114,0,0.86669921875,2.201857566833496,1229.85791015625,397.3282470703125,508.53240966796875,20250225-161942
3048,102,0,0.92578125,2.015047073364258,2.6092529296875,1067.43359375,1062.7528076171875,20250225-161942
3049,126,0,0.41015625,2.432377338409424,1652.7857666015625,265.92315673828125,258.00054931640625,20250225-161942
3049,134,0,0.64501953125,0.4667365550994873,1218.8221435546875,123.62265014648438,174.00782775878906,20250225-161942
3049,133,0,0.75439453125,1.643507480621338,782.6094360351562,180.47836303710938,227.29229736328125,20250225-161942
3049,132,0,0.81591796875,13.230735778808594,994.0025024414062,234.59939575195312,194.50547790527344,20250225-161942
3049,114,0,0.8544921875,1.121978759765625,1230.182373046875,426.2098388671875,509.75146484375,20250225-161942
3049,102,0,0.9345703125,0.3790283203125,2.9080810546875,1062.7734375,1063.643310546875,20250225-161942
3050,133,0,0.310791015625,1.9962072372436523,776.811767578125,174.99069213867188,269.71795654296875,20250225-161942
3050,114,0,0.548828125,0.8711385726928711,1165.159912109375,479.93865966796875,615.1151123046875,20250225-161942
3050,134,0,0.6142578125,3.7506508827209473,1205.5389404296875,130.02090454101562,195.7518768310547,20250225-161942
3050,132,0,0.759765625,20.22913360595703,986.2265625,231.57266235351562,199.61119079589844,20250225-161942
3050,102,0,0.9208984375,2.511749267578125,2.962005615234375,1055.85986328125,1062.416259765625,20250225-161942
3051,133,0,0.383056640625,1.4523839950561523,769.1102294921875,174.2874755859375,287.80584716796875,20250225-161942
3051,134,0,0.57861328125,16.94036102294922,1198.2352294921875,127.31240844726562,212.08941650390625,20250225-161942
3051,126,0,0.76953125,0.8994197845458984,1619.37890625,299.771484375,284.841796875,20250225-161942
3051,132,0,0.78857421875,35.04726791381836,980.4813232421875,227.78741455078125,207.72125244140625,20250225-161942
3051,114,0,0.79052734375,7.863550186157227,1212.1622314453125,394.93212890625,541.8136596679688,20250225-161942
3051,102,0,0.91748046875,0.9314346313476562,1.95611572265625,1044.075927734375,1065.114013671875,20250225-161942
3052,132,0,0.48828125,53.81717300415039,976.3474731445312,228.23538208007812,210.1085968017578,20250225-161943
3052,134,0,0.509765625,32.51706314086914,1192.25244140625,126.09832763671875,216.967041015625,20250225-161943
3052,126,0,0.65380859375,1.8888330459594727,1609.890380859375,306.92486572265625,306.63671875,20250225-161943
3052,133,0,0.75830078125,0.30890464782714844,768.5191650390625,166.14569091796875,314.74090576171875,20250225-161943
3052,114,0,0.75927734375,31.310218811035156,1207.64208984375,384.09228515625,533.8137817382812,20250225-161943
3052,102,0,0.8916015625,0.0,3.7056884765625,1042.14697265625,1064.9390869140625,20250225-161943
3053,134,0,0.60205078125,57.097877502441406,1196.03466796875,117.05319213867188,217.03781127929688,20250225-161943
3053,133,0,0.66015625,0.8274507522583008,770.8251342773438,167.79107666015625,312.63287353515625,20250225-161943
3053,126,0,0.74755859375,5.376992225646973,1622.6942138671875,296.1668701171875,316.29150390625,20250225-161943
3053,132,0,0.7744140625,82.23867797851562,981.6146850585938,221.87786865234375,206.02102661132812,20250225-161943
3053,114,0,0.8017578125,57.445579528808594,1216.82666015625,359.498291015625,530.65283203125,20250225-161943
3053,102,0,0.9052734375,0.0,3.821136474609375,1041.9832763671875,1063.4578857421875,20250225-161943
3054,134,0,0.63720703125,86.60440063476562,1197.61376953125,119.45223999023438,211.15113830566406,20250225-161943
3054,132,0,0.7578125,108.86994934082031,985.6997680664062,222.03387451171875,198.73065185546875,20250225-161943
3054,133,0,0.7822265625,0.8360552787780762,779.715087890625,158.92044067382812,318.7376403808594,20250225-161943
3054,114,0,0.81298828125,78.39762115478516,1219.7940673828125,377.60028076171875,525.6873779296875,20250225-161943
3054,126,0,0.8505859375,27.44705581665039,1625.4298095703125,293.46514892578125,316.69134521484375,20250225-161943
3054,102,0,0.92138671875,1.4969730377197266,3.555267333984375,1044.586181640625,1063.94677734375,20250225-161943
3055,134,0,0.6884765625,105.74121856689453,1199.645751953125,120.6624755859375,205.71170043945312,20250225-161943
3055,133,0,0.763671875,4.643290042877197,786.1510620117188,150.31118774414062,321.67071533203125,20250225-161943
3055,132,0,0.787109375,125.75257873535156,984.795654296875,222.32318115234375,193.70042419433594,20250225-161943
3055,114,0,0.8125,101.8025131225586,1218.491943359375,407.16778564453125,518.4166870117188,20250225-161943
3055,126,0,0.85595703125,45.82332992553711,1626.37060546875,292.81951904296875,312.7738952636719,20250225-161943
3055,102,0,0.9296875,0.0,2.4393310546875,1044.4716796875,1065.267822265625,20250225-161943
3056,134,0,0.65771484375,121.12106323242188,1197.872314453125,120.77426147460938,208.50514221191406,20250225-161943
3056,133,0,0.72705078125,18.561132431030273,781.685302734375,153.186767578125,345.4452209472656,20250225-161943
3056,132,0,0.796875,143.36827087402344,984.3444213867188,221.548828125,193.71763610839844,20250225-161943
3056,126,0,0.796875,63.56462097167969,1612.226806640625,299.21209716796875,319.38958740234375,20250225-161943
3056,114,0,0.83642578125,118.26799011230469,1213.483154296875,365.0804443359375,520.0501098632812,20250225-161943
3056,102,0,0.923828125,0.0,2.021484375,1043.9482421875,1067.313232421875,20250225-161943
3057,134,0,0.57666015625,141.83872985839844,1190.33203125,123.32254028320312,201.04684448242188,20250225-161943
3057,114,0,0.71044921875,138.6717529296875,1190.328125,385.5531005859375,518.8071899414062,20250225-161943
3057,133,0,0.7578125,36.39980697631836,780.9483032226562,153.35467529296875,322.4725341796875,20250225-161943
3057,132,0,0.80615234375,163.6133270263672,977.8408813476562,224.37176513671875,190.51760864257812,20250225-161943
3057,126,0,0.81689453125,86.14041137695312,1610.7037353515625,307.248779296875,314.5461730957031,20250225-161943
3057,102,0,0.90185546875,0.0,3.3636474609375,1036.895751953125,1068.466064453125,20250225-161943
3058,133,0,0.5224609375,53.01723098754883,785.9892578125,143.296875,241.14129638671875,20250225-161943
3058,134,0,0.66552734375,158.0997772216797,1184.1806640625,122.0145263671875,190.79148864746094,20250225-161943
3058,126,0,0.83203125,105.50884246826172,1606.94384765625,310.65985107421875,305.0498046875,20250225-161943
3058,114,0,0.83984375,153.60142517089844,1192.0447998046875,396.1666259765625,497.43243408203125,20250225-161943
3058,132,0,0.84375,177.39633178710938,972.1435546875,224.48391723632812,185.89454650878906,20250225-161943
3058,102,0,0.90625,0.0,3.48211669921875,1029.45458984375,1068.6873779296875,20250225-161943
3059,134,0,0.67041015625,166.06446838378906,1178.6026611328125,122.07907104492188,188.79747009277344,20250225-161943
3059,133,0,0.7265625,58.083343505859375,778.1173095703125,147.33554077148438,307.4790344238281,20250225-161943
3059,132,0,0.85498046875,182.31820678710938,966.2589111328125,223.69198608398438,184.97235107421875,20250225-161943
3059,126,0,0.87255859375,114.32337951660156,1595.2100830078125,324.27392578125,302.1231689453125,20250225-161943
3059,114,0,0.8818359375,159.17691040039062,1178.8450927734375,431.014892578125,491.24078369140625,20250225-161943
3059,102,0,0.88427734375,0.0,3.923126220703125,1028.2813720703125,1068.1878662109375,20250225-161943
3060,133,0,0.4794921875,63.61872482299805,771.9715576171875,147.98501586914062,292.26251220703125,20250225-161943
3060,134,0,0.60400390625,172.2167510986328,1174.6885986328125,119.21630859375,186.71823120117188,20250225-161943
3060,132,0,0.818359375,188.81846618652344,959.6099853515625,223.46273803710938,185.77194213867188,20250225-161943
3060,114,0,0.84228515625,165.95668029785156,1174.412841796875,404.8114013671875,488.85357666015625,20250225-161943
3060,126,0,0.86083984375,120.58274841308594,1586.30126953125,332.73101806640625,297.8396911621094,20250225-161943
3060,102,0,0.904296875,0.0,4.280364990234375,1022.2467041015625,1070.3916015625,20250225-161943
3061,133,0,0.6494140625,70.73182678222656,765.0858764648438,142.84332275390625,231.69398498535156,20250225-161943
3061,134,0,0.75,177.43267822265625,1166.50341796875,116.61813354492188,189.99481201171875,20250225-161943
3061,114,0,0.80322265625,169.23399353027344,1180.191650390625,362.865966796875,480.19659423828125,20250225-161943
3061,126,0,0.83154296875,125.38163757324219,1572.29443359375,346.07391357421875,294.7370910644531,20250225-161943
3061,132,0,0.83203125,195.9232177734375,954.310546875,219.40988159179688,174.55902099609375,20250225-161943
3061,102,0,0.9248046875,0.0,2.986907958984375,1014.5623168945312,1067.749755859375,20250225-161943
3062,134,0,0.59375,175.9610595703125,1149.623046875,118.12142944335938,189.08351135253906,20250225-161943
3062,133,0,0.63232421875,72.32683563232422,753.7780151367188,140.583984375,218.51316833496094,20250225-161943
3062,114,0,0.7919921875,167.99853515625,1167.9268798828125,357.1260681152344,487.5711669921875,20250225-161943
3062,132,0,0.82861328125,195.46746826171875,941.4365844726562,216.31915283203125,168.51748657226562,20250225-161943
3062,126,0,0.87548828125,121.3468246459961,1547.700439453125,371.43548583984375,296.4447326660156,20250225-161943
3062,102,0,0.9208984375,0.0,2.90313720703125,998.8824462890625,1067.81982421875,20250225-161943
3063,134,0,0.4677734375,172.6251678466797,1131.4794921875,118.79928588867188,191.79737854003906,20250225-161943
3063,133,0,0.80078125,72.01080322265625,723.6102905273438,156.8975830078125,307.4610290527344,20250225-161943
3063,126,0,0.81298828125,116.91796112060547,1526.9036865234375,392.843994140625,298.6011962890625,20250225-161943
3063,132,0,0.82568359375,194.54727172851562,926.5640258789062,214.53433227539062,173.2707061767578,20250225-161943
3063,114,0,0.8271484375,168.7845001220703,1147.94873046875,345.74468994140625,478.2057800292969,20250225-161943
3063,102,0,0.88916015625,9.247398376464844,3.48175048828125,982.6030883789062,1055.369140625,20250225-161943
3064,135,0,0.33544921875,7.170403003692627,1806.12353515625,113.3492431640625,233.63479614257812,20250225-161943
3064,134,0,0.405517578125,174.88870239257812,1116.611572265625,115.42034912109375,179.29580688476562,20250225-161943
3064,133,0,0.60498046875,73.2885513305664,724.4449462890625,134.7454833984375,232.02146911621094,20250225-161943
3064,114,0,0.73486328125,169.40774536132812,1129.3363037109375,355.4564208984375,479.385009765625,20250225-161943
3064,126,0,0.74072265625,118.33979034423828,1513.25830078125,406.7186279296875,394.9029235839844,20250225-161943
3064,132,0,0.8349609375,196.0666961669922,904.2388916015625,218.27243041992188,178.669189453125,20250225-161943
3064,102,0,0.92431640625,0.54107666015625,3.635467529296875,965.453857421875,1064.71875,20250225-161943
3065,134,0,0.400634765625,178.38832092285156,1106.9981689453125,115.76376342773438,191.26841735839844,20250225-161943
3065,135,0,0.5185546875,17.259435653686523,1779.3094482421875,123.26055908203125,222.13134765625,20250225-161943
3065,133,0,0.5927734375,78.61348724365234,708.9135131835938,140.24176025390625,248.1834259033203,20250225-161943
3065,126,0,0.77392578125,125.3731460571289,1503.2918701171875,416.587646484375,389.9433288574219,20250225-161943
3065,114,0,0.8134765625,175.85781860351562,1129.2579345703125,383.4931640625,485.91448974609375,20250225-161943
3065,132,0,0.83447265625,199.46746826171875,891.8536376953125,220.65829467773438,179.3691864013672,20250225-161943
3065,102,0,0.841796875,0.0,2.595611572265625,956.6830444335938,1067.593505859375,20250225-161943
3066,134,0,0.355712890625,186.58921813964844,1107.18359375,108.4427490234375,222.18458557128906,20250225-161943
3066,126,0,0.69677734375,138.17196655273438,1498.5340576171875,413.0079345703125,390.1488037109375,20250225-161943
3066,132,0,0.73779296875,206.9973602294922,893.4776000976562,216.57742309570312,187.10824584960938,20250225-161943
3066,133,0,0.76611328125,84.60334014892578,694.5254516601562,161.9505615234375,313.15557861328125,20250225-161943
3066,135,0,0.76611328125,26.585540771484375,1775.4239501953125,118.2498779296875,271.6282653808594,20250225-161943
3066,114,0,0.8115234375,187.97418212890625,1131.75634765625,352.7808837890625,503.5601501464844,20250225-161943
3066,102,0,0.91552734375,4.002113342285156,3.45355224609375,949.4866333007812,1061.0615234375,20250225-161943
3067,134,0,0.355712890625,201.575439453125,1113.625732421875,103.67999267578125,203.2174530029297,20250225-161943
3067,135,0,0.5283203125,47.17658233642578,1776.22705078125,114.12615966796875,275.57513427734375,20250225-161943
3067,132,0,0.56005859375,221.802978515625,908.22314453125,203.2371826171875,188.8754119873047,20250225-161943
3067,126,0,0.65576171875,164.411865234375,1498.8006591796875,367.705810546875,297.9029235839844,20250225-161943
3067,133,0,0.75439453125,99.33489990234375,701.9278564453125,150.75311279296875,319.38336181640625,20250225-161943
3067,114,0,0.7880859375,212.21414184570312,1132.08349609375,347.52117919921875,509.0313415527344,20250225-161943
3067,102,0,0.884765625,22.35443115234375,3.191162109375,939.6311645507812,1043.95849609375,20250225-161943
3068,134,0,0.362060546875,227.42514038085938,1127.169189453125,96.92266845703125,164.4174346923828,20250225-161943
3068,132,0,0.6689453125,247.12767028808594,909.4249877929688,225.45172119140625,189.19451904296875,20250225-161943
3068,135,0,0.6943359375,71.79509735107422,1783.353271484375,111.6800537109375,284.2611999511719,20250225-161943
3068,133,0,0.77978515625,123.21888732910156,710.5299682617188,150.9993896484375,311.25494384765625,20250225-161943
3068,126,0,0.85107421875,193.010986328125,1505.956787109375,414.043212890625,391.48931884765625,20250225-161943
3068,114,0,0.861328125,239.32940673828125,1134.3497314453125,392.0642395019531,486.95062255859375,20250225-161943
3068,102,0,0.90234375,49.49838638305664,4.011474609375,937.0808715820312,1016.2408447265625,20250225-161943
3069,134,0,0.5908203125,247.927734375,1126.8790283203125,101.81625366210938,145.0218963623047,20250225-161943
3069,133,0,0.71240234375,136.4167938232422,726.0391235351562,139.2092742919922,297.1128845214844,20250225-161943
3069,135,0,0.7861328125,101.11760711669922,1789.273681640625,114.872314453125,260.0118103027344,20250225-161943
3069,132,0,0.830078125,263.04620361328125,906.0587768554688,222.99234008789062,172.46046447753906,20250225-161943
3069,102,0,0.8447265625,71.71652221679688,3.95233154296875,946.821533203125,995.3018188476562,20250225-161943
3069,126,0,0.8974609375,212.91323852539062,1514.3345947265625,405.3424072265625,393.08746337890625,20250225-161943
3069,114,0,0.900390625,255.07138061523438,1136.15771484375,397.50567626953125,470.9360046386719,20250225-161943
3070,134,0,0.400634765625,250.13134765625,1135.33349609375,97.0550537109375,146.55397033691406,20250225-161943
3070,133,0,0.5126953125,138.91525268554688,727.9947509765625,141.76904296875,270.3344421386719,20250225-161943
3070,135,0,0.794921875,108.11207580566406,1797.1160888671875,114.451171875,258.15399169921875,20250225-161943
3070,102,0,0.83154296875,76.48123931884766,2.9864501953125,945.8032836914062,990.7506103515625,20250225-161943
3070,132,0,0.8408203125,265.4429931640625,907.6547241210938,223.49606323242188,170.99154663085938,20250225-161943
3070,126,0,0.8916015625,219.0308380126953,1518.3199462890625,401.6800231933594,393.6624450683594,20250225-161943
3070,114,0,0.892578125,257.1167907714844,1139.0167236328125,392.1488342285156,473.012939453125,20250225-161943
3071,134,0,0.63720703125,243.21275329589844,1145.60888671875,89.57107543945312,144.9945526123047,20250225-161943
3071,132,0,0.75830078125,259.5932922363281,914.5220947265625,242.63644409179688,173.34194946289062,20250225-161943
3071,135,0,0.76220703125,107.27591705322266,1799.562744140625,115.44451904296875,254.40966796875,20250225-161943
3071,133,0,0.82177734375,134.04034423828125,732.74560546875,138.1446533203125,296.89178466796875,20250225-161943
3071,114,0,0.82958984375,255.71871948242188,1139.8736572265625,377.37506103515625,473.6385498046875,20250225-161943
3071,102,0,0.88916015625,79.89146423339844,2.77166748046875,944.3600463867188,986.1097412109375,20250225-161943
3071,126,0,0.912109375,216.78179931640625,1518.5687255859375,401.0811767578125,390.5333251953125,20250225-161943
3072,132,0,0.4921875,243.24476623535156,918.6595458984375,240.59774780273438,325.72052001953125,20250225-161943
3072,114,0,0.5556640625,241.93096923828125,1116.1138916015625,411.0722351074219,497.5901184082031,20250225-161943
3072,134,0,0.57763671875,228.5399627685547,1140.252685546875,89.84170532226562,142.74917602539062,20250225-161943
3072,133,0,0.60009765625,116.50653076171875,718.4237060546875,145.7086944580078,311.8086853027344,20250225-161943
3072,135,0,0.69287109375,96.70266723632812,1791.643798828125,120.175048828125,257.8215637207031,20250225-161943
3072,102,0,0.84814453125,59.86973571777344,3.67657470703125,940.0645751953125,1005.0552978515625,20250225-161943
3072,126,0,0.873046875,203.71347045898438,1496.2247314453125,423.4888916015625,396.06768798828125,20250225-161943
3073,132,0,0.3701171875,225.32273864746094,885.2975463867188,258.4061279296875,311.20196533203125,20250225-161943
3073,135,0,0.442626953125,77.96601867675781,1771.569580078125,132.46929931640625,252.145751953125,20250225-161943
3073,134,0,0.53515625,213.75502014160156,1118.458251953125,95.61474609375,147.20387268066406,20250225-161943
3073,133,0,0.544921875,99.66046142578125,704.2952880859375,139.0301513671875,316.8963317871094,20250225-161943
3073,114,0,0.56103515625,226.56597900390625,1096.563720703125,400.6972961425781,537.3624877929688,20250225-161943
3073,126,0,0.83349609375,190.1873321533203,1473.7806396484375,445.4297790527344,394.2061767578125,20250225-161943
3073,102,0,0.8876953125,49.42474365234375,3.434326171875,927.0693969726562,1015.9304809570312,20250225-161943
3074,135,0,0.322509765625,57.935028076171875,1734.545654296875,166.96600341796875,253.61990356445312,20250225-161943
3074,134,0,0.529296875,198.30653381347656,1095.78125,94.88314819335938,150.8517303466797,20250225-161943
3074,132,0,0.6298828125,211.60064697265625,868.3829956054688,255.71859741210938,334.3642272949219,20250225-161943
3074,133,0,0.712890625,82.69117736816406,656.1604614257812,157.8306884765625,321.8456726074219,20250225-161943
3074,114,0,0.7294921875,212.33645629882812,1077.1220703125,443.505615234375,500.05731201171875,20250225-161943
3074,126,0,0.880859375,172.56800842285156,1452.746337890625,465.714111328125,389.36688232421875,20250225-161943
3074,102,0,0.90478515625,26.685705184936523,1.99603271484375,920.6138305664062,1038.6163330078125,20250225-161943
3075,134,0,0.3388671875,178.52572631835938,1083.78857421875,83.94277954101562,150.26889038085938,20250225-161943
3075,132,0,0.58984375,195.80215454101562,843.27978515625,251.86038208007812,181.95938110351562,20250225-161943
3075,133,0,0.6767578125,62.3964958190918,658.2962646484375,147.07891845703125,324.3167419433594,20250225-161943
3075,114,0,0.68994140625,189.12362670898438,1092.421142578125,352.0410461425781,481.8558044433594,20250225-161943
3075,135,0,0.70263671875,34.994651794433594,1721.29443359375,113.234619140625,270.6057434082031,20250225-161943
3075,102,0,0.8994140625,13.699607849121094,3.485595703125,920.4336547851562,1051.2696533203125,20250225-161943
3075,126,0,0.9033203125,148.40907287597656,1443.472412109375,462.388916015625,387.8475036621094,20250225-161943
3076,134,0,0.4951171875,168.20333862304688,1080.354736328125,79.49331665039062,186.6238555908203,20250225-161943
3076,135,0,0.59619140625,16.284570693969727,1718.802734375,109.4652099609375,253.1175537109375,20250225-161943
3076,132,0,0.73095703125,184.36817932128906,837.4654541015625,238.84414672851562,177.9744873046875,20250225-161943
3076,133,0,0.77734375,52.247413635253906,640.0266723632812,167.27920532226562,318.61346435546875,20250225-161943
3076,114,0,0.87451171875,171.84805297851562,1076.212646484375,379.6343078613281,471.60443115234375,20250225-161943
3076,126,0,0.8955078125,128.67234802246094,1444.5567626953125,471.9708251953125,388.46588134765625,20250225-161943
3076,102,0,0.9140625,10.225954055786133,3.076446533203125,918.5593872070312,1054.4154052734375,20250225-161943
3077,134,0,0.4072265625,161.7067413330078,1080.068603515625,77.52328491210938,163.86270141601562,20250225-161943
3077,133,0,0.68017578125,189.03024291992188,634.6400756835938,172.5765380859375,189.4923553466797,20250225-161943
3077,135,0,0.765625,4.944813251495361,1719.5291748046875,108.3826904296875,213.54061889648438,20250225-161943
3077,132,0,0.80126953125,179.6540985107422,837.8201293945312,225.03167724609375,181.2035675048828,20250225-161943
3077,114,0,0.83740234375,166.1534423828125,1075.7537841796875,358.7714538574219,471.04644775390625,20250225-161943
3077,102,0,0.91796875,6.345033645629883,1.54962158203125,913.557861328125,1059.982421875,20250225-161943
3077,126,0,0.92333984375,118.26451873779297,1441.2381591796875,477.80859375,391.401123046875,20250225-161943
3078,134,0,0.2744140625,165.78433227539062,1072.02587890625,78.515625,164.19496154785156,20250225-161943
3078,132,0,0.56201171875,188.63816833496094,835.089111328125,229.00918579101562,192.19757080078125,20250225-161943
3078,135,0,0.56201171875,9.089040756225586,1715.5162353515625,108.0439453125,220.5218048095703,20250225-161943
3078,114,0,0.75146484375,172.9333038330078,1061.339599609375,361.86181640625,487.3057861328125,20250225-161943
3078,133,0,0.81982421875,58.79899978637695,627.467529296875,163.59649658203125,364.40277099609375,20250225-161943
3078,102,0,0.82080078125,9.752254486083984,1.1795654296875,911.4658813476562,1056.563720703125,20250225-161943
3078,126,0,0.90087890625,122.44584655761719,1431.80419921875,487.8427734375,391.6678466796875,20250225-161943
3079,134,0,0.254638671875,186.96717834472656,1017.9400634765625,123.98931884765625,253.37017822265625,20250225-161943
3079,126,0,0.30078125,142.0850830078125,1400.4508056640625,395.1034240722656,297.76348876953125,20250225-161943
3079,114,0,0.525390625,193.7301788330078,1016.2110595703125,393.45849609375,591.7433471679688,20250225-161943
3079,132,0,0.537109375,203.5768280029297,813.9254150390625,241.5849609375,299.4126281738281,20250225-161943
3079,135,0,0.6416015625,22.860252380371094,1701.01611328125,106.25408935546875,272.6033020019531,20250225-161943
3079,133,0,0.8056640625,78.66163635253906,614.1011352539062,169.80303955078125,380.1303405761719,20250225-161943
3079,102,0,0.86865234375,32.88362503051758,1.19879150390625,867.904541015625,1033.766845703125,20250225-161943
3080,126,0,0.4794921875,170.60952758789062,1385.9384765625,250.53753662109375,307.4703674316406,20250225-161943
3080,132,0,0.537109375,233.55075073242188,812.8233032226562,226.9588623046875,288.3125915527344,20250225-161943
3080,135,0,0.56201171875,48.372074127197266,1681.1458740234375,109.54888916015625,267.58758544921875,20250225-161943
3080,114,0,0.7099609375,229.0938720703125,1005.6123046875,411.6072692871094,564.6163330078125,20250225-161943
3080,133,0,0.794921875,108.79258728027344,603.3546752929688,168.630615234375,373.8493957519531,20250225-161943
3080,102,0,0.86767578125,66.59036254882812,2.1331787109375,826.7832641601562,1000.9197387695312,20250225-161943
3081,134,0,0.393310546875,241.9645233154297,1045.10400390625,72.44970703125,133.70877075195312,20250225-161943
3081,136,0,0.415771484375,178.66915893554688,1765.0579833984375,153.655517578125,148.8437957763672,20250225-161943
3081,132,0,0.513671875,263.39471435546875,802.1495361328125,257.4832763671875,187.45379638671875,20250225-161943
3081,114,0,0.658203125,249.46371459960938,991.8468017578125,411.2456359863281,529.29296875,20250225-161943
3081,126,0,0.662109375,195.63291931152344,1393.858154296875,487.522705078125,371.8930358886719,20250225-161943
3081,135,0,0.6689453125,77.5141372680664,1668.984130859375,98.5484619140625,213.312255859375,20250225-161943
3081,133,0,0.77734375,141.56399536132812,595.8966064453125,169.9002227783203,363.5905456542969,20250225-161943
3081,102,0,0.875,103.09724426269531,1.5640869140625,804.1825561523438,964.4590454101562,20250225-161943
3082,133,0,0.4609375,159.29763793945312,598.3931884765625,151.8515167236328,246.0977783203125,20250225-161944
3082,134,0,0.4609375,257.86029052734375,1029.739990234375,76.7017822265625,133.4439697265625,20250225-161944
3082,126,0,0.490234375,205.57925415039062,1382.29833984375,472.0986328125,363.578125,20250225-161944
3082,136,0,0.5869140625,190.73712158203125,1759.4168701171875,132.8162841796875,142.00241088867188,20250225-161944
3082,132,0,0.63330078125,278.9782409667969,788.950927734375,216.47369384765625,182.83352661132812,20250225-161944
3082,135,0,0.66455078125,88.19596862792969,1656.005859375,95.63580322265625,208.8288116455078,20250225-161944
3082,114,0,0.75634765625,257.8757019042969,970.241455078125,375.8209533691406,544.8829345703125,20250225-161944
3082,102,0,0.8330078125,127.94076538085938,1.6669921875,778.4732666015625,936.36181640625,20250225-161944
3083,134,0,0.30810546875,268.6613464355469,1012.9385375976562,71.7132568359375,127.31562042236328,20250225-161944
3083,126,0,0.35400390625,211.28562927246094,1363.550537109375,442.742431640625,357.63055419921875,20250225-161944
3083,135,0,0.60400390625,94.51070404052734,1635.8045654296875,89.6934814453125,204.1724090576172,20250225-161944
3083,133,0,0.73388671875,169.50604248046875,575.2318115234375,163.43087768554688,328.8717346191406,20250225-161944
3083,114,0,0.7431640625,268.7472229003906,953.3900756835938,406.6121520996094,534.1206665039062,20250225-161944
3083,132,0,0.783203125,290.2552490234375,778.7559814453125,218.71710205078125,180.38368225097656,20250225-161944
3083,102,0,0.83984375,149.2953643798828,0.9597015380859375,753.8558349609375,917.6292114257812,20250225-161944
3084,133,0,0.202392578125,176.60650634765625,558.9432373046875,148.5513153076172,223.97097778320312,20250225-161944
3084,134,0,0.3408203125,273.83526611328125,990.3059692382812,71.58590698242188,135.88731384277344,20250225-161944
3084,136,0,0.37841796875,198.16558837890625,1708.2198486328125,128.33953857421875,136.4280242919922,20250225-161944
3084,135,0,0.60205078125,94.04737091064453,1606.004150390625,88.79425048828125,208.95297241210938,20250225-161944
3084,114,0,0.7265625,272.0194396972656,981.6406860351562,311.930419921875,456.2031555175781,20250225-161944
3084,132,0,0.80859375,295.9881591796875,752.0848388671875,223.7083740234375,175.61337280273438,20250225-161944
3084,102,0,0.85302734375,160.7416534423828,1.8816375732421875,737.1539306640625,904.9412841796875,20250225-161944
3084,126,0,0.875,215.34043884277344,1333.87109375,463.77099609375,354.60870361328125,20250225-161944
3085,134,0,0.390380859375,275.8882751464844,973.84716796875,69.02133178710938,135.3429412841797,20250225-161944
3085,136,0,0.51171875,196.06509399414062,1679.987548828125,118.41265869140625,139.21495056152344,20250225-161944
3085,135,0,0.68408203125,96.69580078125,1580.473388671875,95.18682861328125,205.54742431640625,20250225-161944
3085,114,0,0.68994140625,275.54217529296875,950.9403076171875,348.47021484375,488.1490783691406,20250225-161944
3085,133,0,0.75439453125,180.4369659423828,534.4893798828125,160.27926635742188,317.1732177734375,20250225-161944
3085,132,0,0.81103515625,298.648681640625,741.117919921875,215.9864501953125,172.47564697265625,20250225-161944
3085,126,0,0.83203125,218.74835205078125,1314.52294921875,455.6568603515625,352.9206848144531,20250225-161944
3085,102,0,0.88916015625,178.34002685546875,1.697296142578125,715.3148803710938,888.1556396484375,20250225-161944
3086,136,0,0.4091796875,200.50169372558594,1664.0556640625,130.0078125,133.22149658203125,20250225-161944
3086,134,0,0.51953125,274.05047607421875,957.7470703125,72.63821411132812,139.5940399169922,20250225-161944
3086,135,0,0.57861328125,100.32731628417969,1563.156005859375,94.4256591796875,206.99070739746094,20250225-161944
3086,132,0,0.67578125,295.7032470703125,725.1765747070312,239.262451171875,176.15769958496094,20250225-161944
3086,133,0,0.7177734375,178.32688903808594,514.1511840820312,163.5977783203125,315.30804443359375,20250225-161944
3086,114,0,0.73779296875,276.8972473144531,946.179931640625,345.6237487792969,451.0275573730469,20250225-161944
3086,126,0,0.85498046875,221.25125122070312,1300.889404296875,428.76397705078125,351.2564392089844,20250225-161944
3086,102,0,0.89501953125,192.47866821289062,2.1365203857421875,705.622314453125,875.4051513671875,20250225-161944
3087,136,0,0.21728515625,208.24887084960938,1647.71923828125,117.66082763671875,104.06112670898438,20250225-161944
3087,134,0,0.4765625,245.719482421875,941.8934326171875,81.07424926757812,157.75010681152344,20250225-161944
3087,135,0,0.63623046875,78.49100494384766,1548.890625,91.26690673828125,260.83001708984375,20250225-161944
3087,132,0,0.6376953125,275.30889892578125,715.5953979492188,244.22698974609375,386.73016357421875,20250225-161944
3087,133,0,0.6611328125,161.31491088867188,496.37567138671875,187.34353637695312,352.3468322753906,20250225-161944
3087,114,0,0.75341796875,265.41790771484375,933.51953125,378.4683837890625,541.208984375,20250225-161944
3087,126,0,0.82861328125,209.3641357421875,1281.138916015625,431.12384033203125,335.4634094238281,20250225-161944
3087,102,0,0.83984375,189.8287353515625,2.6440887451171875,700.9180908203125,875.4615478515625,20250225-161944
3088,126,0,0.27197265625,170.22491455078125,1276.7774658203125,202.18798828125,274.6661071777344,20250225-161944
3088,132,0,0.419677734375,220.5466766357422,711.1784057617188,223.9752960205078,417.26007080078125,20250225-161944
3088,135,0,0.474609375,46.22730255126953,1537.5655517578125,86.92529296875,274.9035949707031,20250225-161944
3088,114,0,0.5029296875,224.544921875,937.5032958984375,302.3253479003906,543.8168334960938,20250225-161944
3088,133,0,0.716796875,102.91983795166016,475.49267578125,182.1390380859375,363.4083251953125,20250225-161944
3088,102,0,0.8349609375,173.78448486328125,2.1173858642578125,712.5904541015625,891.2764892578125,20250225-161944
3089,126,0,0.26513671875,104.8703384399414,1223.942138671875,268.5685729980469,367.21527099609375,20250225-161944
3089,114,0,0.5830078125,175.91403198242188,910.1654663085938,344.4925231933594,560.5138549804688,20250225-161944
3089,132,0,0.65673828125,171.0743408203125,667.7569580078125,237.7030792236328,300.89263916015625,20250225-161944
3089,133,0,0.67138671875,47.36180114746094,467.0650634765625,187.99612426757812,396.7206115722656,20250225-161944
3089,102,0,0.82177734375,147.3791046142578,1.903839111328125,758.9977416992188,918.1157836914062,20250225-161944
3090,126,0,0.484375,80.17289733886719,1301.0745849609375,340.12646484375,313.3202209472656,20250225-161944
3090,133,0,0.544921875,21.67438316345215,502.541748046875,174.02005004882812,333.0362548828125,20250225-161944
3090,132,0,0.66015625,148.82801818847656,724.2158203125,219.4940185546875,254.6597442626953,20250225-161944
3090,114,0,0.70751953125,144.44801330566406,946.8341674804688,355.92205810546875,474.1942138671875,20250225-161944
3090,102,0,0.89990234375,119.09677124023438,2.282501220703125,791.2498779296875,948.0370483398438,20250225-161944
3091,137,0,0.302490234375,86.71569061279297,1715.8048095703125,153.02655029296875,109.18148803710938,20250225-161944
3091,134,0,0.443603515625,117.7442626953125,995.546630859375,74.74392700195312,152.3469696044922,20250225-161944
3091,132,0,0.56396484375,139.7741241455078,748.7449951171875,220.4468994140625,187.24484252929688,20250225-161944
3091,133,0,0.79248046875,6.079473495483398,538.0897216796875,171.8220977783203,371.3073425292969,20250225-161944
3091,114,0,0.85693359375,141.72552490234375,987.3724365234375,332.5326232910156,480.08966064453125,20250225-161944
3091,126,0,0.88623046875,77.88328552246094,1351.1346435546875,490.2530822753906,388.66510009765625,20250225-161944
3091,102,0,0.9033203125,115.87554931640625,1.719268798828125,789.123046875,951.8909912109375,20250225-161944
3092,134,0,0.276611328125,90.32894897460938,996.9642333984375,86.02413940429688,160.46304321289062,20250225-161944
3092,132,0,0.4912109375,103.84049987792969,756.1734008789062,241.42657470703125,308.54022216796875,20250225-161944
3092,133,0,0.4931640625,4.097256660461426,540.1434326171875,184.29638671875,361.8064270019531,20250225-161944
3092,114,0,0.63232421875,122.24527740478516,962.1630859375,404.407470703125,570.6063842773438,20250225-161944
3092,126,0,0.6611328125,66.49247741699219,1344.8935546875,553.594482421875,384.3683166503906,20250225-161944
3092,102,0,0.892578125,119.25675964355469,1.69720458984375,808.6263427734375,946.77783203125,20250225-161944
3093,137,0,0.478515625,11.1181640625,1729.710205078125,164.87054443359375,161.1669158935547,20250225-161944
3093,134,0,0.533203125,62.636898040771484,1010.50048828125,86.21548461914062,157.12661743164062,20250225-161944
3093,133,0,0.7685546875,3.047654628753662,547.9644775390625,177.21011352539062,293.5481872558594,20250225-161944
3093,132,0,0.80810546875,81.64399719238281,761.1965942382812,246.4723663330078,187.19320678710938,20250225-161944
3093,114,0,0.82763671875,102.33756256103516,992.6768188476562,341.959716796875,503.6817626953125,20250225-161944
3093,102,0,0.84326171875,96.89795684814453,1.7340087890625,804.9340209960938,968.542236328125,20250225-161944
3093,126,0,0.88916015625,38.95503234863281,1369.3721923828125,505.297119140625,411.52618408203125,20250225-161944
3094,137,0,0.29833984375,34.336761474609375,1758.8939208984375,141.8280029296875,158.75958251953125,20250225-161944
3094,132,0,0.50390625,82.8582534790039,762.863037109375,246.1764678955078,202.3367462158203,20250225-161944
3094,114,0,0.6103515625,109.39688110351562,1013.3671875,325.2344970703125,613.5293579101562,20250225-161944
3094,133,0,0.69189453125,1.8413043022155762,549.8571166992188,174.73182678222656,304.94659423828125,20250225-161944
3094,126,0,0.736328125,48.828006744384766,1368.576904296875,437.4169006347656,417.90948486328125,20250225-161944
3094,102,0,0.8720703125,109.4900894165039,0.164886474609375,620.465087890625,952.1174926757812,20250225-161944
3095,126,0,0.33544921875,90.72364044189453,1321.3201904296875,401.4005126953125,409.25189208984375,20250225-161944
3095,134,0,0.363037109375,96.7035903930664,912.7152099609375,196.88845825195312,463.92645263671875,20250225-161944
3095,132,0,0.5234375,111.58474731445312,728.0443725585938,261.903076171875,336.6204833984375,20250225-161944
3095,133,0,0.5859375,3.1673669815063477,541.7308959960938,177.29466247558594,362.2601013183594,20250225-161944
3095,114,0,0.76220703125,165.18264770507812,885.0540161132812,491.73394775390625,715.7159423828125,20250225-161944
3095,102,0,0.8388671875,180.77796936035156,0.0325927734375,616.1651611328125,880.7135009765625,20250225-161944
3096,134,0,0.291748046875,132.77088928222656,917.3058471679688,169.29153442382812,289.0234680175781,20250225-161944
3096,114,0,0.3388671875,191.4737548828125,959.98974609375,376.0975341796875,702.1160888671875,20250225-161944
3096,132,0,0.351318359375,146.41754150390625,721.3564453125,238.71881103515625,320.96856689453125,20250225-161944
3096,133,0,0.402587890625,3.303494453430176,492.96954345703125,190.07968139648438,371.0997619628906,20250225-161944
3096,126,0,0.703125,118.67852020263672,1343.602783203125,327.18768310546875,350.4972839355469,20250225-161944
3096,102,0,0.845703125,251.9595947265625,0.58245849609375,596.0234375,809.807373046875,20250225-161944
3097,132,0,0.318359375,172.5749969482422,676.29150390625,237.3328399658203,274.328857421875,20250225-161944
3097,114,0,0.56689453125,218.14349365234375,973.1739501953125,280.7427978515625,497.1056823730469,20250225-161944
3097,126,0,0.662109375,148.32814025878906,1297.4300537109375,311.759033203125,340.00421142578125,20250225-161944
3097,102,0,0.72265625,281.9354553222656,1.516937255859375,555.2100830078125,779.4027099609375,20250225-161944
3098,132,0,0.25830078125,200.84703063964844,619.1226196289062,229.61343383789062,270.61956787109375,20250225-161944
3098,126,0,0.438720703125,174.69644165039062,1238.98583984375,290.3978576660156,326.7365417480469,20250225-161944
3098,114,0,0.5341796875,247.39382934570312,906.4609375,284.7337646484375,474.1516418457031,20250225-161944
3098,102,0,0.72021484375,322.1871337890625,1.51922607421875,483.41107177734375,739.6614990234375,20250225-161944
3099,126,0,0.263671875,201.0545654296875,1162.362060546875,187.56866455078125,306.3526916503906,20250225-161944
3099,132,0,0.312255859375,218.6885223388672,551.669189453125,219.59014892578125,497.62701416015625,20250225-161944
3099,114,0,0.486328125,255.31951904296875,758.112548828125,396.74285888671875,472.41778564453125,20250225-161944
3099,102,0,0.541015625,430.9352111816406,1.0225982666015625,409.95867919921875,632.8099975585938,20250225-161944
3100,132,0,0.2088623046875,214.43775939941406,469.9346008300781,238.1575469970703,508.8052673339844,20250225-161944
3100,114,0,0.37744140625,249.76593017578125,683.5940551757812,387.55792236328125,524.739990234375,20250225-161944
3100,126,0,0.392333984375,203.34393310546875,1085.430908203125,186.81875610351562,298.21380615234375,20250225-161944
3101,132,0,0.2371826171875,203.41847229003906,371.6092834472656,234.62216186523438,274.3701477050781,20250225-161944
3101,126,0,0.4130859375,181.41891479492188,1010.7738647460938,266.7195739746094,311.9090270996094,20250225-161944
3101,114,0,0.42822265625,246.75051879882812,612.0159912109375,389.60064697265625,458.7342224121094,20250225-161944
3102,126,0,0.2822265625,179.43943786621094,928.7701416015625,321.32464599609375,559.5679321289062,20250225-161944
3102,132,0,0.32080078125,195.89276123046875,283.04058837890625,244.70809936523438,277.990234375,20250225-161944
3102,114,0,0.630859375,241.6923370361328,545.5404052734375,390.42059326171875,466.3160705566406,20250225-161944
3103,132,0,0.342529296875,180.00360107421875,208.349853515625,255.90943908691406,291.3800048828125,20250225-161944
3103,134,0,0.436767578125,184.60223388671875,873.42578125,186.141357421875,294.5783996582031,20250225-161944
3103,114,0,0.5849609375,228.4579315185547,531.5967407226562,392.0745849609375,464.33648681640625,20250225-161944
3104,132,0,0.2783203125,151.35499572753906,104.88426208496094,280.3612060546875,294.0152893066406,20250225-161944
3104,134,0,0.318359375,136.2815704345703,795.6838989257812,197.93453979492188,314.1584167480469,20250225-161944
3104,114,0,0.5859375,203.99722290039062,465.31787109375,366.33013916015625,468.7258605957031,20250225-161944
3105,132,0,0.349609375,135.1201171875,1.9465713500976562,322.8056640625,575.6986083984375,20250225-161944
3105,134,0,0.529296875,115.63256072998047,693.925048828125,440.696044921875,347.64239501953125,20250225-161944
3105,114,0,0.63232421875,191.41342163085938,328.54925537109375,387.53466796875,477.0085144042969,20250225-161944
3105,138,0,0.890625,191.83279418945312,1015.118408203125,904.493408203125,873.0965576171875,20250225-161944
3106,135,0,0.2186279296875,24.631711959838867,1564.39892578125,151.9976806640625,187.10980224609375,20250225-161944
3106,126,0,0.302490234375,107.41092681884766,1056.921875,318.5533447265625,376.2193298339844,20250225-161944
3106,134,0,0.62060546875,102.57002258300781,675.8545532226562,374.195068359375,344.8898620605469,20250225-161944
3106,114,0,0.6953125,172.22483825683594,252.6686553955078,417.7506408691406,504.2983703613281,20250225-161944
3106,138,0,0.8916015625,162.77249145507812,976.2462158203125,942.2662353515625,901.9532470703125,20250225-161944
3107,132,0,0.2193603515625,123.1760482788086,137.15562438964844,157.0977020263672,299.16571044921875,20250225-161944
3107,114,0,0.39794921875,166.86553955078125,200.061767578125,432.39752197265625,508.9214782714844,20250225-161944
3107,126,0,0.453369140625,99.03707122802734,1029.2017822265625,286.3642272949219,381.95648193359375,20250225-161944
3107,134,0,0.5048828125,98.90946960449219,585.1168212890625,418.93341064453125,347.97247314453125,20250225-161944
3107,138,0,0.90234375,72.0949478149414,944.4010620117188,974.2252807617188,991.9464721679688,20250225-161944
3108,132,0,0.256103515625,129.90281677246094,82.7750473022461,154.74343872070312,302.9111633300781,20250225-161944
3108,126,0,0.45703125,87.45914459228516,992.2831420898438,278.3367004394531,332.5137634277344,20250225-161944
3108,114,0,0.68408203125,161.9459686279297,157.05152893066406,426.8375244140625,539.4060668945312,20250225-161944
3108,134,0,0.69091796875,95.98004150390625,551.8154296875,445.97113037109375,341.1972961425781,20250225-161944
3108,138,0,0.92041015625,86.61518096923828,923.2701416015625,995.965576171875,979.4459838867188,20250225-161944
3109,132,0,0.2088623046875,145.10467529296875,49.266700744628906,141.2138671875,219.5952911376953,20250225-161944
3109,126,0,0.269775390625,89.07762145996094,966.33935546875,227.09124755859375,228.18560791015625,20250225-161944
3109,137,0,0.5927734375,98.60607147216797,1626.1790771484375,293.19635009765625,744.4185791015625,20250225-161944
3109,114,0,0.61865234375,166.21182250976562,80.9161376953125,545.311767578125,741.4000854492188,20250225-161944
3109,134,0,0.68359375,99.99720764160156,534.51123046875,437.9574279785156,343.9013366699219,20250225-161944
3109,138,0,0.908203125,87.31083679199219,878.5096435546875,1040.0606689453125,977.36083984375,20250225-161944
3110,134,0,0.28369140625,124.30652618408203,497.6531066894531,337.5171203613281,403.9768981933594,20250225-161944
3110,132,0,0.408203125,180.89358520507812,9.891437530517578,165.28976440429688,594.0838623046875,20250225-161944
3110,114,0,0.76904296875,205.28811645507812,34.31304931640625,591.9720458984375,846.3118896484375,20250225-161944
3110,137,0,0.81884765625,58.876075744628906,1617.4918212890625,301.96490478515625,791.224365234375,20250225-161944
3110,138,0,0.91162109375,80.11119079589844,866.055908203125,1052.7220458984375,987.0205688476562,20250225-161944
3111,134,0,0.403564453125,174.63026428222656,498.6959228515625,221.26913452148438,408.8701171875,20250225-161944
3111,132,0,0.55078125,217.6613006591797,15.979522705078125,163.36390686035156,609.5111083984375,20250225-161944
3111,114,0,0.583984375,255.28709411621094,134.5209503173828,388.238525390625,542.6162719726562,20250225-161944
3111,137,0,0.79052734375,82.26699829101562,1584.6419677734375,334.88818359375,795.1648559570312,20250225-161944
3111,138,0,0.9052734375,112.95722198486328,875.3904418945312,1044.456298828125,954.8274536132812,20250225-161944
3112,132,0,0.4072265625,282.5766906738281,17.231895446777344,158.00587463378906,591.6936645507812,20250225-161945
3112,114,0,0.450439453125,313.890625,128.0155792236328,413.9488220214844,687.1572875976562,20250225-161945
3112,134,0,0.4990234375,243.1843719482422,486.068115234375,226.03427124023438,353.8294372558594,20250225-161945
3112,137,0,0.7470703125,143.22000122070312,1587.9737548828125,331.51300048828125,760.5682983398438,20250225-161945
3112,138,0,0.90576171875,160.73220825195312,907.783447265625,1012.216552734375,908.76708984375,20250225-161945
3113,132,0,0.285400390625,329.8082275390625,52.33601760864258,130.21820068359375,232.4718780517578,20250225-161945
3113,135,0,0.330322265625,125.13591766357422,1478.7835693359375,165.6807861328125,151.38961791992188,20250225-161945
3113,134,0,0.6416015625,278.2711486816406,509.14691162109375,376.54156494140625,312.8779296875,20250225-161945
3113,137,0,0.775390625,170.64016723632812,1607.9652099609375,311.3349609375,749.4402465820312,20250225-161945
3113,114,0,0.8720703125,348.7855224609375,117.00888061523438,409.7150573730469,527.3198852539062,20250225-161945
3113,138,0,0.92578125,209.16432189941406,922.2577514648438,997.7422485351562,861.3372802734375,20250225-161945
3114,102,0,0.361083984375,410.1632385253906,15.802047729492188,164.501220703125,240.72933959960938,20250225-161945
3114,126,0,0.373779296875,197.96522521972656,1180.3013916015625,103.02337646484375,83.63050842285156,20250225-161945
3114,132,0,0.51953125,363.2453308105469,54.240966796875,91.5604476928711,160.31143188476562,20250225-161945
3114,135,0,0.66650390625,142.02227783203125,1474.6043701171875,166.1195068359375,136.76072692871094,20250225-161945
3114,139,0,0.755859375,248.97311401367188,927.1455688476562,190.90164184570312,212.7572021484375,20250225-161945
3114,134,0,0.8642578125,292.09136962890625,522.0968627929688,403.4365539550781,307.75262451171875,20250225-161945
3114,137,0,0.876953125,178.72515869140625,1611.6624755859375,307.39837646484375,748.4921875,20250225-161945
3114,114,0,0.87744140625,364.1066589355469,112.40872192382812,405.3849792480469,511.77679443359375,20250225-161945
3114,138,0,0.9287109375,224.1556854248047,917.60888671875,999.851806640625,841.935302734375,20250225-161945
3115,132,0,0.320068359375,355.2346496582031,47.81421661376953,126.11256408691406,176.98753356933594,20250225-161945
3115,135,0,0.66552734375,136.43702697753906,1471.4241943359375,166.74755859375,135.88052368164062,20250225-161945
3115,139,0,0.67724609375,244.91580200195312,923.260498046875,188.0277099609375,218.24049377441406,20250225-161945
3115,140,0,0.71044921875,166.03199768066406,710.5367431640625,95.014892578125,215.0830841064453,20250225-161945
3115,134,0,0.85107421875,288.3630065917969,514.40625,407.28570556640625,301.1476135253906,20250225-161945
3115,137,0,0.85205078125,177.3877410888672,1618.647216796875,300.59344482421875,747.481201171875,20250225-161945
3115,114,0,0.85888671875,358.60601806640625,104.62605285644531,415.20880126953125,517.2164916992188,20250225-161945
3115,138,0,0.93701171875,213.34873962402344,905.9928588867188,1014.0071411132812,856.896240234375,20250225-161945
3116,102,0,0.25390625,329.8980712890625,2.6738662719726562,149.33758544921875,453.0252685546875,20250225-161945
3116,139,0,0.326904296875,226.3624725341797,914.6160278320312,204.8441162109375,210.37677001953125,20250225-161945
3116,140,0,0.611328125,141.6787872314453,703.931640625,94.68905639648438,215.45361328125,20250225-161945
3116,135,0,0.63623046875,118.06328582763672,1468.748779296875,167.35757446289062,140.1367950439453,20250225-161945
3116,114,0,0.77978515625,338.34112548828125,101.30754089355469,427.68450927734375,524.7634887695312,20250225-161945
3116,137,0,0.8408203125,165.73716735839844,1604.2130126953125,314.98040771484375,749.4384765625,20250225-161945
3116,134,0,0.859375,266.15625,496.12042236328125,424.91583251953125,299.70086669921875,20250225-161945
3116,138,0,0.9296875,194.51319885253906,891.2653198242188,1028.734619140625,871.65966796875,20250225-161945
3117,141,0,0.337158203125,107.60331726074219,819.0455932617188,93.25799560546875,192.76580810546875,20250225-161945
3117,126,0,0.356689453125,140.909912109375,1168.3326416015625,103.62258911132812,109.55553436279297,20250225-161945
3117,139,0,0.36572265625,204.58680725097656,905.568115234375,215.04473876953125,349.3763122558594,20250225-161945
3117,135,0,0.4677734375,94.57026672363281,1464.091552734375,169.194580078125,177.60433959960938,20250225-161945
3117,140,0,0.6318359375,114.93988800048828,695.9423828125,96.40255737304688,240.64637756347656,20250225-161945
3117,114,0,0.71630859375,311.3558349609375,72.19381713867188,449.4425354003906,576.2794189453125,20250225-161945
3117,137,0,0.78662109375,139.71597290039062,1538.2294921875,381.18621826171875,760.9751586914062,20250225-161945
3117,134,0,0.85400390625,236.19000244140625,472.57562255859375,442.89349365234375,313.23736572265625,20250225-161945
3117,138,0,0.9150390625,186.9541778564453,874.7109375,1043.5770263671875,880.2907104492188,20250225-161945
3118,142,0,0.301513671875,42.83936309814453,1707.5350341796875,210.9349365234375,181.25816345214844,20250225-161945
3118,143,0,0.320068359375,184.73199462890625,768.7597045898438,97.48397827148438,111.43295288085938,20250225-161945
3118,126,0,0.357666015625,120.12007141113281,1167.5035400390625,102.6610107421875,97.751220703125,20250225-161945
3118,139,0,0.4599609375,176.5449676513672,777.4306640625,345.4867858886719,363.0205078125,20250225-161945
3118,141,0,0.5341796875,73.07611846923828,810.375,137.55715942382812,201.69924926757812,20250225-161945
3118,135,0,0.58984375,72.00714111328125,1460.1221923828125,165.914794921875,140.76756286621094,20250225-161945
3118,140,0,0.62255859375,79.00212860107422,683.6348876953125,98.240478515625,238.1577606201172,20250225-161945
3118,114,0,0.78515625,275.05267333984375,4.58477783203125,482.830810546875,529.2750854492188,20250225-161945
3118,134,0,0.8486328125,202.99476623535156,461.0402526855469,430.8355407714844,319.60504150390625,20250225-161945
3118,138,0,0.89892578125,173.43145751953125,857.82568359375,1060.30078125,891.6410522460938,20250225-161945
3119,142,0,0.206298828125,36.10111618041992,1688.4532470703125,219.33343505859375,188.52210998535156,20250225-161945
3119,145,0,0.20947265625,61.418338775634766,1313.2060546875,247.7625732421875,335.68853759765625,20250225-161945
3119,144,0,0.382080078125,65.19218444824219,1324.4578857421875,115.05697631835938,119.62574768066406,20250225-161945
3119,141,0,0.394287109375,139.98350524902344,844.8839721679688,100.23477172851562,117.64794921875,20250225-161945
3119,143,0,0.4755859375,165.12451171875,751.5587768554688,92.60595703125,115.74440002441406,20250225-161945
3119,126,0,0.49609375,106.56334686279297,1158.1805419921875,105.35330200195312,86.20049285888672,20250225-161945
3119,137,0,0.59814453125,34.87086486816406,1554.2706298828125,352.82208251953125,411.32440185546875,20250225-161945
3119,140,0,0.630859375,64.58879089355469,670.311767578125,102.3702392578125,216.85903930664062,20250225-161945
3119,114,0,0.70068359375,258.27227783203125,3.788177490234375,466.962158203125,532.4481811523438,20250225-161945
3119,135,0,0.74072265625,62.026790618896484,1447.2557373046875,157.82080078125,132.35357666015625,20250225-161945
3119,139,0,0.7490234375,159.73683166503906,886.3076171875,227.93701171875,223.82308959960938,20250225-161945
3119,134,0,0.8916015625,183.50108337402344,441.8685607910156,455.222900390625,327.67852783203125,20250225-161945
3119,138,0,0.9267578125,157.07264709472656,858.6864624023438,1059.626708984375,909.8441772460938,20250225-161945
3120,142,0,0.301513671875,40.05834197998047,1673.56689453125,216.8177490234375,201.8378143310547,20250225-161945
3120,144,0,0.304931640625,61.5889892578125,1309.98193359375,119.06158447265625,124.57923126220703,20250225-161945
3120,141,0,0.5498046875,132.8813018798828,833.6958618164062,101.4173583984375,117.266357421875,20250225-161945
3120,143,0,0.5908203125,149.3132781982422,736.8523559570312,102.92939758300781,122.9653549194336,20250225-161945
3120,126,0,0.63330078125,104.5663070678711,1117.4080810546875,118.6527099609375,145.52462768554688,20250225-161945
3120,140,0,0.6689453125,51.79521560668945,657.1411743164062,96.71823120117188,215.08509826660156,20250225-161945
3120,139,0,0.70556640625,155.36407470703125,875.2673950195312,230.39382934570312,248.2398681640625,20250225-161945
3120,135,0,0.767578125,61.24695587158203,1430.058837890625,163.14111328125,146.2274627685547,20250225-161945
3120,114,0,0.83349609375,249.6182098388672,2.0203857421875,455.2152099609375,539.9178466796875,20250225-161945
3120,137,0,0.8623046875,131.24859619140625,1539.9151611328125,379.47344970703125,779.8070068359375,20250225-161945
3120,134,0,0.88671875,174.6378631591797,428.0538024902344,450.4794616699219,335.0265197753906,20250225-161945
3120,138,0,0.90869140625,163.25486755371094,824.3492431640625,1095.214599609375,904.3507690429688,20250225-161945
3121,102,0,0.254638671875,222.33143615722656,0.5064296722412109,76.96798706054688,479.52642822265625,20250225-161945
3121,144,0,0.490234375,69.18814086914062,1253.914306640625,171.60488891601562,165.47714233398438,20250225-161945
3121,142,0,0.5146484375,49.72515106201172,1549.1964111328125,329.8092041015625,374.4784240722656,20250225-161945
3121,135,0,0.548828125,67.19595336914062,1420.97900390625,159.372802734375,178.3512420654297,20250225-161945
3121,143,0,0.57177734375,143.11863708496094,717.9435424804688,100.11419677734375,124.41737365722656,20250225-161945
3121,139,0,0.6396484375,156.54225158691406,863.2108154296875,236.4049072265625,276.2442626953125,20250225-161945
3121,140,0,0.67236328125,48.320701599121094,646.8511962890625,91.71295166015625,214.9464111328125,20250225-161945
3121,126,0,0.689453125,105.10894775390625,1109.177734375,118.213623046875,154.15066528320312,20250225-161945
3121,141,0,0.70751953125,133.49029541015625,820.4243774414062,106.01321411132812,118.36952209472656,20250225-161945
3121,137,0,0.85400390625,146.53204345703125,1547.98974609375,371.17547607421875,789.4251708984375,20250225-161945
3121,114,0,0.8583984375,245.63096618652344,10.7296142578125,435.4873352050781,548.661376953125,20250225-161945
3121,134,0,0.8876953125,171.2305450439453,443.12548828125,428.73870849609375,340.16949462890625,20250225-161945
3121,138,0,0.91796875,177.81483459472656,855.0791015625,1064.3902587890625,890.735595703125,20250225-161945
3122,142,0,0.226806640625,68.13025665283203,1670.06982421875,183.6434326171875,211.3593292236328,20250225-161945
3122,102,0,0.304931640625,216.85354614257812,0.08096981048583984,41.05498504638672,157.06500244140625,20250225-161945
3122,139,0,0.374755859375,167.454345703125,863.6508178710938,245.44015502929688,257.7008056640625,20250225-161945
3122,143,0,0.591796875,152.97235107421875,713.3785400390625,96.81930541992188,120.57048797607422,20250225-161945
3122,144,0,0.60400390625,81.56241607666016,1239.846435546875,175.6475830078125,186.66995239257812,20250225-161945
3122,135,0,0.62060546875,79.02598571777344,1420.8153076171875,159.667236328125,183.46994018554688,20250225-161945
3122,141,0,0.69287109375,138.1591339111328,820.4053344726562,106.02127075195312,118.92494201660156,20250225-161945
3122,140,0,0.72314453125,49.28136444091797,644.9712524414062,98.31843566894531,225.6655731201172,20250225-161945
3122,126,0,0.77685546875,113.8089828491211,1109.573974609375,118.693359375,168.55838012695312,20250225-161945
3122,134,0,0.84326171875,171.749267578125,430.6784362792969,442.0113830566406,347.2031555175781,20250225-161945
3122,114,0,0.89892578125,244.18966674804688,6.590240478515625,441.64031982421875,549.7537841796875,20250225-161945
3122,138,0,0.9287109375,211.343994140625,867.3446044921875,1052.1251220703125,856.7761840820312,20250225-161945
3123,137,0,0.279052734375,92.53015899658203,1652.0050048828125,266.9791259765625,431.3994140625,20250225-161945
3123,135,0,0.32177734375,97.88067626953125,1433.732666015625,161.96466064453125,204.7536163330078,20250225-161945
3123,102,0,0.346923828125,212.27337646484375,0.7546348571777344,53.03748321533203,163.42428588867188,20250225-161945
3123,143,0,0.42431640625,158.0969696044922,733.4959716796875,100.307373046875,124.38583374023438,20250225-161945
3123,144,0,0.5283203125,98.11392211914062,1250.749267578125,226.7208251953125,214.16416931152344,20250225-161945
3123,139,0,0.5947265625,182.10250854492188,873.4940185546875,255.39926147460938,366.8138427734375,20250225-161945
3123,140,0,0.70068359375,58.15668487548828,654.92041015625,98.99848937988281,222.3563232421875,20250225-161945
3123,126,0,0.70654296875,126.46415710449219,1112.6715087890625,129.89566040039062,169.59429931640625,20250225-161945
3123,114,0,0.7822265625,254.76487731933594,17.064376831054688,524.87890625,537.0218505859375,20250225-161945
3123,134,0,0.8798828125,178.02210998535156,424.1312255859375,460.6802673339844,350.3680725097656,20250225-161945
3123,138,0,0.92431640625,227.30215454101562,883.6312866210938,1034.728271484375,838.9402465820312,20250225-161945
3124,141,0,0.261962890625,153.91810607910156,843.3345336914062,108.39743041992188,112.0478515625,20250225-161945
3124,139,0,0.32763671875,195.16001892089844,877.0255737304688,273.8360595703125,365.3465576171875,20250225-161945
3124,143,0,0.393310546875,173.80517578125,743.7216796875,90.12542724609375,110.80398559570312,20250225-161945
3124,102,0,0.39501953125,207.69911193847656,0.384613037109375,90.3697280883789,308.9282531738281,20250225-161945
3124,126,0,0.4091796875,138.4589385986328,1103.126953125,157.68896484375,167.02976989746094,20250225-161945
3124,137,0,0.51171875,114.34351348876953,1695.1241455078125,223.87774658203125,439.34454345703125,20250225-161945
3124,140,0,0.517578125,64.0946044921875,677.242919921875,85.66896057128906,213.87200927734375,20250225-161945
3124,144,0,0.630859375,113.6845932006836,1260.3841552734375,184.49130249023438,195.45970153808594,20250225-161945
3124,114,0,0.63232421875,257.8863830566406,54.612762451171875,470.0994873046875,590.8475341796875,20250225-161945
3124,134,0,0.78125,188.13348388671875,453.2075500488281,472.8219909667969,344.4749450683594,20250225-161945
3124,138,0,0.90576171875,260.7156066894531,901.1817626953125,1012.4549560546875,805.13818359375,20250225-161945
3125,137,0,0.265869140625,135.6053466796875,1741.8372802734375,177.11993408203125,514.2702026367188,20250225-161945
3125,102,0,0.2958984375,199.42782592773438,0.39129638671875,130.1502685546875,300.5702819824219,20250225-161945
3125,143,0,0.3603515625,169.82638549804688,765.9195556640625,106.191650390625,116.83863067626953,20250225-161945
3125,141,0,0.441650390625,157.28050231933594,867.0855102539062,109.78143310546875,112.88653564453125,20250225-161945
3125,140,0,0.454345703125,65.901123046875,702.156982421875,87.26925659179688,207.74661254882812,20250225-161945
3125,126,0,0.4775390625,145.7715606689453,1153.282470703125,139.25326538085938,165.46734619140625,20250225-161945
3125,114,0,0.6533203125,258.6075134277344,73.55058288574219,468.76019287109375,531.372314453125,20250225-161945
3125,144,0,0.67724609375,123.14009094238281,1285.2974853515625,184.70846557617188,196.1630401611328,20250225-161945
3125,139,0,0.69091796875,199.77569580078125,908.7645263671875,267.2956237792969,348.14459228515625,20250225-161945
3125,134,0,0.7939453125,182.85968017578125,468.1015319824219,458.8567199707031,360.6595153808594,20250225-161945
3125,138,0,0.91259765625,287.460693359375,918.5692749023438,991.5283813476562,780.0745849609375,20250225-161945
3126,141,0,0.2239990234375,157.7360382080078,888.015625,114.226318359375,112.62230682373047,20250225-161945
3126,143,0,0.2744140625,170.0965576171875,799.2064819335938,92.97317504882812,118.7508316040039,20250225-161945
3126,137,0,0.342529296875,145.7900390625,1678.175537109375,240.60223388671875,396.10931396484375,20250225-161945
3126,102,0,0.34521484375,193.42349243164062,3.574951171875,158.45391845703125,301.1418762207031,20250225-161945
3126,135,0,0.4072265625,134.01551818847656,1505.8260498046875,231.8642578125,192.47789001464844,20250225-161945
3126,126,0,0.42724609375,150.13209533691406,1173.646484375,139.91281127929688,175.05526733398438,20250225-161945
3126,142,0,0.4755859375,196.03402709960938,1589.9681396484375,329.1837158203125,871.6730346679688,20250225-161945
3126,140,0,0.56005859375,65.4129638671875,725.6204223632812,86.51019287109375,216.80508422851562,20250225-161945
3126,144,0,0.57470703125,132.29150390625,1307.9560546875,189.9246826171875,204.25631713867188,20250225-161945
3126,114,0,0.75048828125,260.317626953125,110.97738647460938,501.6126708984375,524.9178466796875,20250225-161945
3126,139,0,0.76123046875,206.77401733398438,930.252685546875,272.414794921875,376.98822021484375,20250225-161945
3126,134,0,0.86767578125,186.99090576171875,497.9010314941406,451.01531982421875,365.05474853515625,20250225-161945
3126,138,0,0.900390625,316.765380859375,942.1045532226562,943.0834350585938,752.398193359375,20250225-161945
3127,142,0,0.3173828125,295.78131103515625,1633.951904296875,285.52716064453125,771.5117797851562,20250225-161945
3127,139,0,0.394287109375,222.27505493164062,819.2735595703125,400.61297607421875,315.2460632324219,20250225-161945
3127,143,0,0.42724609375,174.765380859375,817.8863525390625,95.8201904296875,119.89493560791016,20250225-161945
3127,141,0,0.447509765625,164.01673889160156,910.4241943359375,112.58413696289062,118.13345336914062,20250225-161945
3127,137,0,0.4658203125,166.36949157714844,1731.4185791015625,187.59027099609375,404.81280517578125,20250225-161945
3127,102,0,0.4677734375,195.6971893310547,64.1085205078125,123.66126251220703,177.12570190429688,20250225-161945
3127,126,0,0.5185546875,161.56695556640625,1194.332275390625,137.46139526367188,188.18692016601562,20250225-161945
3127,135,0,0.533203125,148.9448699951172,1525.92626953125,157.9200439453125,169.37965393066406,20250225-161945
3127,140,0,0.5458984375,73.23275756835938,743.9205322265625,86.52081298828125,220.07327270507812,20250225-161945
3127,114,0,0.75830078125,267.3145446777344,117.138427734375,506.6144714355469,529.8336791992188,20250225-161945
3127,144,0,0.7646484375,147.25755310058594,1324.98681640625,192.13037109375,233.4791259765625,20250225-161945
3127,134,0,0.8056640625,196.11514282226562,544.3522338867188,433.3656921386719,366.0939025878906,20250225-161945
3127,138,0,0.91162109375,362.70855712890625,963.2962646484375,873.73095703125,705.6560668945312,20250225-161945
3128,133,0,0.33203125,196.94139099121094,523.0947265625,196.87408447265625,274.972900390625,20250225-161945
3128,137,0,0.341552734375,179.19187927246094,1620.3240966796875,298.76092529296875,416.0459899902344,20250225-161945
3128,126,0,0.42724609375,173.92356872558594,1207.505126953125,133.91958618164062,221.89425659179688,20250225-161945
3128,102,0,0.5341796875,195.4335174560547,82.00641632080078,154.44851684570312,169.6016082763672,20250225-161945
3128,135,0,0.5478515625,159.12571716308594,1537.6329345703125,161.572265625,147.86520385742188,20250225-161945
3128,143,0,0.60400390625,176.52403259277344,821.6517333984375,99.97119140625,123.03348541259766,20250225-161945
3128,141,0,0.64599609375,172.74253845214844,924.454833984375,108.73123168945312,116.56897735595703,20250225-161945
3128,140,0,0.65380859375,79.93669128417969,755.857421875,89.43928527832031,201.873779296875,20250225-161945
3128,139,0,0.7841796875,230.9111328125,950.7581176757812,281.58233642578125,302.37725830078125,20250225-161945
3128,142,0,0.83056640625,328.52081298828125,1641.5423583984375,277.71697998046875,739.2255859375,20250225-161945
3128,144,0,0.8466796875,158.59249877929688,1335.32958984375,198.6771240234375,229.81570434570312,20250225-161945
3128,114,0,0.880859375,273.55706787109375,140.59149169921875,404.36181640625,517.4581909179688,20250225-161945
3128,134,0,0.88818359375,208.99673461914062,545.85302734375,416.61090087890625,355.6597595214844,20250225-161945
3128,138,0,0.92578125,386.47271728515625,974.0255126953125,836.841796875,682.1336059570312,20250225-161945
3129,137,0,0.2393798828125,184.47958374023438,1628.58984375,290.67864990234375,399.2305603027344,20250225-161945
3129,133,0,0.318359375,194.47259521484375,531.930419921875,184.6051025390625,275.5247497558594,20250225-161945
3129,102,0,0.374755859375,191.39942932128906,92.4547119140625,118.69450378417969,175.98355102539062,20250225-161945
3129,136,0,0.38037109375,171.6851043701172,1627.72998046875,82.35369873046875,111.36849212646484,20250225-161945
3129,135,0,0.449462890625,160.6096954345703,1534.483642578125,170.33047485351562,169.38983154296875,20250225-161945
3129,126,0,0.55712890625,172.29244995117188,1217.0921630859375,124.55538940429688,157.5366973876953,20250225-161945
3129,143,0,0.62158203125,173.30978393554688,827.2966918945312,96.19070434570312,124.40555572509766,20250225-161945
3129,141,0,0.69775390625,169.87884521484375,929.1377563476562,111.2896728515625,118.93931579589844,20250225-161945
3129,140,0,0.72021484375,77.02268981933594,762.5934448242188,89.15771484375,218.60699462890625,20250225-161945
3129,139,0,0.7626953125,230.00164794921875,959.269775390625,280.9137268066406,298.96954345703125,20250225-161945
3129,144,0,0.83984375,161.16897583007812,1340.545654296875,196.40203857421875,228.06492614746094,20250225-161945
3129,134,0,0.87744140625,216.70703125,552.4324951171875,414.94976806640625,345.8066101074219,20250225-161945
3129,114,0,0.8818359375,271.0037841796875,145.95574951171875,401.489501953125,523.2764892578125,20250225-161945
3129,142,0,0.892578125,343.0191650390625,1634.0115966796875,285.1871337890625,727.0715942382812,20250225-161945
3129,138,0,0.9248046875,395.96746826171875,978.1177368164062,819.0437622070312,672.816162109375,20250225-161945
3130,137,0,0.2421875,180.94972229003906,1712.2935791015625,207.22796630859375,405.03631591796875,20250225-161945
3130,133,0,0.280517578125,189.45932006835938,538.3311767578125,171.01666259765625,277.4039611816406,20250225-161945
3130,126,0,0.37109375,169.541015625,1225.489501953125,127.34051513671875,164.06004333496094,20250225-161945
3130,102,0,0.388671875,183.12342834472656,88.26644897460938,171.2091064453125,201.6650390625,20250225-161945
3130,143,0,0.544921875,171.63034057617188,833.7841186523438,89.29495239257812,120.15567779541016,20250225-161945
3130,135,0,0.57177734375,158.05755615234375,1550.990478515625,169.61553955078125,150.28138732910156,20250225-161945
3130,141,0,0.6259765625,170.0829315185547,933.3989868164062,114.1497802734375,114.73989868164062,20250225-161945
3130,140,0,0.68701171875,70.50613403320312,769.5328369140625,85.71295166015625,208.0854949951172,20250225-161945
3130,139,0,0.71142578125,229.7206268310547,963.4758911132812,287.8407897949219,288.62335205078125,20250225-161945
3130,144,0,0.81982421875,158.1661376953125,1346.104248046875,198.5855712890625,231.26881408691406,20250225-161945
3130,114,0,0.84375,264.19775390625,155.63919067382812,429.6138610839844,524.5919189453125,20250225-161945
3130,134,0,0.85546875,224.31503295898438,558.727294921875,412.4927673339844,334.6807556152344,20250225-161945
3130,142,0,0.89794921875,349.1380310058594,1635.6851806640625,283.33135986328125,720.1278076171875,20250225-161945
3130,138,0,0.92431640625,398.5285339355469,979.6915283203125,813.2330932617188,670.7855224609375,20250225-161945
3131,102,0,0.368408203125,175.69949340820312,107.16192626953125,166.24151611328125,186.18869018554688,20250225-161945
3131,126,0,0.438720703125,162.64700317382812,1227.6082763671875,135.76226806640625,155.547607421875,20250225-161945
3131,146,0,0.5107421875,56.717689514160156,883.8627319335938,99.65350341796875,189.24838256835938,20250225-161945
3131,141,0,0.59375,163.57708740234375,944.07421875,111.99398803710938,113.03162384033203,20250225-161945
3131,143,0,0.5947265625,163.3493194580078,839.8800659179688,92.29010009765625,125.08161926269531,20250225-161945
3131,135,0,0.6953125,156.56890869140625,1545.1666259765625,191.525390625,166.76499938964844,20250225-161945
3131,140,0,0.70166015625,64.49341583251953,778.53955078125,87.194091796875,207.6562957763672,20250225-161945
3131,139,0,0.796875,225.39344787597656,972.9867553710938,290.6939392089844,294.10882568359375,20250225-161945
3131,134,0,0.8251953125,192.0089111328125,563.297607421875,441.6163330078125,367.1729431152344,20250225-161945
3131,144,0,0.830078125,153.447509765625,1358.9871826171875,197.6378173828125,234.3006591796875,20250225-161945
3131,114,0,0.85205078125,259.052978515625,163.86849975585938,401.52044677734375,523.9494018554688,20250225-161945
3131,142,0,0.87890625,354.8433837890625,1635.6097412109375,283.49322509765625,713.9066162109375,20250225-161945
3131,138,0,0.91943359375,403.3306884765625,984.7113647460938,811.1846923828125,666.8743286132812,20250225-161945
3132,133,0,0.309814453125,179.97291564941406,556.10546875,214.3480224609375,276.5062561035156,20250225-161945
3132,126,0,0.4658203125,158.87294006347656,1238.900634765625,131.6846923828125,156.08517456054688,20250225-161945
3132,146,0,0.515625,52.64126968383789,892.2835693359375,101.09005737304688,186.89382934570312,20250225-161945
3132,143,0,0.57958984375,164.3433074951172,849.4149169921875,106.54055786132812,119.20318603515625,20250225-161945
3132,140,0,0.68701171875,58.87895202636719,787.8837890625,86.9901123046875,205.27601623535156,20250225-161945
3132,102,0,0.68994140625,170.73101806640625,121.39306640625,152.76654052734375,169.86544799804688,20250225-161945
3132,141,0,0.70263671875,157.41696166992188,954.0299072265625,110.42047119140625,116.11360168457031,20250225-161945
3132,135,0,0.75341796875,154.0298614501953,1572.2142333984375,171.43927001953125,143.93167114257812,20250225-161945
3132,134,0,0.78076171875,206.58657836914062,570.5564575195312,449.38458251953125,350.6055603027344,20250225-161945
3132,144,0,0.78857421875,150.86253356933594,1364.511962890625,201.2669677734375,233.18540954589844,20250225-161945
3132,139,0,0.8125,222.053955078125,979.8258056640625,291.5694580078125,297.9092102050781,20250225-161945
3132,142,0,0.86572265625,358.6929626464844,1650.276611328125,268.95849609375,710.19580078125,20250225-161945
3132,114,0,0.880859375,259.1192321777344,178.01119995117188,391.1384582519531,517.0001220703125,20250225-161945
3132,138,0,0.91650390625,404.45880126953125,987.4676513671875,809.5374755859375,665.7219848632812,20250225-161945
3133,135,0,0.4072265625,155.80909729003906,1582.4783935546875,172.66021728515625,157.5223846435547,20250225-161945
3133,143,0,0.541015625,160.61398315429688,860.4019775390625,101.98745727539062,124.665771484375,20250225-161945
3133,146,0,0.5537109375,53.16129684448242,900.1058349609375,97.06668090820312,190.4582977294922,20250225-161945
3133,126,0,0.6416015625,159.2356719970703,1246.41650390625,134.31912231445312,257.46905517578125,20250225-161945
3133,141,0,0.66455078125,156.10284423828125,959.977294921875,113.31161499023438,116.48211669921875,20250225-161945
3133,142,0,0.669921875,302.66912841796875,1660.67431640625,258.50225830078125,765.7992553710938,20250225-161945
3133,140,0,0.7001953125,57.18654251098633,794.8165283203125,89.83804321289062,222.0069580078125,20250225-161945
3133,139,0,0.7392578125,221.56668090820312,984.6470947265625,276.2518615722656,293.17041015625,20250225-161945
3133,102,0,0.7861328125,168.1057586669922,129.58753967285156,162.74020385742188,161.49838256835938,20250225-161945
3133,134,0,0.7939453125,196.44876098632812,579.1371459960938,428.0888671875,358.10906982421875,20250225-161945
3133,144,0,0.8388671875,151.2204132080078,1374.9906005859375,206.419189453125,235.8450469970703,20250225-161945
3133,114,0,0.849609375,248.637939453125,175.65994262695312,400.4887390136719,515.9122314453125,20250225-161945
3133,138,0,0.919921875,401.9161071777344,986.5314331054688,808.0742797851562,667.5134887695312,20250225-161945
3134,147,0,0.216064453125,200.6221923828125,1831.6995849609375,87.81005859375,192.2585906982422,20250225-161945
3134,126,0,0.4560546875,164.48670959472656,1248.3564453125,133.7200927734375,162.08023071289062,20250225-161945
3134,135,0,0.529296875,162.7225341796875,1580.4708251953125,180.73974609375,154.60659790039062,20250225-161945
3134,146,0,0.56689453125,54.07599639892578,902.6141967773438,102.8653564453125,195.39584350585938,20250225-161945
3134,143,0,0.59375,162.45199584960938,860.6744384765625,102.35220336914062,126.40911865234375,20250225-161945
3134,142,0,0.64404296875,379.0667724609375,1672.0953369140625,247.0081787109375,690.3272705078125,20250225-161945
3134,141,0,0.70751953125,161.30877685546875,961.3408813476562,112.477294921875,116.455078125,20250225-161945
3134,140,0,0.732421875,60.574493408203125,795.8538208007812,88.3681640625,221.07925415039062,20250225-161945
3134,139,0,0.7685546875,224.90032958984375,985.31494140625,279.77581787109375,312.4178771972656,20250225-161945
3134,102,0,0.791015625,165.4639129638672,128.30108642578125,163.18597412109375,172.0288848876953,20250225-161945
3134,144,0,0.83349609375,158.8563690185547,1374.8763427734375,201.4427490234375,231.91091918945312,20250225-161945
3134,134,0,0.83837890625,185.44338989257812,578.0367431640625,426.70196533203125,370.9167175292969,20250225-161945
3134,114,0,0.86767578125,250.49996948242188,170.1636199951172,399.8204345703125,518.0680541992188,20250225-161945
3134,138,0,0.90966796875,401.39434814453125,983.077880859375,807.0617065429688,667.9382934570312,20250225-161945
3135,147,0,0.264404296875,208.83392333984375,1824.4248046875,94.623046875,195.97579956054688,20250225-161945
3135,126,0,0.421630859375,173.62664794921875,1229.00439453125,149.29568481445312,200.86874389648438,20250225-161945
3135,137,0,0.440673828125,206.4772186279297,1653.24072265625,265.7523193359375,390.10699462890625,20250225-161945
3135,146,0,0.45703125,60.86571502685547,901.1046752929688,99.23602294921875,185.5530548095703,20250225-161945
3135,143,0,0.55810546875,164.9822540283203,857.1837158203125,102.14785766601562,124.00118255615234,20250225-161945
3135,135,0,0.66455078125,173.91880798339844,1565.298828125,188.7802734375,160.41812133789062,20250225-161945
3135,141,0,0.67822265625,168.3317108154297,955.4771118164062,114.9488525390625,115.05792236328125,20250225-161945
3135,140,0,0.736328125,65.2775650024414,795.3248291015625,84.45712280273438,212.1516876220703,20250225-161945
3135,102,0,0.74853515625,168.1285400390625,126.88357543945312,154.10650634765625,163.09869384765625,20250225-161945
3135,139,0,0.7529296875,228.54330444335938,983.19873046875,288.4695739746094,293.5411682128906,20250225-161945
3135,134,0,0.826171875,192.6124725341797,575.362060546875,428.67333984375,365.0302734375,20250225-161945
3135,114,0,0.8310546875,251.11508178710938,167.9897918701172,398.97412109375,511.74383544921875,20250225-161945
3135,144,0,0.849609375,167.40635681152344,1368.673583984375,203.59698486328125,230.05271911621094,20250225-161945
3135,142,0,0.8642578125,383.8985290527344,1653.5863037109375,265.6219482421875,684.0467529296875,20250225-161945
3135,138,0,0.9169921875,403.1707763671875,976.323486328125,802.0052490234375,664.7583618164062,20250225-161945
3136,137,0,0.29345703125,211.31936645507812,1744.294921875,174.919921875,370.628662109375,20250225-161945
3136,146,0,0.383056640625,66.76713562011719,890.4058227539062,102.5211181640625,180.21070861816406,20250225-161945
3136,143,0,0.5537109375,171.88624572753906,848.7852172851562,96.91488647460938,123.198974609375,20250225-161945
3136,126,0,0.57861328125,180.43516540527344,1227.65576171875,138.6053466796875,159.53775024414062,20250225-161945
3136,141,0,0.59814453125,172.181396484375,946.5137939453125,115.05047607421875,114.7787094116211,20250225-161945
3136,135,0,0.6494140625,182.2773895263672,1559.9271240234375,178.25994873046875,150.65736389160156,20250225-161945
3136,140,0,0.6611328125,70.5467300415039,786.5344848632812,85.92471313476562,211.38877868652344,20250225-161945
3136,102,0,0.68603515625,166.89743041992188,111.42526245117188,156.57778930664062,164.84088134765625,20250225-161945
3136,139,0,0.79443359375,232.82492065429688,973.5252685546875,288.5759582519531,292.8649597167969,20250225-161945
3136,134,0,0.8388671875,202.74424743652344,560.876220703125,425.29632568359375,356.85174560546875,20250225-161945
3136,144,0,0.84765625,174.0106201171875,1357.24365234375,203.20184326171875,225.70819091796875,20250225-161945
3136,142,0,0.85498046875,377.1817626953125,1632.072509765625,287.197998046875,691.7491455078125,20250225-161945
3136,114,0,0.85498046875,252.0213623046875,153.5027618408203,400.9477844238281,516.3170776367188,20250225-161945
3136,138,0,0.921875,396.025146484375,961.7869262695312,813.090087890625,671.8359985351562,20250225-161945
3137,146,0,0.25537109375,73.82646942138672,877.6669921875,104.98260498046875,176.36129760742188,20250225-161945
3137,147,0,0.34326171875,214.6219482421875,1780.1715087890625,139.50567626953125,190.74583435058594,20250225-161945
3137,102,0,0.38037109375,167.52793884277344,69.45657348632812,180.6617431640625,170.21658325195312,20250225-161945
3137,143,0,0.449462890625,176.14254760742188,834.0416259765625,101.61676025390625,125.01179504394531,20250225-161945
3137,126,0,0.474609375,186.69488525390625,1220.146728515625,133.34793090820312,149.7657470703125,20250225-161945
3137,140,0,0.57080078125,74.05306243896484,771.3740844726562,84.31805419921875,194.4392547607422,20250225-161945
3137,141,0,0.64697265625,175.2757110595703,934.2000732421875,110.6883544921875,117.87308502197266,20250225-161945
3137,135,0,0.67822265625,190.9259033203125,1520.1258544921875,197.0185546875,174.98577880859375,20250225-161945
3137,139,0,0.74072265625,234.61692810058594,955.2681884765625,289.9779968261719,291.9810485839844,20250225-161945
3137,144,0,0.76611328125,180.1938018798828,1334.06396484375,206.6927490234375,206.13784790039062,20250225-161945
3137,114,0,0.81005859375,250.44070434570312,131.47608947753906,410.7468566894531,519.22314453125,20250225-161945
3137,134,0,0.8359375,203.67478942871094,540.4550170898438,424.40496826171875,359.1174621582031,20250225-161945
3137,142,0,0.85498046875,364.68035888671875,1602.0604248046875,317.24139404296875,704.3800048828125,20250225-161945
3137,138,0,0.91748046875,390.8690185546875,944.477783203125,828.185302734375,678.062255859375,20250225-161945
3138,148,0,0.20556640625,257.1260681152344,0.4163532257080078,47.31679916381836,262.3133544921875,20250225-161945
3138,102,0,0.323486328125,170.71865844726562,24.72795867919922,155.95106506347656,307.88189697265625,20250225-161945
3138,137,0,0.494140625,225.0671844482422,1644.39111328125,275.60888671875,363.8951721191406,20250225-161945
3138,143,0,0.5,181.18167114257812,809.1817016601562,109.20611572265625,127.5081787109375,20250225-161945
3138,114,0,0.5244140625,251.86526489257812,93.38603210449219,434.8238525390625,624.7816772460938,20250225-161945
3138,139,0,0.525390625,241.201416015625,944.2767333984375,275.1887512207031,279.886474609375,20250225-161945
3138,126,0,0.5380859375,193.81350708007812,1190.951416015625,139.579833984375,152.1546630859375,20250225-161945
3138,140,0,0.55078125,80.04136657714844,754.3817138671875,79.9720458984375,198.4508514404297,20250225-161945
3138,141,0,0.55810546875,183.33714294433594,909.6901245117188,113.905517578125,115.34197998046875,20250225-161945
3138,135,0,0.5849609375,198.95948791503906,1504.95556640625,185.6832275390625,150.97596740722656,20250225-161945
3138,144,0,0.80615234375,185.85691833496094,1305.3878173828125,208.62478637695312,203.78102111816406,20250225-161945
3138,134,0,0.84326171875,206.867919921875,509.66912841796875,440.830810546875,358.9657287597656,20250225-161945
3138,142,0,0.86767578125,363.978515625,1583.3331298828125,335.8740234375,705.1309204101562,20250225-161945
3138,138,0,0.91357421875,369.6374206542969,927.3519287109375,841.9456787109375,699.8457641601562,20250225-161945
3139,141,0,0.4736328125,185.7867889404297,890.4495849609375,111.32345581054688,113.06358337402344,20250225-161945
3139,143,0,0.490234375,184.68515014648438,794.3406372070312,102.19610595703125,122.53981018066406,20250225-161945
3139,137,0,0.4931640625,223.09756469726562,1626.9990234375,291.97247314453125,374.5657958984375,20250225-161945
3139,126,0,0.498046875,198.0645294189453,1173.69287109375,133.90383911132812,142.63307189941406,20250225-161945
3139,135,0,0.533203125,201.80747985839844,1491.873779296875,171.531005859375,140.43280029296875,20250225-161945
3139,102,0,0.61865234375,174.36904907226562,0.5701675415039062,194.6916046142578,300.8752746582031,20250225-161945
3139,139,0,0.62890625,242.61318969726562,910.4677734375,284.13446044921875,353.3586730957031,20250225-161945
3139,140,0,0.63232421875,84.35505676269531,734.2716064453125,77.79656982421875,192.47463989257812,20250225-161945
3139,114,0,0.74560546875,252.2815704345703,75.90733337402344,422.5150451660156,537.883056640625,20250225-161945
3139,144,0,0.7861328125,189.69003295898438,1292.0914306640625,199.708740234375,195.49960327148438,20250225-161945
3139,134,0,0.79638671875,200.407958984375,490.5513610839844,461.2236328125,361.8011474609375,20250225-161945
3139,142,0,0.8349609375,358.4003601074219,1568.2738037109375,351.05511474609375,709.7022094726562,20250225-161945
3139,138,0,0.91943359375,366.6297302246094,908.0474853515625,864.7289428710938,703.716552734375,20250225-161945
3140,146,0,0.220703125,80.25,817.477294921875,97.6241455078125,176.95774841308594,20250225-161945
3140,102,0,0.25244140625,175.04647827148438,0.5396347045898438,175.32647705078125,473.23797607421875,20250225-161945
3140,135,0,0.33544921875,194.0419921875,1478.3975830078125,158.197265625,138.67123413085938,20250225-161945
3140,137,0,0.41015625,213.38458251953125,1665.23876953125,254.45562744140625,371.8095397949219,20250225-161945
3140,141,0,0.43017578125,177.24217224121094,873.422607421875,109.65692138671875,118.04350280761719,20250225-161945
3140,126,0,0.5458984375,191.27244567871094,1154.9029541015625,134.31637573242188,156.20741271972656,20250225-161945
3140,143,0,0.57666015625,186.9449462890625,778.8372802734375,101.56686401367188,120.01016235351562,20250225-161945
3140,140,0,0.60498046875,80.68972778320312,710.2545776367188,79.33245849609375,201.48587036132812,20250225-161945
3140,144,0,0.7421875,182.41098022460938,1276.261474609375,197.326904296875,189.782470703125,20250225-161945
3140,139,0,0.79296875,235.7447967529297,902.0885009765625,276.5687255859375,361.44805908203125,20250225-161945
3140,114,0,0.81982421875,245.4710235595703,58.79145812988281,423.9862976074219,528.0800170898438,20250225-161945
3140,134,0,0.8349609375,195.5703125,483.03497314453125,438.7255554199219,364.2208251953125,20250225-161945
3140,142,0,0.861328125,337.8312072753906,1546.3392333984375,372.9638671875,729.301025390625,20250225-161945
3140,138,0,0.92138671875,355.6962890625,893.6698608398438,910.5692138671875,713.9657592773438,20250225-161945
3141,102,0,0.2220458984375,162.7145538330078,0.032581329345703125,150.88525390625,198.89695739746094,20250225-161945
3141,135,0,0.313232421875,178.4936065673828,1463.6956787109375,161.587646484375,134.47903442382812,20250225-161945
3141,141,0,0.31396484375,167.29147338867188,870.2056274414062,100.87820434570312,105.4551010131836,20250225-161945
3141,146,0,0.37841796875,65.83677673339844,800.2692260742188,106.69454956054688,200.8583526611328,20250225-161945
3141,143,0,0.43408203125,172.99668884277344,766.9396362304688,100.37164306640625,120.57117462158203,20250225-161945
3141,137,0,0.4990234375,193.51412963867188,1666.2535400390625,246.28546142578125,371.0664978027344,20250225-161945
3141,126,0,0.625,175.81504821777344,1141.19189453125,132.8485107421875,176.4988555908203,20250225-161945
3141,140,0,0.6279296875,66.91461181640625,693.1300048828125,84.87112426757812,218.60073852539062,20250225-161945
3141,144,0,0.67919921875,167.6010284423828,1269.098876953125,203.04025268554688,198.2906951904297,20250225-161945
3141,114,0,0.7216796875,232.12721252441406,17.0108642578125,454.5140380859375,539.335693359375,20250225-161945
3141,139,0,0.74072265625,222.20819091796875,890.8399658203125,273.44732666015625,331.6468505859375,20250225-161945
3141,134,0,0.7939453125,182.45510864257812,462.13787841796875,434.24505615234375,355.3959655761719,20250225-161945
3141,142,0,0.810546875,310.3731384277344,1540.333740234375,379.18890380859375,756.0824584960938,20250225-161945
3141,138,0,0.90478515625,340.9523620605469,877.0008544921875,946.3764038085938,726.8104248046875,20250225-161945
3142,146,0,0.281494140625,47.471473693847656,801.4940185546875,148.53900146484375,206.58363342285156,20250225-161946
3142,102,0,0.4072265625,141.25955200195312,0.35785675048828125,149.6623992919922,511.810546875,20250225-161946
3142,143,0,0.525390625,149.65794372558594,760.0224609375,99.6815185546875,123.17694854736328,20250225-161946
3142,137,0,0.5390625,173.01353454589844,1649.1456298828125,251.42999267578125,380.85418701171875,20250225-161946
3142,126,0,0.56689453125,152.8881378173828,1134.4239501953125,130.77923583984375,180.94027709960938,20250225-161946
3142,135,0,0.625,153.35687255859375,1452.29931640625,168.20352172851562,152.85552978515625,20250225-161946
3142,140,0,0.68359375,41.50965118408203,682.5045166015625,84.16552734375,246.59341430664062,20250225-161946
3142,139,0,0.759765625,196.72763061523438,885.7783813476562,270.3609924316406,362.1365051269531,20250225-161946
3142,144,0,0.77587890625,141.83547973632812,1258.767333984375,195.172119140625,204.2932586669922,20250225-161946
3142,114,0,0.80419921875,213.8911895751953,15.412948608398438,447.4234313964844,547.6556396484375,20250225-161946
3142,134,0,0.830078125,162.44613647460938,464.1986389160156,420.7529296875,350.2218322753906,20250225-161946
3142,138,0,0.8994140625,317.96441650390625,867.1351318359375,1038.755126953125,750.055419921875,20250225-161946
3143,102,0,0.403564453125,109.23182678222656,0.7024383544921875,130.64883422851562,516.0762329101562,20250225-161946
3143,141,0,0.406494140625,124.15621185302734,851.3043823242188,108.04010009765625,106.47582244873047,20250225-161946
3143,143,0,0.48046875,124.76853942871094,756.8856811523438,87.66229248046875,122.5244369506836,20250225-161946
3143,140,0,0.56396484375,17.244972229003906,678.6925048828125,82.26997375488281,250.65060424804688,20250225-161946
3143,137,0,0.587890625,146.28854370117188,1644.5379638671875,257.35711669921875,383.65301513671875,20250225-161946
3143,135,0,0.59619140625,129.05931091308594,1450.7581787109375,173.4287109375,158.44044494628906,20250225-161946
3143,126,0,0.6826171875,126.22979736328125,1132.6219482421875,131.52438354492188,191.87210083007812,20250225-161946
3143,144,0,0.755859375,117.5285415649414,1259.0343017578125,191.44345092773438,196.5707244873047,20250225-161946
3143,139,0,0.76611328125,174.2049102783203,865.730712890625,293.34136962890625,371.64739990234375,20250225-161946
3143,114,0,0.81982421875,185.41720581054688,21.362960815429688,433.5163879394531,564.1361694335938,20250225-161946
3143,134,0,0.8203125,130.61160278320312,460.8804931640625,421.52288818359375,358.38128662109375,20250225-161946
3143,138,0,0.91259765625,295.5361633300781,860.8612060546875,1054.2685546875,772.1737060546875,20250225-161946
3144,102,0,0.303955078125,82.16915130615234,1.0368919372558594,134.67955017089844,511.0483703613281,20250225-161946
3144,141,0,0.450439453125,104.36563110351562,846.9406127929688,112.21051025390625,108.35182189941406,20250225-161946
3144,140,0,0.462890625,2.682359218597412,679.1050415039062,82.31822204589844,225.61717224121094,20250225-161946
3144,143,0,0.51171875,99.46418762207031,755.1229248046875,92.93426513671875,124.5199203491211,20250225-161946
3144,135,0,0.60009765625,109.69059753417969,1442.6978759765625,181.2696533203125,152.34027099609375,20250225-161946
3144,126,0,0.64794921875,104.6146469116211,1131.58447265625,134.77670288085938,203.96774291992188,20250225-161946
3144,137,0,0.66796875,130.97659301757812,1620.9774169921875,287.44281005859375,362.4460144042969,20250225-161946
3144,139,0,0.77783203125,147.537109375,872.2269287109375,296.8179931640625,373.50390625,20250225-161946
3144,144,0,0.78125,96.15985107421875,1259.314453125,194.33779907226562,197.86248779296875,20250225-161946
3144,134,0,0.8193359375,107.29351043701172,455.1734619140625,432.910400390625,360.4905090332031,20250225-161946
3144,114,0,0.83984375,153.775634765625,25.620391845703125,429.6312561035156,551.8185424804688,20250225-161946
3144,138,0,0.92724609375,268.8180236816406,853.4474487304688,1063.9332275390625,798.7039184570312,20250225-161946
3145,102,0,0.2371826171875,64.00205993652344,0.6387977600097656,118.9046859741211,512.109375,20250225-161946
3145,137,0,0.453369140625,119.16072082519531,1643.87890625,274.030517578125,364.540771484375,20250225-161946
3145,140,0,0.4697265625,0.5756020545959473,680.7882080078125,81.73265075683594,193.4341278076172,20250225-161946
3145,126,0,0.4892578125,90.77509307861328,1134.2303466796875,134.55166625976562,198.1967010498047,20250225-161946
3145,143,0,0.501953125,75.66951751708984,756.8675537109375,79.4739990234375,130.34918212890625,20250225-161946
3145,135,0,0.60595703125,97.90970611572266,1455.6624755859375,174.416015625,158.4441375732422,20250225-161946
3145,141,0,0.63720703125,83.36837768554688,849.1600341796875,113.94827270507812,113.84574127197266,20250225-161946
3145,139,0,0.7958984375,129.9336700439453,882.8032836914062,290.58856201171875,323.28070068359375,20250225-161946
3145,144,0,0.7958984375,82.38179779052734,1265.32373046875,196.19512939453125,190.51271057128906,20250225-161946
3145,134,0,0.8271484375,84.95130920410156,458.02313232421875,441.1043701171875,370.9836730957031,20250225-161946
3145,114,0,0.841796875,135.46400451660156,23.322052001953125,443.04986572265625,536.1242065429688,20250225-161946
3145,138,0,0.93115234375,259.7382507324219,850.4227294921875,1066.92626953125,808.3011474609375,20250225-161946
3146,140,0,0.3720703125,0.0,683.8401489257812,84.75439453125,188.2126007080078,20250225-161946
3146,137,0,0.406494140625,111.94035339355469,1706.7623291015625,211.08892822265625,190.70574951171875,20250225-161946
3146,143,0,0.4619140625,61.41595458984375,753.3297729492188,92.9384765625,128.62228393554688,20250225-161946
3146,102,0,0.4736328125,41.584991455078125,0.04877471923828125,64.18476867675781,205.8893280029297,20250225-161946
3146,126,0,0.5009765625,79.98542022705078,1142.370361328125,130.87408447265625,176.88687133789062,20250225-161946
3146,135,0,0.6376953125,88.87299346923828,1462.406005859375,174.24673461914062,141.49900817871094,20250225-161946
3146,141,0,0.71240234375,65.96058654785156,853.4691162109375,113.89691162109375,117.11637878417969,20250225-161946
3146,139,0,0.80322265625,118.409912109375,883.0435791015625,296.162841796875,330.6242370605469,20250225-161946
3146,144,0,0.806640625,72.48762512207031,1268.8106689453125,197.23983764648438,192.74989318847656,20250225-161946
3146,134,0,0.849609375,78.73909759521484,461.7192077636719,432.1989440917969,367.5135803222656,20250225-161946
3146,114,0,0.873046875,114.40795135498047,18.66302490234375,443.5927734375,544.355224609375,20250225-161946
3146,138,0,0.93408203125,246.25271606445312,851.1357421875,1066.1539306640625,820.0015869140625,20250225-161946
3147,137,0,0.382080078125,107.728759765625,1658.876220703125,260.16192626953125,387.3441162109375,20250225-161946
3147,143,0,0.4833984375,49.67060470581055,748.9757690429688,109.96540832519531,133.09507751464844,20250225-161946
3147,102,0,0.5322265625,30.310550689697266,0.0,64.93440246582031,172.7209930419922,20250225-161946
3147,126,0,0.5341796875,72.944091796875,1144.828369140625,134.4027099609375,174.3138427734375,20250225-161946
3147,141,0,0.765625,56.46885681152344,856.9813842773438,115.69454956054688,118.4490966796875,20250225-161946
3147,135,0,0.78076171875,83.12401580810547,1468.209716796875,173.080810546875,139.43309020996094,20250225-161946
3147,139,0,0.79248046875,109.72474670410156,886.915283203125,295.6487731933594,316.0028076171875,20250225-161946
3147,144,0,0.83203125,65.63616180419922,1273.349365234375,199.04937744140625,191.0803985595703,20250225-161946
3147,134,0,0.8486328125,66.11323547363281,468.4717712402344,433.3592834472656,373.9294738769531,20250225-161946
3147,114,0,0.8662109375,104.14241027832031,18.17266845703125,443.0247802734375,567.4498291015625,20250225-161946
3147,138,0,0.931640625,235.4788055419922,849.3854370117188,1067.146484375,831.43798828125,20250225-161946
3148,140,0,0.234375,1.4454853534698486,690.6941528320312,79.65435791015625,146.8201904296875,20250225-161946
3148,133,0,0.374755859375,44.206504821777344,445.9622497558594,213.53338623046875,293.9501647949219,20250225-161946
3148,137,0,0.4765625,105.535400390625,1669.8182373046875,249.5028076171875,390.84918212890625,20250225-161946
3148,102,0,0.484375,22.84267807006836,0.0860137939453125,71.5856704711914,179.5663604736328,20250225-161946
3148,143,0,0.5263671875,43.6950569152832,754.5130615234375,109.47285461425781,133.35353088378906,20250225-161946
3148,126,0,0.541015625,67.10504913330078,1146.865966796875,136.54925537109375,178.73208618164062,20250225-161946
3148,141,0,0.751953125,52.46548843383789,858.8816528320312,115.80880737304688,117.8000259399414,20250225-161946
3148,135,0,0.75439453125,80.2182388305664,1474.839111328125,171.55224609375,140.8407745361328,20250225-161946
3148,144,0,0.84765625,60.38570785522461,1275.997314453125,201.31961059570312,192.8371124267578,20250225-161946
3148,139,0,0.849609375,105.711181640625,891.5985717773438,290.71014404296875,306.24737548828125,20250225-161946
3148,114,0,0.85107421875,94.64558410644531,9.061248779296875,461.5705261230469,623.4351806640625,20250225-161946
3148,134,0,0.869140625,61.80019760131836,471.9791564941406,444.04376220703125,370.7156066894531,20250225-161946
3148,138,0,0.9384765625,233.37579345703125,852.158935546875,1063.966552734375,833.341064453125,20250225-161946
3149,102,0,0.332763671875,15.39257526397705,0.0,141.45501708984375,187.1199188232422,20250225-161946
3149,126,0,0.48046875,67.82267761230469,1154.164794921875,134.84170532226562,168.08653259277344,20250225-161946
3149,137,0,0.533203125,105.81439208984375,1674.4127197265625,244.7911376953125,391.3365173339844,20250225-161946
3149,143,0,0.583984375,40.4943733215332,760.210693359375,106.7479248046875,133.99154663085938,20250225-161946
3149,141,0,0.73388671875,49.09012222290039,863.1018676757812,118.26406860351562,117.76204681396484,20250225-161946
3149,135,0,0.78466796875,76.6539077758789,1481.0958251953125,171.856201171875,136.3616180419922,20250225-161946
3149,139,0,0.8349609375,100.7811508178711,891.77197265625,295.40185546875,301.4253234863281,20250225-161946
3149,114,0,0.8486328125,88.51737976074219,28.96417236328125,441.34588623046875,568.2576293945312,20250225-161946
3149,144,0,0.85595703125,58.71424102783203,1282.3388671875,200.15185546875,192.08216857910156,20250225-161946
3149,134,0,0.880859375,49.053955078125,471.99609375,447.40338134765625,383.1106872558594,20250225-161946
3149,138,0,0.92919921875,238.11277770996094,851.4567260742188,1066.345947265625,827.6953735351562,20250225-161946
3150,140,0,0.286865234375,0.9563577175140381,701.0407104492188,75.7562255859375,157.3208770751953,20250225-161946
3150,133,0,0.313232421875,39.52084732055664,454.5857849121094,214.5289764404297,279.044921875,20250225-161946
3150,102,0,0.5087890625,10.758039474487305,0.17378997802734375,132.86013793945312,181.2183074951172,20250225-161946
3150,126,0,0.56689453125,67.94943237304688,1159.818359375,131.6033935546875,170.51564025878906,20250225-161946
3150,137,0,0.57373046875,104.3096923828125,1673.152587890625,246.49822998046875,409.20849609375,20250225-161946
3150,143,0,0.67236328125,39.72353744506836,763.5741577148438,108.47314453125,132.79339599609375,20250225-161946
3150,141,0,0.74169921875,44.72703552246094,868.6327514648438,115.96856689453125,122.35675048828125,20250225-161946
3150,135,0,0.80029296875,78.34295654296875,1485.9796142578125,171.1768798828125,135.76454162597656,20250225-161946
3150,139,0,0.83642578125,100.16200256347656,899.3114013671875,292.3985595703125,301.0094299316406,20250225-161946
3150,144,0,0.85791015625,58.79164123535156,1285.3751220703125,200.53683471679688,193.1663055419922,20250225-161946
3150,114,0,0.859375,88.26203918457031,39.099151611328125,431.9184265136719,574.0198364257812,20250225-161946
3150,134,0,0.86279296875,48.50575256347656,478.5246276855469,435.5023498535156,382.2491455078125,20250225-161946
3150,142,0,0.87060546875,239.38214111328125,1590.04736328125,328.8204345703125,800.3333129882812,20250225-161946
3150,138,0,0.92822265625,234.73989868164062,853.65673828125,1064.545166015625,831.2135620117188,20250225-161946
3151,147,0,0.219970703125,116.29814910888672,1835.0687255859375,84.21405029296875,149.5569610595703,20250225-161946
3151,140,0,0.2401123046875,0.8310234546661377,704.587646484375,76.75360107421875,143.96095275878906,20250225-161946
3151,102,0,0.484375,13.146793365478516,0.4926910400390625,130.290283203125,181.5696258544922,20250225-161946
3151,126,0,0.59912109375,67.82740020751953,1163.336669921875,133.4871826171875,171.9961395263672,20250225-161946
3151,143,0,0.693359375,40.478389739990234,766.9456787109375,108.46051025390625,131.19715881347656,20250225-161946
3151,137,0,0.72119140625,107.36470794677734,1686.3468017578125,230.65777587890625,393.3279724121094,20250225-161946
3151,141,0,0.7431640625,47.49197006225586,873.0042114257812,115.47885131835938,117.41140747070312,20250225-161946
3151,135,0,0.75927734375,78.40292358398438,1486.2520751953125,175.817138671875,145.13790893554688,20250225-161946
3151,134,0,0.84521484375,55.87161636352539,480.9916076660156,442.1675720214844,374.3837585449219,20250225-161946
3151,139,0,0.84765625,100.76000213623047,895.9616088867188,298.7677917480469,310.613037109375,20250225-161946
3151,144,0,0.84912109375,59.643959045410156,1291.2607421875,199.4959716796875,192.27589416503906,20250225-161946
3151,114,0,0.8681640625,86.85816955566406,38.825592041015625,435.6039733886719,550.8048706054688,20250225-161946
3151,138,0,0.93603515625,238.15020751953125,858.2114868164062,1060.514404296875,828.4295654296875,20250225-161946
3152,140,0,0.32861328125,0.4609644412994385,708.230224609375,77.42733764648438,148.8870849609375,20250225-161946
3152,102,0,0.53515625,13.479580879211426,0.7461318969726562,111.40743255615234,186.00096130371094,20250225-161946
3152,137,0,0.556640625,106.93331909179688,1690.7677001953125,229.2322998046875,384.53277587890625,20250225-161946
3152,143,0,0.6494140625,45.334171295166016,771.8104248046875,103.94219970703125,127.85060119628906,20250225-161946
3152,135,0,0.7392578125,78.59857177734375,1494.1124267578125,172.619384765625,138.83212280273438,20250225-161946
3152,141,0,0.76708984375,48.594825744628906,874.5463256835938,117.62979125976562,118.20149993896484,20250225-161946
3152,126,0,0.7685546875,67.323486328125,1164.7005615234375,136.68283081054688,164.2206268310547,20250225-161946
3152,144,0,0.84228515625,59.10691833496094,1294.47216796875,200.71609497070312,191.15576171875,20250225-161946
3152,134,0,0.8623046875,60.7514762878418,482.5670471191406,448.2490539550781,370.18560791015625,20250225-161946
3152,139,0,0.86279296875,101.02589416503906,902.8401489257812,297.40484619140625,299.7366027832031,20250225-161946
3152,114,0,0.88037109375,87.65825653076172,42.7796630859375,434.3645324707031,547.4149780273438,20250225-161946
3152,138,0,0.9267578125,230.774169921875,859.0585327148438,1059.244384765625,835.919677734375,20250225-161946
3153,140,0,0.37109375,1.009368896484375,711.9619140625,75.90106201171875,139.806884765625,20250225-161946
3153,137,0,0.466796875,104.35252380371094,1689.2032470703125,230.22125244140625,388.20947265625,20250225-161946
3153,143,0,0.6435546875,42.592620849609375,773.8848876953125,108.14044189453125,133.05564880371094,20250225-161946
3153,102,0,0.6806640625,15.094034194946289,0.5504837036132812,146.94659423828125,186.55047607421875,20250225-161946
3153,135,0,0.74462890625,77.8825912475586,1493.536376953125,176.6817626953125,143.2609100341797,20250225-161946
3153,141,0,0.75048828125,45.184207916259766,880.4448852539062,113.15057373046875,120.94715881347656,20250225-161946
3153,126,0,0.7568359375,66.80987548828125,1169.18994140625,134.83474731445312,165.13027954101562,20250225-161946
3153,114,0,0.83203125,88.32194519042969,43.92462158203125,441.7892761230469,564.0744018554688,20250225-161946
3153,139,0,0.84130859375,102.19593811035156,904.986328125,297.43505859375,298.50347900390625,20250225-161946
3153,144,0,0.857421875,58.41741943359375,1297.8504638671875,198.21835327148438,190.02696228027344,20250225-161946
3153,134,0,0.86572265625,64.33979797363281,487.267822265625,437.2775573730469,366.5946350097656,20250225-161946
3153,138,0,0.93310546875,233.610107421875,861.3872680664062,1057.265869140625,833.5367431640625,20250225-161946
3154,140,0,0.4580078125,0.6943380832672119,711.9702758789062,77.0650634765625,143.50604248046875,20250225-161946
3154,102,0,0.49609375,21.95956802368164,0.10659027099609375,107.97463989257812,180.39418029785156,20250225-161946
3154,143,0,0.6162109375,47.576377868652344,774.6051635742188,102.46966552734375,129.55718994140625,20250225-161946
3154,137,0,0.68408203125,104.0550765991211,1685.44091796875,234.0845947265625,389.6654968261719,20250225-161946
3154,126,0,0.76220703125,67.57982635498047,1170.88427734375,132.68115234375,162.66490173339844,20250225-161946
3154,141,0,0.76708984375,49.77988052368164,878.5889282226562,117.03753662109375,121.20565795898438,20250225-161946
3154,135,0,0.81884765625,78.62732696533203,1497.6031494140625,173.5382080078125,143.6428985595703,20250225-161946
3154,139,0,0.8515625,103.91383361816406,905.585693359375,298.90521240234375,299.3570861816406,20250225-161946
3154,144,0,0.85595703125,59.172447204589844,1297.3623046875,199.31808471679688,190.02708435058594,20250225-161946
3154,134,0,0.86181640625,60.79979705810547,484.3318176269531,437.50799560546875,374.39007568359375,20250225-161946
3154,114,0,0.8662109375,96.46571350097656,40.593017578125,440.0510559082031,555.7638549804688,20250225-161946
3154,142,0,0.8896484375,237.94772338867188,1585.076416015625,333.9927978515625,794.121337890625,20250225-161946
3154,138,0,0.93310546875,231.02291870117188,863.08740234375,1055.258056640625,836.4717407226562,20250225-161946
3155,147,0,0.285400390625,106.23808288574219,1781.202392578125,138.4764404296875,155.5393829345703,20250225-161946
3155,140,0,0.33203125,1.38427734375,711.7842407226562,78.40338134765625,146.9207305908203,20250225-161946
3155,137,0,0.45703125,106.4527587890625,1685.4305419921875,234.5694580078125,385.72357177734375,20250225-161946
3155,102,0,0.57177734375,27.444664001464844,0.18495941162109375,157.86190795898438,181.32485961914062,20250225-161946
3155,143,0,0.615234375,51.071876525878906,774.3912963867188,104.6484375,130.1009521484375,20250225-161946
3155,126,0,0.6826171875,72.15792083740234,1171.896728515625,128.818359375,152.9326629638672,20250225-161946
3155,141,0,0.77685546875,54.5296745300293,877.404052734375,115.77264404296875,122.69934844970703,20250225-161946
3155,135,0,0.78857421875,79.9721450805664,1493.135498046875,173.4276123046875,144.3500518798828,20250225-161946
3155,144,0,0.84521484375,61.900447845458984,1296.218017578125,199.6138916015625,190.08155822753906,20250225-161946
3155,139,0,0.857421875,106.30693054199219,903.8139038085938,299.974365234375,301.6850280761719,20250225-161946
3155,134,0,0.8583984375,72.0754623413086,486.7634582519531,438.97137451171875,365.3102722167969,20250225-161946
3155,114,0,0.87890625,99.763671875,39.581634521484375,437.6822204589844,551.5394287109375,20250225-161946
3155,142,0,0.89208984375,237.38983154296875,1588.23681640625,331.0902099609375,795.9053344726562,20250225-161946
3155,138,0,0.931640625,229.55056762695312,861.006591796875,1056.572509765625,837.829833984375,20250225-161946
3156,137,0,0.276611328125,107.35273742675781,1678.0418701171875,240.31256103515625,378.8734436035156,20250225-161946
3156,102,0,0.351318359375,33.08378219604492,0.2352447509765625,127.85179138183594,190.07794189453125,20250225-161946
3156,140,0,0.405517578125,1.7256367206573486,710.4860229492188,81.0201416015625,173.9276885986328,20250225-161946
3156,126,0,0.5048828125,75.2038803100586,1167.1767578125,132.59051513671875,166.50498962402344,20250225-161946
3156,143,0,0.6279296875,55.555572509765625,771.0093383789062,101.57574462890625,131.543212890625,20250225-161946
3156,135,0,0.66552734375,82.62085723876953,1489.537353515625,172.064208984375,141.872802734375,20250225-161946
3156,141,0,0.7373046875,60.192893981933594,874.074462890625,115.63421630859375,122.6894302368164,20250225-161946
3156,144,0,0.83447265625,65.6628189086914,1291.840576171875,202.096435546875,186.56961059570312,20250225-161946
3156,134,0,0.8408203125,68.20368194580078,483.47296142578125,437.70867919921875,376.7548828125,20250225-161946
3156,114,0,0.8447265625,106.08963012695312,45.94422912597656,450.6521301269531,556.6820678710938,20250225-161946
3156,139,0,0.845703125,110.13253021240234,902.9066162109375,297.5087585449219,311.0556640625,20250225-161946
3156,138,0,0.93798828125,231.12161254882812,863.53857421875,1053.8583984375,836.36279296875,20250225-161946
3157,146,0,0.245849609375,0.411761999130249,807.0245361328125,111.02645874023438,150.569091796875,20250225-161946
3157,140,0,0.449462890625,1.5187311172485352,707.4375,82.40606689453125,183.85446166992188,20250225-161946
3157,102,0,0.474609375,41.137210845947266,0.1672840118408203,88.4508056640625,178.57424926757812,20250225-161946
3157,137,0,0.5224609375,111.3327865600586,1670.2232666015625,242.7894287109375,372.9619445800781,20250225-161946
3157,143,0,0.57080078125,63.415103912353516,765.102783203125,107.50520324707031,131.05316162109375,20250225-161946
3157,126,0,0.63330078125,80.9983139038086,1162.235107421875,133.119873046875,186.3063507080078,20250225-161946
3157,135,0,0.66259765625,86.85498809814453,1475.685546875,180.39688110351562,167.33958435058594,20250225-161946
3157,141,0,0.71630859375,65.8109359741211,869.778076171875,114.9957275390625,121.78295135498047,20250225-161946
3157,144,0,0.7890625,71.16312408447266,1288.3582763671875,201.28262329101562,186.42929077148438,20250225-161946
3157,139,0,0.82861328125,115.49909973144531,901.929931640625,293.31353759765625,308.33349609375,20250225-161946
3157,134,0,0.83056640625,75.11241149902344,476.5564270019531,437.3453063964844,376.73492431640625,20250225-161946
3157,114,0,0.87744140625,114.6042251586914,41.3624267578125,431.8814392089844,557.9278564453125,20250225-161946
3157,138,0,0.93017578125,240.1389923095703,862.0821533203125,1054.8153076171875,827.6097412109375,20250225-161946
3158,147,0,0.201171875,116.93208312988281,1762.5325927734375,156.598388671875,151.535888671875,20250225-161946
3158,146,0,0.263671875,1.1514616012573242,805.1898193359375,107.03741455078125,155.59213256835938,20250225-161946
3158,102,0,0.28369140625,50.414520263671875,0.161041259765625,140.6458282470703,179.3960723876953,20250225-161946
3158,137,0,0.403564453125,116.2847900390625,1653.6090087890625,263.63818359375,377.5510559082031,20250225-161946
3158,140,0,0.4794921875,0.7739889621734619,703.8257446289062,81.5833740234375,169.2601776123047,20250225-161946
3158,126,0,0.587890625,87.67263793945312,1156.28369140625,133.72586059570312,164.7890167236328,20250225-161946
3158,143,0,0.60498046875,71.84202575683594,763.5054931640625,106.86712646484375,128.91688537597656,20250225-161946
3158,135,0,0.70166015625,94.33228302001953,1465.3209228515625,185.3924560546875,155.09661865234375,20250225-161946
3158,141,0,0.7607421875,70.97777557373047,865.8751831054688,114.439453125,121.96553802490234,20250225-161946
3158,139,0,0.8173828125,124.27222442626953,898.968017578125,287.0635986328125,298.534423828125,20250225-161946
3158,134,0,0.85546875,76.00106048583984,474.10418701171875,439.0308837890625,379.2676696777344,20250225-161946
3158,144,0,0.86572265625,76.887451171875,1286.324462890625,196.80487060546875,180.7339324951172,20250225-161946
3158,114,0,0.869140625,120.55615234375,41.54644775390625,432.3831481933594,548.4257202148438,20250225-161946
3158,138,0,0.935546875,236.94454956054688,859.681640625,1056.97705078125,829.5385131835938,20250225-161946
3159,146,0,0.2139892578125,0.7192397117614746,804.2876586914062,117.33023071289062,157.1264190673828,20250225-161946
3159,137,0,0.310791015625,119.88611602783203,1662.0142822265625,257.33953857421875,390.4075927734375,20250225-161946
3159,140,0,0.4677734375,0.9153413772583008,700.41064453125,79.702880859375,160.1724853515625,20250225-161946
3159,102,0,0.5029296875,53.925838470458984,0.19329071044921875,89.54991149902344,173.7517852783203,20250225-161946
3159,143,0,0.5556640625,74.5599136352539,761.7769775390625,105.82159423828125,128.98995971679688,20250225-161946
3159,126,0,0.65380859375,88.5129165649414,1154.7998046875,131.64129638671875,162.1592559814453,20250225-161946
3159,135,0,0.69921875,96.96791076660156,1475.506103515625,171.23941040039062,136.66224670410156,20250225-161946
3159,141,0,0.77197265625,73.1187744140625,864.4495849609375,113.9637451171875,123.33417510986328,20250225-161946
3159,144,0,0.8193359375,79.9604721069336,1283.0233154296875,198.49118041992188,178.01138305664062,20250225-161946
3159,139,0,0.83154296875,126.23794555664062,897.490966796875,285.5694580078125,295.66363525390625,20250225-161946
3159,134,0,0.85205078125,79.1341781616211,471.925048828125,435.5468444824219,377.67425537109375,20250225-161946
3159,114,0,0.8896484375,120.74871826171875,30.254287719726562,436.5257263183594,545.176025390625,20250225-161946
3159,138,0,0.9365234375,236.60963439941406,856.235595703125,1060.6380615234375,830.0369873046875,20250225-161946
3160,147,0,0.299072265625,121.7769546508789,1816.4901123046875,102.50262451171875,151.47683715820312,20250225-161946
3160,146,0,0.345947265625,0.0,803.75830078125,99.64370727539062,159.9540252685547,20250225-161946
3160,133,0,0.352294921875,74.68743896484375,447.69232177734375,211.63687133789062,281.624267578125,20250225-161946
3160,137,0,0.444580078125,119.1240234375,1645.512451171875,259.47601318359375,381.3972473144531,20250225-161946
3160,102,0,0.537109375,53.6458740234375,0.23910140991210938,141.24415588378906,182.41561889648438,20250225-161946
3160,143,0,0.5869140625,71.1416015625,755.7916259765625,110.6605224609375,132.2208709716797,20250225-161946
3160,140,0,0.60595703125,1.7523193359375,697.86474609375,79.0836181640625,163.80946350097656,20250225-161946
3160,126,0,0.6689453125,90.4369888305664,1148.562255859375,134.4071044921875,163.5889434814453,20250225-161946
3160,135,0,0.7490234375,95.50726318359375,1474.1575927734375,168.8876953125,139.10464477539062,20250225-161946
3160,141,0,0.75439453125,75.4827651977539,861.9823608398438,113.85488891601562,120.73502349853516,20250225-161946
3160,139,0,0.80810546875,126.3611831665039,893.46533203125,288.7579650878906,291.08697509765625,20250225-161946
3160,144,0,0.8134765625,79.8655776977539,1279.1480712890625,200.04171752929688,177.58425903320312,20250225-161946
3160,134,0,0.8544921875,87.20809936523438,472.67633056640625,429.90618896484375,369.4643859863281,20250225-161946
3160,114,0,0.8916015625,122.22639465332031,21.392532348632812,442.7339172363281,547.23486328125,20250225-161946
3160,138,0,0.9365234375,235.49966430664062,854.9994506835938,1063.451416015625,831.11279296875,20250225-161946
3161,147,0,0.27197265625,121.67533111572266,1810.53369140625,108.65533447265625,143.18215942382812,20250225-161946
3161,102,0,0.361083984375,57.418209075927734,0.1300048828125,140.09423828125,333.60736083984375,20250225-161946
3161,140,0,0.404541015625,0.6447172164916992,694.11572265625,80.80874633789062,162.85629272460938,20250225-161946
3161,137,0,0.5126953125,118.72988891601562,1672.4359130859375,235.530029296875,383.2801208496094,20250225-161946
3161,143,0,0.5400390625,76.69281005859375,754.8440551757812,100.54705810546875,128.9845733642578,20250225-161946
3161,126,0,0.556640625,90.40068054199219,1144.4864501953125,133.32504272460938,168.10089111328125,20250225-161946
3161,135,0,0.67724609375,94.15077209472656,1466.52978515625,170.874755859375,148.28475952148438,20250225-161946
3161,141,0,0.77197265625,76.33676147460938,858.27099609375,115.26205444335938,122.43571472167969,20250225-161946
3161,139,0,0.79931640625,126.979248046875,889.160888671875,285.5072937011719,309.7154846191406,20250225-161946
3161,144,0,0.81396484375,81.18759155273438,1272.546142578125,199.71414184570312,171.18479919433594,20250225-161946
3161,134,0,0.8232421875,80.8448257446289,466.5509948730469,434.2804870605469,377.129150390625,20250225-161946
3161,114,0,0.86865234375,124.46257019042969,14.927261352539062,447.3189697265625,558.140380859375,20250225-161946
3161,138,0,0.92822265625,229.05653381347656,852.93310546875,1063.9464111328125,838.6155395507812,20250225-161946
3162,137,0,0.2744140625,120.71339416503906,1640.0343017578125,276.205078125,377.2454528808594,20250225-161946
3162,146,0,0.34326171875,1.9887077808380127,791.260986328125,105.36062622070312,160.20941162109375,20250225-161946
3162,126,0,0.3603515625,94.22715759277344,1136.7396240234375,134.37744140625,164.66900634765625,20250225-161946
3162,140,0,0.403564453125,1.3210093975067139,690.4557495117188,78.63427734375,173.1976318359375,20250225-161946
3162,143,0,0.5556640625,77.00125122070312,750.3495483398438,89.59222412109375,131.43077087402344,20250225-161946
3162,135,0,0.73583984375,96.73361206054688,1460.62060546875,171.838623046875,144.00692749023438,20250225-161946
3162,141,0,0.78662109375,80.6093521118164,850.8810424804688,116.94113159179688,122.18331146240234,20250225-161946
3162,144,0,0.810546875,82.59352111816406,1268.273193359375,196.99996948242188,171.9527130126953,20250225-161946
3162,134,0,0.81689453125,83.9171371459961,456.45941162109375,446.09161376953125,376.88153076171875,20250225-161946
3162,139,0,0.8388671875,129.16111755371094,885.9812622070312,280.8232727050781,306.7525329589844,20250225-161946
3162,114,0,0.83984375,129.46092224121094,14.44610595703125,454.20513916015625,560.8003540039062,20250225-161946
3162,138,0,0.92626953125,234.91172790527344,849.585205078125,1068.939697265625,831.5850219726562,20250225-161946
3163,147,0,0.2288818359375,120.9559097290039,1799.279296875,116.83282470703125,148.39048767089844,20250225-161946
3163,146,0,0.33203125,1.4339947700500488,788.5072631835938,104.37222290039062,161.37754821777344,20250225-161946
3163,137,0,0.5234375,120.82810974121094,1615.3692626953125,275.7623291015625,369.3201904296875,20250225-161946
3163,126,0,0.56884765625,96.00059509277344,1133.986328125,134.4990234375,172.9671173095703,20250225-161946
3163,140,0,0.5888671875,0.71685791015625,685.6494140625,79.69569396972656,175.60633850097656,20250225-161946
3163,143,0,0.60302734375,82.76925659179688,745.890625,99.1593017578125,127.79357147216797,20250225-161946
3163,135,0,0.6591796875,98.13172912597656,1456.809814453125,172.7003173828125,144.62960815429688,20250225-161946
3163,141,0,0.7919921875,85.46438598632812,850.368896484375,114.99700927734375,117.91293334960938,20250225-161946
3163,134,0,0.8017578125,93.39906311035156,458.4081115722656,456.911865234375,369.8359680175781,20250225-161946
3163,139,0,0.830078125,130.53945922851562,886.7642211914062,270.10382080078125,307.846435546875,20250225-161946
3163,144,0,0.83056640625,83.64606475830078,1265.878173828125,195.536865234375,172.97572326660156,20250225-161946
3163,114,0,0.88037109375,131.66026306152344,11.31390380859375,442.98944091796875,554.2828369140625,20250225-161946
3163,138,0,0.92578125,237.2718963623047,847.667724609375,1069.329345703125,830.8502197265625,20250225-161946
3164,102,0,0.2322998046875,71.73295593261719,0.531280517578125,132.86831665039062,255.01687622070312,20250225-161946
3164,147,0,0.2421875,123.77455139160156,1792.6640625,119.31939697265625,148.4857635498047,20250225-161946
3164,146,0,0.4130859375,1.8613994121551514,786.873779296875,102.86947631835938,165.10482788085938,20250225-161946
3164,137,0,0.505859375,121.67924499511719,1630.370361328125,275.6788330078125,367.5311279296875,20250225-161946
3164,143,0,0.5888671875,84.97169494628906,746.4010620117188,101.08685302734375,130.88323974609375,20250225-161946
3164,140,0,0.60693359375,0.35576820373535156,683.7713623046875,82.8497314453125,209.95263671875,20250225-161946
3164,126,0,0.662109375,98.2455062866211,1132.780029296875,135.699462890625,167.35353088378906,20250225-161946
3164,135,0,0.68701171875,103.88562774658203,1457.4129638671875,171.633544921875,136.80862426757812,20250225-161946
3164,141,0,0.765625,87.00210571289062,849.0208740234375,115.17791748046875,118.69645690917969,20250225-161946
3164,139,0,0.82275390625,132.79586791992188,884.62646484375,281.2281188964844,299.19171142578125,20250225-161946
3164,144,0,0.82275390625,86.429443359375,1264.1561279296875,195.76400756835938,165.81390380859375,20250225-161946
3164,134,0,0.833984375,99.17971801757812,459.2919616699219,441.0335998535156,364.8079833984375,20250225-161946
3164,114,0,0.87890625,135.69418334960938,10.610870361328125,441.5810852050781,589.4611206054688,20250225-161946
3164,138,0,0.93310546875,234.56729125976562,852.5231323242188,1065.248291015625,831.9561767578125,20250225-161946
3165,146,0,0.439697265625,4.918076992034912,787.2808227539062,107.86257934570312,172.89321899414062,20250225-161946
3165,147,0,0.498046875,125.21974182128906,1798.225341796875,112.7193603515625,146.71885681152344,20250225-161946
3165,140,0,0.521484375,0.0,684.2517700195312,82.42094421386719,201.7906951904297,20250225-161946
3165,143,0,0.60302734375,89.073486328125,748.91162109375,98.7601318359375,128.75341796875,20250225-161946
3165,135,0,0.6396484375,107.82975769042969,1459.2066650390625,168.677490234375,140.8043670654297,20250225-161946
3165,144,0,0.7294921875,89.00331115722656,1262.8245849609375,201.96441650390625,171.44366455078125,20250225-161946
3165,137,0,0.7392578125,125.92356872558594,1619.259521484375,247.44451904296875,355.81121826171875,20250225-161946
3165,141,0,0.7607421875,91.21358489990234,848.3732299804688,116.60211181640625,117.4673843383789,20250225-161946
3165,139,0,0.78466796875,138.7732391357422,882.674560546875,287.5036926269531,304.2266540527344,20250225-161946
3165,126,0,0.78466796875,103.02520751953125,1138.206787109375,130.54449462890625,164.20045471191406,20250225-161946
3165,134,0,0.84130859375,98.51826477050781,460.33154296875,441.39276123046875,370.2231750488281,20250225-161946
3165,114,0,0.890625,139.23294067382812,10.086456298828125,444.3511962890625,582.8397216796875,20250225-161946
3165,138,0,0.93505859375,231.57489013671875,853.653076171875,1063.4117431640625,835.8878173828125,20250225-161946
3166,133,0,0.2493896484375,96.50639343261719,435.9916076660156,193.38986206054688,277.4962463378906,20250225-161946
3166,147,0,0.330322265625,126.89437866210938,1798.0810546875,113.2056884765625,145.2251739501953,20250225-161946
3166,149,0,0.441650390625,82.0804672241211,0.3129844665527344,71.21025085449219,181.36451721191406,20250225-161946
3166,146,0,0.484375,7.284257411956787,789.3006591796875,104.03677368164062,176.79620361328125,20250225-161946
3166,140,0,0.57958984375,1.1908364295959473,686.3345947265625,80.97248840332031,185.13954162597656,20250225-161946
3166,143,0,0.61669921875,93.1766128540039,743.783935546875,108.23291015625,128.9226531982422,20250225-161946
3166,135,0,0.6435546875,110.90159606933594,1455.80126953125,170.912841796875,141.10296630859375,20250225-161946
3166,137,0,0.65771484375,128.74070739746094,1619.0972900390625,262.5172119140625,361.4486389160156,20250225-161946
3166,141,0,0.71044921875,93.5902099609375,849.9957275390625,114.25057983398438,119.66261291503906,20250225-161946
3166,126,0,0.7177734375,106.15760803222656,1137.537353515625,132.31961059570312,172.51219177246094,20250225-161946
3166,144,0,0.77197265625,92.25724029541016,1263.49658203125,197.18692016601562,168.75343322753906,20250225-161946
3166,139,0,0.80517578125,141.37583923339844,883.1805419921875,285.87689208984375,304.11700439453125,20250225-161946
3166,134,0,0.814453125,105.2525863647461,459.23968505859375,444.94189453125,367.0276794433594,20250225-161946
3166,114,0,0.90380859375,142.7823486328125,13.048004150390625,443.5277099609375,555.57568359375,20250225-161946
3166,138,0,0.9248046875,234.20327758789062,854.1516723632812,1063.48046875,832.84423828125,20250225-161946
3167,147,0,0.276611328125,126.82389831542969,1797.642333984375,113.2247314453125,144.92572021484375,20250225-161946
3167,133,0,0.3388671875,90.8339614868164,437.56475830078125,214.69216918945312,289.8910827636719,20250225-161946
3167,149,0,0.5009765625,81.4816665649414,0.10723686218261719,78.65953063964844,183.38192749023438,20250225-161946
3167,137,0,0.52734375,127.08555603027344,1622.3558349609375,256.4769287109375,364.865966796875,20250225-161946
3167,146,0,0.60498046875,6.114535331726074,780.7963256835938,108.5771484375,175.5911407470703,20250225-161946
3167,143,0,0.6162109375,98.3021011352539,744.8644409179688,87.7093505859375,123.22119903564453,20250225-161946
3167,140,0,0.6416015625,0.6739211082458496,685.0321655273438,85.13616943359375,207.2126007080078,20250225-161946
3167,135,0,0.70068359375,111.0611572265625,1456.478759765625,169.524169921875,135.4767303466797,20250225-161946
3167,144,0,0.71240234375,92.08982849121094,1263.15625,196.26214599609375,168.03652954101562,20250225-161946
3167,141,0,0.74560546875,94.85874938964844,846.498779296875,117.67373657226562,118.99154663085938,20250225-161946
3167,126,0,0.7939453125,106.54496002197266,1135.576416015625,132.41262817382812,165.01658630371094,20250225-161946
3167,139,0,0.80859375,141.89576721191406,882.06298828125,284.4334716796875,297.4532165527344,20250225-161946
3167,134,0,0.822265625,111.52440643310547,459.89044189453125,463.33612060546875,359.2368469238281,20250225-161946
3167,114,0,0.9013671875,143.4918670654297,10.911758422851562,443.818359375,559.79736328125,20250225-161946
3167,138,0,0.9365234375,231.57479858398438,851.4193725585938,1065.833984375,835.5031127929688,20250225-161946
3168,133,0,0.230224609375,91.14476776123047,430.6747741699219,220.01206970214844,277.1575927734375,20250225-161946
3168,149,0,0.315673828125,80.66101837158203,0.4129657745361328,61.46406555175781,187.19503784179688,20250225-161946
3168,146,0,0.33642578125,5.676181793212891,791.285888671875,97.32394409179688,171.25604248046875,20250225-161946
3168,137,0,0.59619140625,123.49293518066406,1607.7216796875,292.36981201171875,365.4366149902344,20250225-161946
3168,140,0,0.60009765625,0.0,682.6734008789062,81.75650024414062,180.94656372070312,20250225-161946
3168,143,0,0.61669921875,91.97991943359375,751.490478515625,96.8184814453125,127.53588104248047,20250225-161946
3168,135,0,0.67138671875,108.5853042602539,1456.435546875,167.6334228515625,132.4418182373047,20250225-161946
3168,144,0,0.70166015625,89.58975219726562,1259.7509765625,209.02120971679688,177.7320098876953,20250225-161946
3168,141,0,0.75341796875,89.9512939453125,846.5077514648438,116.45755004882812,117.28111267089844,20250225-161946
3168,126,0,0.77978515625,103.84213256835938,1134.1087646484375,132.89273071289062,162.69207763671875,20250225-161946
3168,139,0,0.79931640625,138.4726104736328,881.0279541015625,285.608642578125,309.91400146484375,20250225-161946
3168,134,0,0.85205078125,109.35936737060547,455.8413391113281,441.6872863769531,357.3468017578125,20250225-161946
3168,114,0,0.86962890625,142.11106872558594,5.4136962890625,447.155029296875,580.6474609375,20250225-161946
3168,138,0,0.9248046875,233.77362060546875,846.6910400390625,1069.8592529296875,831.470458984375,20250225-161946
3169,102,0,0.2108154296875,73.01615905761719,0.12720108032226562,125.79124450683594,308.4480285644531,20250225-161946
3169,137,0,0.455078125,117.1420669555664,1598.4276123046875,289.9716796875,369.8586120605469,20250225-161946
3169,140,0,0.5,1.6427350044250488,677.9649658203125,81.30194091796875,183.35684204101562,20250225-161946
3169,146,0,0.501953125,2.261531352996826,782.7398681640625,102.43011474609375,171.35984802246094,20250225-161946
3169,143,0,0.57470703125,84.1051025390625,747.6676025390625,99.97430419921875,131.52410888671875,20250225-161946
3169,135,0,0.6318359375,105.56260681152344,1453.16455078125,166.44287109375,136.273681640625,20250225-161946
3169,141,0,0.70654296875,86.86730194091797,842.5902099609375,116.20458984375,116.38092041015625,20250225-161946
3169,126,0,0.74609375,96.40957641601562,1129.205322265625,132.91488647460938,162.56890869140625,20250225-161946
3169,144,0,0.79638671875,83.68968200683594,1258.6552734375,195.74203491210938,171.09347534179688,20250225-161946
3169,139,0,0.8134765625,132.5242462158203,874.777099609375,287.10955810546875,306.8221435546875,20250225-161946
3169,134,0,0.8466796875,90.62648010253906,454.78656005859375,434.8233947753906,370.26226806640625,20250225-161946
3169,114,0,0.87353515625,130.80569458007812,2.3330841064453125,449.1790466308594,550.1326293945312,20250225-161946
3169,138,0,0.92626953125,232.80630493164062,842.4970092773438,1075.403076171875,831.8197021484375,20250225-161946
3170,149,0,0.2281494140625,65.1983642578125,0.13733482360839844,46.9481201171875,185.5879669189453,20250225-161946
3170,140,0,0.390380859375,0.11251330375671387,672.6837158203125,81.86558532714844,176.3562469482422,20250225-161946
3170,146,0,0.4921875,0.660552978515625,778.2908935546875,102.249755859375,164.7660369873047,20250225-161946
3170,137,0,0.5166015625,116.39061737060547,1617.636474609375,277.42510986328125,376.85028076171875,20250225-161946
3170,143,0,0.6259765625,78.84548950195312,730.0166625976562,108.48078918457031,126.30968475341797,20250225-161946
3170,126,0,0.73046875,93.3880386352539,1125.0224609375,132.0845947265625,162.0201416015625,20250225-161946
3170,135,0,0.732421875,104.06488037109375,1444.729248046875,170.586181640625,133.66741943359375,20250225-161946
3170,141,0,0.794921875,78.06665802001953,836.8108520507812,116.81854248046875,122.3024673461914,20250225-161946
3170,144,0,0.8271484375,81.16670989990234,1252.6009521484375,194.99102783203125,165.8513641357422,20250225-161946
3170,139,0,0.82763671875,127.56071472167969,873.7247314453125,282.8843078613281,294.12493896484375,20250225-161946
3170,134,0,0.849609375,86.71307373046875,446.98333740234375,443.26629638671875,372.295166015625,20250225-161946
3170,114,0,0.87353515625,126.21630096435547,2.8183135986328125,438.87176513671875,564.1475219726562,20250225-161946
3170,138,0,0.9140625,224.8744354248047,822.1776123046875,1096.4095458984375,842.8484497070312,20250225-161946
3171,149,0,0.2120361328125,64.3686294555664,0.06939697265625,46.00865173339844,303.03759765625,20250225-161946
3171,147,0,0.26904296875,118.82905578613281,1717.467041015625,174.37628173828125,145.8485870361328,20250225-161946
3171,140,0,0.418701171875,0.3313279151916504,669.2354736328125,82.78985595703125,198.2862548828125,20250225-161946
3171,146,0,0.47265625,0.0,774.1334838867188,102.55865478515625,168.614501953125,20250225-161946
3171,137,0,0.4873046875,120.27604675292969,1612.4080810546875,277.45660400390625,369.23199462890625,20250225-161946
3171,143,0,0.537109375,77.84729766845703,733.2753295898438,93.15655517578125,129.7169952392578,20250225-161946
3171,126,0,0.6767578125,94.62505340576172,1123.468017578125,129.40283203125,177.924072265625,20250225-161946
3171,135,0,0.73046875,105.86663818359375,1437.462646484375,174.94482421875,137.0562286376953,20250225-161946
3171,141,0,0.78125,79.04974365234375,835.5255126953125,114.94317626953125,119.95817565917969,20250225-161946
3171,139,0,0.81689453125,127.9749755859375,868.2024536132812,286.1390075683594,293.6946716308594,20250225-161946
3171,144,0,0.82666015625,82.27725219726562,1248.67138671875,195.14776611328125,168.19473266601562,20250225-161946
3171,134,0,0.859375,84.70223236083984,442.9252624511719,436.2880554199219,372.7264709472656,20250225-161946
3171,114,0,0.8955078125,124.98934936523438,4.3446807861328125,432.83111572265625,545.000244140625,20250225-161946
3171,138,0,0.91845703125,234.377685546875,830.6865234375,1087.58837890625,833.1538696289062,20250225-161946
3172,149,0,0.271240234375,67.38665771484375,0.04897499084472656,47.986183166503906,201.73878479003906,20250225-161947
3172,146,0,0.5185546875,0.7202482223510742,769.8748168945312,106.22579956054688,166.6505584716797,20250225-161947
3172,143,0,0.5556640625,76.805419921875,726.6791381835938,91.9053955078125,131.7323455810547,20250225-161947
3172,140,0,0.57080078125,0.4792356491088867,667.4987182617188,78.89886474609375,171.6053466796875,20250225-161947
3172,126,0,0.63525390625,98.13142395019531,1124.79736328125,124.14761352539062,144.37451171875,20250225-161947
3172,137,0,0.6748046875,123.91358947753906,1612.8885498046875,267.7591552734375,367.1045837402344,20250225-161947
3172,135,0,0.7744140625,109.27102661132812,1434.8009033203125,175.2139892578125,134.66729736328125,20250225-161947
3172,144,0,0.791015625,85.48086547851562,1245.4228515625,196.92288208007812,173.37228393554688,20250225-161947
3172,141,0,0.79296875,79.77181243896484,832.928466796875,111.24032592773438,123.3678207397461,20250225-161947
3172,139,0,0.8193359375,130.85987854003906,864.1241455078125,289.03912353515625,306.5249938964844,20250225-161947
3172,134,0,0.87060546875,91.05159759521484,439.52069091796875,436.09259033203125,371.7928771972656,20250225-161947
3172,114,0,0.884765625,124.81034851074219,0.6295166015625,433.69317626953125,555.7459716796875,20250225-161947
3172,138,0,0.9228515625,230.79400634765625,831.9915161132812,1084.7685546875,835.3843383789062,20250225-161947
3173,149,0,0.2081298828125,69.39028930664062,0.22593212127685547,35.97030258178711,176.95362854003906,20250225-161947
3173,137,0,0.2254638671875,125.73916625976562,1595.7359619140625,280.9918212890625,361.3162536621094,20250225-161947
3173,146,0,0.310791015625,0.5735743045806885,767.4640502929688,104.02056884765625,166.82212829589844,20250225-161947
3173,140,0,0.4677734375,0.6064474582672119,662.3131713867188,81.88243103027344,171.8719940185547,20250225-161947
3173,147,0,0.490234375,125.94951629638672,1708.783447265625,167.76416015625,138.5817413330078,20250225-161947
3173,143,0,0.57568359375,82.7190933227539,717.007568359375,111.07063293457031,129.7095947265625,20250225-161947
3173,126,0,0.6103515625,100.42842102050781,1119.6624755859375,128.45040893554688,160.19741821289062,20250225-161947
3173,135,0,0.6513671875,111.10044860839844,1433.2760009765625,167.2635498046875,132.63308715820312,20250225-161947
3173,141,0,0.7265625,85.07904815673828,825.911865234375,115.32595825195312,118.74137115478516,20250225-161947
3173,144,0,0.73046875,89.42596435546875,1241.539306640625,195.90847778320312,167.08717346191406,20250225-161947
3173,139,0,0.8330078125,133.10679626464844,862.6756591796875,286.69097900390625,294.9538879394531,20250225-161947
3173,114,0,0.85888671875,130.00482177734375,0.7191925048828125,431.10400390625,629.6181640625,20250225-161947
3173,134,0,0.8818359375,94.92372131347656,435.30194091796875,439.6343994140625,371.4241638183594,20250225-161947
3173,138,0,0.9111328125,230.79107666015625,814.2178344726562,1103.621337890625,833.934326171875,20250225-161947
3174,137,0,0.367431640625,121.46685791015625,1608.4105224609375,254.91815185546875,364.89862060546875,20250225-161947
3174,143,0,0.5498046875,81.08922576904297,718.5693969726562,101.71600341796875,130.14056396484375,20250225-161947
3174,135,0,0.626953125,110.82128143310547,1422.837890625,165.01904296875,126.67845916748047,20250225-161947
3174,114,0,0.64697265625,132.5700225830078,0.0,433.5295715332031,620.3963012695312,20250225-161947
3174,141,0,0.66259765625,86.61007690429688,815.0344848632812,118.87142944335938,115.69548034667969,20250225-161947
3174,139,0,0.72021484375,131.71693420410156,843.878173828125,290.9832458496094,318.43597412109375,20250225-161947
3174,126,0,0.74169921875,97.32339477539062,1102.3570556640625,134.11688232421875,155.7864990234375,20250225-161947
3174,144,0,0.7724609375,86.67933654785156,1230.382568359375,194.46780395507812,169.93386840820312,20250225-161947
3174,134,0,0.8662109375,88.21261596679688,409.3714599609375,454.99127197265625,376.357666015625,20250225-161947
3174,138,0,0.9013671875,240.7748260498047,813.5645141601562,1102.549560546875,823.4711303710938,20250225-161947
3175,143,0,0.5263671875,80.92694854736328,702.4837646484375,103.25784301757812,127.3471450805664,20250225-161947
3175,141,0,0.5478515625,80.6534652709961,799.644287109375,112.4403076171875,118.91015625,20250225-161947
3175,114,0,0.591796875,135.06607055664062,0.0,406.85626220703125,601.506591796875,20250225-161947
3175,137,0,0.5927734375,116.25199890136719,1572.6214599609375,271.80889892578125,362.2476501464844,20250225-161947
3175,135,0,0.59716796875,106.29987335205078,1412.5909423828125,158.39208984375,131.09092712402344,20250225-161947
3175,144,0,0.7265625,83.65576171875,1215.4876708984375,197.80242919921875,179.55152893066406,20250225-161947
3175,126,0,0.74609375,92.29837036132812,1087.46337890625,137.0775146484375,162.91995239257812,20250225-161947
3175,139,0,0.76416015625,130.74940490722656,834.3202514648438,294.0650939941406,352.3208923339844,20250225-161947
3175,134,0,0.84375,85.71687316894531,391.43206787109375,460.112548828125,378.4718933105469,20250225-161947
3175,138,0,0.89501953125,239.48419189453125,803.4918823242188,1107.413818359375,825.1165161132812,20250225-161947
3176,141,0,0.4580078125,71.47284698486328,791.0337524414062,106.43417358398438,122.68231201171875,20250225-161947
3176,135,0,0.505859375,98.58710479736328,1391.0185546875,160.4139404296875,142.76300048828125,20250225-161947
3176,114,0,0.541015625,131.03172302246094,0.00274658203125,460.4671325683594,650.2366333007812,20250225-161947
3176,143,0,0.56689453125,79.22891235351562,685.3302612304688,107.70895385742188,125.51156616210938,20250225-161947
3176,137,0,0.57958984375,107.4624252319336,1569.1717529296875,251.70574951171875,362.2625732421875,20250225-161947
3176,126,0,0.6689453125,85.8997573852539,1072.7962646484375,131.84371948242188,170.81700134277344,20250225-161947
3176,144,0,0.74609375,76.62972259521484,1195.844482421875,198.1669921875,181.9276123046875,20250225-161947
3176,139,0,0.79736328125,127.97634887695312,812.1996459960938,289.9903564453125,365.0516052246094,20250225-161947
3176,134,0,0.8388671875,80.0098648071289,361.80157470703125,473.5989990234375,384.64434814453125,20250225-161947
3176,138,0,0.89404296875,249.1815948486328,787.0039672851562,1131.044189453125,817.2765502929688,20250225-161947
3177,142,0,0.203125,223.64138793945312,1612.0557861328125,307.5333251953125,370.96099853515625,20250225-161947
3177,137,0,0.21337890625,88.05074310302734,1537.1744384765625,270.06756591796875,357.64520263671875,20250225-161947
3177,126,0,0.438720703125,69.4449462890625,1048.4798583984375,142.53927612304688,197.93368530273438,20250225-161947
3177,144,0,0.6494140625,59.90351104736328,1177.330810546875,197.11376953125,197.09921264648438,20250225-161947
3177,114,0,0.66015625,124.94457244873047,0.080657958984375,463.3330993652344,559.1099243164062,20250225-161947
3177,139,0,0.7099609375,117.16764831542969,800.2694091796875,290.177490234375,375.5327453613281,20250225-161947
3177,134,0,0.8388671875,72.99380493164062,327.4790344238281,482.689453125,375.49853515625,20250225-161947
3177,138,0,0.884765625,226.27432250976562,767.0383911132812,1145.87109375,838.418212890625,20250225-161947
3178,137,0,0.2193603515625,58.190181732177734,1597.0894775390625,195.7635498046875,179.83721923828125,20250225-161947
3178,142,0,0.29248046875,199.40538024902344,1581.0567626953125,338.04730224609375,346.36151123046875,20250225-161947
3178,135,0,0.418701171875,50.18931198120117,1359.1468505859375,243.40576171875,359.60302734375,20250225-161947
3178,126,0,0.451416015625,42.22348403930664,1032.4619140625,139.40386962890625,206.1793212890625,20250225-161947
3178,114,0,0.57275390625,104.046875,0.34771728515625,441.2139587402344,692.4782104492188,20250225-161947
3178,139,0,0.751953125,95.41926574707031,782.1531372070312,290.8237609863281,373.6372985839844,20250225-161947
3178,144,0,0.7607421875,30.34726333618164,1161.439208984375,192.8917236328125,205.26220703125,20250225-161947
3178,134,0,0.82275390625,45.053558349609375,311.206787109375,479.5542297363281,386.9825134277344,20250225-161947
3178,138,0,0.8642578125,208.21812438964844,749.806640625,1163.513671875,856.0546875,20250225-161947
3179,137,0,0.318359375,28.213275909423828,1516.7158203125,255.3922119140625,380.84637451171875,20250225-161947
3179,126,0,0.3251953125,12.983651161193848,1035.0128173828125,120.80795288085938,209.24249267578125,20250225-161947
3179,138,0,0.494140625,192.689208984375,719.669677734375,939.6727294921875,875.4111328125,20250225-161947
3179,139,0,0.66796875,63.97798156738281,754.599609375,297.4793701171875,381.12689208984375,20250225-161947
3179,144,0,0.69677734375,6.730456352233887,1147.6417236328125,187.25564575195312,204.30111694335938,20250225-161947
3179,134,0,0.7333984375,24.503158569335938,270.1776123046875,498.7790222167969,391.71551513671875,20250225-161947
3179,114,0,0.79296875,86.84159851074219,0.4998321533203125,418.3564453125,572.3256225585938,20250225-161947
3179,142,0,0.8251953125,175.2815399169922,1406.3521728515625,512.8978271484375,799.5842895507812,20250225-161947
3180,142,0,0.2451171875,147.29368591308594,1526.0863037109375,392.7462158203125,433.435546875,20250225-161947
3180,144,0,0.338134765625,1.4143610000610352,1093.7633056640625,220.50576782226562,204.0714111328125,20250225-161947
3180,134,0,0.57177734375,4.8329973220825195,227.00521850585938,549.9122314453125,401.9471740722656,20250225-161947
3180,139,0,0.65771484375,40.948448181152344,737.7380981445312,291.54241943359375,385.1781005859375,20250225-161947
3180,138,0,0.74609375,164.65484619140625,696.3279418945312,1218.130126953125,900.818115234375,20250225-161947
3181,114,0,0.5029296875,67.03153991699219,0.8154830932617188,360.15826416015625,600.25537109375,20250225-161947
3181,139,0,0.57470703125,21.939224243164062,708.5020751953125,304.04058837890625,386.2374572753906,20250225-161947
3181,134,0,0.5888671875,3.0226993560791016,221.82659912109375,508.1157531738281,377.62884521484375,20250225-161947
3181,138,0,0.86669921875,147.99374389648438,677.9549560546875,1237.3978271484375,916.143310546875,20250225-161947
3182,134,0,0.3876953125,3.672909736633301,174.61892700195312,589.1141967773438,372.2199401855469,20250225-161947
3182,139,0,0.4951171875,5.648088455200195,685.7246704101562,303.198486328125,394.0843505859375,20250225-161947
3182,138,0,0.91064453125,146.23292541503906,660.8521728515625,1255.50634765625,917.4254150390625,20250225-161947
3183,139,0,0.2386474609375,3.385891914367676,658.3878173828125,314.11883544921875,374.54693603515625,20250225-161947
3183,134,0,0.418701171875,5.152759552001953,139.37649536132812,546.551513671875,373.03985595703125,20250225-161947
3183,138,0,0.90283203125,145.85311889648438,642.840087890625,1272.47021484375,918.4758911132812,20250225-161947
3184,102,0,0.265869140625,96.217529296875,0.903167724609375,159.88934326171875,532.3942260742188,20250225-161947
3184,126,0,0.32861328125,0.9743928909301758,1020.6112060546875,190.22726440429688,156.38900756835938,20250225-161947
3184,139,0,0.57177734375,2.5585269927978516,635.8942260742188,313.28240966796875,383.46588134765625,20250225-161947
3184,134,0,0.67236328125,3.8567590713500977,115.54412841796875,546.8087768554688,370.3769836425781,20250225-161947
3184,138,0,0.90625,147.55067443847656,609.2839965820312,1306.015380859375,917.9075317382812,20250225-161947
3185,126,0,0.36474609375,1.6160845756530762,1005.8732299804688,184.718994140625,154.53855895996094,20250225-161947
3185,102,0,0.453369140625,145.429931640625,0.5124320983886719,128.24258422851562,490.9328308105469,20250225-161947
3185,139,0,0.7138671875,2.5679683685302734,617.1495361328125,309.32037353515625,390.8858642578125,20250225-161947
3185,134,0,0.810546875,2.9275989532470703,89.56553649902344,545.224365234375,371.8851013183594,20250225-161947
3185,138,0,0.9189453125,150.97154235839844,621.6359252929688,1292.6103515625,914.7909545898438,20250225-161947
3186,139,0,0.42431640625,1.4556026458740234,596.0136108398438,305.551025390625,363.3465270996094,20250225-161947
3186,102,0,0.450439453125,95.33549499511719,0.8121986389160156,107.14208221435547,545.741455078125,20250225-161947
3186,126,0,0.4892578125,1.1421167850494385,994.874267578125,176.89974975585938,163.84844970703125,20250225-161947
3186,134,0,0.82080078125,4.160170555114746,82.90191650390625,535.8008422851562,379.7835388183594,20250225-161947
3186,138,0,0.9208984375,159.20458984375,612.8966674804688,1305.5703125,906.3667602539062,20250225-161947
3187,102,0,0.3251953125,205.02490234375,0.3873023986816406,102.14385986328125,434.6634216308594,20250225-161947
3187,139,0,0.7333984375,2.8684401512145996,463.5711364746094,428.0470275878906,309.5577697753906,20250225-161947
3187,126,0,0.765625,0.6179380416870117,991.386474609375,180.6258544921875,167.17575073242188,20250225-161947
3187,134,0,0.8515625,2.4233007431030273,89.3448486328125,523.4307861328125,370.7569885253906,20250225-161947
3187,138,0,0.8837890625,167.70570373535156,575.0720825195312,1341.884033203125,896.7594604492188,20250225-161947
3188,135,0,0.259033203125,2.7045679092407227,1372.3311767578125,224.697509765625,356.9572448730469,20250225-161947
3188,139,0,0.6806640625,2.72186279296875,600.682861328125,312.4090576171875,301.8419189453125,20250225-161947
3188,126,0,0.7734375,0.3491806983947754,993.7714233398438,178.06906127929688,180.00115966796875,20250225-161947
3188,134,0,0.83740234375,4.345006942749023,95.10511779785156,522.24267578125,376.7303771972656,20250225-161947
3188,138,0,0.8935546875,177.4834442138672,631.2658081054688,1284.4500732421875,886.7276611328125,20250225-161947
3189,102,0,0.236572265625,92.41497802734375,0.7088356018066406,126.37577819824219,544.068603515625,20250225-161947
3189,126,0,0.261962890625,1.7237591743469238,1001.2955932617188,188.87384033203125,183.3932342529297,20250225-161947
3189,139,0,0.60498046875,2.1123147010803223,612.3561401367188,319.976806640625,327.6416015625,20250225-161947
3189,138,0,0.66796875,182.25759887695312,640.2273559570312,1261.556640625,883.8475341796875,20250225-161947
3189,134,0,0.806640625,2.052597999572754,69.83734130859375,558.3848876953125,396.40264892578125,20250225-161947
3190,126,0,0.441650390625,1.2800467014312744,1020.1679077148438,184.70352172851562,175.48480224609375,20250225-161947
3190,139,0,0.60009765625,1.7215490341186523,625.5993041992188,321.00396728515625,308.4912109375,20250225-161947
3190,134,0,0.8154296875,1.7013359069824219,123.901611328125,520.5562744140625,366.380126953125,20250225-161947
3190,138,0,0.85986328125,200.62803649902344,654.2521362304688,1250.607421875,866.3718872070312,20250225-161947
3191,126,0,0.251708984375,1.0057103633880615,1033.0633544921875,186.50628662109375,162.03872680664062,20250225-161947
3191,114,0,0.264404296875,76.46063995361328,0.92303466796875,271.219482421875,544.5733032226562,20250225-161947
3191,139,0,0.60595703125,0.9817314147949219,636.76171875,321.2061767578125,368.20306396484375,20250225-161947
3191,134,0,0.61669921875,1.0106563568115234,123.09159851074219,530.189208984375,347.7878723144531,20250225-161947
3191,138,0,0.8544921875,211.16238403320312,647.3975830078125,1257.7921142578125,856.371826171875,20250225-161947
3192,114,0,0.5849609375,47.90815734863281,0.8440704345703125,275.70159912109375,553.6998291015625,20250225-161947
3192,139,0,0.60498046875,0.993340015411377,649.5997924804688,323.4451904296875,326.6697692871094,20250225-161947
3192,134,0,0.8466796875,0.8396816253662109,155.356201171875,507.4569396972656,334.34857177734375,20250225-161947
3192,138,0,0.89501953125,215.0375518798828,650.2172241210938,1258.15185546875,853.452392578125,20250225-161947
3193,114,0,0.43505859375,19.463180541992188,0.7613983154296875,181.73614501953125,569.2177734375,20250225-161947
3193,134,0,0.73876953125,0.8987760543823242,153.68362426757812,510.7167663574219,328.3245849609375,20250225-161947
3193,139,0,0.7490234375,0.903174877166748,655.7401123046875,323.54754638671875,324.0118713378906,20250225-161947
3193,138,0,0.89111328125,216.725830078125,580.4176025390625,1338.90380859375,850.9991455078125,20250225-161947
3194,114,0,0.482421875,10.593953132629395,0.8118209838867188,278.5773010253906,556.310302734375,20250225-161947
3194,139,0,0.79052734375,0.8071303367614746,662.9443359375,318.34954833984375,273.9562072753906,20250225-161947
3194,134,0,0.806640625,0.16213417053222656,153.22946166992188,519.9223022460938,314.47015380859375,20250225-161947
3194,138,0,0.896484375,217.62045288085938,640.0770263671875,1278.99755859375,849.6473999023438,20250225-161947
3195,114,0,0.56396484375,7.63275146484375,0.9641189575195312,287.1541748046875,541.501220703125,20250225-161947
3195,139,0,0.74853515625,0.0,661.8045654296875,322.03704833984375,248.3085479736328,20250225-161947
3195,134,0,0.841796875,2.078518867492676,160.56512451171875,514.1390991210938,293.9248046875,20250225-161947
3195,138,0,0.8818359375,212.2611846923828,641.8661499023438,1266.0516357421875,856.0895385742188,20250225-161947
3196,102,0,0.394287109375,7.082147598266602,0.82177734375,160.1119384765625,532.480224609375,20250225-161947
3196,134,0,0.669921875,2.813229560852051,147.58551025390625,531.0679321289062,288.8707580566406,20250225-161947
3196,139,0,0.8271484375,0.8022809028625488,659.6046752929688,323.583251953125,234.00869750976562,20250225-161947
3196,138,0,0.8671875,226.47808837890625,564.4290161132812,1348.04833984375,839.586181640625,20250225-161947
3197,114,0,0.4931640625,7.454867362976074,0.703216552734375,255.2888946533203,541.1331787109375,20250225-161947
3197,139,0,0.77978515625,0.6233882904052734,654.8075561523438,324.02960205078125,279.35919189453125,20250225-161947
3197,134,0,0.8388671875,1.8707871437072754,149.761962890625,529.6752319335938,292.80029296875,20250225-161947
3197,138,0,0.87646484375,236.09593200683594,516.3510131835938,1345.7567138671875,828.6883544921875,20250225-161947
3198,114,0,0.437744140625,5.557065010070801,0.6729354858398438,292.15020751953125,550.71728515625,20250225-161947
3198,142,0,0.57275390625,27.2845458984375,1359.3118896484375,556.6187744140625,1032.564453125,20250225-161947
3198,139,0,0.57373046875,0.7114505767822266,647.4473876953125,333.69580078125,368.0277099609375,20250225-161947
3198,134,0,0.75048828125,1.080329418182373,152.65341186523438,515.9701538085938,311.0433654785156,20250225-161947
3198,138,0,0.86181640625,290.9365234375,520.4091796875,1177.551025390625,774.1051025390625,20250225-161947
3199,114,0,0.26123046875,8.7925386428833,0.7138595581054688,307.06597900390625,566.2015380859375,20250225-161947
3199,139,0,0.3701171875,1.6466617584228516,660.2389526367188,328.16876220703125,362.96099853515625,20250225-161947
3199,142,0,0.415771484375,12.755899429321289,1328.69677734375,532.4395751953125,1054.08203125,20250225-161947
3199,134,0,0.46875,2.16555118560791,162.8052978515625,468.02947998046875,335.8036193847656,20250225-161947
3199,138,0,0.89404296875,355.877197265625,523.4507446289062,1029.3548583984375,711.2228393554688,20250225-161947
3200,137,0,0.34423828125,37.36394500732422,1492.4564208984375,199.705078125,287.99676513671875,20250225-161947
3200,134,0,0.42431640625,2.6562023162841797,180.09622192382812,508.9347839355469,362.8706359863281,20250225-161947
3200,142,0,0.442626953125,113.9725112915039,1388.6578369140625,528.2227783203125,949.7268676757812,20250225-161947
3200,138,0,0.87255859375,403.7286682128906,532.253173828125,969.2836303710938,663.4166259765625,20250225-161947
3201,142,0,0.4130859375,41.71637725830078,1075.049560546875,817.7330932617188,1023.8032836914062,20250225-161947
3201,114,0,0.5458984375,9.775900840759277,0.5367050170898438,343.5498962402344,588.2510375976562,20250225-161947
3201,134,0,0.70068359375,2.560544013977051,206.68084716796875,508.06878662109375,379.4087219238281,20250225-161947
3201,138,0,0.90234375,439.23992919921875,541.1146240234375,950.8646850585938,628.0578002929688,20250225-161947
3202,134,0,0.218017578125,4.513750076293945,207.31256103515625,817.6276245117188,422.1636047363281,20250225-161948
3202,137,0,0.2493896484375,124.2087631225586,1554.4486083984375,162.56561279296875,267.9449157714844,20250225-161948
3202,142,0,0.320068359375,407.62005615234375,1390.4974365234375,496.632568359375,656.9589233398438,20250225-161948
3202,114,0,0.35400390625,6.499700546264648,0.7832107543945312,367.34808349609375,610.301025390625,20250225-161948
3202,138,0,0.84814453125,472.01727294921875,580.60205078125,921.3733520507812,594.9786987304688,20250225-161948
3203,126,0,0.25390625,9.360265731811523,990.5066528320312,157.26809692382812,321.8130798339844,20250225-161948
3203,137,0,0.30810546875,170.56797790527344,1517.9444580078125,213.20352172851562,277.76708984375,20250225-161948
3203,142,0,0.326904296875,439.710693359375,1402.0958251953125,495.2071838378906,624.632080078125,20250225-161948
3203,144,0,0.6669921875,55.885433197021484,1125.5489501953125,205.86593627929688,233.97433471679688,20250225-161948
3203,114,0,0.68603515625,6.776289939880371,0.46076202392578125,372.07916259765625,610.9327392578125,20250225-161948
3203,139,0,0.71240234375,67.47565460205078,710.8779296875,325.68743896484375,334.3670654296875,20250225-161948
3203,138,0,0.82275390625,513.7063598632812,748.374267578125,756.5708618164062,555.948486328125,20250225-161948
3203,134,0,0.8583984375,3.7711429595947266,242.58425903320312,497.20550537109375,419.7560119628906,20250225-161948
3204,135,0,0.2049560546875,114.22073364257812,1305.7716064453125,177.56680297851562,141.6670684814453,20250225-161948
3204,144,0,0.43310546875,72.89154052734375,1131.9627685546875,209.71884155273438,248.072021484375,20250225-161948
3204,142,0,0.437744140625,472.79241943359375,1407.20654296875,486.443115234375,594.151123046875,20250225-161948
3204,126,0,0.4892578125,22.85576820373535,1014.3784790039062,147.46041870117188,177.5877685546875,20250225-161948
3204,137,0,0.6103515625,193.49154663085938,1425.6839599609375,312.3904724121094,421.87945556640625,20250225-161948
3204,139,0,0.845703125,82.21481323242188,723.1052856445312,310.903564453125,325.63922119140625,20250225-161948
3204,114,0,0.84716796875,6.246457099914551,0.6289215087890625,392.4130554199219,610.234375,20250225-161948
3204,138,0,0.8583984375,560.826416015625,778.0859985351562,726.6800537109375,509.3471984863281,20250225-161948
3204,134,0,0.88330078125,2.873396873474121,253.56715393066406,499.1513671875,423.9769592285156,20250225-161948
3205,147,0,0.4130859375,204.3770294189453,1626.926513671875,140.4884033203125,245.67369079589844,20250225-161948
3205,126,0,0.5205078125,29.50429344177246,1022.6347045898438,142.77053833007812,153.3761749267578,20250225-161948
3205,144,0,0.5546875,80.97731018066406,1105.28076171875,242.79583740234375,397.05084228515625,20250225-161948
3205,142,0,0.66015625,486.45513916015625,1398.852294921875,490.6412658691406,582.8492431640625,20250225-161948
3205,135,0,0.68701171875,123.47832489013672,1301.09619140625,187.32916259765625,139.3126983642578,20250225-161948
3205,137,0,0.73779296875,204.28036499023438,1411.2818603515625,309.5638732910156,416.3463134765625,20250225-161948
3205,139,0,0.87744140625,86.46086120605469,724.4991455078125,315.23321533203125,328.3847351074219,20250225-161948
3205,138,0,0.8876953125,581.6530151367188,783.4610595703125,724.0050659179688,488.9347839355469,20250225-161948
3205,134,0,0.89892578125,2.1378278732299805,263.75897216796875,495.0662841796875,430.0049743652344,20250225-161948
3205,114,0,0.9013671875,4.870805740356445,0.304412841796875,400.7237548828125,613.0449829101562,20250225-161948
3206,147,0,0.294189453125,204.42132568359375,1627.8197021484375,142.30975341796875,238.93710327148438,20250225-161948
3206,142,0,0.420654296875,486.3426818847656,1393.4000244140625,500.775146484375,582.8080444335938,20250225-161948
3206,135,0,0.548828125,121.91545104980469,1303.6007080078125,186.75970458984375,140.32257080078125,20250225-161948
3206,126,0,0.5537109375,25.81045150756836,1022.0162353515625,144.7001953125,164.3994140625,20250225-161948
3206,144,0,0.6162109375,79.69701385498047,1125.4393310546875,223.88983154296875,391.9933166503906,20250225-161948
3206,137,0,0.74169921875,204.7472686767578,1393.143310546875,328.795166015625,411.0049743652344,20250225-161948
3206,139,0,0.86181640625,85.96004486083984,727.6512451171875,313.0594482421875,329.87249755859375,20250225-161948
3206,138,0,0.89892578125,589.5371704101562,780.9913330078125,723.7235107421875,481.0542297363281,20250225-161948
3206,134,0,0.90576171875,2.4160051345825195,263.2806701660156,497.1329040527344,430.3141784667969,20250225-161948
3206,114,0,0.90673828125,3.656430244445801,0.28729248046875,398.5440673828125,615.328857421875,20250225-161948
3207,135,0,0.45703125,107.99259948730469,1304.3212890625,204.3065185546875,150.95957946777344,20250225-161948
3207,126,0,0.552734375,17.156068801879883,1021.0838012695312,144.53659057617188,164.6733856201172,20250225-161948
3207,114,0,0.57568359375,1.760087013244629,0.997833251953125,388.2256164550781,619.89306640625,20250225-161948
3207,144,0,0.6689453125,69.87257385253906,1130.7718505859375,217.892578125,389.3662109375,20250225-161948
3207,142,0,0.7373046875,478.0559997558594,1389.9503173828125,507.5196533203125,590.0839233398438,20250225-161948
3207,137,0,0.8271484375,189.50283813476562,1385.35400390625,367.25390625,417.7137451171875,20250225-161948
3207,139,0,0.83642578125,79.95254516601562,722.7167358398438,318.55059814453125,332.58721923828125,20250225-161948
3207,138,0,0.89306640625,575.5521240234375,767.0357666015625,741.1571044921875,494.1185302734375,20250225-161948
3207,134,0,0.908203125,1.3665103912353516,259.8677673339844,488.0600280761719,423.41339111328125,20250225-161948
3208,135,0,0.3310546875,81.52217864990234,1324.563720703125,209.12310791015625,184.21107482910156,20250225-161948
3208,126,0,0.36669921875,1.0258054733276367,1030.80322265625,135.23336791992188,320.3621520996094,20250225-161948
3208,144,0,0.484375,39.931549072265625,1128.070068359375,225.68545532226562,254.020751953125,20250225-161948
3208,114,0,0.533203125,3.9647769927978516,0.6454925537109375,391.7165222167969,781.2991333007812,20250225-161948
3208,142,0,0.5947265625,453.11907958984375,1397.2218017578125,512.3690185546875,613.4966430664062,20250225-161948
3208,139,0,0.76953125,58.70243835449219,715.857666015625,324.45880126953125,380.0518798828125,20250225-161948
3208,137,0,0.77685546875,163.42738342285156,1395.46923828125,365.4125061035156,424.2786865234375,20250225-161948
3208,138,0,0.82177734375,548.2860717773438,745.4459838867188,769.4778442382812,521.3548583984375,20250225-161948
3208,134,0,0.9013671875,1.7855358123779297,263.3218688964844,471.7539367675781,410.9991760253906,20250225-161948
3209,135,0,0.2213134765625,51.08065414428711,1305.97314453125,228.894287109375,200.1203155517578,20250225-161948
3209,126,0,0.26123046875,0.8388876914978027,1021.3961791992188,148.12857055664062,294.23321533203125,20250225-161948
3209,142,0,0.4609375,425.78875732421875,1417.1282958984375,497.9263916015625,639.5093383789062,20250225-161948
3209,144,0,0.517578125,17.536561965942383,1139.74951171875,217.75341796875,242.11184692382812,20250225-161948
3209,114,0,0.5859375,2.142763137817383,1.18634033203125,389.1287841796875,779.373046875,20250225-161948
3209,139,0,0.69921875,21.058860778808594,717.1333618164062,325.07879638671875,374.2991638183594,20250225-161948
3209,137,0,0.7529296875,130.6038360595703,1417.6707763671875,354.4950256347656,421.3916015625,20250225-161948
3209,134,0,0.8740234375,0.7404613494873047,259.0395812988281,478.7963562011719,383.9368591308594,20250225-161948
3209,138,0,0.88525390625,517.4940185546875,570.6591796875,959.2432250976562,551.3394165039062,20250225-161948
3210,135,0,0.402587890625,24.420955657958984,1317.686279296875,231.8104248046875,197.37181091308594,20250225-161948
3210,144,0,0.60302734375,1.2645220756530762,1145.81201171875,217.90896606445312,227.18331909179688,20250225-161948
3210,114,0,0.662109375,1.9561243057250977,0.887603759765625,391.70416259765625,544.751708984375,20250225-161948
3210,137,0,0.76416015625,104.48367309570312,1440.292724609375,339.8575744628906,421.427978515625,20250225-161948
3210,139,0,0.779296875,4.41676139831543,716.6376953125,328.08245849609375,384.1487731933594,20250225-161948
3210,134,0,0.86767578125,1.4979815483093262,256.1861572265625,477.59271240234375,355.62103271484375,20250225-161948
3210,138,0,0.892578125,482.6661682128906,552.9661254882812,987.6624755859375,586.4209594726562,20250225-161948
3211,142,0,0.440673828125,371.06219482421875,1419.6383056640625,499.11328125,694.677001953125,20250225-161948
3211,144,0,0.60302734375,1.1841416358947754,1152.51611328125,211.8131103515625,203.5319366455078,20250225-161948
3211,114,0,0.6611328125,1.8662166595458984,1.1384811401367188,380.44891357421875,526.9698486328125,20250225-161948
3211,137,0,0.708984375,81.15252685546875,1414.2454833984375,370.3575439453125,428.35400390625,20250225-161948
3211,139,0,0.80126953125,3.1624960899353027,723.3013916015625,322.44140625,349.7341003417969,20250225-161948
3211,134,0,0.86083984375,0.8328580856323242,251.23434448242188,484.3714599609375,326.0230407714844,20250225-161948
3211,138,0,0.8662109375,456.92120361328125,561.3306274414062,1003.244384765625,611.6806640625,20250225-161948
3212,142,0,0.275146484375,340.9477233886719,1430.72607421875,488.1639404296875,725.6112670898438,20250225-161948
3212,144,0,0.38671875,0.0,1149.5322265625,214.99136352539062,184.46925354003906,20250225-161948
3212,114,0,0.64794921875,3.5057544708251953,1.072998046875,382.5556640625,510.18310546875,20250225-161948
3212,137,0,0.66015625,59.94792938232422,1448.5595703125,340.2237854003906,421.54241943359375,20250225-161948
3212,139,0,0.7080078125,1.6242384910583496,712.9747924804688,332.53436279296875,301.03009033203125,20250225-161948
3212,134,0,0.794921875,1.3759517669677734,242.00546264648438,490.7025146484375,300.3283996582031,20250225-161948
3212,138,0,0.89501953125,423.83056640625,537.450439453125,1039.9588623046875,645.3400268554688,20250225-161948
3213,114,0,0.3310546875,1.9330358505249023,0.9107666015625,381.51910400390625,471.70477294921875,20250225-161948
3213,142,0,0.56005859375,309.8697204589844,1460.854248046875,458.4144287109375,753.748046875,20250225-161948
3213,139,0,0.73388671875,0.0,713.1727294921875,329.74676513671875,297.0771789550781,20250225-161948
3213,137,0,0.76220703125,40.42530822753906,1444.180419921875,341.63525390625,435.0662841796875,20250225-161948
3213,134,0,0.763671875,0.8126235008239746,229.4293670654297,503.09271240234375,283.59423828125,20250225-161948
3213,138,0,0.87890625,395.4834289550781,509.56494140625,1075.658935546875,671.1558227539062,20250225-161948
3214,114,0,0.24072265625,3.231353759765625,0.8576889038085938,366.064453125,456.8156433105469,20250225-161948
3214,134,0,0.402587890625,0.6245684623718262,222.53219604492188,511.579833984375,258.16357421875,20250225-161948
3214,142,0,0.470703125,283.4131774902344,1456.7047119140625,462.339111328125,779.3646240234375,20250225-161948
3214,139,0,0.4814453125,0.18457889556884766,685.9839477539062,356.63818359375,300.1742858886719,20250225-161948
3214,137,0,0.8203125,21.837902069091797,1456.294189453125,334.159423828125,417.9456787109375,20250225-161948
3214,138,0,0.91064453125,353.5361633300781,504.98785400390625,1105.5126953125,711.4591674804688,20250225-161948
3215,114,0,0.289306640625,2.5815296173095703,0.7479171752929688,370.6339111328125,431.3785705566406,20250225-161948
3215,134,0,0.301513671875,1.845381259918213,219.5155792236328,547.0120239257812,232.3992919921875,20250225-161948
3215,139,0,0.36474609375,1.4337158203125,724.6528930664062,336.156005859375,232.8097381591797,20250225-161948
3215,142,0,0.42626953125,259.87249755859375,1481.8670654296875,436.9442138671875,801.2241821289062,20250225-161948
3215,137,0,0.80322265625,4.740772247314453,1463.4840087890625,338.6572265625,413.8985900878906,20250225-161948
3215,138,0,0.8291015625,326.0435791015625,530.9161376953125,1115.7872314453125,740.14111328125,20250225-161948
3216,114,0,0.2220458984375,3.3821582794189453,0.7493133544921875,383.69891357421875,425.8332214355469,20250225-161948
3216,139,0,0.309814453125,1.0266637802124023,736.9828491210938,334.2308349609375,209.93890380859375,20250225-161948
3216,142,0,0.32421875,242.50448608398438,1485.7939453125,433.3179931640625,818.9853515625,20250225-161948
3216,137,0,0.47265625,1.6965723037719727,1498.0731201171875,324.4664611816406,391.17474365234375,20250225-161948
3216,138,0,0.84912109375,295.2316589355469,554.5057983398438,1118.6964111328125,770.370361328125,20250225-161948
3217,114,0,0.323486328125,2.280564308166504,0.8899383544921875,404.44573974609375,417.6264343261719,20250225-161948
3217,139,0,0.5146484375,2.4041390419006348,748.5556030273438,340.45721435546875,288.2108459472656,20250225-161948
3217,138,0,0.8271484375,270.4042663574219,588.7289428710938,1125.176513671875,795.2838134765625,20250225-161948
3218,114,0,0.2047119140625,2.560715675354004,1.117584228515625,424.1318664550781,631.3121337890625,20250225-161948
3218,139,0,0.43310546875,1.7601943016052246,775.4943237304688,340.1598815917969,282.09564208984375,20250225-161948
3218,138,0,0.8310546875,245.34805297851562,629.19287109375,1140.859130859375,817.9261474609375,20250225-161948
3219,139,0,0.306640625,1.4379215240478516,777.2649536132812,358.92425537109375,285.41278076171875,20250225-161948
3219,138,0,0.869140625,221.37896728515625,588.71923828125,1260.826171875,842.6336059570312,20250225-161948
3220,139,0,0.236572265625,0.615234375,786.17724609375,389.3553771972656,277.5907287597656,20250225-161948
3220,114,0,0.3720703125,4.25745964050293,0.8339080810546875,467.202880859375,642.4005126953125,20250225-161948
3220,138,0,0.8134765625,175.6728515625,726.7789306640625,1190.0625,887.390625,20250225-161948
3221,114,0,0.41015625,4.557051658630371,0.3918914794921875,487.8124694824219,608.8067626953125,20250225-161948
3221,139,0,0.58203125,0.6190752983093262,792.4129028320312,417.9339294433594,269.7406005859375,20250225-161948
3221,138,0,0.85302734375,86.81061553955078,650.72314453125,1267.56591796875,976.9427490234375,20250225-161948
3222,114,0,0.2958984375,4.450364112854004,0.993621826171875,547.7978515625,595.2950439453125,20250225-161948
3222,138,0,0.81884765625,99.75688934326172,686.3545532226562,1231.619873046875,963.2677001953125,20250225-161948
3223,114,0,0.32177734375,4.4463300704956055,0.9497222900390625,587.1553344726562,593.3751220703125,20250225-161948
3223,138,0,0.81982421875,46.812660217285156,731.0332641601562,1187.341552734375,1017.17578125,20250225-161948
3224,114,0,0.443603515625,18.032684326171875,9.1494140625,640.052978515625,569.3319091796875,20250225-161948
3224,138,0,0.84716796875,10.278053283691406,779.045654296875,1139.3807373046875,1061.90576171875,20250225-161948
3225,138,0,0.83203125,22.42755889892578,846.7472534179688,1072.5830078125,1046.8392333984375,20250225-161948
3226,114,0,0.2493896484375,8.089156150817871,165.753662109375,601.96533203125,556.6708984375,20250225-161948
3226,138,0,0.8505859375,17.979469299316406,872.9917602539062,1045.06884765625,1047.430419921875,20250225-161948
3227,134,0,0.21533203125,0.5197477340698242,494.18060302734375,259.0198059082031,376.7932434082031,20250225-161948
3227,114,0,0.226806640625,28.772464752197266,168.30807495117188,652.2896118164062,528.8424682617188,20250225-161948
3227,138,0,0.85205078125,12.435750961303711,989.2315063476562,926.4724731445312,1048.3125,20250225-161948
3228,114,0,0.2108154296875,9.393310546875,263.763427734375,614.1009521484375,544.5466918945312,20250225-161948
3228,138,0,0.86083984375,9.368247985839844,1032.1962890625,884.1289672851562,1052.6158447265625,20250225-161948
3229,134,0,0.2958984375,3.343491554260254,503.9636535644531,419.55706787109375,389.4190368652344,20250225-161948
3229,138,0,0.7744140625,18.658475875854492,1093.944580078125,822.7077026367188,1042.203857421875,20250225-161948
3230,134,0,0.37109375,2.910733222961426,668.9634399414062,317.18768310546875,406.2745056152344,20250225-161948
3230,138,0,0.56298828125,205.0699462890625,1135.41064453125,782.07275390625,854.3538818359375,20250225-161948
3231,138,0,0.388671875,250.9598388671875,1216.2275390625,702.55224609375,806.7257080078125,20250225-161948
3231,134,0,0.390380859375,5.946907997131348,746.1738891601562,315.96636962890625,426.44805908203125,20250225-161948
3232,138,0,0.30908203125,270.8993225097656,1277.9696044921875,640.6981201171875,789.6370239257812,20250225-161949
3232,134,0,0.458984375,2.3996973037719727,775.1634521484375,436.1406555175781,475.9953308105469,20250225-161949
3233,138,0,0.2186279296875,626.3836669921875,1363.081787109375,555.709716796875,435.7304382324219,20250225-161949
3233,134,0,0.35302734375,5.931329727172852,847.912353515625,404.1310729980469,490.8125915527344,20250225-161949
3233,102,0,0.7861328125,174.31748962402344,1.9153289794921875,393.4329528808594,883.6371459960938,20250225-161949
3234,134,0,0.4072265625,19.464941024780273,908.3341064453125,443.57977294921875,501.71917724609375,20250225-161949
3234,102,0,0.65771484375,166.89279174804688,2.41497802734375,489.0120849609375,892.9522705078125,20250225-161949
3235,134,0,0.5048828125,13.555498123168945,971.98681640625,409.7930603027344,524.197509765625,20250225-161949
3235,102,0,0.65380859375,145.97567749023438,2.6120452880859375,599.2293090820312,913.9033813476562,20250225-161949
3236,134,0,0.356689453125,26.89504623413086,991.4130249023438,509.349609375,721.6989135742188,20250225-161949
3236,102,0,0.833984375,144.08261108398438,1.464202880859375,719.717529296875,921.0322265625,20250225-161949
3237,134,0,0.39990234375,31.64886474609375,1123.196533203125,554.1930541992188,725.8255004882812,20250225-161949
3237,102,0,0.8193359375,91.82759094238281,0.15087890625,823.29638671875,975.6368408203125,20250225-161949
3238,137,0,0.202392578125,35.240482330322266,1792.974609375,125.80096435546875,341.1086120605469,20250225-161949
3238,134,0,0.5341796875,24.064350128173828,1206.7518310546875,491.70428466796875,743.107421875,20250225-161949
3238,102,0,0.6982421875,38.809547424316406,2.11761474609375,908.5220947265625,1023.1102294921875,20250225-161949
3239,102,0,0.73876953125,19.0653133392334,3.32464599609375,1119.1270751953125,1043.4620361328125,20250225-161949
3240,142,0,0.315673828125,17.013015747070312,1382.069091796875,532.03125,788.7872924804688,20250225-161949
3240,102,0,0.8271484375,9.526176452636719,5.076690673828125,1168.905517578125,1054.033447265625,20250225-161949
3241,102,0,0.751953125,3.003988265991211,5.78228759765625,1178.2353515625,1059.8507080078125,20250225-161949
3242,102,0,0.7607421875,4.363374710083008,4.5054931640625,1137.7734375,1061.745361328125,20250225-161949
3243,102,0,0.81396484375,0.3732776641845703,5.389434814453125,1200.765625,1061.739501953125,20250225-161949
3244,142,0,0.2021484375,31.231212615966797,1425.956298828125,493.3516845703125,754.3350219726562,20250225-161949
3244,102,0,0.77685546875,2.6830673217773438,7.201629638671875,1281.3250732421875,1066.433349609375,20250225-161949
3245,114,0,0.68505859375,224.58860778808594,1.1776885986328125,453.5025329589844,775.600341796875,20250225-161949
3245,102,0,0.830078125,4.333934783935547,3.10858154296875,1402.318115234375,1059.489501953125,20250225-161949
3246,114,0,0.73583984375,185.72816467285156,0.8727264404296875,503.03936767578125,806.5858154296875,20250225-161949
3246,102,0,0.85498046875,0.0,10.036285400390625,1441.30224609375,1063.6102294921875,20250225-161949
3247,114,0,0.62255859375,174.1138153076172,1.020904541015625,560.9521484375,834.5681762695312,20250225-161949
3247,102,0,0.8515625,0.0,9.710540771484375,1479.721923828125,1063.58203125,20250225-161949
3248,102,0,0.53125,0.0,284.33660888671875,1511.879150390625,1067.2056884765625,20250225-161949
3248,114,0,0.5517578125,13.719348907470703,1.8423614501953125,638.1033935546875,1040.5054931640625,20250225-161949
3249,114,0,0.42724609375,211.57574462890625,0.92706298828125,702.3193359375,843.0673828125,20250225-161949
3249,102,0,0.4765625,4.442853927612305,218.63909912109375,1530.4105224609375,1057.779296875,20250225-161949
3250,114,0,0.58154296875,243.7506561279297,5.71270751953125,774.1270751953125,811.7611694335938,20250225-161949
3250,102,0,0.61328125,9.50094223022461,679.0072631835938,878.1443481445312,1054.629638671875,20250225-161949
3251,102,0,0.60400390625,6.505193710327148,778.1759033203125,852.46728515625,1055.2642822265625,20250225-161949
3251,114,0,0.73095703125,271.7772216796875,9.926788330078125,802.0918579101562,786.7994384765625,20250225-161949
3252,114,0,0.415771484375,294.0210876464844,3.32080078125,879.9375,765.4740600585938,20250225-161949
3252,102,0,0.58984375,8.862018585205078,846.611572265625,1030.357177734375,1053.7236328125,20250225-161949
3253,114,0,0.67333984375,317.3252258300781,168.78573608398438,696.109130859375,745.6428833007812,20250225-161949
3253,102,0,0.88427734375,66.16807556152344,460.5421142578125,1455.4588623046875,999.6692504882812,20250225-161949
3254,114,0,0.79248046875,329.76348876953125,8.17694091796875,893.6090698242188,734.7267456054688,20250225-161949
3254,102,0,0.8623046875,81.9493408203125,489.41217041015625,1423.050537109375,983.0285034179688,20250225-161949
3255,114,0,0.8720703125,319.1364440917969,0.0,941.2535400390625,745.0095825195312,20250225-161949
3255,102,0,0.90283203125,106.04776000976562,507.78131103515625,1410.1953125,957.142822265625,20250225-161949
3256,114,0,0.876953125,301.39825439453125,1.749481201171875,950.250732421875,761.1497802734375,20250225-161949
3256,102,0,0.88818359375,83.09028625488281,524.6363525390625,1393.3388671875,979.6047973632812,20250225-161949
3257,114,0,0.8525390625,284.4716491699219,0.369049072265625,981.2677001953125,775.8783569335938,20250225-161949
3257,102,0,0.87744140625,87.25212860107422,540.0411987304688,1377.9349365234375,975.2015991210938,20250225-161949
3258,102,0,0.83984375,87.90813446044922,551.885009765625,1366.467041015625,975.7056884765625,20250225-161949
3258,114,0,0.8564453125,261.6169128417969,3.471771240234375,1002.1100463867188,801.2244873046875,20250225-161949
3259,102,0,0.60107421875,116.4743881225586,1098.645751953125,818.7652587890625,949.34716796875,20250225-161949
3259,126,0,0.64501953125,207.18515014648438,989.3801879882812,294.0150146484375,386.6176452636719,20250225-161949
3259,114,0,0.83837890625,252.35887145996094,3.43304443359375,1038.43994140625,809.8815307617188,20250225-161949
3260,134,0,0.2393798828125,349.0507507324219,1207.97802734375,382.1766357421875,448.55718994140625,20250225-161949
3260,150,0,0.30078125,371.7273864746094,347.31292724609375,261.9542541503906,153.5192108154297,20250225-161949
3260,151,0,0.38671875,285.6659851074219,1.1206283569335938,364.1007080078125,610.7171630859375,20250225-161949
3260,102,0,0.4951171875,314.6164245605469,589.174072265625,1322.0921630859375,750.7090454101562,20250225-161949
3260,126,0,0.6748046875,206.21707153320312,1022.2745361328125,288.8143615722656,381.0668029785156,20250225-161949
3260,114,0,0.8173828125,246.732666015625,11.9150390625,1063.03076171875,813.4072265625,20250225-161949
3261,102,0,0.466796875,369.5791320800781,1155.327880859375,756.0250854492188,696.1528930664062,20250225-161949
3261,126,0,0.73193359375,208.44000244140625,1052.0987548828125,312.3050537109375,390.33392333984375,20250225-161949
3261,114,0,0.86376953125,239.78125,9.903167724609375,1072.27685546875,823.6688842773438,20250225-161949
3262,126,0,0.64794921875,209.5868682861328,1087.62353515625,311.88006591796875,400.41619873046875,20250225-161950
3262,102,0,0.6748046875,380.745849609375,1205.615478515625,711.7496337890625,685.7178344726562,20250225-161950
3262,114,0,0.86328125,234.55706787109375,33.624114990234375,1084.5361328125,826.8213500976562,20250225-161950
3263,114,0,0.71875,231.82611083984375,77.10964965820312,1151.7958984375,831.346435546875,20250225-161950
3263,102,0,0.767578125,385.2578125,1230.724365234375,688.05322265625,680.80224609375,20250225-161950
3263,126,0,0.7939453125,212.06748962402344,1117.265380859375,328.9633483886719,418.2689208984375,20250225-161950
3264,126,0,0.62158203125,226.2045440673828,1154.31201171875,325.73638916015625,424.1029968261719,20250225-161950
3264,114,0,0.66015625,228.89027404785156,141.93685913085938,1023.1913452148438,833.4819946289062,20250225-161950
3264,102,0,0.66796875,364.3379821777344,1265.9627685546875,652.3907470703125,702.7728271484375,20250225-161950
3265,126,0,0.4091796875,248.31007385253906,1200.179443359375,322.390869140625,436.8517761230469,20250225-161950
3265,114,0,0.607421875,249.34544372558594,166.71908569335938,1062.2060546875,814.8118286132812,20250225-161950
3265,102,0,0.6083984375,363.7957763671875,1295.1922607421875,622.9986572265625,702.68212890625,20250225-161950
3266,126,0,0.5107421875,272.583740234375,1263.247314453125,290.44537353515625,432.9742736816406,20250225-161950
3266,102,0,0.57763671875,258.18841552734375,1336.1766357421875,583.0286865234375,805.4588012695312,20250225-161950
3266,114,0,0.7578125,267.4873962402344,233.41241455078125,995.6618041992188,796.46142578125,20250225-161950
3267,134,0,0.5400390625,301.9504699707031,1235.076416015625,328.1964111328125,526.4661254882812,20250225-161950
3267,102,0,0.77587890625,304.97222900390625,1357.2982177734375,562.0810546875,756.260009765625,20250225-161950
3267,114,0,0.79736328125,298.5482177734375,224.5693359375,1009.9795532226562,767.4779052734375,20250225-161950
3268,102,0,0.65771484375,335.5688171386719,1385.9285888671875,532.8310546875,727.3447265625,20250225-161950
3268,134,0,0.76611328125,352.3941955566406,1232.2789306640625,349.298583984375,535.5994873046875,20250225-161950
3268,114,0,0.7900390625,323.60968017578125,249.16177368164062,997.103759765625,741.9978637695312,20250225-161950
3269,151,0,0.46875,193.73736572265625,0.0067291259765625,602.255126953125,648.2650146484375,20250225-161950
3269,134,0,0.6494140625,368.3890075683594,1240.6380615234375,344.73724365234375,415.3564147949219,20250225-161950
3269,102,0,0.68603515625,352.06219482421875,1439.479248046875,479.9718017578125,713.8075561523438,20250225-161950
3269,114,0,0.7861328125,336.1253356933594,240.11407470703125,1093.575439453125,729.9248657226562,20250225-161950
3270,102,0,0.248046875,378.58599853515625,820.9019165039062,1098.633056640625,695.7435302734375,20250225-161950
3270,134,0,0.494140625,389.2037353515625,1244.2452392578125,351.3328857421875,546.5694580078125,20250225-161950
3270,151,0,0.78125,193.063232421875,0.4157867431640625,606.072021484375,686.5160522460938,20250225-161950
3270,114,0,0.83984375,361.4681396484375,207.8565673828125,1062.3564453125,704.5277099609375,20250225-161950
3271,151,0,0.435791015625,175.86630249023438,0.4049835205078125,613.5423583984375,674.7676391601562,20250225-161950
3271,134,0,0.759765625,407.5069580078125,1253.6590576171875,350.701904296875,547.8681030273438,20250225-161950
3271,114,0,0.8408203125,374.47723388671875,211.014404296875,1061.09326171875,692.3245849609375,20250225-161950
3272,151,0,0.226806640625,175.42092895507812,0.04998779296875,610.6345825195312,640.2827758789062,20250225-161950
3272,138,0,0.381103515625,414.4544982910156,1469.3719482421875,450.1885986328125,654.7691040039062,20250225-161950
3272,134,0,0.59912109375,402.9620361328125,1259.9150390625,342.113525390625,358.6885070800781,20250225-161950
3272,114,0,0.80810546875,371.9306335449219,241.8519287109375,1047.234619140625,693.8511962890625,20250225-161950
3273,151,0,0.2783203125,159.34939575195312,0.555084228515625,596.885986328125,669.8265380859375,20250225-161950
3273,102,0,0.35302734375,425.3461608886719,812.7434692382812,1104.86669921875,648.2440185546875,20250225-161950
3273,134,0,0.650390625,398.2431640625,1249.6995849609375,342.2091064453125,383.8099365234375,20250225-161950
3273,114,0,0.82958984375,358.8702392578125,231.00311279296875,1033.100341796875,706.5328369140625,20250225-161950
3274,138,0,0.29736328125,424.2310485839844,1434.2735595703125,484.75634765625,641.94384765625,20250225-161950
3274,134,0,0.498046875,398.68853759765625,1241.845458984375,335.3616943359375,355.6300048828125,20250225-161950
3274,114,0,0.77197265625,359.8940124511719,202.75479125976562,1057.115234375,705.8807373046875,20250225-161950
3275,138,0,0.55810546875,435.34161376953125,1403.56982421875,515.3897705078125,633.9475708007812,20250225-161950
3275,134,0,0.56884765625,398.02984619140625,1235.2225341796875,322.25701904296875,383.2832946777344,20250225-161950
3275,114,0,0.73193359375,363.9885559082031,131.95916748046875,1136.365478515625,700.5903930664062,20250225-161950
3276,134,0,0.533203125,400.07196044921875,1192.45654296875,352.74261474609375,554.8023681640625,20250225-161950
3276,114,0,0.703125,366.09930419921875,103.19036865234375,1127.25341796875,697.6998291015625,20250225-161950
3277,134,0,0.56982421875,409.57476806640625,1169.5008544921875,336.1929016113281,593.9797973632812,20250225-161950
3277,114,0,0.75830078125,378.6551208496094,36.553802490234375,1171.882568359375,683.470947265625,20250225-161950
3278,114,0,0.296630859375,378.5281066894531,12.85931396484375,1170.30615234375,683.5985107421875,20250225-161950
3278,134,0,0.6826171875,409.5697937011719,1124.14990234375,333.47991943359375,566.7151489257812,20250225-161950
3279,134,0,0.72705078125,395.4713439941406,1114.4779052734375,313.85614013671875,556.0035400390625,20250225-161950
3279,114,0,0.8017578125,373.1246337890625,25.01568603515625,1111.642822265625,688.7886352539062,20250225-161950
3280,134,0,0.537109375,380.74432373046875,1074.8631591796875,328.7774963378906,555.7999877929688,20250225-161950
3280,114,0,0.7744140625,359.9289245605469,8.348785400390625,1095.177001953125,702.0481567382812,20250225-161950
3281,102,0,0.2401123046875,405.0259094238281,1162.9654541015625,753.2237548828125,662.2423095703125,20250225-161950
3281,151,0,0.35498046875,209.3017578125,1.11309814453125,380.17108154296875,636.9642944335938,20250225-161950
3281,134,0,0.4697265625,362.7147521972656,1055.8568115234375,330.9991149902344,360.13201904296875,20250225-161950
3281,114,0,0.82666015625,344.91094970703125,1.82647705078125,1070.998779296875,718.03759765625,20250225-161950
3282,102,0,0.2783203125,375.6575927734375,1144.408447265625,773.827880859375,684.7529296875,20250225-161950
3282,134,0,0.650390625,339.49273681640625,1022.0513305664062,338.1771240234375,543.5955200195312,20250225-161950
3282,114,0,0.822265625,329.65869140625,0.574859619140625,1047.707275390625,732.927978515625,20250225-161950
3283,151,0,0.26513671875,261.2161560058594,1.3317489624023438,302.9681396484375,594.8392944335938,20250225-161950
3283,102,0,0.367431640625,352.24847412109375,588.0187377929688,1297.874267578125,720.3855590820312,20250225-161950
3283,134,0,0.70556640625,325.818603515625,998.6630859375,328.4576110839844,514.851806640625,20250225-161950
3283,114,0,0.76708984375,319.496826171875,0.0,1026.279541015625,742.09765625,20250225-161950
3284,102,0,0.57568359375,322.467529296875,571.4033203125,1343.3946533203125,747.3561401367188,20250225-161950
3284,134,0,0.77099609375,319.1519775390625,981.7371826171875,328.9783630371094,405.3068542480469,20250225-161950
3284,114,0,0.9033203125,319.254638671875,0.0,1000.8140258789062,742.8896484375,20250225-161950
3285,138,0,0.2069091796875,499.00177001953125,1515.2469482421875,403.6720275878906,567.7320556640625,20250225-161950
3285,102,0,0.33203125,452.5904541015625,583.3159790039062,1228.2421875,620.0776977539062,20250225-161950
3285,134,0,0.79931640625,315.7837829589844,974.63818359375,321.0262756347656,394.3779296875,20250225-161950
3285,114,0,0.8779296875,321.4498291015625,1.018798828125,988.1171264648438,742.3807983398438,20250225-161950
3286,102,0,0.35400390625,279.386962890625,1082.2943115234375,835.7193603515625,787.3668212890625,20250225-161950
3286,151,0,0.521484375,332.55865478515625,0.7840347290039062,282.31365966796875,549.828369140625,20250225-161950
3286,114,0,0.82080078125,314.0472717285156,0.853729248046875,979.8283081054688,749.9324340820312,20250225-161950
3286,134,0,0.841796875,308.78778076171875,964.9279174804688,321.2047119140625,382.20233154296875,20250225-161950
3287,151,0,0.444580078125,344.7747497558594,1.4468765258789062,276.0028381347656,508.6191101074219,20250225-161950
3287,102,0,0.498046875,271.37646484375,549.0460815429688,1370.60009765625,794.6173095703125,20250225-161950
3287,114,0,0.703125,305.83001708984375,0.799346923828125,971.8175048828125,758.0012817382812,20250225-161950
3287,134,0,0.86376953125,289.2054748535156,956.6920166015625,315.5999450683594,385.1258239746094,20250225-161950
3288,102,0,0.74169921875,259.4365539550781,541.808349609375,1378.166748046875,808.3953247070312,20250225-161950
3288,114,0,0.77587890625,301.89227294921875,1.4637451171875,956.7178344726562,761.1070556640625,20250225-161950
3288,134,0,0.86083984375,280.72088623046875,944.9939575195312,319.53753662109375,386.6136169433594,20250225-161950
3289,102,0,0.591796875,266.1935729980469,511.53912353515625,1393.10302734375,800.42431640625,20250225-161950
3289,134,0,0.8564453125,267.8155212402344,934.371826171875,320.8426208496094,381.0898132324219,20250225-161950
3289,114,0,0.85888671875,295.9785461425781,0.88568115234375,949.7958984375,766.9141235351562,20250225-161950
3290,151,0,0.341552734375,359.3204650878906,0.958282470703125,245.08621215820312,434.47607421875,20250225-161950
3290,102,0,0.83154296875,253.37889099121094,508.83343505859375,1411.16650390625,813.1142578125,20250225-161950
3290,134,0,0.83447265625,256.9855041503906,926.543701171875,325.4079895019531,384.5345458984375,20250225-161950
3290,114,0,0.90087890625,283.0176086425781,0.415924072265625,940.871337890625,779.7964477539062,20250225-161950
3291,151,0,0.2127685546875,361.47869873046875,0.8807830810546875,248.10113525390625,431.18505859375,20250225-161950
3291,114,0,0.8134765625,274.84368896484375,1.002593994140625,938.0694580078125,789.3173828125,20250225-161950
3291,134,0,0.82421875,244.31893920898438,920.5711669921875,322.9474182128906,385.9933166503906,20250225-161950
3291,102,0,0.87841796875,215.8939666748047,504.2801513671875,1411.109619140625,850.4769897460938,20250225-161950
3292,102,0,0.8154296875,265.3923645019531,502.24749755859375,1416.847900390625,802.6908569335938,20250225-161951
3292,114,0,0.88818359375,269.0821228027344,1.673858642578125,939.959716796875,794.780517578125,20250225-161951
3292,134,0,0.89453125,237.20654296875,919.6635131835938,324.5994873046875,383.0672607421875,20250225-161951
3293,102,0,0.82275390625,224.85116577148438,512.6416625976562,1405.81787109375,842.329345703125,20250225-161951
3293,134,0,0.8994140625,229.40277099609375,922.042236328125,330.6215515136719,383.457275390625,20250225-161951
3293,114,0,0.91845703125,262.4900817871094,1.225341796875,942.8563842773438,802.80908203125,20250225-161951
3294,102,0,0.7900390625,198.4154052734375,515.57373046875,1403.937744140625,868.8023681640625,20250225-161951
3294,134,0,0.88916015625,225.13531494140625,927.4130859375,333.2696228027344,387.2223205566406,20250225-161951
3294,114,0,0.91748046875,259.61370849609375,0.9766845703125,946.3141479492188,803.324951171875,20250225-161951
3295,102,0,0.8525390625,187.9753875732422,532.2932739257812,1385.3115234375,878.0216674804688,20250225-161951
3295,114,0,0.88427734375,258.522705078125,1.203826904296875,952.2725830078125,804.1480712890625,20250225-161951
3295,134,0,0.90673828125,220.76974487304688,931.9559326171875,341.1863708496094,387.8726501464844,20250225-161951
3296,102,0,0.6533203125,188.37673950195312,540.8983154296875,1377.7188720703125,878.8328857421875,20250225-161951
3296,114,0,0.83447265625,250.1736297607422,1.707183837890625,959.8939819335938,811.4401245117188,20250225-161951
3296,134,0,0.857421875,217.51779174804688,939.6351928710938,346.171142578125,389.48687744140625,20250225-161951
3297,102,0,0.5947265625,187.96800231933594,537.1505126953125,1379.59423828125,879.9801635742188,20250225-161951
3297,114,0,0.744140625,248.8724365234375,0.703857421875,967.4696044921875,812.9893188476562,20250225-161951
3297,134,0,0.869140625,214.83111572265625,946.6235961914062,346.7619323730469,389.5959777832031,20250225-161951
3298,102,0,0.6767578125,253.70848083496094,535.1319580078125,1378.550537109375,815.5568237304688,20250225-161951
3298,114,0,0.7421875,245.48779296875,0.721527099609375,970.276611328125,816.21533203125,20250225-161951
3298,134,0,0.8876953125,215.07127380371094,953.3340454101562,353.1272277832031,396.1826171875,20250225-161951
3299,151,0,0.3388671875,300.2237243652344,1.0273818969726562,281.7952880859375,508.6184997558594,20250225-161951
3299,102,0,0.7705078125,207.49105834960938,552.8915405273438,1364.920166015625,860.7684936523438,20250225-161951
3299,114,0,0.81640625,246.24945068359375,0.574859619140625,978.1957397460938,815.6320190429688,20250225-161951
3299,134,0,0.8955078125,216.228271484375,958.9541015625,357.0002746582031,404.40948486328125,20250225-161951
3300,151,0,0.4931640625,287.94171142578125,1.2114486694335938,289.64501953125,533.6126708984375,20250225-161951
3300,102,0,0.64404296875,280.93328857421875,555.6897583007812,1360.533447265625,788.1720581054688,20250225-161951
3300,114,0,0.8740234375,246.61988830566406,0.151702880859375,984.4854736328125,816.892822265625,20250225-161951
3300,134,0,0.908203125,217.30630493164062,965.173828125,355.7216491699219,405.0142517089844,20250225-161951
3301,151,0,0.390380859375,278.6062316894531,1.4263916015625,297.13262939453125,567.2120971679688,20250225-161951
3301,102,0,0.8203125,245.2970733642578,562.7748413085938,1356.724365234375,822.3285522460938,20250225-161951
3301,114,0,0.83154296875,247.693115234375,0.0,989.82861328125,816.4940185546875,20250225-161951
3301,134,0,0.875,219.16574096679688,973.3348388671875,358.6848449707031,408.38482666015625,20250225-161951
3302,151,0,0.7001953125,265.9911193847656,1.5919418334960938,307.9521484375,584.282958984375,20250225-161951
3302,102,0,0.83349609375,260.8115539550781,574.1790161132812,1345.821044921875,806.6680297851562,20250225-161951
3302,134,0,0.8876953125,224.79649353027344,986.3666381835938,351.10858154296875,404.8606872558594,20250225-161951
3302,114,0,0.890625,248.99603271484375,0.436248779296875,1001.9331665039062,813.7889404296875,20250225-161951
3303,151,0,0.79931640625,263.2333679199219,1.585784912109375,315.50445556640625,594.14501953125,20250225-161951
3303,134,0,0.8564453125,233.98690795898438,990.1430053710938,349.8358154296875,406.3801574707031,20250225-161951
3303,102,0,0.87255859375,276.3773193359375,577.9777221679688,1342.022216796875,790.7377319335938,20250225-161951
3303,114,0,0.89794921875,253.7985076904297,0.0,1005.4341430664062,807.569091796875,20250225-161951
3304,151,0,0.72119140625,264.14483642578125,1.2174224853515625,300.2203369140625,600.39306640625,20250225-161951
3304,102,0,0.86474609375,268.0939636230469,579.3041381835938,1340.69580078125,799.437255859375,20250225-161951
3304,134,0,0.8740234375,242.15806579589844,989.2868041992188,347.76800537109375,407.31390380859375,20250225-161951
3304,114,0,0.9189453125,263.2257385253906,0.0,1009.7612915039062,800.91796875,20250225-161951
3305,151,0,0.57666015625,271.552490234375,1.2923355102539062,309.0812683105469,606.9549560546875,20250225-161951
3305,134,0,0.86962890625,256.8121032714844,994.5223388671875,341.5220947265625,400.3609313964844,20250225-161951
3305,102,0,0.87890625,320.3242492675781,581.5079956054688,1334.95556640625,747.3339233398438,20250225-161951
3305,114,0,0.896484375,272.84613037109375,0.0,1011.210205078125,791.9048461914062,20250225-161951
3306,151,0,0.763671875,278.6400451660156,1.0548019409179688,310.26953125,599.5294189453125,20250225-161951
3306,102,0,0.85546875,269.5220947265625,586.2672729492188,1333.732666015625,796.9799194335938,20250225-161951
3306,134,0,0.87939453125,262.5192565917969,996.1072998046875,335.0012512207031,402.5161437988281,20250225-161951
3306,114,0,0.921875,279.5641174316406,0.0,1011.0313110351562,783.88134765625,20250225-161951
3307,151,0,0.73095703125,289.52862548828125,1.1297836303710938,313.9675598144531,596.3301391601562,20250225-161951
3307,134,0,0.86376953125,271.2176818847656,991.3745727539062,336.0164794921875,403.0536193847656,20250225-161951
3307,102,0,0.876953125,264.2043762207031,581.294677734375,1335.242431640625,801.9867553710938,20250225-161951
3307,114,0,0.9033203125,287.3018493652344,0.0,1014.9754028320312,776.2386474609375,20250225-161951
3308,151,0,0.6591796875,297.5226745605469,1.1644821166992188,302.82489013671875,588.1616821289062,20250225-161951
3308,134,0,0.84814453125,282.6554260253906,985.5822143554688,326.2374572753906,399.84930419921875,20250225-161951
3308,102,0,0.888671875,262.3011474609375,590.2955932617188,1326.28466796875,805.4804077148438,20250225-161951
3308,114,0,0.9150390625,295.25311279296875,0.0,1004.8658447265625,767.732421875,20250225-161951
3309,151,0,0.70263671875,311.3981018066406,1.3055191040039062,297.3936767578125,576.1285400390625,20250225-161951
3309,134,0,0.830078125,296.116943359375,978.4700317382812,325.40478515625,402.46429443359375,20250225-161951
3309,102,0,0.8701171875,260.87054443359375,595.8446044921875,1319.62646484375,806.4819946289062,20250225-161951
3309,114,0,0.93505859375,301.888671875,0.0,998.7658081054688,760.85546875,20250225-161951
3310,151,0,0.66796875,323.9437255859375,0.9389419555664062,292.71795654296875,569.3364868164062,20250225-161951
3310,134,0,0.8466796875,309.2314453125,976.9703979492188,313.5154724121094,394.2865295410156,20250225-161951
3310,102,0,0.890625,280.0855407714844,593.6744384765625,1324.7384033203125,786.9815063476562,20250225-161951
3310,114,0,0.92236328125,313.83184814453125,1.149444580078125,995.9210815429688,749.2454223632812,20250225-161951
3311,151,0,0.72119140625,341.1784362792969,1.1935501098632812,282.12750244140625,542.7869873046875,20250225-161951
3311,134,0,0.81103515625,326.241943359375,970.8046875,314.0723876953125,393.1606140136719,20250225-161951
3311,114,0,0.88330078125,323.9593505859375,2.548919677734375,986.2728881835938,741.7047119140625,20250225-161951
3311,102,0,0.89013671875,286.6481628417969,592.4313354492188,1325.323486328125,780.1664428710938,20250225-161951
3312,151,0,0.6748046875,357.3004455566406,1.0696563720703125,267.99676513671875,505.542236328125,20250225-161951
3312,134,0,0.796875,341.6375427246094,960.8814697265625,311.6934814453125,394.4792175292969,20250225-161951
3312,114,0,0.85107421875,333.38458251953125,1.612518310546875,970.8964233398438,731.4025268554688,20250225-161951
3312,102,0,0.8896484375,317.06475830078125,589.9442138671875,1328.009033203125,752.2894897460938,20250225-161951
3313,151,0,0.351318359375,372.73358154296875,1.1660614013671875,257.9797668457031,479.5304870605469,20250225-161951
3313,114,0,0.57177734375,350.5666809082031,16.3330078125,951.59033203125,716.0833740234375,20250225-161951
3313,134,0,0.67919921875,357.42669677734375,951.670166015625,310.0806884765625,412.36376953125,20250225-161951
3313,102,0,0.79833984375,330.8912048339844,585.434326171875,1331.698974609375,739.0573120117188,20250225-161951
3314,102,0,0.47265625,342.8959045410156,1088.129638671875,830.1370239257812,719.7418212890625,20250225-161951
3314,151,0,0.4765625,391.22845458984375,0.8945388793945312,241.489013671875,455.01318359375,20250225-161951
3314,134,0,0.7041015625,371.4810485839844,946.775390625,307.3054504394531,498.65673828125,20250225-161951
3314,114,0,0.9072265625,357.53411865234375,1.83746337890625,955.8869018554688,707.9756469726562,20250225-161951
3315,151,0,0.43505859375,395.4898681640625,0.9829330444335938,241.28993225097656,438.19012451171875,20250225-161951
3315,102,0,0.5478515625,341.61920166015625,573.6376342773438,1342.19384765625,729.3734741210938,20250225-161951
3315,134,0,0.71875,384.4374694824219,949.4826049804688,302.93536376953125,507.0294189453125,20250225-161951
3315,114,0,0.86279296875,365.2236633300781,2.21136474609375,956.293212890625,701.1278076171875,20250225-161951
3316,151,0,0.56787109375,397.4423522949219,1.17462158203125,238.0265350341797,433.197021484375,20250225-161951
3316,102,0,0.703125,363.0801086425781,573.0299682617188,1343.8216552734375,705.1756591796875,20250225-161951
3316,134,0,0.81298828125,386.65264892578125,948.7203369140625,311.4681701660156,380.7063903808594,20250225-161951
3316,114,0,0.8974609375,371.87689208984375,2.2203369140625,961.5335083007812,693.2785034179688,20250225-161951
3317,102,0,0.52734375,383.9978332519531,571.5899047851562,1344.8367919921875,685.97998046875,20250225-161951
3317,151,0,0.5400390625,391.3099060058594,1.1821746826171875,240.1054229736328,430.9642028808594,20250225-161951
3317,134,0,0.87255859375,385.44287109375,954.0027465820312,307.0366516113281,383.5877380371094,20250225-161951
3317,114,0,0.88818359375,362.6282958984375,1.671478271484375,959.7068481445312,702.008056640625,20250225-161951
3318,151,0,0.6083984375,385.5578918457031,0.9807586669921875,242.57432556152344,434.6607666015625,20250225-161951
3318,134,0,0.76220703125,385.57684326171875,953.5519409179688,297.53997802734375,378.1904296875,20250225-161951
3318,102,0,0.80517578125,363.2215576171875,567.4412841796875,1350.5086669921875,704.7003173828125,20250225-161951
3318,114,0,0.91357421875,360.3491516113281,2.03265380859375,959.2088012695312,703.7381591796875,20250225-161951
3319,151,0,0.422607421875,393.95111083984375,0.9661102294921875,227.9062042236328,424.6177062988281,20250225-161951
3319,102,0,0.4775390625,381.964599609375,565.7724609375,1352.15185546875,688.064453125,20250225-161951
3319,134,0,0.56591796875,390.69873046875,939.5233154296875,308.247802734375,509.78228759765625,20250225-161951
3319,114,0,0.90380859375,362.6121826171875,2.035308837890625,957.8648071289062,701.42529296875,20250225-161951
3320,102,0,0.337158203125,376.47607421875,1049.0811767578125,868.988525390625,691.1737670898438,20250225-161951
3320,134,0,0.69189453125,398.95623779296875,911.7372436523438,319.60784912109375,505.1435546875,20250225-161951
3320,114,0,0.8837890625,373.7993469238281,2.910552978515625,939.5050048828125,689.0111694335938,20250225-161951
3321,151,0,0.204345703125,456.1032409667969,0.65625,167.6782684326172,334.33062744140625,20250225-161951
3321,134,0,0.658203125,416.43701171875,895.0995483398438,299.3638000488281,491.9163513183594,20250225-161951
3321,114,0,0.8818359375,395.56365966796875,1.82720947265625,908.2716064453125,666.1292114257812,20250225-161951
3322,134,0,0.6494140625,438.6357727050781,867.2993774414062,273.1988525390625,480.5976867675781,20250225-161952
3322,114,0,0.80029296875,413.90423583984375,1.27587890625,871.5785522460938,647.7755126953125,20250225-161952
3323,102,0,0.41015625,420.8014221191406,912.5099487304688,1004.4157104492188,647.231201171875,20250225-161952
3323,134,0,0.417724609375,450.4888916015625,805.3092041015625,284.1649475097656,368.5941467285156,20250225-161952
3323,114,0,0.77392578125,430.803466796875,1.356353759765625,813.85400390625,630.9446411132812,20250225-161952
3324,134,0,0.30322265625,456.59075927734375,740.3692016601562,272.5155029296875,288.5190124511719,20250225-161952
3324,102,0,0.42822265625,410.1846008300781,866.1904907226562,1045.614501953125,656.0266723632812,20250225-161952
3324,114,0,0.68359375,449.2561950683594,1.4875030517578125,761.8148803710938,613.7175903320312,20250225-161952
3325,134,0,0.34765625,459.4799499511719,629.1099853515625,327.34490966796875,570.9739379882812,20250225-161952
3325,102,0,0.5234375,429.97637939453125,781.48974609375,1086.5760498046875,638.5526733398438,20250225-161952
3325,114,0,0.64599609375,455.4674072265625,1.570953369140625,691.4835205078125,608.0499877929688,20250225-161952
3326,134,0,0.301513671875,450.1388244628906,554.98046875,333.2842712402344,576.55224609375,20250225-161952
3326,114,0,0.405517578125,459.2462463378906,3.7273406982421875,620.992919921875,600.4044799804688,20250225-161952
3327,102,0,0.319091796875,381.221435546875,629.4534301757812,864.680419921875,685.2207641601562,20250225-161952
3327,114,0,0.49609375,466.22149658203125,1.517852783203125,525.0316162109375,596.5725708007812,20250225-161952
3328,138,0,0.37109375,583.7977905273438,1674.47216796875,244.8270263671875,480.8541564941406,20250225-161952
3328,102,0,0.59912109375,341.9281005859375,580.3465576171875,814.5289306640625,723.0578002929688,20250225-161952
3328,114,0,0.66796875,484.22113037109375,0.4903106689453125,416.36151123046875,579.991943359375,20250225-161952
3329,138,0,0.3251953125,548.8531494140625,1571.5654296875,268.06787109375,258.173828125,20250225-161952
3329,102,0,0.60498046875,332.971923828125,473.0628662109375,816.3275756835938,731.725830078125,20250225-161952
3329,114,0,0.650390625,507.0430908203125,0.521026611328125,311.0518798828125,551.5756225585938,20250225-161952
3330,114,0,0.275146484375,561.3772583007812,0.5020980834960938,207.70289611816406,500.0146484375,20250225-161952
3330,102,0,0.65478515625,337.5980224609375,158.5762939453125,1045.687744140625,730.3362426757812,20250225-161952
3331,138,0,0.381103515625,529.8243408203125,1530.5657958984375,388.69921875,537.5386352539062,20250225-161952
3331,102,0,0.81298828125,344.63861083984375,92.62939453125,1013.5413208007812,721.292236328125,20250225-161952
3332,114,0,0.242919921875,699.6968994140625,0.23289871215820312,51.30955123901367,332.8539733886719,20250225-161952
3332,138,0,0.638671875,510.8340148925781,1538.0994873046875,380.94415283203125,556.1976928710938,20250225-161952
3332,102,0,0.7392578125,346.41265869140625,86.31005859375,906.0104370117188,720.2080688476562,20250225-161952
3333,138,0,0.7568359375,481.2995300292969,1442.1016845703125,476.1676025390625,585.2389526367188,20250225-161952
3333,102,0,0.84814453125,340.5928955078125,46.4542236328125,904.5071411132812,726.6104125976562,20250225-161952
3334,138,0,0.5224609375,464.92425537109375,1414.3590087890625,469.656005859375,597.3714599609375,20250225-161952
3334,102,0,0.84228515625,339.3920593261719,37.63677978515625,889.4703369140625,729.6146850585938,20250225-161952
3335,138,0,0.625,439.6644287109375,1294.4945068359375,563.476318359375,627.9261474609375,20250225-161952
3335,102,0,0.8681640625,316.3755187988281,18.444671630859375,860.429443359375,751.001953125,20250225-161952
3336,152,0,0.58056640625,410.24786376953125,1207.302001953125,251.33761596679688,177.0840301513672,20250225-161952
3336,138,0,0.72509765625,416.1803894042969,1401.9078369140625,428.807373046875,602.107666015625,20250225-161952
3336,102,0,0.87353515625,303.8005676269531,26.0595703125,848.962646484375,763.4677734375,20250225-161952
3337,152,0,0.5390625,388.3970947265625,1202.962890625,245.31793212890625,179.52725219726562,20250225-161952
3337,153,0,0.6826171875,424.0118408203125,881.781005859375,131.05764770507812,221.94821166992188,20250225-161952
3337,138,0,0.716796875,395.7829895019531,1402.4669189453125,372.6600036621094,516.7744140625,20250225-161952
3337,102,0,0.869140625,292.4280700683594,36.4178466796875,840.3158569335938,775.4796752929688,20250225-161952
3338,154,0,0.56494140625,257.35894775390625,1095.05224609375,123.56121826171875,255.573486328125,20250225-161952
3338,153,0,0.689453125,403.9131774902344,878.525390625,138.30294799804688,214.9295654296875,20250225-161952
3338,138,0,0.6943359375,381.4232482910156,1389.22265625,406.224609375,523.235107421875,20250225-161952
3338,152,0,0.732421875,371.22320556640625,1198.7786865234375,251.41671752929688,182.29953002929688,20250225-161952
3338,102,0,0.873046875,270.62286376953125,14.44830322265625,876.5665283203125,796.8834228515625,20250225-161952
3339,153,0,0.6318359375,387.47882080078125,876.5868530273438,136.04534912109375,217.03749084472656,20250225-161952
3339,152,0,0.6669921875,353.56201171875,1194.1036376953125,250.23532104492188,182.55552673339844,20250225-161952
3339,154,0,0.7255859375,237.66482543945312,1092.7320556640625,122.73220825195312,286.0686340332031,20250225-161952
3339,138,0,0.79443359375,362.77593994140625,1390.8255615234375,439.1510009765625,505.85552978515625,20250225-161952
3339,102,0,0.88720703125,256.09954833984375,3.104644775390625,892.0677490234375,809.7929077148438,20250225-161952
3340,153,0,0.4111328125,372.1820373535156,868.2811889648438,189.2969970703125,279.8438415527344,20250225-161952
3340,156,0,0.533203125,325.2347412109375,1438.587158203125,83.76351928710938,137.64439392089844,20250225-161952
3340,155,0,0.60107421875,349.27801513671875,972.8651733398438,182.40206909179688,178.14675903320312,20250225-161952
3340,152,0,0.64599609375,338.7429504394531,1197.855712890625,243.48046875,175.6250762939453,20250225-161952
3340,138,0,0.7421875,351.6002502441406,1380.5206298828125,429.8211364746094,505.0545654296875,20250225-161952
3340,154,0,0.775390625,222.5902099609375,1090.7589111328125,117.58099365234375,274.9938049316406,20250225-161952
3340,102,0,0.89501953125,243.79237365722656,2.787322998046875,891.150390625,820.7420654296875,20250225-161952
3341,155,0,0.442626953125,332.2100830078125,964.2819213867188,183.30816650390625,182.2208709716797,20250225-161952
3341,152,0,0.466796875,325.9727783203125,1181.1943359375,248.06423950195312,254.716552734375,20250225-161952
3341,153,0,0.57080078125,357.14337158203125,859.7733764648438,138.4735107421875,220.08827209472656,20250225-161952
3341,156,0,0.6259765625,315.02197265625,1428.13623046875,83.85433959960938,141.0862579345703,20250225-161952
3341,154,0,0.68603515625,207.2836456298828,1080.804443359375,118.14898681640625,256.3230895996094,20250225-161952
3341,157,0,0.78515625,322.0700988769531,1818.03515625,100.96014404296875,299.8075866699219,20250225-161952
3341,138,0,0.83837890625,338.3973693847656,1361.7073974609375,458.8231201171875,512.294189453125,20250225-161952
3341,102,0,0.908203125,238.9917755126953,0.1988525390625,890.1405029296875,826.3011474609375,20250225-161952
3342,155,0,0.35302734375,322.38848876953125,954.6132202148438,211.49734497070312,180.9016571044922,20250225-161952
3342,153,0,0.443603515625,345.9194030761719,850.1467895507812,140.60769653320312,224.72756958007812,20250225-161952
3342,152,0,0.61962890625,314.4346008300781,1184.841796875,236.40509033203125,176.56826782226562,20250225-161952
3342,156,0,0.64404296875,301.6460266113281,1419.8243408203125,83.62380981445312,143.48135375976562,20250225-161952
3342,154,0,0.72119140625,196.52528381347656,1073.57275390625,117.90509033203125,261.66778564453125,20250225-161952
3342,138,0,0.80322265625,328.4637451171875,1359.681640625,447.1332092285156,515.3636474609375,20250225-161952
3342,157,0,0.8115234375,302.30670166015625,1806.895751953125,112.02777099609375,308.25506591796875,20250225-161952
3342,102,0,0.9228515625,234.267822265625,0.0,881.0103149414062,832.5733032226562,20250225-161952
3343,156,0,0.454345703125,281.47259521484375,1412.30859375,83.11825561523438,153.38531494140625,20250225-161952
3343,153,0,0.548828125,332.9437561035156,839.6262817382812,141.81710815429688,221.11306762695312,20250225-161952
3343,155,0,0.5498046875,305.3197021484375,948.9783325195312,160.50054931640625,181.58941650390625,20250225-161952
3343,138,0,0.630859375,315.1849670410156,1379.0106201171875,415.1820373535156,590.1209106445312,20250225-161952
3343,152,0,0.65576171875,293.6732482910156,1169.0189208984375,254.06881713867188,452.2420654296875,20250225-161952
3343,154,0,0.78466796875,177.08953857421875,1070.219970703125,113.75839233398438,278.6129455566406,20250225-161952
3343,157,0,0.818359375,280.8351745605469,1797.564697265625,121.5560302734375,313.31976318359375,20250225-161952
3343,102,0,0.91650390625,225.22659301757812,0.0,860.3074951171875,840.92236328125,20250225-161952
3344,156,0,0.4560546875,255.28646850585938,1407.0830078125,83.520263671875,156.68942260742188,20250225-161952
3344,154,0,0.5400390625,151.95448303222656,1066.948486328125,108.81280517578125,283.7220153808594,20250225-161952
3344,155,0,0.5419921875,286.1628723144531,941.7526245117188,150.9334716796875,201.3394775390625,20250225-161952
3344,153,0,0.5869140625,307.4491271972656,835.7750244140625,127.04672241210938,219.04119873046875,20250225-161952
3344,152,0,0.59375,271.91619873046875,1159.6607666015625,251.26345825195312,185.2622833251953,20250225-161952
3344,138,0,0.63330078125,290.5008239746094,1372.931396484375,387.166259765625,597.6824340820312,20250225-161952
3344,157,0,0.7294921875,256.1285705566406,1796.4130859375,122.4210205078125,310.819091796875,20250225-161952
3344,102,0,0.89453125,211.4765167236328,0.0,847.5848388671875,853.98583984375,20250225-161952
3345,156,0,0.48046875,224.87744140625,1403.616455078125,87.366943359375,149.27175903320312,20250225-161952
3345,152,0,0.5,239.8492431640625,1151.343505859375,245.94744873046875,302.05584716796875,20250225-161952
3345,157,0,0.5263671875,231.1594696044922,1790.8531494140625,128.09417724609375,309.7057189941406,20250225-161952
3345,154,0,0.5908203125,118.5288314819336,1063.4681396484375,112.48892211914062,408.0173034667969,20250225-161952
3345,153,0,0.60498046875,275.251708984375,819.4099731445312,141.10565185546875,442.066162109375,20250225-161952
3345,138,0,0.6748046875,262.3473205566406,1345.326171875,437.6629943847656,619.0797729492188,20250225-161952
3345,102,0,0.68359375,175.68417358398438,0.0,864.921630859375,888.5319213867188,20250225-161952
3346,155,0,0.374755859375,230.78189086914062,944.379150390625,184.31195068359375,184.14674377441406,20250225-161952
3346,152,0,0.436767578125,217.47406005859375,1156.5819091796875,256.25299072265625,191.4210968017578,20250225-161952
3346,157,0,0.56298828125,220.04881286621094,1808.239013671875,110.77496337890625,300.3351745605469,20250225-161952
3346,154,0,0.6123046875,96.01124572753906,1073.239501953125,112.20071411132812,285.28155517578125,20250225-161952
3346,156,0,0.65234375,205.82876586914062,1411.3106689453125,88.29656982421875,147.54904174804688,20250225-161952
3346,153,0,0.69775390625,254.8131103515625,824.8460083007812,143.75537109375,226.94699096679688,20250225-161952
3346,102,0,0.755859375,148.75711059570312,0.0,981.1688232421875,916.8460693359375,20250225-161952
3346,138,0,0.7646484375,233.70545959472656,1276.4498291015625,531.8935546875,628.3753662109375,20250225-161952
3347,154,0,0.60595703125,83.37249755859375,1090.266845703125,106.81558227539062,275.5794372558594,20250225-161952
3347,155,0,0.69580078125,219.70797729492188,949.0017700195312,237.87725830078125,183.067626953125,20250225-161952
3347,153,0,0.69775390625,243.31515502929688,822.142822265625,153.75924682617188,235.30422973632812,20250225-161952
3347,156,0,0.70166015625,192.67156982421875,1422.36328125,88.66049194335938,142.9222412109375,20250225-161952
3347,157,0,0.73779296875,230.601318359375,1819.37255859375,100.03106689453125,279.0594177246094,20250225-161952
3347,152,0,0.7529296875,208.64256286621094,1163.043212890625,251.90625,184.8754425048828,20250225-161952
3347,138,0,0.7890625,215.85035705566406,1357.857177734375,440.7933654785156,532.5267944335938,20250225-161952
3347,102,0,0.91259765625,119.36662292480469,0.0,1020.5853881835938,945.3413696289062,20250225-161952
3348,154,0,0.62158203125,75.42417907714844,1102.6124267578125,104.6890869140625,263.68182373046875,20250225-161952
3348,152,0,0.640625,200.48812866210938,1177.109619140625,260.97235107421875,181.00323486328125,20250225-161952
3348,155,0,0.70166015625,208.55921936035156,954.2728271484375,238.57296752929688,184.04983520507812,20250225-161952
3348,156,0,0.732421875,186.46005249023438,1431.923828125,87.38177490234375,145.17356872558594,20250225-161952
3348,157,0,0.74755859375,265.10504150390625,1827.5533447265625,91.85467529296875,239.33531188964844,20250225-161952
3348,153,0,0.76953125,236.2712860107422,832.3086547851562,154.00387573242188,236.62242126464844,20250225-161952
3348,138,0,0.82958984375,210.6102294921875,1364.8927001953125,467.4071044921875,520.3458862304688,20250225-161952
3348,102,0,0.9306640625,140.91339111328125,0.0,1027.879638671875,925.6723022460938,20250225-161952
3349,152,0,0.56298828125,201.5064697265625,1205.78125,239.66409301757812,172.4199981689453,20250225-161952
3349,157,0,0.64697265625,274.1173095703125,1835.2291259765625,83.6041259765625,231.95091247558594,20250225-161952
3349,155,0,0.67724609375,209.8559112548828,959.1663818359375,227.653564453125,188.76730346679688,20250225-161952
3349,156,0,0.744140625,185.55860900878906,1437.91357421875,87.23858642578125,142.74920654296875,20250225-161952
3349,154,0,0.75439453125,76.53569793701172,1112.38525390625,104.13619995117188,268.035888671875,20250225-161952
3349,138,0,0.7724609375,213.99630737304688,1403.61962890625,433.9767150878906,526.1898193359375,20250225-161952
3349,153,0,0.7744140625,238.40615844726562,860.0767822265625,134.64761352539062,234.01084899902344,20250225-161952
3349,102,0,0.8974609375,119.36216735839844,1.1868896484375,1005.3964233398438,946.7770385742188,20250225-161952
3350,156,0,0.256103515625,202.11045837402344,1441.2022705078125,90.87753295898438,167.08741760253906,20250225-161952
3350,155,0,0.309814453125,225.9769744873047,971.0996704101562,170.09527587890625,221.77503967285156,20250225-161952
3350,153,0,0.3701171875,260.34735107421875,869.1038818359375,124.99502563476562,228.64639282226562,20250225-161952
3350,154,0,0.69580078125,90.02024841308594,1120.196533203125,101.124755859375,303.8229675292969,20250225-161952
3350,138,0,0.71533203125,241.8763885498047,1418.25,390.0289306640625,693.5216064453125,20250225-161952
3350,152,0,0.76611328125,217.377197265625,1215.446044921875,227.17620849609375,490.4783630371094,20250225-161952
3350,102,0,0.90576171875,115.87837982177734,2.320953369140625,983.0703735351562,950.9598999023438,20250225-161952
3351,156,0,0.2274169921875,236.80691528320312,1444.497802734375,89.90167236328125,175.33566284179688,20250225-161952
3351,134,0,0.3173828125,274.9840087890625,740.0951538085938,146.2700958251953,577.9290771484375,20250225-161952
3351,155,0,0.41015625,257.2978210449219,1030.7955322265625,98.35079956054688,213.6787872314453,20250225-161952
3351,154,0,0.417724609375,124.39646911621094,1131.2877197265625,97.32586669921875,301.1409912109375,20250225-161952
3351,153,0,0.52734375,286.2961730957031,864.6381225585938,138.90618896484375,456.7689514160156,20250225-161952
3351,138,0,0.65234375,287.6533203125,1414.0419921875,391.8683166503906,743.14794921875,20250225-161952
3351,152,0,0.74560546875,254.12973022460938,1220.93310546875,228.90362548828125,499.7218933105469,20250225-161952
3351,102,0,0.89306640625,148.50262451171875,1.114471435546875,865.3577270507812,914.7704467773438,20250225-161952
3352,155,0,0.4560546875,297.1014709472656,1042.096435546875,84.10830688476562,217.75177001953125,20250225-161953
3352,156,0,0.56396484375,286.07806396484375,1430.630126953125,164.99468994140625,570.030517578125,20250225-161953
3352,138,0,0.5859375,331.37994384765625,1507.296875,307.4193420410156,718.5944213867188,20250225-161953
3352,154,0,0.60205078125,167.2495574951172,1139.626953125,103.74737548828125,444.977783203125,20250225-161953
3352,153,0,0.62353515625,313.83795166015625,866.8174438476562,149.74832153320312,460.345947265625,20250225-161953
3352,152,0,0.712890625,297.3909912109375,1238.6025390625,211.38739013671875,489.703125,20250225-161953
3352,102,0,0.87939453125,200.77737426757812,5.09637451171875,865.8572387695312,862.70654296875,20250225-161953
3353,155,0,0.285400390625,339.30865478515625,1049.52587890625,89.3594970703125,223.3506622314453,20250225-161953
3353,156,0,0.301513671875,333.4090270996094,1440.70166015625,173.6964111328125,584.6836547851562,20250225-161953
3353,154,0,0.30322265625,213.08206176757812,1159.08349609375,102.8946533203125,327.01861572265625,20250225-161953
3353,153,0,0.382080078125,356.02972412109375,896.3519897460938,138.74111938476562,238.29791259765625,20250225-161953
3353,138,0,0.67333984375,379.4152526855469,1492.9310302734375,358.783447265625,685.0526733398438,20250225-161953
3353,102,0,0.75341796875,236.06332397460938,19.3809814453125,907.4511108398438,825.7002563476562,20250225-161953
3353,152,0,0.7822265625,342.8926696777344,1262.82666015625,203.88116455078125,489.1397399902344,20250225-161953
3354,154,0,0.24365234375,367.7742919921875,1180.796142578125,150.34625244140625,334.4809875488281,20250225-161953
3354,153,0,0.34521484375,413.1969299316406,919.7122192382812,126.3101806640625,218.50604248046875,20250225-161953
3354,138,0,0.61962890625,444.3585205078125,1491.4384765625,400.99951171875,624.3760375976562,20250225-161953
3354,102,0,0.70751953125,283.7765197753906,7.537353515625,976.590087890625,778.822021484375,20250225-161953
3354,152,0,0.74560546875,411.0351867675781,1287.433349609375,196.28768920898438,480.7562255859375,20250225-161953
3355,156,0,0.206298828125,453.2603759765625,1438.0440673828125,227.0068359375,587.141845703125,20250225-161953
3355,154,0,0.2783203125,313.99853515625,1211.7469482421875,103.02713012695312,248.07138061523438,20250225-161953
3355,151,0,0.319091796875,319.4913635253906,141.48431396484375,524.4468383789062,640.881103515625,20250225-161953
3355,153,0,0.337158203125,499.4410400390625,1012.8986206054688,82.142578125,160.85220336914062,20250225-161953
3355,138,0,0.62158203125,499.99261474609375,1511.3221435546875,406.2568359375,572.0975952148438,20250225-161953
3355,102,0,0.6669921875,342.0680847167969,364.04937744140625,665.4033203125,722.7155151367188,20250225-161953
3355,152,0,0.7099609375,463.235107421875,1317.300048828125,195.59756469726562,464.428466796875,20250225-161953
3356,156,0,0.25390625,503.7646789550781,1469.854736328125,214.49185180664062,570.6810302734375,20250225-161953
3356,154,0,0.276611328125,362.7505187988281,1232.62890625,107.75701904296875,237.88897705078125,20250225-161953
3356,151,0,0.2783203125,524.476318359375,14.786407470703125,302.3827209472656,410.2205810546875,20250225-161953
3356,102,0,0.607421875,388.13580322265625,411.8788146972656,652.4423217773438,678.031005859375,20250225-161953
3356,138,0,0.638671875,545.288818359375,1551.6654052734375,367.81072998046875,528.3912963867188,20250225-161953
3356,152,0,0.76708984375,506.1800537109375,1343.06201171875,188.224365234375,493.8915710449219,20250225-161953
3357,156,0,0.25830078125,541.4378662109375,1498.9578857421875,215.95889282226562,535.6881713867188,20250225-161953
3357,154,0,0.306640625,405.5085144042969,1255.9970703125,107.1258544921875,232.91015625,20250225-161953
3357,114,0,0.33642578125,699.1331176757812,0.8652763366699219,117.02474212646484,353.0740661621094,20250225-161953
3357,153,0,0.349609375,575.58349609375,1051.2734375,74.39089965820312,170.90109252929688,20250225-161953
3357,151,0,0.454345703125,544.8630981445312,87.2735366821289,282.2276916503906,429.0592956542969,20250225-161953
3357,138,0,0.56005859375,588.793212890625,1591.3326416015625,328.6673583984375,488.27001953125,20250225-161953
3357,102,0,0.56689453125,410.2118835449219,431.70501708984375,659.769287109375,656.5830688476562,20250225-161953
3357,152,0,0.71484375,544.8463745117188,1349.3580322265625,207.3262939453125,486.5216064453125,20250225-161953
3358,158,0,0.223388671875,568.5046997070312,1163.1851806640625,159.00375366210938,308.78790283203125,20250225-161953
3358,156,0,0.2337646484375,583.4500122070312,1566.6976318359375,99.16534423828125,154.5533447265625,20250225-161953
3358,153,0,0.325927734375,602.9408569335938,1076.19287109375,115.99392700195312,166.12753295898438,20250225-161953
3358,114,0,0.5322265625,683.0772094726562,1.0134086608886719,174.37083435058594,390.2267761230469,20250225-161953
3358,154,0,0.54296875,447.5555419921875,1272.0135498046875,116.35629272460938,227.20223999023438,20250225-161953
3358,151,0,0.55810546875,561.1173706054688,104.54393005371094,301.22015380859375,430.24322509765625,20250225-161953
3358,152,0,0.7001953125,583.0640258789062,1372.2301025390625,192.069580078125,468.95245361328125,20250225-161953
3358,138,0,0.76220703125,625.24609375,1529.4371337890625,390.5050048828125,449.0504455566406,20250225-161953
3358,102,0,0.86279296875,392.9937438964844,370.3934631347656,744.6773071289062,673.8096313476562,20250225-161953
3359,158,0,0.2281494140625,589.3397827148438,1166.7535400390625,160.13095092773438,317.9867248535156,20250225-161953
3359,154,0,0.39990234375,479.1195983886719,1275.591796875,134.35098266601562,316.63128662109375,20250225-161953
3359,114,0,0.5185546875,661.4780883789062,0.8181381225585938,169.41600036621094,410.77313232421875,20250225-161953
3359,151,0,0.64892578125,572.4309692382812,140.58421325683594,288.80364990234375,415.4219055175781,20250225-161953
3359,138,0,0.7333984375,651.9069213867188,1535.7734375,383.8985595703125,421.5725402832031,20250225-161953
3359,152,0,0.7431640625,616.1512451171875,1391.4656982421875,186.7939453125,461.10650634765625,20250225-161953
3359,102,0,0.8505859375,410.62518310546875,398.6410217285156,739.314697265625,657.9938354492188,20250225-161953
3360,158,0,0.376708984375,616.0556030273438,1196.20458984375,49.585235595703125,190.72317504882812,20250225-161953
3360,156,0,0.57470703125,651.4231567382812,1556.794921875,138.54620361328125,424.8581237792969,20250225-161953
3360,154,0,0.705078125,506.37298583984375,1300.890380859375,113.13162231445312,322.49755859375,20250225-161953
3360,152,0,0.74560546875,644.57177734375,1407.4713134765625,166.645751953125,434.6531677246094,20250225-161953
3360,114,0,0.759765625,644.4119873046875,1.698760986328125,184.12139892578125,428.42559814453125,20250225-161953
3360,151,0,0.783203125,582.0939331054688,158.16526794433594,307.7196350097656,411.1792907714844,20250225-161953
3360,138,0,0.79443359375,691.5851440429688,1651.6270751953125,268.3729248046875,382.8252868652344,20250225-161953
3360,102,0,0.8125,429.2086181640625,445.03021240234375,717.5459594726562,638.6677856445312,20250225-161953
3361,158,0,0.42333984375,647.99267578125,1177.73876953125,65.99835205078125,201.71087646484375,20250225-161953
3361,156,0,0.57470703125,696.7676391601562,1545.79541015625,139.494140625,380.60626220703125,20250225-161953
3361,154,0,0.62890625,543.3975219726562,1302.173828125,111.0596923828125,333.09698486328125,20250225-161953
3361,151,0,0.7138671875,598.8167114257812,184.99484252929688,370.96307373046875,435.8320617675781,20250225-161953
3361,138,0,0.77685546875,740.892578125,1636.6278076171875,283.3721923828125,335.9933166503906,20250225-161953
3361,152,0,0.77783203125,686.3653564453125,1402.981201171875,165.31182861328125,392.77874755859375,20250225-161953
3361,114,0,0.81298828125,636.38818359375,1.138641357421875,188.88143920898438,437.9725341796875,20250225-161953
3361,102,0,0.9072265625,447.257568359375,485.1470947265625,699.1490478515625,621.4443359375,20250225-161953
3362,154,0,0.4931640625,583.5993041992188,1301.63134765625,109.82418823242188,248.9518280029297,20250225-161953
3362,156,0,0.5380859375,741.8724365234375,1533.2154541015625,146.39712524414062,333.330078125,20250225-161953
3362,152,0,0.59814453125,727.2039184570312,1383.0,187.12005615234375,347.3460693359375,20250225-161953
3362,138,0,0.62158203125,785.3187255859375,1624.1151123046875,295.8848876953125,290.8804626464844,20250225-161953
3362,151,0,0.775390625,617.1033935546875,194.5455322265625,347.8885803222656,406.1488037109375,20250225-161953
3362,114,0,0.841796875,632.3728637695312,1.3744583129882812,203.5586700439453,441.1580810546875,20250225-161953
3362,102,0,0.87841796875,467.19427490234375,503.6097412109375,708.8357543945312,602.6903686523438,20250225-161953
3363,158,0,0.2049560546875,761.8575439453125,1240.9573974609375,155.24029541015625,269.7112731933594,20250225-161953
3363,156,0,0.25537109375,785.4723510742188,1529.6744384765625,140.7586669921875,245.03451538085938,20250225-161953
3363,152,0,0.351318359375,766.99658203125,1309.3861083984375,239.0321044921875,184.85157775878906,20250225-161953
3363,154,0,0.66259765625,622.2885131835938,1294.0194091796875,114.560302734375,225.82518005371094,20250225-161953
3363,138,0,0.8173828125,809.4306030273438,1521.7410888671875,396.7317810058594,267.9338073730469,20250225-161953
3363,151,0,0.85693359375,625.518798828125,191.02427673339844,357.06256103515625,410.2987976074219,20250225-161953
3363,114,0,0.85791015625,624.8304443359375,1.303070068359375,206.0038604736328,446.89019775390625,20250225-161953
3363,102,0,0.8935546875,479.05059814453125,525.2786865234375,701.7698364257812,590.8182983398438,20250225-161953
3364,156,0,0.30908203125,808.3187255859375,1578.8162841796875,70.4088134765625,81.65605163574219,20250225-161953
3364,154,0,0.73046875,644.279052734375,1248.722412109375,150.4844970703125,223.48696899414062,20250225-161953
3364,152,0,0.75634765625,781.2301635742188,1281.850830078125,252.979248046875,161.6543731689453,20250225-161953
3364,114,0,0.79296875,618.724609375,1.6194076538085938,207.76007080078125,455.1731872558594,20250225-161953
3364,138,0,0.82861328125,821.8565063476562,1508.5186767578125,409.9336853027344,255.79425048828125,20250225-161953
3364,151,0,0.8671875,626.1612548828125,186.04893493652344,353.80438232421875,408.0096130371094,20250225-161953
3364,102,0,0.890625,484.35321044921875,533.0407104492188,673.653076171875,586.9819946289062,20250225-161953
3365,154,0,0.421630859375,635.4498901367188,1259.826416015625,127.74435424804688,215.8925018310547,20250225-161953
3365,138,0,0.62255859375,813.07275390625,1593.437255859375,321.4163818359375,263.5152282714844,20250225-161953
3365,114,0,0.626953125,606.478759765625,0.7195587158203125,195.5284881591797,465.8282165527344,20250225-161953
3365,152,0,0.63623046875,774.6806030273438,1352.2313232421875,177.68453979492188,293.8803405761719,20250225-161953
3365,151,0,0.8359375,617.4005737304688,168.38461303710938,353.32342529296875,399.0112609863281,20250225-161953
3365,102,0,0.88134765625,477.839599609375,535.5331420898438,659.47705078125,591.9741821289062,20250225-161953
3366,152,0,0.352294921875,750.4908447265625,1306.355224609375,205.081787109375,312.34930419921875,20250225-161953
3366,154,0,0.650390625,616.973388671875,1226.29150390625,146.06460571289062,272.7769775390625,20250225-161953
3366,114,0,0.66552734375,579.4022827148438,0.9221649169921875,181.00254821777344,490.7220153808594,20250225-161953
3366,138,0,0.66796875,787.6033325195312,1559.761962890625,351.24041748046875,290.0604248046875,20250225-161953
3366,102,0,0.87451171875,454.1191101074219,517.2035522460938,679.0255737304688,615.4521484375,20250225-161953
3366,151,0,0.87890625,594.2449951171875,145.3264617919922,359.894775390625,401.0097351074219,20250225-161953
3367,138,0,0.28369140625,772.3555908203125,1432.80322265625,478.8218994140625,304.6311340332031,20250225-161953
3367,158,0,0.332763671875,736.6942138671875,1235.10986328125,230.46945190429688,166.08761596679688,20250225-161953
3367,152,0,0.35498046875,760.3041381835938,1478.852783203125,102.702392578125,138.6951904296875,20250225-161953
3367,114,0,0.64794921875,564.2310180664062,0.7288398742675781,173.96168518066406,504.3215637207031,20250225-161953
3367,154,0,0.77685546875,603.043212890625,1230.080322265625,120.10665893554688,208.5408477783203,20250225-161953
3367,151,0,0.83642578125,579.0866088867188,122.23030090332031,363.1017150878906,405.9647216796875,20250225-161953
3367,102,0,0.9013671875,426.93487548828125,506.22015380859375,693.67822265625,643.4221801757812,20250225-161953
3368,158,0,0.241455078125,723.3793334960938,1298.1134033203125,154.21224975585938,160.09320068359375,20250225-161953
3368,152,0,0.415771484375,746.7180786132812,1462.5908203125,96.04998779296875,147.0731201171875,20250225-161953
3368,138,0,0.4716796875,751.1090087890625,1499.3631591796875,390.087890625,325.65380859375,20250225-161953
3368,154,0,0.673828125,592.9238891601562,1214.80126953125,121.0858154296875,207.1732177734375,20250225-161953
3368,114,0,0.7138671875,555.6621704101562,0.9551239013671875,146.67083740234375,512.1328735351562,20250225-161953
3368,151,0,0.84326171875,568.2921752929688,105.70179748535156,367.676025390625,410.23291015625,20250225-161953
3368,102,0,0.88623046875,408.46514892578125,504.12890625,693.16845703125,662.2098388671875,20250225-161953
3369,152,0,0.310791015625,731.1293334960938,1446.9481201171875,92.55816650390625,137.26927185058594,20250225-161953
3369,158,0,0.451416015625,712.22607421875,1216.689208984375,212.8560791015625,153.1362762451172,20250225-161953
3369,138,0,0.5078125,739.6509399414062,1466.188232421875,387.9081115722656,338.0952453613281,20250225-161953
3369,154,0,0.7548828125,579.346435546875,1195.502685546875,129.94931030273438,227.07925415039062,20250225-161953
3369,114,0,0.791015625,544.02294921875,0.5805473327636719,146.6877899169922,524.2857055664062,20250225-161953
3369,102,0,0.84765625,392.3612976074219,466.67596435546875,729.6395874023438,678.0579223632812,20250225-161953
3369,151,0,0.89404296875,556.274169921875,93.22457885742188,363.05584716796875,406.5804748535156,20250225-161953
3370,152,0,0.4111328125,726.4993286132812,1438.891357421875,87.74478149414062,134.50286865234375,20250225-161953
3370,138,0,0.6103515625,734.2384643554688,1420.3001708984375,384.5148010253906,343.2197570800781,20250225-161953
3370,158,0,0.78076171875,703.9606323242188,1177.676025390625,245.35638427734375,161.95907592773438,20250225-161953
3370,114,0,0.8173828125,542.4651489257812,0.9799003601074219,148.50144958496094,528.1767578125,20250225-161953
3370,154,0,0.8291015625,574.398681640625,1190.87353515625,131.2056884765625,226.70579528808594,20250225-161953
3370,102,0,0.86474609375,377.51513671875,367.6072082519531,832.1510009765625,693.3169555664062,20250225-161953
3370,151,0,0.89892578125,546.147705078125,87.07456970214844,364.7493896484375,412.0396728515625,20250225-161953
3371,152,0,0.48046875,731.194580078125,1441.823486328125,90.10226440429688,131.05238342285156,20250225-161953
3371,158,0,0.65380859375,710.0031127929688,1171.9453125,248.77450561523438,158.64016723632812,20250225-161953
3371,138,0,0.66015625,739.27001953125,1431.166015625,432.7953186035156,337.570556640625,20250225-161953
3371,154,0,0.802734375,577.610595703125,1194.0706787109375,134.92062377929688,218.81495666503906,20250225-161953
3371,102,0,0.83447265625,376.93524169921875,394.4952392578125,813.4896240234375,695.7840576171875,20250225-161953
3371,114,0,0.83642578125,539.3190307617188,0.5780868530273438,160.74444580078125,530.39794921875,20250225-161953
3371,151,0,0.88916015625,546.3219604492188,92.49554443359375,363.6849060058594,411.160400390625,20250225-161953
3372,152,0,0.57080078125,742.8682250976562,1449.63916015625,93.517822265625,147.3832244873047,20250225-161953
3372,158,0,0.57470703125,716.9097290039062,1200.6553955078125,236.222900390625,165.10751342773438,20250225-161953
3372,138,0,0.751953125,749.9954223632812,1404.20849609375,503.6637268066406,325.8544006347656,20250225-161953
3372,154,0,0.767578125,586.6005859375,1199.041015625,142.62734985351562,213.5340576171875,20250225-161953
3372,102,0,0.775390625,380.3338928222656,462.40447998046875,767.1822509765625,691.2345581054688,20250225-161953
3372,114,0,0.830078125,524.39892578125,0.7082748413085938,174.6972198486328,547.15625,20250225-161953
3372,151,0,0.87109375,549.8571166992188,102.49589538574219,367.25823974609375,408.0081787109375,20250225-161953
3373,152,0,0.5263671875,756.1401977539062,1463.607177734375,91.84149169921875,135.8928985595703,20250225-161953
3373,158,0,0.693359375,727.7045288085938,1208.375732421875,243.189697265625,163.43450927734375,20250225-161953
3373,154,0,0.71875,598.00927734375,1226.796142578125,132.65716552734375,201.16558837890625,20250225-161953
3373,138,0,0.73876953125,763.9049682617188,1432.980224609375,483.64013671875,312.6490173339844,20250225-161953
3373,102,0,0.86669921875,392.4230651855469,547.1731567382812,695.8436279296875,677.2046508789062,20250225-161953
3373,114,0,0.86669921875,514.4608764648438,0.9204483032226562,200.29629516601562,555.0361938476562,20250225-161953
3373,151,0,0.8837890625,553.7091064453125,117.05136108398438,364.22735595703125,405.7027282714844,20250225-161953
3374,152,0,0.67236328125,760.7613525390625,1473.52783203125,91.53094482421875,127.69812774658203,20250225-161953
3374,138,0,0.77197265625,771.2670288085938,1441.4532470703125,474.8202209472656,304.7046203613281,20250225-161953
3374,154,0,0.7841796875,605.2222290039062,1247.1632080078125,128.83419799804688,202.61810302734375,20250225-161953
3374,158,0,0.81396484375,735.6795654296875,1210.13232421875,243.36044311523438,152.1866455078125,20250225-161953
3374,102,0,0.86572265625,395.64654541015625,413.26080322265625,850.5045776367188,674.4410400390625,20250225-161953
3374,114,0,0.86962890625,507.766357421875,1.0946044921875,207.3138885498047,562.104736328125,20250225-161953
3374,151,0,0.8935546875,553.8887939453125,127.98399353027344,363.6005859375,408.3255920410156,20250225-161953
3375,152,0,0.62158203125,755.2743530273438,1477.5516357421875,92.62060546875,145.2038116455078,20250225-161953
3375,138,0,0.71630859375,766.2045288085938,1522.6534423828125,396.7679443359375,310.5042724609375,20250225-161953
3375,154,0,0.73388671875,600.1357421875,1241.1435546875,145.62588500976562,205.37721252441406,20250225-161953
3375,158,0,0.7744140625,730.2083740234375,1215.051025390625,254.04345703125,165.4502410888672,20250225-161953
3375,102,0,0.84765625,383.215576171875,435.7174072265625,836.5574340820312,686.09619140625,20250225-161953
3375,114,0,0.88623046875,500.07464599609375,0.9095306396484375,214.66900634765625,569.201171875,20250225-161953
3375,151,0,0.88623046875,548.9337768554688,126.40402221679688,368.80059814453125,404.05499267578125,20250225-161953
3376,158,0,0.4560546875,712.5523681640625,1299.242919921875,177.89080810546875,204.2615966796875,20250225-161953
3376,152,0,0.48046875,740.2771606445312,1473.4163818359375,96.5357666015625,160.50347900390625,20250225-161953
3376,154,0,0.5263671875,585.515869140625,1222.926513671875,167.27435302734375,272.9879455566406,20250225-161953
3376,138,0,0.681640625,753.185546875,1520.5003662109375,384.7149353027344,319.5486755371094,20250225-161953
3376,102,0,0.81103515625,378.6146545410156,516.76025390625,758.1383056640625,690.2486572265625,20250225-161953
3376,114,0,0.84765625,503.14727783203125,1.275604248046875,210.49571228027344,566.4893798828125,20250225-161953
3376,151,0,0.8994140625,541.222412109375,108.75938415527344,388.35968017578125,399.6637268066406,20250225-161953
3377,154,0,0.262939453125,547.2608642578125,1257.4749755859375,125.0614013671875,271.1778564453125,20250225-161953
3377,152,0,0.448486328125,687.0281982421875,1417.171875,160.07080078125,388.7803649902344,20250225-161953
3377,158,0,0.58056640625,674.5469970703125,1287.8690185546875,159.63629150390625,375.2938232421875,20250225-161953
3377,102,0,0.73046875,370.77191162109375,501.40802001953125,735.2903442382812,698.7855834960938,20250225-161953
3377,114,0,0.7529296875,526.776123046875,0.8652763366699219,189.00897216796875,544.214111328125,20250225-161953
3377,138,0,0.763671875,716.9066772460938,1523.5997314453125,367.0616455078125,357.8094177246094,20250225-161953
3377,151,0,0.8291015625,520.3634033203125,70.527099609375,408.5008850097656,396.4593200683594,20250225-161953
3378,154,0,0.2049560546875,495.1144104003906,1238.319580078125,127.9947509765625,283.30108642578125,20250225-161953
3378,152,0,0.36376953125,636.2446899414062,1400.13134765625,191.02587890625,439.244384765625,20250225-161953
3378,114,0,0.37744140625,551.3406372070312,0.7442550659179688,166.69439697265625,515.9200439453125,20250225-161953
3378,102,0,0.53125,332.9765625,426.7455139160156,790.6431884765625,734.9711303710938,20250225-161953
3378,158,0,0.71923828125,621.9047241210938,1272.3050537109375,157.68777465820312,409.70428466796875,20250225-161953
3378,138,0,0.7470703125,666.9501342773438,1484.3975830078125,385.6962890625,409.2492980957031,20250225-161953
3378,151,0,0.7626953125,479.22003173828125,18.67401123046875,441.0971374511719,409.4971923828125,20250225-161953
3379,114,0,0.38671875,754.6531372070312,0.6119041442871094,141.2385711669922,317.33905029296875,20250225-161953
3379,152,0,0.42626953125,593.92822265625,1379.577880859375,192.1571044921875,483.3712158203125,20250225-161953
3379,154,0,0.4736328125,454.7237854003906,1209.39892578125,142.3575439453125,277.830322265625,20250225-161953
3379,158,0,0.69091796875,570.6322021484375,1251.482421875,174.44906616210938,419.3011169433594,20250225-161953
3379,102,0,0.822265625,296.3276062011719,249.79751586914062,947.168701171875,773.1132202148438,20250225-161953
3379,138,0,0.82373046875,621.4439086914062,1457.98828125,390.0992431640625,452.0274963378906,20250225-161953
3379,151,0,0.890625,457.2469482421875,0.1278533935546875,439.9045715332031,411.9128112792969,20250225-161953
3380,154,0,0.323486328125,417.730224609375,1171.379150390625,166.40872192382812,278.01812744140625,20250225-161953
3380,158,0,0.5439453125,514.1204833984375,1233.904296875,175.6380615234375,444.3331604003906,20250225-161953
3380,102,0,0.6806640625,270.711181640625,323.2704162597656,849.22998046875,799.5604248046875,20250225-161953
3380,138,0,0.71875,585.1366577148438,1458.8519287109375,370.3724670410156,485.4937438964844,20250225-161953
3380,151,0,0.81884765625,435.6937255859375,0.691864013671875,507.9450988769531,494.0383605957031,20250225-161953
3381,158,0,0.513671875,467.2777099609375,1192.626708984375,191.59725952148438,425.8105163574219,20250225-161953
3381,138,0,0.6376953125,545.9140014648438,1400.11669921875,412.7244873046875,522.21337890625,20250225-161953
3381,102,0,0.736328125,238.70054626464844,178.42840576171875,962.4281616210938,828.80712890625,20250225-161953
3381,151,0,0.83837890625,402.499755859375,0.1278533935546875,469.1283874511719,502.7420959472656,20250225-161953
3382,158,0,0.56396484375,424.3225402832031,1183.0009765625,191.82110595703125,365.4147033691406,20250225-161954
3382,138,0,0.65771484375,503.86614990234375,1349.726806640625,437.3056640625,556.4817504882812,20250225-161954
3382,102,0,0.66455078125,209.45126342773438,13.110626220703125,1113.9107666015625,859.48046875,20250225-161954
3382,151,0,0.86767578125,368.8680419921875,0.25579833984375,412.64752197265625,505.6133117675781,20250225-161954
3383,154,0,0.525390625,381.5126953125,1143.6661376953125,211.79782104492188,356.0160827636719,20250225-161954
3383,138,0,0.65380859375,463.6033020019531,1286.8941650390625,467.672607421875,555.0700073242188,20250225-161954
3383,102,0,0.69677734375,177.5915069580078,18.00439453125,1075.4146728515625,891.009765625,20250225-161954
3383,151,0,0.84375,338.7882385253906,0.0,360.40667724609375,510.9245910644531,20250225-161954
3384,151,0,0.226806640625,318.8299255371094,0.5820121765136719,115.9083480834961,233.2509002685547,20250225-161954
3384,154,0,0.405517578125,346.5291442871094,1071.9296875,256.7947998046875,271.0052490234375,20250225-161954
3384,159,0,0.46875,395.9924011230469,1306.14453125,99.43524169921875,151.7830810546875,20250225-161954
3384,160,0,0.7177734375,427.7816162109375,1676.154541015625,242.7103271484375,286.21490478515625,20250225-161954
3384,138,0,0.751953125,427.67828369140625,1259.5806884765625,467.4210205078125,555.5454711914062,20250225-161954
3384,102,0,0.75830078125,182.33966064453125,19.584136962890625,1015.529541015625,885.9237670898438,20250225-161954
3385,154,0,0.24365234375,337.88555908203125,1038.740966796875,229.39105224609375,353.6785583496094,20250225-161954
3385,159,0,0.267333984375,366.67999267578125,1259.00830078125,103.59878540039062,142.4434051513672,20250225-161954
3385,155,0,0.37744140625,233.10275268554688,1005.5377807617188,214.09799194335938,261.66119384765625,20250225-161954
3385,138,0,0.7099609375,394.27752685546875,1247.6729736328125,435.2567138671875,553.244384765625,20250225-161954
3385,160,0,0.7392578125,392.8905029296875,1640.462890625,278.4052734375,282.3776550292969,20250225-161954
3385,102,0,0.8232421875,163.61912536621094,11.5667724609375,990.5864868164062,904.8662719726562,20250225-161954
3386,154,0,0.290283203125,325.58953857421875,1000.4756469726562,229.58834838867188,252.7577362060547,20250225-161954
3386,155,0,0.346923828125,217.3387451171875,982.6638793945312,211.55081176757812,235.08810424804688,20250225-161954
3386,160,0,0.6318359375,365.32098388671875,1601.498291015625,316.2967529296875,273.6778869628906,20250225-161954
3386,138,0,0.64697265625,373.5893249511719,1187.230712890625,443.56585693359375,532.4414672851562,20250225-161954
3386,102,0,0.80126953125,155.66357421875,12.896209716796875,932.7196655273438,910.7735595703125,20250225-161954
3387,154,0,0.361083984375,273.5052185058594,937.0623779296875,247.23165893554688,298.339599609375,20250225-161954
3387,160,0,0.4833984375,340.7683410644531,1544.9322509765625,371.35235595703125,279.96478271484375,20250225-161954
3387,138,0,0.64599609375,358.07806396484375,1131.5849609375,431.5250244140625,542.3462524414062,20250225-161954
3387,102,0,0.7880859375,177.73802185058594,3.22686767578125,856.6461181640625,885.2869873046875,20250225-161954
3388,154,0,0.2049560546875,279.3921813964844,896.2875366210938,227.52621459960938,285.7665100097656,20250225-161954
3388,160,0,0.4990234375,321.2061462402344,1485.88916015625,432.71630859375,525.4686279296875,20250225-161954
3388,138,0,0.796875,346.4037170410156,1063.385986328125,428.004638671875,528.1481323242188,20250225-161954
3388,102,0,0.8193359375,208.68238830566406,1.70233154296875,798.3431396484375,854.5857543945312,20250225-161954
3389,160,0,0.253173828125,294.54559326171875,1418.8682861328125,237.19180297851562,269.62664794921875,20250225-161954
3389,154,0,0.259765625,260.8461608886719,834.9552612304688,229.74343872070312,296.8638000488281,20250225-161954
3389,138,0,0.71240234375,331.8472900390625,1017.13916015625,417.9804382324219,517.373291015625,20250225-161954
3389,102,0,0.8056640625,176.04603576660156,0.832489013671875,710.5061645507812,887.5450439453125,20250225-161954
3390,134,0,0.2568359375,174.9519500732422,746.009033203125,188.42047119140625,262.7472229003906,20250225-161954
3390,160,0,0.416748046875,275.3309326171875,1350.7159423828125,221.73321533203125,263.51788330078125,20250225-161954
3390,138,0,0.76953125,315.2547607421875,949.185791015625,426.5008850097656,520.62158203125,20250225-161954
3390,102,0,0.84033203125,201.01547241210938,1.1675262451171875,623.4784545898438,861.6024169921875,20250225-161954
3391,160,0,0.267333984375,255.41049194335938,1261.031982421875,304.7940673828125,275.60491943359375,20250225-161954
3391,134,0,0.271240234375,243.13284301757812,705.8479614257812,233.40234375,292.6443786621094,20250225-161954
3391,138,0,0.66357421875,305.5014343261719,910.1297607421875,406.1717834472656,458.4902038574219,20250225-161954
3391,102,0,0.8681640625,231.00677490234375,1.4810028076171875,543.9354248046875,833.2728881835938,20250225-161954
3392,154,0,0.33203125,155.83135986328125,645.828369140625,196.7764892578125,257.08154296875,20250225-161954
3392,160,0,0.388671875,245.83111572265625,1240.177490234375,366.51763916015625,336.56256103515625,20250225-161954
3392,134,0,0.39892578125,277.2395324707031,666.0353393554688,230.22198486328125,246.8806610107422,20250225-161954
3392,138,0,0.69677734375,294.0658874511719,860.445556640625,414.8434753417969,521.7191772460938,20250225-161954
3392,102,0,0.85302734375,235.74240112304688,2.0699615478515625,478.6348571777344,826.9371337890625,20250225-161954
3393,134,0,0.2322998046875,233.8125,616.3377685546875,237.9876708984375,400.8840026855469,20250225-161954
3393,152,0,0.29833984375,611.1452026367188,1421.9385986328125,496.7335510253906,452.9275207519531,20250225-161954
3393,154,0,0.306640625,140.7112579345703,603.2070922851562,188.57354736328125,266.0150451660156,20250225-161954
3393,138,0,0.39892578125,282.89794921875,821.1381225585938,398.9058837890625,503.25494384765625,20250225-161954
3393,160,0,0.470703125,233.36805725097656,1165.3721923828125,410.345947265625,335.9132385253906,20250225-161954
3393,102,0,0.79638671875,226.88552856445312,2.022491455078125,408.8654479980469,833.4536743164062,20250225-161954
3394,134,0,0.306640625,246.04209899902344,563.9708862304688,252.0831298828125,351.9921569824219,20250225-161954
3394,154,0,0.4736328125,117.48697662353516,560.9742431640625,175.169677734375,276.9949951171875,20250225-161954
3394,152,0,0.5009765625,253.8224639892578,1382.62353515625,535.890380859375,808.0059814453125,20250225-161954
3394,138,0,0.583984375,266.0047607421875,771.4169311523438,406.7994689941406,514.188232421875,20250225-161954
3394,160,0,0.8076171875,217.16494750976562,1121.06494140625,412.4691467285156,343.7819519042969,20250225-161954
3394,102,0,0.82763671875,233.6549072265625,1.8485641479492188,343.07855224609375,829.4879150390625,20250225-161954
3395,134,0,0.490234375,231.18460083007812,520.4408569335938,250.75799560546875,445.76220703125,20250225-161954
3395,152,0,0.609375,211.12005615234375,1346.9510498046875,571.5408935546875,852.0023803710938,20250225-161954
3395,154,0,0.61767578125,100.44662475585938,527.99072265625,175.16583251953125,269.63555908203125,20250225-161954
3395,138,0,0.640625,250.8740692138672,779.786865234375,355.0655822753906,457.4923400878906,20250225-161954
3395,160,0,0.744140625,200.70880126953125,1097.6259765625,423.59527587890625,343.58221435546875,20250225-161954
3395,102,0,0.798828125,236.11541748046875,1.8834457397460938,297.22967529296875,826.1607055664062,20250225-161954
3396,151,0,0.26513671875,252.67710876464844,83.61062622070312,197.5857696533203,262.07391357421875,20250225-161954
3396,134,0,0.280517578125,216.99571228027344,501.86370849609375,252.36241149902344,298.533203125,20250225-161954
3396,161,0,0.474609375,68.85728454589844,1335.125244140625,98.91073608398438,224.40943908691406,20250225-161954
3396,102,0,0.56103515625,229.8487548828125,1.58404541015625,239.9278106689453,831.27392578125,20250225-161954
3396,138,0,0.56591796875,232.2704620361328,706.6851196289062,417.63079833984375,515.2807006835938,20250225-161954
3396,154,0,0.6416015625,82.34178924560547,485.53228759765625,185.90386962890625,274.0954895019531,20250225-161954
3396,160,0,0.7958984375,186.4122314453125,1080.47021484375,473.165771484375,346.14581298828125,20250225-161954
3396,152,0,0.873046875,183.82049560546875,1311.1260986328125,606.3111572265625,878.8975219726562,20250225-161954
3397,102,0,0.42626953125,547.3256225585938,0.55682373046875,195.00892639160156,515.8652954101562,20250225-161954
3397,151,0,0.447509765625,236.88995361328125,39.37596130371094,212.97349548339844,260.9556884765625,20250225-161954
3397,138,0,0.4814453125,213.85659790039062,538.718994140625,563.190673828125,699.2411499023438,20250225-161954
3397,154,0,0.4853515625,58.78556823730469,463.53515625,172.79795837402344,272.86712646484375,20250225-161954
3397,134,0,0.515625,186.3736114501953,474.93145751953125,263.13116455078125,400.60650634765625,20250225-161954
3397,161,0,0.5263671875,44.3547477722168,1306.08349609375,102.91241455078125,227.62220764160156,20250225-161954
3397,160,0,0.7177734375,164.3750762939453,1052.0526123046875,431.2356262207031,358.1993713378906,20250225-161954
3397,152,0,0.86865234375,164.76873779296875,1275.1575927734375,641.4278564453125,897.8639526367188,20250225-161954
3398,114,0,0.306640625,683.7001342773438,0.8747291564941406,138.98895263671875,341.49334716796875,20250225-161954
3398,151,0,0.45703125,223.4585723876953,0.88861083984375,212.04629516601562,274.7531433105469,20250225-161954
3398,161,0,0.48828125,26.371864318847656,1289.465576171875,94.852294921875,220.44712829589844,20250225-161954
3398,134,0,0.4921875,175.75770568847656,439.2241516113281,256.0780334472656,400.45782470703125,20250225-161954
3398,154,0,0.56884765625,39.577152252197266,436.9556579589844,175.54385375976562,264.5197448730469,20250225-161954
3398,138,0,0.59716796875,193.94593811035156,670.1363525390625,409.374755859375,515.0623779296875,20250225-161954
3398,162,0,0.7177734375,192.06057739257812,156.70912170410156,239.09559631347656,260.52960205078125,20250225-161954
3398,160,0,0.7900390625,145.7092742919922,1028.5889892578125,483.47589111328125,346.6868896484375,20250225-161954
3398,152,0,0.84228515625,126.82600402832031,1242.427001953125,675.78662109375,933.8611450195312,20250225-161954
3399,164,0,0.2330322265625,161.75376892089844,646.7894287109375,95.46249389648438,142.5209503173828,20250225-161954
3399,161,0,0.248046875,13.442695617675781,1263.353515625,92.00289916992188,214.13868713378906,20250225-161954
3399,114,0,0.333740234375,712.5529174804688,0.57293701171875,96.95500946044922,345.7525329589844,20250225-161954
3399,134,0,0.362060546875,165.6016082763672,423.8890686035156,224.52767944335938,259.9130859375,20250225-161954
3399,162,0,0.4677734375,178.5716094970703,121.68374633789062,234.494384765625,260.397216796875,20250225-161954
3399,163,0,0.4697265625,104.24562072753906,1423.9661865234375,265.4447021484375,426.5863342285156,20250225-161954
3399,138,0,0.48828125,180.55712890625,645.9915771484375,389.91302490234375,466.5987243652344,20250225-161954
3399,154,0,0.58984375,26.048776626586914,389.916259765625,190.45193481445312,284.3656005859375,20250225-161954
3399,160,0,0.705078125,128.78887939453125,990.8849487304688,475.8468017578125,351.7449035644531,20250225-161954
3399,151,0,0.7294921875,208.36703491210938,0.10328292846679688,170.82574462890625,272.037109375,20250225-161954
3399,152,0,0.89306640625,81.33873748779297,1210.6904296875,707.5257568359375,980.666259765625,20250225-161954
3400,114,0,0.202392578125,537.1403198242188,0.40294647216796875,61.627750396728516,319.2834777832031,20250225-161954
3400,161,0,0.2486572265625,6.205708980560303,1232.7769775390625,87.23886108398438,203.6869354248047,20250225-161954
3400,164,0,0.382080078125,143.6680450439453,612.6879272460938,95.18009948730469,139.6629180908203,20250225-161954
3400,151,0,0.43115234375,196.69801330566406,0.3653984069824219,130.44540405273438,266.6595458984375,20250225-161954
3400,154,0,0.453369140625,5.691647529602051,357.500244140625,177.80612182617188,274.0672302246094,20250225-161954
3400,163,0,0.5009765625,93.33499145507812,1395.6646728515625,254.41552734375,415.3734130859375,20250225-161954
3400,162,0,0.544921875,161.7696533203125,75.24038696289062,259.0760192871094,265.80926513671875,20250225-161954
3400,134,0,0.57666015625,143.54495239257812,390.7422180175781,255.83811950683594,396.07275390625,20250225-161954
3400,138,0,0.625,162.54562377929688,623.0643310546875,402.368408203125,475.9574279785156,20250225-161954
3400,160,0,0.8115234375,116.87641906738281,971.0701904296875,422.6597900390625,348.1851806640625,20250225-161954
3400,152,0,0.91650390625,58.44057083129883,1178.2569580078125,738.366943359375,1006.3799438476562,20250225-161954
3401,164,0,0.2568359375,124.41436004638672,578.590087890625,96.27584838867188,141.59188842773438,20250225-161954
3401,154,0,0.27978515625,3.578066825866699,309.7978820800781,183.43927001953125,292.8930969238281,20250225-161954
3401,163,0,0.43212890625,78.99324035644531,1351.2352294921875,267.4874267578125,415.1452331542969,20250225-161954
3401,160,0,0.443603515625,96.66304016113281,936.216064453125,415.4616394042969,345.0809020996094,20250225-161954
3401,162,0,0.53125,146.58087158203125,79.90127563476562,197.87979125976562,263.5632019042969,20250225-161954
3401,134,0,0.541015625,124.75636291503906,341.1740417480469,253.26852416992188,396.4571533203125,20250225-161954
3401,138,0,0.60107421875,143.65724182128906,593.8742065429688,397.96966552734375,484.8177490234375,20250225-161954
3401,152,0,0.90966796875,44.10341262817383,1151.0859375,767.0914306640625,1018.1063842773438,20250225-161954
3402,164,0,0.260498046875,110.65667724609375,541.93701171875,92.96749877929688,143.3872528076172,20250225-161954
3402,162,0,0.373046875,123.94839477539062,0.36215972900390625,235.6351776123047,288.16290283203125,20250225-161954
3402,163,0,0.4716796875,73.8811264038086,1205.484375,377.1287841796875,404.4325866699219,20250225-161954
3402,134,0,0.5068359375,107.62610626220703,290.35302734375,292.6436462402344,490.4249267578125,20250225-161954
3402,138,0,0.6162109375,129.95372009277344,554.2963256835938,385.9351501464844,480.4867248535156,20250225-161954
3402,160,0,0.71875,86.64248657226562,911.08251953125,300.72674560546875,298.24835205078125,20250225-161954
3402,152,0,0.91748046875,46.50890350341797,1116.7752685546875,800.7138061523438,1017.5890502929688,20250225-161954
3403,134,0,0.359375,81.20982360839844,238.18309020996094,274.21484375,471.9552307128906,20250225-161954
3403,162,0,0.36376953125,109.30216217041016,0.0,185.69863891601562,278.8783264160156,20250225-161954
3403,160,0,0.43212890625,81.03607177734375,886.2286376953125,307.8541259765625,310.4066467285156,20250225-161954
3403,138,0,0.6533203125,122.29671478271484,514.0638427734375,372.383056640625,485.0232849121094,20250225-161954
3403,163,0,0.67236328125,73.78795623779297,1180.98828125,363.88092041015625,399.0427551269531,20250225-161954
3403,152,0,0.916015625,45.37456512451172,1084.141845703125,833.181884765625,1018.8336181640625,20250225-161954
3404,162,0,0.2088623046875,92.35484313964844,0.27417755126953125,132.66799926757812,276.73712158203125,20250225-161954
3404,164,0,0.2486572265625,83.6064224243164,462.68841552734375,95.50396728515625,146.2781524658203,20250225-161954
3404,134,0,0.440673828125,79.89815521240234,182.20481872558594,300.6601867675781,420.8568420410156,20250225-161954
3404,163,0,0.4853515625,68.11724853515625,1256.047119140625,252.164794921875,401.6091003417969,20250225-161954
3404,138,0,0.65234375,101.59246826171875,483.8818359375,398.2327880859375,507.06329345703125,20250225-161954
3404,160,0,0.73388671875,66.44843292236328,827.6273803710938,420.3983459472656,356.6004638671875,20250225-161954
3404,152,0,0.91748046875,29.688148498535156,1063.9317626953125,850.8521118164062,1030.8321533203125,20250225-161954
3405,164,0,0.289306640625,67.4569320678711,415.9295654296875,100.61293029785156,154.3800506591797,20250225-161954
3405,134,0,0.418701171875,63.86103820800781,144.79257202148438,282.90838623046875,505.16064453125,20250225-161954
3405,163,0,0.42333984375,57.83091735839844,1123.1231689453125,370.11566162109375,396.7540283203125,20250225-161954
3405,138,0,0.49609375,89.52930450439453,395.7867736816406,406.6236877441406,584.0038452148438,20250225-161954
3405,160,0,0.72509765625,57.110408782958984,802.1453247070312,396.08935546875,361.033447265625,20250225-161954
3405,152,0,0.90673828125,19.173288345336914,1022.1156005859375,893.6141967773438,1041.797607421875,20250225-161954
3406,154,0,0.345947265625,59.87818145751953,352.9871520996094,135.334716796875,273.28240966796875,20250225-161954
3406,134,0,0.45703125,55.86861038208008,107.99256134033203,271.85394287109375,554.2625122070312,20250225-161954
3406,138,0,0.505859375,83.8799057006836,380.02606201171875,394.74517822265625,575.2206420898438,20250225-161954
3406,163,0,0.57275390625,55.67716598510742,1094.04638671875,373.4389343261719,398.99298095703125,20250225-161954
3406,160,0,0.57763671875,51.19527053833008,786.131103515625,368.6190490722656,359.5108642578125,20250225-161954
3406,152,0,0.90576171875,15.680837631225586,1013.0960083007812,902.6200561523438,1046.21435546875,20250225-161954
3407,154,0,0.2421875,57.17954635620117,322.59027099609375,127.43893432617188,278.0074462890625,20250225-161954
3407,163,0,0.376708984375,51.36005401611328,1068.5181884765625,367.6174621582031,405.9859313964844,20250225-161954
3407,134,0,0.39990234375,53.85158920288086,77.24690246582031,265.7381286621094,555.5723876953125,20250225-161954
3407,138,0,0.66259765625,79.56208801269531,346.1978759765625,395.4443664550781,517.6419067382812,20250225-161954
3407,160,0,0.68359375,47.44840621948242,737.5838012695312,390.6456298828125,354.4570007324219,20250225-161954
3407,152,0,0.921875,8.678855895996094,990.1701049804688,926.587646484375,1054.38720703125,20250225-161954
3408,154,0,0.26806640625,47.55157470703125,270.9557189941406,137.79409790039062,279.890869140625,20250225-161954
3408,134,0,0.412109375,44.73680114746094,46.420806884765625,269.1871032714844,543.427978515625,20250225-161954
3408,138,0,0.56396484375,69.32244110107422,317.1550598144531,405.3167724609375,517.2725830078125,20250225-161954
3408,163,0,0.63427734375,38.64118957519531,1133.2078857421875,271.2831115722656,397.3396911621094,20250225-161954
3408,160,0,0.69091796875,36.75806427001953,703.3057250976562,383.8780517578125,357.5743713378906,20250225-161954
3408,152,0,0.91455078125,0.35370826721191406,963.1316528320312,954.1807250976562,1062.4398193359375,20250225-161954
3409,134,0,0.261962890625,30.717300415039062,0.9697036743164062,270.88555908203125,589.01708984375,20250225-161954
3409,163,0,0.400634765625,17.06854820251465,990.5385131835938,375.2912292480469,403.88470458984375,20250225-161954
3409,138,0,0.5859375,54.561580657958984,263.9165954589844,405.09796142578125,542.3388061523438,20250225-161954
3409,160,0,0.69775390625,19.22104263305664,661.30322265625,417.37347412109375,358.7621154785156,20250225-161954
3409,152,0,0.9306640625,0.014247894287109375,940.8832397460938,977.7630615234375,1063.9324951171875,20250225-161954
3410,154,0,0.4072265625,30.128501892089844,177.1940460205078,142.50535583496094,289.4933166503906,20250225-161954
3410,162,0,0.4736328125,35.571712493896484,0.080657958984375,209.45315551757812,325.2211608886719,20250225-161954
3410,163,0,0.4814453125,9.977946281433105,1068.7255859375,261.654052734375,401.5039978027344,20250225-161954
3410,138,0,0.484375,52.27513885498047,195.58831787109375,451.1322326660156,568.7452392578125,20250225-161954
3410,160,0,0.7880859375,9.46772575378418,639.443115234375,409.69775390625,360.3568115234375,20250225-161954
3410,152,0,0.8974609375,0.0,882.2385864257812,1036.539306640625,1067.282958984375,20250225-161954
3411,134,0,0.2139892578125,44.82788848876953,0.5104751586914062,173.7422332763672,668.6231079101562,20250225-161954
3411,154,0,0.26123046875,34.37961196899414,142.82313537597656,140.4700469970703,307.61541748046875,20250225-161954
3411,138,0,0.436767578125,57.52507781982422,108.41413879394531,480.402587890625,701.9300537109375,20250225-161954
3411,163,0,0.63623046875,9.669599533081055,934.0903930664062,370.87060546875,403.7772216796875,20250225-161954
3411,160,0,0.81103515625,11.989731788635254,592.2766723632812,454.59625244140625,364.74334716796875,20250225-161954
3411,152,0,0.9052734375,0.0,876.0399169921875,1043.0321044921875,1065.485595703125,20250225-161954
3412,162,0,0.25537109375,68.10150146484375,0.4247016906738281,130.03839111328125,325.3467102050781,20250225-161955
3412,154,0,0.277587890625,45.70329666137695,96.6518783569336,151.58853149414062,294.5474548339844,20250225-161955
3412,138,0,0.58056640625,69.6726303100586,81.28935241699219,504.3072509765625,709.4654541015625,20250225-161955
3412,163,0,0.595703125,11.097006797790527,905.4757690429688,347.47869873046875,424.4924011230469,20250225-161955
3412,160,0,0.82177734375,16.848522186279297,566.39892578125,448.1539306640625,364.0708312988281,20250225-161955
3412,152,0,0.89501953125,5.444755554199219,824.079345703125,1094.6165771484375,1062.8360595703125,20250225-161955
3413,162,0,0.265869140625,78.83295440673828,0.36856842041015625,103.54985046386719,379.87060546875,20250225-161955
3413,154,0,0.296630859375,62.294960021972656,64.36550903320312,153.9294891357422,307.1194152832031,20250225-161955
3413,160,0,0.48046875,27.555641174316406,566.36865234375,377.1463623046875,359.7587585449219,20250225-161955
3413,163,0,0.5947265625,18.71100425720215,871.8740844726562,335.1726379394531,470.33697509765625,20250225-161955
3413,138,0,0.69921875,84.1038589477539,33.33741760253906,584.7267456054688,731.3382568359375,20250225-161955
3413,152,0,0.89697265625,4.385862350463867,821.526123046875,1096.499267578125,1058.154296875,20250225-161955
3414,155,0,0.3056640625,3.912506103515625,826.8195190429688,209.31875610351562,267.2391357421875,20250225-161955
3414,163,0,0.5537109375,34.86537170410156,901.6849365234375,277.09771728515625,496.0068359375,20250225-161955
3414,160,0,0.61669921875,46.96058654785156,515.7886962890625,441.68682861328125,366.3140563964844,20250225-161955
3414,138,0,0.68408203125,105.79464721679688,1.512908935546875,586.07275390625,784.742431640625,20250225-161955
3414,152,0,0.90380859375,4.382600784301758,813.6602783203125,1103.34814453125,1059.0440673828125,20250225-161955
3415,155,0,0.201171875,9.148414611816406,806.488037109375,201.22640991210938,262.4390869140625,20250225-161955
3415,162,0,0.2139892578125,110.88319396972656,4.1655120849609375,151.05307006835938,310.3848876953125,20250225-161955
3415,163,0,0.435791015625,54.50617980957031,909.4580078125,233.26519775390625,410.3372497558594,20250225-161955
3415,138,0,0.4892578125,133.89828491210938,2.304931640625,467.6129150390625,606.0490112304688,20250225-161955
3415,160,0,0.80517578125,62.91887283325195,488.4460144042969,494.2440490722656,363.9652404785156,20250225-161955
3415,152,0,0.9140625,14.134082794189453,801.2085571289062,1115.80419921875,1049.694091796875,20250225-161955
3416,163,0,0.4736328125,62.70978927612305,781.2667236328125,331.6170959472656,324.33489990234375,20250225-161955
3416,138,0,0.7626953125,146.56893920898438,0.7877655029296875,450.4741516113281,595.861083984375,20250225-161955
3416,160,0,0.79931640625,77.73487091064453,466.7772216796875,455.0190124511719,352.77703857421875,20250225-161955
3416,152,0,0.9228515625,55.190765380859375,789.6630249023438,1129.7509765625,1011.2999267578125,20250225-161955
3417,155,0,0.286865234375,4.332175254821777,778.7393188476562,170.50167846679688,192.1005859375,20250225-161955
3417,163,0,0.5048828125,72.84355926513672,764.46533203125,320.66326904296875,305.9190673828125,20250225-161955
3417,138,0,0.57861328125,157.57174682617188,0.0,446.7356872558594,664.6223754882812,20250225-161955
3417,160,0,0.84033203125,85.08765411376953,445.0437927246094,488.8221130371094,358.33831787109375,20250225-161955
3417,152,0,0.90966796875,54.17581558227539,773.161376953125,1145.8070068359375,1012.2777099609375,20250225-161955
3418,155,0,0.26904296875,84.5684585571289,752.7376098632812,113.0152587890625,116.04060363769531,20250225-161955
3418,138,0,0.455078125,155.06178283691406,0.3869476318359375,471.35113525390625,693.949951171875,20250225-161955
3418,163,0,0.51171875,77.50596618652344,735.5165405273438,328.01971435546875,296.4564514160156,20250225-161955
3418,165,0,0.8369140625,62.666358947753906,1532.1295166015625,387.2047119140625,893.2550048828125,20250225-161955
3418,160,0,0.880859375,91.65391540527344,419.4097595214844,438.9066467285156,359.1535949707031,20250225-161955
3418,152,0,0.921875,53.99119567871094,752.3347778320312,1164.89599609375,1013.2452392578125,20250225-161955
3419,163,0,0.4775390625,81.90380859375,720.0844116210938,324.74871826171875,378.14300537109375,20250225-161955
3419,138,0,0.6943359375,146.9454803466797,0.09088897705078125,352.9400634765625,590.4253540039062,20250225-161955
3419,165,0,0.8115234375,79.92373657226562,1514.868896484375,404.3748779296875,886.272216796875,20250225-161955
3419,160,0,0.83349609375,86.16568756103516,392.32012939453125,451.62908935546875,362.8376770019531,20250225-161955
3419,152,0,0.9111328125,63.08744430541992,727.962158203125,1186.3677978515625,1001.2440185546875,20250225-161955
3420,155,0,0.2315673828125,4.633119106292725,674.633056640625,217.08837890625,303.42724609375,20250225-161955
3420,138,0,0.529296875,152.74600219726562,0.330780029296875,321.63720703125,610.0858154296875,20250225-161955
3420,160,0,0.59912109375,90.11784362792969,356.1544189453125,322.99859619140625,351.70281982421875,20250225-161955
3420,163,0,0.62255859375,96.31434631347656,718.977783203125,302.87109375,514.4400024414062,20250225-161955
3420,152,0,0.88720703125,46.22978210449219,692.956787109375,1226.2825927734375,1021.1383666992188,20250225-161955
3421,160,0,0.3720703125,125.30374908447266,263.69781494140625,266.3926086425781,341.3636169433594,20250225-161955
3421,163,0,0.444580078125,131.43687438964844,719.3355712890625,245.70574951171875,429.05804443359375,20250225-161955
3421,152,0,0.82861328125,74.74453735351562,672.4872436523438,1244.618896484375,990.9457397460938,20250225-161955
3422,163,0,0.36572265625,171.61505126953125,677.382080078125,232.1751251220703,417.375244140625,20250225-161955
3422,160,0,0.490234375,169.86099243164062,206.96168518066406,257.3650817871094,335.13690185546875,20250225-161955
3422,152,0,0.87890625,125.23796081542969,656.9893798828125,1257.60400390625,939.8247680664062,20250225-161955
3423,163,0,0.453369140625,199.6363525390625,529.5018310546875,352.24072265625,503.3819580078125,20250225-161955
3423,114,0,0.58203125,352.39178466796875,0.6442680358886719,103.3302001953125,519.4322509765625,20250225-161955
3423,160,0,0.630859375,195.69363403320312,158.14451599121094,352.6963806152344,348.91900634765625,20250225-161955
3423,152,0,0.85693359375,131.53689575195312,642.0005493164062,1270.156982421875,933.9093017578125,20250225-161955
3424,163,0,0.3896484375,213.09323120117188,479.90350341796875,365.4906005859375,442.99072265625,20250225-161955
3424,164,0,0.6826171875,95.65027618408203,389.1676025390625,118.08915710449219,235.9831085205078,20250225-161955
3424,160,0,0.7744140625,212.6732177734375,97.48040771484375,456.14044189453125,361.70941162109375,20250225-161955
3424,152,0,0.90234375,164.92803955078125,633.1653442382812,1280.27734375,902.181884765625,20250225-161955
3425,161,0,0.264404296875,182.72096252441406,1201.8760986328125,86.50909423828125,104.90593719482422,20250225-161955
3425,159,0,0.34326171875,165.7264862060547,1351.133544921875,180.7276611328125,312.13153076171875,20250225-161955
3425,163,0,0.64404296875,222.09934997558594,588.048583984375,238.82345581054688,304.19244384765625,20250225-161955
3425,164,0,0.77685546875,102.41600799560547,365.22308349609375,115.09991455078125,233.36471557617188,20250225-161955
3425,160,0,0.89892578125,214.31484985351562,69.23158264160156,523.033935546875,366.20367431640625,20250225-161955
3425,152,0,0.9169921875,174.48915100097656,631.6253051757812,1286.4140625,892.4682006835938,20250225-161955
3426,163,0,0.71875,224.06976318359375,581.1722412109375,259.8855285644531,300.9858093261719,20250225-161955
3426,164,0,0.8349609375,100.88699340820312,355.210693359375,126.9737548828125,249.99905395507812,20250225-161955
3426,160,0,0.89013671875,210.7930450439453,65.41552734375,523.3489990234375,368.5449523925781,20250225-161955
3426,152,0,0.89501953125,188.04954528808594,637.559326171875,1265.6319580078125,878.9635620117188,20250225-161955
3427,155,0,0.736328125,209.50013732910156,850.5921020507812,116.08932495117188,139.932861328125,20250225-161955
3427,164,0,0.81298828125,96.12947082519531,354.66156005859375,117.28683471679688,249.56602478027344,20250225-161955
3427,163,0,0.8173828125,223.4459686279297,579.8618774414062,284.5177001953125,313.2632751464844,20250225-161955
3427,152,0,0.869140625,193.12075805664062,647.5090942382812,1162.238037109375,875.1068725585938,20250225-161955
3427,160,0,0.8935546875,199.74337768554688,63.42572021484375,524.3611450195312,377.6422424316406,20250225-161955
3428,161,0,0.21337890625,223.57615661621094,1214.215087890625,60.15087890625,39.28348159790039,20250225-161955
3428,159,0,0.5517578125,220.3771209716797,1381.717041015625,143.5850830078125,178.24566650390625,20250225-161955
3428,163,0,0.611328125,220.79635620117188,582.1334838867188,298.42694091796875,335.5361022949219,20250225-161955
3428,164,0,0.7431640625,81.3014907836914,360.3545837402344,114.72665405273438,210.6855010986328,20250225-161955
3428,155,0,0.78857421875,211.4430389404297,856.8345336914062,115.89083862304688,137.9080047607422,20250225-161955
3428,160,0,0.85546875,182.20567321777344,64.58477783203125,520.73046875,380.5670166015625,20250225-161955
3428,165,0,0.89599609375,290.1683349609375,1326.403564453125,590.379638671875,775.5656127929688,20250225-161955
3428,152,0,0.927734375,222.66574096679688,655.7406616210938,971.092529296875,846.0254516601562,20250225-161955
3429,166,0,0.26123046875,77.8243179321289,486.0726013183594,120.82205200195312,189.8810577392578,20250225-161955
3429,159,0,0.390380859375,221.7709197998047,1386.2288818359375,145.99118041992188,162.92127990722656,20250225-161955
3429,155,0,0.48046875,201.92742919921875,861.9911499023438,120.83404541015625,154.15814208984375,20250225-161955
3429,160,0,0.67919921875,154.80972290039062,61.97126770019531,404.7889709472656,340.4954833984375,20250225-161955
3429,164,0,0.7392578125,56.21521759033203,364.1395568847656,122.9608154296875,239.0950469970703,20250225-161955
3429,163,0,0.80615234375,204.03724670410156,583.931396484375,302.6810302734375,400.3642883300781,20250225-161955
3429,165,0,0.90966796875,297.15478515625,1343.712890625,573.8876953125,770.2557373046875,20250225-161955
3429,152,0,0.92919921875,207.8776397705078,648.7040405273438,970.4967041015625,860.1221923828125,20250225-161955
3430,166,0,0.37109375,48.34190368652344,465.69140625,154.43431091308594,227.817626953125,20250225-161955
3430,167,0,0.39990234375,160.7747039794922,559.0765380859375,104.30552673339844,112.8322525024414,20250225-161955
3430,155,0,0.452392578125,186.59600830078125,861.8529052734375,120.21633911132812,157.72618103027344,20250225-161955
3430,164,0,0.693359375,31.47844696044922,364.7933349609375,122.63296508789062,253.97616577148438,20250225-161955
3430,160,0,0.73486328125,123.74369049072266,67.60853576660156,521.5925903320312,395.7384338378906,20250225-161955
3430,163,0,0.73486328125,185.64569091796875,579.4405517578125,307.26873779296875,387.189697265625,20250225-161955
3430,165,0,0.91943359375,300.76849365234375,1342.9647216796875,575.08740234375,768.20947265625,20250225-161955
3430,152,0,0.9306640625,190.87973022460938,641.1011352539062,972.3193359375,877.3587036132812,20250225-161955
3431,151,0,0.26904296875,261.27410888671875,0.22863006591796875,162.45834350585938,273.97723388671875,20250225-161955
3431,166,0,0.29345703125,31.111907958984375,494.95330810546875,113.45040893554688,183.51719665527344,20250225-161955
3431,167,0,0.368408203125,140.51409912109375,562.676513671875,101.058837890625,103.16875457763672,20250225-161955
3431,155,0,0.42333984375,169.46409606933594,861.5033569335938,123.25625610351562,185.46878051757812,20250225-161955
3431,168,0,0.42822265625,118.15695190429688,453.7006530761719,110.61602783203125,138.47914123535156,20250225-161955
3431,159,0,0.56201171875,214.52899169921875,1392.861083984375,144.181640625,161.0163116455078,20250225-161955
3431,163,0,0.71484375,166.80752563476562,578.1163330078125,314.4615783691406,355.8553161621094,20250225-161955
3431,164,0,0.716796875,6.958186626434326,361.9844055175781,127.3157958984375,246.8712615966797,20250225-161955
3431,160,0,0.859375,92.69276428222656,66.12258911132812,525.4235229492188,408.3293151855469,20250225-161955
3431,152,0,0.88525390625,205.4285430908203,552.336181640625,1062.03369140625,862.4367065429688,20250225-161955
3431,165,0,0.91064453125,301.72662353515625,1349.592041015625,568.49267578125,768.148681640625,20250225-161955
3432,155,0,0.2294921875,144.28172302246094,859.014404296875,127.65975952148438,176.1665496826172,20250225-161955
3432,164,0,0.37109375,0.7465124130249023,358.94952392578125,134.138671875,215.0079345703125,20250225-161955
3432,159,0,0.71875,199.9716796875,1397.585205078125,145.49395751953125,176.7290802001953,20250225-161955
3432,163,0,0.75,147.894775390625,569.2890625,315.9573669433594,437.1885681152344,20250225-161955
3432,160,0,0.7568359375,64.88589477539062,48.938232421875,419.8281555175781,352.97369384765625,20250225-161955
3432,165,0,0.91552734375,291.3479919433594,1364.6041259765625,553.4384765625,776.857177734375,20250225-161955
3432,152,0,0.91650390625,183.7894287109375,625.3704223632812,998.09033203125,883.9072875976562,20250225-161955
3433,159,0,0.5205078125,179.46990966796875,1403.7242431640625,145.7669677734375,171.71145629882812,20250225-161955
3433,160,0,0.6669921875,27.75631332397461,48.481292724609375,533.9646606445312,417.7452697753906,20250225-161955
3433,163,0,0.75341796875,113.61614227294922,530.041259765625,357.54931640625,450.10186767578125,20250225-161955
3433,165,0,0.8056640625,273.7628173828125,1372.0623779296875,545.3704833984375,792.570556640625,20250225-161955
3433,152,0,0.9091796875,160.67514038085938,625.9733276367188,1015.1319580078125,906.8208618164062,20250225-161955
3434,167,0,0.2239990234375,56.736141204833984,557.439453125,114.73915100097656,117.15489959716797,20250225-161955
3434,166,0,0.250244140625,44.465972900390625,453.79229736328125,111.52995300292969,131.22930908203125,20250225-161955
3434,155,0,0.34423828125,97.70176696777344,867.4378051757812,131.50222778320312,195.09701538085938,20250225-161955
3434,163,0,0.72314453125,87.52644348144531,569.1560668945312,333.81134033203125,401.2281188964844,20250225-161955
3434,160,0,0.83935546875,7.89067268371582,64.16880798339844,524.0228271484375,421.2369689941406,20250225-161955
3434,165,0,0.84033203125,262.03997802734375,1387.4022216796875,530.6802978515625,804.2552490234375,20250225-161955
3434,152,0,0.8681640625,151.9542236328125,622.9655151367188,1030.4315185546875,916.0888061523438,20250225-161955
3435,162,0,0.25244140625,229.896728515625,0.5865097045898438,107.24757385253906,150.30137634277344,20250225-161955
3435,155,0,0.422607421875,84.79473114013672,873.4012451171875,130.71844482421875,150.94180297851562,20250225-161955
3435,166,0,0.42333984375,10.427034378051758,458.31500244140625,113.44097900390625,145.37191772460938,20250225-161955
3435,165,0,0.4873046875,254.91610717773438,1410.7947998046875,506.9676818847656,811.4130249023438,20250225-161955
3435,167,0,0.55712890625,35.975826263427734,562.2225341796875,118.20881652832031,120.87686157226562,20250225-161955
3435,163,0,0.81982421875,72.20433807373047,588.936767578125,316.9910888671875,330.7398376464844,20250225-161955
3435,160,0,0.8583984375,2.4375057220458984,61.274139404296875,602.9654541015625,418.6965637207031,20250225-161955
3435,152,0,0.90771484375,147.65127563476562,638.6854248046875,1016.92822265625,919.9010620117188,20250225-161955
3436,166,0,0.42333984375,12.276449203491211,466.8727111816406,110.05668640136719,134.42221069335938,20250225-161955
3436,167,0,0.6875,12.793804168701172,570.2054443359375,119.86734008789062,133.98358154296875,20250225-161955
3436,155,0,0.71142578125,80.17680358886719,884.6870727539062,126.85400390625,141.4815673828125,20250225-161955
3436,163,0,0.79052734375,64.51034545898438,596.9918212890625,324.17340087890625,327.7476501464844,20250225-161955
3436,165,0,0.8388671875,256.94256591796875,1422.6895751953125,496.3018798828125,809.740966796875,20250225-161955
3436,160,0,0.89111328125,3.272380828857422,76.46676635742188,551.5633544921875,416.5258483886719,20250225-161955
3436,152,0,0.9091796875,178.12786865234375,656.1300659179688,1000.4324340820312,890.0112915039062,20250225-161955
3437,159,0,0.2220458984375,154.27479553222656,1441.0009765625,153.8887939453125,164.15383911132812,20250225-161955
3437,166,0,0.36572265625,4.055510520935059,477.2635803222656,113.593505859375,146.74392700195312,20250225-161955
3437,155,0,0.4921875,82.31731414794922,893.909912109375,132.22915649414062,147.60177612304688,20250225-161955
3437,167,0,0.515625,15.53713607788086,585.523193359375,117.41354370117188,132.4881134033203,20250225-161955
3437,165,0,0.61767578125,266.2943420410156,1456.0579833984375,463.1722412109375,799.9833984375,20250225-161955
3437,163,0,0.80859375,65.43401336669922,608.7886962890625,317.2166748046875,415.5888977050781,20250225-161955
3437,160,0,0.87890625,3.1440210342407227,92.7685546875,540.9700927734375,419.411865234375,20250225-161955
3437,152,0,0.91064453125,148.03253173828125,670.27587890625,996.8653564453125,919.5994262695312,20250225-161955
3438,166,0,0.316650390625,2.9685938358306885,487.3839111328125,121.47518920898438,159.8569793701172,20250225-161955
3438,134,0,0.332763671875,114.19902038574219,0.5604171752929688,216.1381072998047,528.6190795898438,20250225-161955
3438,165,0,0.404541015625,283.1245422363281,1458.9796142578125,460.1444091796875,782.813232421875,20250225-161955
3438,155,0,0.47265625,91.1041259765625,906.107666015625,130.33172607421875,157.74903869628906,20250225-161955
3438,159,0,0.48828125,166.4029541015625,1453.3370361328125,158.1522216796875,167.4268798828125,20250225-161955
3438,163,0,0.74853515625,75.7676010131836,620.3828125,326.66912841796875,385.17071533203125,20250225-161955
3438,160,0,0.87890625,3.6142444610595703,109.01527404785156,529.074951171875,427.44964599609375,20250225-161955
3438,152,0,0.89697265625,179.8257598876953,692.0007934570312,1011.0172119140625,887.8550415039062,20250225-161955
3439,165,0,0.414794921875,297.6893310546875,1481.9132080078125,437.4027099609375,770.1154174804688,20250225-161955
3439,155,0,0.419677734375,103.24478912353516,915.1400756835938,132.28500366210938,153.896484375,20250225-161955
3439,134,0,0.53125,107.234375,0.7277297973632812,234.7485809326172,544.3740844726562,20250225-161955
3439,169,0,0.693359375,109.50553131103516,1040.317138671875,199.01889038085938,236.69802856445312,20250225-161955
3439,163,0,0.75927734375,87.94053649902344,633.7529907226562,327.27606201171875,408.7265625,20250225-161955
3439,160,0,0.88427734375,2.4062633514404297,104.2335205078125,577.8081665039062,439.2034912109375,20250225-161955
3439,152,0,0.90185546875,181.36505126953125,717.3934936523438,1001.9119262695312,886.8162231445312,20250225-161955
3440,166,0,0.27978515625,36.91345977783203,519.47119140625,116.81236267089844,148.13552856445312,20250225-161955
3440,155,0,0.352294921875,114.71511840820312,931.2808227539062,130.06768798828125,175.29458618164062,20250225-161955
3440,167,0,0.405517578125,1.4833474159240723,430.8721618652344,309.212158203125,190.28114318847656,20250225-161955
3440,134,0,0.509765625,55.51638412475586,0.6391983032226562,101.6645736694336,612.2490844726562,20250225-161955
3440,165,0,0.71240234375,318.19195556640625,1497.301025390625,422.1654052734375,746.5729370117188,20250225-161955
3440,163,0,0.779296875,100.7947998046875,651.8897094726562,319.155029296875,392.58819580078125,20250225-161955
3440,169,0,0.7958984375,121.42518615722656,1050.44580078125,198.632080078125,234.0550537109375,20250225-161955
3440,160,0,0.87744140625,4.881491661071777,124.04255676269531,550.70361328125,447.1634216308594,20250225-161955
3440,152,0,0.90966796875,208.112548828125,753.8616943359375,990.2830810546875,860.3759765625,20250225-161955
3441,161,0,0.2288818359375,180.2007293701172,1252.8541259765625,130.87033081054688,104.622802734375,20250225-161955
3441,167,0,0.27978515625,65.08245849609375,636.8642578125,121.69514465332031,120.35591125488281,20250225-161955
3441,166,0,0.306640625,53.15492248535156,533.78466796875,112.76060485839844,138.27647399902344,20250225-161955
3441,155,0,0.35302734375,127.78568267822266,940.5942993164062,133.53067016601562,151.84426879882812,20250225-161955
3441,159,0,0.5048828125,207.08340454101562,1490.8172607421875,161.3818359375,166.75079345703125,20250225-161955
3441,134,0,0.703125,42.08287048339844,0.4934577941894531,123.45462799072266,634.4672241210938,20250225-161955
3441,169,0,0.80810546875,135.74716186523438,1065.4393310546875,196.21087646484375,228.5980224609375,20250225-161955
3441,163,0,0.8154296875,115.78173828125,661.954345703125,320.75238037109375,401.03875732421875,20250225-161955
3441,160,0,0.85986328125,14.977025985717773,141.9436798095703,557.1961669921875,452.76763916015625,20250225-161955
3441,165,0,0.87109375,333.52252197265625,1521.240966796875,398.0753173828125,733.1041259765625,20250225-161955
3441,152,0,0.90087890625,249.23086547851562,786.6011352539062,976.47802734375,817.186767578125,20250225-161955
3442,166,0,0.22265625,72.4629898071289,549.0740966796875,115.131591796875,131.5985870361328,20250225-161956
3442,159,0,0.256103515625,219.50778198242188,1508.4444580078125,160.65966796875,161.25045776367188,20250225-161956
3442,155,0,0.368408203125,139.2189178466797,948.146484375,143.00161743164062,263.1138000488281,20250225-161956
3442,138,0,0.438720703125,42.729801177978516,0.7728652954101562,278.16070556640625,651.7413330078125,20250225-161956
3442,165,0,0.439697265625,345.3646545410156,1552.1978759765625,366.7569580078125,720.572509765625,20250225-161956
3442,169,0,0.740234375,145.82281494140625,1081.010986328125,198.60699462890625,246.69766235351562,20250225-161956
3442,163,0,0.81591796875,127.38153839111328,680.177490234375,322.35076904296875,406.97259521484375,20250225-161956
3442,152,0,0.86962890625,234.465576171875,822.2382202148438,986.583984375,833.19873046875,20250225-161956
3442,160,0,0.87744140625,30.865100860595703,159.42672729492188,561.431396484375,448.5865478515625,20250225-161956
3443,155,0,0.263671875,152.0216827392578,967.9978637695312,140.96209716796875,272.3724060058594,20250225-161956
3443,165,0,0.269775390625,359.5038146972656,1571.8831787109375,347.14013671875,707.3303833007812,20250225-161956
3443,161,0,0.3310546875,202.03192138671875,1295.5887451171875,127.52023315429688,108.96886444091797,20250225-161956
3443,159,0,0.403564453125,229.50221252441406,1532.0919189453125,159.50747680664062,151.95851135253906,20250225-161956
3443,169,0,0.447509765625,155.83531188964844,1062.2431640625,235.38876342773438,314.1571350097656,20250225-161956
3443,138,0,0.69921875,54.59080505371094,1.042694091796875,326.03369140625,652.840576171875,20250225-161956
3443,163,0,0.765625,141.52142333984375,671.8031616210938,351.37628173828125,407.8180847167969,20250225-161956
3443,160,0,0.82861328125,43.081512451171875,187.12548828125,548.3475952148438,447.1361389160156,20250225-161956
3443,152,0,0.8681640625,293.992431640625,867.4513549804688,971.4766845703125,772.79833984375,20250225-161956
3444,168,0,0.2005615234375,2.2855210304260254,515.9981689453125,103.018798828125,219.06875610351562,20250225-161956
3444,166,0,0.2254638671875,91.3862075805664,594.3116455078125,120.44032287597656,142.1112060546875,20250225-161956
3444,161,0,0.392333984375,210.39727783203125,1328.09814453125,124.20556640625,117.44764709472656,20250225-161956
3444,155,0,0.42333984375,160.79920959472656,994.2943725585938,143.40243530273438,263.39373779296875,20250225-161956
3444,159,0,0.46875,236.2902069091797,1563.9488525390625,162.197021484375,153.35699462890625,20250225-161956
3444,138,0,0.63623046875,54.08972930908203,1.1771163940429688,364.2323913574219,861.60595703125,20250225-161956
3444,169,0,0.71630859375,167.88401794433594,1121.82861328125,198.87689208984375,234.9269561767578,20250225-161956
3444,163,0,0.79638671875,153.22537231445312,728.3461303710938,329.3419189453125,398.9356384277344,20250225-161956
3444,160,0,0.80517578125,61.60454559326172,235.02557373046875,596.8775634765625,442.3991394042969,20250225-161956
3444,152,0,0.91162109375,302.52020263671875,901.2310180664062,1016.7703857421875,766.1339721679688,20250225-161956
3445,167,0,0.2088623046875,6.183285713195801,676.4124755859375,162.1058349609375,227.27542114257812,20250225-161956
3445,161,0,0.2254638671875,216.98294067382812,1344.2001953125,143.4246826171875,119.99072265625,20250225-161956
3445,159,0,0.32421875,242.82119750976562,1599.34765625,162.409423828125,161.70458984375,20250225-161956
3445,155,0,0.43212890625,170.31976318359375,1014.035888671875,158.47576904296875,279.68719482421875,20250225-161956
3445,138,0,0.529296875,66.72271728515625,0.48907470703125,398.208251953125,662.6771850585938,20250225-161956
3445,169,0,0.591796875,175.83206176757812,1154.705078125,201.47021484375,226.8857879638672,20250225-161956
3445,163,0,0.6748046875,163.55007934570312,711.922119140625,363.5797119140625,382.5174255371094,20250225-161956
3445,160,0,0.8076171875,76.07847595214844,297.65423583984375,507.9593811035156,435.8705139160156,20250225-161956
3445,152,0,0.9072265625,318.9797058105469,950.4581909179688,965.218505859375,747.9750366210938,20250225-161956
3446,166,0,0.2088623046875,4.740729331970215,572.9888305664062,109.42790222167969,249.22779846191406,20250225-161956
3446,167,0,0.2220458984375,12.582456588745117,706.752685546875,164.9439697265625,231.58287048339844,20250225-161956
3446,155,0,0.271240234375,177.03021240234375,1021.1553955078125,185.61172485351562,288.1085205078125,20250225-161956
3446,159,0,0.28466796875,250.0771942138672,1637.860107421875,177.05218505859375,181.2039031982422,20250225-161956
3446,161,0,0.368408203125,224.7244415283203,1377.48193359375,148.92434692382812,146.24119567871094,20250225-161956
3446,169,0,0.62255859375,183.6796112060547,1179.580810546875,215.9600830078125,327.6244201660156,20250225-161956
3446,163,0,0.7041015625,174.68667602539062,790.5496826171875,327.45904541015625,426.606689453125,20250225-161956
3446,138,0,0.7333984375,84.05545043945312,1.0102386474609375,440.35382080078125,872.53369140625,20250225-161956
3446,160,0,0.76416015625,90.43267059326172,326.5058898925781,505.23193359375,435.4739685058594,20250225-161956
3446,152,0,0.912109375,342.67730712890625,994.6272583007812,925.3646850585938,724.6793212890625,20250225-161956
3447,167,0,0.296630859375,29.81597137451172,734.84326171875,168.20343017578125,228.536865234375,20250225-161956
3447,166,0,0.342529296875,11.80727767944336,616.6375732421875,104.47512817382812,249.0812530517578,20250225-161956
3447,155,0,0.405517578125,189.19967651367188,1060.480712890625,174.29754638671875,286.8518371582031,20250225-161956
3447,138,0,0.4775390625,110.60813903808594,0.95819091796875,471.0072326660156,684.1796875,20250225-161956
3447,161,0,0.5185546875,232.87767028808594,1420.4652099609375,145.7677001953125,129.33517456054688,20250225-161956
3447,159,0,0.5224609375,260.0705871582031,1675.3319091796875,220.833251953125,196.84642028808594,20250225-161956
3447,169,0,0.7548828125,195.21014404296875,1206.425537109375,217.16848754882812,324.9850158691406,20250225-161956
3447,160,0,0.79296875,110.65180969238281,358.9259033203125,512.2269287109375,430.6005554199219,20250225-161956
3447,163,0,0.79443359375,188.89939880371094,820.1953125,334.1290283203125,385.19122314453125,20250225-161956
3447,152,0,0.92431640625,360.87677001953125,1039.55908203125,879.6795043945312,706.4855346679688,20250225-161956
3448,155,0,0.36572265625,200.73480224609375,1100.4443359375,161.3052978515625,283.6603088378906,20250225-161956
3448,166,0,0.418701171875,25.32870101928711,648.7830810546875,102.70266723632812,212.85191345214844,20250225-161956
3448,167,0,0.470703125,47.597259521484375,772.5049438476562,160.06210327148438,220.04151916503906,20250225-161956
3448,169,0,0.4990234375,205.95700073242188,1171.1607666015625,286.6102294921875,366.1728515625,20250225-161956
3448,161,0,0.5498046875,244.41090393066406,1451.89892578125,144.439453125,139.66339111328125,20250225-161956
3448,138,0,0.60595703125,127.98576354980469,0.357421875,505.27276611328125,648.4863891601562,20250225-161956
3448,159,0,0.67236328125,273.2339172363281,1707.2373046875,211.22369384765625,189.5211944580078,20250225-161956
3448,163,0,0.830078125,203.83876037597656,852.58447265625,310.5033874511719,391.41162109375,20250225-161956
3448,160,0,0.84130859375,131.0481414794922,369.5855712890625,588.607177734375,427.6754455566406,20250225-161956
3448,152,0,0.923828125,365.2569580078125,1071.5855712890625,846.4471435546875,703.8963623046875,20250225-161956
3449,155,0,0.43310546875,212.9166259765625,1123.1422119140625,161.42623901367188,294.17254638671875,20250225-161956
3449,138,0,0.494140625,152.16879272460938,0.135406494140625,523.2401123046875,638.66162109375,20250225-161956
3449,167,0,0.5234375,54.429744720458984,792.0375366210938,165.73049926757812,226.64552307128906,20250225-161956
3449,166,0,0.5419921875,41.222633361816406,668.9122924804688,104.57135009765625,241.63551330566406,20250225-161956
3449,169,0,0.5498046875,216.70193481445312,1266.39208984375,214.8826904296875,245.7900848388672,20250225-161956
3449,159,0,0.5517578125,282.2335205078125,1715.0511474609375,203.67022705078125,191.69760131835938,20250225-161956
3449,161,0,0.71142578125,254.1791229248047,1476.5140380859375,142.51327514648438,130.27978515625,20250225-161956
3449,160,0,0.7900390625,149.58773803710938,434.3118896484375,518.9091796875,427.8292541503906,20250225-161956
3449,163,0,0.82958984375,217.15138244628906,874.640625,317.43328857421875,409.4252624511719,20250225-161956
3449,152,0,0.91796875,377.6983642578125,1108.834716796875,810.0565795898438,691.2899169921875,20250225-161956
3450,155,0,0.309814453125,227.85301208496094,1169.6627197265625,134.02194213867188,290.43560791015625,20250225-161956
3450,166,0,0.58984375,58.35360336303711,684.8443603515625,100.17507934570312,212.0630645751953,20250225-161956
3450,138,0,0.609375,168.74819946289062,0.0,539.5120849609375,634.1103515625,20250225-161956
3450,161,0,0.642578125,265.9390869140625,1489.9508056640625,151.1883544921875,133.45401000976562,20250225-161956
3450,169,0,0.6689453125,229.21900939941406,1290.698974609375,207.48614501953125,241.50799560546875,20250225-161956
3450,167,0,0.6953125,74.0404281616211,809.676513671875,166.40386962890625,228.16375732421875,20250225-161956
3450,159,0,0.69775390625,294.07122802734375,1742.035888671875,177.34716796875,234.58102416992188,20250225-161956
3450,163,0,0.8427734375,233.61318969726562,889.781982421875,323.66839599609375,404.5483703613281,20250225-161956
3450,160,0,0.8447265625,165.6548614501953,439.3290710449219,491.8215637207031,423.3525695800781,20250225-161956
3450,152,0,0.93115234375,437.15740966796875,1144.074951171875,774.8981323242188,631.6432495117188,20250225-161956
3451,134,0,0.2186279296875,106.64265441894531,0.35245513916015625,128.11911010742188,204.7569122314453,20250225-161956
3451,155,0,0.4775390625,235.24501037597656,1171.775634765625,135.49896240234375,149.76622009277344,20250225-161956
3451,167,0,0.4912109375,86.80487060546875,821.0247802734375,119.52603149414062,208.73052978515625,20250225-161956
3451,159,0,0.63232421875,301.2839660644531,1757.302001953125,161.7147216796875,215.79092407226562,20250225-161956
3451,166,0,0.65380859375,74.09518432617188,698.0755615234375,95.69952392578125,208.9165802001953,20250225-161956
3451,161,0,0.72314453125,273.826904296875,1502.8443603515625,151.8424072265625,132.12660217285156,20250225-161956
3451,163,0,0.7744140625,242.83871459960938,903.996826171875,327.8550109863281,326.5784606933594,20250225-161956
3451,169,0,0.830078125,237.69070434570312,1304.350830078125,207.81170654296875,236.84768676757812,20250225-161956
3451,138,0,0.853515625,192.88961791992188,0.1027679443359375,430.2750549316406,613.53662109375,20250225-161956
3451,160,0,0.8603515625,181.20692443847656,459.2281494140625,476.6004638671875,417.4397888183594,20250225-161956
3451,152,0,0.91845703125,454.65167236328125,1169.066162109375,749.83740234375,615.2880859375,20250225-161956
3452,168,0,0.2705078125,173.56980895996094,451.7276916503906,235.59283447265625,287.93817138671875,20250225-161956
3452,134,0,0.5341796875,111.80741119384766,0.0,147.14508056640625,180.86178588867188,20250225-161956
3452,167,0,0.5947265625,90.45690155029297,829.3277587890625,114.71282958984375,203.8778839111328,20250225-161956
3452,159,0,0.64404296875,300.6905517578125,1770.1270751953125,148.7420654296875,180.71591186523438,20250225-161956
3452,161,0,0.693359375,273.6376647949219,1496.0313720703125,176.2364501953125,143.34548950195312,20250225-161956
3452,155,0,0.712890625,234.05908203125,1181.6396484375,135.99893188476562,148.012451171875,20250225-161956
3452,166,0,0.73046875,77.89452362060547,708.1111450195312,95.62921142578125,194.31771850585938,20250225-161956
3452,138,0,0.7568359375,196.0251007080078,0.5766448974609375,466.9230651855469,612.6942138671875,20250225-161956
3452,163,0,0.810546875,242.2100830078125,908.9108276367188,331.8410339355469,328.8658752441406,20250225-161956
3452,160,0,0.8359375,186.91331481933594,468.7947692871094,525.56494140625,411.0841064453125,20250225-161956
3452,169,0,0.8359375,237.44561767578125,1306.620361328125,216.91534423828125,237.84567260742188,20250225-161956
3452,152,0,0.91064453125,445.7596130371094,1187.9942626953125,731.0872802734375,625.2815551757812,20250225-161956
3453,134,0,0.34765625,99.96434020996094,0.34801483154296875,138.17239379882812,199.04034423828125,20250225-161956
3453,155,0,0.39892578125,226.50157165527344,1192.6336669921875,137.18646240234375,154.52407836914062,20250225-161956
3453,161,0,0.415771484375,262.6879577636719,1512.02783203125,173.590576171875,161.6945037841797,20250225-161956
3453,167,0,0.43212890625,83.81040954589844,839.35693359375,119.52301025390625,191.71949768066406,20250225-161956
3453,166,0,0.587890625,66.01473999023438,719.000244140625,98.4664306640625,197.9398651123047,20250225-161956
3453,163,0,0.6806640625,235.3419189453125,906.8314819335938,337.4724426269531,392.48486328125,20250225-161956
3453,159,0,0.74169921875,293.0026550292969,1785.7532958984375,133.298583984375,176.7388153076172,20250225-161956
3453,138,0,0.75439453125,187.3147735595703,0.6514434814453125,461.1279602050781,613.2230224609375,20250225-161956
3453,169,0,0.81103515625,229.19566345214844,1324.504150390625,219.0750732421875,238.3407440185547,20250225-161956
3453,160,0,0.82861328125,175.39414978027344,451.5971374511719,508.8221740722656,410.08245849609375,20250225-161956
3453,152,0,0.90185546875,465.3078308105469,1201.1180419921875,717.727294921875,605.9367065429688,20250225-161956
3454,134,0,0.33544921875,86.71170806884766,3.4005661010742188,117.44741821289062,192.984130859375,20250225-161956
3454,155,0,0.33984375,212.03347778320312,1204.158447265625,140.3184814453125,190.4038848876953,20250225-161956
3454,167,0,0.54296875,68.04673767089844,847.5831298828125,133.55401611328125,215.56539916992188,20250225-161956
3454,166,0,0.626953125,49.87664031982422,726.9948120117188,98.38421630859375,233.0684051513672,20250225-161956
3454,138,0,0.6533203125,173.7592315673828,0.427642822265625,487.1620788574219,631.1771850585938,20250225-161956
3454,159,0,0.70654296875,284.7763671875,1800.837158203125,118.11767578125,184.81158447265625,20250225-161956
3454,163,0,0.7294921875,220.6236572265625,931.1636962890625,334.83782958984375,410.15283203125,20250225-161956
3454,161,0,0.73046875,251.51834106445312,1523.546630859375,175.2271728515625,185.78378295898438,20250225-161956
3454,169,0,0.79931640625,215.35494995117188,1332.2559814453125,226.2799072265625,241.9607391357422,20250225-161956
3454,160,0,0.8740234375,161.5589141845703,460.67999267578125,499.141845703125,417.62347412109375,20250225-161956
3454,152,0,0.896484375,448.2606506347656,1210.493896484375,708.1258544921875,622.9020385742188,20250225-161956
3455,134,0,0.31494140625,70.11446380615234,13.26123046875,169.3743438720703,209.36233520507812,20250225-161956
3455,167,0,0.32421875,56.50021743774414,861.6861572265625,116.53033447265625,206.12681579589844,20250225-161956
3455,155,0,0.517578125,200.15231323242188,1195.9287109375,160.96783447265625,272.7539978027344,20250225-161956
3455,166,0,0.55078125,36.121803283691406,738.6450805664062,98.94873046875,225.24822998046875,20250225-161956
3455,159,0,0.6103515625,281.86297607421875,1814.1075439453125,105.3175048828125,183.69314575195312,20250225-161956
3455,163,0,0.66015625,208.87722778320312,923.6510009765625,355.1366271972656,412.4556884765625,20250225-161956
3455,161,0,0.67138671875,238.39134216308594,1536.500244140625,178.05340576171875,165.0631866455078,20250225-161956
3455,138,0,0.68994140625,160.4862823486328,0.2533721923828125,479.5723571777344,628.299072265625,20250225-161956
3455,169,0,0.82763671875,206.05528259277344,1349.2994384765625,219.700927734375,234.6138916015625,20250225-161956
3455,160,0,0.87646484375,149.412353515625,472.8424072265625,498.0346984863281,411.87725830078125,20250225-161956
3455,152,0,0.8828125,456.60491943359375,1222.2220458984375,696.782958984375,614.2824096679688,20250225-161956
3456,134,0,0.322509765625,50.74357604980469,22.540363311767578,147.15972900390625,199.81436157226562,20250225-161956
3456,167,0,0.436767578125,35.40623092651367,869.2545776367188,125.08062744140625,192.65882873535156,20250225-161956
3456,155,0,0.449462890625,182.35488891601562,1212.357666015625,159.2244873046875,292.4419250488281,20250225-161956
3456,171,0,0.45703125,149.11468505859375,927.7723388671875,112.11117553710938,113.96105194091797,20250225-161956
3456,170,0,0.50390625,132.3592529296875,785.6735229492188,76.88232421875,118.15001678466797,20250225-161956
3456,166,0,0.650390625,21.739110946655273,745.2271728515625,99.0146484375,219.44192504882812,20250225-161956
3456,163,0,0.66650390625,192.80560302734375,943.3868408203125,350.11981201171875,379.6671447753906,20250225-161956
3456,161,0,0.7080078125,225.166259765625,1548.8880615234375,179.48016357421875,178.2523956298828,20250225-161956
3456,159,0,0.72802734375,283.294189453125,1832.1009521484375,87.21551513671875,170.7823028564453,20250225-161956
3456,138,0,0.78662109375,144.21864318847656,1.63604736328125,480.93255615234375,626.1594848632812,20250225-161956
3456,169,0,0.833984375,187.30938720703125,1360.1290283203125,225.481201171875,242.6532745361328,20250225-161956
3456,160,0,0.8720703125,126.80750274658203,491.6512756347656,480.7005615234375,415.4150390625,20250225-161956
3456,152,0,0.87841796875,435.73193359375,1248.5093994140625,670.50146484375,631.8104248046875,20250225-161956
3457,134,0,0.325927734375,33.376548767089844,30.891460418701172,133.87069702148438,186.10350036621094,20250225-161956
3457,155,0,0.373779296875,165.37930297851562,1228.1787109375,150.7723388671875,169.7593231201172,20250225-161956
3457,168,0,0.408203125,93.36529541015625,498.5078430175781,229.48068237304688,288.4255676269531,20250225-161956
3457,170,0,0.478515625,115.43289947509766,796.0574340820312,76.55923461914062,105.23638153076172,20250225-161956
3457,167,0,0.4931640625,16.0400390625,874.9795532226562,119.1683349609375,209.0356903076172,20250225-161956
3457,171,0,0.5927734375,127.1949462890625,933.8102416992188,116.66436767578125,118.90910339355469,20250225-161956
3457,161,0,0.609375,210.5928955078125,1558.388671875,179.94085693359375,151.53253173828125,20250225-161956
3457,159,0,0.640625,286.19732666015625,1842.7430419921875,76.68035888671875,153.3015899658203,20250225-161956
3457,166,0,0.64892578125,3.5933446884155273,752.4025268554688,104.3353271484375,215.4539794921875,20250225-161956
3457,138,0,0.78466796875,124.27227783203125,1.0276336669921875,496.3797912597656,726.013916015625,20250225-161956
3457,163,0,0.8076171875,174.9564971923828,955.2808227539062,346.5412902832031,352.5033874511719,20250225-161956
3457,169,0,0.83154296875,174.1159210205078,1364.6282958984375,230.0888671875,241.6272430419922,20250225-161956
3457,160,0,0.86669921875,114.32527160644531,488.390625,491.28167724609375,418.5434875488281,20250225-161956
3457,152,0,0.87646484375,428.4295959472656,1242.4019775390625,675.7984619140625,640.7909545898438,20250225-161956
3458,167,0,0.341552734375,2.3150038719177246,880.031982421875,123.91836547851562,202.23587036132812,20250225-161956
3458,159,0,0.442626953125,291.52728271484375,1854.65771484375,64.814208984375,133.54071044921875,20250225-161956
3458,170,0,0.446533203125,98.08003997802734,804.1946411132812,72.00906372070312,92.4554443359375,20250225-161956
3458,134,0,0.5,10.74907112121582,32.243019104003906,167.33322143554688,209.84097290039062,20250225-161956
3458,155,0,0.552734375,152.7289276123047,1238.0218505859375,149.24240112304688,295.3607482910156,20250225-161956
3458,161,0,0.5888671875,199.16685485839844,1577.8509521484375,169.224609375,156.91799926757812,20250225-161956
3458,166,0,0.591796875,0.9034967422485352,759.3931274414062,95.02862548828125,189.28244018554688,20250225-161956
3458,171,0,0.68994140625,113.8104019165039,937.30517578125,113.9315185546875,111.77363586425781,20250225-161956
3458,163,0,0.76416015625,158.84068298339844,949.0751953125,359.36572265625,352.3104248046875,20250225-161956
3458,138,0,0.7744140625,101.18736267089844,0.529998779296875,509.76397705078125,655.998779296875,20250225-161956
3458,169,0,0.8330078125,163.06126403808594,1374.0655517578125,230.416259765625,240.35670471191406,20250225-161956
3458,160,0,0.8642578125,90.35722351074219,518.6010131835938,461.55322265625,427.94122314453125,20250225-161956
3458,152,0,0.91015625,406.2724304199219,1232.3712158203125,685.780517578125,661.7891845703125,20250225-161956
3459,167,0,0.2705078125,0.0,877.5712280273438,142.17462158203125,182.8006591796875,20250225-161956
3459,170,0,0.319091796875,79.2769775390625,801.8713989257812,75.90701293945312,121.32105255126953,20250225-161956
3459,159,0,0.3583984375,279.9582824707031,1857.6185302734375,61.6171875,116.87157440185547,20250225-161956
3459,166,0,0.3603515625,1.6249680519104004,761.55126953125,96.99169921875,176.6241455078125,20250225-161956
3459,134,0,0.363037109375,2.5827956199645996,32.025718688964844,153.99586486816406,180.1251220703125,20250225-161956
3459,155,0,0.56982421875,136.50941467285156,1248.6339111328125,141.44000244140625,299.3233642578125,20250225-161956
3459,171,0,0.60595703125,98.49251556396484,940.8323974609375,118.22552490234375,112.34864044189453,20250225-161956
3459,161,0,0.63623046875,186.76849365234375,1572.5482177734375,176.350341796875,152.5506134033203,20250225-161956
3459,138,0,0.71142578125,83.80188751220703,3.56634521484375,513.94921875,632.7262573242188,20250225-161956
3459,169,0,0.82177734375,147.11508178710938,1375.379150390625,234.3709716796875,243.73727416992188,20250225-161956
3459,163,0,0.82861328125,145.3861083984375,951.7452392578125,361.71734619140625,353.8633117675781,20250225-161956
3459,160,0,0.86376953125,72.03130340576172,516.8043823242188,466.874267578125,435.66339111328125,20250225-161956
3459,152,0,0.88037109375,387.9574279785156,1241.2254638671875,677.196533203125,679.7169799804688,20250225-161956
3460,159,0,0.235107421875,265.12115478515625,1860.9210205078125,58.51776123046875,130.02035522460938,20250225-161956
3460,155,0,0.42333984375,118.32652282714844,1252.5146484375,140.49188232421875,297.7616882324219,20250225-161956
3460,170,0,0.455078125,59.001625061035156,795.3153076171875,94.11099243164062,132.99462890625,20250225-161956
3460,171,0,0.57373046875,71.98746490478516,940.9905395507812,119.91366577148438,120.83426666259766,20250225-161956
3460,138,0,0.58203125,56.75785827636719,0.993438720703125,543.28125,654.3887329101562,20250225-161956
3460,161,0,0.640625,168.83303833007812,1575.8583984375,176.54058837890625,153.5543670654297,20250225-161956
3460,169,0,0.810546875,129.91323852539062,1369.8515625,241.2593994140625,247.69088745117188,20250225-161956
3460,163,0,0.8193359375,121.10173797607422,959.2781982421875,354.9359436035156,399.41949462890625,20250225-161956
3460,160,0,0.865234375,46.92131805419922,512.3790893554688,471.536865234375,442.2048645019531,20250225-161956
3460,152,0,0.9150390625,383.4144287109375,1233.1387939453125,684.299560546875,684.392822265625,20250225-161956
3461,171,0,0.384033203125,54.640647888183594,945.7271118164062,107.77716064453125,115.70130920410156,20250225-161956
3461,170,0,0.391357421875,37.672889709472656,791.5999755859375,88.98321533203125,126.70130920410156,20250225-161956
3461,155,0,0.5166015625,95.23261260986328,1252.459228515625,141.8792724609375,309.3835754394531,20250225-161956
3461,161,0,0.57373046875,148.64373779296875,1573.808349609375,266.6422119140625,220.56895446777344,20250225-161956
3461,169,0,0.78857421875,108.40164947509766,1372.8050537109375,240.652587890625,248.87741088867188,20250225-161956
3461,138,0,0.81298828125,31.174606323242188,1.6021270751953125,596.6123046875,665.980224609375,20250225-161956
3461,163,0,0.81640625,103.1180191040039,957.8880615234375,354.6204528808594,408.5526123046875,20250225-161956
3461,160,0,0.8681640625,33.74781036376953,515.1465454101562,468.8719482421875,434.7005615234375,20250225-161956
3461,152,0,0.8916015625,373.2618713378906,1234.413330078125,683.3389892578125,694.7884521484375,20250225-161956
3462,170,0,0.32763671875,12.047334671020508,794.0736694335938,98.0167236328125,138.7075653076172,20250225-161956
3462,159,0,0.352294921875,276.4724426269531,1860.449462890625,58.9764404296875,102.97944641113281,20250225-161956
3462,171,0,0.43017578125,37.457969665527344,940.0704345703125,116.80609130859375,114.6498031616211,20250225-161956
3462,155,0,0.5068359375,79.8708724975586,1243.42724609375,149.41635131835938,304.4468688964844,20250225-161956
3462,161,0,0.53515625,133.86233520507812,1583.9619140625,169.5216064453125,156.51206970214844,20250225-161956
3462,169,0,0.55712890625,89.87825012207031,1379.10546875,237.12542724609375,249.41171264648438,20250225-161956
3462,138,0,0.818359375,16.814746856689453,0.4178009033203125,483.35333251953125,728.8436279296875,20250225-161956
3462,163,0,0.8671875,81.22377014160156,959.5321655273438,356.9867248535156,367.7657775878906,20250225-161956
3462,160,0,0.875,10.792865753173828,503.65338134765625,494.8978271484375,447.3359069824219,20250225-161956
3462,152,0,0.89453125,369.4734802246094,1233.402587890625,684.1922607421875,699.21337890625,20250225-161956
3463,170,0,0.2401123046875,2.059292793273926,795.6181640625,83.987548828125,95.04694366455078,20250225-161956
3463,159,0,0.287841796875,266.2703552246094,1852.1268310546875,67.2777099609375,123.59082794189453,20250225-161956
3463,171,0,0.61962890625,4.965176582336426,941.0839233398438,117.16159057617188,131.19126892089844,20250225-161956
3463,155,0,0.6396484375,65.16339111328125,1242.500244140625,153.12918090820312,314.13116455078125,20250225-161956
3463,161,0,0.6396484375,120.68888092041016,1590.97265625,162.41070556640625,145.4578857421875,20250225-161956
3463,169,0,0.65380859375,78.45236206054688,1380.004150390625,240.0384521484375,253.16323852539062,20250225-161956
3463,138,0,0.77197265625,5.134263038635254,1.566558837890625,509.2662048339844,691.2191162109375,20250225-161956
3463,152,0,0.83935546875,361.58331298828125,1229.3756103515625,688.6329345703125,707.1768188476562,20250225-161956
3463,160,0,0.880859375,6.871304512023926,501.3651123046875,497.42926025390625,433.40673828125,20250225-161956
3463,163,0,0.892578125,66.98106384277344,958.2275390625,360.8291015625,365.3345031738281,20250225-161956
3464,168,0,0.32080078125,55.32403564453125,483.1853942871094,122.38330078125,210.1948699951172,20250225-161956
3464,166,0,0.322509765625,0.10913372039794922,768.0448608398438,171.86984252929688,131.59011840820312,20250225-161956
3464,155,0,0.4931640625,55.977638244628906,1240.4769287109375,148.05349731445312,163.48507690429688,20250225-161956
3464,161,0,0.56005859375,112.00698852539062,1591.143310546875,158.86468505859375,145.11102294921875,20250225-161956
3464,171,0,0.72509765625,2.808380126953125,935.7073974609375,120.19931030273438,128.9982147216797,20250225-161956
3464,138,0,0.7421875,2.046675682067871,0.0,490.2622375488281,696.5179443359375,20250225-161956
3464,152,0,0.75634765625,355.9891662597656,1223.1844482421875,695.0302734375,712.9203491210938,20250225-161956
3464,169,0,0.83056640625,70.01367950439453,1382.6671142578125,236.675537109375,259.3514099121094,20250225-161956
3464,163,0,0.89013671875,56.27214431762695,956.952392578125,360.5354919433594,367.6628723144531,20250225-161956
3464,160,0,0.89306640625,3.912506103515625,496.1092529296875,500.9102783203125,428.1500244140625,20250225-161956
3465,168,0,0.21240234375,0.0,482.057373046875,258.655517578125,264.5703430175781,20250225-161956
3465,159,0,0.3603515625,214.67803955078125,1851.10986328125,68.3056640625,164.22616577148438,20250225-161956
3465,166,0,0.392333984375,0.0,786.9028930664062,141.96121215820312,119.26374053955078,20250225-161956
3465,161,0,0.529296875,108.561767578125,1566.77197265625,271.85247802734375,212.20144653320312,20250225-161956
3465,155,0,0.673828125,51.37902069091797,1240.930419921875,149.44839477539062,325.22607421875,20250225-161956
3465,171,0,0.72412109375,0.8976280689239502,933.1635131835938,119.3375244140625,120.63436889648438,20250225-161956
3465,152,0,0.76904296875,356.1103210449219,1218.3572998046875,699.6907958984375,713.286865234375,20250225-161956
3465,138,0,0.8193359375,2.807478904724121,0.0656890869140625,580.0614013671875,658.49072265625,20250225-161956
3465,169,0,0.82958984375,63.17650604248047,1378.01416015625,235.58441162109375,257.6257019042969,20250225-161956
3465,163,0,0.8837890625,49.80012512207031,950.4266967773438,363.0661926269531,368.1295471191406,20250225-161956
3465,160,0,0.90380859375,4.707555770874023,494.87384033203125,499.30426025390625,422.2076416015625,20250225-161956
3466,166,0,0.357666015625,0.0,781.1661987304688,151.90292358398438,114.57412719726562,20250225-161956
3466,159,0,0.444580078125,211.9851531982422,1848.0040283203125,71.4144287109375,163.67440795898438,20250225-161956
3466,155,0,0.4580078125,45.89228439331055,1232.9637451171875,152.96502685546875,320.02392578125,20250225-161956
3466,138,0,0.4814453125,4.010739326477051,0.154449462890625,502.9164733886719,641.6702270507812,20250225-161956
3466,168,0,0.5009765625,2.582237720489502,476.8279724121094,271.7586364746094,244.3398895263672,20250225-161956
3466,161,0,0.5146484375,103.30729675292969,1574.477783203125,172.61773681640625,149.42922973632812,20250225-161956
3466,171,0,0.75048828125,0.9674406051635742,930.6780395507812,121.1092529296875,114.40237426757812,20250225-161956
3466,152,0,0.81396484375,366.9664611816406,1228.4765625,689.136474609375,701.8624877929688,20250225-161956
3466,169,0,0.81396484375,59.483360290527344,1372.3143310546875,237.58758544921875,259.1718444824219,20250225-161956
3466,163,0,0.89697265625,44.97043228149414,947.222900390625,362.3952941894531,372.7964172363281,20250225-161956
3466,160,0,0.90625,4.333634376525879,490.8071594238281,490.2879638671875,419.4121398925781,20250225-161956
3467,166,0,0.279052734375,0.4784524440765381,781.7947998046875,134.57070922851562,95.98017883300781,20250225-161956
3467,168,0,0.42822265625,2.1109414100646973,472.0240173339844,273.0293884277344,212.34027099609375,20250225-161956
3467,138,0,0.4765625,2.727527618408203,0.4364776611328125,571.5386962890625,648.7047119140625,20250225-161956
3467,161,0,0.5419921875,99.92185974121094,1563.7100830078125,178.59100341796875,152.30616760253906,20250225-161956
3467,159,0,0.57958984375,208.02719116210938,1839.3153076171875,80.15093994140625,180.09849548339844,20250225-161956
3467,155,0,0.5859375,39.127079010009766,1230.0765380859375,150.37884521484375,167.85333251953125,20250225-161956
3467,152,0,0.7080078125,373.3824157714844,1226.62353515625,690.977783203125,694.9710693359375,20250225-161956
3467,171,0,0.78515625,0.18887042999267578,928.75634765625,117.12039184570312,107.87261199951172,20250225-161956
3467,169,0,0.86865234375,53.418006896972656,1373.419677734375,233.90606689453125,258.6865234375,20250225-161956
3467,163,0,0.8955078125,37.88360595703125,943.1515502929688,361.6512451171875,372.36456298828125,20250225-161956
3467,160,0,0.90576171875,3.6808061599731445,485.80645751953125,502.01641845703125,416.0312194824219,20250225-161956
3468,168,0,0.373046875,2.570350170135498,469.927001953125,270.8607177734375,208.2596893310547,20250225-161956
3468,155,0,0.422607421875,33.820411682128906,1231.70361328125,148.31076049804688,333.3739929199219,20250225-161956
3468,161,0,0.474609375,99.56100463867188,1566.5350341796875,174.06573486328125,153.1310272216797,20250225-161956
3468,159,0,0.68359375,198.79649353027344,1837.0103759765625,82.47491455078125,186.44158935546875,20250225-161956
3468,171,0,0.75634765625,0.0,921.4337768554688,124.66342163085938,104.78123474121094,20250225-161956
3468,152,0,0.77392578125,381.3816223144531,1003.6380615234375,913.1605224609375,688.7360229492188,20250225-161956
3468,138,0,0.79931640625,2.9327917098999023,0.311004638671875,568.8989868164062,653.8653564453125,20250225-161956
3468,169,0,0.8701171875,52.979496002197266,1372.9720458984375,233.30712890625,255.4406280517578,20250225-161956
3468,163,0,0.88330078125,29.835647583007812,942.95947265625,358.5958557128906,378.6771545410156,20250225-161956
3468,160,0,0.91162109375,4.0598344802856445,482.03594970703125,507.9019775390625,412.2416687011719,20250225-161956
3469,166,0,0.369384765625,17.954683303833008,851.9183349609375,73.146240234375,76.30150604248047,20250225-161956
3469,161,0,0.446533203125,102.26812744140625,1560.850830078125,176.5396728515625,160.07208251953125,20250225-161956
3469,155,0,0.4833984375,34.89303970336914,1227.4061279296875,151.7142333984375,330.0863342285156,20250225-161956
3469,168,0,0.5234375,3.6066269874572754,466.5793762207031,124.50691223144531,220.5548858642578,20250225-161956
3469,159,0,0.66015625,195.48870849609375,1836.1658935546875,83.31976318359375,195.3125762939453,20250225-161956
3469,138,0,0.7919921875,1.889176368713379,0.8560638427734375,492.7181396484375,643.7139892578125,20250225-161956
3469,171,0,0.81640625,0.0,921.6502075195312,123.99636840820312,104.1794662475586,20250225-161956
3469,152,0,0.833984375,384.2463073730469,1223.5452880859375,694.8602294921875,684.4652099609375,20250225-161956
3469,169,0,0.857421875,54.61252212524414,1361.860107421875,243.3013916015625,256.4228210449219,20250225-161956
3469,163,0,0.89306640625,27.254247665405273,941.1617431640625,358.3279724121094,380.8261413574219,20250225-161956
3469,160,0,0.91455078125,2.5379276275634766,481.3583679199219,508.6441955566406,411.7680358886719,20250225-161956
3470,166,0,0.4609375,13.834169387817383,848.2745361328125,78.63253784179688,82.5985107421875,20250225-161956
3470,155,0,0.513671875,37.77035140991211,1227.2449951171875,151.471435546875,334.34503173828125,20250225-161956
3470,159,0,0.57177734375,198.84112548828125,1831.6197509765625,87.82891845703125,193.9944305419922,20250225-161956
3470,168,0,0.587890625,2.88665771484375,466.71441650390625,123.88467407226562,212.95162963867188,20250225-161956
3470,161,0,0.69580078125,109.96540069580078,1551.7166748046875,181.58038330078125,152.85800170898438,20250225-161956
3470,152,0,0.73583984375,395.5877990722656,1227.2054443359375,690.32373046875,673.2777099609375,20250225-161956
3470,138,0,0.82080078125,2.590670585632324,0.8014984130859375,460.9933776855469,649.3145141601562,20250225-161956
3470,171,0,0.83447265625,0.0,923.1740112304688,121.96115112304688,104.55038452148438,20250225-161956
3470,169,0,0.853515625,59.370384216308594,1361.107666015625,242.86431884765625,256.5307312011719,20250225-161956
3470,163,0,0.89892578125,30.360374450683594,941.0738525390625,356.5938720703125,384.3219299316406,20250225-161956
3470,160,0,0.91357421875,1.6879463195800781,482.27783203125,506.542236328125,410.9825134277344,20250225-161956
3471,170,0,0.422607421875,1.6777002811431885,761.808837890625,163.2330322265625,94.71186065673828,20250225-161956
3471,168,0,0.448486328125,3.133249282836914,465.5776062011719,125.39057922363281,226.8046112060547,20250225-161956
3471,155,0,0.5126953125,41.381202697753906,1225.849853515625,150.26385498046875,166.11131286621094,20250225-161956
3471,159,0,0.5830078125,200.9899444580078,1828.483154296875,90.96478271484375,196.26014709472656,20250225-161956
3471,152,0,0.72705078125,401.7614440917969,1228.864013671875,688.4945068359375,666.4837036132812,20250225-161956
3471,171,0,0.7919921875,0.0,923.2736206054688,119.46304321289062,103.9238510131836,20250225-161956
3471,138,0,0.79833984375,2.172718048095703,0.85821533203125,467.6331787109375,621.6534423828125,20250225-161956
3471,161,0,0.81396484375,116.28309631347656,1548.183837890625,182.39666748046875,153.68637084960938,20250225-161956
3471,169,0,0.83544921875,65.51348876953125,1356.3541259765625,245.55029296875,254.30654907226562,20250225-161956
3471,163,0,0.88427734375,31.891036987304688,940.2918701171875,355.21673583984375,387.51654052734375,20250225-161956
3471,160,0,0.9091796875,2.872753143310547,482.145263671875,505.8822326660156,413.5402526855469,20250225-161956
3472,170,0,0.403564453125,1.2246966361999512,798.306884765625,123.98931884765625,94.775390625,20250225-161957
3472,155,0,0.552734375,45.741127014160156,1221.474853515625,154.401123046875,163.4754180908203,20250225-161957
3472,159,0,0.55810546875,199.3650360107422,1825.1004638671875,93.8228759765625,200.31887817382812,20250225-161957
3472,168,0,0.56591796875,3.0434060096740723,464.08148193359375,126.66998291015625,214.60043334960938,20250225-161957
3472,161,0,0.7919921875,118.77384948730469,1545.0216064453125,183.66925048828125,151.721435546875,20250225-161957
3472,171,0,0.80322265625,0.0,919.39892578125,123.36300659179688,107.33634185791016,20250225-161957
3472,152,0,0.81982421875,400.76373291015625,1223.9935302734375,693.7513427734375,668.2413330078125,20250225-161957
3472,169,0,0.85400390625,69.4931640625,1361.494384765625,238.40771484375,248.33505249023438,20250225-161957
3472,138,0,0.85791015625,2.0012712478637695,0.9356689453125,450.96185302734375,639.023681640625,20250225-161957
3472,163,0,0.88623046875,33.94355010986328,938.384765625,352.4949645996094,382.35076904296875,20250225-161957
3472,160,0,0.916015625,3.0323123931884766,480.99810791015625,511.98358154296875,409.52044677734375,20250225-161957
3473,170,0,0.462890625,0.06856799125671387,799.3075561523438,121.39242553710938,100.7132797241211,20250225-161957
3473,168,0,0.48828125,3.1161904335021973,462.9291687011719,127.59507751464844,222.91465759277344,20250225-161957
3473,155,0,0.4892578125,47.574275970458984,1221.46728515625,152.47174072265625,167.9128875732422,20250225-161957
3473,159,0,0.6083984375,197.91278076171875,1823.1533203125,95.67938232421875,197.64730834960938,20250225-161957
3473,152,0,0.65673828125,386.46429443359375,994.9026489257812,921.9686279296875,683.4124755859375,20250225-161957
3473,161,0,0.7490234375,118.39570617675781,1544.133544921875,183.2135009765625,153.83871459960938,20250225-161957
3473,171,0,0.81640625,0.0,918.22265625,122.80133056640625,108.47076416015625,20250225-161957
3473,138,0,0.81689453125,4.223041534423828,0.26806640625,467.2953186035156,645.8980712890625,20250225-161957
3473,169,0,0.8466796875,71.52116394042969,1342.5025634765625,251.34942626953125,255.22708129882812,20250225-161957
3473,163,0,0.87890625,36.87672424316406,933.75439453125,358.0965270996094,381.0289611816406,20250225-161957
3473,160,0,0.91455078125,2.2664880752563477,479.8558044433594,507.3522033691406,414.3667907714844,20250225-161957
3474,168,0,0.5068359375,2.4846911430358887,465.26055908203125,286.4766845703125,211.0505828857422,20250225-161957
3474,170,0,0.515625,0.5968344211578369,801.8915405273438,118.578369140625,103.24736785888672,20250225-161957
3474,155,0,0.5234375,49.16446304321289,1220.32470703125,153.8880615234375,161.22198486328125,20250225-161957
3474,152,0,0.552734375,400.4276123046875,1218.5819091796875,699.160400390625,667.6808471679688,20250225-161957
3474,159,0,0.689453125,194.15773010253906,1822.5281982421875,96.4844970703125,202.64016723632812,20250225-161957
3474,171,0,0.775390625,0.0,915.8432006835938,123.448974609375,111.17010498046875,20250225-161957
3474,161,0,0.80126953125,118.61125183105469,1545.8997802734375,180.5980224609375,148.21400451660156,20250225-161957
3474,169,0,0.84912109375,71.86122131347656,1358.70166015625,235.27862548828125,250.15130615234375,20250225-161957
3474,138,0,0.8642578125,2.5154829025268555,1.1224365234375,559.89599609375,670.193115234375,20250225-161957
3474,163,0,0.88916015625,39.87908172607422,936.2332763671875,355.3173522949219,378.46746826171875,20250225-161957
3474,160,0,0.91357421875,2.5162553787231445,478.9331359863281,509.78668212890625,417.740478515625,20250225-161957
3475,168,0,0.362060546875,2.4460673332214355,467.490234375,280.7392272949219,189.3539581298828,20250225-161957
3475,155,0,0.55908203125,49.92829132080078,1221.6575927734375,154.390869140625,159.10189819335938,20250225-161957
3475,170,0,0.60009765625,0.05392313003540039,805.7155151367188,117.0999755859375,107.28373718261719,20250225-161957
3475,138,0,0.77587890625,4.124636650085449,0.268707275390625,481.968505859375,660.5687255859375,20250225-161957
3475,171,0,0.7822265625,0.6777620315551758,917.9430541992188,122.07138061523438,110.95248413085938,20250225-161957
3475,159,0,0.787109375,191.32325744628906,1826.95361328125,91.8724365234375,198.70001220703125,20250225-161957
3475,161,0,0.81591796875,118.3340072631836,1545.8763427734375,181.5845947265625,153.79640197753906,20250225-161957
3475,169,0,0.83447265625,69.64983367919922,1348.6959228515625,247.5791015625,252.9493865966797,20250225-161957
3475,152,0,0.86474609375,368.1982116699219,1215.7271728515625,702.0623779296875,701.0130615234375,20250225-161957
3475,163,0,0.88037109375,42.78578186035156,937.2050170898438,355.7478332519531,372.8187561035156,20250225-161957
3475,160,0,0.91162109375,3.175692558288574,480.23876953125,505.8600769042969,418.1056213378906,20250225-161957
3476,168,0,0.367431640625,22.378292083740234,469.49560546875,118.7958984375,197.942138671875,20250225-161957
3476,155,0,0.5244140625,49.202186584472656,1229.461181640625,153.87039184570312,326.16705322265625,20250225-161957
3476,170,0,0.5498046875,0.7026207447052002,811.9031982421875,116.70639038085938,110.26739501953125,20250225-161957
3476,159,0,0.55908203125,188.15370178222656,1824.364013671875,94.47637939453125,194.3585662841797,20250225-161957
3476,171,0,0.6943359375,0.9093976020812988,921.6699829101562,121.20364379882812,112.6674575805664,20250225-161957
3476,138,0,0.765625,3.2358598709106445,0.0,528.4282836914062,613.9862060546875,20250225-161957
3476,161,0,0.8037109375,116.34980773925781,1554.919921875,180.3138427734375,151.70333862304688,20250225-161957
3476,169,0,0.84716796875,67.61196899414062,1365.008544921875,237.67950439453125,249.18206787109375,20250225-161957
3476,152,0,0.87451171875,363.72967529296875,1215.7784423828125,701.8045654296875,705.5663452148438,20250225-161957
3476,163,0,0.8876953125,41.362152099609375,944.47265625,355.8417663574219,379.3961181640625,20250225-161957
3476,160,0,0.9140625,2.5133800506591797,487.62176513671875,502.49981689453125,421.0877685546875,20250225-161957
3477,170,0,0.20947265625,3.7679457664489746,826.09716796875,116.63278198242188,119.99299621582031,20250225-161957
3477,168,0,0.32080078125,3.0042028427124023,479.93572998046875,288.37371826171875,234.68972778320312,20250225-161957
3477,171,0,0.323486328125,0.0,918.6400146484375,135.30963134765625,122.78434753417969,20250225-161957
3477,159,0,0.4951171875,189.58547973632812,1817.5484619140625,102.1160888671875,188.07559204101562,20250225-161957
3477,138,0,0.62158203125,2.3331356048583984,0.4338226318359375,478.7373962402344,617.5115356445312,20250225-161957
3477,155,0,0.6279296875,53.215843200683594,1237.807373046875,156.87322998046875,323.2242126464844,20250225-161957
3477,161,0,0.7578125,116.67456817626953,1565.5404052734375,181.42950439453125,150.37921142578125,20250225-161957
3477,169,0,0.8515625,69.1197509765625,1376.656982421875,233.68963623046875,258.45391845703125,20250225-161957
3477,152,0,0.87890625,356.23040771484375,1215.869384765625,702.0908203125,713.5615844726562,20250225-161957
3477,163,0,0.88232421875,46.36127471923828,952.2013549804688,355.60272216796875,380.5829772949219,20250225-161957
3477,160,0,0.89306640625,2.030925750732422,498.5050048828125,501.02435302734375,423.2289733886719,20250225-161957
3478,168,0,0.2108154296875,42.4867057800293,487.991943359375,121.79525756835938,231.22637939453125,20250225-161957
3478,170,0,0.36474609375,0.6946063041687012,840.5615844726562,130.81008911132812,132.4826202392578,20250225-161957
3478,171,0,0.39697265625,1.7460966110229492,936.1387939453125,123.46334838867188,119.56022644042969,20250225-161957
3478,155,0,0.455078125,58.022640228271484,1247.0379638671875,153.13156127929688,164.87376403808594,20250225-161957
3478,161,0,0.65673828125,121.32991027832031,1586.6458740234375,171.9012451171875,144.404052734375,20250225-161957
3478,138,0,0.78466796875,3.9583826065063477,0.7428131103515625,481.5456848144531,628.803955078125,20250225-161957
3478,169,0,0.83056640625,73.73272705078125,1388.80810546875,233.36224365234375,252.98634338378906,20250225-161957
3478,152,0,0.84814453125,351.22998046875,1215.2991943359375,703.10888671875,716.3312377929688,20250225-161957
3478,163,0,0.8896484375,54.17577362060547,959.5834350585938,358.2528991699219,373.0589294433594,20250225-161957
3478,160,0,0.8935546875,3.147411346435547,509.9295959472656,493.8776550292969,427.2426452636719,20250225-161957
3479,168,0,0.22265625,53.228675842285156,502.1509094238281,124.4501953125,232.88475036621094,20250225-161957
3479,170,0,0.412109375,3.4622490406036377,851.422119140625,125.05947875976562,141.90367126464844,20250225-161957
3479,171,0,0.438720703125,3.3691442012786865,949.0021362304688,119.77029418945312,135.1270294189453,20250225-161957
3479,155,0,0.52734375,66.96542358398438,1257.64453125,153.7738037109375,167.1851348876953,20250225-161957
3479,161,0,0.61865234375,127.22279357910156,1610.3294677734375,262.84881591796875,215.56759643554688,20250225-161957
3479,169,0,0.7734375,80.88106536865234,1394.930908203125,238.51959228515625,254.5400848388672,20250225-161957
3479,152,0,0.818359375,331.4681701660156,1215.0498046875,703.348388671875,735.7139892578125,20250225-161957
3479,138,0,0.8291015625,3.7134647369384766,0.5504608154296875,498.1436462402344,682.9212646484375,20250225-161957
3479,163,0,0.841796875,63.95463562011719,971.1026000976562,355.3217468261719,378.545654296875,20250225-161957
3479,160,0,0.89306640625,3.4170055389404297,528.8765258789062,484.16876220703125,432.6925048828125,20250225-161957
3480,167,0,0.294189453125,0.3637397289276123,862.620361328125,212.88885498046875,161.0847930908203,20250225-161957
3480,155,0,0.48046875,79.41988372802734,1268.00927734375,152.18142700195312,170.53587341308594,20250225-161957
3480,161,0,0.69677734375,135.60960388183594,1608.73828125,291.21697998046875,211.58595275878906,20250225-161957
3480,163,0,0.810546875,75.59465026855469,983.4517822265625,352.5762634277344,383.662109375,20250225-161957
3480,169,0,0.83642578125,89.91522216796875,1408.1561279296875,234.22412109375,258.37005615234375,20250225-161957
3480,138,0,0.8427734375,2.2380781173706055,0.5445556640625,509.4071044921875,711.8421630859375,20250225-161957
3480,160,0,0.87451171875,8.019461631774902,538.068115234375,474.30322265625,442.4323425292969,20250225-161957
3480,152,0,0.88818359375,343.96630859375,1212.0615234375,706.540283203125,723.339599609375,20250225-161957
3481,171,0,0.291748046875,40.263240814208984,962.004638671875,123.61587524414062,131.0273895263672,20250225-161957
3481,155,0,0.349609375,95.15816497802734,1277.6422119140625,149.70501708984375,167.16522216796875,20250225-161957
3481,161,0,0.42626953125,145.05442810058594,1616.244140625,253.82354736328125,194.153564453125,20250225-161957
3481,170,0,0.4599609375,40.360252380371094,883.8807373046875,111.91021728515625,138.99838256835938,20250225-161957
3481,138,0,0.7607421875,15.72718620300293,0.7804412841796875,534.9044189453125,739.6749877929688,20250225-161957
3481,169,0,0.7744140625,101.70036315917969,1418.1163330078125,236.7659912109375,252.06979370117188,20250225-161957
3481,163,0,0.80615234375,92.06379699707031,991.833251953125,351.8238830566406,381.0584411621094,20250225-161957
3481,160,0,0.87060546875,25.224994659423828,540.4248046875,481.092041015625,441.14703369140625,20250225-161957
3481,152,0,0.9033203125,327.6709289550781,1211.647705078125,706.106689453125,741.4414672851562,20250225-161957
3482,171,0,0.30908203125,66.21781158447266,984.1605834960938,107.67837524414062,127.38299560546875,20250225-161957
3482,155,0,0.439697265625,109.33100128173828,1289.265380859375,149.05068969726562,167.84942626953125,20250225-161957
3482,170,0,0.4658203125,64.95484161376953,892.0704345703125,117.378662109375,136.10238647460938,20250225-161957
3482,138,0,0.4814453125,48.991127014160156,1.036285400390625,557.7066040039062,723.18017578125,20250225-161957
3482,161,0,0.6669921875,155.97848510742188,1627.7471923828125,185.0101318359375,164.21873474121094,20250225-161957
3482,169,0,0.70166015625,117.00148010253906,1428.6243896484375,235.3260498046875,249.97943115234375,20250225-161957
3482,163,0,0.81005859375,112.00625610351562,1001.1630249023438,348.7475280761719,429.63568115234375,20250225-161957
3482,160,0,0.85498046875,45.069007873535156,559.115478515625,463.2030029296875,435.1996154785156,20250225-161957
3482,152,0,0.8984375,340.38641357421875,1205.269775390625,712.7105712890625,728.3287353515625,20250225-161957
3483,167,0,0.291748046875,0.3139364719390869,932.83544921875,116.74273681640625,154.97657775878906,20250225-161957
3483,170,0,0.391357421875,89.26327514648438,921.6236572265625,102.941162109375,133.24746704101562,20250225-161957
3483,166,0,0.4951171875,1.099555492401123,817.584228515625,106.58908081054688,213.71966552734375,20250225-161957
3483,155,0,0.4990234375,124.72271728515625,1297.4805908203125,146.93856811523438,170.3438262939453,20250225-161957
3483,138,0,0.6103515625,77.43112182617188,4.373291015625,579.4854736328125,779.2893676757812,20250225-161957
3483,161,0,0.7724609375,168.10107421875,1660.46044921875,163.24713134765625,142.02381896972656,20250225-161957
3483,169,0,0.845703125,129.1658172607422,1440.9906005859375,229.8193359375,247.78744506835938,20250225-161957
3483,163,0,0.84765625,132.72218322753906,1009.91015625,347.37835693359375,417.06829833984375,20250225-161957
3483,160,0,0.8759765625,69.7933120727539,572.6180419921875,465.00054931640625,428.9847412109375,20250225-161957
3483,152,0,0.90380859375,331.3289489746094,1197.5833740234375,720.185302734375,736.66162109375,20250225-161957
3484,134,0,0.2421875,32.83384323120117,129.257080078125,133.14381408691406,223.62181091308594,20250225-161957
3484,170,0,0.2493896484375,101.02139282226562,930.2059936523438,100.14907836914062,147.0277557373047,20250225-161957
3484,167,0,0.30078125,5.74411153793335,938.4838256835938,117.71630859375,181.4560089111328,20250225-161957
3484,138,0,0.355712890625,113.12149810791016,10.379287719726562,616.5811767578125,809.9371948242188,20250225-161957
3484,155,0,0.4931640625,142.88783264160156,1303.029541015625,158.08236694335938,275.7900390625,20250225-161957
3484,166,0,0.5185546875,3.7363600730895996,827.8746337890625,108.2156982421875,238.68060302734375,20250225-161957
3484,161,0,0.72265625,178.4320831298828,1662.0794677734375,172.6790771484375,143.33265686035156,20250225-161957
3484,163,0,0.833984375,152.82876586914062,1020.8785400390625,346.8450622558594,417.4761657714844,20250225-161957
3484,160,0,0.8740234375,100.50129699707031,578.4956665039062,473.72723388671875,419.1309814453125,20250225-161957
3484,169,0,0.8779296875,138.90538024902344,1451.2327880859375,226.8585205078125,245.2682342529297,20250225-161957
3484,152,0,0.927734375,315.3062438964844,1193.41015625,724.3519287109375,751.8546752929688,20250225-161957
3485,134,0,0.204345703125,79.8069839477539,154.7259979248047,133.24346923828125,225.3185577392578,20250225-161957
3485,162,0,0.355712890625,8.573713302612305,0.45288848876953125,194.1950225830078,735.4306640625,20250225-161957
3485,166,0,0.478515625,21.131193161010742,843.047607421875,103.30096435546875,251.5374298095703,20250225-161957
3485,138,0,0.49609375,161.81101989746094,94.0638427734375,578.3406372070312,712.7011108398438,20250225-161957
3485,155,0,0.5068359375,164.58583068847656,1321.2425537109375,151.54678344726562,275.9835205078125,20250225-161957
3485,161,0,0.59912109375,189.4422149658203,1678.7266845703125,175.71368408203125,142.96224975585938,20250225-161957
3485,169,0,0.8056640625,155.28334045410156,1459.0283203125,229.5252685546875,245.21356201171875,20250225-161957
3485,163,0,0.859375,186.2139892578125,1029.979248046875,346.6665344238281,414.1195068359375,20250225-161957
3485,160,0,0.86328125,147.5833740234375,606.6336059570312,448.61749267578125,397.85906982421875,20250225-161957
3485,152,0,0.916015625,309.4608154296875,1197.169677734375,720.57275390625,757.6043090820312,20250225-161957
3486,155,0,0.33544921875,190.19569396972656,1336.86083984375,159.429931640625,271.6071472167969,20250225-161957
3486,161,0,0.436767578125,205.5320587158203,1717.5025634765625,168.45684814453125,134.717529296875,20250225-161957
3486,166,0,0.4560546875,61.12079620361328,856.2257080078125,158.98489379882812,256.0579528808594,20250225-161957
3486,162,0,0.55810546875,30.437793731689453,0.7321929931640625,230.97926330566406,745.3616943359375,20250225-161957
3486,138,0,0.65576171875,191.736572265625,161.83831787109375,501.0581359863281,601.2322387695312,20250225-161957
3486,169,0,0.681640625,175.928466796875,1473.077392578125,233.79776000976562,213.8097381591797,20250225-161957
3486,163,0,0.8583984375,212.13780212402344,1053.13623046875,348.2171630859375,411.94000244140625,20250225-161957
3486,152,0,0.87744140625,320.55059814453125,1199.324462890625,718.3167724609375,746.0814819335938,20250225-161957
3486,160,0,0.88232421875,190.25531005859375,642.6026000976562,439.74609375,384.3590087890625,20250225-161957
3487,134,0,0.220703125,184.54615783691406,223.40135192871094,124.84590911865234,191.89857482910156,20250225-161957
3487,166,0,0.29248046875,99.06958770751953,882.2655029296875,116.19808959960938,239.22532653808594,20250225-161957
3487,162,0,0.4638671875,170.5102996826172,3.404571533203125,261.833740234375,555.03515625,20250225-161957
3487,169,0,0.5185546875,189.65916442871094,1502.2071533203125,239.263916015625,201.4516143798828,20250225-161957
3487,138,0,0.67822265625,243.56019592285156,187.79489135742188,451.5951232910156,562.7518920898438,20250225-161957
3487,160,0,0.814453125,214.20388793945312,649.2017211914062,461.684326171875,381.26318359375,20250225-161957
3487,163,0,0.81982421875,232.07254028320312,1078.777099609375,346.4080810546875,415.00897216796875,20250225-161957
3487,152,0,0.888671875,321.96044921875,1215.4420166015625,703.4036865234375,745.84716796875,20250225-161957
3488,166,0,0.260498046875,125.93400573730469,920.2620849609375,99.80538940429688,225.7469024658203,20250225-161957
3488,155,0,0.271240234375,224.90550231933594,1419.3577880859375,147.6588134765625,159.3355712890625,20250225-161957
3488,169,0,0.34423828125,201.59620666503906,1641.25634765625,129.3511962890625,124.13246154785156,20250225-161957
3488,162,0,0.34765625,154.7422637939453,14.431388854980469,307.19482421875,649.3185424804688,20250225-161957
3488,138,0,0.5888671875,272.7710266113281,257.90899658203125,433.5831298828125,542.0693969726562,20250225-161957
3488,160,0,0.67138671875,245.2769775390625,699.4432983398438,492.519287109375,363.25262451171875,20250225-161957
3488,163,0,0.70068359375,250.3000946044922,1109.9259033203125,324.5350341796875,414.53131103515625,20250225-161957
3488,152,0,0.84521484375,303.60784912109375,1233.482421875,684.92724609375,763.6334228515625,20250225-161957
3489,161,0,0.2139892578125,211.6209716796875,1687.5992431640625,140.41351318359375,135.51113891601562,20250225-161957
3489,171,0,0.254638671875,151.884521484375,1055.497802734375,194.8927001953125,312.5533447265625,20250225-161957
3489,166,0,0.33203125,147.82289123535156,965.5872802734375,104.63003540039062,226.39517211914062,20250225-161957
3489,162,0,0.35400390625,89.34708404541016,56.50774383544922,317.549560546875,745.4564208984375,20250225-161957
3489,163,0,0.4912109375,267.37109375,1150.10302734375,234.01519775390625,404.74310302734375,20250225-161957
3489,160,0,0.5322265625,268.6633605957031,752.8577270507812,398.54443359375,351.7256774902344,20250225-161957
3489,138,0,0.6103515625,298.32843017578125,331.0001220703125,399.3870849609375,537.7952880859375,20250225-161957
3489,152,0,0.85205078125,302.841064453125,1256.7982177734375,661.3699951171875,764.0826416015625,20250225-161957
3490,166,0,0.2069091796875,164.8984832763672,1019.58544921875,105.932373046875,215.7958984375,20250225-161957
3490,160,0,0.2337646484375,286.3719482421875,796.6543579101562,359.40655517578125,349.8329162597656,20250225-161957
3490,162,0,0.33984375,122.38056945800781,122.06559753417969,279.11517333984375,430.4537048339844,20250225-161957
3490,163,0,0.47265625,279.9441833496094,1199.3447265625,254.28790283203125,401.0863037109375,20250225-161957
3490,138,0,0.56396484375,320.7687683105469,393.52752685546875,394.71661376953125,517.3809814453125,20250225-161957
3490,152,0,0.64501953125,227.62393188476562,1299.2071533203125,619.2423095703125,837.4246215820312,20250225-161957
3491,171,0,0.303955078125,182.9860076904297,1081.90625,116.27828979492188,229.5355987548828,20250225-161957
3491,163,0,0.32421875,302.30389404296875,1260.0040283203125,248.22811889648438,398.0599060058594,20250225-161957
3491,162,0,0.3310546875,154.8345947265625,198.8016815185547,308.18121337890625,608.6740112304688,20250225-161957
3491,160,0,0.357666015625,307.80670166015625,867.5612182617188,305.098388671875,591.9093627929688,20250225-161957
3491,152,0,0.4609375,565.4163208007812,1367.5140380859375,551.96337890625,501.0462951660156,20250225-161957
3491,138,0,0.56298828125,336.9500732421875,470.1748352050781,376.9866943359375,525.107421875,20250225-161957
3492,162,0,0.23583984375,254.3546905517578,300.4421081542969,266.29010009765625,366.86285400390625,20250225-161957
3492,152,0,0.250244140625,587.3382568359375,1377.4808349609375,539.4686279296875,479.95556640625,20250225-161957
3492,163,0,0.30322265625,339.9114074707031,1309.3525390625,250.156494140625,458.6623840332031,20250225-161957
3492,160,0,0.34521484375,332.60260009765625,948.9717407226562,336.7832336425781,343.7830505371094,20250225-161957
3492,138,0,0.71240234375,369.6099548339844,539.5213623046875,360.5914306640625,502.6959228515625,20250225-161957
3493,162,0,0.2371826171875,307.18426513671875,383.1293640136719,261.7629699707031,470.54931640625,20250225-161957
3493,160,0,0.289306640625,373.4932861328125,993.9783325195312,181.5003662109375,276.1354064941406,20250225-161957
3493,165,0,0.320068359375,320.5137634277344,1516.10888671875,403.0697021484375,747.9501342773438,20250225-161957
3493,163,0,0.346923828125,353.3755798339844,1376.3192138671875,247.9189453125,463.7864685058594,20250225-161957
3493,138,0,0.63525390625,389.10064697265625,610.0768432617188,358.00323486328125,499.44146728515625,20250225-161957
3494,162,0,0.2247314453125,320.2389221191406,447.6484680175781,257.9183349609375,446.230224609375,20250225-161957
3494,152,0,0.286865234375,609.3543090820312,1601.4019775390625,316.64630126953125,462.56561279296875,20250225-161957
3494,160,0,0.361083984375,391.7135009765625,1051.819580078125,185.65667724609375,277.3911437988281,20250225-161957
3494,138,0,0.69091796875,417.2476806640625,662.5270385742188,348.5782470703125,490.9501647949219,20250225-161957
3495,163,0,0.216064453125,416.1377258300781,1492.6806640625,233.09097290039062,440.3687744140625,20250225-161957
3495,162,0,0.2421875,374.5612487792969,522.7398681640625,243.07095336914062,292.9107360839844,20250225-161957
3495,155,0,0.251708984375,291.4936218261719,1329.59716796875,108.2003173828125,221.72024536132812,20250225-161957
3495,160,0,0.267333984375,414.3180847167969,1110.8408203125,183.944091796875,276.3786926269531,20250225-161957
3495,152,0,0.29248046875,426.41802978515625,1637.574462890625,281.71453857421875,638.326416015625,20250225-161957
3495,138,0,0.61669921875,443.55633544921875,739.0537719726562,348.5042724609375,490.9310302734375,20250225-161957
3496,155,0,0.236572265625,320.1190185546875,1388.002685546875,115.4080810546875,219.40077209472656,20250225-161957
3496,162,0,0.265869140625,315.6725769042969,553.6115112304688,247.05450439453125,360.5331726074219,20250225-161957
3496,152,0,0.3173828125,467.79510498046875,1671.0721435546875,248.67279052734375,594.057373046875,20250225-161957
3496,172,0,0.32861328125,462.9289245605469,387.88055419921875,133.79150390625,234.12289428710938,20250225-161957
3496,160,0,0.36376953125,440.52996826171875,1178.6685791015625,174.60012817382812,268.93994140625,20250225-161957
3496,138,0,0.61962890625,468.4115905761719,794.473388671875,341.1041564941406,507.2514343261719,20250225-161957
3497,163,0,0.2047119140625,468.7484130859375,1236.181640625,527.6837768554688,539.1620483398438,20250225-161957
3497,162,0,0.223388671875,345.2193603515625,610.1744384765625,269.1917724609375,390.1884460449219,20250225-161957
3497,160,0,0.313232421875,469.5388488769531,1238.62646484375,185.48281860351562,263.0016174316406,20250225-161957
3497,172,0,0.34521484375,480.7061767578125,462.0535583496094,135.90550231933594,236.36891174316406,20250225-161957
3497,138,0,0.50390625,491.8212585449219,857.3399047851562,372.8057556152344,498.606689453125,20250225-161957
3498,172,0,0.304931640625,502.046875,540.1484375,116.03224182128906,226.555419921875,20250225-161957
3498,160,0,0.4111328125,485.6317443847656,1308.6976318359375,189.37564086914062,265.56494140625,20250225-161957
3498,138,0,0.57861328125,515.9938354492188,945.22265625,370.5312194824219,478.52581787109375,20250225-161957
3499,162,0,0.24365234375,510.97412109375,613.0364990234375,130.00982666015625,268.11517333984375,20250225-161957
3499,160,0,0.444580078125,506.7276611328125,1382.321533203125,191.27362060546875,264.4061584472656,20250225-161957
3499,138,0,0.583984375,536.1735229492188,975.8031005859375,422.0142517089844,467.12835693359375,20250225-161957
3500,162,0,0.313232421875,516.0333251953125,685.1497192382812,117.37939453125,221.38446044921875,20250225-161957
3500,160,0,0.498046875,513.7952270507812,1452.648681640625,206.18911743164062,265.208251953125,20250225-161957
3500,138,0,0.54296875,537.4365844726562,1046.63916015625,342.02691650390625,482.0282287597656,20250225-161957
3501,138,0,0.404541015625,565.7627563476562,1240.7479248046875,213.37966918945312,430.79144287109375,20250225-161957
3501,160,0,0.5087890625,504.96331787109375,1509.12744140625,293.2803955078125,267.2746276855469,20250225-161957
3501,173,0,0.75341796875,337.19049072265625,0.79962158203125,746.3642578125,726.5087280273438,20250225-161957
3502,138,0,0.5458984375,506.0274963378906,1089.0531005859375,410.6858825683594,497.9278869628906,20250225-161958
3502,160,0,0.57861328125,487.0231628417969,1556.9395751953125,340.3055419921875,266.9163513183594,20250225-161958
3502,173,0,0.7724609375,329.6789245605469,3.253326416015625,812.5772094726562,732.4783325195312,20250225-161958
3503,166,0,0.320068359375,352.7497863769531,1008.4271850585938,124.94439697265625,217.49530029296875,20250225-161958
3503,160,0,0.607421875,480.3834533691406,1601.1705322265625,315.43505859375,269.4047546386719,20250225-161958
3503,138,0,0.6298828125,489.3334655761719,1197.675048828125,347.34539794921875,551.5088500976562,20250225-161958
3503,173,0,0.66552734375,277.3554382324219,6.8148193359375,869.3646240234375,786.3198852539062,20250225-161958
3504,138,0,0.2486572265625,479.8383483886719,1279.0177001953125,84.91964721679688,103.84882354736328,20250225-161958
3504,174,0,0.450439453125,467.5007019042969,1072.6717529296875,215.97903442382812,143.90223693847656,20250225-161958
3504,163,0,0.56298828125,488.5184020996094,1262.3785400390625,365.8165283203125,503.7451171875,20250225-161958
3504,166,0,0.611328125,345.8206787109375,1059.598876953125,129.60818481445312,223.62799072265625,20250225-161958
3504,173,0,0.7568359375,254.7832489013672,9.495849609375,919.3903198242188,810.9813842773438,20250225-161958
3504,160,0,0.8388671875,482.4498291015625,1653.990966796875,265.23431396484375,273.6575927734375,20250225-161958
3505,138,0,0.48046875,484.65509033203125,1299.4371337890625,80.62371826171875,132.4144287109375,20250225-161958
3505,174,0,0.5244140625,471.57861328125,1091.570068359375,212.94332885742188,167.564208984375,20250225-161958
3505,163,0,0.62451171875,494.53448486328125,1267.384033203125,425.67425537109375,517.0845336914062,20250225-161958
3505,173,0,0.6748046875,262.3986511230469,57.753936767578125,927.0031127929688,803.2236938476562,20250225-161958
3505,166,0,0.76416015625,348.37518310546875,1080.553466796875,120.26284790039062,241.26715087890625,20250225-161958
3505,160,0,0.8681640625,492.34423828125,1672.7113037109375,247.1729736328125,280.0073547363281,20250225-161958
3506,174,0,0.33544921875,486.1707763671875,1105.646728515625,200.78823852539062,189.89666748046875,20250225-161958
3506,138,0,0.56201171875,497.40948486328125,1310.3441162109375,80.45278930664062,147.7591552734375,20250225-161958
3506,173,0,0.71142578125,286.7092590332031,281.3123474121094,760.009033203125,780.0755004882812,20250225-161958
3506,166,0,0.75439453125,362.0304870605469,1089.422119140625,121.694091796875,271.2931823730469,20250225-161958
3506,163,0,0.83154296875,511.61822509765625,1282.6923828125,425.77020263671875,552.5175170898438,20250225-161958
3506,160,0,0.88330078125,514.7532348632812,1679.5015869140625,239.525390625,275.51513671875,20250225-161958
3507,174,0,0.71875,508.72930908203125,1092.1702880859375,226.21197509765625,171.19064331054688,20250225-161958
3507,138,0,0.71923828125,519.2816162109375,1312.375,79.03106689453125,131.42906188964844,20250225-161958
3507,173,0,0.7548828125,253.7120819091797,219.049072265625,834.2103881835938,814.03662109375,20250225-161958
3507,166,0,0.79296875,380.0771789550781,1091.4613037109375,122.33139038085938,252.63327026367188,20250225-161958
3507,163,0,0.8349609375,532.0936889648438,1282.5728759765625,398.3572998046875,500.5190734863281,20250225-161958
3507,160,0,0.89013671875,534.5352172851562,1683.37939453125,235.60601806640625,269.5317077636719,20250225-161958
3508,173,0,0.75,262.1783447265625,227.12786865234375,844.36376953125,802.780517578125,20250225-161958
3508,138,0,0.7626953125,527.8760375976562,1314.001708984375,80.433837890625,122.52373504638672,20250225-161958
3508,163,0,0.767578125,533.8157348632812,1290.259033203125,383.7821044921875,529.5634765625,20250225-161958
3508,174,0,0.77099609375,515.7122192382812,1093.0069580078125,221.95770263671875,162.75340270996094,20250225-161958
3508,166,0,0.79443359375,393.5502624511719,1093.5875244140625,119.67947387695312,232.3435516357422,20250225-161958
3508,160,0,0.89013671875,537.0267333984375,1685.7864990234375,233.57208251953125,266.3442077636719,20250225-161958
3509,138,0,0.7392578125,526.5,1319.9091796875,79.19485473632812,120.27848815917969,20250225-161958
3509,163,0,0.7958984375,534.2261962890625,1295.9366455078125,355.0499267578125,525.2125854492188,20250225-161958
3509,166,0,0.8154296875,394.5795593261719,1098.5966796875,119.90570068359375,225.32701110839844,20250225-161958
3509,174,0,0.8330078125,517.8387451171875,1099.320068359375,220.2593994140625,161.15399169921875,20250225-161958
3509,173,0,0.84228515625,267.04400634765625,269.30914306640625,820.4067993164062,800.832763671875,20250225-161958
3509,160,0,0.86474609375,532.5170288085938,1694.2716064453125,224.574462890625,263.9217224121094,20250225-161958
3510,138,0,0.4775390625,522.251220703125,1326.7086181640625,78.88320922851562,123.3187026977539,20250225-161958
3510,174,0,0.74072265625,514.760009765625,1109.90576171875,203.70648193359375,156.9029541015625,20250225-161958
3510,163,0,0.7685546875,528.7688598632812,1305.1417236328125,384.6419677734375,537.8662719726562,20250225-161958
3510,175,0,0.76904296875,503.913330078125,0.3385162353515625,324.0259094238281,355.4712219238281,20250225-161958
3510,166,0,0.83154296875,393.0849914550781,1101.943359375,119.95294189453125,221.43704223632812,20250225-161958
3510,173,0,0.8427734375,264.1589660644531,278.5851745605469,820.8484497070312,801.89794921875,20250225-161958
3510,160,0,0.85498046875,522.5528564453125,1702.8446044921875,216.24188232421875,266.4225769042969,20250225-161958
3511,138,0,0.6611328125,519.4909057617188,1344.34716796875,79.01065063476562,124.376220703125,20250225-161958
3511,174,0,0.67724609375,510.7066345214844,1131.8544921875,209.8385009765625,144.8696746826172,20250225-161958
3511,166,0,0.74560546875,390.3408203125,1114.4359130859375,122.51055908203125,221.09817504882812,20250225-161958
3511,163,0,0.78076171875,526.2222900390625,1311.1885986328125,407.93994140625,540.5153198242188,20250225-161958
3511,175,0,0.796875,506.0888977050781,0.04492950439453125,359.87652587890625,341.03570556640625,20250225-161958
3511,160,0,0.86328125,520.382080078125,1723.2645263671875,195.89190673828125,269.599853515625,20250225-161958
3511,173,0,0.8818359375,262.2790222167969,303.6939697265625,803.69677734375,804.4252319335938,20250225-161958
3512,138,0,0.5947265625,524.2652587890625,1361.078857421875,78.371337890625,121.63294219970703,20250225-161958
3512,174,0,0.71923828125,512.9668579101562,1141.080078125,228.92962646484375,154.89834594726562,20250225-161958
3512,175,0,0.74072265625,507.58551025390625,0.565887451171875,333.2918701171875,338.6621398925781,20250225-161958
3512,166,0,0.7421875,392.1628112792969,1127.382080078125,124.5780029296875,220.91046142578125,20250225-161958
3512,173,0,0.76611328125,265.37774658203125,284.8039855957031,825.6553344726562,802.4278564453125,20250225-161958
3512,163,0,0.8017578125,531.3798828125,1312.94970703125,434.1661376953125,522.7686157226562,20250225-161958
3512,160,0,0.86572265625,524.3796997070312,1741.343994140625,178.1751708984375,272.1921081542969,20250225-161958
3513,138,0,0.57666015625,531.9666137695312,1369.072509765625,78.99966430664062,130.84815979003906,20250225-161958
3513,174,0,0.67822265625,521.8071899414062,1153.26904296875,220.78564453125,170.33340454101562,20250225-161958
3513,166,0,0.72705078125,396.92169189453125,1140.717041015625,124.73373413085938,221.80191040039062,20250225-161958
3513,175,0,0.79443359375,502.6490478515625,0.0,401.4602966308594,423.1142272949219,20250225-161958
3513,163,0,0.806640625,541.0234375,1344.8902587890625,412.2403564453125,527.7449340820312,20250225-161958
3513,160,0,0.8466796875,535.5010375976562,1745.8487548828125,173.65850830078125,273.53546142578125,20250225-161958
3513,173,0,0.8623046875,266.1328125,344.737060546875,759.3944091796875,800.79931640625,20250225-161958
3514,138,0,0.48828125,544.8693237304688,1370.479248046875,81.22915649414062,133.40020751953125,20250225-161958
3514,174,0,0.65771484375,533.3464965820312,1147.245361328125,229.33868408203125,175.35084533691406,20250225-161958
3514,163,0,0.765625,557.5447998046875,1401.4163818359375,296.0079345703125,513.5977783203125,20250225-161958
3514,166,0,0.779296875,409.3414306640625,1143.79833984375,124.22845458984375,242.06167602539062,20250225-161958
3514,160,0,0.8349609375,555.8204956054688,1743.662109375,175.08892822265625,266.60504150390625,20250225-161958
3514,175,0,0.8623046875,507.2096862792969,0.0,389.8146057128906,423.7027587890625,20250225-161958
3514,173,0,0.88134765625,270.5536804199219,363.8647155761719,735.4329833984375,796.72119140625,20250225-161958
3515,138,0,0.513671875,557.9330444335938,1371.845947265625,81.01016235351562,138.0660858154297,20250225-161958
3515,174,0,0.740234375,547.415771484375,1145.5550537109375,226.34170532226562,171.88221740722656,20250225-161958
3515,166,0,0.7607421875,421.0000305175781,1145.7366943359375,124.29812622070312,225.29904174804688,20250225-161958
3515,163,0,0.8251953125,568.2936401367188,1326.002685546875,411.26678466796875,491.474365234375,20250225-161958
3515,160,0,0.84912109375,568.2515258789062,1748.90625,170.84344482421875,265.04998779296875,20250225-161958
3515,173,0,0.865234375,271.692138671875,374.02276611328125,726.8587646484375,796.68603515625,20250225-161958
3515,175,0,0.9013671875,512.9427490234375,0.0,383.33880615234375,423.22564697265625,20250225-161958
3516,138,0,0.26123046875,570.8933715820312,1380.1190185546875,81.695068359375,139.36341857910156,20250225-161958
3516,174,0,0.383056640625,558.0894775390625,1155.2801513671875,229.64749145507812,179.30589294433594,20250225-161958
3516,166,0,0.400634765625,434.19281005859375,1152.798095703125,121.52243041992188,212.848388671875,20250225-161958
3516,163,0,0.7177734375,579.68212890625,1372.541015625,373.06494140625,492.7122802734375,20250225-161958
3516,160,0,0.8037109375,578.621826171875,1755.9532470703125,162.942626953125,266.0122985839844,20250225-161958
3516,173,0,0.833984375,273.1679382324219,387.08636474609375,763.6472778320312,795.5111083984375,20250225-161958
3516,175,0,0.85205078125,523.5127563476562,0.464996337890625,418.1001892089844,426.23828125,20250225-161958
3517,166,0,0.23095703125,453.18475341796875,1162.875244140625,78.53302001953125,88.74729919433594,20250225-161958
3517,138,0,0.3408203125,587.9411010742188,1398.77978515625,83.34677124023438,163.20285034179688,20250225-161958
3517,174,0,0.5078125,525.8720703125,1169.6334228515625,118.84039306640625,232.66812133789062,20250225-161958
3517,160,0,0.56787109375,592.488525390625,1789.764892578125,129.1146240234375,261.6526184082031,20250225-161958
3517,163,0,0.72412109375,595.2166137695312,1421.427001953125,381.132568359375,480.4702453613281,20250225-161958
3517,173,0,0.7626953125,287.6940002441406,457.37139892578125,676.5447387695312,781.10009765625,20250225-161958
3517,175,0,0.7705078125,545.4750366210938,0.60296630859375,420.7001037597656,468.6977844238281,20250225-161958
3518,174,0,0.326904296875,569.7210083007812,1186.243408203125,117.56478881835938,216.68978881835938,20250225-161958
3518,160,0,0.35400390625,623.21435546875,1800.4984130859375,118.47894287109375,247.78431701660156,20250225-161958
3518,175,0,0.448486328125,582.5908813476562,37.03765869140625,445.5369873046875,478.9404296875,20250225-161958
3518,173,0,0.7255859375,301.0531921386719,445.80340576171875,735.51708984375,766.6692504882812,20250225-161958
3518,163,0,0.7880859375,620.208251953125,1385.1295166015625,438.69140625,451.8896484375,20250225-161958
3519,166,0,0.216064453125,507.7381286621094,1111.955322265625,93.2281494140625,404.4613342285156,20250225-161958
3519,175,0,0.242919921875,644.8698120117188,119.7374267578125,393.7962341308594,423.7625732421875,20250225-161958
3519,138,0,0.27587890625,648.5679321289062,1410.601806640625,108.72610473632812,422.8119201660156,20250225-161958
3519,160,0,0.420654296875,661.694091796875,1847.3199462890625,72.27154541015625,243.59848022460938,20250225-161958
3519,163,0,0.55908203125,665.3895263671875,1421.190673828125,359.5059814453125,410.651611328125,20250225-161958
3519,174,0,0.58056640625,615.9199829101562,1203.238037109375,115.97726440429688,326.7071228027344,20250225-161958
3519,173,0,0.81103515625,341.811279296875,493.11859130859375,647.7861328125,728.3107299804688,20250225-161958
3520,163,0,0.342529296875,730.3309326171875,1431.54931640625,308.280029296875,344.427490234375,20250225-161958
3520,173,0,0.81005859375,390.12664794921875,467.31134033203125,656.077880859375,677.5447998046875,20250225-161958
3521,173,0,0.861328125,455.2755126953125,434.2156677246094,660.372314453125,614.0665893554688,20250225-161958
3522,152,0,0.29345703125,895.4609375,1863.5211181640625,55.720458984375,178.801025390625,20250225-161958
3522,163,0,0.31494140625,937.2042846679688,1432.1026611328125,259.880859375,142.61610412597656,20250225-161958
3522,173,0,0.87255859375,556.606201171875,452.34466552734375,636.900146484375,513.2185668945312,20250225-161958
3523,163,0,0.498046875,972.1592407226562,1433.20654296875,234.008056640625,107.4113540649414,20250225-161958
3523,152,0,0.5927734375,936.220703125,1852.3802490234375,66.95526123046875,141.1460723876953,20250225-161958
3523,173,0,0.88671875,630.6868286132812,447.15618896484375,604.8634643554688,439.3133850097656,20250225-161958
3524,152,0,0.61669921875,970.0703125,1853.9432373046875,65.16357421875,108.72868347167969,20250225-161958
3524,163,0,0.6591796875,1011.752685546875,1463.205078125,189.28921508789062,67.95284271240234,20250225-161958
3524,173,0,0.9013671875,692.5851440429688,448.92315673828125,586.7268676757812,378.66473388671875,20250225-161958
3525,152,0,0.59912109375,972.941162109375,1859.7978515625,59.52630615234375,104.49954986572266,20250225-161958
3525,163,0,0.6943359375,1017.0282592773438,1467.708251953125,187.456787109375,62.909690856933594,20250225-161958
3525,173,0,0.9140625,696.2698974609375,457.43115234375,571.5891723632812,375.38720703125,20250225-161958
3526,152,0,0.67041015625,963.8282470703125,1862.261474609375,56.9432373046875,114.679931640625,20250225-161958
3526,163,0,0.7470703125,1006.5346069335938,1461.3135986328125,201.62100219726562,73.41991424560547,20250225-161958
3526,173,0,0.92041015625,686.066162109375,470.4670715332031,574.8155517578125,386.770751953125,20250225-161958
3527,152,0,0.7421875,960.9183349609375,1860.4859619140625,58.62615966796875,117.806396484375,20250225-161958
3527,163,0,0.767578125,1001.201904296875,1451.6407470703125,218.299072265625,78.67455291748047,20250225-161958
3527,173,0,0.9150390625,672.9080810546875,479.6334228515625,564.0485229492188,399.5243835449219,20250225-161958
3528,176,0,0.74609375,934.0147094726562,1168.596435546875,143.35107421875,145.4738311767578,20250225-161958
3528,152,0,0.7548828125,954.1649780273438,1849.787841796875,69.20068359375,124.7416000366211,20250225-161958
3528,173,0,0.90869140625,659.8428344726562,484.045166015625,575.9155883789062,413.7347717285156,20250225-161958
3529,176,0,0.453369140625,906.5835571289062,1163.59375,132.63555908203125,172.77442932128906,20250225-161958
3529,152,0,0.7138671875,938.4794311523438,1844.430908203125,74.65740966796875,139.3662872314453,20250225-161958
3529,173,0,0.90380859375,641.9818115234375,491.97509765625,578.3618774414062,432.144775390625,20250225-161958
3530,152,0,0.64404296875,929.6683959960938,1848.793212890625,70.36065673828125,147.26014709472656,20250225-161958
3530,176,0,0.69189453125,887.9439697265625,1166.45849609375,132.03936767578125,188.33209228515625,20250225-161958
3530,163,0,0.77978515625,955.5758666992188,1422.41650390625,258.8575744628906,124.23777770996094,20250225-161958
3530,173,0,0.90087890625,622.1717529296875,501.98126220703125,583.3452758789062,450.453857421875,20250225-161958
3531,175,0,0.261962890625,994.61474609375,86.69325256347656,174.36819458007812,84.921142578125,20250225-161958
3531,152,0,0.449462890625,924.5692749023438,1866.609375,52.65545654296875,148.97427368164062,20250225-161958
3531,176,0,0.71875,866.8888549804688,1177.5458984375,131.74081420898438,207.97119140625,20250225-161958
3531,163,0,0.75439453125,944.0341186523438,1431.2398681640625,278.2525634765625,135.15277099609375,20250225-161958
3531,173,0,0.88623046875,609.049072265625,519.4136352539062,585.44091796875,462.68438720703125,20250225-161958
3532,175,0,0.263671875,951.1353759765625,101.95477294921875,205.37393188476562,128.07835388183594,20250225-161959
3532,163,0,0.56591796875,930.32373046875,1458.8406982421875,284.9920349121094,148.96774291992188,20250225-161959
3532,173,0,0.83154296875,593.8092651367188,531.8875122070312,620.595703125,478.09173583984375,20250225-161959
3533,176,0,0.2147216796875,879.98095703125,1209.4420166015625,238.66360473632812,198.314208984375,20250225-161959
3533,163,0,0.681640625,911.8016967773438,1483.0931396484375,300.944091796875,165.46731567382812,20250225-161959
3533,173,0,0.8271484375,565.8565063476562,572.9853515625,623.2269287109375,505.306884765625,20250225-161959
3534,176,0,0.39697265625,848.5698852539062,1227.0341796875,176.28817749023438,229.7342529296875,20250225-161959
3534,175,0,0.55810546875,829.0999145507812,174.1930389404297,317.0785217285156,247.520263671875,20250225-161959
3534,163,0,0.6767578125,887.707763671875,1504.749755859375,325.3992919921875,190.35958862304688,20250225-161959
3534,173,0,0.82861328125,531.2933349609375,587.3897705078125,652.849365234375,538.6155395507812,20250225-161959
3535,175,0,0.43212890625,751.54931640625,172.14971923828125,371.60577392578125,323.4050598144531,20250225-161959
3535,176,0,0.5419921875,810.5323486328125,1253.9505615234375,173.9666748046875,264.7604675292969,20250225-161959
3535,138,0,0.6083984375,877.1046752929688,1361.008544921875,164.11404418945312,201.38540649414062,20250225-161959
3535,163,0,0.75439453125,862.1144409179688,1526.0899658203125,341.797119140625,215.4073944091797,20250225-161959
3535,173,0,0.853515625,484.94921875,587.9024658203125,706.6749877929688,584.248291015625,20250225-161959
3536,176,0,0.394287109375,709.6742553710938,1302.406005859375,145.29510498046875,312.47174072265625,20250225-161959
3536,175,0,0.5458984375,701.9729614257812,245.38357543945312,324.2223815917969,368.2366638183594,20250225-161959
3536,173,0,0.8154296875,451.1768798828125,626.2110595703125,711.7473754882812,619.6831665039062,20250225-161959
3536,163,0,0.8154296875,835.6663208007812,1549.064208984375,366.2113037109375,243.5144500732422,20250225-161959
3537,172,0,0.244384765625,594.7299194335938,570.4688720703125,137.07618713378906,354.5080261230469,20250225-161959
3537,165,0,0.33984375,792.7760009765625,1550.3118896484375,110.60760498046875,282.9224853515625,20250225-161959
3537,138,0,0.444580078125,790.4984130859375,1401.7283935546875,149.89013671875,277.65765380859375,20250225-161959
3537,175,0,0.529296875,645.5430297851562,239.32861328125,339.7950744628906,419.0906982421875,20250225-161959
3537,163,0,0.83154296875,806.1973876953125,1609.77978515625,308.67718505859375,271.0995788574219,20250225-161959
3537,173,0,0.83642578125,408.2322082519531,735.1572875976562,660.6903076171875,662.0570678710938,20250225-161959
3538,172,0,0.35302734375,680.5679931640625,580.7803344726562,99.69456481933594,212.9534912109375,20250225-161959
3538,138,0,0.405517578125,733.925537109375,1410.171142578125,154.61590576171875,343.1969299316406,20250225-161959
3538,163,0,0.74853515625,767.9103393554688,1606.2637939453125,312.8426513671875,308.05364990234375,20250225-161959
3538,173,0,0.77587890625,367.78717041015625,742.1314697265625,689.9036254882812,701.7274169921875,20250225-161959
3539,163,0,0.6318359375,719.030029296875,1607.03173828125,312.5335693359375,356.605224609375,20250225-161959
3539,173,0,0.755859375,307.132080078125,744.7637329101562,716.1485595703125,759.0535888671875,20250225-161959
3539,177,0,0.8330078125,457.97314453125,1.0975112915039062,343.5716552734375,609.3784790039062,20250225-161959
3540,177,0,0.66015625,392.1575012207031,1.2974624633789062,345.712890625,672.9998168945312,20250225-161959
3540,173,0,0.744140625,242.39495849609375,137.08868408203125,1364.5521240234375,824.1015625,20250225-161959
3540,163,0,0.7890625,649.1895141601562,1613.115234375,306.54547119140625,428.6779479980469,20250225-161959
3541,175,0,0.264404296875,321.8202819824219,254.51568603515625,328.96600341796875,388.33709716796875,20250225-161959
3541,163,0,0.57373046875,588.9472045898438,1587.8955078125,331.4168701171875,479.8421325683594,20250225-161959
3541,177,0,0.6142578125,320.3903503417969,1.4761276245117188,333.4447021484375,743.7899780273438,20250225-161959
3541,173,0,0.7958984375,175.0239715576172,235.7080078125,1274.12158203125,890.8223876953125,20250225-161959
3542,163,0,0.501953125,521.253173828125,1579.81494140625,339.3013916015625,546.0870971679688,20250225-161959
3542,173,0,0.82861328125,104.88655853271484,1.41632080078125,1507.120849609375,960.7752685546875,20250225-161959
3543,163,0,0.2281494140625,442.9160461425781,1522.79443359375,395.1064453125,611.05908203125,20250225-161959
3543,177,0,0.363037109375,255.46337890625,0.5664596557617188,283.06689453125,788.0515747070312,20250225-161959
3543,175,0,0.60009765625,218.02789306640625,123.54034423828125,437.0931701660156,393.1512451171875,20250225-161959
3543,173,0,0.8017578125,56.71365737915039,63.263580322265625,1445.8289794921875,1007.7031860351562,20250225-161959
3544,163,0,0.280517578125,383.2589111328125,1466.219970703125,430.4776611328125,604.2998657226562,20250225-161959
3544,175,0,0.458984375,172.66012573242188,24.602691650390625,653.0272216796875,534.5209350585938,20250225-161959
3544,173,0,0.84765625,23.858356475830078,20.06964111328125,1438.8724365234375,1042.25146484375,20250225-161959
3545,163,0,0.277587890625,324.2374267578125,1472.840087890625,427.6571044921875,588.6467895507812,20250225-161959
3545,175,0,0.330322265625,130.45767211914062,0.330963134765625,601.5546875,549.9745483398438,20250225-161959
3545,173,0,0.8271484375,15.457677841186523,22.56610107421875,1400.957275390625,1048.84228515625,20250225-161959
3546,163,0,0.34765625,273.578369140625,1365.8690185546875,477.8045654296875,558.2131958007812,20250225-161959
3546,175,0,0.443603515625,115.69599151611328,0.0,453.7700500488281,365.2821044921875,20250225-161959
3546,173,0,0.84765625,7.409076690673828,4.35205078125,1393.177734375,1056.8338623046875,20250225-161959
3547,175,0,0.5224609375,112.96296691894531,0.28475189208984375,283.22216796875,383.6979675292969,20250225-161959
3547,163,0,0.59375,230.02865600585938,1377.1959228515625,413.13427734375,560.8626708984375,20250225-161959
3547,173,0,0.72802734375,0.5141258239746094,4.287322998046875,1366.05859375,1064.545166015625,20250225-161959
3548,175,0,0.290283203125,136.29397583007812,0.493743896484375,335.8600158691406,524.3450927734375,20250225-161959
3548,163,0,0.591796875,199.61451721191406,1329.80859375,385.96783447265625,548.0236206054688,20250225-161959
3548,173,0,0.79443359375,3.266630172729492,1.585784912109375,1268.88818359375,1061.381591796875,20250225-161959
3549,163,0,0.5498046875,168.6632080078125,1246.131591796875,430.08746337890625,532.2950439453125,20250225-161959
3549,173,0,0.82080078125,0.3890705108642578,7.199066162109375,1213.79931640625,1065.5775146484375,20250225-161959
3550,163,0,0.67041015625,147.19064331054688,1191.3482666015625,440.9586181640625,486.877685546875,20250225-161959
3550,173,0,0.806640625,1.413717269897461,4.655364990234375,1173.925537109375,1061.3232421875,20250225-161959
3551,163,0,0.73388671875,135.4035186767578,1138.9560546875,452.85845947265625,508.0309753417969,20250225-161959
3551,173,0,0.83544921875,3.622570037841797,1.189361572265625,1140.2919921875,1061.576416015625,20250225-161959
3552,163,0,0.796875,127.06095886230469,1129.5494384765625,422.3931884765625,476.19097900390625,20250225-161959
3552,173,0,0.80615234375,4.897756576538086,0.54840087890625,939.5831909179688,1060.44482421875,20250225-161959
3553,152,0,0.37109375,816.5336303710938,1646.5938720703125,271.31341552734375,252.18832397460938,20250225-161959
3553,163,0,0.732421875,127.34199523925781,1099.4622802734375,424.1661071777344,482.7066345214844,20250225-161959
3553,173,0,0.7900390625,0.0,1.995025634765625,1100.202880859375,1068.7120361328125,20250225-161959
3554,163,0,0.65576171875,129.181884765625,1037.9595947265625,417.64654541015625,515.9186401367188,20250225-161959
3554,178,0,0.84716796875,82.78309631347656,1445.7410888671875,473.18701171875,392.17913818359375,20250225-161959
3554,173,0,0.89501953125,2.3639488220214844,3.34881591796875,1089.72998046875,1063.47021484375,20250225-161959
3555,152,0,0.2861328125,786.92236328125,1635.2896728515625,283.06658935546875,285.7752380371094,20250225-161959
3555,178,0,0.67041015625,86.08950805664062,1438.3404541015625,476.3597717285156,390.2018127441406,20250225-161959
3555,163,0,0.787109375,136.3307647705078,1083.758544921875,368.11468505859375,481.31695556640625,20250225-161959
3555,173,0,0.9306640625,19.970483779907227,1.0323486328125,1087.677001953125,1046.227783203125,20250225-161959
3556,152,0,0.21728515625,798.7347412109375,1648.5450439453125,269.45343017578125,272.4435119628906,20250225-161959
3556,179,0,0.552734375,139.9209747314453,880.0341796875,214.688232421875,405.7847900390625,20250225-161959
3556,178,0,0.65478515625,99.73088073730469,1435.345947265625,483.8517150878906,434.78826904296875,20250225-161959
3556,163,0,0.77587890625,155.6633758544922,1073.9794921875,420.2516784667969,479.41650390625,20250225-161959
3556,173,0,0.88330078125,11.421575546264648,2.90826416015625,1092.4940185546875,1054.85546875,20250225-161959
3557,179,0,0.2193603515625,165.2296142578125,910.8729858398438,212.64907836914062,267.8680114746094,20250225-161959
3557,181,0,0.419677734375,163.25732421875,1089.894287109375,107.3133544921875,155.22280883789062,20250225-161959
3557,180,0,0.451416015625,38.102516174316406,882.7177734375,156.11270141601562,292.78521728515625,20250225-161959
3557,178,0,0.45703125,122.61750793457031,1457.7125244140625,458.1082763671875,391.71661376953125,20250225-161959
3557,163,0,0.66796875,178.16357421875,1097.7763671875,419.2515563964844,541.009033203125,20250225-161959
3557,173,0,0.880859375,12.856836318969727,3.12506103515625,1134.986328125,1052.891845703125,20250225-161959
3558,179,0,0.220703125,62.57143020629883,910.4117431640625,268.2242431640625,367.0982971191406,20250225-161959
3558,181,0,0.2421875,187.03546142578125,1127.351806640625,129.4002685546875,173.40867614746094,20250225-161959
3558,163,0,0.552734375,209.56329345703125,1163.0386962890625,425.8355712890625,540.2190551757812,20250225-161959
3558,173,0,0.87744140625,22.68874168395996,16.962890625,1150.7501220703125,1043.357421875,20250225-161959
3559,163,0,0.361083984375,262.22650146484375,1272.251220703125,391.540283203125,574.2528076171875,20250225-161959
3559,173,0,0.6162109375,20.65180778503418,80.81991577148438,1104.49755859375,1042.7490234375,20250225-161959
3560,177,0,0.307373046875,366.5729064941406,0.9076995849609375,481.72515869140625,519.293701171875,20250225-161959
3560,173,0,0.376708984375,58.80054473876953,365.3650207519531,755.5665893554688,1004.2562255859375,20250225-161959
3561,177,0,0.291748046875,386.0731201171875,1.3443603515625,572.1688232421875,532.5997924804688,20250225-161959
3561,173,0,0.517578125,162.21502685546875,506.5654296875,721.8842163085938,901.3511352539062,20250225-161959
3562,173,0,0.420654296875,219.56434631347656,615.785888671875,758.3089599609375,838.9324951171875,20250225-162000
3562,177,0,0.435791015625,430.2173156738281,96.55078125,598.964599609375,543.5007934570312,20250225-162000
3563,177,0,0.30810546875,473.6548156738281,226.14041137695312,555.7538452148438,570.724609375,20250225-162000
3563,175,0,0.4814453125,514.8561401367188,1.2775955200195312,299.3094482421875,549.8380737304688,20250225-162000
3563,173,0,0.61669921875,260.6207580566406,720.7254638671875,1101.38134765625,802.3359375,20250225-162000
3564,177,0,0.4912109375,539.9237670898438,334.9442138671875,547.5741577148438,528.9439697265625,20250225-162000
3564,175,0,0.71875,468.04718017578125,1.4517059326171875,378.95648193359375,598.5601196289062,20250225-162000
3564,173,0,0.74755859375,334.17138671875,778.7730102539062,1015.5889892578125,730.336181640625,20250225-162000
3565,177,0,0.703125,585.4266357421875,399.9385070800781,506.4830017089844,485.0233459472656,20250225-162000
3565,175,0,0.71923828125,564.9044799804688,0.6777191162109375,469.0903015136719,505.756591796875,20250225-162000
3565,173,0,0.80615234375,412.0590515136719,869.7368774414062,893.8218383789062,652.8560180664062,20250225-162000
3566,177,0,0.68603515625,626.4637451171875,478.4775695800781,288.42822265625,423.0318298339844,20250225-162000
3566,175,0,0.7626953125,579.0670166015625,0.943359375,547.7149658203125,492.0809020996094,20250225-162000
3566,173,0,0.86669921875,472.1537170410156,975.9796142578125,771.192626953125,595.3697509765625,20250225-162000
3567,177,0,0.751953125,649.0888061523438,527.1117553710938,253.42547607421875,343.748779296875,20250225-162000
3567,175,0,0.80419921875,576.1680297851562,1.1430816650390625,573.9323120117188,494.9268798828125,20250225-162000
3567,173,0,0.9091796875,523.5057373046875,1026.5445556640625,704.073486328125,545.6019897460938,20250225-162000
3568,177,0,0.775390625,649.0279541015625,512.1707153320312,288.923583984375,409.1615905761719,20250225-162000
3568,175,0,0.86083984375,572.706298828125,1.659942626953125,592.3317260742188,498.2467956542969,20250225-162000
3568,173,0,0.919921875,547.4363403320312,1051.7545166015625,677.31005859375,522.8819580078125,20250225-162000
3569,177,0,0.7880859375,645.2080078125,544.8524780273438,233.76470947265625,341.3980712890625,20250225-162000
3569,175,0,0.8681640625,560.8010864257812,1.196044921875,613.6973876953125,510.95623779296875,20250225-162000
3569,173,0,0.89892578125,544.0843505859375,1046.6912841796875,675.2484741210938,526.2977905273438,20250225-162000
3570,152,0,0.21533203125,1027.3536376953125,1756.519775390625,81.1904296875,51.79375457763672,20250225-162000
3570,177,0,0.69189453125,639.789306640625,530.1505737304688,218.5909423828125,335.542724609375,20250225-162000
3570,173,0,0.888671875,524.0775756835938,1019.1990966796875,668.4019775390625,545.752685546875,20250225-162000
3570,175,0,0.8896484375,553.0713500976562,1.583038330078125,592.9195556640625,517.7193603515625,20250225-162000
3571,177,0,0.505859375,640.59033203125,470.3138122558594,464.8005065917969,434.8745422363281,20250225-162000
3571,152,0,0.75927734375,1008.7918701171875,1728.7203369140625,82.00286865234375,70.06272888183594,20250225-162000
3571,175,0,0.88232421875,555.3356323242188,2.09765625,569.865478515625,513.7021484375,20250225-162000
3571,173,0,0.89306640625,505.6842041015625,1003.031982421875,662.4971923828125,565.6572265625,20250225-162000
3572,177,0,0.325927734375,667.304443359375,441.274658203125,467.9102783203125,408.98907470703125,20250225-162000
3572,165,0,0.338134765625,972.5401611328125,1571.8934326171875,75.67510986328125,106.17033386230469,20250225-162000
3572,182,0,0.56884765625,768.4960327148438,746.8026123046875,247.99346923828125,306.4457702636719,20250225-162000
3572,152,0,0.7265625,1011.2422485351562,1712.67626953125,78.17083740234375,66.60667419433594,20250225-162000
3572,175,0,0.82568359375,581.2467041015625,2.1079559326171875,600.8428955078125,486.8440246582031,20250225-162000
3572,173,0,0.884765625,504.649658203125,973.7127685546875,641.675537109375,566.8367919921875,20250225-162000
3573,177,0,0.445556640625,697.626708984375,426.5080261230469,414.0667419433594,379.13525390625,20250225-162000
3573,165,0,0.57861328125,976.8056030273438,1543.888671875,83.4462890625,99.88511657714844,20250225-162000
3573,182,0,0.6591796875,797.0764770507812,723.1074829101562,255.56103515625,281.2982482910156,20250225-162000
3573,152,0,0.66552734375,1013.3903198242188,1688.1339111328125,84.7218017578125,64.7860336303711,20250225-162000
3573,175,0,0.8623046875,611.1105346679688,0.7389678955078125,564.1397705078125,457.9266662597656,20250225-162000
3573,173,0,0.8828125,514.0726318359375,945.3275756835938,630.0140991210938,558.9974365234375,20250225-162000
3574,182,0,0.3701171875,801.541748046875,701.0870971679688,262.59185791015625,275.94781494140625,20250225-162000
3574,177,0,0.56396484375,705.8106689453125,421.2648010253906,248.7890167236328,363.4316711425781,20250225-162000
3574,165,0,0.66357421875,973.5160522460938,1517.303955078125,93.97402954101562,103.83667755126953,20250225-162000
3574,152,0,0.72314453125,1009.6583251953125,1671.670654296875,79.1802978515625,69.31179809570312,20250225-162000
3574,173,0,0.876953125,509.74346923828125,933.9688110351562,623.2315063476562,562.7262573242188,20250225-162000
3574,175,0,0.90234375,620.861083984375,0.921478271484375,523.9959716796875,449.0682373046875,20250225-162000
3575,165,0,0.26513671875,984.9577026367188,1506.6883544921875,74.85140991210938,93.40679168701172,20250225-162000
3575,152,0,0.390380859375,1022.0341796875,1658.1163330078125,77.662353515625,57.685089111328125,20250225-162000
3575,182,0,0.537109375,819.1312866210938,702.1091918945312,240.6627960205078,258.6609191894531,20250225-162000
3575,173,0,0.88232421875,512.460205078125,916.6569213867188,635.9104614257812,558.3713989257812,20250225-162000
3575,175,0,0.88525390625,638.3648681640625,1.283477783203125,549.3345947265625,431.3346252441406,20250225-162000
3576,182,0,0.34521484375,859.2584228515625,700.025390625,229.644287109375,216.44757080078125,20250225-162000
3576,175,0,0.88232421875,674.2279663085938,0.3901519775390625,529.2935791015625,397.3765563964844,20250225-162000
3576,173,0,0.890625,538.57275390625,904.7940673828125,638.7418212890625,531.1732177734375,20250225-162000
3577,182,0,0.517578125,864.2278442382812,714.8783569335938,216.558837890625,211.4561767578125,20250225-162000
3577,175,0,0.8486328125,692.1632080078125,0.529632568359375,526.4921875,378.3856201171875,20250225-162000
3577,173,0,0.892578125,574.4306640625,900.5344848632812,622.8258056640625,496.069091796875,20250225-162000
3578,182,0,0.22265625,876.7096557617188,690.0239868164062,228.3262939453125,199.7164306640625,20250225-162000
3578,175,0,0.7734375,721.2572631835938,2.1042938232421875,489.06549072265625,348.3021240234375,20250225-162000
3578,173,0,0.798828125,598.3679809570312,871.4492797851562,618.6776733398438,471.2818908691406,20250225-162000
3579,175,0,0.7421875,754.1630249023438,0.9591522216796875,442.6273498535156,314.6912536621094,20250225-162000
3579,173,0,0.74560546875,622.8671264648438,869.9842529296875,572.6365966796875,446.39630126953125,20250225-162000
3580,182,0,0.2247314453125,898.4044189453125,628.697265625,225.52487182617188,178.48817443847656,20250225-162000
3580,173,0,0.67578125,613.5441284179688,831.5557250976562,576.1629638671875,456.76800537109375,20250225-162000
3580,175,0,0.8203125,771.5601196289062,1.1537933349609375,405.6724548339844,298.26214599609375,20250225-162000
3581,182,0,0.263671875,877.7909545898438,585.5853881835938,237.01318359375,199.19595336914062,20250225-162000
3581,175,0,0.77392578125,787.93798828125,1.5093841552734375,352.418212890625,281.7677307128906,20250225-162000
3581,173,0,0.7939453125,605.681396484375,797.8540649414062,563.715087890625,464.3852233886719,20250225-162000
3582,165,0,0.444580078125,982.2572021484375,1464.544921875,245.3118896484375,97.32804870605469,20250225-162000
3582,182,0,0.5205078125,873.37841796875,552.7879028320312,233.17620849609375,203.2651824951172,20250225-162000
3582,175,0,0.68505859375,802.8949584960938,1.5351791381835938,302.03790283203125,268.33197021484375,20250225-162000
3582,173,0,0.7861328125,596.8888549804688,754.4984130859375,580.6401977539062,473.7736511230469,20250225-162000
3583,182,0,0.330322265625,857.4197387695312,497.8428955078125,259.5872497558594,216.64163208007812,20250225-162000
3583,165,0,0.35400390625,951.6822509765625,1387.9266357421875,297.333984375,128.28872680664062,20250225-162000
3583,175,0,0.474609375,797.6988525390625,1.3795623779296875,259.12054443359375,275.34039306640625,20250225-162000
3583,173,0,0.833984375,574.4696044921875,717.8192138671875,610.0880126953125,496.79144287109375,20250225-162000
3584,176,0,0.32861328125,900.7176513671875,1309.1380615234375,117.39349365234375,178.03602600097656,20250225-162000
3584,182,0,0.42529296875,825.1951293945312,475.52435302734375,292.7613830566406,250.3525848388672,20250225-162000
3584,175,0,0.5830078125,780.71484375,1.4932708740234375,338.30938720703125,292.8573913574219,20250225-162000
3584,165,0,0.6376953125,896.0237426757812,1363.25390625,302.73431396484375,183.1515350341797,20250225-162000
3584,173,0,0.72119140625,535.4668579101562,700.3564453125,600.1754150390625,534.568603515625,20250225-162000
3585,182,0,0.3408203125,785.8256225585938,439.4231872558594,341.9285888671875,291.22259521484375,20250225-162000
3585,176,0,0.421630859375,843.3814697265625,1285.66552734375,149.91082763671875,233.04405212402344,20250225-162000
3585,175,0,0.54296875,748.5599975585938,0.9977188110351562,233.02285766601562,318.85369873046875,20250225-162000
3585,165,0,0.58056640625,848.5468139648438,1350.2801513671875,309.6405029296875,228.1089630126953,20250225-162000
3585,173,0,0.82177734375,492.5071716308594,695.307861328125,557.927490234375,576.3331298828125,20250225-162000
3586,176,0,0.28857421875,955.8722534179688,1313.647705078125,114.93814086914062,123.72442626953125,20250225-162000
3586,163,0,0.33447265625,808.2830200195312,1279.313232421875,76.405517578125,158.4346160888672,20250225-162000
3586,177,0,0.405517578125,783.396240234375,437.73211669921875,142.68814086914062,268.2201232910156,20250225-162000
3586,165,0,0.67822265625,791.3802490234375,1314.3006591796875,321.572021484375,282.9952087402344,20250225-162000
3586,175,0,0.82666015625,701.02783203125,1.42730712890625,226.3107147216797,367.5931091308594,20250225-162000
3586,182,0,0.8291015625,739.3390502929688,572.0902099609375,214.2919921875,339.37335205078125,20250225-162000
3586,173,0,0.87060546875,446.7978210449219,690.2232055664062,567.2186279296875,623.7118530273438,20250225-162000
3587,176,0,0.316650390625,953.4570922851562,1304.793212890625,141.08843994140625,126.33788299560547,20250225-162000
3587,177,0,0.458984375,753.004150390625,430.38311767578125,154.1392822265625,258.2236022949219,20250225-162000
3587,163,0,0.6298828125,805.2879638671875,1282.042236328125,81.29434204101562,130.45028686523438,20250225-162000
3587,165,0,0.74609375,782.8757934570312,1305.0362548828125,421.343994140625,287.3792419433594,20250225-162000
3587,173,0,0.77685546875,415.9978332519531,704.0820922851562,550.6741333007812,655.226318359375,20250225-162000
3587,182,0,0.802734375,703.3092651367188,476.8875732421875,328.1239013671875,374.9859619140625,20250225-162000
3587,175,0,0.87646484375,669.3892211914062,1.4363250732421875,236.0951385498047,400.03948974609375,20250225-162000
3588,177,0,0.218017578125,756.088623046875,509.9439697265625,83.73005676269531,74.51030731201172,20250225-162000
3588,163,0,0.263671875,818.1676635742188,1307.5018310546875,74.454345703125,161.07244873046875,20250225-162000
3588,173,0,0.56396484375,410.1724853515625,742.7902221679688,586.8649291992188,660.471923828125,20250225-162000
3588,182,0,0.71875,702.2217407226562,458.62481689453125,366.49053955078125,372.4380798339844,20250225-162000
3588,183,0,0.751953125,802.9771728515625,1703.9970703125,215.0357666015625,271.36212158203125,20250225-162000
3588,165,0,0.7646484375,798.4892578125,1343.1309814453125,326.5924072265625,276.345458984375,20250225-162000
3588,175,0,0.810546875,635.099365234375,1.0133285522460938,259.5643310546875,433.6708984375,20250225-162000
3589,183,0,0.33447265625,841.6600341796875,1752.6082763671875,167.3192138671875,234.06028747558594,20250225-162000
3589,172,0,0.373779296875,778.9759521484375,490.0258483886719,146.3419189453125,269.01123046875,20250225-162000
3589,173,0,0.466796875,413.0608825683594,762.5045166015625,563.2059936523438,657.1997680664062,20250225-162000
3589,165,0,0.68505859375,832.7296752929688,1360.30224609375,316.8724365234375,242.00177001953125,20250225-162000
3589,182,0,0.8359375,719.798095703125,605.8928833007812,228.01821899414062,355.18817138671875,20250225-162000
3589,175,0,0.86181640625,629.6029663085938,1.1410675048828125,277.62847900390625,440.3210144042969,20250225-162000
3590,182,0,0.4990234375,760.7136840820312,507.8064880371094,340.49761962890625,316.3551025390625,20250225-162000
3590,175,0,0.5,634.7655029296875,1.431976318359375,293.43988037109375,433.3019714355469,20250225-162000
3590,165,0,0.587890625,880.42529296875,1366.212158203125,316.14990234375,198.34072875976562,20250225-162000
3590,173,0,0.69677734375,437.4261474609375,783.9168090820312,554.8002319335938,634.0343627929688,20250225-162000
3591,176,0,0.363037109375,948.6671142578125,1346.581787109375,78.64599609375,128.6334228515625,20250225-162000
3591,182,0,0.5498046875,787.0083618164062,511.7069091796875,355.3861083984375,290.96929931640625,20250225-162000
3591,183,0,0.7177734375,947.6677856445312,1798.931884765625,120.169921875,131.5464324951172,20250225-162000
3591,165,0,0.728515625,925.41259765625,1396.783935546875,298.3988342285156,154.19020080566406,20250225-162000
3591,175,0,0.7294921875,650.4085693359375,1.303436279296875,321.4210205078125,417.39471435546875,20250225-162000
3591,173,0,0.85009765625,469.49420166015625,809.86669921875,541.4448852539062,603.4117431640625,20250225-162000
3592,172,0,0.20556640625,863.4505615234375,519.552490234375,154.9380340576172,213.09820556640625,20250225-162001
3592,176,0,0.273681640625,970.8495483398438,1375.833740234375,74.46340942382812,105.99420166015625,20250225-162001
3592,183,0,0.363037109375,963.408447265625,1840.1737060546875,78.984375,113.18553161621094,20250225-162001
3592,182,0,0.57958984375,796.161376953125,633.8161010742188,256.15997314453125,282.0216979980469,20250225-162001
3592,165,0,0.67333984375,937.9160766601562,1425.9525146484375,293.40380859375,141.20306396484375,20250225-162001
3592,173,0,0.8642578125,485.1990661621094,844.9993286132812,532.9906005859375,585.1703491210938,20250225-162001
3592,175,0,0.8681640625,649.8028564453125,1.095062255859375,352.708251953125,420.7818603515625,20250225-162001
3593,172,0,0.302490234375,862.76318359375,523.1087036132812,174.3007049560547,213.12960815429688,20250225-162001
3593,176,0,0.56201171875,976.1597900390625,1399.375732421875,77.31280517578125,100.13179779052734,20250225-162001
3593,183,0,0.56884765625,966.4918212890625,1868.47119140625,50.80462646484375,109.50862884521484,20250225-162001
3593,182,0,0.59716796875,799.3271484375,674.20263671875,235.1117706298828,279.2378845214844,20250225-162001
3593,163,0,0.64404296875,975.2984008789062,1241.1810302734375,120.2457275390625,95.14949798583984,20250225-162001
3593,165,0,0.75048828125,940.9494018554688,1458.924072265625,284.8424377441406,138.71578979492188,20250225-162001
3593,175,0,0.84912109375,645.55224609375,0.6106109619140625,384.1191101074219,424.31976318359375,20250225-162001
3593,173,0,0.857421875,482.3248596191406,862.2295532226562,536.4505004882812,589.3336181640625,20250225-162001
3594,163,0,0.368408203125,967.3370971679688,1259.3134765625,125.53372192382812,106.23985290527344,20250225-162001
3594,172,0,0.38671875,865.3468017578125,555.16796875,187.661865234375,211.09353637695312,20250225-162001
3594,176,0,0.5283203125,978.8365478515625,1425.9453125,73.76385498046875,97.04781341552734,20250225-162001
3594,182,0,0.83984375,795.914306640625,699.1094970703125,232.3868408203125,283.00018310546875,20250225-162001
3594,175,0,0.8544921875,641.6674194335938,0.3614044189453125,413.8861999511719,427.8814392089844,20250225-162001
3594,173,0,0.865234375,476.7494812011719,886.969482421875,528.470458984375,594.2295532226562,20250225-162001
3595,176,0,0.517578125,990.2600708007812,1456.018310546875,70.2242431640625,88.40320587158203,20250225-162001
3595,172,0,0.58154296875,864.739013671875,560.5468139648438,201.09764099121094,211.1454620361328,20250225-162001
3595,163,0,0.70654296875,964.5346069335938,1282.38427734375,127.28823852539062,112.43854522705078,20250225-162001
3595,165,0,0.72119140625,948.0659790039062,1508.206787109375,289.776123046875,131.65328979492188,20250225-162001
3595,182,0,0.8251953125,795.8240966796875,724.4789428710938,230.498291015625,282.7087707519531,20250225-162001
3595,173,0,0.85595703125,472.8275146484375,913.9515380859375,537.8626098632812,598.6729736328125,20250225-162001
3595,175,0,0.8896484375,628.9119873046875,0.8351898193359375,437.6247253417969,440.5133361816406,20250225-162001
3596,182,0,0.57275390625,794.6945190429688,736.248779296875,229.065673828125,284.1798400878906,20250225-162001
3596,172,0,0.62890625,866.6753540039062,499.09735107421875,236.45700073242188,203.58480834960938,20250225-162001
3596,176,0,0.72119140625,999.0821533203125,1475.0731201171875,66.756591796875,79.97222900390625,20250225-162001
3596,165,0,0.73388671875,958.5580444335938,1517.625,296.2408447265625,120.7333984375,20250225-162001
3596,175,0,0.8251953125,616.39208984375,0.9024810791015625,466.9124450683594,452.79498291015625,20250225-162001
3596,173,0,0.859375,470.690185546875,937.9165649414062,533.7075805664062,602.3843383789062,20250225-162001
3597,172,0,0.294921875,869.223876953125,499.1086120605469,242.1034698486328,198.2356719970703,20250225-162001
3597,182,0,0.403564453125,791.3153686523438,586.399169921875,380.17529296875,286.5396728515625,20250225-162001
3597,176,0,0.73046875,996.4992065429688,1474.0177001953125,67.1920166015625,82.62869262695312,20250225-162001
3597,163,0,0.763671875,970.5016479492188,1296.746826171875,125.70639038085938,108.65049743652344,20250225-162001
3597,165,0,0.7958984375,953.0164184570312,1520.6239013671875,297.5775146484375,126.28672790527344,20250225-162001
3597,173,0,0.83740234375,461.8644714355469,944.6782836914062,529.3291625976562,611.4635620117188,20250225-162001
3597,175,0,0.841796875,605.907470703125,0.693603515625,470.1920471191406,464.54022216796875,20250225-162001
3598,172,0,0.400634765625,869.2980346679688,495.0125732421875,233.56292724609375,199.0226593017578,20250225-162001
3598,176,0,0.6376953125,995.922119140625,1465.2945556640625,66.23171997070312,82.9494400024414,20250225-162001
3598,165,0,0.7373046875,948.479248046875,1512.2607421875,297.053466796875,131.23109436035156,20250225-162001
3598,182,0,0.76953125,793.5663452148438,657.8395385742188,301.726318359375,285.7052001953125,20250225-162001
3598,163,0,0.7744140625,973.5960693359375,1283.5968017578125,128.88876342773438,105.47484588623047,20250225-162001
3598,173,0,0.84521484375,455.7601013183594,928.9491577148438,536.8460083007812,616.8795776367188,20250225-162001
3598,175,0,0.84716796875,606.3347778320312,1.0767974853515625,463.87640380859375,464.7543029785156,20250225-162001
3599,172,0,0.2127685546875,874.9942626953125,601.8353881835938,117.02728271484375,149.67576599121094,20250225-162001
3599,176,0,0.70166015625,993.3558349609375,1452.31103515625,65.89974975585938,85.62091827392578,20250225-162001
3599,163,0,0.73486328125,972.5899047851562,1275.9752197265625,128.737060546875,105.45956420898438,20250225-162001
3599,182,0,0.79638671875,797.4949951171875,651.6366577148438,298.024658203125,281.3641662597656,20250225-162001
3599,165,0,0.81396484375,945.1483154296875,1502.7491455078125,293.096923828125,134.2647705078125,20250225-162001
3599,173,0,0.88427734375,456.2605285644531,917.0020751953125,533.6698608398438,616.3823852539062,20250225-162001
3599,175,0,0.89013671875,612.0227661132812,0.87652587890625,447.2579040527344,458.7899169921875,20250225-162001
3600,182,0,0.57177734375,787.9572143554688,641.8093872070312,302.6103515625,291.3586120605469,20250225-162001
3600,175,0,0.5908203125,600.988525390625,0.6141357421875,434.4850158691406,469.53094482421875,20250225-162001
3600,176,0,0.59375,975.48291015625,1430.9105224609375,74.72808837890625,102.01964569091797,20250225-162001
3600,163,0,0.61962890625,960.5667114257812,1264.220947265625,133.34884643554688,117.5863265991211,20250225-162001
3600,165,0,0.755859375,928.7881469726562,1471.1956787109375,318.3863525390625,150.16629028320312,20250225-162001
3600,173,0,0.89404296875,447.66290283203125,896.2115478515625,539.6233520507812,623.7466430664062,20250225-162001
3601,184,0,0.416748046875,876.2587280273438,887.9968872070312,85.24612426757812,129.78115844726562,20250225-162001
3601,172,0,0.4677734375,847.942626953125,599.5676879882812,153.00558471679688,209.16311645507812,20250225-162001
3601,183,0,0.53125,936.6176147460938,1881.14697265625,38.1650390625,140.97166442871094,20250225-162001
3601,176,0,0.61767578125,957.2727661132812,1407.844482421875,83.17813110351562,121.53015899658203,20250225-162001
3601,175,0,0.6279296875,587.5969848632812,0.6627960205078125,421.65301513671875,482.6664733886719,20250225-162001
3601,163,0,0.67724609375,942.1778564453125,1238.823974609375,161.17630004882812,137.43870544433594,20250225-162001
3601,173,0,0.68994140625,427.19805908203125,877.0274047851562,543.2982788085938,643.97509765625,20250225-162001
3601,165,0,0.82763671875,908.8847045898438,1464.7132568359375,310.6407165527344,169.77069091796875,20250225-162001
3601,182,0,0.83349609375,772.3739013671875,702.6819458007812,227.8106231689453,298.07977294921875,20250225-162001
3602,184,0,0.414794921875,862.2562866210938,883.9260864257812,85.23358154296875,125.1918716430664,20250225-162001
3602,172,0,0.48828125,834.9966430664062,448.3140563964844,239.42120361328125,196.40997314453125,20250225-162001
3602,163,0,0.4892578125,926.2951049804688,1231.550048828125,146.12347412109375,152.40980529785156,20250225-162001
3602,173,0,0.61865234375,410.83233642578125,779.9185180664062,632.0597534179688,662.0791015625,20250225-162001
3602,183,0,0.62158203125,923.4323120117188,1874.830078125,44.4429931640625,155.7821044921875,20250225-162001
3602,176,0,0.72802734375,945.2113037109375,1401.2340087890625,112.65005493164062,133.90728759765625,20250225-162001
3602,182,0,0.8232421875,761.0948486328125,697.0584106445312,225.8869171142578,296.8625183105469,20250225-162001
3602,165,0,0.83154296875,894.9710083007812,1460.779296875,310.603271484375,184.1904296875,20250225-162001
3602,175,0,0.85009765625,572.3451538085938,0.7238616943359375,409.1293029785156,500.2019958496094,20250225-162001
3603,172,0,0.478515625,822.9752197265625,456.47772216796875,238.65380859375,191.4698944091797,20250225-162001
3603,183,0,0.57568359375,917.24267578125,1878.2017822265625,41.02239990234375,160.248291015625,20250225-162001
3603,184,0,0.6279296875,848.8463745117188,883.4322509765625,89.27645874023438,140.63082885742188,20250225-162001
3603,163,0,0.67919921875,917.919921875,1218.686279296875,155.99166870117188,153.38999938964844,20250225-162001
3603,173,0,0.7138671875,398.6454772949219,358.9195556640625,1055.6627197265625,674.8681030273438,20250225-162001
3603,176,0,0.73779296875,935.8786010742188,1402.2843017578125,81.79733276367188,137.20010375976562,20250225-162001
3603,182,0,0.8251953125,745.7770385742188,662.375244140625,266.06396484375,297.0914306640625,20250225-162001
3603,165,0,0.82568359375,884.2987060546875,1441.3297119140625,339.2083740234375,194.73146057128906,20250225-162001
3603,175,0,0.86572265625,555.608154296875,0.743682861328125,418.4416809082031,517.136962890625,20250225-162001
3604,172,0,0.346923828125,824.4459838867188,458.88446044921875,235.3619842529297,182.58908081054688,20250225-162001
3604,176,0,0.533203125,934.5782470703125,1405.9765625,80.97537231445312,138.27151489257812,20250225-162001
3604,183,0,0.56494140625,913.8239135742188,1881.309814453125,37.90997314453125,162.65147399902344,20250225-162001
3604,163,0,0.6123046875,915.345947265625,1219.310302734375,160.23733520507812,158.1411590576172,20250225-162001
3604,173,0,0.658203125,387.724853515625,415.61517333984375,996.680419921875,685.4119262695312,20250225-162001
3604,184,0,0.68408203125,848.9935913085938,886.81298828125,85.0865478515625,128.38992309570312,20250225-162001
3604,182,0,0.783203125,744.67333984375,567.4531860351562,362.2327880859375,299.8733825683594,20250225-162001
3604,165,0,0.83349609375,882.35595703125,1455.914794921875,323.072021484375,196.5900421142578,20250225-162001
3604,175,0,0.8896484375,550.2211303710938,0.5452880859375,415.81988525390625,522.4307861328125,20250225-162001
3605,172,0,0.2783203125,831.4932250976562,460.9708557128906,238.74691772460938,195.8291473388672,20250225-162001
3605,183,0,0.444580078125,926.11279296875,1889.9044189453125,29.35601806640625,148.8850860595703,20250225-162001
3605,163,0,0.4716796875,920.3016967773438,1231.701171875,182.83200073242188,159.20571899414062,20250225-162001
3605,184,0,0.5126953125,857.0410766601562,891.53125,80.6949462890625,126.01138305664062,20250225-162001
3605,182,0,0.5224609375,752.6285400390625,574.43798828125,359.7887878417969,296.8789978027344,20250225-162001
3605,173,0,0.5908203125,390.9629821777344,540.4971313476562,873.5306396484375,682.0967407226562,20250225-162001
3605,176,0,0.6298828125,940.19482421875,1409.859619140625,96.4053955078125,138.46102905273438,20250225-162001
3605,165,0,0.8486328125,888.1386108398438,1474.930419921875,309.1519775390625,190.57794189453125,20250225-162001
3605,175,0,0.85791015625,553.7857666015625,0.18768310546875,423.985107421875,518.2055053710938,20250225-162001
3606,183,0,0.3583984375,939.2086791992188,1895.8399658203125,23.3719482421875,136.2351837158203,20250225-162001
3606,182,0,0.392333984375,757.96435546875,575.928466796875,362.0320129394531,293.0450134277344,20250225-162001
3606,172,0,0.408203125,835.7679443359375,466.75506591796875,237.4163818359375,188.4428253173828,20250225-162001
3606,184,0,0.455078125,862.1387329101562,896.4466552734375,76.93441772460938,123.28437042236328,20250225-162001
3606,163,0,0.587890625,928.001220703125,1222.79052734375,175.9317626953125,149.9875030517578,20250225-162001
3606,173,0,0.650390625,399.5352478027344,759.2530517578125,657.3605346679688,672.656982421875,20250225-162001
3606,176,0,0.7490234375,948.3629150390625,1418.137451171875,81.394775390625,130.70932006835938,20250225-162001
3606,165,0,0.85986328125,896.3779296875,1469.624755859375,318.8224182128906,181.29922485351562,20250225-162001
3606,175,0,0.89208984375,559.8527221679688,0.5452423095703125,425.5785827636719,512.3368530273438,20250225-162001
3607,183,0,0.2330322265625,937.308349609375,1899.057861328125,20.29815673828125,137.53912353515625,20250225-162001
3607,184,0,0.400634765625,856.4654541015625,897.3546752929688,78.205810546875,118.82907104492188,20250225-162001
3607,173,0,0.57275390625,398.42608642578125,566.8749389648438,849.73095703125,674.0911865234375,20250225-162001
3607,176,0,0.6318359375,941.8038330078125,1420.200927734375,77.52914428710938,135.18333435058594,20250225-162001
3607,172,0,0.7685546875,829.09716796875,542.7099609375,172.88946533203125,197.00477600097656,20250225-162001
3607,182,0,0.7939453125,754.6187744140625,690.5718383789062,250.00213623046875,292.2085266113281,20250225-162001
3607,175,0,0.8173828125,557.0736694335938,0.868011474609375,424.90631103515625,515.034912109375,20250225-162001
3607,165,0,0.84375,890.6019897460938,1464.0091552734375,330.5892333984375,188.04611206054688,20250225-162001
3608,184,0,0.4736328125,837.6443481445312,906.8236083984375,73.17910766601562,123.34770965576172,20250225-162001
3608,176,0,0.61328125,930.3214111328125,1427.48974609375,80.33203125,140.61521911621094,20250225-162001
3608,182,0,0.689453125,737.4268798828125,701.9361572265625,245.3231964111328,284.2715759277344,20250225-162001
3608,175,0,0.7099609375,535.2969970703125,0.6106109619140625,440.34246826171875,536.4859008789062,20250225-162001
3608,172,0,0.7265625,809.2717895507812,553.0765380859375,166.92288208007812,188.5338897705078,20250225-162001
3608,163,0,0.7607421875,907.0010375976562,1226.089111328125,174.54986572265625,162.52667236328125,20250225-162001
3608,165,0,0.80517578125,881.23193359375,1480.7685546875,324.9623107910156,196.50662231445312,20250225-162001
3608,173,0,0.82861328125,375.9091796875,564.1646118164062,864.3028564453125,699.38623046875,20250225-162001
3609,163,0,0.5166015625,908.2515869140625,1224.4002685546875,182.59249877929688,169.40737915039062,20250225-162001
3609,172,0,0.64501953125,812.3402709960938,555.6441650390625,173.51243591308594,189.02792358398438,20250225-162001
3609,176,0,0.66796875,934.8812255859375,1430.27490234375,82.83682250976562,142.0069580078125,20250225-162001
3609,173,0,0.71923828125,366.0379333496094,566.8610229492188,866.7879638671875,707.6459350585938,20250225-162001
3609,175,0,0.7392578125,525.8911743164062,0.6085968017578125,441.39727783203125,546.1813354492188,20250225-162001
3609,182,0,0.8193359375,734.9893798828125,722.7216186523438,226.4700164794922,291.0465393066406,20250225-162001
3609,165,0,0.82861328125,883.0743408203125,1479.5137939453125,330.815185546875,195.94227600097656,20250225-162001
3610,184,0,0.28369140625,856.279052734375,909.436767578125,66.30303955078125,123.03288269042969,20250225-162001
3610,163,0,0.498046875,926.5936279296875,1233.258544921875,185.65914916992188,153.11534118652344,20250225-162001
3610,173,0,0.626953125,375.72662353515625,402.073974609375,1022.5698852539062,697.0773315429688,20250225-162001
3610,176,0,0.7041015625,949.2800903320312,1428.9541015625,78.92733764648438,129.02996826171875,20250225-162001
3610,172,0,0.73583984375,828.52099609375,549.9058837890625,169.51492309570312,193.8575439453125,20250225-162001
3610,175,0,0.77734375,540.8340454101562,1.24365234375,434.9339904785156,532.2116088867188,20250225-162001
3610,165,0,0.8193359375,895.545654296875,1480.7384033203125,318.5372314453125,183.64883422851562,20250225-162001
3610,182,0,0.8203125,751.9471435546875,704.0103759765625,239.73175048828125,288.8128967285156,20250225-162001
3611,172,0,0.533203125,838.6331176757812,558.6846313476562,154.9742889404297,194.7992706298828,20250225-162001
3611,173,0,0.56884765625,390.35107421875,607.1015625,810.7732543945312,682.0189208984375,20250225-162001
3611,163,0,0.70654296875,941.0497436523438,1214.93798828125,175.32769775390625,138.8485565185547,20250225-162001
3611,182,0,0.708984375,763.7811889648438,686.7703857421875,251.287353515625,283.0899658203125,20250225-162001
3611,175,0,0.7255859375,548.199951171875,0.660003662109375,429.5614929199219,524.7238159179688,20250225-162001
3611,176,0,0.7265625,964.253173828125,1419.734375,80.69430541992188,113.91483306884766,20250225-162001
3611,165,0,0.82421875,910.0550537109375,1474.8116455078125,313.77978515625,168.616455078125,20250225-162001
3612,183,0,0.62890625,942.5606689453125,1875.69287109375,43.52911376953125,134.80044555664062,20250225-162001
3612,172,0,0.6884765625,850.5338745117188,569.264892578125,133.68649291992188,191.55787658691406,20250225-162001
3612,176,0,0.7265625,968.35986328125,1404.5654296875,76.63824462890625,109.97760772705078,20250225-162001
3612,173,0,0.74072265625,400.6858825683594,741.9454345703125,657.0501098632812,671.8861694335938,20250225-162001
3612,163,0,0.75634765625,945.5836181640625,1197.3262939453125,185.14645385742188,132.96263122558594,20250225-162001
3612,182,0,0.806640625,772.0673217773438,670.8701782226562,251.1427459716797,282.6077575683594,20250225-162001
3612,165,0,0.85205078125,911.9601440429688,1457.9022216796875,311.9366455078125,166.9182891845703,20250225-162001
3612,175,0,0.85693359375,559.82275390625,0.594818115234375,412.2301940917969,512.997314453125,20250225-162001
3613,184,0,0.544921875,874.4544067382812,880.9605102539062,63.898040771484375,127.6356430053711,20250225-162001
3613,172,0,0.57568359375,848.4783935546875,567.0477294921875,127.70741271972656,186.15414428710938,20250225-162001
3613,173,0,0.57666015625,393.58062744140625,734.7484130859375,651.8754272460938,678.7449340820312,20250225-162001
3613,183,0,0.6748046875,933.1531372070312,1874.1690673828125,45.01171875,144.7990264892578,20250225-162001
3613,176,0,0.703125,960.4411010742188,1400.7242431640625,80.64413452148438,119.08295440673828,20250225-162001
3613,182,0,0.7255859375,769.1287841796875,658.1453247070312,257.73321533203125,278.13958740234375,20250225-162001
3613,163,0,0.73779296875,940.3109130859375,1190.8424072265625,189.00311279296875,138.93190002441406,20250225-162001
3613,165,0,0.8486328125,903.5037841796875,1450.393798828125,315.3248291015625,175.24249267578125,20250225-162001
3613,175,0,0.88134765625,559.7467041015625,0.248016357421875,398.4742126464844,512.428466796875,20250225-162001
3614,184,0,0.356689453125,865.90771484375,883.6928100585938,64.46658325195312,130.33673095703125,20250225-162001
3614,172,0,0.384033203125,840.8695068359375,533.9244384765625,215.33193969726562,194.3679656982422,20250225-162001
3614,183,0,0.57861328125,932.89013671875,1880.8260498046875,38.3939208984375,145.00279235839844,20250225-162001
3614,173,0,0.630859375,386.7552185058594,380.5045166015625,1011.9428100585938,685.9730224609375,20250225-162001
3614,163,0,0.708984375,933.80615234375,1195.3626708984375,189.497314453125,143.92141723632812,20250225-162001
3614,176,0,0.72119140625,955.173583984375,1405.4776611328125,77.02688598632812,123.92251586914062,20250225-162001
3614,182,0,0.73779296875,762.1910400390625,694.062744140625,229.53515625,280.9262390136719,20250225-162001
3614,175,0,0.7890625,552.8154907226562,1.1027069091796875,403.7769775390625,520.3812255859375,20250225-162001
3614,165,0,0.84033203125,898.3753051757812,1454.1346435546875,320.8740234375,180.1193084716797,20250225-162001
3615,172,0,0.2744140625,831.674560546875,535.2664794921875,152.62490844726562,184.1785888671875,20250225-162001
3615,184,0,0.36474609375,861.027099609375,886.2813720703125,67.59255981445312,121.1251220703125,20250225-162001
3615,183,0,0.4833984375,936.385009765625,1889.6964111328125,29.56365966796875,139.90101623535156,20250225-162001
3615,173,0,0.54296875,381.32550048828125,347.624267578125,1054.330810546875,691.6058349609375,20250225-162001
3615,163,0,0.64404296875,929.5625610351562,1205.95556640625,181.092041015625,149.11605834960938,20250225-162001
3615,182,0,0.66015625,754.4605102539062,618.4513549804688,310.735107421875,288.0219421386719,20250225-162001
3615,175,0,0.6806640625,546.3085327148438,0.89154052734375,408.1365051269531,527.260009765625,20250225-162001
3615,176,0,0.71630859375,950.6251831054688,1408.78173828125,77.08493041992188,127.4630355834961,20250225-162001
3615,165,0,0.84130859375,895.38232421875,1443.482421875,338.3487854003906,183.11282348632812,20250225-162001
3616,183,0,0.260498046875,936.5831298828125,1895.78173828125,23.43621826171875,138.86366271972656,20250225-162001
3616,163,0,0.43408203125,919.51123046875,1211.713134765625,196.39471435546875,159.01507568359375,20250225-162001
3616,175,0,0.5341796875,538.11376953125,0.689208984375,414.9416198730469,533.4208984375,20250225-162001
3616,182,0,0.61669921875,743.8020629882812,596.6705932617188,337.374755859375,293.72137451171875,20250225-162001
3616,173,0,0.63232421875,373.5020751953125,543.8212280273438,870.8203125,698.4578247070312,20250225-162001
3616,176,0,0.6943359375,941.8661499023438,1413.336181640625,79.04104614257812,134.40408325195312,20250225-162001
3616,165,0,0.8505859375,889.5409545898438,1452.347900390625,338.94140625,188.77206420898438,20250225-162001
3617,163,0,0.59814453125,899.4060668945312,1227.5482177734375,161.43722534179688,179.46484375,20250225-162001
3617,176,0,0.63525390625,921.4652099609375,1414.67626953125,83.07595825195312,155.72528076171875,20250225-162001
3617,175,0,0.71533203125,518.82958984375,1.24713134765625,429.3619079589844,553.4277954101562,20250225-162001
3617,182,0,0.72705078125,726.25537109375,601.4139404296875,340.81146240234375,294.4427795410156,20250225-162001
3617,173,0,0.7548828125,359.49188232421875,543.9563598632812,883.7063598632812,713.632568359375,20250225-162001
3617,165,0,0.83056640625,872.6552124023438,1460.4759521484375,334.037109375,206.19509887695312,20250225-162001
3618,172,0,0.244384765625,807.5106811523438,314.6564025878906,449.1323547363281,269.4693908691406,20250225-162001
3618,184,0,0.310791015625,807.477294921875,909.8935546875,68.725341796875,117.7158432006836,20250225-162001
3618,163,0,0.5,871.6221313476562,1232.992431640625,161.1104736328125,205.11114501953125,20250225-162001
3618,176,0,0.5927734375,898.2382202148438,1416.48388671875,87.62832641601562,174.24462890625,20250225-162001
3618,182,0,0.6416015625,701.4008178710938,613.8046875,334.9046630859375,298.6607666015625,20250225-162001
3618,165,0,0.798828125,856.8427734375,1469.65576171875,333.9715576171875,221.18035888671875,20250225-162001
3618,175,0,0.82373046875,496.5914001464844,0.3592529296875,442.6725769042969,575.39794921875,20250225-162001
3618,173,0,0.87841796875,337.2110900878906,524.5266723632812,914.4636840820312,737.82421875,20250225-162001
3619,163,0,0.552734375,869.5958251953125,1240.4718017578125,152.72744750976562,145.71055603027344,20250225-162001
3619,176,0,0.5556640625,886.2840576171875,1422.531494140625,83.08749389648438,150.97154235839844,20250225-162001
3619,182,0,0.55810546875,681.4993286132812,732.666748046875,220.95245361328125,299.3588562011719,20250225-162001
3619,175,0,0.80517578125,466.4427490234375,0.489166259765625,445.9216003417969,605.7545166015625,20250225-162001
3619,165,0,0.8056640625,842.5753784179688,1460.111572265625,347.1595458984375,234.13925170898438,20250225-162001
3619,173,0,0.89794921875,314.83587646484375,521.8194580078125,936.2559814453125,760.0322875976562,20250225-162001
3620,163,0,0.264404296875,854.1398315429688,1275.8338623046875,128.05270385742188,171.06065368652344,20250225-162001
3620,172,0,0.2998046875,756.5531616210938,340.0709533691406,439.3018798828125,317.2094421386719,20250225-162001
3620,176,0,0.6689453125,874.0255737304688,1424.044189453125,86.08428955078125,151.92015075683594,20250225-162001
3620,182,0,0.68701171875,668.6972045898438,742.1641845703125,216.463623046875,301.4778137207031,20250225-162001
3620,165,0,0.77392578125,833.8466796875,1467.4940185546875,350.234619140625,242.71725463867188,20250225-162001
3620,175,0,0.78662109375,448.1119689941406,0.4568023681640625,471.0213317871094,622.8662109375,20250225-162001
3620,173,0,0.89404296875,305.435546875,517.3738403320312,953.9263916015625,768.0358276367188,20250225-162001
3621,163,0,0.482421875,839.505859375,1269.939697265625,138.27630615234375,234.7112274169922,20250225-162001
3621,176,0,0.56591796875,856.3460083007812,1424.2540283203125,92.07943725585938,155.80355834960938,20250225-162001
3621,182,0,0.65234375,646.43505859375,755.3421630859375,212.4927520751953,306.98028564453125,20250225-162001
3621,165,0,0.765625,819.591064453125,1468.363525390625,361.5379943847656,256.9285888671875,20250225-162001
3621,175,0,0.8486328125,426.22576904296875,0.771881103515625,481.0047912597656,645.8363037109375,20250225-162001
3621,173,0,0.921875,284.4832458496094,507.23016357421875,982.318359375,786.61181640625,20250225-162001
3622,172,0,0.345947265625,712.9326782226562,376.48077392578125,433.7720947265625,343.5390625,20250225-162002
3622,182,0,0.4990234375,625.684326171875,675.5830078125,304.4205322265625,309.0142517089844,20250225-162002
3622,176,0,0.5166015625,838.239013671875,1385.6180419921875,142.010009765625,239.14584350585938,20250225-162002
3622,165,0,0.73486328125,807.173583984375,1469.722412109375,375.1395263671875,268.74310302734375,20250225-162002
3622,175,0,0.8173828125,403.2296142578125,1.07794189453125,494.1646728515625,666.2047729492188,20250225-162002
3622,173,0,0.91357421875,265.1864318847656,505.87261962890625,999.3997192382812,805.4649047851562,20250225-162002
3623,163,0,0.20751953125,811.5239868164062,1339.103271484375,90.54336547851562,96.82611083984375,20250225-162002
3623,172,0,0.302490234375,693.8003540039062,385.72100830078125,171.06436157226562,315.65576171875,20250225-162002
3623,184,0,0.373779296875,711.3821411132812,943.2784423828125,85.58404541015625,126.41315460205078,20250225-162002
3623,176,0,0.62255859375,826.2340087890625,1445.0819091796875,93.47222900390625,155.2437744140625,20250225-162002
3623,182,0,0.71533203125,609.1405029296875,773.5149536132812,217.23092651367188,313.4486083984375,20250225-162002
3623,165,0,0.7294921875,796.2788696289062,1484.2269287109375,379.7420654296875,276.5191955566406,20250225-162002
3623,175,0,0.826171875,380.1888427734375,1.281829833984375,508.1847839355469,689.6250610351562,20250225-162002
3623,173,0,0.91064453125,248.65460205078125,512.334228515625,1013.7822875976562,821.0365600585938,20250225-162002
3624,184,0,0.263671875,708.9743041992188,961.6360473632812,74.1756591796875,132.02708435058594,20250225-162002
3624,163,0,0.310791015625,809.5064086914062,1311.2962646484375,139.96078491210938,220.23004150390625,20250225-162002
3624,172,0,0.3251953125,689.4299926757812,402.7658386230469,166.15676879882812,196.3885498046875,20250225-162002
3624,176,0,0.56884765625,829.55224609375,1462.45458984375,91.125,149.21759033203125,20250225-162002
3624,182,0,0.57373046875,606.323974609375,776.0385131835938,224.84866333007812,322.22607421875,20250225-162002
3624,165,0,0.783203125,796.5331420898438,1532.6502685546875,373.8284912109375,280.5159912109375,20250225-162002
3624,175,0,0.86181640625,371.1750793457031,0.79962158203125,525.6524658203125,698.1441650390625,20250225-162002
3624,173,0,0.896484375,242.80291748046875,526.3756713867188,1019.526123046875,827.493896484375,20250225-162002
3625,177,0,0.25390625,712.8479614257812,554.582275390625,74.90908813476562,140.4123992919922,20250225-162002
3625,163,0,0.3408203125,823.6587524414062,1304.1280517578125,148.58761596679688,243.73374938964844,20250225-162002
3625,172,0,0.4833984375,429.5033874511719,410.83026123046875,429.74468994140625,617.427490234375,20250225-162002
3625,176,0,0.55908203125,846.9816284179688,1469.6319580078125,97.544677734375,165.82659912109375,20250225-162002
3625,182,0,0.57470703125,618.9752807617188,785.0341186523438,219.05557250976562,319.88165283203125,20250225-162002
3625,165,0,0.82275390625,813.4227294921875,1542.908203125,372.4273681640625,262.148193359375,20250225-162002
3625,175,0,0.82421875,387.55474853515625,1.289337158203125,529.176513671875,681.92724609375,20250225-162002
3625,173,0,0.89794921875,251.9386444091797,549.7474365234375,998.7471313476562,819.0194091796875,20250225-162002
3626,163,0,0.373779296875,835.1724243164062,1344.413818359375,151.29327392578125,178.93972778320312,20250225-162002
3626,176,0,0.68603515625,861.5863037109375,1483.0740966796875,91.3502197265625,147.2074432373047,20250225-162002
3626,182,0,0.7744140625,637.257568359375,789.875244140625,221.77359008789062,323.32861328125,20250225-162002
3626,165,0,0.81689453125,827.039306640625,1544.16943359375,354.92559814453125,246.9756622314453,20250225-162002
3626,175,0,0.87890625,407.5960388183594,1.535980224609375,535.4338989257812,662.5502319335938,20250225-162002
3626,173,0,0.890625,264.4731140136719,575.0755004882812,966.7578735351562,808.247314453125,20250225-162002
3627,184,0,0.20947265625,745.2108764648438,978.874755859375,69.15802001953125,120.15206146240234,20250225-162002
3627,163,0,0.4736328125,845.4127197265625,1336.0537109375,134.42587280273438,119.01162719726562,20250225-162002
3627,182,0,0.63525390625,642.8821411132812,784.2918090820312,235.01495361328125,316.19769287109375,20250225-162002
3627,176,0,0.72314453125,866.619140625,1488.4888916015625,89.79620361328125,133.58584594726562,20250225-162002
3627,165,0,0.84423828125,830.9244995117188,1530.8536376953125,373.9134521484375,243.67770385742188,20250225-162002
3627,175,0,0.89794921875,422.4103698730469,1.445343017578125,541.2384033203125,647.7659912109375,20250225-162002
3627,173,0,0.91796875,282.009521484375,582.4667358398438,959.0125122070312,790.6887817382812,20250225-162002
3628,163,0,0.329345703125,844.3781127929688,1328.424560546875,152.30044555664062,172.5753936767578,20250225-162002
3628,182,0,0.6142578125,642.49951171875,770.5382080078125,257.7521667480469,314.47265625,20250225-162002
3628,176,0,0.6494140625,865.32763671875,1503.03271484375,86.2294921875,152.51966857910156,20250225-162002
3628,165,0,0.83740234375,829.277587890625,1533.85400390625,381.497314453125,244.9582061767578,20250225-162002
3628,175,0,0.912109375,426.7908630371094,1.960052490234375,544.8290405273438,644.7058715820312,20250225-162002
3628,173,0,0.92431640625,281.25482177734375,586.0850830078125,964.4500122070312,790.339111328125,20250225-162002
3629,172,0,0.216064453125,722.3580932617188,436.9830322265625,173.9344940185547,306.89508056640625,20250225-162002
3629,163,0,0.39794921875,822.4481811523438,1354.669677734375,136.98037719726562,167.726806640625,20250225-162002
3629,182,0,0.6376953125,633.7685546875,805.5166625976562,229.69436645507812,317.7885437011719,20250225-162002
3629,176,0,0.68505859375,859.0115356445312,1513.541015625,86.5469970703125,142.99452209472656,20250225-162002
3629,165,0,0.83837890625,825.5579833984375,1543.33740234375,374.34466552734375,249.17120361328125,20250225-162002
3629,175,0,0.89404296875,421.3014831542969,1.95355224609375,559.1442260742188,648.6070556640625,20250225-162002
3629,173,0,0.92236328125,272.6566162109375,586.74462890625,980.8231201171875,797.9404296875,20250225-162002
3630,172,0,0.342529296875,705.4492797851562,455.3313903808594,156.2783660888672,229.245361328125,20250225-162002
3630,163,0,0.420654296875,806.32421875,1373.961181640625,120.50839233398438,128.84225463867188,20250225-162002
3630,182,0,0.48046875,626.5817260742188,779.3626098632812,261.29534912109375,317.3330383300781,20250225-162002
3630,176,0,0.74609375,854.3583374023438,1515.767333984375,88.14990234375,139.7743377685547,20250225-162002
3630,165,0,0.83349609375,821.492919921875,1544.132080078125,375.867919921875,253.93206787109375,20250225-162002
3630,175,0,0.91162109375,406.716796875,1.0000762939453125,570.40478515625,664.4031982421875,20250225-162002
3630,173,0,0.91552734375,262.0749206542969,587.4918823242188,988.0279541015625,808.1202392578125,20250225-162002
3631,184,0,0.253173828125,723.8984375,1001.888671875,76.48251342773438,137.0591583251953,20250225-162002
3631,172,0,0.4716796875,691.2764282226562,454.4241943359375,158.8158416748047,206.9556427001953,20250225-162002
3631,163,0,0.49609375,809.9644775390625,1377.541015625,119.93087768554688,125.25941467285156,20250225-162002
3631,176,0,0.72802734375,855.6917724609375,1513.716796875,90.8697509765625,145.16261291503906,20250225-162002
3631,182,0,0.728515625,624.2636108398438,772.071044921875,272.46661376953125,317.6198425292969,20250225-162002
3631,165,0,0.783203125,822.1424560546875,1552.4468994140625,367.29931640625,253.59414672851562,20250225-162002
3631,173,0,0.92041015625,262.0791015625,586.745361328125,1000.3245849609375,809.7696533203125,20250225-162002
3631,175,0,0.9228515625,403.2267761230469,0.9891815185546875,571.0819091796875,667.8777465820312,20250225-162002
3632,163,0,0.38037109375,812.6297607421875,1363.614013671875,128.73587036132812,178.10177612304688,20250225-162002
3632,172,0,0.4599609375,711.7875366210938,451.2882385253906,160.0440216064453,245.78646850585938,20250225-162002
3632,182,0,0.62158203125,627.5661010742188,770.0791625976562,268.3411560058594,322.3670959472656,20250225-162002
3632,176,0,0.68994140625,859.9764404296875,1512.7294921875,88.93505859375,152.81878662109375,20250225-162002
3632,165,0,0.7822265625,829.0376586914062,1550.56640625,367.54486083984375,246.795166015625,20250225-162002
3632,173,0,0.91162109375,262.4874267578125,586.2337646484375,1003.0728149414062,809.2450561523438,20250225-162002
3632,175,0,0.921875,405.66009521484375,1.362396240234375,567.69384765625,664.7703247070312,20250225-162002
3633,163,0,0.342529296875,818.2413940429688,1352.2642822265625,137.69631958007812,159.830810546875,20250225-162002
3633,172,0,0.408203125,688.7874755859375,438.3754577636719,168.39088439941406,230.8998260498047,20250225-162002
3633,176,0,0.67822265625,866.1428833007812,1508.8875732421875,88.338134765625,134.47857666015625,20250225-162002
3633,182,0,0.72265625,634.39404296875,773.9961547851562,260.3583984375,320.8910827636719,20250225-162002
3633,165,0,0.822265625,832.650390625,1544.4920654296875,375.5079345703125,242.72335815429688,20250225-162002
3633,173,0,0.92431640625,266.98150634765625,585.6062622070312,995.8040771484375,805.13916015625,20250225-162002
3633,175,0,0.92431640625,415.73736572265625,1.180755615234375,561.3273315429688,655.2424926757812,20250225-162002
3634,184,0,0.2421875,743.8546752929688,987.4075927734375,75.8917236328125,131.8319854736328,20250225-162002
3634,163,0,0.3408203125,820.1390380859375,1368.0252685546875,120.38351440429688,132.77552795410156,20250225-162002
3634,172,0,0.439697265625,709.2655029296875,430.93157958984375,172.94883728027344,204.40371704101562,20250225-162002
3634,176,0,0.71875,868.3463134765625,1503.4185791015625,92.1470947265625,146.31033325195312,20250225-162002
3634,165,0,0.7744140625,832.0043334960938,1544.274169921875,374.57171630859375,243.55728149414062,20250225-162002
3634,182,0,0.79296875,641.0494995117188,768.7562255859375,261.4844970703125,316.2326965332031,20250225-162002
3634,173,0,0.92138671875,276.22393798828125,585.9043579101562,986.280029296875,796.579345703125,20250225-162002
3634,175,0,0.93115234375,423.52020263671875,1.16802978515625,551.3671264648438,647.6900634765625,20250225-162002
3635,172,0,0.333740234375,700.2092895507812,429.8951110839844,169.76119995117188,220.41770935058594,20250225-162002
3635,163,0,0.438720703125,822.2166137695312,1374.258544921875,115.17800903320312,128.81924438476562,20250225-162002
3635,176,0,0.708984375,866.0440063476562,1499.9979248046875,92.97573852539062,153.63075256347656,20250225-162002
3635,182,0,0.71630859375,639.9153442382812,758.540771484375,270.81976318359375,313.8110656738281,20250225-162002
3635,165,0,0.822265625,828.650390625,1546.8358154296875,371.97216796875,246.8997039794922,20250225-162002
3635,173,0,0.91796875,280.9085693359375,584.4354858398438,980.442626953125,791.0986938476562,20250225-162002
3635,175,0,0.93017578125,426.0467224121094,0.8010406494140625,543.6494140625,645.6012573242188,20250225-162002
3636,184,0,0.27587890625,744.5158081054688,990.69580078125,63.967620849609375,133.48251342773438,20250225-162002
3636,172,0,0.28466796875,698.4470825195312,427.87335205078125,171.80731201171875,214.5063018798828,20250225-162002
3636,163,0,0.32861328125,824.8955078125,1327.349609375,160.37319946289062,160.38064575195312,20250225-162002
3636,182,0,0.642578125,638.6574096679688,774.1171875,254.19754028320312,315.218017578125,20250225-162002
3636,176,0,0.7294921875,862.6419067382812,1496.73779296875,95.444091796875,149.96475219726562,20250225-162002
3636,165,0,0.76904296875,825.658935546875,1542.951416015625,371.1690673828125,249.82249450683594,20250225-162002
3636,173,0,0.9150390625,275.09283447265625,580.95703125,976.2967529296875,796.204833984375,20250225-162002
3636,175,0,0.93408203125,426.95599365234375,1.3867034912109375,545.4337768554688,644.49560546875,20250225-162002
3637,172,0,0.373779296875,674.7702026367188,429.5321044921875,172.04933166503906,238.8357391357422,20250225-162002
3637,163,0,0.421630859375,818.9639892578125,1349.6884765625,138.36923217773438,161.9900665283203,20250225-162002
3637,176,0,0.72119140625,860.20751953125,1504.5560302734375,88.571044921875,149.87428283691406,20250225-162002
3637,182,0,0.7333984375,635.1495971679688,770.1567993164062,259.0480041503906,316.18145751953125,20250225-162002
3637,165,0,0.84521484375,823.6295776367188,1539.2523193359375,379.0869140625,251.3075408935547,20250225-162002
3637,173,0,0.91748046875,273.24371337890625,583.7877807617188,980.1236572265625,798.8970336914062,20250225-162002
3637,175,0,0.92919921875,422.6934814453125,1.7135009765625,547.0057983398438,648.05810546875,20250225-162002
3638,172,0,0.453369140625,691.8843383789062,432.955810546875,171.07374572753906,220.10585021972656,20250225-162002
3638,163,0,0.6318359375,809.1637573242188,1345.8818359375,146.98699951171875,175.186279296875,20250225-162002
3638,176,0,0.650390625,858.086669921875,1496.8453369140625,99.95736694335938,150.13941955566406,20250225-162002
3638,165,0,0.79052734375,824.38525390625,1539.3775634765625,378.955810546875,251.1782684326172,20250225-162002
3638,182,0,0.8076171875,633.0316772460938,764.0625,266.5374755859375,316.2919616699219,20250225-162002
3638,173,0,0.92431640625,272.8876037597656,583.4906616210938,986.885009765625,799.7626342773438,20250225-162002
3638,175,0,0.93212890625,414.9952392578125,1.1798858642578125,547.724609375,656.61083984375,20250225-162002
3639,172,0,0.505859375,709.8923950195312,428.99212646484375,178.91217041015625,197.1000518798828,20250225-162002
3639,163,0,0.67041015625,808.5026245117188,1344.000732421875,150.83779907226562,177.9165496826172,20250225-162002
3639,176,0,0.703125,858.3836059570312,1501.1275634765625,95.5546875,142.3506317138672,20250225-162002
3639,165,0,0.7724609375,824.5302734375,1540.2579345703125,377.79345703125,250.85057067871094,20250225-162002
3639,182,0,0.80126953125,631.73095703125,763.7537841796875,266.93206787109375,316.63360595703125,20250225-162002
3639,173,0,0.92578125,271.1601867675781,584.3230590820312,986.38623046875,801.2495727539062,20250225-162002
3639,175,0,0.935546875,410.9145202636719,0.791015625,549.6885986328125,660.42578125,20250225-162002
3640,172,0,0.42822265625,702.137451171875,430.32843017578125,176.1247100830078,211.14276123046875,20250225-162002
3640,163,0,0.63232421875,808.37451171875,1343.55322265625,148.46612548828125,163.87747192382812,20250225-162002
3640,176,0,0.69189453125,859.251220703125,1508.6158447265625,86.080810546875,145.20037841796875,20250225-162002
3640,182,0,0.775390625,633.2199096679688,763.1284790039062,267.59710693359375,316.91192626953125,20250225-162002
3640,165,0,0.79052734375,823.92724609375,1539.7430419921875,378.42864990234375,251.0799102783203,20250225-162002
3640,173,0,0.9248046875,272.89007568359375,585.2554321289062,984.7476196289062,799.6189575195312,20250225-162002
3640,175,0,0.93798828125,413.6282958984375,0.939605712890625,548.4735717773438,657.6424560546875,20250225-162002
3641,172,0,0.382080078125,686.3287963867188,424.8782043457031,178.23394775390625,230.38433837890625,20250225-162002
3641,163,0,0.43017578125,813.1992797851562,1333.1634521484375,157.13864135742188,177.44593811035156,20250225-162002
3641,176,0,0.6767578125,862.0020751953125,1502.09814453125,92.62490844726562,148.736083984375,20250225-162002
3641,182,0,0.74169921875,637.883056640625,766.8409423828125,263.820556640625,314.42938232421875,20250225-162002
3641,165,0,0.84326171875,825.8209838867188,1546.487548828125,370.02703857421875,249.69700622558594,20250225-162002
3641,173,0,0.92333984375,275.9902038574219,587.406005859375,977.77001953125,796.4769287109375,20250225-162002
3641,175,0,0.9375,417.0481262207031,1.320831298828125,545.8116455078125,653.9918212890625,20250225-162002
3642,177,0,0.248046875,696.32177734375,585.3517456054688,220.58486938476562,193.04884338378906,20250225-162002
3642,163,0,0.55908203125,811.14599609375,1341.97900390625,147.17532348632812,179.37661743164062,20250225-162002
3642,176,0,0.7041015625,865.0595092773438,1506.4892578125,87.1475830078125,153.82962036132812,20250225-162002
3642,165,0,0.82275390625,826.2659301757812,1542.6796875,373.80230712890625,249.0137939453125,20250225-162002
3642,182,0,0.8251953125,638.0912475585938,775.5166625976562,253.67843627929688,316.056396484375,20250225-162002
3642,173,0,0.92236328125,278.90545654296875,587.2179565429688,974.5823364257812,793.7362060546875,20250225-162002
3642,175,0,0.9365234375,422.098388671875,0.963592529296875,546.425048828125,649.0660400390625,20250225-162002
3643,184,0,0.2049560546875,742.33935546875,987.9765014648438,74.19882202148438,154.4977264404297,20250225-162002
3643,172,0,0.3720703125,713.0885009765625,433.3541564941406,169.05262756347656,208.60470581054688,20250225-162002
3643,163,0,0.5908203125,814.75830078125,1331.912841796875,158.46121215820312,173.28744506835938,20250225-162002
3643,176,0,0.7099609375,864.98681640625,1507.5648193359375,85.557861328125,148.0242919921875,20250225-162002
3643,182,0,0.8193359375,638.6642456054688,772.18798828125,257.3370666503906,316.4450988769531,20250225-162002
3643,165,0,0.84375,826.098388671875,1540.6453857421875,374.68231201171875,249.25738525390625,20250225-162002
3643,173,0,0.91845703125,279.9556884765625,587.5360107421875,974.29541015625,792.7001342773438,20250225-162002
3643,175,0,0.9365234375,423.31396484375,1.152923583984375,544.8553466796875,648.1629638671875,20250225-162002
3644,177,0,0.21533203125,694.1445922851562,681.6593627929688,128.07147216796875,197.98719787597656,20250225-162002
3644,184,0,0.25244140625,742.9952392578125,988.9766845703125,71.66253662109375,132.90684509277344,20250225-162002
3644,172,0,0.29248046875,515.2123413085938,424.6131591796875,180.12066650390625,403.4226989746094,20250225-162002
3644,163,0,0.447509765625,819.8557739257812,1340.17919921875,151.20428466796875,168.49972534179688,20250225-162002
3644,176,0,0.69921875,863.461181640625,1507.6761474609375,85.79736328125,155.7328338623047,20250225-162002
3644,182,0,0.83154296875,636.9713134765625,769.8715209960938,260.2407531738281,315.6160888671875,20250225-162002
3644,165,0,0.86328125,826.2987060546875,1545.9312744140625,370.16949462890625,248.71595764160156,20250225-162002
3644,173,0,0.92529296875,281.8009338378906,588.0128173828125,973.1651000976562,790.9241333007812,20250225-162002
3644,175,0,0.9404296875,421.1973571777344,1.1396942138671875,544.73046875,649.9883422851562,20250225-162002
3645,172,0,0.2247314453125,530.5720825195312,426.6367492675781,178.17059326171875,382.740966796875,20250225-162002
3645,163,0,0.58154296875,821.2003784179688,1350.8045654296875,137.35757446289062,161.39808654785156,20250225-162002
3645,176,0,0.71630859375,859.498046875,1506.6632080078125,86.417724609375,135.3665771484375,20250225-162002
3645,182,0,0.7734375,635.847900390625,764.9156494140625,264.91766357421875,314.8619079589844,20250225-162002
3645,165,0,0.87060546875,824.0633544921875,1538.5001220703125,376.0576171875,250.93983459472656,20250225-162002
3645,173,0,0.92431640625,280.6274719238281,586.43701171875,976.7266845703125,792.4873046875,20250225-162002
3645,175,0,0.93798828125,416.5241394042969,1.14752197265625,545.3523559570312,654.6995239257812,20250225-162002
3646,172,0,0.307373046875,687.7359008789062,427.7232971191406,172.45330810546875,224.43780517578125,20250225-162002
3646,163,0,0.393310546875,815.6699829101562,1344.889892578125,148.66140747070312,173.8899688720703,20250225-162002
3646,176,0,0.708984375,858.6904907226562,1502.638671875,90.49868774414062,143.89892578125,20250225-162002
3646,182,0,0.76416015625,633.9592895507812,766.1144409179688,263.08294677734375,315.44769287109375,20250225-162002
3646,165,0,0.875,823.6053466796875,1542.109130859375,375.025634765625,251.22711181640625,20250225-162002
3646,173,0,0.923828125,277.2523498535156,584.7300415039062,978.2552490234375,795.4019165039062,20250225-162002
3646,175,0,0.93896484375,412.5910339355469,0.9456024169921875,544.135986328125,658.9718017578125,20250225-162002
3647,172,0,0.369384765625,696.763916015625,424.5462341308594,174.87757873535156,215.08912658691406,20250225-162002
3647,163,0,0.55712890625,824.3221435546875,1336.7364501953125,151.267822265625,160.75074768066406,20250225-162002
3647,176,0,0.71630859375,860.9303588867188,1502.5606689453125,89.99185180664062,136.35723876953125,20250225-162002
3647,182,0,0.72802734375,637.4148559570312,769.10595703125,259.36358642578125,315.132568359375,20250225-162002
3647,165,0,0.82373046875,823.18994140625,1539.4002685546875,375.1783447265625,252.1835174560547,20250225-162002
3647,173,0,0.92041015625,278.7076110839844,585.8031005859375,972.02490234375,794.0330200195312,20250225-162002
3647,175,0,0.94287109375,416.5445556640625,0.941802978515625,544.249755859375,655.1508178710938,20250225-162002
3648,172,0,0.320068359375,715.0779418945312,426.28399658203125,173.47947692871094,203.54627990722656,20250225-162002
3648,163,0,0.60205078125,823.2373046875,1339.743408203125,149.95999145507812,166.7128143310547,20250225-162002
3648,182,0,0.70556640625,640.109375,763.9517211914062,264.58795166015625,314.64862060546875,20250225-162002
3648,176,0,0.71044921875,864.3804931640625,1505.19580078125,86.2313232421875,151.60394287109375,20250225-162002
3648,165,0,0.84423828125,825.6043701171875,1539.64599609375,376.50823974609375,249.32003784179688,20250225-162002
3648,173,0,0.921875,280.9669189453125,586.9835815429688,972.3422241210938,791.9615478515625,20250225-162002
3648,175,0,0.9365234375,420.3504333496094,1.1282958984375,544.1190185546875,651.144287109375,20250225-162002
3649,172,0,0.2568359375,698.5950317382812,429.3408508300781,172.18496704101562,220.10816955566406,20250225-162002
3649,163,0,0.642578125,831.6516723632812,1329.8214111328125,161.68295288085938,158.19985961914062,20250225-162002
3649,182,0,0.67578125,642.3128051757812,758.4797973632812,268.6585693359375,312.09716796875,20250225-162002
3649,176,0,0.72314453125,865.112060546875,1503.3834228515625,88.4132080078125,152.10296630859375,20250225-162002
3649,165,0,0.81396484375,825.8287353515625,1540.4754638671875,374.04620361328125,249.39102172851562,20250225-162002
3649,173,0,0.921875,282.8013000488281,586.4794921875,968.6619873046875,790.2000732421875,20250225-162002
3649,175,0,0.94189453125,420.91815185546875,1.1187744140625,541.8463745117188,650.3875122070312,20250225-162002
3650,184,0,0.2330322265625,744.6594848632812,989.8298950195312,63.467193603515625,131.14869689941406,20250225-162002
3650,177,0,0.26806640625,693.7610473632812,650.3530883789062,163.4652099609375,192.29867553710938,20250225-162002
3650,172,0,0.3310546875,710.2791748046875,427.2723083496094,173.15524291992188,209.755615234375,20250225-162002
3650,163,0,0.60205078125,826.7770385742188,1326.580078125,161.82229614257812,158.42405700683594,20250225-162002
3650,182,0,0.70751953125,641.4926147460938,759.1915283203125,267.53887939453125,313.13677978515625,20250225-162002
3650,176,0,0.712890625,861.3006591796875,1495.9691162109375,94.95849609375,151.1192626953125,20250225-162002
3650,165,0,0.83447265625,824.75927734375,1544.0233154296875,371.84033203125,250.62767028808594,20250225-162002
3650,173,0,0.9228515625,282.2008361816406,586.7887573242188,965.4920654296875,790.5020141601562,20250225-162002
3650,175,0,0.94140625,421.20166015625,0.9269256591796875,542.2772216796875,650.1621704101562,20250225-162002
3651,172,0,0.251708984375,702.0230712890625,429.26806640625,170.84925842285156,216.37303161621094,20250225-162002
3651,163,0,0.638671875,826.3780517578125,1330.334716796875,160.73318481445312,176.59011840820312,20250225-162002
3651,176,0,0.71630859375,861.7498779296875,1498.5849609375,91.748291015625,144.12921142578125,20250225-162002
3651,182,0,0.7373046875,641.0533447265625,759.5218505859375,267.2255859375,309.79827880859375,20250225-162002
3651,165,0,0.83544921875,822.9266357421875,1543.1092529296875,371.4180908203125,252.0999298095703,20250225-162002
3651,173,0,0.92431640625,283.05682373046875,585.0703125,966.7803955078125,789.9273071289062,20250225-162002
3651,175,0,0.94091796875,418.50408935546875,0.9335174560546875,543.658203125,652.868896484375,20250225-162002
3652,172,0,0.27197265625,576.5128784179688,424.4579772949219,174.5691375732422,401.0821838378906,20250225-162003
3652,163,0,0.6162109375,824.422119140625,1333.75146484375,153.19363403320312,163.8398895263672,20250225-162003
3652,182,0,0.66015625,640.5844116210938,730.187255859375,296.79510498046875,309.1968994140625,20250225-162003
3652,176,0,0.75048828125,859.5416259765625,1493.9697265625,96.34927368164062,143.81344604492188,20250225-162003
3652,165,0,0.78466796875,821.8968505859375,1541.6971435546875,375.018310546875,252.78536987304688,20250225-162003
3652,173,0,0.92138671875,278.92022705078125,585.0309448242188,967.8795776367188,794.0421752929688,20250225-162003
3652,175,0,0.93359375,418.4976501464844,1.10980224609375,544.0724487304688,652.7705078125,20250225-162003
3653,177,0,0.276611328125,689.15380859375,585.895263671875,220.63778686523438,183.52694702148438,20250225-162003
3653,172,0,0.3115234375,594.2657470703125,421.81695556640625,177.97036743164062,378.1029052734375,20250225-162003
3653,163,0,0.5947265625,826.0106811523438,1328.5579833984375,162.20077514648438,185.32708740234375,20250225-162003
3653,176,0,0.75341796875,858.9028930664062,1497.1820068359375,92.687255859375,149.388916015625,20250225-162003
3653,165,0,0.82275390625,822.3775634765625,1545.9268798828125,367.866943359375,252.84451293945312,20250225-162003
3653,182,0,0.826171875,639.69384765625,685.6805419921875,340.5963134765625,310.0277099609375,20250225-162003
3653,173,0,0.9208984375,281.3772888183594,584.0828247070312,964.822265625,791.2218017578125,20250225-162003
3653,175,0,0.94091796875,417.5704345703125,0.9224853515625,542.9656982421875,653.9100341796875,20250225-162003
3654,172,0,0.482421875,555.1607666015625,420.8338623046875,175.3304443359375,432.8891296386719,20250225-162003
3654,163,0,0.65380859375,828.2848510742188,1328.98388671875,160.355712890625,161.89324951171875,20250225-162003
3654,176,0,0.76416015625,861.4827880859375,1498.2645263671875,91.458984375,140.86660766601562,20250225-162003
3654,165,0,0.8056640625,822.6775512695312,1544.6092529296875,371.68890380859375,252.61619567871094,20250225-162003
3654,182,0,0.865234375,640.5118408203125,689.091064453125,336.6903076171875,309.9390869140625,20250225-162003
3654,173,0,0.92333984375,280.0618591308594,584.0885009765625,962.6460571289062,793.0501708984375,20250225-162003
3654,175,0,0.9365234375,420.0490417480469,0.9184112548828125,542.56201171875,651.0051879882812,20250225-162003
3655,172,0,0.4931640625,530.0322875976562,418.2098693847656,174.1849822998047,399.27337646484375,20250225-162003
3655,163,0,0.65673828125,826.9808959960938,1318.5357666015625,168.3123779296875,160.33181762695312,20250225-162003
3655,176,0,0.74169921875,860.7885131835938,1494.9775390625,94.28018188476562,146.640869140625,20250225-162003
3655,165,0,0.83837890625,823.49609375,1545.5247802734375,367.73345947265625,251.62777709960938,20250225-162003
3655,182,0,0.8671875,640.5069580078125,689.7061767578125,336.82098388671875,310.60546875,20250225-162003
3655,173,0,0.92431640625,279.9288024902344,583.6679077148438,961.8989868164062,792.7928466796875,20250225-162003
3655,175,0,0.93359375,419.72186279296875,1.174713134765625,539.010986328125,651.6264038085938,20250225-162003
3656,184,0,0.23583984375,743.0795288085938,982.2918090820312,68.24789428710938,136.80149841308594,20250225-162003
3656,172,0,0.39990234375,527.0776977539062,418.2790832519531,176.4209747314453,389.98370361328125,20250225-162003
3656,163,0,0.56787109375,826.1298217773438,1323.6610107421875,165.17587280273438,168.5106201171875,20250225-162003
3656,176,0,0.7392578125,858.7771606445312,1494.9005126953125,94.46484375,145.99627685546875,20250225-162003
3656,182,0,0.79443359375,637.16748046875,693.2798461914062,332.83038330078125,313.3502502441406,20250225-162003
3656,165,0,0.81591796875,820.9746704101562,1544.5341796875,370.46026611328125,254.3396759033203,20250225-162003
3656,173,0,0.919921875,280.2919616699219,581.6585083007812,960.234375,791.65234375,20250225-162003
3656,175,0,0.93115234375,422.2058410644531,1.098907470703125,540.1412353515625,648.8916625976562,20250225-162003
3657,172,0,0.5185546875,544.4678344726562,418.3025207519531,177.59312438964844,371.2099914550781,20250225-162003
3657,163,0,0.63330078125,822.6072998046875,1317.4830322265625,172.20355224609375,165.2931671142578,20250225-162003
3657,176,0,0.72705078125,856.5899047851562,1498.023681640625,90.3310546875,145.10064697265625,20250225-162003
3657,182,0,0.80029296875,635.650634765625,696.8599243164062,329.17120361328125,314.1533203125,20250225-162003
3657,165,0,0.8583984375,819.5771484375,1537.8050537109375,373.134521484375,255.00357055664062,20250225-162003
3657,173,0,0.92724609375,278.31793212890625,580.5763549804688,959.8405151367188,793.6240234375,20250225-162003
3657,175,0,0.93212890625,420.3242492675781,0.906280517578125,540.3832397460938,650.8527221679688,20250225-162003
3658,172,0,0.436767578125,536.2042236328125,417.5050964355469,178.6183319091797,379.5688781738281,20250225-162003
3658,163,0,0.6142578125,822.8387451171875,1317.79833984375,169.629638671875,161.10025024414062,20250225-162003
3658,176,0,0.7041015625,855.9788208007812,1495.7940673828125,91.9222412109375,144.51219177246094,20250225-162003
3658,182,0,0.79638671875,633.9508056640625,689.7314453125,337.39630126953125,315.6361389160156,20250225-162003
3658,165,0,0.85498046875,817.2094116210938,1538.584716796875,373.80010986328125,257.81597900390625,20250225-162003
3658,175,0,0.92138671875,421.5040283203125,1.088653564453125,539.9943237304688,649.3412475585938,20250225-162003
3658,173,0,0.92724609375,278.4368896484375,579.7772827148438,960.8659057617188,793.398193359375,20250225-162003
3659,177,0,0.20947265625,695.9408569335938,576.4169921875,227.28012084960938,183.03582763671875,20250225-162003
3659,163,0,0.7080078125,824.3853759765625,1316.676513671875,170.351806640625,154.0912322998047,20250225-162003
3659,176,0,0.71923828125,854.8358154296875,1492.8907470703125,93.7283935546875,149.38626098632812,20250225-162003
3659,182,0,0.77978515625,633.373779296875,688.3396606445312,338.29791259765625,315.0817565917969,20250225-162003
3659,165,0,0.85009765625,818.8628540039062,1538.2313232421875,374.96026611328125,256.072265625,20250225-162003
3659,175,0,0.91943359375,421.19915771484375,1.083709716796875,539.52392578125,650.002685546875,20250225-162003
3659,173,0,0.92919921875,278.7110290527344,574.1654663085938,966.3370971679688,791.2034912109375,20250225-162003
3660,172,0,0.253173828125,504.35693359375,417.07598876953125,178.43325805664062,411.4278564453125,20250225-162003
3660,163,0,0.62353515625,824.0267944335938,1316.4722900390625,171.67007446289062,158.6112518310547,20250225-162003
3660,177,0,0.63720703125,696.2754516601562,647.0000610351562,153.27072143554688,182.55079650878906,20250225-162003
3660,176,0,0.7138671875,854.981201171875,1492.2557373046875,94.266357421875,147.60252380371094,20250225-162003
3660,182,0,0.8193359375,633.7595825195312,686.8734741210938,341.01507568359375,314.3109130859375,20250225-162003
3660,165,0,0.8544921875,817.82568359375,1537.5164794921875,377.26995849609375,256.6669616699219,20250225-162003
3660,173,0,0.92724609375,278.0425109863281,576.938232421875,962.1190795898438,793.8959350585938,20250225-162003
3660,175,0,0.93017578125,417.77288818359375,0.97998046875,539.8984375,653.6937255859375,20250225-162003
3661,172,0,0.33447265625,503.642822265625,414.7429504394531,180.0806121826172,409.8748474121094,20250225-162003
3661,177,0,0.6767578125,696.2816162109375,649.3824462890625,154.15200805664062,183.4105224609375,20250225-162003
3661,163,0,0.6943359375,824.5587768554688,1315.6175537109375,171.8551025390625,152.61099243164062,20250225-162003
3661,176,0,0.71240234375,855.1776733398438,1492.8055419921875,92.95303344726562,153.54380798339844,20250225-162003
3661,165,0,0.85791015625,817.3634033203125,1537.4168701171875,376.9808349609375,257.221435546875,20250225-162003
3661,182,0,0.86181640625,632.6480712890625,741.9864501953125,286.16961669921875,315.6632995605469,20250225-162003
3661,173,0,0.9326171875,276.7947998046875,573.238037109375,966.2898559570312,793.1532592773438,20250225-162003
3661,175,0,0.93408203125,417.3738708496094,0.972381591796875,538.8426513671875,654.4634399414062,20250225-162003
3662,172,0,0.2822265625,530.447021484375,419.00994873046875,174.5723419189453,384.30072021484375,20250225-162003
3662,177,0,0.55078125,697.3859252929688,653.0795288085938,154.38519287109375,182.66384887695312,20250225-162003
3662,163,0,0.6591796875,823.6187744140625,1316.115478515625,175.58596801757812,160.18942260742188,20250225-162003
3662,176,0,0.70263671875,854.9802856445312,1491.72802734375,94.6175537109375,146.73313903808594,20250225-162003
3662,165,0,0.85498046875,818.4315185546875,1537.0697021484375,375.67437744140625,256.237548828125,20250225-162003
3662,182,0,0.896484375,632.0072631835938,739.399169921875,289.49041748046875,316.678466796875,20250225-162003
3662,173,0,0.9287109375,275.6570129394531,576.9481201171875,962.0234985351562,795.7261962890625,20250225-162003
3662,175,0,0.9287109375,419.62408447265625,0.888702392578125,539.982666015625,651.632568359375,20250225-162003
3663,163,0,0.67919921875,822.4069213867188,1315.80322265625,174.60232543945312,156.07623291015625,20250225-162003
3663,176,0,0.69775390625,855.2528686523438,1492.480224609375,94.119140625,143.8118896484375,20250225-162003
3663,177,0,0.8330078125,697.1273803710938,647.3560180664062,156.94830322265625,182.9827423095703,20250225-162003
3663,165,0,0.83544921875,816.8594360351562,1537.641357421875,375.10089111328125,258.266845703125,20250225-162003
3663,182,0,0.8876953125,630.4217529296875,732.9606323242188,296.44476318359375,318.27020263671875,20250225-162003
3663,173,0,0.9287109375,275.53778076171875,578.8359375,959.1639404296875,796.2664184570312,20250225-162003
3663,175,0,0.93310546875,417.1841735839844,0.512603759765625,540.8003540039062,654.4389038085938,20250225-162003
3664,172,0,0.2254638671875,523.5862426757812,412.7088623046875,182.57977294921875,391.3819274902344,20250225-162003
3664,176,0,0.673828125,853.5396118164062,1495.9627685546875,89.72103881835938,159.69418334960938,20250225-162003
3664,163,0,0.69921875,819.8582763671875,1314.3232421875,176.62344360351562,156.41732788085938,20250225-162003
3664,177,0,0.8291015625,695.6256103515625,647.0758666992188,152.23516845703125,181.7068328857422,20250225-162003
3664,165,0,0.8447265625,814.673828125,1529.7628173828125,376.2464904785156,259.92108154296875,20250225-162003
3664,182,0,0.8837890625,629.9207763671875,726.7355346679688,303.7239990234375,316.7203063964844,20250225-162003
3664,173,0,0.927734375,275.3506774902344,579.50830078125,957.724365234375,796.8466186523438,20250225-162003
3664,175,0,0.93310546875,412.14385986328125,0.7062835693359375,540.548828125,659.6519165039062,20250225-162003
3665,172,0,0.309814453125,537.2301635742188,415.3446350097656,180.1805419921875,376.82025146484375,20250225-162003
3665,176,0,0.6513671875,854.4160766601562,1496.9930419921875,88.9676513671875,157.55047607421875,20250225-162003
3665,163,0,0.68505859375,820.3687133789062,1315.15087890625,172.2843017578125,152.4722900390625,20250225-162003
3665,177,0,0.71240234375,695.4657592773438,649.6503295898438,148.60629272460938,183.30726623535156,20250225-162003
3665,165,0,0.8525390625,815.6011962890625,1533.6588134765625,374.2056884765625,258.8087158203125,20250225-162003
3665,182,0,0.85791015625,630.4578247070312,720.1888427734375,310.82257080078125,316.897705078125,20250225-162003
3665,173,0,0.92626953125,273.2738342285156,579.8975830078125,958.3575439453125,798.4497680664062,20250225-162003
3665,175,0,0.93115234375,411.74896240234375,0.8961181640625,540.1085205078125,660.1565551757812,20250225-162003
3666,172,0,0.29345703125,505.8614501953125,413.89398193359375,181.01756286621094,411.0438537597656,20250225-162003
3666,177,0,0.60107421875,695.5977172851562,578.3226928710938,221.5133056640625,186.42588806152344,20250225-162003
3666,182,0,0.62451171875,631.1779174804688,808.7979125976562,221.19378662109375,318.1573791503906,20250225-162003
3666,163,0,0.69775390625,825.0739135742188,1314.441162109375,172.52078247070312,150.4921875,20250225-162003
3666,176,0,0.71484375,855.1704711914062,1493.4393310546875,92.8275146484375,140.80918884277344,20250225-162003
3666,165,0,0.82373046875,817.781982421875,1535.046142578125,374.1473693847656,257.247802734375,20250225-162003
3666,173,0,0.92626953125,276.0622253417969,580.9493408203125,958.1365356445312,796.2816772460938,20250225-162003
3666,175,0,0.93701171875,410.984619140625,0.7678985595703125,539.6094360351562,660.7086791992188,20250225-162003
3667,172,0,0.374755859375,523.9601440429688,414.1289978027344,180.51145935058594,393.50347900390625,20250225-162003
3667,177,0,0.437744140625,699.8047485351562,572.9265747070312,229.8431396484375,189.6991729736328,20250225-162003
3667,163,0,0.716796875,825.2130737304688,1315.7545166015625,168.18649291992188,150.68572998046875,20250225-162003
3667,176,0,0.74072265625,857.2828369140625,1492.569580078125,92.914306640625,142.61386108398438,20250225-162003
3667,182,0,0.76220703125,634.3569946289062,788.0626831054688,241.17498779296875,317.00921630859375,20250225-162003
3667,165,0,0.79638671875,817.2196655273438,1537.90576171875,371.731201171875,258.0292053222656,20250225-162003
3667,175,0,0.92578125,414.883544921875,0.5157623291015625,539.918212890625,657.4517822265625,20250225-162003
3667,173,0,0.9267578125,277.6119079589844,580.5913696289062,957.47021484375,794.748046875,20250225-162003
3668,172,0,0.26806640625,533.3638916015625,417.2412414550781,177.47433471679688,383.2103271484375,20250225-162003
3668,177,0,0.57470703125,696.0569458007812,579.4473266601562,220.58349609375,186.48150634765625,20250225-162003
3668,182,0,0.5888671875,634.3572998046875,666.7762451171875,363.8243408203125,316.4288635253906,20250225-162003
3668,163,0,0.71142578125,824.3610229492188,1316.02685546875,174.20159912109375,154.4498291015625,20250225-162003
3668,176,0,0.716796875,854.770751953125,1495.0694580078125,90.60855102539062,148.03338623046875,20250225-162003
3668,165,0,0.83349609375,818.1822509765625,1535.97216796875,377.6458740234375,257.2151794433594,20250225-162003
3668,173,0,0.92431640625,277.359375,579.0380859375,958.455322265625,794.9924926757812,20250225-162003
3668,175,0,0.93115234375,413.1180419921875,0.58319091796875,540.9786376953125,658.69580078125,20250225-162003
3669,172,0,0.2509765625,500.1158447265625,416.5137634277344,178.27249145507812,416.3289794921875,20250225-162003
3669,177,0,0.419677734375,694.9685668945312,577.1885375976562,221.02587890625,183.7588653564453,20250225-162003
3669,176,0,0.7255859375,854.4335327148438,1496.3734130859375,88.4490966796875,154.359619140625,20250225-162003
3669,163,0,0.75830078125,819.9862060546875,1314.0113525390625,171.54483032226562,151.70986938476562,20250225-162003
3669,182,0,0.78125,633.6212158203125,703.7418823242188,327.95379638671875,315.268310546875,20250225-162003
3669,165,0,0.8115234375,815.3038330078125,1535.7193603515625,372.8570251464844,259.65386962890625,20250225-162003
3669,173,0,0.92138671875,277.7091369628906,574.3375854492188,962.986083984375,792.294677734375,20250225-162003
3669,175,0,0.9365234375,412.0926208496094,0.569366455078125,540.7550048828125,659.721435546875,20250225-162003
3670,172,0,0.287841796875,556.5438842773438,420.76409912109375,171.48211669921875,355.7709045410156,20250225-162003
3670,177,0,0.4951171875,692.1759033203125,577.4928588867188,220.22689819335938,185.10572814941406,20250225-162003
3670,182,0,0.57470703125,632.6536865234375,711.9960327148438,317.20721435546875,313.23016357421875,20250225-162003
3670,176,0,0.7041015625,851.9811401367188,1496.633544921875,87.5595703125,143.24197387695312,20250225-162003
3670,163,0,0.7099609375,819.7080688476562,1314.129150390625,169.35305786132812,156.54864501953125,20250225-162003
3670,165,0,0.80810546875,814.248291015625,1534.9542236328125,378.4664611816406,260.6372375488281,20250225-162003
3670,173,0,0.9248046875,274.7449645996094,578.7110595703125,957.7774658203125,797.7863159179688,20250225-162003
3670,175,0,0.931640625,409.0111389160156,0.7121429443359375,539.8148803710938,662.8024291992188,20250225-162003
3671,172,0,0.2486572265625,568.511962890625,420.9854736328125,172.59397888183594,347.73956298828125,20250225-162003
3671,177,0,0.70166015625,695.0204467773438,577.0237426757812,220.1275634765625,183.6671142578125,20250225-162003
3671,182,0,0.708984375,633.8422241210938,711.867431640625,318.08935546875,313.32049560546875,20250225-162003
3671,176,0,0.7177734375,853.976318359375,1495.3919677734375,89.244140625,148.3101043701172,20250225-162003
3671,163,0,0.7822265625,821.748779296875,1313.6048583984375,168.86929321289062,150.8201446533203,20250225-162003
3671,165,0,0.81591796875,814.3145141601562,1534.78857421875,375.481201171875,260.54986572265625,20250225-162003
3671,173,0,0.9287109375,274.6304016113281,580.0010375976562,956.490966796875,797.8187255859375,20250225-162003
3671,175,0,0.93212890625,409.5399169921875,0.76519775390625,539.3902587890625,662.0477905273438,20250225-162003
3672,172,0,0.277587890625,540.09130859375,420.3042297363281,170.9070281982422,375.592529296875,20250225-162003
3672,177,0,0.58154296875,695.5717163085938,576.197021484375,219.04156494140625,184.5986328125,20250225-162003
3672,182,0,0.70751953125,636.2801513671875,706.804931640625,321.8704833984375,309.01898193359375,20250225-162003
3672,176,0,0.7177734375,854.75244140625,1492.6639404296875,91.17416381835938,142.94619750976562,20250225-162003
3672,163,0,0.7431640625,824.1535034179688,1312.305908203125,171.36273193359375,152.6982879638672,20250225-162003
3672,165,0,0.82568359375,816.5231323242188,1539.992431640625,369.83258056640625,258.69677734375,20250225-162003
3672,175,0,0.92236328125,413.40869140625,0.77105712890625,538.941650390625,658.3779907226562,20250225-162003
3672,173,0,0.92529296875,275.5281982421875,580.1965942382812,955.374755859375,796.8986206054688,20250225-162003
3673,172,0,0.38037109375,540.1754150390625,420.306884765625,172.72471618652344,376.34576416015625,20250225-162003
3673,177,0,0.669921875,696.58447265625,577.6950073242188,220.871337890625,187.07699584960938,20250225-162003
3673,182,0,0.67822265625,635.9456787109375,817.78857421875,210.3548583984375,314.99981689453125,20250225-162003
3673,176,0,0.72314453125,854.640869140625,1494.8731689453125,90.24600219726562,144.55201721191406,20250225-162003
3673,163,0,0.7705078125,824.6234741210938,1310.58740234375,174.96258544921875,152.5655059814453,20250225-162003
3673,165,0,0.79736328125,815.5529174804688,1548.53076171875,361.3245849609375,259.8656311035156,20250225-162003
3673,173,0,0.921875,278.2802734375,578.8065185546875,955.149169921875,794.4617309570312,20250225-162003
3673,175,0,0.92236328125,418.3699035644531,0.90325927734375,537.6964111328125,653.290283203125,20250225-162003
3674,172,0,0.2421875,554.8201904296875,424.6669006347656,167.71307373046875,359.187744140625,20250225-162003
3674,177,0,0.60107421875,693.6696166992188,576.5372314453125,222.88375854492188,189.20912170410156,20250225-162003
3674,176,0,0.73193359375,854.0701904296875,1491.4456787109375,96.1962890625,146.57530212402344,20250225-162003
3674,182,0,0.73779296875,634.8179931640625,809.461669921875,219.604248046875,315.6794738769531,20250225-162003
3674,163,0,0.74462890625,823.6692504882812,1311.068603515625,177.43597412109375,153.06710815429688,20250225-162003
3674,165,0,0.80322265625,814.2195434570312,1543.549560546875,367.7376708984375,260.9400634765625,20250225-162003
3674,173,0,0.9189453125,277.8872375488281,579.2308349609375,952.9566650390625,794.4697265625,20250225-162003
3674,175,0,0.92724609375,416.5487060546875,0.7846527099609375,540.6622924804688,655.1698608398438,20250225-162003
3675,172,0,0.2147216796875,515.8115234375,427.11529541015625,168.769775390625,403.17730712890625,20250225-162003
3675,182,0,0.583984375,635.54541015625,716.1666870117188,313.46539306640625,309.5641174316406,20250225-162003
3675,177,0,0.61328125,695.0599365234375,650.4819946289062,144.91497802734375,186.5343780517578,20250225-162003
3675,176,0,0.67822265625,854.6304321289062,1496.501953125,91.210693359375,154.2701873779297,20250225-162003
3675,163,0,0.783203125,823.125244140625,1312.144775390625,170.25869750976562,151.41854858398438,20250225-162003
3675,165,0,0.81396484375,814.9443359375,1539.8701171875,366.4892578125,259.7678527832031,20250225-162003
3675,173,0,0.92724609375,275.7655944824219,579.1679077148438,954.1166381835938,796.305908203125,20250225-162003
3675,175,0,0.9306640625,415.6365661621094,0.9734344482421875,541.3466796875,655.4020385742188,20250225-162003
3676,172,0,0.49609375,674.762451171875,433.5729675292969,163.4081268310547,244.27499389648438,20250225-162003
3676,176,0,0.640625,852.6406860351562,1496.3994140625,91.53515625,158.24929809570312,20250225-162003
3676,177,0,0.70751953125,696.33251953125,648.7274780273438,147.30642700195312,185.7443084716797,20250225-162003
3676,182,0,0.7216796875,635.0587158203125,718.2002563476562,311.32177734375,307.06805419921875,20250225-162003
3676,163,0,0.76611328125,821.7815551757812,1313.201171875,170.13665771484375,149.94174194335938,20250225-162003
3676,165,0,0.81396484375,814.4686889648438,1543.54248046875,365.48272705078125,260.34368896484375,20250225-162003
3676,173,0,0.92724609375,276.21893310546875,579.0470581054688,955.304443359375,795.982666015625,20250225-162003
3676,175,0,0.9365234375,417.0187072753906,0.796966552734375,542.4680786132812,654.2892456054688,20250225-162003
3677,172,0,0.39892578125,676.919189453125,438.837890625,158.44583129882812,238.14308166503906,20250225-162003
3677,182,0,0.546875,633.96875,818.5028686523438,210.7386474609375,312.21087646484375,20250225-162003
3677,176,0,0.669921875,853.1896362304688,1497.138427734375,89.640380859375,155.4092559814453,20250225-162003
3677,163,0,0.7529296875,819.7592163085938,1313.67431640625,169.99319458007812,156.4108123779297,20250225-162003
3677,177,0,0.7568359375,695.385009765625,647.054443359375,148.55593872070312,183.06549072265625,20250225-162003
3677,165,0,0.826171875,816.0568237304688,1540.0594482421875,370.1715087890625,258.46966552734375,20250225-162003
3677,173,0,0.9287109375,274.7646484375,578.847900390625,954.9752197265625,797.383056640625,20250225-162003
3677,175,0,0.9375,417.1533203125,0.974945068359375,541.830810546875,654.3810424804688,20250225-162003
3678,172,0,0.404541015625,669.85107421875,429.99090576171875,167.84783935546875,309.9749450683594,20250225-162003
3678,182,0,0.494140625,637.93896484375,818.1340942382812,212.15066528320312,313.07330322265625,20250225-162003
3678,176,0,0.6669921875,852.9850463867188,1498.716064453125,89.55615234375,162.44358825683594,20250225-162003
3678,177,0,0.72705078125,696.6082763671875,647.4655151367188,148.31643676757812,184.98397827148438,20250225-162003
3678,163,0,0.75048828125,821.696044921875,1312.6343994140625,173.09271240234375,153.353515625,20250225-162003
3678,165,0,0.81982421875,815.1441650390625,1542.28271484375,368.91082763671875,259.5854797363281,20250225-162003
3678,173,0,0.92724609375,274.8946533203125,579.5586547851562,951.9490356445312,797.6678466796875,20250225-162003
3678,175,0,0.935546875,420.8172302246094,1.167572021484375,542.569091796875,650.2685546875,20250225-162003
3679,177,0,0.445556640625,695.0222778320312,578.4630126953125,217.44827270507812,184.4549102783203,20250225-162003
3679,172,0,0.4677734375,550.1078491210938,429.724365234375,167.5440673828125,387.501953125,20250225-162003
3679,182,0,0.521484375,636.7103271484375,816.7591552734375,213.44723510742188,312.80487060546875,20250225-162003
3679,176,0,0.67333984375,852.140869140625,1502.7352294921875,84.3717041015625,154.4403076171875,20250225-162003
3679,163,0,0.77099609375,822.2660522460938,1312.2933349609375,172.376953125,153.12872314453125,20250225-162003
3679,165,0,0.806640625,815.0643310546875,1548.27392578125,364.345458984375,259.8368835449219,20250225-162003
3679,173,0,0.9248046875,276.9360656738281,579.0955810546875,951.9966430664062,795.7008056640625,20250225-162003
3679,175,0,0.93017578125,426.810791015625,1.109710693359375,545.043701171875,644.4583740234375,20250225-162003
3680,172,0,0.34423828125,551.9183349609375,433.55145263671875,161.05393981933594,438.3064270019531,20250225-162003
3680,177,0,0.6103515625,694.688720703125,578.1875610351562,217.01953125,183.6082763671875,20250225-162003
3680,182,0,0.6953125,636.6600952148438,714.9483032226562,310.32989501953125,306.28253173828125,20250225-162003
3680,176,0,0.70263671875,850.5173950195312,1498.026611328125,87.36181640625,152.83956909179688,20250225-162003
3680,163,0,0.759765625,820.5968017578125,1311.23291015625,168.65029907226562,152.07540893554688,20250225-162003
3680,165,0,0.79638671875,811.6361083984375,1557.4522705078125,353.6641845703125,263.7071533203125,20250225-162003
3680,173,0,0.923828125,275.9255676269531,577.505126953125,950.6918334960938,796.2803344726562,20250225-162003
3680,175,0,0.9248046875,426.46820068359375,1.100738525390625,544.3969116210938,644.9884033203125,20250225-162003
3681,172,0,0.2239990234375,560.9794921875,441.5361328125,152.07266235351562,361.8291931152344,20250225-162003
3681,177,0,0.4609375,696.1884155273438,667.1619873046875,128.326904296875,188.17735290527344,20250225-162003
3681,182,0,0.59814453125,637.6968994140625,812.0057373046875,216.42123413085938,316.33111572265625,20250225-162003
3681,163,0,0.6259765625,826.6331176757812,1314.4127197265625,171.03744506835938,152.9344024658203,20250225-162003
3681,176,0,0.68994140625,852.5527954101562,1499.320068359375,87.07461547851562,156.02723693847656,20250225-162003
3681,165,0,0.78076171875,815.0633544921875,1553.490234375,358.0858154296875,260.3705749511719,20250225-162003
3681,173,0,0.91943359375,274.16448974609375,579.6322631835938,948.6807861328125,798.0449829101562,20250225-162003
3681,175,0,0.919921875,427.3069763183594,1.1956329345703125,548.6171264648438,644.275634765625,20250225-162003
3682,177,0,0.5927734375,694.7532348632812,578.4334716796875,218.67837524414062,189.15744018554688,20250225-162004
3682,182,0,0.62158203125,640.005859375,809.372314453125,219.72647094726562,310.63665771484375,20250225-162004
3682,176,0,0.65673828125,852.7694091796875,1496.2042236328125,89.3111572265625,155.62640380859375,20250225-162004
3682,163,0,0.71533203125,827.0324096679688,1311.626220703125,174.40200805664062,151.9447784423828,20250225-162004
3682,165,0,0.787109375,815.8775024414062,1561.8394775390625,350.2694091796875,259.4739685058594,20250225-162004
3682,175,0,0.916015625,432.5748291015625,0.001373291015625,555.07568359375,638.30517578125,20250225-162004
3682,173,0,0.91943359375,279.47552490234375,579.2376708984375,951.481201171875,792.8435668945312,20250225-162004
3683,176,0,0.55712890625,850.3284912109375,1495.846435546875,93.582275390625,150.3219757080078,20250225-162004
3683,182,0,0.58056640625,636.5264892578125,806.3161010742188,223.837646484375,312.8649597167969,20250225-162004
3683,177,0,0.73193359375,694.9955444335938,580.58740234375,216.28939819335938,185.9790496826172,20250225-162004
3683,163,0,0.73388671875,823.32763671875,1311.770751953125,169.43023681640625,154.4381561279297,20250225-162004
3683,165,0,0.75830078125,814.5774536132812,1565.574462890625,342.74139404296875,260.8440856933594,20250225-162004
3683,175,0,0.9150390625,432.09564208984375,1.057159423828125,560.4321899414062,639.052978515625,20250225-162004
3683,173,0,0.9208984375,275.646728515625,577.0383911132812,954.4156494140625,796.4307861328125,20250225-162004
3684,177,0,0.58154296875,692.632568359375,579.2860107421875,218.67315673828125,187.69540405273438,20250225-162004
3684,176,0,0.6416015625,849.2509155273438,1494.2105712890625,95.7974853515625,156.07485961914062,20250225-162004
3684,182,0,0.71240234375,636.0538940429688,811.6142578125,218.45755004882812,313.0371398925781,20250225-162004
3684,163,0,0.75927734375,819.2923583984375,1312.51123046875,165.38909912109375,156.42333984375,20250225-162004
3684,165,0,0.80908203125,811.938232421875,1548.6163330078125,359.18994140625,262.7138366699219,20250225-162004
3684,175,0,0.90869140625,432.9413146972656,0.81390380859375,571.9440307617188,637.7903442382812,20250225-162004
3684,173,0,0.919921875,270.0142517089844,576.3572998046875,957.11865234375,802.207763671875,20250225-162004
3685,182,0,0.591796875,636.6609497070312,718.1861572265625,313.3319091796875,308.7982177734375,20250225-162004
3685,177,0,0.63720703125,694.156494140625,580.1138305664062,216.96917724609375,185.5378875732422,20250225-162004
3685,176,0,0.66552734375,850.3285522460938,1493.4144287109375,91.547607421875,156.91763305664062,20250225-162004
3685,163,0,0.69580078125,822.3125610351562,1311.822265625,170.1610107421875,155.30178833007812,20250225-162004
3685,165,0,0.80029296875,811.64208984375,1542.0552978515625,366.752197265625,263.37274169921875,20250225-162004
3685,175,0,0.91259765625,432.5435791015625,0.0,576.843505859375,639.7156982421875,20250225-162004
3685,173,0,0.91552734375,269.80474853515625,578.4036254882812,956.693115234375,801.745849609375,20250225-162004
3686,176,0,0.53125,852.26953125,1501.106689453125,86.8612060546875,152.08795166015625,20250225-162004
3686,163,0,0.57470703125,826.067138671875,1314.8369140625,166.64218139648438,151.3028564453125,20250225-162004
3686,177,0,0.6103515625,695.8872680664062,578.5929565429688,219.30889892578125,185.58924865722656,20250225-162004
3686,182,0,0.669921875,640.1550903320312,717.34521484375,314.03497314453125,308.8192138671875,20250225-162004
3686,165,0,0.8037109375,815.2655639648438,1545.8829345703125,368.5634765625,259.9216613769531,20250225-162004
3686,175,0,0.90185546875,435.5093688964844,0.8001708984375,574.6470947265625,634.719970703125,20250225-162004
3686,173,0,0.9208984375,273.1151428222656,583.821533203125,951.5731201171875,798.8519897460938,20250225-162004
3687,163,0,0.525390625,827.9041137695312,1319.4005126953125,168.31503295898438,157.81173706054688,20250225-162004
3687,176,0,0.60498046875,854.4124145507812,1497.9549560546875,92.94003295898438,147.7857666015625,20250225-162004
3687,182,0,0.6259765625,643.5237426757812,811.0609130859375,222.544921875,310.5537109375,20250225-162004
3687,177,0,0.7685546875,698.7280883789062,581.52978515625,218.854248046875,186.99880981445312,20250225-162004
3687,165,0,0.77783203125,817.388671875,1563.364013671875,349.8863525390625,258.4832458496094,20250225-162004
3687,175,0,0.90625,436.23626708984375,0.9880828857421875,585.5355224609375,634.1124267578125,20250225-162004
3687,173,0,0.91845703125,276.3962707519531,585.0576782226562,953.868896484375,795.9478149414062,20250225-162004
3688,176,0,0.42529296875,852.3601684570312,1505.4239501953125,84.0018310546875,145.74256896972656,20250225-162004
3688,163,0,0.513671875,823.0807495117188,1317.787841796875,176.48556518554688,162.03726196289062,20250225-162004
3688,177,0,0.57177734375,696.258544921875,580.6067504882812,224.33834838867188,191.86386108398438,20250225-162004
3688,165,0,0.72119140625,816.5972900390625,1565.09912109375,351.863525390625,259.30548095703125,20250225-162004
3688,182,0,0.740234375,640.9125366210938,793.8060302734375,240.65496826171875,311.90045166015625,20250225-162004
3688,175,0,0.9091796875,432.62579345703125,0.9910125732421875,584.5006103515625,637.81005859375,20250225-162004
3688,173,0,0.9150390625,275.9855651855469,585.4786376953125,955.0535888671875,795.7730712890625,20250225-162004
3689,163,0,0.482421875,820.4239501953125,1324.2470703125,164.01644897460938,167.00291442871094,20250225-162004
3689,177,0,0.56201171875,691.7852783203125,581.851318359375,221.95083618164062,189.47189331054688,20250225-162004
3689,176,0,0.6591796875,849.9149780273438,1494.3358154296875,93.8023681640625,146.1363525390625,20250225-162004
3689,182,0,0.6611328125,636.3204956054688,798.5902099609375,234.8148193359375,312.5300598144531,20250225-162004
3689,165,0,0.759765625,811.765380859375,1548.087890625,364.38153076171875,263.8587341308594,20250225-162004
3689,175,0,0.9189453125,422.9378967285156,0.0,586.5025024414062,648.8556518554688,20250225-162004
3689,173,0,0.9228515625,270.05975341796875,580.6408081054688,959.3556518554688,802.0709838867188,20250225-162004
3690,163,0,0.56787109375,820.707275390625,1342.9609375,141.9700927734375,163.75070190429688,20250225-162004
3690,177,0,0.58203125,692.1884765625,580.2401733398438,222.97320556640625,186.43008422851562,20250225-162004
3690,182,0,0.625,634.8275756835938,813.3013916015625,218.72744750976562,313.4217834472656,20250225-162004
3690,176,0,0.6611328125,849.5706176757812,1492.7607421875,96.834228515625,152.14520263671875,20250225-162004
3690,165,0,0.69580078125,811.6950073242188,1542.6353759765625,366.6639404296875,263.9927978515625,20250225-162004
3690,175,0,0.90673828125,418.1681823730469,0.608184814453125,564.925537109375,652.8202514648438,20250225-162004
3690,173,0,0.9150390625,267.2341003417969,581.092529296875,956.7275390625,804.5108642578125,20250225-162004
3691,163,0,0.5029296875,821.389892578125,1319.247314453125,174.53787231445312,163.33802795410156,20250225-162004
3691,177,0,0.5029296875,696.1776733398438,580.9085083007812,221.04702758789062,187.52272033691406,20250225-162004
3691,176,0,0.56982421875,851.40234375,1506.273193359375,80.239013671875,161.11407470703125,20250225-162004
3691,182,0,0.63720703125,638.674072265625,795.4136352539062,237.76840209960938,314.6789855957031,20250225-162004
3691,165,0,0.78271484375,814.4298706054688,1548.0498046875,357.418212890625,261.2679443359375,20250225-162004
3691,175,0,0.9111328125,418.0733947753906,0.78826904296875,553.2762451171875,653.1976318359375,20250225-162004
3691,173,0,0.9267578125,269.0646057128906,585.6707153320312,954.5079345703125,802.9761352539062,20250225-162004
3692,176,0,0.4951171875,853.1980590820312,1497.6910400390625,89.4613037109375,147.73211669921875,20250225-162004
3692,163,0,0.548828125,826.8506469726562,1316.1005859375,171.01492309570312,158.41958618164062,20250225-162004
3692,177,0,0.583984375,700.18017578125,578.712890625,221.21759033203125,186.45790100097656,20250225-162004
3692,182,0,0.6767578125,642.0618896484375,804.2828979492188,228.008056640625,312.6824951171875,20250225-162004
3692,165,0,0.755859375,816.6600952148438,1573.1978759765625,338.2049560546875,259.5495910644531,20250225-162004
3692,175,0,0.90478515625,416.6202697753906,0.9718780517578125,561.3222045898438,654.2538452148438,20250225-162004
3692,173,0,0.923828125,272.9305114746094,585.6655883789062,954.7884521484375,799.7928466796875,20250225-162004
3693,172,0,0.2337646484375,737.083740234375,501.12689208984375,96.63056945800781,310.1431884765625,20250225-162004
3693,176,0,0.484375,853.1710205078125,1508.031005859375,78.09228515625,155.99778747558594,20250225-162004
3693,163,0,0.544921875,826.9284057617188,1316.339111328125,169.7493896484375,157.42764282226562,20250225-162004
3693,177,0,0.6123046875,699.6510009765625,580.5789184570312,218.61273193359375,185.78103637695312,20250225-162004
3693,182,0,0.615234375,642.0700073242188,800.8632202148438,231.01437377929688,312.2016296386719,20250225-162004
3693,165,0,0.767578125,816.01318359375,1559.004638671875,351.744140625,259.52008056640625,20250225-162004
3693,175,0,0.91552734375,415.3240966796875,0.7848358154296875,558.177734375,653.7743530273438,20250225-162004
3693,173,0,0.9248046875,274.0010986328125,584.6040649414062,954.372802734375,798.3948364257812,20250225-162004
3694,172,0,0.235107421875,732.2108154296875,497.4469299316406,99.26847839355469,241.16741943359375,20250225-162004
3694,176,0,0.482421875,851.1817626953125,1498.2919921875,84.643798828125,146.46664428710938,20250225-162004
3694,163,0,0.62158203125,824.7725830078125,1318.02294921875,165.38763427734375,154.84353637695312,20250225-162004
3694,177,0,0.6767578125,696.4977416992188,576.9380493164062,223.56024169921875,190.2870635986328,20250225-162004
3694,182,0,0.7421875,639.9953002929688,787.2301025390625,244.69601440429688,309.80621337890625,20250225-162004
3694,165,0,0.76953125,814.481201171875,1562.3558349609375,342.2427978515625,260.771240234375,20250225-162004
3694,173,0,0.92236328125,270.90997314453125,580.8729858398438,959.0044555664062,801.5419921875,20250225-162004
3694,175,0,0.92236328125,410.9927062988281,0.3902435302734375,550.239501953125,658.1445922851562,20250225-162004
3695,163,0,0.449462890625,823.1415405273438,1319.65185546875,165.4599609375,160.21388244628906,20250225-162004
3695,176,0,0.63720703125,850.0008544921875,1488.6324462890625,94.8160400390625,152.5819091796875,20250225-162004
3695,177,0,0.642578125,695.3405151367188,577.108154296875,222.7042236328125,185.98651123046875,20250225-162004
3695,182,0,0.650390625,637.7464599609375,808.1297607421875,221.76077270507812,311.9044189453125,20250225-162004
3695,165,0,0.78466796875,812.5669555664062,1570.2008056640625,338.2086181640625,261.6790466308594,20250225-162004
3695,175,0,0.91943359375,404.2551574707031,0.78076171875,545.6889038085938,666.7509765625,20250225-162004
3695,173,0,0.919921875,269.0714111328125,579.172119140625,959.381103515625,802.9107055664062,20250225-162004
3696,172,0,0.241455078125,729.4549560546875,493.30841064453125,102.78561401367188,259.4042053222656,20250225-162004
3696,163,0,0.58984375,825.1890869140625,1314.450927734375,169.939453125,158.9532012939453,20250225-162004
3696,176,0,0.59716796875,851.2772827148438,1494.3878173828125,87.8126220703125,151.77645874023438,20250225-162004
3696,177,0,0.66455078125,695.3873901367188,576.4747924804688,224.16787719726562,188.94630432128906,20250225-162004
3696,182,0,0.72802734375,639.415771484375,792.8779907226562,237.5888671875,310.086181640625,20250225-162004
3696,165,0,0.79833984375,813.906982421875,1545.596923828125,363.66668701171875,261.3564147949219,20250225-162004
3696,175,0,0.92431640625,403.9458312988281,0.9648284912109375,549.41064453125,666.4100341796875,20250225-162004
3696,173,0,0.9248046875,267.2330017089844,580.3670654296875,957.8082275390625,805.26318359375,20250225-162004
3697,172,0,0.303955078125,729.634521484375,493.2629699707031,103.55534362792969,306.4565734863281,20250225-162004
3697,176,0,0.6123046875,852.7792358398438,1489.9742431640625,92.337158203125,155.46658325195312,20250225-162004
3697,163,0,0.6875,824.237060546875,1311.3848876953125,172.20382690429688,159.0625457763672,20250225-162004
3697,182,0,0.7548828125,641.2154541015625,787.5977783203125,242.21493530273438,309.7705383300781,20250225-162004
3697,165,0,0.767578125,814.992431640625,1568.098876953125,343.8731689453125,259.2565612792969,20250225-162004
3697,177,0,0.77099609375,697.75146484375,577.3714599609375,223.76275634765625,188.8165283203125,20250225-162004
3697,173,0,0.92041015625,269.7533264160156,580.8960571289062,955.8945922851562,802.4767456054688,20250225-162004
3697,175,0,0.9208984375,407.714599609375,0.5343017578125,546.90966796875,664.0621337890625,20250225-162004
3698,172,0,0.32080078125,727.7081909179688,488.11651611328125,109.07322692871094,263.966796875,20250225-162004
3698,163,0,0.6689453125,826.2518920898438,1310.1009521484375,171.966064453125,156.30419921875,20250225-162004
3698,182,0,0.712890625,642.530517578125,787.8475341796875,243.26934814453125,308.1641845703125,20250225-162004
3698,176,0,0.7138671875,852.2312622070312,1487.219970703125,94.9808349609375,157.6461639404297,20250225-162004
3698,177,0,0.72021484375,698.3646850585938,576.7137451171875,223.57342529296875,188.77670288085938,20250225-162004
3698,165,0,0.76611328125,814.5358276367188,1544.1141357421875,369.821044921875,261.0033264160156,20250225-162004
3698,173,0,0.92529296875,271.50384521484375,580.978271484375,954.9437255859375,801.1571044921875,20250225-162004
3698,175,0,0.92529296875,406.6372985839844,0.5738525390625,552.045166015625,662.0704345703125,20250225-162004
3699,163,0,0.60009765625,823.96826171875,1310.4873046875,173.04144287109375,161.057861328125,20250225-162004
3699,182,0,0.66357421875,642.5331420898438,797.8143310546875,232.43087768554688,309.0713195800781,20250225-162004
3699,177,0,0.69580078125,698.7890625,576.7439575195312,223.31927490234375,185.42274475097656,20250225-162004
3699,176,0,0.70263671875,853.1644287109375,1487.042724609375,95.4180908203125,153.68182373046875,20250225-162004
3699,165,0,0.75146484375,814.1361694335938,1567.0740966796875,342.8463134765625,261.6354675292969,20250225-162004
3699,173,0,0.9189453125,274.8958740234375,582.222900390625,951.856201171875,797.3048095703125,20250225-162004
3699,175,0,0.92724609375,408.2841491699219,0.72015380859375,543.8538818359375,663.0249633789062,20250225-162004
3700,172,0,0.20556640625,727.0120239257812,481.85791015625,114.46078491210938,269.7103271484375,20250225-162004
3700,163,0,0.5224609375,825.74462890625,1320.86328125,163.14871215820312,158.88796997070312,20250225-162004
3700,182,0,0.63720703125,639.3627319335938,810.6053466796875,220.45111083984375,312.0238952636719,20250225-162004
3700,177,0,0.65478515625,696.2820434570312,575.5208740234375,223.02987670898438,185.5259552001953,20250225-162004
3700,176,0,0.66357421875,851.2596435546875,1490.4327392578125,94.544677734375,153.31858825683594,20250225-162004
3700,165,0,0.80517578125,813.718505859375,1563.1541748046875,344.99688720703125,261.35394287109375,20250225-162004
3700,173,0,0.9248046875,272.0355529785156,580.5181274414062,953.1571655273438,800.644287109375,20250225-162004
3700,175,0,0.92529296875,405.7086181640625,0.532928466796875,542.5794677734375,665.9971923828125,20250225-162004
3701,172,0,0.25244140625,726.7243041992188,479.50341796875,116.80874633789062,309.08807373046875,20250225-162004
3701,177,0,0.57861328125,695.1407470703125,575.527587890625,223.17709350585938,185.4109344482422,20250225-162004
3701,182,0,0.62158203125,638.8812255859375,802.0039672851562,228.33599853515625,311.19464111328125,20250225-162004
3701,163,0,0.62255859375,825.3768310546875,1312.5958251953125,165.30047607421875,152.5779571533203,20250225-162004
3701,176,0,0.67919921875,849.6488037109375,1486.728515625,93.5767822265625,150.46446228027344,20250225-162004
3701,165,0,0.8251953125,811.7339477539062,1538.05810546875,372.18988037109375,263.1729431152344,20250225-162004
3701,173,0,0.927734375,272.96441650390625,579.28125,952.6397094726562,799.887451171875,20250225-162004
3701,175,0,0.92919921875,404.40655517578125,0.72271728515625,539.100341796875,666.7974853515625,20250225-162004
3702,163,0,0.28466796875,827.9763793945312,1313.1025390625,162.49127197265625,150.656982421875,20250225-162004
3702,172,0,0.332763671875,724.1818237304688,479.44464111328125,116.91581726074219,266.330322265625,20250225-162004
3702,177,0,0.552734375,695.9148559570312,575.081787109375,222.01748657226562,185.52371215820312,20250225-162004
3702,182,0,0.556640625,639.7100830078125,712.7152099609375,314.5623779296875,306.95904541015625,20250225-162004
3702,176,0,0.67822265625,851.428955078125,1488.0882568359375,94.447998046875,156.2569122314453,20250225-162004
3702,165,0,0.76416015625,812.4894409179688,1573.6131591796875,332.111572265625,262.1971435546875,20250225-162004
3702,173,0,0.92236328125,272.622314453125,579.512451171875,951.9854736328125,800.430419921875,20250225-162004
3702,175,0,0.931640625,405.1124267578125,0.724822998046875,537.4205322265625,666.3894653320312,20250225-162004
3703,172,0,0.251708984375,730.2962646484375,477.49505615234375,115.3436279296875,307.60137939453125,20250225-162004
3703,163,0,0.5234375,827.6182250976562,1313.71728515625,174.45281982421875,158.35504150390625,20250225-162004
3703,182,0,0.5517578125,642.0636596679688,773.7352294921875,253.32009887695312,303.6111145019531,20250225-162004
3703,177,0,0.72412109375,698.1359252929688,573.3239135742188,225.32208251953125,187.7100830078125,20250225-162004
3703,176,0,0.751953125,853.0068359375,1488.758544921875,92.23223876953125,151.1129150390625,20250225-162004
3703,165,0,0.8251953125,814.9559326171875,1569.2171630859375,333.734619140625,260.36773681640625,20250225-162004
3703,173,0,0.91650390625,272.44720458984375,578.005859375,950.3660888671875,800.0546264648438,20250225-162004
3703,175,0,0.92822265625,405.4111328125,0.7657012939453125,536.5984497070312,664.18359375,20250225-162004
3704,177,0,0.403564453125,696.8416137695312,573.2422485351562,220.74591064453125,186.7654266357422,20250225-162004
3704,182,0,0.521484375,641.5106811523438,727.059326171875,295.91595458984375,302.9954528808594,20250225-162004
3704,163,0,0.63232421875,826.6465454101562,1303.4168701171875,170.23004150390625,156.64512634277344,20250225-162004
3704,176,0,0.740234375,851.4042358398438,1484.3756103515625,96.11004638671875,151.97216796875,20250225-162004
3704,165,0,0.76416015625,813.5175170898438,1541.668212890625,362.51312255859375,262.40106201171875,20250225-162004
3704,173,0,0.9150390625,271.67730712890625,574.8707885742188,951.3543090820312,801.0188598632812,20250225-162004
3704,175,0,0.9287109375,407.061279296875,0.715484619140625,531.4549560546875,664.5616455078125,20250225-162004
3705,172,0,0.316650390625,724.1495971679688,472.4879150390625,119.11427307128906,328.85333251953125,20250225-162004
3705,177,0,0.388671875,694.9287109375,567.6102905273438,224.49371337890625,187.57009887695312,20250225-162004
3705,182,0,0.587890625,639.2721557617188,717.0972900390625,305.8319091796875,303.7200927734375,20250225-162004
3705,176,0,0.59375,847.5433959960938,1482.8287353515625,99.725830078125,156.4366455078125,20250225-162004
3705,163,0,0.69921875,823.6417846679688,1302.683349609375,169.4080810546875,155.9195098876953,20250225-162004
3705,165,0,0.77978515625,809.204345703125,1572.2508544921875,330.5518798828125,265.6623840332031,20250225-162004
3705,173,0,0.91259765625,268.0842590332031,570.8470458984375,952.0198974609375,804.2391967773438,20250225-162004
3705,175,0,0.9306640625,403.9462585449219,0.9413909912109375,532.22314453125,666.4661865234375,20250225-162004
3706,176,0,0.6416015625,845.5318603515625,1474.8292236328125,101.6070556640625,165.3120574951172,20250225-162004
3706,177,0,0.6767578125,694.6735229492188,569.63037109375,224.53701782226562,187.05914306640625,20250225-162004
3706,182,0,0.6806640625,636.5542602539062,723.8919067382812,297.75164794921875,301.02093505859375,20250225-162004
3706,163,0,0.7333984375,821.0498657226562,1340.200439453125,126.97833251953125,155.29698181152344,20250225-162004
3706,165,0,0.77734375,806.6575927734375,1546.3831787109375,351.5167236328125,269.4494934082031,20250225-162004
3706,173,0,0.92138671875,264.81512451171875,570.3751831054688,951.9085693359375,807.5601806640625,20250225-162004
3706,175,0,0.93212890625,403.3778991699219,0.75970458984375,533.739990234375,666.764892578125,20250225-162004
3707,172,0,0.290283203125,724.6357421875,470.3323059082031,120.43304443359375,316.3756103515625,20250225-162004
3707,177,0,0.5927734375,695.7996826171875,569.2322387695312,223.45550537109375,183.53416442871094,20250225-162004
3707,176,0,0.640625,845.3486938476562,1482.7525634765625,92.6092529296875,151.53485107421875,20250225-162004
3707,182,0,0.68359375,636.4512329101562,708.5657958984375,313.59722900390625,306.82135009765625,20250225-162004
3707,163,0,0.69921875,821.580810546875,1337.602783203125,132.50582885742188,156.23159790039062,20250225-162004
3707,165,0,0.7880859375,807.7406616210938,1548.405029296875,351.40118408203125,268.1747131347656,20250225-162004
3707,173,0,0.9150390625,268.4842224121094,566.294677734375,953.2490844726562,803.1658325195312,20250225-162004
3707,175,0,0.92919921875,403.6588134765625,0.7625885009765625,533.2481079101562,666.4783935546875,20250225-162004
3708,172,0,0.25830078125,727.150634765625,470.8462829589844,120.20846557617188,311.2452392578125,20250225-162004
3708,182,0,0.640625,638.8588256835938,779.398681640625,242.76553344726562,303.9810485839844,20250225-162004
3708,163,0,0.67333984375,826.4724731445312,1337.741943359375,129.55902099609375,154.22479248046875,20250225-162004
3708,177,0,0.7138671875,698.0703735351562,570.4132690429688,223.4871826171875,187.31362915039062,20250225-162004
3708,165,0,0.7568359375,810.5875854492188,1547.71435546875,354.207275390625,265.94305419921875,20250225-162004
3708,176,0,0.75830078125,849.2756958007812,1473.4976806640625,104.748779296875,153.27267456054688,20250225-162004
3708,173,0,0.89794921875,269.27972412109375,575.23681640625,945.3242797851562,803.5072631835938,20250225-162004
3708,175,0,0.9306640625,403.5794982910156,0.567169189453125,532.7608642578125,666.9219360351562,20250225-162004
3709,182,0,0.5390625,642.2911376953125,776.076416015625,246.78964233398438,301.4964294433594,20250225-162004
3709,177,0,0.73193359375,701.1427612304688,571.7246704101562,224.696044921875,183.95053100585938,20250225-162004
3709,163,0,0.7333984375,826.7112426757812,1301.4176025390625,171.82672119140625,155.8820037841797,20250225-162004
3709,176,0,0.755859375,850.5079345703125,1472.24755859375,106.26690673828125,151.29281616210938,20250225-162004
3709,165,0,0.75830078125,811.2533569335938,1555.5494384765625,348.299560546875,264.7481994628906,20250225-162004
3709,173,0,0.91259765625,272.4071960449219,576.907470703125,947.3021850585938,800.7695922851562,20250225-162004
3709,175,0,0.9326171875,405.4984130859375,0.7514190673828125,533.4432983398438,664.7734375,20250225-162004
3710,177,0,0.5,696.5065307617188,630.56201171875,165.96670532226562,186.41781616210938,20250225-162004
3710,163,0,0.541015625,823.5377197265625,1321.4512939453125,149.31784057617188,159.4893798828125,20250225-162004
3710,182,0,0.56298828125,641.496337890625,802.9715576171875,222.5511474609375,308.17218017578125,20250225-162004
3710,176,0,0.72802734375,847.693603515625,1478.4422607421875,100.3150634765625,154.13363647460938,20250225-162004
3710,165,0,0.82373046875,811.5338134765625,1539.7159423828125,365.03192138671875,262.38330078125,20250225-162004
3710,173,0,0.91796875,272.12567138671875,576.23193359375,949.27587890625,800.710205078125,20250225-162004
3710,175,0,0.931640625,404.6901550292969,0.746612548828125,535.1786499023438,665.30419921875,20250225-162004
3711,172,0,0.203125,722.3236083984375,474.89227294921875,116.9820556640625,316.1815490722656,20250225-162004
3711,177,0,0.32763671875,696.0531616210938,570.9906005859375,223.70526123046875,187.82269287109375,20250225-162004
3711,176,0,0.625,844.7158813476562,1482.552001953125,97.15228271484375,150.81430053710938,20250225-162004
3711,163,0,0.69091796875,821.9900512695312,1316.754150390625,153.21221923828125,153.9396514892578,20250225-162004
3711,182,0,0.74755859375,635.5299682617188,775.0556030273438,248.52996826171875,301.8030090332031,20250225-162004
3711,165,0,0.7958984375,806.9127807617188,1565.919921875,335.2650146484375,267.69561767578125,20250225-162004
3711,173,0,0.91259765625,267.8159484863281,572.0154418945312,956.6121826171875,804.8386840820312,20250225-162004
3711,175,0,0.93408203125,402.7639465332031,0.936309814453125,533.8485717773438,667.5452880859375,20250225-162004
3712,172,0,0.2486572265625,720.3173828125,474.46014404296875,117.57147216796875,314.94842529296875,20250225-162005
3712,177,0,0.443603515625,696.524658203125,576.8248901367188,217.8856201171875,184.60769653320312,20250225-162005
3712,182,0,0.57373046875,637.1057739257812,797.1624755859375,227.6473388671875,307.60272216796875,20250225-162005
3712,163,0,0.6376953125,822.9197387695312,1325.5426025390625,143.15185546875,153.41334533691406,20250225-162005
3712,176,0,0.669921875,845.9658203125,1479.47607421875,99.941162109375,160.6051788330078,20250225-162005
3712,165,0,0.76904296875,808.3499755859375,1539.076904296875,357.92889404296875,267.5946044921875,20250225-162005
3712,173,0,0.92333984375,267.5242004394531,574.89599609375,953.9300537109375,804.9596557617188,20250225-162005
3712,175,0,0.9345703125,400.9897766113281,0.751373291015625,533.249755859375,669.4072875976562,20250225-162005
3713,172,0,0.226806640625,728.7568969726562,474.134765625,117.82164001464844,296.2394714355469,20250225-162005
3713,182,0,0.58203125,640.5496215820312,790.0867309570312,234.88412475585938,306.7003479003906,20250225-162005
3713,163,0,0.66015625,826.041259765625,1299.9422607421875,167.69760131835938,154.9134979248047,20250225-162005
3713,177,0,0.69677734375,699.4537963867188,572.2886352539062,222.3790283203125,186.0456085205078,20250225-162005
3713,176,0,0.708984375,849.1588745117188,1479.8492431640625,96.0487060546875,161.1444549560547,20250225-162005
3713,165,0,0.79736328125,811.9373779296875,1544.462158203125,356.113037109375,263.9866027832031,20250225-162005
3713,173,0,0.9248046875,270.1482238769531,577.1057739257812,952.6404418945312,802.557861328125,20250225-162005
3713,175,0,0.93359375,403.535888671875,0.756683349609375,533.9177856445312,666.790283203125,20250225-162005
3714,172,0,0.244384765625,729.8306274414062,474.1211242675781,117.73837280273438,301.30279541015625,20250225-162005
3714,182,0,0.56494140625,642.8648071289062,794.6233520507812,229.7625732421875,304.49896240234375,20250225-162005
3714,163,0,0.6162109375,826.6339721679688,1300.0888671875,165.60122680664062,155.06369018554688,20250225-162005
3714,176,0,0.71044921875,850.0462036132812,1485.2552490234375,93.005859375,154.84877014160156,20250225-162005
3714,177,0,0.7138671875,701.2267456054688,571.8499145507812,224.29962158203125,183.28302001953125,20250225-162005
3714,165,0,0.77880859375,811.7694091796875,1557.5438232421875,342.1790771484375,264.05657958984375,20250225-162005
3714,173,0,0.92138671875,272.22027587890625,577.1793823242188,950.67919921875,800.6375122070312,20250225-162005
3714,175,0,0.92822265625,406.57794189453125,0.754852294921875,537.117919921875,662.9318237304688,20250225-162005
3715,172,0,0.2998046875,728.578369140625,473.3313903808594,118.0667724609375,269.15130615234375,20250225-162005
3715,177,0,0.447509765625,698.8101806640625,571.628173828125,224.75564575195312,185.12753295898438,20250225-162005
3715,163,0,0.66015625,824.1243896484375,1334.0986328125,134.55047607421875,155.29586791992188,20250225-162005
3715,182,0,0.66357421875,640.8851318359375,791.9650268554688,232.3245849609375,306.4022521972656,20250225-162005
3715,176,0,0.75048828125,848.083251953125,1481.30908203125,98.58453369140625,162.75729370117188,20250225-162005
3715,165,0,0.7734375,809.9775390625,1537.1905517578125,361.11309814453125,266.1286926269531,20250225-162005
3715,173,0,0.92431640625,271.4502868652344,573.291748046875,956.46240234375,801.5848388671875,20250225-162005
3715,175,0,0.9306640625,407.1276550292969,0.721435546875,533.2806396484375,664.154541015625,20250225-162005
3716,172,0,0.257568359375,724.189208984375,472.8117370605469,118.7603759765625,303.8541259765625,20250225-162005
3716,163,0,0.62255859375,822.8178100585938,1325.8414306640625,140.84884643554688,152.55589294433594,20250225-162005
3716,176,0,0.70751953125,846.3974609375,1483.2857666015625,92.08502197265625,165.46200561523438,20250225-162005
3716,177,0,0.70751953125,696.290283203125,571.77392578125,223.96875,188.53929138183594,20250225-162005
3716,182,0,0.7216796875,636.6998291015625,777.3284912109375,246.0413818359375,308.33709716796875,20250225-162005
3716,165,0,0.7939453125,808.1580810546875,1543.88525390625,351.92742919921875,267.427734375,20250225-162005
3716,173,0,0.92431640625,269.3584289550781,570.856689453125,958.956298828125,803.58349609375,20250225-162005
3716,175,0,0.93310546875,403.2334289550781,0.5767822265625,536.7203369140625,666.2686157226562,20250225-162005
3717,172,0,0.28857421875,722.99169921875,473.10919189453125,118.18061828613281,315.0115966796875,20250225-162005
3717,177,0,0.5537109375,695.0567016601562,571.875732421875,224.33514404296875,187.4072265625,20250225-162005
3717,176,0,0.64794921875,845.807373046875,1481.274169921875,92.914306640625,167.2432403564453,20250225-162005
3717,182,0,0.67138671875,635.1681518554688,790.8951416015625,232.3809814453125,308.73565673828125,20250225-162005
3717,163,0,0.7080078125,821.3284301757812,1321.6856689453125,145.54421997070312,156.79884338378906,20250225-162005
3717,165,0,0.78271484375,807.744873046875,1540.4710693359375,355.12445068359375,267.92315673828125,20250225-162005
3717,173,0,0.92333984375,267.1656188964844,571.7056274414062,959.4149780273438,805.785888671875,20250225-162005
3717,175,0,0.9306640625,402.9176940917969,0.75970458984375,537.8834838867188,666.1900634765625,20250225-162005
3718,163,0,0.62158203125,824.214599609375,1310.8421630859375,155.80123901367188,156.07237243652344,20250225-162005
3718,176,0,0.67041015625,847.8405151367188,1482.1607666015625,95.9033203125,158.2643280029297,20250225-162005
3718,177,0,0.6953125,697.8487548828125,571.4507446289062,226.436279296875,192.47467041015625,20250225-162005
3718,182,0,0.76123046875,638.3970947265625,787.0651245117188,236.26309204101562,310.15924072265625,20250225-162005
3718,165,0,0.8037109375,809.0951538085938,1563.5701904296875,342.82745361328125,267.2710266113281,20250225-162005
3718,173,0,0.921875,267.1878356933594,574.2672729492188,957.3109130859375,805.2232055664062,20250225-162005
3718,175,0,0.93212890625,404.8504333496094,0.9107208251953125,532.7191162109375,665.8467407226562,20250225-162005
3719,163,0,0.63427734375,827.00732421875,1308.723388671875,162.80685424804688,153.96661376953125,20250225-162005
3719,176,0,0.71240234375,850.64208984375,1484.5389404296875,95.3565673828125,150.72830200195312,20250225-162005
3719,177,0,0.71923828125,701.5303344726562,573.0709228515625,227.03933715820312,193.14303588867188,20250225-162005
3719,182,0,0.7392578125,644.769287109375,798.60498046875,227.0885009765625,302.6763916015625,20250225-162005
3719,165,0,0.82177734375,812.72412109375,1564.6329345703125,339.90618896484375,263.1136474609375,20250225-162005
3719,173,0,0.90869140625,271.6221008300781,576.6343994140625,954.4207763671875,800.8836059570312,20250225-162005
3719,175,0,0.92626953125,406.0249938964844,0.950592041015625,538.8892211914062,662.9076538085938,20250225-162005
3720,172,0,0.242919921875,729.970703125,474.05108642578125,119.52809143066406,305.4049987792969,20250225-162005
3720,163,0,0.58203125,827.1080932617188,1325.29833984375,146.7337646484375,152.52835083007812,20250225-162005
3720,176,0,0.67236328125,850.7723388671875,1483.7991943359375,95.42578125,158.43667602539062,20250225-162005
3720,182,0,0.70751953125,644.2647094726562,797.4019775390625,228.51763916015625,307.3320617675781,20250225-162005
3720,177,0,0.71044921875,700.1986083984375,573.12109375,227.49508666992188,191.2272491455078,20250225-162005
3720,165,0,0.78271484375,813.2073364257812,1564.5633544921875,335.203125,263.1653747558594,20250225-162005
3720,173,0,0.916015625,274.4085998535156,576.08203125,954.8543701171875,798.1693725585938,20250225-162005
3720,175,0,0.9248046875,407.32177734375,0.5749053955078125,540.558349609375,662.0003662109375,20250225-162005
3721,172,0,0.2088623046875,718.287353515625,474.1278991699219,120.86155700683594,310.50091552734375,20250225-162005
3721,163,0,0.5859375,821.7577514648438,1338.1910400390625,131.7659912109375,154.8874053955078,20250225-162005
3721,176,0,0.630859375,846.0281372070312,1486.521728515625,93.49200439453125,163.5308074951172,20250225-162005
3721,177,0,0.73876953125,695.4058837890625,572.5464477539062,227.58123779296875,193.1183624267578,20250225-162005
3721,165,0,0.78857421875,807.4202880859375,1566.97265625,342.69085693359375,266.6382751464844,20250225-162005
3721,182,0,0.80029296875,638.2996215820312,791.1802978515625,233.51422119140625,306.9879150390625,20250225-162005
3721,173,0,0.91162109375,269.3605651855469,571.9691162109375,962.4635009765625,802.87109375,20250225-162005
3721,175,0,0.9267578125,407.08868408203125,0.7232208251953125,532.7308349609375,663.804931640625,20250225-162005
3722,172,0,0.2281494140625,723.1702270507812,472.8492736816406,121.64996337890625,307.5881042480469,20250225-162005
3722,177,0,0.48828125,693.2818603515625,646.638427734375,154.55694580078125,194.72657775878906,20250225-162005
3722,176,0,0.59912109375,842.2215576171875,1485.0904541015625,95.83026123046875,148.10110473632812,20250225-162005
3722,163,0,0.72021484375,819.7628784179688,1340.2177734375,129.31887817382812,154.33602905273438,20250225-162005
3722,165,0,0.755859375,803.9551391601562,1568.898193359375,332.501220703125,270.30419921875,20250225-162005
3722,182,0,0.77783203125,635.011962890625,794.4116821289062,231.67355346679688,304.5420837402344,20250225-162005
3722,173,0,0.8984375,265.8182373046875,570.95361328125,962.4288940429688,806.6430053710938,20250225-162005
3722,175,0,0.923828125,403.47479248046875,0.72857666015625,534.7296142578125,667.3279418945312,20250225-162005
3723,172,0,0.234375,724.766845703125,473.62371826171875,121.32106018066406,319.609375,20250225-162005
3723,177,0,0.533203125,693.0532836914062,571.7288818359375,231.43780517578125,195.1393280029297,20250225-162005
3723,163,0,0.66796875,821.3392333984375,1320.100341796875,151.00726318359375,155.1630859375,20250225-162005
3723,176,0,0.69580078125,845.7514038085938,1488.7701416015625,91.2996826171875,151.8092498779297,20250225-162005
3723,165,0,0.7900390625,806.7830810546875,1549.2974853515625,353.5718994140625,269.1507873535156,20250225-162005
3723,182,0,0.7958984375,636.43603515625,787.268798828125,238.18890380859375,309.7120666503906,20250225-162005
3723,173,0,0.9091796875,265.50872802734375,572.6600341796875,956.1624755859375,806.5510864257812,20250225-162005
3723,175,0,0.92578125,403.79290771484375,0.906829833984375,533.2318115234375,667.214111328125,20250225-162005
3724,172,0,0.220703125,728.24267578125,474.5223083496094,116.81703186035156,291.9848327636719,20250225-162005
3724,182,0,0.458984375,640.5662231445312,808.2095947265625,215.88162231445312,305.30908203125,20250225-162005
3724,177,0,0.6513671875,698.7437133789062,571.359619140625,222.42727661132812,183.53858947753906,20250225-162005
3724,163,0,0.70263671875,823.876953125,1340.89306640625,125.42568969726562,155.3098602294922,20250225-162005
3724,176,0,0.705078125,847.8396606445312,1477.7039794921875,98.0203857421875,152.94891357421875,20250225-162005
3724,165,0,0.794921875,808.0971069335938,1533.7159423828125,364.3707275390625,267.4977722167969,20250225-162005
3724,173,0,0.91796875,270.8404541015625,572.7974853515625,951.3370971679688,802.1912841796875,20250225-162005
3724,175,0,0.92626953125,407.3380126953125,0.531005859375,531.87890625,664.0708618164062,20250225-162005
3725,172,0,0.2379150390625,729.1383056640625,473.0194091796875,115.96188354492188,334.937255859375,20250225-162005
3725,182,0,0.43017578125,638.8032836914062,699.3662109375,322.1953125,301.7597961425781,20250225-162005
3725,163,0,0.6513671875,823.1387939453125,1338.6448974609375,127.27377319335938,154.86474609375,20250225-162005
3725,176,0,0.70556640625,847.0911865234375,1472.4730224609375,98.4569091796875,150.70606994628906,20250225-162005
3725,177,0,0.71240234375,699.1031494140625,568.9268798828125,224.69879150390625,183.61312866210938,20250225-162005
3725,165,0,0.73046875,807.6166381835938,1546.8310546875,349.40789794921875,268.4657897949219,20250225-162005
3725,173,0,0.90771484375,270.0920104980469,564.86572265625,951.099609375,803.1141357421875,20250225-162005
3725,175,0,0.9228515625,405.1412353515625,0.945556640625,535.0285034179688,664.9818725585938,20250225-162005
3726,177,0,0.583984375,697.7571411132812,567.3988037109375,224.36819458007812,185.11996459960938,20250225-162005
3726,182,0,0.6083984375,638.9942016601562,701.243408203125,318.04229736328125,303.8327331542969,20250225-162005
3726,163,0,0.6376953125,823.2987670898438,1309.361328125,154.03729248046875,153.99758911132812,20250225-162005
3726,176,0,0.669921875,846.9447021484375,1472.314453125,98.0101318359375,145.53829956054688,20250225-162005
3726,165,0,0.765625,807.8935546875,1561.8603515625,334.38006591796875,266.5244445800781,20250225-162005
3726,173,0,0.90478515625,268.5960693359375,563.1055908203125,951.1446533203125,804.475341796875,20250225-162005
3726,175,0,0.92626953125,405.47064208984375,0.760528564453125,533.5946044921875,665.5037231445312,20250225-162005
3727,182,0,0.470703125,638.2970581054688,670.1614379882812,345.2076416015625,303.98980712890625,20250225-162005
3727,177,0,0.6533203125,697.8133544921875,567.308349609375,225.32098388671875,184.19403076171875,20250225-162005
3727,163,0,0.681640625,822.5795288085938,1330.397216796875,133.6875,155.4744873046875,20250225-162005
3727,176,0,0.7490234375,847.3514404296875,1471.3502197265625,97.4765625,146.47024536132812,20250225-162005
3727,165,0,0.755859375,807.8555908203125,1542.66064453125,347.360595703125,268.06787109375,20250225-162005
3727,173,0,0.9052734375,272.54864501953125,568.3077392578125,948.3099975585938,799.5750732421875,20250225-162005
3727,175,0,0.9287109375,405.82330322265625,0.9517822265625,532.155517578125,664.9815063476562,20250225-162005
3728,176,0,0.533203125,845.2523803710938,1471.3509521484375,98.474853515625,148.4008331298828,20250225-162005
3728,182,0,0.63232421875,640.3167724609375,803.2811279296875,217.25473022460938,303.953857421875,20250225-162005
3728,177,0,0.65234375,696.0326538085938,567.6099243164062,228.2178955078125,190.90066528320312,20250225-162005
3728,163,0,0.71533203125,819.9686279296875,1337.4122314453125,125.79409790039062,157.57981872558594,20250225-162005
3728,165,0,0.76416015625,806.9612426757812,1563.5511474609375,331.45989990234375,267.0109558105469,20250225-162005
3728,173,0,0.8896484375,276.6741943359375,565.3363037109375,952.4954223632812,792.7033081054688,20250225-162005
3728,175,0,0.931640625,403.80914306640625,0.947021484375,532.7847290039062,666.8577880859375,20250225-162005
3729,172,0,0.241455078125,722.48876953125,468.90960693359375,117.273193359375,310.3813781738281,20250225-162005
3729,182,0,0.478515625,636.5283813476562,707.9917602539062,310.53533935546875,303.39984130859375,20250225-162005
3729,177,0,0.533203125,694.4874877929688,569.5497436523438,223.48663330078125,182.8549041748047,20250225-162005
3729,176,0,0.611328125,842.885498046875,1473.0479736328125,96.76904296875,155.40135192871094,20250225-162005
3729,163,0,0.73583984375,818.640380859375,1337.739013671875,127.31781005859375,159.5615692138672,20250225-162005
3729,165,0,0.75341796875,803.6948852539062,1553.295166015625,336.53466796875,270.19708251953125,20250225-162005
3729,173,0,0.91162109375,271.94390869140625,564.3576049804688,952.6521606445312,800.40771484375,20250225-162005
3729,175,0,0.93505859375,403.8102111816406,0.76263427734375,533.2513427734375,666.4988403320312,20250225-162005
3730,172,0,0.287841796875,722.3252563476562,469.1476135253906,116.956787109375,316.3005065917969,20250225-162005
3730,182,0,0.4794921875,636.23388671875,700.4102783203125,317.99468994140625,301.341064453125,20250225-162005
3730,177,0,0.5205078125,694.8397827148438,568.7850952148438,223.865478515625,184.9658203125,20250225-162005
3730,176,0,0.6826171875,843.2317504882812,1473.447265625,95.90771484375,151.2747802734375,20250225-162005
3730,163,0,0.728515625,819.9905395507812,1337.8182373046875,126.46783447265625,156.6726837158203,20250225-162005
3730,165,0,0.755859375,804.2273559570312,1535.2486572265625,356.3399963378906,271.4310607910156,20250225-162005
3730,173,0,0.91455078125,270.64752197265625,565.4335327148438,955.8050537109375,801.8240356445312,20250225-162005
3730,175,0,0.93115234375,402.7014465332031,0.5728912353515625,535.943603515625,667.6168212890625,20250225-162005
3731,172,0,0.2186279296875,726.0830078125,469.36175537109375,117.50083923339844,304.4180908203125,20250225-162005
3731,177,0,0.52734375,694.7777709960938,565.0257568359375,232.52105712890625,191.250732421875,20250225-162005
3731,182,0,0.5859375,636.5835571289062,792.1029052734375,227.74951171875,307.8235168457031,20250225-162005
3731,176,0,0.65234375,846.0997314453125,1471.4827880859375,100.44195556640625,151.26535034179688,20250225-162005
3731,163,0,0.73095703125,820.4816284179688,1336.00732421875,127.31790161132812,160.19979858398438,20250225-162005
3731,165,0,0.77099609375,805.6356811523438,1556.9117431640625,339.566162109375,268.338134765625,20250225-162005
3731,173,0,0.89697265625,268.8837585449219,563.2239990234375,951.5791625976562,804.5296020507812,20250225-162005
3731,175,0,0.93701171875,403.4745178222656,0.759063720703125,531.6673583984375,667.0324096679688,20250225-162005
3732,177,0,0.60107421875,697.8444213867188,568.0084228515625,226.39462280273438,187.3232421875,20250225-162005
3732,182,0,0.66015625,641.4335327148438,800.8112182617188,218.81817626953125,305.4664306640625,20250225-162005
3732,163,0,0.6806640625,822.7259521484375,1322.85498046875,141.45712280273438,156.25502014160156,20250225-162005
3732,176,0,0.689453125,847.8013916015625,1471.46923828125,101.2877197265625,153.2484588623047,20250225-162005
3732,165,0,0.78857421875,807.6377563476562,1543.24658203125,351.45318603515625,268.10382080078125,20250225-162005
3732,173,0,0.90771484375,271.9737548828125,561.4219970703125,952.446533203125,801.372314453125,20250225-162005
3732,175,0,0.9384765625,404.68280029296875,0.9466552734375,528.9150390625,666.1542358398438,20250225-162005
3733,172,0,0.323486328125,726.2398681640625,469.670654296875,117.88929748535156,323.0411376953125,20250225-162005
3733,182,0,0.437744140625,640.0208740234375,803.2987060546875,217.3385009765625,305.638671875,20250225-162005
3733,176,0,0.68603515625,846.8515014648438,1469.613037109375,98.30877685546875,148.7893829345703,20250225-162005
3733,177,0,0.6875,697.89794921875,567.903076171875,223.8028564453125,183.75453186035156,20250225-162005
3733,163,0,0.72119140625,822.11279296875,1309.672607421875,153.24124145507812,157.41717529296875,20250225-162005
3733,165,0,0.77392578125,807.6497802734375,1555.4263916015625,340.3612060546875,266.5943298339844,20250225-162005
3733,173,0,0.9052734375,273.0502624511719,560.0374145507812,951.8818359375,799.9276123046875,20250225-162005
3733,175,0,0.9384765625,405.4817199707031,0.757598876953125,530.1575927734375,665.4620971679688,20250225-162005
3734,172,0,0.34326171875,727.4789428710938,469.0892333984375,116.81268310546875,317.72100830078125,20250225-162005
3734,182,0,0.4677734375,637.6056518554688,702.8486938476562,316.49908447265625,308.196533203125,20250225-162005
3734,163,0,0.67138671875,819.9985961914062,1318.8701171875,146.63470458984375,161.0973358154297,20250225-162005
3734,176,0,0.68505859375,845.5,1470.58740234375,98.67095947265625,149.11572265625,20250225-162005
3734,177,0,0.72705078125,697.0596313476562,565.5748901367188,228.07168579101562,184.83578491210938,20250225-162005
3734,165,0,0.763671875,806.4742431640625,1554.9898681640625,341.33642578125,267.6756286621094,20250225-162005
3734,173,0,0.89453125,272.4538269042969,559.4705200195312,953.7394409179688,800.3360595703125,20250225-162005
3734,175,0,0.939453125,405.1195983886719,0.758056640625,529.5816650390625,665.8971557617188,20250225-162005
3735,172,0,0.32177734375,725.0679321289062,469.3098449707031,117.90412902832031,300.88043212890625,20250225-162005
3735,182,0,0.43408203125,635.0844116210938,800.109375,219.36721801757812,306.7041320800781,20250225-162005
3735,176,0,0.68359375,843.556640625,1470.289794921875,97.95428466796875,152.68695068359375,20250225-162005
3735,163,0,0.73779296875,818.6469116210938,1337.070068359375,128.18096923828125,157.34490966796875,20250225-162005
3735,177,0,0.74169921875,695.4105834960938,567.0238037109375,226.7310791015625,185.92845153808594,20250225-162005
3735,165,0,0.78125,804.846923828125,1540.099853515625,351.447509765625,270.63470458984375,20250225-162005
3735,173,0,0.8994140625,269.25042724609375,557.672607421875,955.688232421875,803.73193359375,20250225-162005
3735,175,0,0.94091796875,404.6409606933594,0.7617645263671875,532.19873046875,665.8601684570312,20250225-162005
3736,172,0,0.322509765625,723.65966796875,469.59814453125,117.12574768066406,318.8992919921875,20250225-162005
3736,182,0,0.61865234375,635.6087646484375,704.9804077148438,313.018798828125,305.8970642089844,20250225-162005
3736,177,0,0.69091796875,695.7274169921875,569.1626586914062,223.11932373046875,182.4921875,20250225-162005
3736,176,0,0.7080078125,842.9638671875,1473.8294677734375,97.65673828125,150.7926788330078,20250225-162005
3736,163,0,0.72802734375,819.28515625,1336.311279296875,127.84735107421875,157.09591674804688,20250225-162005
3736,165,0,0.78125,804.169189453125,1532.66064453125,359.3048400878906,271.2398376464844,20250225-162005
3736,173,0,0.912109375,271.1624755859375,565.1329345703125,952.2275390625,800.9335327148438,20250225-162005
3736,175,0,0.93798828125,403.2547912597656,0.9450531005859375,531.3326416015625,667.3687133789062,20250225-162005
3737,172,0,0.26513671875,726.0302734375,469.08453369140625,117.50312805175781,305.5444641113281,20250225-162005
3737,182,0,0.59619140625,635.8284912109375,794.6852416992188,224.72561645507812,308.4091491699219,20250225-162005
3737,177,0,0.62255859375,697.1521606445312,567.2880249023438,227.36590576171875,187.0062255859375,20250225-162005
3737,176,0,0.6513671875,844.7847900390625,1470.0966796875,99.673095703125,151.32525634765625,20250225-162005
3737,163,0,0.70654296875,820.27734375,1309.6904296875,154.02154541015625,157.1327362060547,20250225-162005
3737,165,0,0.77978515625,806.61328125,1544.6458740234375,347.0723876953125,269.2084655761719,20250225-162005
3737,173,0,0.8984375,269.45489501953125,561.16259765625,952.9982299804688,803.27197265625,20250225-162005
3737,175,0,0.93505859375,403.5630187988281,0.755126953125,532.54150390625,666.9307250976562,20250225-162005
3738,172,0,0.256103515625,727.4965209960938,469.54571533203125,117.04046630859375,310.12103271484375,20250225-162005
3738,177,0,0.4609375,698.1690673828125,570.1082763671875,222.34725952148438,186.37249755859375,20250225-162005
3738,182,0,0.5830078125,640.3517456054688,801.993896484375,217.20291137695312,306.4906921386719,20250225-162005
3738,176,0,0.5869140625,846.2861328125,1476.0634765625,92.99432373046875,154.14308166503906,20250225-162005
3738,163,0,0.68359375,823.7741088867188,1329.55615234375,135.05950927734375,154.5997772216797,20250225-162005
3738,165,0,0.79296875,806.59423828125,1546.7230224609375,344.2943115234375,269.14813232421875,20250225-162005
3738,173,0,0.90771484375,270.9947814941406,560.0877685546875,950.5028686523438,802.1409912109375,20250225-162005
3738,175,0,0.9365234375,405.8419494628906,0.946197509765625,530.7431030273438,664.7889404296875,20250225-162005
3739,172,0,0.261962890625,725.1376342773438,469.65924072265625,119.23095703125,331.6105651855469,20250225-162005
3739,177,0,0.6435546875,697.975830078125,571.1231689453125,221.39849853515625,182.25527954101562,20250225-162005
3739,176,0,0.65234375,846.6345825195312,1473.2640380859375,96.1549072265625,148.05322265625,20250225-162005
3739,182,0,0.65380859375,638.783203125,699.76171875,317.21612548828125,296.5518798828125,20250225-162005
3739,163,0,0.71630859375,822.8369140625,1329.8670654296875,134.316650390625,155.2369842529297,20250225-162005
3739,165,0,0.79443359375,806.66943359375,1557.966796875,337.31707763671875,268.841552734375,20250225-162005
3739,173,0,0.90283203125,271.3078918457031,560.77734375,948.2037963867188,801.4042358398438,20250225-162005
3739,175,0,0.93603515625,405.739013671875,0.9491729736328125,530.8922119140625,665.333740234375,20250225-162005
3740,172,0,0.326904296875,724.861083984375,469.1701354980469,117.91969299316406,316.830078125,20250225-162005
3740,182,0,0.484375,635.2965087890625,802.8942260742188,216.45126342773438,308.9097595214844,20250225-162005
3740,176,0,0.6494140625,843.5927734375,1471.1964111328125,101.4796142578125,152.34295654296875,20250225-162005
3740,177,0,0.7041015625,695.2644653320312,569.3994140625,222.791748046875,184.01104736328125,20250225-162005
3740,163,0,0.72509765625,820.1669921875,1328.21728515625,135.40933227539062,154.59669494628906,20250225-162005
3740,165,0,0.80859375,803.0389404296875,1564.0546875,328.30426025390625,270.8424377441406,20250225-162005
3740,173,0,0.8974609375,271.05999755859375,557.1139526367188,953.7381591796875,801.8973999023438,20250225-162005
3740,175,0,0.93603515625,404.3167724609375,0.9429473876953125,532.091796875,666.1232299804688,20250225-162005
3741,172,0,0.33544921875,722.5756225585938,468.7746276855469,117.61862182617188,326.7746887207031,20250225-162005
3741,182,0,0.541015625,634.2562866210938,805.2599487304688,214.23275756835938,310.7758483886719,20250225-162005
3741,176,0,0.64404296875,843.5738525390625,1473.44384765625,96.60772705078125,145.24887084960938,20250225-162005
3741,177,0,0.6689453125,695.8090209960938,578.3590087890625,214.50759887695312,181.35714721679688,20250225-162005
3741,163,0,0.708984375,820.7672729492188,1330.5677490234375,133.9925537109375,151.39288330078125,20250225-162005
3741,165,0,0.814453125,803.2533569335938,1556.233154296875,335.9176025390625,270.5317077636719,20250225-162005
3741,173,0,0.8916015625,270.2378234863281,557.3355102539062,954.0238037109375,802.4813232421875,20250225-162005
3741,175,0,0.93505859375,403.11517333984375,0.75604248046875,533.4776000976562,667.7876586914062,20250225-162005
3742,172,0,0.260498046875,725.9058227539062,469.2950134277344,117.27369689941406,281.1824645996094,20250225-162006
3742,176,0,0.66552734375,844.0025024414062,1477.06103515625,92.842529296875,149.13279724121094,20250225-162006
3742,182,0,0.7041015625,636.4063110351562,797.20751953125,223.64785766601562,308.7999267578125,20250225-162006
3742,163,0,0.73486328125,820.06689453125,1334.234619140625,129.02545166015625,155.7932586669922,20250225-162006
3742,177,0,0.7373046875,696.1732177734375,568.2628784179688,227.4990234375,188.10687255859375,20250225-162006
3742,165,0,0.8203125,804.1901245117188,1553.294677734375,338.608154296875,269.2255554199219,20250225-162006
3742,173,0,0.8935546875,267.331787109375,559.0244750976562,952.894775390625,805.7012329101562,20250225-162006
3742,175,0,0.9404296875,404.02685546875,0.5722503662109375,531.1934814453125,666.37451171875,20250225-162006
3743,172,0,0.32421875,726.8341064453125,469.7925109863281,117.26614379882812,311.16680908203125,20250225-162006
3743,176,0,0.56298828125,844.5240478515625,1473.7283935546875,94.63458251953125,150.14524841308594,20250225-162006
3743,177,0,0.69580078125,697.338623046875,568.7297973632812,227.1595458984375,189.1006317138672,20250225-162006
3743,182,0,0.7294921875,637.631103515625,793.5888061523438,225.89987182617188,308.5211486816406,20250225-162006
3743,163,0,0.732421875,820.3884887695312,1330.356689453125,133.27761840820312,157.2928009033203,20250225-162006
3743,165,0,0.80029296875,806.2955322265625,1557.309814453125,338.73980712890625,266.92596435546875,20250225-162006
3743,173,0,0.89892578125,269.9764099121094,559.8865356445312,950.9558715820312,803.0343017578125,20250225-162006
3743,175,0,0.939453125,404.8769226074219,0.9452362060546875,531.114013671875,665.3909301757812,20250225-162006
3744,185,0,0.21142578125,742.8118896484375,983.1318969726562,50.30108642578125,124.21013641357422,20250225-162006
3744,172,0,0.291748046875,725.89794921875,470.136474609375,117.11549377441406,305.4006042480469,20250225-162006
3744,182,0,0.5263671875,637.1715087890625,802.531494140625,215.82980346679688,308.7801818847656,20250225-162006
3744,177,0,0.6123046875,698.096923828125,567.8260498046875,225.4947509765625,183.1310577392578,20250225-162006
3744,176,0,0.67578125,844.9727172851562,1473.1080322265625,98.1357421875,148.98602294921875,20250225-162006
3744,163,0,0.71923828125,821.0807495117188,1329.05615234375,136.30078125,158.25479125976562,20250225-162006
3744,165,0,0.78271484375,807.2088012695312,1560.36474609375,332.347412109375,266.8440856933594,20250225-162006
3744,173,0,0.89453125,270.7855224609375,560.349609375,948.9658813476562,802.7719116210938,20250225-162006
3744,175,0,0.93701171875,404.72906494140625,0.75933837890625,531.2008666992188,665.7042236328125,20250225-162006
3745,172,0,0.310791015625,724.3617553710938,470.24029541015625,117.85725402832031,323.9100036621094,20250225-162006
3745,185,0,0.318359375,742.3927001953125,983.759765625,49.663330078125,124.43904876708984,20250225-162006
3745,177,0,0.3720703125,697.3660888671875,567.03076171875,228.14593505859375,188.07083129882812,20250225-162006
3745,176,0,0.67724609375,843.97900390625,1471.154296875,98.442626953125,149.82870483398438,20250225-162006
3745,182,0,0.74560546875,637.5463256835938,795.6282348632812,224.14315795898438,307.6678161621094,20250225-162006
3745,163,0,0.7529296875,819.3818969726562,1334.663330078125,128.93984985351562,157.81619262695312,20250225-162006
3745,165,0,0.81396484375,805.8374633789062,1557.873046875,336.56396484375,267.8607482910156,20250225-162006
3745,173,0,0.8974609375,271.45086669921875,559.9700317382812,949.1912841796875,801.514404296875,20250225-162006
3745,175,0,0.93701171875,405.9398498535156,1.1404266357421875,533.4970092773438,664.30615234375,20250225-162006
3746,172,0,0.2958984375,725.7330322265625,470.96392822265625,116.86898803710938,321.3902587890625,20250225-162006
3746,185,0,0.2998046875,739.3218383789062,983.2776489257812,50.258514404296875,126.53460693359375,20250225-162006
3746,182,0,0.441650390625,635.8274536132812,700.8630981445312,317.1053466796875,303.0665283203125,20250225-162006
3746,176,0,0.57177734375,843.0552978515625,1475.320068359375,94.31011962890625,151.65664672851562,20250225-162006
3746,177,0,0.63330078125,695.7883911132812,567.8648681640625,224.91860961914062,180.8200225830078,20250225-162006
3746,163,0,0.7421875,819.8277587890625,1332.44140625,132.59710693359375,156.28506469726562,20250225-162006
3746,165,0,0.8251953125,804.5701904296875,1558.6175537109375,335.662353515625,269.209228515625,20250225-162006
3746,173,0,0.90283203125,270.150390625,558.2638549804688,950.7183837890625,802.8236694335938,20250225-162006
3746,175,0,0.9375,405.29180908203125,0.7637786865234375,533.9752197265625,665.0498046875,20250225-162006
3747,185,0,0.382080078125,739.1790161132812,983.4114990234375,50.202667236328125,125.89491271972656,20250225-162006
3747,182,0,0.4990234375,634.625732421875,806.5156860351562,214.46942138671875,308.111572265625,20250225-162006
3747,176,0,0.57275390625,843.409423828125,1479.34423828125,92.236083984375,145.3916015625,20250225-162006
3747,177,0,0.6513671875,695.6611328125,568.3621826171875,224.14022827148438,181.71128845214844,20250225-162006
3747,163,0,0.69921875,819.5637817382812,1313.78759765625,149.20550537109375,154.80413818359375,20250225-162006
3747,165,0,0.79052734375,803.74072265625,1558.5245361328125,335.5030517578125,269.9496154785156,20250225-162006
3747,173,0,0.904296875,269.3022766113281,557.5387573242188,950.3428344726562,803.5682983398438,20250225-162006
3747,175,0,0.9365234375,404.0939636230469,0.9530181884765625,533.509521484375,666.5707397460938,20250225-162006
3748,172,0,0.30908203125,724.762939453125,470.8275146484375,117.49090576171875,321.6994323730469,20250225-162006
3748,185,0,0.359375,738.643310546875,983.4226684570312,50.221527099609375,127.24708557128906,20250225-162006
3748,177,0,0.443603515625,696.9441528320312,571.9729614257812,221.09921264648438,181.21278381347656,20250225-162006
3748,182,0,0.5078125,635.667724609375,803.306396484375,215.66876220703125,309.3503112792969,20250225-162006
3748,176,0,0.5859375,844.3529052734375,1480.774658203125,89.8740234375,144.0505828857422,20250225-162006
3748,163,0,0.7216796875,819.9984130859375,1330.678466796875,132.99114990234375,156.50582885742188,20250225-162006
3748,165,0,0.79443359375,804.2496948242188,1556.109375,336.5390625,269.6195068359375,20250225-162006
3748,173,0,0.8974609375,269.229248046875,558.2451782226562,949.7382202148438,803.8483276367188,20250225-162006
3748,175,0,0.93408203125,402.9028625488281,0.7568206787109375,536.3865356445312,667.719482421875,20250225-162006
3749,185,0,0.247314453125,741.1421508789062,983.0802612304688,50.244415283203125,124.68975830078125,20250225-162006
3749,172,0,0.27587890625,723.8314819335938,469.1708984375,118.67330932617188,321.8546142578125,20250225-162006
3749,182,0,0.5830078125,637.1051635742188,695.7189331054688,319.78143310546875,299.6875,20250225-162006
3749,177,0,0.5927734375,697.7171630859375,575.7183837890625,215.69247436523438,180.97366333007812,20250225-162006
3749,176,0,0.61669921875,844.4663696289062,1477.4805908203125,93.80126953125,149.1204376220703,20250225-162006
3749,163,0,0.7431640625,819.9637451171875,1335.2333984375,130.36788940429688,158.23831176757812,20250225-162006
3749,165,0,0.78857421875,805.843017578125,1554.364013671875,337.64410400390625,267.57177734375,20250225-162006
3749,173,0,0.90673828125,270.8490295410156,559.30517578125,948.1402587890625,801.7380981445312,20250225-162006
3749,175,0,0.93603515625,402.510009765625,0.7579193115234375,534.4176025390625,668.1380615234375,20250225-162006
3750,185,0,0.21142578125,740.235595703125,982.8715209960938,50.379547119140625,124.71859741210938,20250225-162006
3750,172,0,0.53515625,621.6193237304688,462.95379638671875,125.07270812988281,421.9659729003906,20250225-162006
3750,182,0,0.55078125,636.8311157226562,698.2377319335938,319.25537109375,304.55767822265625,20250225-162006
3750,177,0,0.64892578125,697.9759521484375,573.25048828125,220.60647583007812,181.63722229003906,20250225-162006
3750,176,0,0.65576171875,844.6807250976562,1475.205810546875,96.31549072265625,148.6380615234375,20250225-162006
3750,163,0,0.74072265625,820.6586303710938,1333.86669921875,130.57955932617188,158.63021850585938,20250225-162006
3750,165,0,0.76416015625,806.1080932617188,1548.8134765625,343.7486572265625,269.54132080078125,20250225-162006
3750,173,0,0.89990234375,270.64752197265625,558.5703735351562,949.3097534179688,802.2493286132812,20250225-162006
3750,175,0,0.939453125,401.38995361328125,0.929901123046875,528.8818359375,669.5118408203125,20250225-162006
3751,185,0,0.256103515625,737.8836669921875,982.9595947265625,50.3946533203125,127.06495666503906,20250225-162006
3751,182,0,0.442626953125,635.1976318359375,805.9389038085938,213.59527587890625,309.3529968261719,20250225-162006
3751,177,0,0.5087890625,697.2661743164062,567.333251953125,225.93255615234375,179.3360595703125,20250225-162006
3751,172,0,0.6318359375,623.3530883789062,457.4432373046875,129.76171875,417.12957763671875,20250225-162006
3751,176,0,0.65234375,844.047119140625,1474.0242919921875,97.9317626953125,149.72021484375,20250225-162006
3751,163,0,0.703125,818.80419921875,1327.477783203125,137.63388061523438,159.56483459472656,20250225-162006
3751,165,0,0.77685546875,805.685302734375,1550.82568359375,341.11212158203125,270.0451354980469,20250225-162006
3751,173,0,0.90576171875,270.1642761230469,557.6724243164062,949.2782592773438,802.46484375,20250225-162006
3751,175,0,0.93896484375,400.1169128417969,0.7335662841796875,528.6937255859375,670.7005615234375,20250225-162006
3752,185,0,0.29248046875,737.9445190429688,982.5785522460938,50.608978271484375,127.45462036132812,20250225-162006
3752,182,0,0.4580078125,634.431884765625,806.4816284179688,213.75247192382812,310.16387939453125,20250225-162006
3752,177,0,0.6611328125,697.0052490234375,567.169189453125,225.42755126953125,179.2859344482422,20250225-162006
3752,172,0,0.71142578125,616.2730712890625,450.07562255859375,136.576904296875,417.3434753417969,20250225-162006
3752,176,0,0.7265625,842.5767211914062,1474.3546142578125,97.92242431640625,150.82289123535156,20250225-162006
3752,163,0,0.7421875,819.480712890625,1334.34521484375,131.78549194335938,158.34765625,20250225-162006
3752,165,0,0.7822265625,804.451904296875,1539.337646484375,353.15972900390625,271.0416259765625,20250225-162006
3752,173,0,0.900390625,268.84051513671875,557.0875854492188,950.0537109375,804.1030883789062,20250225-162006
3752,175,0,0.93896484375,395.3202819824219,0.527801513671875,529.75,675.5374145507812,20250225-162006
3753,185,0,0.333740234375,737.4414672851562,982.6224975585938,51.097503662109375,126.58112335205078,20250225-162006
3753,182,0,0.4580078125,634.445068359375,807.06396484375,212.4041748046875,309.35504150390625,20250225-162006
3753,177,0,0.6376953125,695.7474975585938,566.1659545898438,226.88250732421875,182.38128662109375,20250225-162006
3753,176,0,0.70166015625,843.50537109375,1471.5428466796875,103.693359375,155.7978973388672,20250225-162006
3753,163,0,0.74072265625,819.496826171875,1335.888671875,129.7745361328125,158.09686279296875,20250225-162006
3753,172,0,0.7470703125,609.763671875,446.65557861328125,141.00315856933594,390.6048278808594,20250225-162006
3753,165,0,0.77685546875,804.4649658203125,1557.636474609375,330.5390625,269.49652099609375,20250225-162006
3753,173,0,0.9013671875,266.5985412597656,556.877685546875,949.9365234375,806.1441650390625,20250225-162006
3753,175,0,0.94482421875,393.7615966796875,0.3402099609375,526.76025390625,676.5038452148438,20250225-162006
3754,185,0,0.230224609375,737.32080078125,982.3555297851562,51.177520751953125,127.31171417236328,20250225-162006
3754,182,0,0.5400390625,635.1737670898438,798.7128295898438,220.39151000976562,307.10125732421875,20250225-162006
3754,177,0,0.67236328125,696.208740234375,566.6256103515625,228.35824584960938,186.28778076171875,20250225-162006
3754,176,0,0.69580078125,843.6552734375,1472.77490234375,100.4337158203125,151.31375122070312,20250225-162006
3754,163,0,0.736328125,820.22412109375,1333.0089111328125,132.41537475585938,158.9652099609375,20250225-162006
3754,172,0,0.76416015625,611.7608642578125,441.7151184082031,145.84400939941406,379.6229553222656,20250225-162006
3754,165,0,0.8017578125,805.593994140625,1556.77587890625,333.55426025390625,268.0899353027344,20250225-162006
3754,173,0,0.90283203125,269.43121337890625,558.8408203125,948.27978515625,803.6343383789062,20250225-162006
3754,175,0,0.9443359375,393.5257263183594,0.5334320068359375,525.6952514648438,676.3046264648438,20250225-162006
3755,185,0,0.27587890625,737.664306640625,982.51025390625,51.17486572265625,127.22228240966797,20250225-162006
3755,182,0,0.60107421875,637.8148193359375,786.4414672851562,233.28277587890625,306.1741027832031,20250225-162006
3755,176,0,0.67724609375,844.69140625,1472.1947021484375,99.2904052734375,150.4890899658203,20250225-162006
3755,177,0,0.71240234375,696.29248046875,566.2919311523438,229.85595703125,188.2806396484375,20250225-162006
3755,163,0,0.7255859375,821.0172119140625,1334.401123046875,130.2213134765625,159.33599853515625,20250225-162006
3755,165,0,0.7890625,807.8077392578125,1554.2384033203125,340.89111328125,267.66412353515625,20250225-162006
3755,172,0,0.81103515625,612.6477661132812,439.0059814453125,149.6715545654297,376.4975280761719,20250225-162006
3755,173,0,0.9033203125,272.34368896484375,562.0156860351562,944.1073608398438,800.8276977539062,20250225-162006
3755,175,0,0.94384765625,394.2566223144531,0.533203125,523.9530029296875,675.6275634765625,20250225-162006
3756,185,0,0.223388671875,737.7147827148438,982.3623046875,51.042022705078125,126.99053955078125,20250225-162006
3756,182,0,0.544921875,636.9725341796875,803.4365844726562,215.8443603515625,308.33935546875,20250225-162006
3756,177,0,0.68359375,695.9319458007812,566.51318359375,227.59744262695312,185.30665588378906,20250225-162006
3756,176,0,0.68505859375,844.7583618164062,1476.8243408203125,93.0098876953125,150.93789672851562,20250225-162006
3756,163,0,0.7255859375,820.1361083984375,1332.8106689453125,133.04150390625,158.7782745361328,20250225-162006
3756,172,0,0.728515625,610.8472900390625,437.9032287597656,150.79783630371094,395.53466796875,20250225-162006
3756,165,0,0.7744140625,807.6537475585938,1540.464111328125,355.58990478515625,267.9996337890625,20250225-162006
3756,173,0,0.90234375,268.85235595703125,560.1068115234375,947.5008544921875,804.7723999023438,20250225-162006
3756,175,0,0.9453125,395.2264099121094,0.549407958984375,523.34375,675.41650390625,20250225-162006
3757,182,0,0.5185546875,635.6431884765625,694.8165893554688,321.618896484375,303.44598388671875,20250225-162006
3757,176,0,0.70556640625,842.9371948242188,1470.06005859375,100.20538330078125,153.6932373046875,20250225-162006
3757,163,0,0.712890625,818.8129272460938,1333.338623046875,131.72781372070312,156.4529571533203,20250225-162006
3757,177,0,0.72412109375,695.4526977539062,567.027099609375,225.61578369140625,183.6175079345703,20250225-162006
3757,172,0,0.76953125,610.5060424804688,437.5308837890625,150.51617431640625,381.6391296386719,20250225-162006
3757,165,0,0.81298828125,803.4322509765625,1527.9613037109375,365.4334716796875,271.3638610839844,20250225-162006
3757,173,0,0.90185546875,271.6227111816406,564.9006958007812,944.0436401367188,800.7188110351562,20250225-162006
3757,175,0,0.9453125,393.4369201660156,0.346893310546875,523.525390625,677.083251953125,20250225-162006
3758,182,0,0.416748046875,635.8850708007812,699.2962646484375,317.208251953125,302.7138671875,20250225-162006
3758,176,0,0.6953125,842.1482543945312,1471.0740966796875,98.53564453125,156.29879760742188,20250225-162006
3758,163,0,0.712890625,818.8955078125,1334.5985107421875,130.95904541015625,158.45889282226562,20250225-162006
3758,177,0,0.7490234375,694.5806274414062,567.1197509765625,225.1754150390625,183.91310119628906,20250225-162006
3758,172,0,0.76708984375,608.243408203125,435.1637878417969,152.8681640625,379.7744445800781,20250225-162006
3758,165,0,0.77734375,804.2117309570312,1533.21728515625,358.9727783203125,271.27862548828125,20250225-162006
3758,173,0,0.90625,266.7815246582031,558.091552734375,947.895263671875,806.5718994140625,20250225-162006
3758,175,0,0.94482421875,394.2068786621094,0.7318267822265625,520.2420043945312,676.7886962890625,20250225-162006
3759,182,0,0.4677734375,635.5032958984375,701.171875,316.20391845703125,303.9832763671875,20250225-162006
3759,176,0,0.67041015625,845.212646484375,1474.430419921875,96.1962890625,152.298828125,20250225-162006
3759,163,0,0.712890625,819.7232666015625,1330.752197265625,133.786376953125,159.4547119140625,20250225-162006
3759,177,0,0.72265625,695.272705078125,566.90478515625,224.69000244140625,186.60879516601562,20250225-162006
3759,172,0,0.759765625,612.5806884765625,436.1655578613281,152.29541015625,380.73291015625,20250225-162006
3759,165,0,0.7841796875,806.1528930664062,1556.0628662109375,334.46099853515625,267.4457702636719,20250225-162006
3759,173,0,0.91064453125,268.59375,560.62060546875,947.2955932617188,804.6517333984375,20250225-162006
3759,175,0,0.9404296875,397.32476806640625,0.7212982177734375,520.9769287109375,673.7638549804688,20250225-162006
3760,182,0,0.529296875,636.8250122070312,697.5322875976562,319.64312744140625,300.7916259765625,20250225-162006
3760,177,0,0.625,694.6976318359375,566.6700439453125,224.3016357421875,186.77444458007812,20250225-162006
3760,176,0,0.6611328125,845.4403686523438,1472.1075439453125,96.08221435546875,149.18112182617188,20250225-162006
3760,163,0,0.689453125,820.87646484375,1315.5955810546875,148.89010620117188,158.08587646484375,20250225-162006
3760,172,0,0.7041015625,619.3626708984375,440.2784729003906,147.74075317382812,362.6180114746094,20250225-162006
3760,165,0,0.78515625,806.3482666015625,1553.8890380859375,339.81884765625,267.3506774902344,20250225-162006
3760,173,0,0.90673828125,268.75091552734375,559.9127197265625,947.3486938476562,804.3878784179688,20250225-162006
3760,175,0,0.94189453125,400.048583984375,0.356231689453125,520.4346923828125,671.1841430664062,20250225-162006
3761,172,0,0.61865234375,633.974365234375,445.92242431640625,141.98561096191406,344.93634033203125,20250225-162006
3761,176,0,0.63330078125,843.9149780273438,1471.8555908203125,96.0509033203125,149.57919311523438,20250225-162006
3761,177,0,0.6416015625,695.3696899414062,567.1821899414062,224.756103515625,186.87503051757812,20250225-162006
3761,182,0,0.6669921875,638.0494384765625,699.394775390625,317.80572509765625,302.3553466796875,20250225-162006
3761,163,0,0.71875,820.2020263671875,1323.820556640625,140.7901611328125,161.8209686279297,20250225-162006
3761,165,0,0.740234375,805.9585571289062,1537.658935546875,354.18988037109375,269.71099853515625,20250225-162006
3761,173,0,0.90966796875,269.8702392578125,562.19677734375,944.6647338867188,802.8052978515625,20250225-162006
3761,175,0,0.9384765625,401.0857238769531,0.921844482421875,520.345947265625,670.018798828125,20250225-162006
3762,182,0,0.4931640625,636.5357666015625,694.6296997070312,321.58734130859375,296.8067321777344,20250225-162006
3762,177,0,0.5283203125,695.4789428710938,569.0802612304688,224.124755859375,184.6558837890625,20250225-162006
3762,172,0,0.67041015625,627.3436889648438,456.3390197753906,132.0164794921875,358.86480712890625,20250225-162006
3762,176,0,0.693359375,843.5262451171875,1474.3780517578125,95.2335205078125,152.0358428955078,20250225-162006
3762,163,0,0.732421875,820.0732421875,1335.1754150390625,130.88388061523438,157.5399169921875,20250225-162006
3762,165,0,0.7607421875,805.3462524414062,1535.5052490234375,357.8529052734375,269.7889404296875,20250225-162006
3762,173,0,0.90087890625,269.5791015625,558.5169067382812,949.153564453125,803.64404296875,20250225-162006
3762,175,0,0.93359375,403.8122253417969,0.921661376953125,521.3013916015625,667.4345703125,20250225-162006
3763,172,0,0.39892578125,618.6011962890625,462.8844909667969,124.72727966308594,374.6233215332031,20250225-162006
3763,182,0,0.422607421875,635.1887817382812,804.0357666015625,215.29888916015625,308.5469055175781,20250225-162006
3763,177,0,0.62353515625,694.1151123046875,568.662841796875,225.63088989257812,184.58155822753906,20250225-162006
3763,176,0,0.6748046875,843.6412353515625,1472.9447021484375,97.16162109375,153.27386474609375,20250225-162006
3763,163,0,0.7138671875,819.9965209960938,1337.9263916015625,127.4571533203125,158.89535522460938,20250225-162006
3763,165,0,0.7578125,804.5798950195312,1531.5238037109375,363.041015625,270.6521301269531,20250225-162006
3763,173,0,0.9013671875,268.2950439453125,559.081787109375,949.004150390625,805.0192260742188,20250225-162006
3763,175,0,0.93310546875,404.4668273925781,0.9412994384765625,524.5457763671875,666.44580078125,20250225-162006
3764,172,0,0.291015625,721.7854614257812,470.0210266113281,117.10047912597656,276.0876159667969,20250225-162006
3764,177,0,0.439697265625,695.086181640625,569.1251220703125,225.70989990234375,189.80984497070312,20250225-162006
3764,182,0,0.595703125,637.2073974609375,797.9082641601562,220.8731689453125,305.7931213378906,20250225-162006
3764,176,0,0.68408203125,843.8450317382812,1471.643310546875,98.080078125,153.6013946533203,20250225-162006
3764,163,0,0.73193359375,819.8963012695312,1336.310791015625,129.21707153320312,158.234375,20250225-162006
3764,165,0,0.7724609375,804.4859008789062,1539.437744140625,352.8980712890625,270.9170227050781,20250225-162006
3764,173,0,0.89990234375,268.65484619140625,559.3134155273438,948.3826904296875,804.6556396484375,20250225-162006
3764,175,0,0.9306640625,405.58416748046875,0.947662353515625,525.0869750976562,664.5315551757812,20250225-162006
3765,172,0,0.2088623046875,727.8321533203125,470.9927673339844,115.82991027832031,327.95184326171875,20250225-162006
3765,182,0,0.4716796875,638.198974609375,797.3779907226562,221.94525146484375,307.3031311035156,20250225-162006
3765,176,0,0.63427734375,845.807373046875,1472.1712646484375,103.842041015625,155.45526123046875,20250225-162006
3765,177,0,0.67236328125,695.8580322265625,567.9351806640625,224.72579956054688,188.93771362304688,20250225-162006
3765,163,0,0.69189453125,821.0618896484375,1332.09521484375,133.65499877929688,161.00592041015625,20250225-162006
3765,165,0,0.75146484375,806.7769775390625,1542.6229248046875,350.6671142578125,268.9695129394531,20250225-162006
3765,173,0,0.90869140625,268.78350830078125,562.9642333984375,944.1721801757812,804.0686645507812,20250225-162006
3765,175,0,0.9208984375,408.58685302734375,0.7646484375,529.53564453125,661.8876342773438,20250225-162006
3766,177,0,0.59814453125,695.744384765625,617.685302734375,175.77520751953125,189.7888641357422,20250225-162006
3766,163,0,0.6806640625,823.1968383789062,1329.963134765625,134.00546264648438,160.2318115234375,20250225-162006
3766,176,0,0.68603515625,847.7828369140625,1469.139404296875,102.76171875,149.15579223632812,20250225-162006
3766,182,0,0.72265625,640.8258056640625,801.2274169921875,218.42587280273438,304.4920959472656,20250225-162006
3766,165,0,0.75830078125,808.5635375976562,1545.9979248046875,348.53375244140625,267.35247802734375,20250225-162006
3766,173,0,0.90673828125,271.8352355957031,563.0571899414062,943.4267578125,801.8237915039062,20250225-162006
3766,175,0,0.92724609375,413.627685546875,0.974945068359375,531.3668212890625,656.0044555664062,20250225-162006
3767,177,0,0.6376953125,696.5507202148438,575.0062866210938,223.9541015625,194.26695251464844,20250225-162006
3767,163,0,0.65234375,823.1039428710938,1309.1923828125,156.95278930664062,159.25411987304688,20250225-162006
3767,176,0,0.6591796875,847.4566650390625,1476.5972900390625,93.0970458984375,146.2388458251953,20250225-162006
3767,182,0,0.72705078125,641.50439453125,801.3966064453125,218.04144287109375,304.20489501953125,20250225-162006
3767,165,0,0.8076171875,807.8807373046875,1537.6593017578125,356.28900146484375,267.16827392578125,20250225-162006
3767,173,0,0.9091796875,273.4755554199219,564.6307983398438,941.9439697265625,799.9925537109375,20250225-162006
3767,175,0,0.9189453125,418.66082763671875,0.6603240966796875,524.9686279296875,651.8152465820312,20250225-162006
3768,182,0,0.56982421875,638.3992309570312,805.6226806640625,214.08700561523438,306.9056396484375,20250225-162006
3768,177,0,0.65673828125,694.9400024414062,568.0662231445312,224.36627197265625,187.74072265625,20250225-162006
3768,176,0,0.658203125,844.6563720703125,1479.251708984375,91.34381103515625,155.66812133789062,20250225-162006
3768,163,0,0.74169921875,820.0615844726562,1335.97509765625,129.951416015625,158.7545928955078,20250225-162006
3768,165,0,0.7734375,807.9855346679688,1534.7369384765625,357.3680419921875,267.330078125,20250225-162006
3768,173,0,0.90576171875,271.42718505859375,560.0546264648438,948.3350830078125,801.8792724609375,20250225-162006
3768,175,0,0.93310546875,412.22076416015625,1.1531982421875,531.8426513671875,658.4085693359375,20250225-162006
3769,176,0,0.5849609375,842.7075805664062,1471.125732421875,101.19140625,153.83726501464844,20250225-162006
3769,177,0,0.625,693.4757690429688,573.8690185546875,222.19482421875,190.94598388671875,20250225-162006
3769,182,0,0.6416015625,636.9705810546875,798.0536499023438,221.21347045898438,306.56390380859375,20250225-162006
3769,163,0,0.69287109375,819.3074951171875,1338.219970703125,131.05984497070312,160.21482849121094,20250225-162006
3769,165,0,0.775390625,804.0792236328125,1558.239013671875,329.756103515625,270.073974609375,20250225-162006
3769,173,0,0.90380859375,268.64422607421875,560.8742065429688,949.1663818359375,804.8681030273438,20250225-162006
3769,175,0,0.931640625,410.6045227050781,0.9694976806640625,532.3104248046875,660.2155151367188,20250225-162006
3770,172,0,0.241455078125,730.6898803710938,473.71710205078125,113.37730407714844,278.6083068847656,20250225-162006
3770,182,0,0.448486328125,635.8145141601562,702.0343017578125,316.21759033203125,308.7655944824219,20250225-162006
3770,177,0,0.49609375,693.9486083984375,570.462890625,219.76849365234375,187.7673797607422,20250225-162006
3770,176,0,0.611328125,843.46728515625,1473.2861328125,96.41473388671875,151.64788818359375,20250225-162006
3770,163,0,0.7333984375,819.8084106445312,1335.622314453125,128.69723510742188,160.87152099609375,20250225-162006
3770,165,0,0.8076171875,804.3382568359375,1558.9530029296875,331.18524169921875,271.0135803222656,20250225-162006
3770,173,0,0.91064453125,267.4662780761719,560.956787109375,948.4022827148438,805.4666748046875,20250225-162006
3770,175,0,0.93115234375,406.8918762207031,0.76043701171875,534.321044921875,663.8698120117188,20250225-162006
3771,172,0,0.2049560546875,727.7142944335938,472.3685302734375,115.33790588378906,311.00115966796875,20250225-162006
3771,177,0,0.6162109375,695.2528076171875,616.4456176757812,173.91860961914062,188.89291381835938,20250225-162006
3771,182,0,0.62255859375,640.2025146484375,804.9970092773438,213.55242919921875,305.3447265625,20250225-162006
3771,163,0,0.68603515625,823.2989501953125,1332.88330078125,132.57467651367188,159.75958251953125,20250225-162006
3771,176,0,0.71923828125,847.2855224609375,1472.3455810546875,96.3270263671875,156.85971069335938,20250225-162006
3771,165,0,0.7958984375,808.0523071289062,1535.82275390625,356.3173828125,267.4410400390625,20250225-162006
3771,173,0,0.91064453125,269.92242431640625,559.6673583984375,948.7972412109375,803.1519165039062,20250225-162006
3771,175,0,0.91748046875,406.2388916015625,0.435516357421875,536.5307006835938,664.8079223632812,20250225-162006
3772,172,0,0.3115234375,701.1739501953125,469.4058837890625,117.62544250488281,339.36077880859375,20250225-162007
3772,177,0,0.5927734375,696.3928833007812,571.3859252929688,226.371826171875,192.84580993652344,20250225-162007
3772,163,0,0.68701171875,823.3836059570312,1301.3779296875,163.77914428710938,160.15499877929688,20250225-162007
3772,182,0,0.71630859375,640.6407470703125,800.406005859375,218.14865112304688,306.1282043457031,20250225-162007
3772,176,0,0.716796875,847.2781372070312,1470.7562255859375,97.31689453125,151.20114135742188,20250225-162007
3772,165,0,0.796875,808.5400390625,1532.3331298828125,360.1666259765625,266.6955261230469,20250225-162007
3772,173,0,0.9052734375,271.0632629394531,561.604248046875,946.629638671875,802.4420166015625,20250225-162007
3772,175,0,0.9248046875,404.8088073730469,0.9473419189453125,536.4808349609375,666.4563598632812,20250225-162007
3773,172,0,0.5263671875,630.9019775390625,463.81964111328125,123.2669677734375,407.0898132324219,20250225-162007
3773,177,0,0.58154296875,696.2717895507812,567.3528442382812,228.96240234375,193.92001342773438,20250225-162007
3773,163,0,0.716796875,823.6566162109375,1298.3216552734375,165.785888671875,157.1666259765625,20250225-162007
3773,176,0,0.71923828125,846.9305419921875,1471.3399658203125,97.56024169921875,152.03164672851562,20250225-162007
3773,182,0,0.7333984375,641.2652587890625,795.6412353515625,221.39584350585938,305.7684326171875,20250225-162007
3773,165,0,0.75048828125,808.610595703125,1533.4205322265625,358.1659240722656,266.97259521484375,20250225-162007
3773,173,0,0.90966796875,271.90045166015625,562.5269165039062,948.147216796875,799.9308471679688,20250225-162007
3773,175,0,0.93701171875,402.9680480957031,0.939788818359375,530.965087890625,668.662109375,20250225-162007
3774,182,0,0.4697265625,641.8087768554688,802.292724609375,214.8717041015625,305.25714111328125,20250225-162007
3774,177,0,0.55712890625,696.1840209960938,566.3997802734375,219.63702392578125,187.8560791015625,20250225-162007
3774,172,0,0.6279296875,629.5341796875,456.1299133300781,131.0416717529297,407.6977844238281,20250225-162007
3774,176,0,0.6748046875,846.175048828125,1470.4654541015625,97.9061279296875,150.9629669189453,20250225-162007
3774,163,0,0.72314453125,821.4273071289062,1331.140625,131.41873168945312,158.8534698486328,20250225-162007
3774,165,0,0.76220703125,808.1864013671875,1540.1260986328125,352.16693115234375,267.7279052734375,20250225-162007
3774,173,0,0.90576171875,270.17767333984375,558.0006103515625,952.3720092773438,803.1529541015625,20250225-162007
3774,175,0,0.94091796875,400.3188781738281,0.7408905029296875,527.1385498046875,671.2462158203125,20250225-162007
3775,182,0,0.48828125,637.4738159179688,805.6261596679688,212.3642578125,307.3902587890625,20250225-162007
3775,172,0,0.62158203125,622.1671142578125,451.83612060546875,135.83084106445312,336.9601135253906,20250225-162007
3775,177,0,0.66552734375,695.7193603515625,572.7164306640625,215.79336547851562,186.03904724121094,20250225-162007
3775,176,0,0.6884765625,843.2027587890625,1473.0985107421875,96.131103515625,152.4008026123047,20250225-162007
3775,163,0,0.71240234375,818.7756958007812,1331.523681640625,130.94073486328125,158.80746459960938,20250225-162007
3775,165,0,0.759765625,804.7916259765625,1535.8773193359375,355.456787109375,270.51739501953125,20250225-162007
3775,173,0,0.908203125,270.3491516113281,556.4942626953125,957.3988037109375,802.524169921875,20250225-162007
3775,175,0,0.9384765625,397.84136962890625,0.52496337890625,527.0382690429688,673.5098266601562,20250225-162007
3776,177,0,0.5078125,693.085205078125,567.9116821289062,230.197998046875,194.9640655517578,20250225-162007
3776,176,0,0.65771484375,842.944580078125,1469.657958984375,100.3524169921875,152.5261993408203,20250225-162007
3776,163,0,0.71484375,818.812255859375,1334.21240234375,127.49569702148438,157.17050170898438,20250225-162007
3776,172,0,0.72119140625,620.650146484375,450.48907470703125,137.6754913330078,353.0597229003906,20250225-162007
3776,182,0,0.7392578125,636.9666137695312,797.0797119140625,221.02963256835938,308.3548278808594,20250225-162007
3776,165,0,0.7568359375,803.9788208007812,1533.1475830078125,360.245361328125,270.5502624511719,20250225-162007
3776,173,0,0.90576171875,269.4463806152344,563.6914672851562,959.6259155273438,801.5870361328125,20250225-162007
3776,175,0,0.93896484375,394.59063720703125,0.341766357421875,526.1453247070312,676.1605834960938,20250225-162007
3777,177,0,0.5458984375,693.0803833007812,568.658203125,217.71981811523438,187.05047607421875,20250225-162007
3777,182,0,0.56494140625,635.6607666015625,802.2789916992188,215.12457275390625,311.47369384765625,20250225-162007
3777,176,0,0.70263671875,842.759765625,1471.9178466796875,96.604248046875,152.36630249023438,20250225-162007
3777,163,0,0.732421875,819.314697265625,1335.0556640625,126.98602294921875,154.54287719726562,20250225-162007
3777,172,0,0.7470703125,616.84130859375,446.9524841308594,141.52565002441406,366.3585205078125,20250225-162007
3777,165,0,0.78076171875,804.4055786132812,1523.9287109375,366.568359375,270.0332946777344,20250225-162007
3777,173,0,0.916015625,268.7677307128906,559.82373046875,961.0887451171875,802.5071411132812,20250225-162007
3777,175,0,0.94091796875,394.09075927734375,0.3418121337890625,524.5596923828125,677.0286865234375,20250225-162007
3778,177,0,0.525390625,695.6174926757812,564.0005493164062,219.12396240234375,186.3805694580078,20250225-162007
3778,172,0,0.673828125,621.5758666992188,445.0461730957031,138.17752075195312,382.9845886230469,20250225-162007
3778,176,0,0.70751953125,843.3263549804688,1468.486572265625,99.03607177734375,153.91322326660156,20250225-162007
3778,163,0,0.73876953125,819.1727294921875,1332.2628173828125,130.95098876953125,161.6600341796875,20250225-162007
3778,165,0,0.76123046875,804.1556396484375,1527.5496826171875,360.010986328125,270.5451965332031,20250225-162007
3778,182,0,0.78076171875,637.0468139648438,695.1041259765625,318.74188232421875,303.490478515625,20250225-162007
3778,173,0,0.91455078125,268.4881896972656,561.97802734375,961.510986328125,802.5853271484375,20250225-162007
3778,175,0,0.94140625,394.2284240722656,0.345428466796875,521.567138671875,676.6887817382812,20250225-162007
3779,182,0,0.4951171875,639.197509765625,703.3452758789062,310.25555419921875,309.2835998535156,20250225-162007
3779,177,0,0.52734375,696.8985595703125,562.7404174804688,223.88653564453125,189.1320037841797,20250225-162007
3779,163,0,0.6884765625,822.6697998046875,1323.8236083984375,137.70858764648438,160.72320556640625,20250225-162007
3779,176,0,0.689453125,846.4330444335938,1468.87548828125,100.14019775390625,163.3939971923828,20250225-162007
3779,172,0,0.7265625,622.6961669921875,443.0984802246094,138.93370056152344,390.55401611328125,20250225-162007
3779,165,0,0.72705078125,806.7182006835938,1529.6630859375,356.760498046875,269.02978515625,20250225-162007
3779,173,0,0.90576171875,270.9757080078125,558.1477661132812,958.1420288085938,802.081787109375,20250225-162007
3779,175,0,0.943359375,398.90899658203125,0.7182769775390625,519.7850341796875,671.6638793945312,20250225-162007
3780,182,0,0.55712890625,642.9171752929688,791.0927124023438,223.7786865234375,306.2015075683594,20250225-162007
3780,177,0,0.56298828125,699.5762329101562,562.5232543945312,228.48944091796875,189.6897735595703,20250225-162007
3780,172,0,0.6376953125,626.137939453125,445.7441711425781,137.05123901367188,351.5316162109375,20250225-162007
3780,163,0,0.662109375,822.7879028320312,1333.116455078125,130.92352294921875,159.62542724609375,20250225-162007
3780,165,0,0.7431640625,807.918701171875,1531.1048583984375,355.45751953125,267.73785400390625,20250225-162007
3780,176,0,0.744140625,848.0547485351562,1471.314453125,95.41021728515625,153.49110412597656,20250225-162007
3780,173,0,0.90185546875,272.6346435546875,560.080322265625,954.9580078125,800.974365234375,20250225-162007
3780,175,0,0.94189453125,400.7732238769531,0.540435791015625,520.014404296875,670.5601196289062,20250225-162007
3781,176,0,0.57763671875,844.1377563476562,1472.9622802734375,96.4896240234375,157.53305053710938,20250225-162007
3781,172,0,0.62890625,629.2151489257812,448.6314697265625,135.2489776611328,367.4300231933594,20250225-162007
3781,182,0,0.63232421875,639.8610229492188,789.4041748046875,227.16064453125,310.4562072753906,20250225-162007
3781,163,0,0.70654296875,819.8853149414062,1321.2509765625,141.39212036132812,157.67466735839844,20250225-162007
3781,165,0,0.708984375,805.20703125,1555.2337646484375,333.7283935546875,268.3116149902344,20250225-162007
3781,177,0,0.73876953125,698.2478637695312,564.3656616210938,228.182373046875,189.64505004882812,20250225-162007
3781,173,0,0.9091796875,272.94537353515625,561.2059936523438,958.8922119140625,798.4400024414062,20250225-162007
3781,175,0,0.94482421875,400.86895751953125,0.546295166015625,520.46337890625,670.3416137695312,20250225-162007
3782,182,0,0.4560546875,634.9063110351562,799.8059692382812,216.68307495117188,309.3028564453125,20250225-162007
3782,177,0,0.5234375,694.0008544921875,571.1182861328125,217.37420654296875,186.7179718017578,20250225-162007
3782,176,0,0.591796875,841.208740234375,1475.7938232421875,91.8812255859375,163.70779418945312,20250225-162007
3782,172,0,0.5947265625,630.9622802734375,449.2616271972656,135.794677734375,421.4287109375,20250225-162007
3782,163,0,0.70751953125,818.3963623046875,1330.499267578125,132.24160766601562,152.8141632080078,20250225-162007
3782,165,0,0.78857421875,802.6323852539062,1531.2333984375,348.557373046875,272.4139099121094,20250225-162007
3782,173,0,0.9140625,268.9813537597656,560.3677978515625,965.668212890625,802.297119140625,20250225-162007
3782,175,0,0.93994140625,400.61785888671875,0.741119384765625,520.1162109375,670.5195922851562,20250225-162007
3783,177,0,0.373046875,690.6912231445312,565.7953491210938,220.31011962890625,188.66683959960938,20250225-162007
3783,172,0,0.537109375,630.003662109375,455.97308349609375,127.56687927246094,349.9573059082031,20250225-162007
3783,182,0,0.6279296875,635.0718994140625,695.1097412109375,318.711181640625,298.7587890625,20250225-162007
3783,176,0,0.67041015625,840.8477783203125,1477.231689453125,90.96844482421875,151.30233764648438,20250225-162007
3783,163,0,0.7001953125,818.1859130859375,1327.7318115234375,136.02658081054688,155.72312927246094,20250225-162007
3783,165,0,0.755859375,800.8868408203125,1542.708984375,336.78057861328125,274.77252197265625,20250225-162007
3783,173,0,0.91796875,265.92340087890625,558.9810791015625,969.0042114257812,805.1409301757812,20250225-162007
3783,175,0,0.9375,401.0867919921875,0.5591583251953125,522.3016967773438,670.2158203125,20250225-162007
3784,172,0,0.450439453125,718.3721923828125,461.7711181640625,122.04753112792969,291.7425842285156,20250225-162007
3784,182,0,0.45703125,635.8394165039062,797.5517578125,218.8765869140625,311.52557373046875,20250225-162007
3784,177,0,0.517578125,694.0228881835938,571.7950439453125,216.66824340820312,188.67001342773438,20250225-162007
3784,176,0,0.607421875,843.4034423828125,1470.7781982421875,96.722900390625,161.346923828125,20250225-162007
3784,163,0,0.71923828125,818.4013061523438,1326.0699462890625,136.13351440429688,158.42697143554688,20250225-162007
3784,165,0,0.775390625,804.2757568359375,1547.2276611328125,339.134765625,271.02447509765625,20250225-162007
3784,173,0,0.91650390625,268.1250305175781,560.7227783203125,968.9820556640625,802.5498046875,20250225-162007
3784,175,0,0.93212890625,401.7801513671875,0.93365478515625,523.7158813476562,668.9120483398438,20250225-162007
3785,172,0,0.3486328125,724.3848266601562,465.77984619140625,118.16510009765625,278.14892578125,20250225-162007
3785,182,0,0.56298828125,639.5816040039062,795.2352905273438,221.21319580078125,308.0676574707031,20250225-162007
3785,177,0,0.587890625,697.1002197265625,563.4542236328125,227.58270263671875,189.76611328125,20250225-162007
3785,176,0,0.67724609375,846.0343017578125,1471.086181640625,96.4639892578125,160.50433349609375,20250225-162007
3785,163,0,0.7041015625,822.9541015625,1332.6727294921875,132.35751342773438,157.9086456298828,20250225-162007
3785,165,0,0.751953125,807.208984375,1530.18798828125,357.2723693847656,267.9349060058594,20250225-162007
3785,173,0,0.91650390625,273.0063781738281,563.3717651367188,962.9855346679688,798.825439453125,20250225-162007
3785,175,0,0.92431640625,406.2603454589844,0.759429931640625,529.9950561523438,664.173828125,20250225-162007
3786,172,0,0.341552734375,726.6339111328125,466.2861328125,116.60421752929688,270.1663513183594,20250225-162007
3786,182,0,0.4697265625,640.809326171875,790.44580078125,225.07342529296875,303.70196533203125,20250225-162007
3786,177,0,0.65380859375,697.4828491210938,563.1095581054688,223.84716796875,189.63088989257812,20250225-162007
3786,176,0,0.67919921875,847.0507202148438,1467.7880859375,98.9285888671875,163.1156463623047,20250225-162007
3786,163,0,0.716796875,822.65478515625,1330.875244140625,133.7237548828125,157.20233154296875,20250225-162007
3786,165,0,0.806640625,806.8099365234375,1521.2999267578125,364.56884765625,268.0652160644531,20250225-162007
3786,173,0,0.91943359375,274.72686767578125,563.6434936523438,964.9308471679688,797.4050903320312,20250225-162007
3786,175,0,0.92236328125,410.77349853515625,0.9454193115234375,527.8604125976562,659.9478759765625,20250225-162007
3787,182,0,0.442626953125,638.0755004882812,697.6591186523438,317.02716064453125,304.3116455078125,20250225-162007
3787,172,0,0.4658203125,724.9714965820312,467.55743408203125,114.80909729003906,271.08233642578125,20250225-162007
3787,177,0,0.62890625,696.1005859375,562.1464233398438,226.72137451171875,188.93771362304688,20250225-162007
3787,176,0,0.65771484375,845.1589965820312,1464.7620849609375,103.16455078125,164.8231658935547,20250225-162007
3787,163,0,0.740234375,820.821533203125,1327.7215576171875,134.08804321289062,158.89663696289062,20250225-162007
3787,165,0,0.7626953125,803.4132080078125,1525.7523193359375,364.29052734375,271.9098205566406,20250225-162007
3787,173,0,0.91650390625,275.03192138671875,564.3670654296875,961.91015625,796.5341186523438,20250225-162007
3787,175,0,0.93212890625,411.1813049316406,0.75567626953125,525.110107421875,659.5618286132812,20250225-162007
3788,172,0,0.373779296875,724.95849609375,467.81097412109375,115.00909423828125,270.37078857421875,20250225-162007
3788,182,0,0.4833984375,636.1298828125,790.3607177734375,225.03094482421875,310.8935241699219,20250225-162007
3788,176,0,0.58056640625,842.7018432617188,1471.5501708984375,96.538330078125,164.57803344726562,20250225-162007
3788,177,0,0.7138671875,695.0196533203125,566.7559204101562,222.6126708984375,190.71337890625,20250225-162007
3788,163,0,0.72265625,820.4697875976562,1321.947509765625,140.25686645507812,155.26693725585938,20250225-162007
3788,165,0,0.75,802.7112426757812,1538.4429931640625,347.042724609375,272.608642578125,20250225-162007
3788,173,0,0.92138671875,275.9472961425781,561.2763061523438,961.9696655273438,795.6220092773438,20250225-162007
3788,175,0,0.9306640625,408.102294921875,0.755859375,525.5868530273438,662.6087646484375,20250225-162007
3789,172,0,0.37841796875,724.193359375,467.3592224121094,116.09925842285156,298.4005126953125,20250225-162007
3789,182,0,0.4130859375,636.6072387695312,791.9842529296875,223.71084594726562,309.1138916015625,20250225-162007
3789,176,0,0.62060546875,843.338623046875,1473.5635986328125,92.67572021484375,155.93255615234375,20250225-162007
3789,177,0,0.64404296875,694.8050537109375,563.7203979492188,227.3551025390625,190.0264434814453,20250225-162007
3789,163,0,0.72119140625,820.5453491210938,1331.511962890625,130.80514526367188,155.0357208251953,20250225-162007
3789,165,0,0.79052734375,801.0296630859375,1548.8140869140625,334.9412841796875,272.13751220703125,20250225-162007
3789,173,0,0.91845703125,274.8976745605469,563.0912475585938,968.6041259765625,796.5472412109375,20250225-162007
3789,175,0,0.93505859375,406.4237060546875,0.944000244140625,524.0487670898438,664.36083984375,20250225-162007
3790,172,0,0.375732421875,723.1338500976562,467.2967834472656,116.64189147949219,272.9811706542969,20250225-162007
3790,182,0,0.5078125,637.3278198242188,694.2296142578125,321.16656494140625,304.85589599609375,20250225-162007
3790,177,0,0.5888671875,696.4594116210938,569.8743896484375,215.27188110351562,186.21859741210938,20250225-162007
3790,176,0,0.58984375,843.5451049804688,1486.656494140625,80.07421875,155.51095581054688,20250225-162007
3790,163,0,0.7578125,821.6017456054688,1330.437255859375,131.7183837890625,155.4855499267578,20250225-162007
3790,165,0,0.7958984375,801.7623291015625,1548.6712646484375,341.76287841796875,270.930419921875,20250225-162007
3790,173,0,0.91748046875,275.3409729003906,563.739501953125,969.1316528320312,796.1709594726562,20250225-162007
3790,175,0,0.931640625,406.8554382324219,0.75238037109375,525.1690063476562,663.977294921875,20250225-162007
3791,172,0,0.39892578125,722.6229858398438,466.1695861816406,117.45533752441406,312.6027526855469,20250225-162007
3791,182,0,0.404541015625,639.142333984375,793.1398315429688,223.31011962890625,308.60302734375,20250225-162007
3791,177,0,0.65234375,697.3213500976562,570.6740112304688,218.23773193359375,187.7659149169922,20250225-162007
3791,176,0,0.6982421875,845.0867309570312,1474.537353515625,91.69189453125,152.19256591796875,20250225-162007
3791,163,0,0.7294921875,822.744140625,1329.6513671875,132.9627685546875,155.3536376953125,20250225-162007
3791,165,0,0.794921875,802.3609008789062,1528.8837890625,361.6966552734375,272.4257507324219,20250225-162007
3791,173,0,0.9208984375,277.78173828125,564.019775390625,975.5381469726562,794.3987426757812,20250225-162007
3791,175,0,0.93505859375,405.77587890625,0.75054931640625,525.7886962890625,665.2369995117188,20250225-162007
3792,172,0,0.4736328125,708.6359252929688,462.6347351074219,121.44882202148438,304.15631103515625,20250225-162007
3792,177,0,0.56591796875,697.636962890625,616.5800170898438,171.314208984375,187.11471557617188,20250225-162007
3792,182,0,0.6123046875,639.4843139648438,796.5921020507812,218.63626098632812,308.8836975097656,20250225-162007
3792,176,0,0.62451171875,843.7578125,1477.6856689453125,87.8367919921875,165.1518096923828,20250225-162007
3792,163,0,0.6943359375,823.0982666015625,1324.282958984375,141.610107421875,156.5936279296875,20250225-162007
3792,165,0,0.7607421875,801.2272338867188,1551.3841552734375,334.24383544921875,272.20654296875,20250225-162007
3792,173,0,0.91796875,277.66339111328125,563.056640625,975.55517578125,795.0457763671875,20250225-162007
3792,175,0,0.9345703125,404.60791015625,0.7425384521484375,524.890380859375,666.683349609375,20250225-162007
3793,177,0,0.478515625,695.218017578125,571.9613037109375,214.47262573242188,186.34365844726562,20250225-162007
3793,182,0,0.482421875,636.8486328125,696.9190063476562,316.2835693359375,303.6781921386719,20250225-162007
3793,172,0,0.5361328125,622.467041015625,456.3614501953125,127.10316467285156,370.34735107421875,20250225-162007
3793,176,0,0.6953125,842.6182250976562,1481.596923828125,90.23455810546875,149.01022338867188,20250225-162007
3793,163,0,0.72802734375,821.560546875,1330.437255859375,132.829833984375,152.4862823486328,20250225-162007
3793,165,0,0.767578125,801.2905883789062,1522.1121826171875,370.025390625,274.03936767578125,20250225-162007
3793,173,0,0.9189453125,278.25897216796875,562.2213134765625,983.0350341796875,794.206787109375,20250225-162007
3793,175,0,0.93798828125,402.5820617675781,0.743133544921875,523.1103515625,668.8687133789062,20250225-162007
3794,185,0,0.2166748046875,738.9737548828125,980.8333740234375,66.41812133789062,124.81584167480469,20250225-162007
3794,182,0,0.5166015625,636.5578002929688,694.3138427734375,318.38153076171875,301.15655517578125,20250225-162007
3794,177,0,0.5546875,694.193115234375,560.4900512695312,224.7652587890625,186.40725708007812,20250225-162007
3794,163,0,0.58984375,821.68603515625,1328.7412109375,133.35818481445312,153.31979370117188,20250225-162007
3794,176,0,0.6396484375,843.0684814453125,1478.0628662109375,89.4517822265625,145.25445556640625,20250225-162007
3794,172,0,0.658203125,624.1770629882812,450.75274658203125,132.93301391601562,364.4752197265625,20250225-162007
3794,165,0,0.7470703125,799.6192016601562,1525.7135009765625,360.39404296875,276.0520935058594,20250225-162007
3794,173,0,0.91552734375,276.5714416503906,561.9180908203125,979.8275756835938,795.843017578125,20250225-162007
3794,175,0,0.94091796875,401.98406982421875,0.736907958984375,520.0482177734375,669.607421875,20250225-162007
3795,185,0,0.203125,740.0764770507812,977.4442749023438,66.95022583007812,125.22808837890625,20250225-162007
3795,177,0,0.5517578125,698.9071044921875,557.0667114257812,224.58563232421875,185.67959594726562,20250225-162007
3795,182,0,0.56982421875,637.888671875,692.935791015625,318.727294921875,309.1564636230469,20250225-162007
3795,163,0,0.57177734375,821.2522583007812,1328.648193359375,131.31060791015625,159.00341796875,20250225-162007
3795,172,0,0.60302734375,620.3871459960938,445.5365295410156,135.96258544921875,423.5131530761719,20250225-162007
3795,176,0,0.62353515625,844.1563110351562,1480.969970703125,84.16204833984375,163.08465576171875,20250225-162007
3795,165,0,0.78076171875,800.2703247070312,1528.2249755859375,354.239501953125,275.65692138671875,20250225-162007
3795,173,0,0.9091796875,276.7125549316406,562.836181640625,974.3369750976562,795.7701416015625,20250225-162007
3795,175,0,0.93212890625,399.8422546386719,0.5445098876953125,520.5140380859375,671.5360717773438,20250225-162007
3796,163,0,0.3486328125,826.3833618164062,1324.0458984375,137.74612426757812,157.73362731933594,20250225-162007
3796,176,0,0.4619140625,848.8753051757812,1489.0283203125,78.6353759765625,147.14993286132812,20250225-162007
3796,172,0,0.5869140625,620.6660766601562,441.7966003417969,137.19561767578125,398.971923828125,20250225-162007
3796,182,0,0.5908203125,643.2171630859375,779.8641357421875,232.54119873046875,308.13568115234375,20250225-162007
3796,177,0,0.59716796875,700.825439453125,555.108642578125,236.408203125,190.9573211669922,20250225-162007
3796,165,0,0.72509765625,804.184814453125,1540.9713134765625,336.19793701171875,272.3169860839844,20250225-162007
3796,173,0,0.91845703125,278.7724914550781,571.133056640625,973.294921875,793.7355346679688,20250225-162007
3796,175,0,0.93115234375,401.7846984863281,0.731964111328125,521.4901123046875,669.599853515625,20250225-162007
3797,163,0,0.303955078125,827.3922729492188,1302.840087890625,157.68612670898438,157.84967041015625,20250225-162008
3797,176,0,0.515625,850.2444458007812,1483.45068359375,82.45147705078125,146.69863891601562,20250225-162008
3797,182,0,0.5166015625,643.5011596679688,780.4235229492188,232.6497802734375,306.65057373046875,20250225-162008
3797,177,0,0.5478515625,700.6652221679688,557.6109008789062,231.4595947265625,190.46932983398438,20250225-162008
3797,172,0,0.63232421875,623.5971069335938,440.78082275390625,140.3386688232422,376.9964599609375,20250225-162008
3797,165,0,0.73583984375,806.401611328125,1531.6497802734375,351.730224609375,269.6838073730469,20250225-162008
3797,173,0,0.91748046875,280.5537414550781,570.1640625,967.204833984375,792.4406127929688,20250225-162008
3797,175,0,0.935546875,401.7901611328125,0.9201507568359375,520.2159423828125,669.6846313476562,20250225-162008
3798,177,0,0.444580078125,697.9197387695312,629.9188842773438,158.94287109375,191.91519165039062,20250225-162009
3798,163,0,0.4765625,824.5756225585938,1310.554931640625,149.59515380859375,155.87298583984375,20250225-162009
3798,182,0,0.60302734375,641.419189453125,783.9688720703125,229.8299560546875,310.1995849609375,20250225-162009
3798,176,0,0.60400390625,846.27099609375,1484.52880859375,81.689208984375,157.66238403320312,20250225-162009
3798,172,0,0.638671875,619.4448852539062,440.1671447753906,141.0945281982422,401.2236328125,20250225-162009
3798,165,0,0.7880859375,802.6192626953125,1527.0855712890625,352.4451599121094,273.5814514160156,20250225-162009
3798,173,0,0.9072265625,281.49298095703125,563.2186889648438,970.2330322265625,790.7406005859375,20250225-162009
3798,175,0,0.9404296875,399.14013671875,0.73333740234375,519.4898071289062,672.0165405273438,20250225-162009
3799,177,0,0.478515625,694.2918090820312,630.356201171875,159.72207641601562,188.27923583984375,20250225-162010
3799,182,0,0.4833984375,635.982666015625,694.7283325195312,318.459228515625,301.40399169921875,20250225-162010
3799,163,0,0.552734375,817.201171875,1305.8494873046875,156.387451171875,152.90118408203125,20250225-162010
3799,172,0,0.6103515625,613.3057861328125,440.0871276855469,142.85879516601562,347.5236511230469,20250225-162010
3799,176,0,0.63330078125,842.3209228515625,1488.46875,80.357666015625,157.19418334960938,20250225-162010
3799,165,0,0.744140625,798.6741943359375,1529.01171875,365.9654846191406,276.76312255859375,20250225-162010
3799,173,0,0.91748046875,273.69122314453125,561.100341796875,970.0076293945312,797.64404296875,20250225-162010
3799,175,0,0.9423828125,391.66192626953125,0.3441925048828125,520.001220703125,678.2770385742188,20250225-162010
3800,177,0,0.51953125,692.08740234375,634.746826171875,157.95355224609375,190.6715087890625,20250225-162011
3800,163,0,0.57373046875,817.4526977539062,1304.34716796875,160.02529907226562,151.86392211914062,20250225-162011
3800,176,0,0.6826171875,841.74267578125,1484.7205810546875,82.0718994140625,151.870361328125,20250225-162011
3800,172,0,0.72802734375,611.7688598632812,438.3629150390625,145.87330627441406,374.563232421875,20250225-162011
3800,182,0,0.7607421875,632.27587890625,786.076904296875,228.70541381835938,311.7142333984375,20250225-162011
3800,165,0,0.8056640625,797.941162109375,1519.584716796875,369.0303955078125,279.13934326171875,20250225-162011
3800,173,0,0.92041015625,270.2893371582031,559.640869140625,963.9772338867188,801.283447265625,20250225-162011
3800,175,0,0.94189453125,390.2915954589844,0.5386505126953125,521.19384765625,680.1820678710938,20250225-162011
3801,177,0,0.53125,697.5379638671875,563.8934326171875,229.3927001953125,193.0352783203125,20250225-162012
3801,163,0,0.5556640625,822.7398681640625,1333.092041015625,133.04498291015625,161.7327423095703,20250225-162012
3801,176,0,0.6376953125,844.3453369140625,1483.1209716796875,85.308837890625,162.20849609375,20250225-162012
3801,182,0,0.67138671875,637.6283569335938,788.7828369140625,227.84976196289062,311.88909912109375,20250225-162012
3801,172,0,0.708984375,616.53466796875,439.2763366699219,144.14218139648438,381.09893798828125,20250225-162012
3801,165,0,0.75439453125,801.9619750976562,1528.1336669921875,366.8914489746094,273.54266357421875,20250225-162012
3801,173,0,0.90966796875,273.63226318359375,566.0020751953125,960.123779296875,797.5689697265625,20250225-162012
3801,175,0,0.94287109375,394.01812744140625,0.346160888671875,520.666748046875,676.448974609375,20250225-162012
3802,177,0,0.449462890625,699.78857421875,636.1576538085938,154.51336669921875,190.2449188232422,20250225-162013
3802,182,0,0.52734375,644.583984375,799.3452758789062,218.55917358398438,306.8042297363281,20250225-162013
3802,163,0,0.583984375,825.3295288085938,1337.55322265625,131.28158569335938,155.57301330566406,20250225-162013
3802,172,0,0.673828125,617.7737426757812,442.6462097167969,141.54112243652344,451.5731201171875,20250225-162013
3802,176,0,0.72412109375,849.2011108398438,1479.695556640625,86.78192138671875,141.908935546875,20250225-162013
3802,165,0,0.806640625,806.2816162109375,1527.3486328125,365.580322265625,269.2177429199219,20250225-162013
3802,173,0,0.91650390625,276.9598388671875,562.85791015625,956.60009765625,796.2160034179688,20250225-162013
3802,175,0,0.93115234375,400.77716064453125,0.721343994140625,521.3014526367188,670.4756469726562,20250225-162013
3803,182,0,0.421630859375,642.93408203125,789.9263305664062,230.06295776367188,307.67547607421875,20250225-162014
3803,163,0,0.4716796875,824.1632690429688,1319.538818359375,151.18203735351562,161.44769287109375,20250225-162014
3803,177,0,0.482421875,702.9663696289062,630.0322265625,159.58291625976562,182.74778747558594,20250225-162014
3803,172,0,0.615234375,631.9876708984375,446.6514587402344,140.14242553710938,394.0801086425781,20250225-162014
3803,176,0,0.64892578125,849.3861694335938,1486.4395751953125,81.328125,140.13670349121094,20250225-162014
3803,165,0,0.82568359375,804.9249877929688,1527.8016357421875,356.525390625,270.3087463378906,20250225-162014
3803,173,0,0.91455078125,276.8293762207031,569.5999755859375,957.473876953125,794.961181640625,20250225-162014
3803,175,0,0.93408203125,403.8085021972656,0.73590087890625,522.9127807617188,667.66796875,20250225-162014
3804,177,0,0.4638671875,698.5151977539062,626.2916259765625,167.76974487304688,188.9830322265625,20250225-162015
3804,163,0,0.626953125,822.5966186523438,1336.6680908203125,129.57147216796875,163.487548828125,20250225-162015
3804,172,0,0.6396484375,636.9330444335938,451.5458679199219,135.41519165039062,372.30023193359375,20250225-162015
3804,176,0,0.6611328125,846.5142822265625,1484.403076171875,83.161376953125,135.7886962890625,20250225-162015
3804,182,0,0.7001953125,641.6376953125,797.1578979492188,222.44686889648438,304.8350830078125,20250225-162015
3804,165,0,0.8173828125,803.6109619140625,1520.515625,368.4898681640625,271.09796142578125,20250225-162015
3804,173,0,0.9189453125,275.7879943847656,566.717529296875,960.0565795898438,795.6520385742188,20250225-162015
3804,175,0,0.93505859375,403.43377685546875,0.54986572265625,523.983154296875,668.0269165039062,20250225-162015
3805,177,0,0.46484375,697.85107421875,566.659423828125,235.20758056640625,194.10765075683594,20250225-162015
3805,172,0,0.5419921875,641.185791015625,453.17413330078125,135.8016357421875,362.8844299316406,20250225-162015
3805,163,0,0.62353515625,824.54541015625,1337.913818359375,138.36859130859375,156.03616333007812,20250225-162015
3805,182,0,0.73193359375,639.962646484375,787.4727172851562,233.78146362304688,306.0860595703125,20250225-162015
3805,176,0,0.7607421875,847.7393188476562,1488.449462890625,80.57281494140625,135.29525756835938,20250225-162015
3805,165,0,0.8603515625,804.062744140625,1527.7481689453125,364.3443603515625,270.4980773925781,20250225-162015
3805,173,0,0.9208984375,274.6231689453125,568.71533203125,964.21435546875,797.2302856445312,20250225-162015
3805,175,0,0.9365234375,401.6231689453125,0.5438690185546875,524.945556640625,669.7348022460938,20250225-162015
3806,177,0,0.5283203125,694.822509765625,570.1049194335938,218.5089111328125,188.27159118652344,20250225-162015
3806,182,0,0.64892578125,636.5346069335938,710.685791015625,309.43121337890625,301.4923095703125,20250225-162015
3806,176,0,0.72509765625,846.3601684570312,1490.185302734375,82.60546875,138.1144561767578,20250225-162015
3806,163,0,0.755859375,820.5551147460938,1291.766357421875,183.82369995117188,158.35581970214844,20250225-162015
3806,165,0,0.8447265625,803.18798828125,1528.3778076171875,371.6249084472656,270.05072021484375,20250225-162015
3806,173,0,0.90625,277.1651611328125,573.8882446289062,940.3209228515625,793.80322265625,20250225-162015
3806,175,0,0.91748046875,419.78729248046875,1.0287322998046875,556.0047607421875,650.7847290039062,20250225-162015
3807,176,0,0.71875,858.9856567382812,1424.89453125,175.78619384765625,159.0781707763672,20250225-162015
3807,177,0,0.7216796875,639.6867065429688,571.921630859375,122.10552978515625,374.6722106933594,20250225-162015
3807,165,0,0.78125,850.5941162109375,1656.705078125,262.15576171875,226.1002655029297,20250225-162015
3807,182,0,0.83203125,662.5814819335938,801.0584106445312,324.9194641113281,309.57806396484375,20250225-162015
3807,173,0,0.908203125,317.48968505859375,697.474365234375,941.9688720703125,758.067626953125,20250225-162015
3807,175,0,0.923828125,407.26837158203125,1.190277099609375,645.5279541015625,663.6356201171875,20250225-162015
3808,182,0,0.74560546875,656.6087646484375,803.2177734375,313.5795593261719,312.12530517578125,20250225-162015
3808,176,0,0.76611328125,849.6029663085938,1405.3267822265625,187.915283203125,156.99978637695312,20250225-162015
3808,165,0,0.83935546875,840.4599609375,1636.8065185546875,282.07672119140625,235.15882873535156,20250225-162015
3808,172,0,0.87255859375,599.3515625,457.66326904296875,210.8140869140625,392.4657897949219,20250225-162015
3808,173,0,0.9150390625,301.1871032714844,690.6406860351562,929.3140869140625,773.2542724609375,20250225-162015
3808,175,0,0.916015625,281.89373779296875,2.433929443359375,591.2774658203125,787.1752319335938,20250225-162015
3809,176,0,0.6513671875,836.1719970703125,1430.686279296875,158.02679443359375,164.4141845703125,20250225-162015
3809,182,0,0.73095703125,645.64453125,804.8624267578125,306.84722900390625,312.06182861328125,20250225-162015
3809,165,0,0.78857421875,824.3627319335938,1637.347412109375,281.38458251953125,250.2871856689453,20250225-162015
3809,175,0,0.865234375,414.6363525390625,2.49188232421875,932.9902954101562,655.96484375,20250225-162015
3809,173,0,0.9013671875,288.2239074707031,674.1234741210938,950.1578979492188,785.5684814453125,20250225-162015
3810,177,0,0.2322998046875,730.330810546875,559.4111328125,101.70973205566406,283.8357238769531,20250225-162015
3810,176,0,0.77392578125,846.9878540039062,1399.1502685546875,187.8134765625,159.1313018798828,20250225-162015
3810,182,0,0.8251953125,653.3915405273438,794.16650390625,316.5784606933594,312.07080078125,20250225-162015
3810,165,0,0.8466796875,828.6256103515625,1633.484375,285.4881591796875,246.18215942382812,20250225-162015
3810,173,0,0.91162109375,295.3601379394531,680.5402221679688,942.0408325195312,778.8433837890625,20250225-162015
3810,175,0,0.912109375,323.093505859375,0.9620819091796875,665.9208374023438,746.4404907226562,20250225-162015
3811,172,0,0.7041015625,604.6399536132812,430.6248779296875,225.40480041503906,386.21441650390625,20250225-162015
3811,176,0,0.7431640625,845.6420288085938,1389.0986328125,189.015380859375,160.1094207763672,20250225-162015
3811,165,0,0.81640625,824.793701171875,1627.93505859375,291.89117431640625,251.1349334716797,20250225-162015
3811,182,0,0.85400390625,653.7522583007812,785.0888671875,317.91650390625,314.0337219238281,20250225-162015
3811,173,0,0.9013671875,290.9931640625,672.9841918945312,942.5888671875,783.2389526367188,20250225-162015
3811,175,0,0.9365234375,386.7376403808594,0.7434539794921875,537.288330078125,683.73876953125,20250225-162015
3812,186,0,0.439697265625,721.3023681640625,655.1922607421875,214.73812866210938,187.31405639648438,20250225-162015
3812,187,0,0.732421875,884.64111328125,1585.390869140625,98.93939208984375,138.0343780517578,20250225-162015
3812,176,0,0.79296875,853.290771484375,1389.6375732421875,185.631591796875,155.35543823242188,20250225-162015
3812,165,0,0.826171875,840.3451538085938,1640.567138671875,278.247802734375,235.3561553955078,20250225-162015
3812,182,0,0.8330078125,662.1639404296875,793.591552734375,311.7594909667969,312.4512634277344,20250225-162015
3812,172,0,0.857421875,612.827880859375,446.7059326171875,210.10830688476562,387.67730712890625,20250225-162015
3812,173,0,0.90576171875,300.33135986328125,679.7653198242188,931.2976684570312,774.6024169921875,20250225-162015
3812,175,0,0.93994140625,398.8815612792969,0.91827392578125,541.8649291992188,671.8026123046875,20250225-162015
3813,172,0,0.43310546875,608.4484252929688,448.7659912109375,215.68817138671875,402.5854187011719,20250225-162015
3813,186,0,0.5849609375,719.2613525390625,655.9884033203125,217.22076416015625,190.2504119873047,20250225-162015
3813,187,0,0.70556640625,879.746337890625,1589.96923828125,95.49334716796875,153.3190155029297,20250225-162015
3813,182,0,0.7529296875,660.3648681640625,826.8665771484375,279.2492980957031,312.4865417480469,20250225-162015
3813,176,0,0.76708984375,849.5511474609375,1392.3702392578125,188.08740234375,158.3506622314453,20250225-162015
3813,165,0,0.8359375,837.6441650390625,1641.2713623046875,277.75433349609375,237.3776397705078,20250225-162015
3813,173,0,0.89892578125,299.2987365722656,676.7781372070312,937.1306762695312,774.8181762695312,20250225-162015
3813,175,0,0.92529296875,398.424072265625,0.738006591796875,546.6065673828125,672.1748657226562,20250225-162015
3814,186,0,0.5185546875,712.4385375976562,656.4786987304688,215.25668334960938,187.83595275878906,20250225-162015
3814,165,0,0.67919921875,828.9716796875,1674.1102294921875,244.87042236328125,244.30426025390625,20250225-162015
3814,187,0,0.70556640625,872.6883544921875,1591.9200439453125,95.6802978515625,157.8773956298828,20250225-162015
3814,182,0,0.7939453125,653.7059326171875,858.5051879882812,247.77877807617188,312.18182373046875,20250225-162015
3814,176,0,0.79833984375,841.343505859375,1395.217529296875,181.7274169921875,164.33538818359375,20250225-162015
3814,172,0,0.84423828125,601.7555541992188,449.7345886230469,208.45518493652344,383.8873291015625,20250225-162015
3814,173,0,0.91259765625,292.2385559082031,669.2633056640625,949.1341552734375,780.7119140625,20250225-162015
3814,175,0,0.94384765625,390.90008544921875,0.547576904296875,544.943603515625,679.4077758789062,20250225-162015
3815,186,0,0.374755859375,707.4270629882812,740.2738647460938,130.6548614501953,186.9786834716797,20250225-162015
3815,187,0,0.74755859375,868.9346313476562,1590.1717529296875,93.9803466796875,142.29122924804688,20250225-162015
3815,176,0,0.78125,839.3712768554688,1396.3048095703125,184.1707763671875,160.296875,20250225-162015
3815,172,0,0.78466796875,596.5173950195312,450.4309387207031,208.08316040039062,385.84710693359375,20250225-162015
3815,182,0,0.7939453125,647.6801147460938,795.422119140625,310.2850341796875,314.31317138671875,20250225-162015
3815,165,0,0.796875,825.3949584960938,1639.4091796875,279.4482421875,247.64566040039062,20250225-162015
3815,173,0,0.916015625,284.3277282714844,666.7384643554688,951.0763549804688,788.7442016601562,20250225-162015
3815,175,0,0.94482421875,383.0373840332031,0.734710693359375,546.4568481445312,687.4944458007812,20250225-162015
3816,186,0,0.356689453125,710.6694946289062,656.7977294921875,214.00442504882812,187.07936096191406,20250225-162015
3816,172,0,0.61767578125,600.2406005859375,450.8111572265625,206.19332885742188,309.83984375,20250225-162015
3816,187,0,0.7265625,871.6701049804688,1591.1796875,94.844970703125,164.0023651123047,20250225-162015
3816,182,0,0.7421875,650.3932495117188,857.4028930664062,248.23846435546875,315.9410095214844,20250225-162015
3816,176,0,0.76416015625,842.6138305664062,1395.7900390625,182.48382568359375,164.68316650390625,20250225-162015
3816,165,0,0.8173828125,827.5639038085938,1648.5032958984375,270.38836669921875,245.9314422607422,20250225-162015
3816,173,0,0.90576171875,284.4551696777344,669.8983154296875,944.9912109375,788.6433715820312,20250225-162015
3816,175,0,0.9267578125,384.5741882324219,0.74029541015625,547.082763671875,685.5216674804688,20250225-162015
3817,186,0,0.444580078125,717.5100708007812,744.5626831054688,128.3148193359375,192.77809143066406,20250225-162015
3817,172,0,0.59814453125,606.1487426757812,448.71087646484375,208.08920288085938,380.7080993652344,20250225-162015
3817,176,0,0.67919921875,849.126953125,1401.4288330078125,175.34033203125,163.89498901367188,20250225-162015
3817,187,0,0.73876953125,876.951904296875,1589.21044921875,94.42987060546875,153.61109924316406,20250225-162015
3817,182,0,0.82568359375,658.1041259765625,854.5245361328125,251.09967041015625,312.05975341796875,20250225-162015
3817,165,0,0.82666015625,832.947021484375,1637.977294921875,280.94219970703125,241.5438690185547,20250225-162015
3817,173,0,0.9111328125,290.2309875488281,676.185791015625,936.75732421875,784.2277221679688,20250225-162015
3817,175,0,0.93896484375,391.5980224609375,0.548858642578125,541.4912109375,678.9866943359375,20250225-162015
3818,186,0,0.363037109375,724.9115600585938,652.9088745117188,216.592529296875,195.56256103515625,20250225-162015
3818,172,0,0.57373046875,614.8125,447.54107666015625,207.57073974609375,388.2849426269531,20250225-162015
3818,187,0,0.69775390625,882.8494873046875,1590.1842041015625,90.6741943359375,141.40142822265625,20250225-162015
3818,176,0,0.79052734375,853.3558959960938,1384.327880859375,186.9195556640625,158.885986328125,20250225-162015
3818,182,0,0.8388671875,662.4458618164062,852.7313232421875,249.7774658203125,315.62451171875,20250225-162015
3818,165,0,0.841796875,837.8834838867188,1639.8790283203125,279.027099609375,236.68919372558594,20250225-162015
3818,173,0,0.90771484375,297.4161376953125,676.9209594726562,930.1777954101562,777.6740112304688,20250225-162015
3818,175,0,0.9365234375,400.35369873046875,0.3586578369140625,539.7032470703125,671.3267211914062,20250225-162015
3819,186,0,0.381103515625,733.24658203125,718.4154052734375,147.9613037109375,197.20004272460938,20250225-162015
3819,176,0,0.5908203125,859.947998046875,1380.4691162109375,192.05859375,169.71705627441406,20250225-162015
3819,187,0,0.6943359375,889.3442993164062,1588.877197265625,91.6776123046875,166.4893035888672,20250225-162015
3819,182,0,0.77880859375,671.7275390625,850.4482421875,248.8568115234375,314.6759948730469,20250225-162015
3819,172,0,0.8125,621.8441162109375,442.969482421875,207.2677459716797,382.76470947265625,20250225-162015
3819,165,0,0.87548828125,843.353271484375,1645.19140625,273.9913330078125,234.5972442626953,20250225-162015
3819,173,0,0.904296875,305.9342041015625,688.634765625,913.3276977539062,768.0723876953125,20250225-162015
3819,175,0,0.9365234375,410.3370361328125,0.53814697265625,535.2255859375,661.3334350585938,20250225-162015
3820,186,0,0.63427734375,748.4701538085938,736.5305786132812,131.193603515625,195.59182739257812,20250225-162015
3820,176,0,0.64697265625,871.2508544921875,1377.5460205078125,196.51025390625,179.69143676757812,20250225-162015
3820,187,0,0.70068359375,899.5621948242188,1589.543701171875,89.04730224609375,164.2842254638672,20250225-162015
3820,172,0,0.7822265625,640.0991821289062,440.0240478515625,206.9358673095703,418.97100830078125,20250225-162015
3820,182,0,0.8232421875,682.8920288085938,851.2285766601562,244.72897338867188,316.14532470703125,20250225-162015
3820,165,0,0.87548828125,851.474609375,1643.7315673828125,275.5257568359375,226.72982788085938,20250225-162015
3820,173,0,0.9111328125,315.4980773925781,689.5131225585938,900.2473754882812,758.2000732421875,20250225-162015
3820,175,0,0.9345703125,421.2255554199219,0.5364990234375,533.928466796875,650.8675537109375,20250225-162015
3821,186,0,0.5009765625,763.8737182617188,722.9258422851562,143.9190673828125,198.4130859375,20250225-162015
3821,176,0,0.57861328125,886.3623657226562,1380.1153564453125,205.4791259765625,172.5129852294922,20250225-162015
3821,187,0,0.6513671875,912.8368530273438,1589.4254150390625,85.81805419921875,161.70819091796875,20250225-162015
3821,182,0,0.81103515625,697.8614501953125,846.2744750976562,247.93817138671875,315.3222961425781,20250225-162015
3821,172,0,0.83544921875,656.1311645507812,435.5137023925781,209.3576202392578,414.3835144042969,20250225-162015
3821,165,0,0.86865234375,860.9913330078125,1636.984130859375,282.38397216796875,217.4703369140625,20250225-162015
3821,173,0,0.9013671875,326.9515686035156,704.0253295898438,876.5723876953125,746.7391967773438,20250225-162015
3821,175,0,0.94189453125,439.2364807128906,0.532745361328125,529.2332153320312,633.2550659179688,20250225-162015
3822,186,0,0.64697265625,782.7784423828125,709.1928100585938,152.2821807861328,200.4347381591797,20250225-162015
3822,176,0,0.67822265625,902.8236694335938,1363.8212890625,208.43316650390625,173.59463500976562,20250225-162015
3822,187,0,0.69775390625,927.4136352539062,1587.7064208984375,86.93829345703125,148.48460388183594,20250225-162015
3822,182,0,0.73193359375,716.6751098632812,843.7765502929688,246.31338500976562,311.8994445800781,20250225-162015
3822,172,0,0.833984375,675.8729248046875,431.8263244628906,206.7567901611328,398.9063720703125,20250225-162015
3822,165,0,0.869140625,874.2843627929688,1632.5244140625,286.6732177734375,204.42930603027344,20250225-162015
3822,173,0,0.875,340.5942077636719,730.7449340820312,837.674560546875,732.7366943359375,20250225-162015
3822,175,0,0.9326171875,458.3602600097656,0.533477783203125,525.0382080078125,614.2177734375,20250225-162015
3823,186,0,0.587890625,809.8275756835938,701.296142578125,156.8045654296875,194.8809814453125,20250225-162015
3823,176,0,0.66650390625,924.1354370117188,1358.1800537109375,214.54833984375,155.02627563476562,20250225-162015
3823,187,0,0.6953125,942.6854858398438,1591.184326171875,84.835693359375,135.7995147705078,20250225-162015
3823,173,0,0.7529296875,356.31005859375,804.0010986328125,748.11767578125,714.0943603515625,20250225-162015
3823,182,0,0.8076171875,734.7721557617188,837.922119140625,246.76821899414062,311.2571716308594,20250225-162015
3823,172,0,0.830078125,700.1460571289062,426.3292236328125,205.21051025390625,374.55340576171875,20250225-162015
3823,165,0,0.84130859375,890.3560791015625,1651.3553466796875,267.5870361328125,188.3049774169922,20250225-162015
3823,175,0,0.92529296875,479.68768310546875,0.56781005859375,520.9495849609375,593.0323486328125,20250225-162015
3824,187,0,0.60107421875,963.2136840820312,1596.7203369140625,76.922607421875,114.59375,20250225-162015
3824,186,0,0.63720703125,836.0490112304688,702.375732421875,150.17010498046875,196.3986358642578,20250225-162015
3824,176,0,0.67578125,938.0283203125,1358.8795166015625,205.8790283203125,141.4707794189453,20250225-162015
3824,182,0,0.765625,760.0757446289062,838.1641845703125,219.42489624023438,306.91278076171875,20250225-162015
3824,172,0,0.7822265625,723.6288452148438,422.853271484375,207.97146606445312,352.6388244628906,20250225-162015
3824,165,0,0.8369140625,907.5347290039062,1653.7738037109375,265.0594482421875,171.352294921875,20250225-162015
3824,173,0,0.86279296875,375.4013366699219,919.0872802734375,618.2221069335938,695.1213989257812,20250225-162015
3824,175,0,0.89794921875,509.6220397949219,0.9152069091796875,510.7669372558594,562.8085327148438,20250225-162015
3825,186,0,0.517578125,859.6450805664062,728.99267578125,118.8603515625,194.3098602294922,20250225-162015
3825,187,0,0.67236328125,989.4690551757812,1605.3453369140625,66.12030029296875,89.67066955566406,20250225-162015
3825,182,0,0.74609375,781.462158203125,835.8392944335938,216.31631469726562,294.9508056640625,20250225-162015
3825,172,0,0.7724609375,751.426025390625,422.5805969238281,207.1281280517578,324.4065246582031,20250225-162015
3825,165,0,0.78515625,930.2489624023438,1658.070556640625,260.42523193359375,149.33106994628906,20250225-162015
3825,175,0,0.8427734375,534.861328125,0.5284881591796875,498.4913635253906,538.7705688476562,20250225-162015
3825,173,0,0.85986328125,400.0875244140625,977.4283447265625,545.9835205078125,671.5094604492188,20250225-162015
3826,186,0,0.466796875,874.5341186523438,714.683349609375,132.8939208984375,192.96902465820312,20250225-162015
3826,176,0,0.5205078125,981.5849609375,1428.996826171875,108.98748779296875,98.41338348388672,20250225-162015
3826,182,0,0.69921875,799.8991088867188,835.361083984375,218.302001953125,277.8591003417969,20250225-162015
3826,187,0,0.71533203125,1010.3667602539062,1609.455810546875,61.5875244140625,68.85311889648438,20250225-162015
3826,165,0,0.7744140625,942.04638671875,1658.624267578125,259.758544921875,137.74838256835938,20250225-162015
3826,175,0,0.779296875,555.439208984375,1.0008087158203125,507.1912841796875,518.2367553710938,20250225-162015
3826,173,0,0.818359375,417.4801330566406,975.97119140625,545.0213623046875,655.0546875,20250225-162015
3826,172,0,0.84716796875,766.7233276367188,423.673095703125,207.22943115234375,307.5645751953125,20250225-162015
3827,186,0,0.282958984375,881.6912841796875,697.292724609375,151.23651123046875,185.55316162109375,20250225-162015
3827,182,0,0.59912109375,808.4456176757812,851.5836181640625,223.44570922851562,270.4009094238281,20250225-162015
3827,187,0,0.62890625,1021.7034301757812,1614.68701171875,65.06561279296875,57.53265380859375,20250225-162015
3827,176,0,0.6689453125,993.2197875976562,1433.7366943359375,93.59408569335938,86.77499389648438,20250225-162015
3827,165,0,0.681640625,954.5232543945312,1653.796875,264.29681396484375,124.72855377197266,20250225-162015
3827,175,0,0.693359375,562.0985107421875,0.8029632568359375,546.119873046875,511.157958984375,20250225-162015
3827,173,0,0.8388671875,429.8447265625,980.5914916992188,543.77294921875,641.86474609375,20250225-162015
3827,172,0,0.8701171875,772.48291015625,427.2686462402344,205.8545379638672,301.4197692871094,20250225-162015
3828,186,0,0.385009765625,880.141357421875,716.156982421875,137.391357421875,187.9541015625,20250225-162015
3828,176,0,0.59375,994.236328125,1432.6475830078125,95.29714965820312,85.38934326171875,20250225-162015
3828,187,0,0.65771484375,1022.7083740234375,1616.0152587890625,63.4222412109375,57.020931243896484,20250225-162015
3828,182,0,0.7470703125,809.7073364257812,844.2493286132812,231.88897705078125,269.3343811035156,20250225-162015
3828,175,0,0.7548828125,561.8370361328125,0.9055023193359375,500.9436950683594,510.84210205078125,20250225-162015
3828,172,0,0.822265625,773.1168212890625,432.7972412109375,201.20700073242188,295.2650451660156,20250225-162015
3828,173,0,0.8818359375,430.93115234375,985.4067993164062,543.168701171875,641.7164306640625,20250225-162015
3829,176,0,0.263671875,963.2261352539062,1434.7020263671875,126.073974609375,114.99818420410156,20250225-162015
3829,186,0,0.391357421875,866.7650756835938,756.7798461914062,96.3006591796875,185.0574951171875,20250225-162015
3829,187,0,0.450439453125,995.1077880859375,1608.4141845703125,69.59637451171875,84.3227310180664,20250225-162015
3829,165,0,0.61962890625,939.9701538085938,1665.0743408203125,253.50384521484375,139.413330078125,20250225-162015
3829,172,0,0.6513671875,760.6195678710938,434.6391906738281,200.52786254882812,312.243896484375,20250225-162015
3829,182,0,0.7431640625,797.012451171875,844.755126953125,210.63372802734375,279.0146179199219,20250225-162015
3829,173,0,0.8779296875,425.22650146484375,987.577880859375,547.531494140625,645.8477783203125,20250225-162015
3829,175,0,0.89892578125,547.7510375976562,0.75732421875,509.8160705566406,524.7197265625,20250225-162015
3830,176,0,0.272705078125,928.5816040039062,1368.2977294921875,196.2191162109375,150.54660034179688,20250225-162015
3830,186,0,0.438720703125,831.6165161132812,750.762451171875,112.07281494140625,184.30010986328125,20250225-162015
3830,187,0,0.62158203125,963.7733154296875,1598.0174560546875,78.63592529296875,114.43617248535156,20250225-162015
3830,172,0,0.7333984375,721.4618530273438,434.1829833984375,194.9311065673828,351.1998596191406,20250225-162015
3830,182,0,0.74462890625,761.59619140625,846.7100830078125,208.07785034179688,297.850341796875,20250225-162015
3830,165,0,0.7890625,914.5684814453125,1659.2017822265625,259.4578857421875,164.20989990234375,20250225-162015
3830,173,0,0.84326171875,389.0128173828125,908.8934326171875,626.3688354492188,681.486572265625,20250225-162015
3830,175,0,0.91943359375,512.5305786132812,0.550140380859375,521.7286376953125,559.761474609375,20250225-162015
3831,177,0,0.2017822265625,696.4063720703125,409.1642761230469,501.12945556640625,376.97491455078125,20250225-162015
3831,172,0,0.57958984375,692.5680541992188,435.7059631347656,199.119873046875,282.78631591796875,20250225-162015
3831,186,0,0.60595703125,798.2612915039062,712.0731811523438,143.9344482421875,190.26329040527344,20250225-162015
3831,176,0,0.7392578125,925.0701293945312,1356.242919921875,215.49481201171875,153.82540893554688,20250225-162015
3831,182,0,0.76220703125,734.1778564453125,849.7119140625,228.80712890625,298.92218017578125,20250225-162015
3831,187,0,0.78125,953.0421752929688,1583.1177978515625,97.35150146484375,126.59915161132812,20250225-162015
3831,165,0,0.80908203125,902.3901977539062,1658.4971923828125,260.6422119140625,175.90956115722656,20250225-162015
3831,173,0,0.8740234375,360.0332946777344,737.4052124023438,802.743896484375,712.1051025390625,20250225-162015
3831,175,0,0.896484375,481.5240173339844,0.00091552734375,541.6922607421875,591.0740966796875,20250225-162015
3832,177,0,0.2783203125,793.1824951171875,771.3702392578125,82.81155395507812,113.451171875,20250225-162015
3832,186,0,0.39892578125,792.0776977539062,642.3653564453125,280.15679931640625,206.734375,20250225-162015
3832,176,0,0.56396484375,926.6441650390625,1361.6466064453125,221.1910400390625,152.69863891601562,20250225-162015
3832,182,0,0.7265625,731.8162841796875,849.4552001953125,236.83053588867188,311.0892028808594,20250225-162015
3832,172,0,0.74462890625,681.4246215820312,442.23175048828125,197.7946014404297,289.76971435546875,20250225-162015
3832,165,0,0.80078125,912.9175415039062,1668.703857421875,250.235595703125,165.99972534179688,20250225-162015
3832,173,0,0.8359375,358.8724365234375,757.3309936523438,803.0665283203125,712.9480590820312,20250225-162015
3832,175,0,0.923828125,471.3089599609375,0.5444183349609375,541.2705078125,601.4345703125,20250225-162015
3833,186,0,0.486328125,798.1489868164062,704.4378051757812,162.0780487060547,196.1309356689453,20250225-162015
3833,176,0,0.60595703125,943.2533569335938,1360.2432861328125,211.606201171875,135.58253479003906,20250225-162015
3833,187,0,0.71044921875,975.4737548828125,1602.523681640625,81.7060546875,103.6996078491211,20250225-162015
3833,182,0,0.716796875,740.1497802734375,841.7473754882812,251.07650756835938,301.9922790527344,20250225-162015
3833,165,0,0.72802734375,932.8526611328125,1666.6666259765625,251.80828857421875,146.5035400390625,20250225-162015
3833,172,0,0.80517578125,682.1039428710938,452.99835205078125,191.4923858642578,295.1282958984375,20250225-162015
3833,173,0,0.833984375,369.6609802246094,875.939208984375,692.3404541015625,702.260498046875,20250225-162015
3833,175,0,0.9169921875,471.3918762207031,0.1893768310546875,554.0377197265625,602.0487670898438,20250225-162015
3834,186,0,0.323486328125,797.2952270507812,708.68212890625,155.8018341064453,198.03921508789062,20250225-162015
3834,187,0,0.69677734375,982.6334838867188,1596.9847412109375,81.0560302734375,95.3946304321289,20250225-162015
3834,165,0,0.72265625,942.5652465820312,1665.866943359375,253.3970947265625,136.93650817871094,20250225-162015
3834,173,0,0.7490234375,381.6121826171875,866.0553588867188,706.8740844726562,690.4208374023438,20250225-162015
3834,176,0,0.7578125,949.1885375976562,1358.00537109375,209.8187255859375,128.52261352539062,20250225-162015
3834,182,0,0.802734375,739.7779541015625,845.073486328125,245.75042724609375,299.7817077636719,20250225-162015
3834,172,0,0.82080078125,678.9546508789062,456.9471130371094,187.7808837890625,291.624267578125,20250225-162015
3834,175,0,0.9052734375,469.3009033203125,0.3738555908203125,581.5615234375,601.8411865234375,20250225-162015
3835,177,0,0.307373046875,795.1968383789062,749.0687255859375,98.7784423828125,124.25314331054688,20250225-162015
3835,172,0,0.422607421875,672.6128540039062,438.8778991699219,192.0721435546875,284.6936950683594,20250225-162015
3835,186,0,0.5283203125,673.4855346679688,435.80987548828125,458.37579345703125,404.35870361328125,20250225-162015
3835,176,0,0.6806640625,953.87109375,1335.5654296875,192.37353515625,125.75492095947266,20250225-162015
3835,182,0,0.6884765625,739.48828125,733.5067749023438,327.34881591796875,299.49639892578125,20250225-162015
3835,187,0,0.70068359375,987.2086181640625,1578.4775390625,84.0845947265625,92.64075469970703,20250225-162015
3835,173,0,0.73583984375,387.7757873535156,889.7191772460938,673.5917358398438,682.3646850585938,20250225-162015
3835,165,0,0.75146484375,951.0629272460938,1639.685302734375,278.64935302734375,128.89288330078125,20250225-162015
3835,175,0,0.84521484375,461.904296875,0.772796630859375,529.194580078125,609.8487548828125,20250225-162015
3836,172,0,0.329345703125,689.8236694335938,391.037841796875,200.09609985351562,379.4761962890625,20250225-162016
3836,182,0,0.5146484375,775.199462890625,767.0304565429688,288.16094970703125,302.8207092285156,20250225-162016
3836,173,0,0.7958984375,398.51873779296875,963.4846801757812,565.0519409179688,669.887939453125,20250225-162016
3836,175,0,0.80859375,475.65399169921875,0.6283721923828125,460.4398498535156,592.9884033203125,20250225-162016
3837,173,0,0.4619140625,442.3126525878906,882.6410522460938,594.9680786132812,625.3021240234375,20250225-162016
3837,175,0,0.66357421875,514.9808959960938,1.622314453125,473.466064453125,549.59228515625,20250225-162016
3838,175,0,0.449462890625,582.1669311523438,1.5228652954101562,329.7855224609375,483.0705261230469,20250225-162016
3838,173,0,0.6533203125,515.1229858398438,672.4724731445312,730.5874633789062,550.9386596679688,20250225-162016
3839,175,0,0.69580078125,601.7649536132812,1.0765228271484375,329.7642822265625,469.8701477050781,20250225-162016
3839,173,0,0.80517578125,573.3863525390625,818.7266235351562,557.2666625976562,496.01116943359375,20250225-162016
3840,173,0,0.7841796875,621.2667846679688,806.2261962890625,541.3148803710938,447.3711242675781,20250225-162016
3840,175,0,0.85693359375,604.449951171875,1.0158462524414062,275.5581359863281,463.4819030761719,20250225-162016
3841,173,0,0.6611328125,691.9360961914062,783.0704956054688,532.6142578125,376.0738525390625,20250225-162016
3841,175,0,0.818359375,638.9741821289062,1.9212112426757812,234.49012756347656,429.828369140625,20250225-162016
3842,173,0,0.759765625,798.1622314453125,775.8971557617188,528.059326171875,273.53192138671875,20250225-162016
3842,175,0,0.8857421875,681.1891479492188,0.9933013916015625,227.5802001953125,390.03314208984375,20250225-162016
3843,173,0,0.8203125,824.4966430664062,789.1235961914062,507.9268798828125,251.33380126953125,20250225-162016
3843,175,0,0.8369140625,677.921875,1.0455093383789062,235.18629455566406,394.0820007324219,20250225-162016
3844,175,0,0.751953125,623.3472900390625,1.4254989624023438,224.7886505126953,448.84283447265625,20250225-162016
3844,173,0,0.814453125,775.5574951171875,750.2921142578125,525.3965454101562,294.6946105957031,20250225-162016
3845,172,0,0.30322265625,977.8550415039062,330.44549560546875,112.45257568359375,100.92693328857422,20250225-162016
3845,175,0,0.6689453125,543.2943115234375,1.1590576171875,229.102294921875,526.1483154296875,20250225-162016
3845,173,0,0.87353515625,731.4005737304688,727.2951049804688,520.32421875,341.38555908203125,20250225-162016
3846,186,0,0.299072265625,947.3145141601562,459.4648132324219,154.21142578125,132.08106994628906,20250225-162016
3846,175,0,0.390380859375,500.8603515625,1.0318107604980469,184.07968139648438,568.0424194335938,20250225-162016
3846,173,0,0.82568359375,702.7876586914062,679.6387939453125,529.675048828125,368.9334411621094,20250225-162016
3847,173,0,0.85009765625,667.1314697265625,614.8063354492188,525.6638793945312,403.10528564453125,20250225-162016
3848,172,0,0.27978515625,865.4049682617188,306.94775390625,199.774658203125,213.39190673828125,20250225-162016
3848,173,0,0.830078125,618.8672485351562,499.85906982421875,578.9967041015625,452.512939453125,20250225-162016
3849,172,0,0.3251953125,830.0751342773438,251.09486389160156,221.29966735839844,239.75592041015625,20250225-162016
3849,173,0,0.79736328125,582.261474609375,402.555908203125,611.2635498046875,488.058349609375,20250225-162016
3850,172,0,0.415771484375,802.0079345703125,191.7747802734375,223.31680297851562,269.44708251953125,20250225-162016
3850,173,0,0.845703125,546.787841796875,345.5863952636719,599.347900390625,523.34521484375,20250225-162016
3851,172,0,0.25830078125,762.857666015625,9.615119934082031,345.718994140625,312.7862548828125,20250225-162016
3851,173,0,0.76953125,495.5163879394531,255.73684692382812,643.0997314453125,573.7393188476562,20250225-162016
3852,182,0,0.276611328125,890.207763671875,855.9061889648438,260.8883972167969,188.39698791503906,20250225-162016
3852,173,0,0.60400390625,434.997314453125,177.6939697265625,686.9719848632812,632.27001953125,20250225-162016
3853,175,0,0.2110595703125,239.55654907226562,1.1034622192382812,199.9031524658203,821.1033325195312,20250225-162016
3853,182,0,0.5498046875,831.1699829101562,806.2291259765625,286.8260192871094,246.1697998046875,20250225-162016
3853,165,0,0.6533203125,819.9862060546875,1481.3831787109375,438.6167907714844,254.14964294433594,20250225-162016
3853,173,0,0.83056640625,384.41302490234375,24.83843994140625,731.919677734375,683.9160766601562,20250225-162016
3854,177,0,0.253173828125,853.2134399414062,670.9696655273438,148.13287353515625,225.07553100585938,20250225-162016
3854,165,0,0.67724609375,759.23974609375,1429.514404296875,489.216796875,311.24249267578125,20250225-162016
3854,182,0,0.7138671875,783.038330078125,770.1954345703125,301.1415710449219,293.3384704589844,20250225-162016
3854,173,0,0.88330078125,332.0499267578125,1.1917877197265625,695.6680908203125,735.04443359375,20250225-162016
3855,163,0,0.5048828125,706.8365478515625,1169.342529296875,190.27395629882812,368.1380920410156,20250225-162016
3855,165,0,0.638671875,719.11474609375,1406.7850341796875,508.392333984375,352.2919006347656,20250225-162016
3855,182,0,0.73876953125,737.6136474609375,726.1873168945312,310.48040771484375,339.05206298828125,20250225-162016
3855,173,0,0.89111328125,272.56280517578125,1.882049560546875,643.4466552734375,793.6468505859375,20250225-162016
3856,163,0,0.45703125,670.5173950195312,1122.62060546875,168.92816162109375,378.4532470703125,20250225-162016
3856,182,0,0.591796875,696.6346435546875,676.1129150390625,316.10906982421875,380.08660888671875,20250225-162016
3856,165,0,0.6953125,687.6749877929688,1348.9146728515625,449.1773986816406,384.8853759765625,20250225-162016
3856,173,0,0.90478515625,217.59315490722656,2.992034912109375,595.948974609375,849.1227416992188,20250225-162016
3857,163,0,0.322509765625,644.3172607421875,1082.359375,99.24078369140625,189.1258544921875,20250225-162016
3857,182,0,0.62060546875,673.8798828125,617.3714599609375,315.44036865234375,400.6878662109375,20250225-162016
3857,165,0,0.6259765625,666.9109497070312,1329.2142333984375,423.235107421875,404.6954650878906,20250225-162016
3857,173,0,0.88818359375,187.85848999023438,2.958160400390625,550.7048950195312,880.3190307617188,20250225-162016
3858,163,0,0.42529296875,622.8624267578125,1047.08984375,99.88861083984375,183.62506103515625,20250225-162016
3858,186,0,0.43310546875,725.1383666992188,472.3188171386719,218.59378051757812,350.43304443359375,20250225-162016
3858,182,0,0.67578125,656.7670288085938,595.0303344726562,294.55352783203125,423.02716064453125,20250225-162016
3858,165,0,0.82421875,649.315673828125,1303.0286865234375,419.3016357421875,422.3094787597656,20250225-162016
3858,173,0,0.85498046875,156.50711059570312,2.28131103515625,521.9521484375,910.341064453125,20250225-162016
3859,186,0,0.2108154296875,602.7438354492188,495.6558837890625,75.28321838378906,162.90174865722656,20250225-162016
3859,188,0,0.35498046875,638.1923828125,832.179931640625,358.54705810546875,305.3619079589844,20250225-162016
3859,182,0,0.5380859375,624.6737060546875,538.2083740234375,346.9124450683594,399.8540954589844,20250225-162016
3859,163,0,0.57177734375,592.1539306640625,1013.1882934570312,187.54595947265625,215.74496459960938,20250225-162016
3859,165,0,0.83740234375,625.1078491210938,1183.448486328125,525.595458984375,448.7928466796875,20250225-162016
3859,173,0,0.8916015625,116.63240051269531,2.21356201171875,497.7884216308594,951.1635131835938,20250225-162016
3860,188,0,0.356689453125,634.6480102539062,812.7936401367188,186.89364624023438,201.13314819335938,20250225-162016
3860,182,0,0.4638671875,619.31689453125,512.3611450195312,308.2920227050781,454.24822998046875,20250225-162016
3860,163,0,0.6083984375,583.3438110351562,990.4502563476562,90.2237548828125,183.05316162109375,20250225-162016
3860,165,0,0.6826171875,624.56982421875,1180.41845703125,513.9479370117188,449.1964416503906,20250225-162016
3860,173,0,0.912109375,83.66397857666016,2.279571533203125,504.29974365234375,984.5467529296875,20250225-162016
3861,163,0,0.2568359375,604.5274047851562,947.1822509765625,116.71041870117188,243.31309509277344,20250225-162016
3861,188,0,0.267333984375,652.4070434570312,802.068603515625,167.17117309570312,219.8279266357422,20250225-162016
3861,182,0,0.73388671875,645.9763793945312,479.939697265625,282.2684326171875,432.75250244140625,20250225-162016
3861,165,0,0.7568359375,650.2141723632812,1166.614013671875,482.2760009765625,421.8145751953125,20250225-162016
3861,173,0,0.86767578125,90.4119873046875,2.2750396728515625,496.49835205078125,982.276611328125,20250225-162016
3862,189,0,0.28369140625,763.4794921875,1560.8466796875,157.96856689453125,224.822509765625,20250225-162016
3862,182,0,0.315673828125,669.146240234375,425.2376403808594,300.3675842285156,403.6383056640625,20250225-162016
3862,188,0,0.53125,679.4251708984375,741.8530883789062,189.37188720703125,205.5628662109375,20250225-162016
3862,165,0,0.708984375,673.0106811523438,1155.4888916015625,448.4425048828125,399.17822265625,20250225-162016
3862,173,0,0.8837890625,116.26504516601562,1.88232421875,476.8226623535156,959.2379150390625,20250225-162016
3863,189,0,0.216064453125,775.0858154296875,1515.333740234375,141.89639282226562,225.92173767089844,20250225-162016
3863,182,0,0.304931640625,679.3377685546875,145.38043212890625,548.9503784179688,391.6982727050781,20250225-162016
3863,188,0,0.34521484375,691.82763671875,691.962158203125,198.8671875,207.26051330566406,20250225-162016
3863,165,0,0.74609375,689.6890869140625,1115.6326904296875,464.302001953125,382.4193115234375,20250225-162016
3863,173,0,0.8740234375,125.98760986328125,2.602569580078125,471.9755859375,939.5205688476562,20250225-162016
3864,182,0,0.394287109375,688.218505859375,123.26170349121094,495.86810302734375,385.51361083984375,20250225-162016
3864,188,0,0.4599609375,704.2845458984375,641.4351196289062,199.9365234375,213.83273315429688,20250225-162016
3864,165,0,0.79931640625,707.55126953125,1072.069091796875,479.15570068359375,366.1665954589844,20250225-162016
3864,173,0,0.88623046875,126.69622802734375,2.5977630615234375,463.4479064941406,938.3839111328125,20250225-162016
3865,163,0,0.2666015625,804.2619018554688,954.8514404296875,179.06341552734375,141.88980102539062,20250225-162016
3865,182,0,0.29345703125,698.7152099609375,129.45574951171875,462.18896484375,373.07232666015625,20250225-162016
3865,188,0,0.6142578125,722.0494384765625,586.8775634765625,228.20809936523438,211.3203887939453,20250225-162016
3865,165,0,0.82421875,724.8602294921875,1057.406494140625,443.4176330566406,345.7122802734375,20250225-162016
3865,173,0,0.900390625,125.49304962158203,2.423583984375,460.6097717285156,941.06201171875,20250225-162016
3866,163,0,0.2998046875,804.5234985351562,987.8800048828125,109.44635009765625,140.0797119140625,20250225-162017
3866,188,0,0.3701171875,718.8969116210938,548.439208984375,193.9991912841797,210.72618103027344,20250225-162017
3866,182,0,0.38671875,695.3272094726562,173.57894897460938,344.1303405761719,379.8468322753906,20250225-162017
3866,173,0,0.81982421875,119.76994323730469,2.0518798828125,469.2802734375,946.4493408203125,20250225-162017
3866,165,0,0.82373046875,728.7564697265625,1059.9041748046875,402.9399719238281,342.28326416015625,20250225-162017
3867,163,0,0.230224609375,794.618896484375,957.1162719726562,107.1661376953125,143.72555541992188,20250225-162017
3867,188,0,0.29833984375,709.1109008789062,494.5843505859375,207.16488647460938,207.2100067138672,20250225-162017
3867,182,0,0.54296875,677.8433837890625,135.9957733154297,335.8766784667969,398.8515930175781,20250225-162017
3867,173,0,0.83447265625,117.02010345458984,1.8185577392578125,466.3303527832031,950.3858642578125,20250225-162017
3867,165,0,0.8515625,719.1920166015625,1027.299072265625,382.16693115234375,351.0945129394531,20250225-162017
3868,163,0,0.2108154296875,781.2843017578125,921.8814697265625,115.21682739257812,144.5948486328125,20250225-162017
3868,188,0,0.3603515625,686.7694702148438,478.4847106933594,186.64942932128906,213.2782745361328,20250225-162017
3868,182,0,0.3701171875,658.6561279296875,139.94403076171875,289.92626953125,415.485595703125,20250225-162017
3868,165,0,0.80126953125,708.839111328125,1002.7465209960938,378.29534912109375,360.8943176269531,20250225-162017
3868,173,0,0.8603515625,52.938568115234375,2.142608642578125,476.5410461425781,1014.9110107421875,20250225-162017
3869,182,0,0.341552734375,641.97216796875,103.53289031982422,277.3983154296875,433.32171630859375,20250225-162017
3869,165,0,0.72314453125,695.51953125,971.1370849609375,379.31964111328125,374.74847412109375,20250225-162017
3869,173,0,0.85107421875,23.858013153076172,2.5032806396484375,469.9519958496094,1040.24560546875,20250225-162017
3870,177,0,0.2315673828125,875.190185546875,542.123291015625,276.09539794921875,204.26622009277344,20250225-162017
3870,188,0,0.273681640625,628.48681640625,293.98370361328125,320.7432861328125,446.1489562988281,20250225-162017
3870,165,0,0.736328125,680.548583984375,888.5762939453125,467.701904296875,392.60211181640625,20250225-162017
3870,173,0,0.87548828125,17.84128189086914,2.4012908935546875,465.0132751464844,1048.1708984375,20250225-162017
3871,190,0,0.21728515625,709.19287109375,725.610595703125,206.7029571533203,266.12921142578125,20250225-162017
3871,188,0,0.27197265625,584.5875244140625,266.43548583984375,290.18719482421875,481.0423889160156,20250225-162017
3871,186,0,0.28466796875,590.4293212890625,336.4389343261719,180.62930297851562,230.68817138671875,20250225-162017
3871,176,0,0.320068359375,822.82861328125,1220.257080078125,384.37371826171875,255.35093688964844,20250225-162017
3871,165,0,0.72021484375,666.3123779296875,809.1124877929688,486.5433654785156,408.68231201171875,20250225-162017
3871,173,0,0.83740234375,25.280742645263672,2.1961669921875,460.34564208984375,1041.8206787109375,20250225-162017
3872,186,0,0.226806640625,569.1646728515625,257.1636657714844,206.82742309570312,225.35130310058594,20250225-162017
3872,190,0,0.2330322265625,687.3997802734375,718.6162719726562,152.9443359375,151.66213989257812,20250225-162017
3872,176,0,0.282958984375,810.1048583984375,1163.09814453125,392.62774658203125,266.51416015625,20250225-162017
3872,173,0,0.73193359375,22.395973205566406,2.2305908203125,441.5387878417969,1031.913818359375,20250225-162017
3872,165,0,0.8369140625,650.599609375,726.4614868164062,504.08673095703125,422.8271179199219,20250225-162017
3873,176,0,0.273681640625,811.1231689453125,1100.45068359375,407.7007141113281,264.54486083984375,20250225-162017
3873,177,0,0.537109375,681.0110473632812,489.5408935546875,341.8486633300781,391.083740234375,20250225-162017
3873,173,0,0.7646484375,2.920560836791992,2.990386962890625,363.88739013671875,1043.8538818359375,20250225-162017
3873,165,0,0.826171875,656.0616455078125,698.2937622070312,497.250732421875,418.5779113769531,20250225-162017
3874,165,0,0.277587890625,678.6878051757812,669.9549560546875,489.82830810546875,386.84765625,20250225-162017
3874,175,0,0.341552734375,3.3731460571289062,4.13580322265625,1604.1844482421875,1063.7164306640625,20250225-162017
3874,173,0,0.56787109375,5.813226699829102,2.9754180908203125,486.1200256347656,1051.97265625,20250225-162017
3875,175,0,0.2247314453125,11.464834213256836,4.85797119140625,1566.58740234375,1048.0357666015625,20250225-162017
3875,173,0,0.323486328125,8.251676559448242,3.7093505859375,466.8591613769531,1043.1031494140625,20250225-162017
3889,176,0,0.587890625,528.8613891601562,1137.6185302734375,392.40948486328125,537.3318481445312,20250225-162017
3890,176,0,0.72705078125,491.4713134765625,1086.02392578125,379.6987609863281,575.6229858398438,20250225-162017
3891,189,0,0.296630859375,738.5127563476562,1560.0523681640625,359.21612548828125,326.6743469238281,20250225-162017
3891,176,0,0.8486328125,456.6299133300781,1014.4030151367188,385.306640625,613.5629272460938,20250225-162017
3892,175,0,0.403564453125,501.353271484375,1331.6767578125,235.6270751953125,368.0908203125,20250225-162017
3892,176,0,0.80419921875,420.0723876953125,970.7276000976562,372.0636291503906,647.2094116210938,20250225-162017
3893,189,0,0.57568359375,631.964599609375,1457.2998046875,462.0311279296875,413.4010314941406,20250225-162017
3893,176,0,0.83935546875,378.1393737792969,923.0401611328125,374.3273620605469,661.2680053710938,20250225-162017
3894,175,0,0.5927734375,427.8096923828125,1236.613525390625,234.4189453125,356.68231201171875,20250225-162017
3894,189,0,0.8359375,603.27783203125,1419.4962158203125,499.7083740234375,437.3564453125,20250225-162017
3894,176,0,0.88525390625,335.1439208984375,863.9924926757812,390.1383361816406,639.462646484375,20250225-162017
3895,175,0,0.2705078125,404.02496337890625,1185.796630859375,264.8744201660156,369.3414611816406,20250225-162017
3895,176,0,0.86083984375,310.14312744140625,834.8948364257812,385.58074951171875,614.931396484375,20250225-162017
3895,189,0,0.89453125,594.0303955078125,1373.11572265625,546.0028076171875,474.5302429199219,20250225-162017
3896,175,0,0.304931640625,393.32720947265625,1141.00732421875,274.9437561035156,364.72052001953125,20250225-162018
3896,189,0,0.755859375,575.3541870117188,1314.9779052734375,601.8931884765625,495.62054443359375,20250225-162018
3896,176,0,0.88623046875,292.5252990722656,788.6868896484375,392.3006286621094,649.8282470703125,20250225-162018
3897,189,0,0.78466796875,566.8369140625,1256.2489013671875,566.6004638671875,502.9566650390625,20250225-162018
3897,176,0,0.83203125,272.0683288574219,744.4931640625,401.56182861328125,633.92724609375,20250225-162018
3898,175,0,0.28466796875,380.4682922363281,1062.34765625,226.5970458984375,348.1933898925781,20250225-162018
3898,189,0,0.7490234375,596.3255615234375,1354.771728515625,394.2630615234375,476.69659423828125,20250225-162018
3898,176,0,0.88623046875,265.60650634765625,701.7996826171875,407.6392822265625,626.1013793945312,20250225-162018
3899,175,0,0.259033203125,383.8692626953125,992.869140625,347.19854736328125,486.8163146972656,20250225-162018
3899,189,0,0.6767578125,609.174072265625,1295.2225341796875,387.668701171875,463.863037109375,20250225-162018
3899,176,0,0.88232421875,256.2030334472656,659.0994873046875,418.6739501953125,629.798095703125,20250225-162018
3900,175,0,0.2193603515625,381.5383605957031,966.189208984375,242.89617919921875,347.8832702636719,20250225-162018
3900,189,0,0.712890625,607.7462158203125,1126.518310546875,485.91998291015625,464.5084228515625,20250225-162018
3900,176,0,0.90283203125,250.26597595214844,619.56689453125,429.345703125,617.348876953125,20250225-162018
3901,189,0,0.5947265625,618.46826171875,1190.192626953125,367.998779296875,457.7924499511719,20250225-162018
3901,176,0,0.896484375,240.98382568359375,579.3411254882812,444.01446533203125,610.6478271484375,20250225-162018
3902,189,0,0.69189453125,616.83251953125,1049.936279296875,457.5758056640625,457.6583251953125,20250225-162018
3902,176,0,0.92138671875,236.00718688964844,542.8899536132812,458.3466796875,607.2542724609375,20250225-162018
3903,189,0,0.9228515625,572.3070068359375,1007.5360107421875,473.8713684082031,500.60028076171875,20250225-162018
3903,176,0,0.93310546875,225.77256774902344,527.003173828125,466.4127502441406,611.7044067382812,20250225-162018
3904,189,0,0.9287109375,598.4756469726562,978.9223022460938,491.91522216796875,474.3638610839844,20250225-162018
3904,176,0,0.9296875,218.88833618164062,523.5035400390625,470.95257568359375,611.3334350585938,20250225-162018
3905,176,0,0.91796875,207.90850830078125,531.4451293945312,474.1318359375,611.4027099609375,20250225-162018
3905,189,0,0.92919921875,619.21142578125,968.0440063476562,510.4003601074219,453.4811096191406,20250225-162018
3906,176,0,0.89453125,201.70556640625,548.72314453125,484.62872314453125,602.043212890625,20250225-162018
3906,189,0,0.91064453125,613.2115478515625,972.6412353515625,535.9817504882812,459.5378112792969,20250225-162018
3907,189,0,0.83642578125,612.3348999023438,1000.6580200195312,558.4923706054688,457.80059814453125,20250225-162018
3907,176,0,0.8935546875,198.64010620117188,571.8906860351562,489.45269775390625,606.0476684570312,20250225-162018
3908,175,0,0.226806640625,303.5483093261719,972.0399169921875,245.13986206054688,367.64459228515625,20250225-162018
3908,189,0,0.8154296875,614.9260864257812,1148.618408203125,475.6490478515625,459.87225341796875,20250225-162018
3908,176,0,0.89599609375,197.81854248046875,603.3023071289062,494.43548583984375,579.7732543945312,20250225-162018
3909,189,0,0.7431640625,616.9384765625,1240.002685546875,462.59161376953125,455.9178466796875,20250225-162018
3909,176,0,0.845703125,204.7781982421875,663.381591796875,514.878662109375,587.2835083007812,20250225-162018
3910,189,0,0.541015625,624.0079345703125,1297.1905517578125,495.5548095703125,420.8282470703125,20250225-162018
3910,176,0,0.8564453125,213.92604064941406,740.5880126953125,456.93218994140625,593.5949096679688,20250225-162018
3911,189,0,0.2379150390625,633.7439575195312,1532.2965087890625,386.055908203125,380.4142761230469,20250225-162018
3911,175,0,0.294921875,238.35324096679688,1100.4613037109375,275.7642517089844,469.68450927734375,20250225-162018
3911,176,0,0.82373046875,230.27052307128906,802.5479736328125,443.9565124511719,604.8818359375,20250225-162018
3912,189,0,0.401611328125,644.723876953125,1617.45849609375,302.45928955078125,262.70477294921875,20250225-162018
3912,176,0,0.74853515625,252.73240661621094,865.8231811523438,454.9404602050781,607.3994750976562,20250225-162018
3913,189,0,0.32177734375,653.9293212890625,1716.722900390625,202.17095947265625,248.67205810546875,20250225-162018
3913,176,0,0.81103515625,278.715087890625,934.0156860351562,464.4231262207031,640.0219116210938,20250225-162018
3914,176,0,0.7841796875,304.7104797363281,1006.0076293945312,460.60601806640625,655.591796875,20250225-162018
3915,176,0,0.8505859375,326.2266845703125,1076.88818359375,453.755859375,671.1292114257812,20250225-162018
3916,176,0,0.77392578125,325.0174560546875,1152.7943115234375,456.1673583984375,689.1809692382812,20250225-162018
3917,176,0,0.81689453125,317.60308837890625,1223.3778076171875,465.9744873046875,713.6535034179688,20250225-162018
3918,176,0,0.66259765625,307.5692138671875,1300.6695556640625,487.8453369140625,708.2490844726562,20250225-162018
3919,176,0,0.537109375,289.06427001953125,1400.095947265625,515.0946044921875,761.4985961914062,20250225-162018
3920,182,0,0.234375,673.8082275390625,156.8331756591797,192.7982940673828,341.80706787109375,20250225-162018
3920,176,0,0.70556640625,272.6173095703125,1501.55859375,416.8612060546875,787.6041870117188,20250225-162018
3921,176,0,0.37939453125,422.3899841308594,1604.8905029296875,314.423583984375,637.3627319335938,20250225-162018
3923,177,0,0.2213134765625,732.8746948242188,227.2108154296875,548.0494995117188,344.10089111328125,20250225-162018
3924,177,0,0.220703125,766.5015258789062,418.87335205078125,431.7871398925781,310.41217041015625,20250225-162018
3924,182,0,0.51171875,743.9510498046875,1.212799072265625,359.60546875,326.53778076171875,20250225-162018
3925,182,0,0.2139892578125,776.718017578125,1.0420074462890625,456.2119445800781,289.4909362792969,20250225-162018
3943,182,0,0.337158203125,875.1939086914062,3.779388427734375,545.6464233398438,198.6485137939453,20250225-162019
3944,182,0,0.7646484375,859.7771606445312,3.419952392578125,556.8638916015625,212.318603515625,20250225-162019
3945,182,0,0.74560546875,845.8826904296875,2.4987030029296875,574.527587890625,226.98500061035156,20250225-162019
3946,182,0,0.705078125,831.96923828125,2.212554931640625,584.7305908203125,240.558349609375,20250225-162019
3947,182,0,0.76123046875,816.1436157226562,2.19158935546875,587.819580078125,255.81236267089844,20250225-162019
3948,182,0,0.36572265625,805.902099609375,2.1063995361328125,632.79443359375,262.0647888183594,20250225-162019
3949,182,0,0.64501953125,781.2075805664062,0.7628631591796875,625.4429931640625,292.2121276855469,20250225-162019
3950,182,0,0.708984375,741.40185546875,0.7265167236328125,627.2510986328125,329.1183776855469,20250225-162019
3951,182,0,0.8837890625,665.2825927734375,0.0783233642578125,640.616455078125,405.0315856933594,20250225-162019
3952,182,0,0.9052734375,618.4639892578125,0.77398681640625,646.06640625,451.59869384765625,20250225-162019
3953,177,0,0.316650390625,963.9613647460938,607.2718505859375,231.92523193359375,115.6778793334961,20250225-162019
3953,182,0,0.89404296875,591.47265625,0.764556884765625,649.7650146484375,477.4210205078125,20250225-162019
3954,177,0,0.5,894.79248046875,648.199951171875,219.21304321289062,184.27574157714844,20250225-162019
3954,182,0,0.86474609375,545.025390625,0.4058074951171875,675.1622314453125,522.5842895507812,20250225-162019
3955,177,0,0.505859375,808.300537109375,664.383544921875,239.76947021484375,268.12982177734375,20250225-162019
3955,182,0,0.8076171875,484.3180236816406,0.0,706.8359375,583.0433959960938,20250225-162019
3956,177,0,0.4716796875,766.7872314453125,678.7183227539062,244.8475341796875,307.19696044921875,20250225-162020
3956,182,0,0.85546875,442.3602600097656,0.4182586669921875,709.32763671875,624.9249877929688,20250225-162020
3957,176,0,0.31396484375,916.9896850585938,1858.2139892578125,61.17864990234375,157.9973907470703,20250225-162020
3957,177,0,0.435791015625,715.1610107421875,705.4429931640625,239.5330810546875,360.53350830078125,20250225-162020
3957,182,0,0.80078125,411.9081726074219,0.5708770751953125,749.546630859375,655.4891357421875,20250225-162020
3958,189,0,0.2486572265625,894.1022338867188,1427.4312744140625,407.8004150390625,183.92967224121094,20250225-162020
3958,177,0,0.36474609375,640.2838745117188,539.07666015625,424.810546875,428.9395446777344,20250225-162020
3958,182,0,0.88427734375,364.8655700683594,1.319000244140625,703.6446533203125,701.3236083984375,20250225-162020
3959,182,0,0.90234375,314.6633605957031,2.0149383544921875,701.431396484375,751.728515625,20250225-162020
3960,189,0,0.6396484375,764.0919189453125,1430.1910400390625,482.792724609375,307.70025634765625,20250225-162020
3960,182,0,0.8876953125,264.26470947265625,2.24853515625,697.8282470703125,801.3336791992188,20250225-162020
3961,189,0,0.8056640625,708.6564331054688,1312.1824951171875,606.7100830078125,359.8412170410156,20250225-162020
3961,182,0,0.89501953125,178.874755859375,1.703704833984375,699.6422119140625,884.3807983398438,20250225-162020
3962,177,0,0.38037109375,380.58306884765625,647.9956665039062,362.41070556640625,498.2803649902344,20250225-162020
3962,175,0,0.669921875,409.13824462890625,1026.90185546875,461.766357421875,328.3995361328125,20250225-162020
3962,182,0,0.87841796875,172.06271362304688,1.9475555419921875,698.4061279296875,891.5416259765625,20250225-162020
3962,189,0,0.88623046875,656.2368774414062,1298.49072265625,620.6278076171875,414.3976135253906,20250225-162020
3963,177,0,0.68603515625,343.8692321777344,664.5115356445312,366.77508544921875,509.33123779296875,20250225-162020
3963,175,0,0.81591796875,391.4290466308594,1031.2906494140625,451.1362609863281,322.39801025390625,20250225-162020
3963,182,0,0.91357421875,168.94517517089844,2.221435546875,706.9782104492188,892.1906127929688,20250225-162020
3963,189,0,0.9267578125,639.9476318359375,1301.3455810546875,617.574462890625,431.05322265625,20250225-162020
3964,177,0,0.43505859375,326.8142395019531,656.0934448242188,385.5,508.1272888183594,20250225-162020
3964,175,0,0.75,371.9019775390625,1045.0257568359375,457.71185302734375,327.425537109375,20250225-162020
3964,189,0,0.90966796875,609.4063110351562,1304.24609375,614.659423828125,461.3555603027344,20250225-162020
3964,182,0,0.91650390625,150.5403289794922,2.414154052734375,716.2695922851562,910.060546875,20250225-162020
3965,177,0,0.39599609375,310.29827880859375,705.896728515625,345.11932373046875,449.5704040527344,20250225-162020
3965,175,0,0.8330078125,342.7069091796875,1052.907470703125,456.05511474609375,325.8835144042969,20250225-162020
3965,189,0,0.83740234375,570.6430053710938,1298.0321044921875,620.6748046875,499.93621826171875,20250225-162020
3965,182,0,0.91650390625,86.7535400390625,2.796112060546875,721.270751953125,974.3543701171875,20250225-162020
3966,191,0,0.34326171875,407.69842529296875,1489.9464111328125,271.8240966796875,320.7449035644531,20250225-162020
3966,177,0,0.5546875,285.43475341796875,703.0037841796875,355.74664306640625,488.13421630859375,20250225-162020
3966,175,0,0.79638671875,322.92431640625,1060.9888916015625,452.542236328125,321.4068298339844,20250225-162020
3966,189,0,0.81298828125,535.5874633789062,1293.8662109375,624.6510009765625,532.9141235351562,20250225-162020
3966,182,0,0.90576171875,112.60565948486328,3.08258056640625,720.9031982421875,949.5910034179688,20250225-162020
3967,192,0,0.6513671875,121.00827026367188,491.3313903808594,209.8571319580078,128.5433807373047,20250225-162020
3967,177,0,0.73779296875,272.1922302246094,705.6604614257812,355.45404052734375,432.2250671386719,20250225-162020
3967,189,0,0.75439453125,496.7138671875,1283.7908935546875,634.8665771484375,571.38916015625,20250225-162020
3967,193,0,0.755859375,151.62013244628906,709.2985229492188,134.7854461669922,168.75286865234375,20250225-162020
3967,175,0,0.87646484375,291.7392883300781,1064.88671875,452.79913330078125,332.8841857910156,20250225-162020
3967,182,0,0.9111328125,151.47845458984375,2.687164306640625,712.9315185546875,908.969970703125,20250225-162020
3968,191,0,0.373046875,358.91583251953125,1487.1405029296875,286.972412109375,192.32223510742188,20250225-162020
3968,194,0,0.5185546875,160.4835205078125,1459.676513671875,107.098388671875,194.32745361328125,20250225-162020
3968,196,0,0.55712890625,235.48129272460938,1043.6524658203125,189.01052856445312,265.50848388671875,20250225-162020
3968,195,0,0.607421875,31.121435165405273,53.880958557128906,223.06796264648438,156.2529296875,20250225-162020
3968,197,0,0.630859375,132.04531860351562,1252.279052734375,118.69180297851562,187.75682067871094,20250225-162020
3968,193,0,0.63232421875,146.83421325683594,713.5318603515625,132.5459747314453,147.491455078125,20250225-162020
3968,198,0,0.67822265625,0.9293103218078613,513.003173828125,134.2975616455078,214.9751739501953,20250225-162020
3968,192,0,0.75830078125,119.61343383789062,450.17303466796875,251.93197631835938,169.85824584960938,20250225-162020
3968,177,0,0.79052734375,265.2466125488281,695.842529296875,366.19903564453125,451.83453369140625,20250225-162020
3968,189,0,0.814453125,466.50823974609375,1302.5948486328125,616.1563720703125,600.9801025390625,20250225-162020
3968,175,0,0.8623046875,266.1658630371094,1064.65869140625,442.3880310058594,350.8758544921875,20250225-162020
3968,182,0,0.87939453125,209.2486114501953,2.9110107421875,705.05029296875,853.6302490234375,20250225-162020
3969,195,0,0.27978515625,48.13505172729492,20.764617919921875,397.3032531738281,247.11654663085938,20250225-162020
3969,194,0,0.43115234375,142.42327880859375,1456.9654541015625,112.147705078125,198.10736083984375,20250225-162020
3969,191,0,0.446533203125,340.8111267089844,1482.7738037109375,303.170654296875,198.97369384765625,20250225-162020
3969,196,0,0.59716796875,228.55767822265625,1042.3341064453125,188.19680786132812,301.5807189941406,20250225-162020
3969,193,0,0.63232421875,151.7811737060547,708.328857421875,135.4453125,167.0845489501953,20250225-162020
3969,198,0,0.6376953125,1.846625804901123,501.1864929199219,142.41343688964844,208.4102783203125,20250225-162020
3969,197,0,0.64501953125,122.48822784423828,1251.8271484375,118.7003173828125,208.25534057617188,20250225-162020
3969,192,0,0.73779296875,123.99908447265625,442.7513427734375,254.10287475585938,186.82984924316406,20250225-162020
3969,177,0,0.763671875,262.0667419433594,716.6300048828125,346.2696533203125,420.1893615722656,20250225-162020
3969,175,0,0.7734375,250.26821899414062,1064.79345703125,425.8330078125,352.3815002441406,20250225-162020
3969,189,0,0.83837890625,473.89935302734375,1306.051025390625,612.24169921875,594.2364501953125,20250225-162020
3969,182,0,0.87841796875,239.4971466064453,2.38018798828125,683.369140625,821.4606323242188,20250225-162020
3970,196,0,0.61962890625,222.56875610351562,1043.0023193359375,184.1297607421875,270.6987609863281,20250225-162020
3970,195,0,0.63330078125,65.86578369140625,74.36567687988281,204.1358184814453,174.6372528076172,20250225-162020
3970,175,0,0.64794921875,244.13523864746094,1065.39208984375,374.6868896484375,359.13690185546875,20250225-162020
3970,191,0,0.6748046875,323.647705078125,1492.90576171875,295.341064453125,192.8939208984375,20250225-162020
3970,194,0,0.6748046875,126.79119873046875,1459.0367431640625,104.7802734375,183.19882202148438,20250225-162020
3970,197,0,0.689453125,116.08833312988281,1249.022705078125,117.2314453125,230.87948608398438,20250225-162020
3970,177,0,0.7001953125,264.1474304199219,666.3929443359375,391.27679443359375,419.0638732910156,20250225-162020
3970,193,0,0.7490234375,160.07960510253906,705.1884765625,131.7157745361328,162.6627960205078,20250225-162020
3970,198,0,0.75146484375,2.3180294036865234,504.75457763671875,131.36764526367188,215.918212890625,20250225-162020
3970,192,0,0.79248046875,137.342529296875,452.8459167480469,244.95062255859375,187.13304138183594,20250225-162020
3970,189,0,0.85205078125,467.5023498535156,1316.1435546875,602.845458984375,600.410888671875,20250225-162020
3970,182,0,0.888671875,244.5556640625,2.1311187744140625,664.31005859375,816.1478881835938,20250225-162020
3971,195,0,0.42529296875,95.39501953125,82.5172348022461,200.79661560058594,161.40786743164062,20250225-162020
3971,194,0,0.56005859375,119.98160552978516,1447.40185546875,121.4329833984375,194.27957153320312,20250225-162020
3971,192,0,0.57177734375,149.91395568847656,464.8354797363281,246.15884399414062,188.60118103027344,20250225-162020
3971,191,0,0.5869140625,307.66400146484375,1475.2415771484375,320.1097412109375,207.31094360351562,20250225-162020
3971,193,0,0.63623046875,171.01803588867188,711.1430053710938,130.6875,160.76422119140625,20250225-162020
3971,177,0,0.65673828125,266.0323181152344,657.110595703125,401.325439453125,425.6457214355469,20250225-162020
3971,196,0,0.66455078125,219.5296630859375,1047.96875,178.79937744140625,262.4859619140625,20250225-162020
3971,197,0,0.6767578125,109.10127258300781,1251.2896728515625,108.93905639648438,232.04296875,20250225-162020
3971,198,0,0.74560546875,2.2092604637145996,497.87567138671875,143.00962829589844,227.91517639160156,20250225-162020
3971,175,0,0.83544921875,242.18235778808594,1073.149169921875,360.7217102050781,346.16400146484375,20250225-162020
3971,182,0,0.87060546875,258.7081298828125,1.7669677734375,658.427490234375,804.7758178710938,20250225-162020
3971,189,0,0.88427734375,447.02386474609375,1322.2586669921875,596.8778076171875,620.210205078125,20250225-162020
3972,196,0,0.303955078125,222.38937377929688,1053.62744140625,178.21939086914062,256.869140625,20250225-162020
3972,195,0,0.51171875,118.77356719970703,106.3018798828125,134.12205505371094,136.6439208984375,20250225-162020
3972,194,0,0.5205078125,107.1594009399414,1459.41943359375,118.212158203125,200.093994140625,20250225-162020
3972,191,0,0.533203125,295.8368835449219,1478.57373046875,332.912841796875,206.3544464111328,20250225-162020
3972,193,0,0.56787109375,179.13539123535156,717.8739624023438,112.64630126953125,166.89669799804688,20250225-162020
3972,177,0,0.60302734375,269.0834045410156,729.913330078125,338.73486328125,429.33538818359375,20250225-162020
3972,197,0,0.6533203125,104.88436889648438,1260.0069580078125,112.78317260742188,227.73825073242188,20250225-162020
3972,192,0,0.69775390625,164.2134552001953,477.58428955078125,237.010986328125,190.72845458984375,20250225-162020
3972,198,0,0.75341796875,9.242742538452148,501.3137512207031,152.9622802734375,233.5839080810547,20250225-162020
3972,175,0,0.869140625,231.75003051757812,1079.9652099609375,350.7305603027344,352.3963928222656,20250225-162020
3972,182,0,0.8955078125,244.9486846923828,2.84527587890625,648.4315185546875,819.029296875,20250225-162020
3972,189,0,0.90283203125,430.10565185546875,1335.92919921875,583.4002685546875,635.8613891601562,20250225-162020
3973,194,0,0.27587890625,107.77767944335938,1486.516845703125,106.9837646484375,197.6699676513672,20250225-162020
3973,177,0,0.5322265625,271.52349853515625,751.0588989257812,331.135986328125,427.12054443359375,20250225-162020
3973,197,0,0.541015625,106.19522094726562,1276.7508544921875,109.28109741210938,209.20706176757812,20250225-162020
3973,192,0,0.56298828125,175.45835876464844,497.6054992675781,234.1593017578125,185.59010314941406,20250225-162020
3973,191,0,0.62255859375,289.54766845703125,1503.2728271484375,335.07275390625,211.0440216064453,20250225-162020
3973,193,0,0.626953125,189.3201446533203,722.8910522460938,126.73590087890625,143.31507873535156,20250225-162020
3973,198,0,0.76220703125,28.054317474365234,514.0753173828125,153.4287872314453,225.1805419921875,20250225-162020
3973,175,0,0.83349609375,225.8592071533203,1093.2352294921875,353.359130859375,358.74005126953125,20250225-162020
3973,182,0,0.85888671875,160.98507690429688,2.7055206298828125,651.6029052734375,903.1619262695312,20250225-162020
3973,189,0,0.89501953125,433.2193603515625,1359.034912109375,560.1165771484375,631.0759887695312,20250225-162020
3974,191,0,0.2337646484375,284.6936950683594,1545.70751953125,339.14813232421875,210.8008575439453,20250225-162020
3974,193,0,0.36669921875,193.06639099121094,754.4104614257812,115.65838623046875,140.1324462890625,20250225-162020
3974,177,0,0.401611328125,274.1074523925781,783.1961059570312,325.4693298339844,419.26470947265625,20250225-162020
3974,197,0,0.452392578125,103.15522766113281,1305.99609375,116.90240478515625,207.46080017089844,20250225-162020
3974,192,0,0.53125,182.40142822265625,527.4908447265625,215.3353729248047,172.84368896484375,20250225-162020
3974,198,0,0.58154296875,39.819496154785156,539.8873901367188,151.96861267089844,210.13613891601562,20250225-162020
3974,182,0,0.794921875,186.8461151123047,2.29742431640625,675.59423828125,873.7623291015625,20250225-162020
3974,175,0,0.84521484375,226.1544647216797,1122.43994140625,366.7881774902344,359.319580078125,20250225-162020
3974,189,0,0.85791015625,439.11700439453125,1378.0687255859375,541.3900146484375,623.7844848632812,20250225-162020
3975,198,0,0.2239990234375,42.88485336303711,578.53369140625,145.2593536376953,204.9270782470703,20250225-162020
3975,177,0,0.30078125,274.6405334472656,820.4577026367188,329.6082458496094,419.59130859375,20250225-162020
3975,192,0,0.517578125,182.49041748046875,568.9066772460938,230.09097290039062,257.351806640625,20250225-162020
3975,175,0,0.57568359375,233.88356018066406,1167.001220703125,379.75286865234375,354.29278564453125,20250225-162020
3975,189,0,0.67578125,304.3424072265625,1416.930908203125,501.9525146484375,760.2547607421875,20250225-162020
3975,182,0,0.81982421875,224.23129272460938,2.623077392578125,679.474365234375,839.4552612304688,20250225-162020
3976,192,0,0.2337646484375,144.89833068847656,635.4307250976562,223.69244384765625,330.5857238769531,20250225-162020
3976,175,0,0.26904296875,247.33175659179688,1222.48828125,401.3994140625,315.7204895019531,20250225-162020
3976,177,0,0.5078125,282.9866027832031,913.4827880859375,339.6506652832031,443.41583251953125,20250225-162020
3976,182,0,0.72021484375,238.0409393310547,1.288787841796875,727.2134399414062,825.1614990234375,20250225-162020
3977,175,0,0.27978515625,280.7654724121094,1282.979736328125,160.84808349609375,281.6556396484375,20250225-162020
3977,177,0,0.4697265625,303.44537353515625,938.7398681640625,322.8394775390625,437.0719299316406,20250225-162020
3977,182,0,0.77783203125,218.6317138671875,1.72650146484375,758.3116455078125,841.8461303710938,20250225-162020
3978,192,0,0.2958984375,217.05172729492188,768.5084838867188,219.23794555664062,252.83901977539062,20250225-162020
3978,189,0,0.33447265625,298.6009826660156,1351.82861328125,497.1002197265625,390.5885009765625,20250225-162020
3978,177,0,0.419677734375,322.6253662109375,1027.149658203125,311.3143615722656,437.5320739746094,20250225-162020
3978,182,0,0.83984375,253.8602294921875,4.537628173828125,819.0466918945312,807.1124877929688,20250225-162020
3979,177,0,0.27197265625,349.8547058105469,1105.501953125,341.3908996582031,434.5685119628906,20250225-162020
3979,189,0,0.318359375,223.59744262695312,1423.1195068359375,493.65380859375,694.7306518554688,20250225-162020
3979,182,0,0.7578125,278.19854736328125,34.22479248046875,850.924072265625,781.859619140625,20250225-162020
3980,177,0,0.244384765625,359.52484130859375,1158.562744140625,337.694091796875,558.5836181640625,20250225-162020
3980,189,0,0.451416015625,348.71612548828125,1498.34326171875,420.391845703125,567.6747436523438,20250225-162020
3980,182,0,0.6533203125,274.00494384765625,289.48699951171875,668.0630493164062,787.9764404296875,20250225-162020
3981,182,0,0.445556640625,275.8298645019531,378.990966796875,674.5372924804688,788.7280883789062,20250225-162020
3982,195,0,0.2139892578125,161.29869079589844,0.24968719482421875,230.91537475585938,388.0717468261719,20250225-162020
3982,189,0,0.282958984375,435.8270263671875,1682.301025390625,236.04345703125,329.6956787109375,20250225-162020
3982,196,0,0.303955078125,276.59234619140625,1080.33203125,210.82232666015625,258.4306945800781,20250225-162020
3982,182,0,0.6611328125,238.25320434570312,139.2520751953125,1007.812744140625,828.3116455078125,20250225-162020
3983,195,0,0.2137451171875,130.6158905029297,0.3812255859375,597.793701171875,589.0828857421875,20250225-162020
3983,196,0,0.25537109375,247.21499633789062,1178.8157958984375,198.79824829101562,297.4355163574219,20250225-162020
3983,189,0,0.29736328125,469.9222412109375,1835.3587646484375,84.0531005859375,318.3057556152344,20250225-162020
3983,177,0,0.3701171875,394.58135986328125,1343.693115234375,458.8956298828125,527.0004272460938,20250225-162020
3983,182,0,0.77978515625,213.96115112304688,186.117919921875,1045.119873046875,852.05224609375,20250225-162020
3984,195,0,0.453369140625,133.09962463378906,12.098007202148438,494.3287353515625,409.1835632324219,20250225-162020
3984,177,0,0.5,392.9677429199219,1450.1571044921875,416.5679626464844,557.6218872070312,20250225-162020
3984,182,0,0.85498046875,243.04693603515625,244.8896484375,1050.87939453125,823.51611328125,20250225-162020
3985,177,0,0.202392578125,468.4012451171875,1450.135009765625,454.5240783691406,522.9259033203125,20250225-162020
3985,195,0,0.338134765625,156.9424285888672,81.84471130371094,472.28741455078125,571.7245483398438,20250225-162020
3985,182,0,0.87451171875,260.26129150390625,306.70458984375,1017.3451538085938,806.5946044921875,20250225-162020
3986,177,0,0.330322265625,489.3802795410156,1098.9656982421875,819.5562744140625,572.9508056640625,20250225-162021
3986,175,0,0.406494140625,204.6774444580078,1313.46142578125,253.60748291015625,624.3731689453125,20250225-162021
3986,192,0,0.415771484375,238.18777465820312,660.3801879882812,289.63616943359375,339.7163391113281,20250225-162021
3986,195,0,0.56689453125,157.11416625976562,78.31695556640625,474.4908142089844,541.874267578125,20250225-162021
3986,182,0,0.88671875,267.7724304199219,314.962646484375,1066.4827880859375,800.933349609375,20250225-162021
3987,175,0,0.316650390625,174.37400817871094,1350.4727783203125,239.0936279296875,303.8213195800781,20250225-162021
3987,195,0,0.338134765625,130.74061584472656,137.15350341796875,463.44268798828125,394.6615295410156,20250225-162021
3987,177,0,0.5185546875,456.44464111328125,1332.31201171875,587.40380859375,611.6793212890625,20250225-162021
3987,192,0,0.6162109375,223.89175415039062,686.855224609375,297.50225830078125,332.36138916015625,20250225-162021
3987,182,0,0.8681640625,250.90628051757812,319.7150573730469,1100.2994384765625,816.4850463867188,20250225-162021
3988,191,0,0.287841796875,306.1682434082031,1449.5,168.43634033203125,296.5738220214844,20250225-162021
3988,177,0,0.403564453125,474.6439514160156,1375.663330078125,543.405029296875,594.3228149414062,20250225-162021
3988,175,0,0.415771484375,152.82943725585938,1381.3472900390625,246.263671875,307.1034851074219,20250225-162021
3988,195,0,0.421630859375,107.8740234375,175.80661010742188,454.4486389160156,374.6444396972656,20250225-162021
3988,192,0,0.556640625,203.63638305664062,718.2103271484375,302.493896484375,335.31427001953125,20250225-162021
3988,182,0,0.87890625,222.84222412109375,341.5300598144531,1116.811279296875,844.4776611328125,20250225-162021
3989,193,0,0.2193603515625,127.47315979003906,792.5077514648438,145.63128662109375,233.78897094726562,20250225-162021
3989,191,0,0.3056640625,291.53045654296875,1462.6973876953125,199.604736328125,295.9217224121094,20250225-162021
3989,192,0,0.450439453125,183.23114013671875,737.6680908203125,313.71270751953125,338.23638916015625,20250225-162021
3989,177,0,0.454345703125,461.4603576660156,1395.979736328125,523.06494140625,607.5275268554688,20250225-162021
3989,175,0,0.65234375,130.0576934814453,1394.4906005859375,261.019775390625,313.70721435546875,20250225-162021
3989,195,0,0.82421875,89.26885223388672,207.96029663085938,454.4443359375,392.8687438964844,20250225-162021
3989,182,0,0.89501953125,233.13778686523438,350.82574462890625,1119.9539794921875,834.021240234375,20250225-162021
3990,193,0,0.244384765625,107.52915954589844,803.8309936523438,147.68820190429688,238.3091583251953,20250225-162021
3990,198,0,0.3056640625,143.9058380126953,696.4092407226562,120.11883544921875,191.69503784179688,20250225-162021
3990,177,0,0.33203125,454.9118347167969,1402.6834716796875,515.7945556640625,613.9371337890625,20250225-162021
3990,192,0,0.406494140625,165.08807373046875,762.0763549804688,313.0118408203125,335.1091003417969,20250225-162021
3990,175,0,0.5166015625,264.3232727050781,1417.5904541015625,261.2574462890625,165.06344604492188,20250225-162021
3990,194,0,0.5546875,116.36956024169922,1518.5416259765625,159.831298828125,211.16014099121094,20250225-162021
3990,199,0,0.833984375,204.11911010742188,1.45111083984375,466.8631896972656,864.05615234375,20250225-162021
3990,195,0,0.85107421875,69.1169204711914,235.11204528808594,450.84576416015625,404.01177978515625,20250225-162021
3990,182,0,0.8798828125,232.7438201904297,365.015625,1122.802001953125,833.7388916015625,20250225-162021
3991,193,0,0.32080078125,94.01696014404297,862.35888671875,112.21307373046875,213.06597900390625,20250225-162021
3991,192,0,0.37841796875,154.2256317138672,789.1962890625,311.1160583496094,343.3103942871094,20250225-162021
3991,194,0,0.67919921875,104.13099670410156,1545.7540283203125,152.71728515625,216.64849853515625,20250225-162021
3991,175,0,0.77734375,261.72357177734375,1440.380126953125,264.7584228515625,158.990234375,20250225-162021
3991,199,0,0.89013671875,198.41961669921875,1.436920166015625,455.1129455566406,869.0256958007812,20250225-162021
3991,195,0,0.8974609375,57.56664276123047,250.16372680664062,450.78076171875,402.20269775390625,20250225-162021
3991,182,0,0.8984375,228.76487731933594,380.8569030761719,1123.8760986328125,838.6022338867188,20250225-162021
3992,189,0,0.2822265625,481.5634765625,1740.2164306640625,179.3045654296875,326.7981872558594,20250225-162021
3992,192,0,0.287841796875,149.10305786132812,795.7001953125,322.310302734375,342.5783386230469,20250225-162021
3992,193,0,0.43505859375,87.50069427490234,861.7285766601562,124.37420654296875,220.912353515625,20250225-162021
3992,194,0,0.70068359375,103.15498352050781,1561.27001953125,154.4527587890625,218.32546997070312,20250225-162021
3992,175,0,0.74169921875,262.6961975097656,1461.340576171875,266.351806640625,155.86341857910156,20250225-162021
3992,199,0,0.8408203125,195.66873168945312,1.8063812255859375,471.5474853515625,872.8222045898438,20250225-162021
3992,182,0,0.8837890625,247.74049377441406,395.67791748046875,1125.8331298828125,818.2699584960938,20250225-162021
3992,195,0,0.89892578125,51.948936462402344,270.7456970214844,445.8362731933594,404.6964111328125,20250225-162021
3993,189,0,0.2213134765625,507.2158508300781,1753.9075927734375,165.65277099609375,315.4951477050781,20250225-162021
3993,193,0,0.326904296875,80.53849792480469,886.3156127929688,127.08755493164062,228.36534118652344,20250225-162021
3993,192,0,0.436767578125,144.9746856689453,810.9248657226562,334.4326171875,342.53045654296875,20250225-162021
3993,175,0,0.58056640625,266.00201416015625,1481.8062744140625,266.4752197265625,164.3955535888672,20250225-162021
3993,194,0,0.68994140625,103.54952239990234,1584.0289306640625,156.93804931640625,215.97439575195312,20250225-162021
3993,182,0,0.85791015625,241.1876678466797,400.58367919921875,1147.91015625,824.981201171875,20250225-162021
3993,199,0,0.8740234375,189.54815673828125,1.329345703125,484.6656188964844,876.3035888671875,20250225-162021
3993,195,0,0.88818359375,43.2890510559082,286.1036682128906,446.30987548828125,400.5626525878906,20250225-162021
3994,193,0,0.356689453125,80.0673599243164,933.760986328125,110.13812255859375,224.24490356445312,20250225-162021
3994,191,0,0.55078125,271.7408142089844,1501.6798095703125,277.663330078125,325.0570373535156,20250225-162021
3994,192,0,0.591796875,150.8612518310547,840.3914794921875,328.3759460449219,336.39208984375,20250225-162021
3994,194,0,0.615234375,113.11497497558594,1600.4578857421875,165.39825439453125,232.378173828125,20250225-162021
3994,199,0,0.65576171875,179.56466674804688,1.7256317138671875,506.07366943359375,883.3863525390625,20250225-162021
3994,182,0,0.6884765625,261.82550048828125,426.66485595703125,1140.107666015625,803.0731201171875,20250225-162021
3994,195,0,0.83349609375,36.216346740722656,309.3683166503906,450.0208740234375,407.5562438964844,20250225-162021
3995,200,0,0.24072265625,365.6390686035156,1790.0921630859375,128.81927490234375,230.74374389648438,20250225-162021
3995,177,0,0.261962890625,609.0985107421875,1677.8016357421875,241.66314697265625,454.7024841308594,20250225-162021
3995,193,0,0.34326171875,83.1144027709961,958.3853759765625,120.4002685546875,227.88587951660156,20250225-162021
3995,194,0,0.445556640625,129.94216918945312,1529.3831787109375,264.7046813964844,334.2404479980469,20250225-162021
3995,191,0,0.5263671875,298.2515869140625,1529.756103515625,317.8212890625,350.76007080078125,20250225-162021
3995,201,0,0.66015625,159.5013427734375,1234.1590576171875,155.54452514648438,171.96592712402344,20250225-162021
3995,199,0,0.71044921875,171.92813110351562,0.226776123046875,525.2220458984375,893.6298217773438,20250225-162021
3995,192,0,0.7265625,156.26377868652344,859.669921875,346.0871887207031,342.36785888671875,20250225-162021
3995,182,0,0.7705078125,281.9855651855469,433.1912841796875,1154.118896484375,783.8177490234375,20250225-162021
3995,195,0,0.806640625,32.28221130371094,339.8262634277344,484.5861511230469,414.1575012207031,20250225-162021
3996,194,0,0.248046875,159.20545959472656,1694.5184326171875,129.479736328125,212.11917114257812,20250225-162021
3996,177,0,0.2509765625,635.1008911132812,1689.5218505859375,230.23388671875,435.696533203125,20250225-162021
3996,193,0,0.275146484375,85.81861114501953,977.4576416015625,146.57638549804688,223.20785522460938,20250225-162021
3996,191,0,0.32861328125,315.37060546875,1562.3192138671875,329.54022216796875,364.7354431152344,20250225-162021
3996,201,0,0.4951171875,173.1068878173828,1244.3404541015625,187.41860961914062,193.72222900390625,20250225-162021
3996,195,0,0.583984375,21.096881866455078,371.2793884277344,444.1599426269531,422.2200012207031,20250225-162021
3996,199,0,0.68359375,155.06231689453125,0.7669830322265625,548.9804077148438,909.9115600585938,20250225-162021
3996,182,0,0.71484375,316.4437561035156,414.599853515625,1215.5673828125,748.8823852539062,20250225-162021
3996,192,0,0.7294921875,168.23814392089844,871.9034423828125,356.0474853515625,345.5472412109375,20250225-162021
3997,195,0,0.20751953125,10.844879150390625,581.6647338867188,266.7352294921875,411.8498840332031,20250225-162021
3997,191,0,0.304931640625,346.58673095703125,1594.2725830078125,297.4639892578125,342.8559265136719,20250225-162021
3997,201,0,0.361083984375,181.2562255859375,1254.121337890625,225.02618408203125,208.7881317138672,20250225-162021
3997,194,0,0.42333984375,181.65240478515625,1594.54443359375,268.9888916015625,324.83782958984375,20250225-162021
3997,199,0,0.62353515625,127.11705017089844,1.1440887451171875,572.954345703125,934.7369384765625,20250225-162021
3997,182,0,0.72119140625,344.3681640625,429.44952392578125,1286.493896484375,719.791259765625,20250225-162021
3997,192,0,0.77099609375,153.3666534423828,890.1849975585938,368.0356750488281,363.9564514160156,20250225-162021
3998,191,0,0.2705078125,203.76437377929688,1622.8992919921875,296.53143310546875,588.1475830078125,20250225-162021
3998,195,0,0.3056640625,5.083365440368652,631.6065673828125,455.0595703125,666.82666015625,20250225-162021
3998,182,0,0.525390625,380.0744323730469,942.717041015625,856.732177734375,682.6207275390625,20250225-162021
3998,192,0,0.57763671875,154.11904907226562,947.2584228515625,361.7086486816406,362.19451904296875,20250225-162021
3998,199,0,0.67724609375,94.0869140625,0.603607177734375,610.3248291015625,965.65478515625,20250225-162021
3999,182,0,0.42724609375,400.23675537109375,973.1848754882812,946.3663330078125,661.3712768554688,20250225-162021
3999,195,0,0.42919921875,4.061465263366699,688.6807250976562,416.9007568359375,639.0155639648438,20250225-162021
3999,192,0,0.43408203125,153.17282104492188,971.765869140625,412.81365966796875,499.8845520019531,20250225-162021
3999,199,0,0.6767578125,55.860755920410156,1.84881591796875,646.883544921875,1008.2120971679688,20250225-162021
4000,175,0,0.2037353515625,196.1703338623047,1415.36767578125,220.50604248046875,236.21533203125,20250225-162021
4000,195,0,0.276611328125,4.716782569885254,744.8423461914062,403.64678955078125,625.2632446289062,20250225-162021
4000,182,0,0.29248046875,414.81451416015625,1008.9911499023438,910.7100219726562,646.9996948242188,20250225-162021
4000,192,0,0.4130859375,148.13267517089844,1012.839111328125,448.4002990722656,484.77740478515625,20250225-162021
4000,199,0,0.447509765625,11.29343032836914,2.125396728515625,1123.7276611328125,1051.257568359375,20250225-162021
4001,195,0,0.482421875,4.3592119216918945,802.9491577148438,395.1689758300781,618.6458740234375,20250225-162021
4001,182,0,0.4951171875,421.098388671875,1044.0552978515625,872.4759521484375,640.9617919921875,20250225-162021
4001,199,0,0.6806640625,12.180747985839844,2.24761962890625,1159.8671875,1046.215576171875,20250225-162021
4002,195,0,0.294921875,5.923175811767578,837.9429931640625,421.4856262207031,611.827392578125,20250225-162021
4002,182,0,0.296630859375,12.210016250610352,346.78399658203125,1562.960205078125,1042.6864013671875,20250225-162021
4002,199,0,0.4716796875,9.346017837524414,1.38720703125,783.53173828125,1052.133056640625,20250225-162021
4003,195,0,0.351318359375,3.623642921447754,926.3673706054688,396.5506896972656,625.0369873046875,20250225-162021
4003,199,0,0.59375,5.343389511108398,2.28570556640625,1280.6949462890625,1059.7371826171875,20250225-162021
4004,195,0,0.223388671875,4.9187421798706055,855.617431640625,501.3609924316406,620.979736328125,20250225-162021
4004,199,0,0.70263671875,2.743406295776367,2.30548095703125,1336.00439453125,1059.27099609375,20250225-162021
4005,195,0,0.20849609375,49.23331832885742,859.7318115234375,516.9761962890625,711.4636840820312,20250225-162021
4005,199,0,0.650390625,1.9529914855957031,2.41552734375,1306.3837890625,1058.9959716796875,20250225-162021
4006,199,0,0.77197265625,5.567493438720703,3.87744140625,1356.843505859375,1054.2835693359375,20250225-162021
4007,199,0,0.80322265625,1.6662311553955078,7.160614013671875,1363.37060546875,1056.7393798828125,20250225-162021
4008,177,0,0.4638671875,788.59814453125,1501.783935546875,417.111328125,280.94769287109375,20250225-162021
4008,199,0,0.68017578125,0.6970310211181641,11.32379150390625,1363.680908203125,1059.6083984375,20250225-162021
4009,199,0,0.642578125,1.9994258880615234,7.15631103515625,1365.01025390625,1060.326171875,20250225-162021
4010,182,0,0.76416015625,1.8503379821777344,14.842529296875,1891.985595703125,1069.9951171875,20250225-162021
4011,182,0,0.779296875,5.468873977661133,18.114990234375,1887.8155517578125,1062.366943359375,20250225-162021
4012,182,0,0.78662109375,5.807905197143555,21.05181884765625,1855.26123046875,1057.89794921875,20250225-162021
4013,182,0,0.8583984375,5.376520156860352,31.05413818359375,1876.392822265625,1060.8790283203125,20250225-162021
4014,199,0,0.609375,3.792085647583008,14.7919921875,1420.767578125,1063.7384033203125,20250225-162021
4015,199,0,0.474609375,3.4951114654541016,7.6875,1522.903564453125,1063.962646484375,20250225-162021
4016,182,0,0.61669921875,3.239593505859375,50.02899169921875,1861.1231689453125,1052.56591796875,20250225-162022
4017,182,0,0.62353515625,2.9748916625976562,20.39208984375,1882.8310546875,1059.643310546875,20250225-162022
4018,182,0,0.74169921875,1.7930889129638672,31.44561767578125,1872.7452392578125,1061.378173828125,20250225-162022
4019,182,0,0.74560546875,2.8652000427246094,58.7958984375,1829.173095703125,1064.52392578125,20250225-162022
4020,177,0,0.250244140625,660.2162475585938,1256.198486328125,662.8494873046875,403.8833312988281,20250225-162022
4020,199,0,0.368408203125,10.928306579589844,18.95159912109375,1366.8228759765625,1066.1256103515625,20250225-162022
4021,199,0,0.29833984375,502.44305419921875,0.6170654296875,145.3748016357422,277.2813720703125,20250225-162022
4021,182,0,0.4130859375,9.029989242553711,51.466552734375,1851.834228515625,1059.861328125,20250225-162022
4022,199,0,0.290283203125,567.8277587890625,0.5359153747558594,120.17306518554688,229.1929168701172,20250225-162022
4022,182,0,0.64599609375,6.315336227416992,78.94793701171875,1831.499267578125,1062.4873046875,20250225-162022
4023,182,0,0.415771484375,5.976734161376953,12.5086669921875,1885.239990234375,1066.1510009765625,20250225-162022
4024,182,0,0.5224609375,4.169397354125977,180.9228515625,1731.090087890625,1064.577392578125,20250225-162022
4025,182,0,0.56689453125,3.6424827575683594,173.4521484375,1746.5478515625,1063.653076171875,20250225-162022
4026,182,0,0.41015625,4.089317321777344,22.6080322265625,1893.4735107421875,1058.168701171875,20250225-162022
4027,182,0,0.6142578125,102.78147888183594,127.0477294921875,1789.8043212890625,963.30029296875,20250225-162022
4028,182,0,0.76123046875,35.027076721191406,112.85595703125,1804.530029296875,1032.09912109375,20250225-162022
4029,182,0,0.8505859375,0.0,341.27728271484375,1573.811279296875,1066.507568359375,20250225-162022
4030,182,0,0.86669921875,0.0,199.93267822265625,1716.7998046875,1064.9432373046875,20250225-162022
4031,199,0,0.441650390625,7.163600921630859,3.017486572265625,443.51934814453125,1047.59033203125,20250225-162022
4031,182,0,0.81689453125,1.358957290649414,265.3916015625,1647.3797607421875,1056.041015625,20250225-162022
4032,182,0,0.86181640625,2.015819549560547,139.13836669921875,1768.43017578125,1058.610595703125,20250225-162022
4033,194,0,0.25390625,298.0890197753906,1587.9686279296875,186.04522705078125,292.6610412597656,20250225-162022
4033,182,0,0.83154296875,0.8062076568603516,109.58221435546875,1737.7724609375,1061.1815185546875,20250225-162022
4034,182,0,0.77099609375,7.338523864746094,166.92755126953125,1649.291015625,1056.552734375,20250225-162022
4035,199,0,0.2047119140625,2.701907157897949,2.67645263671875,806.9642944335938,604.2533569335938,20250225-162022
4035,175,0,0.2371826171875,7.468428611755371,1358.71875,366.8507080078125,530.4981689453125,20250225-162022
4035,182,0,0.83447265625,0.3537940979003906,97.1656494140625,1404.009521484375,1062.3856201171875,20250225-162022
4036,199,0,0.2049560546875,2.7840471267700195,2.0554046630859375,713.1001586914062,672.5342407226562,20250225-162022
4036,175,0,0.230224609375,14.941577911376953,1313.492919921875,336.66229248046875,488.5339050292969,20250225-162022
4036,177,0,0.33984375,744.1168823242188,1719.3035888671875,199.91363525390625,323.70477294921875,20250225-162022
4036,182,0,0.87646484375,0.7015800476074219,156.593994140625,1255.263427734375,1062.6683349609375,20250225-162022
4037,175,0,0.204345703125,3.906111717224121,1159.893310546875,443.7930908203125,549.675048828125,20250225-162022
4037,177,0,0.42919921875,674.1976928710938,1691.3009033203125,228.07159423828125,397.7682189941406,20250225-162022
4037,182,0,0.90283203125,1.0850715637207031,82.9306640625,1303.6278076171875,1062.9287109375,20250225-162022
4038,175,0,0.294921875,3.953232765197754,1157.551513671875,402.06005859375,459.0445861816406,20250225-162022
4038,177,0,0.34423828125,616.2009887695312,1670.8319091796875,248.5045166015625,452.8732604980469,20250225-162022
4038,182,0,0.89501953125,1.5749073028564453,35.512939453125,1332.742919921875,1063.4915771484375,20250225-162022
4039,175,0,0.35498046875,4.208235740661621,1077.0831298828125,426.4083251953125,529.59716796875,20250225-162022
4039,177,0,0.55810546875,580.1085815429688,1652.079345703125,266.165771484375,489.1792297363281,20250225-162022
4039,182,0,0.9228515625,0.12685775756835938,62.417724609375,1289.2490234375,1066.1033935546875,20250225-162022
4040,177,0,0.533203125,565.3258666992188,1637.027099609375,281.5689697265625,499.321044921875,20250225-162022
4040,175,0,0.5888671875,3.416104316711426,1104.43115234375,374.4282531738281,523.2078857421875,20250225-162022
4040,182,0,0.92431640625,0.0,51.2655029296875,1285.93017578125,1068.1058349609375,20250225-162022
4041,175,0,0.4599609375,3.0811071395874023,1057.15625,400.60107421875,555.9363403320312,20250225-162022
4041,177,0,0.5205078125,562.4237670898438,1617.8360595703125,300.957275390625,502.49627685546875,20250225-162022
4041,182,0,0.91259765625,0.0,42.3204345703125,1280.3817138671875,1068.7606201171875,20250225-162022
4042,177,0,0.5546875,546.5548095703125,1608.903076171875,308.91961669921875,514.3046875,20250225-162022
4042,182,0,0.875,0.0,7.7120361328125,1294.633056640625,1065.9342041015625,20250225-162022
4043,177,0,0.64892578125,513.5106201171875,1602.3167724609375,316.07867431640625,550.2835083007812,20250225-162022
4043,182,0,0.826171875,46.24188232421875,31.517669677734375,1251.297607421875,1019.72900390625,20250225-162022
4044,177,0,0.607421875,400.6846008300781,1607.608154296875,310.38592529296875,659.0886840820312,20250225-162022
4044,182,0,0.8349609375,9.057455062866211,56.79913330078125,1216.8857421875,1057.56005859375,20250225-162022
4045,177,0,0.448486328125,452.1730651855469,1614.383056640625,303.55389404296875,608.4348754882812,20250225-162022
4045,194,0,0.55078125,5.423126220703125,1367.0390625,402.188232421875,432.1888122558594,20250225-162022
4045,182,0,0.84130859375,171.89071655273438,195.28619384765625,1069.21533203125,895.1239624023438,20250225-162022
4046,195,0,0.2049560546875,14.193971633911133,818.2635498046875,150.00430297851562,237.05722045898438,20250225-162023
4046,199,0,0.2120361328125,239.65359497070312,266.9466247558594,188.41067504882812,421.9139709472656,20250225-162023
4046,194,0,0.2322998046875,2.011871337890625,1387.5362548828125,530.904052734375,628.9796142578125,20250225-162023
4046,192,0,0.2401123046875,187.38327026367188,1099.832275390625,324.5138854980469,418.44366455078125,20250225-162023
4046,177,0,0.319091796875,592.7224731445312,1628.5294189453125,290.09197998046875,469.577880859375,20250225-162023
4046,182,0,0.8681640625,217.72344970703125,305.1419677734375,957.2098388671875,851.2817993164062,20250225-162023
4047,194,0,0.25244140625,4.491391181945801,1399.137451171875,518.3525390625,706.9938354492188,20250225-162023
4047,192,0,0.37109375,223.14141845703125,1095.5020751953125,363.262939453125,595.771484375,20250225-162023
4047,182,0,0.87109375,228.21710205078125,356.92144775390625,914.11376953125,840.264404296875,20250225-162023
4048,194,0,0.2254638671875,9.570722579956055,1435.4073486328125,483.255615234375,726.9154052734375,20250225-162023
4048,175,0,0.273681640625,112.04462432861328,880.623291015625,253.3040771484375,479.97015380859375,20250225-162023
4048,192,0,0.33203125,279.0154724121094,1169.47802734375,328.8130187988281,540.1009521484375,20250225-162023
4048,182,0,0.8115234375,281.873046875,400.85009765625,865.3756713867188,788.3045654296875,20250225-162023
4049,199,0,0.23583984375,507.8517761230469,1.123443603515625,660.25927734375,556.9814453125,20250225-162023
4049,192,0,0.5078125,331.6897888183594,1209.2947998046875,324.2271423339844,600.4111328125,20250225-162023
4049,182,0,0.798828125,279.1390686035156,466.47125244140625,798.0040283203125,789.714111328125,20250225-162023
4050,199,0,0.21533203125,472.25299072265625,0.92962646484375,611.9581909179688,467.5106506347656,20250225-162023
4050,182,0,0.4091796875,318.9528503417969,542.8674926757812,614.0477905273438,748.8607177734375,20250225-162023
4050,192,0,0.4970703125,388.2718505859375,1260.444580078125,315.254150390625,589.278564453125,20250225-162023
4051,199,0,0.436767578125,457.9417724609375,0.438446044921875,718.830322265625,607.2242431640625,20250225-162023
4051,192,0,0.58203125,428.4514465332031,1249.0968017578125,364.669921875,602.328857421875,20250225-162023
4051,182,0,0.64794921875,367.5802307128906,624.6141357421875,559.5618896484375,702.3880615234375,20250225-162023
4052,192,0,0.320068359375,501.4290771484375,1329.453369140625,345.09759521484375,555.7883911132812,20250225-162023
4052,199,0,0.6103515625,497.2872314453125,1.223052978515625,712.3128662109375,552.045654296875,20250225-162023
4052,182,0,0.6748046875,467.52459716796875,685.9486694335938,527.6370239257812,602.0665283203125,20250225-162023
4053,192,0,0.33447265625,578.8323974609375,1346.6700439453125,325.32421875,493.0595397949219,20250225-162023
4053,199,0,0.6298828125,525.4605102539062,2.1654052734375,713.3414306640625,508.80633544921875,20250225-162023
4053,182,0,0.65478515625,459.099609375,722.8844604492188,533.1787719726562,610.1358642578125,20250225-162023
4054,194,0,0.330322265625,500.8047180175781,1168.2703857421875,368.185546875,562.9715576171875,20250225-162023
4054,192,0,0.5224609375,613.760498046875,1360.761474609375,411.4149169921875,453.3329772949219,20250225-162023
4054,199,0,0.60693359375,541.0961303710938,51.860595703125,442.3688049316406,376.1146240234375,20250225-162023
4054,182,0,0.73779296875,505.7039489746094,765.7029418945312,511.358642578125,564.59375,20250225-162023
4055,194,0,0.28466796875,454.9698486328125,1183.39404296875,143.54681396484375,179.92189025878906,20250225-162023
4055,177,0,0.29345703125,676.5921630859375,1863.706787109375,55.87884521484375,256.6603698730469,20250225-162023
4055,175,0,0.3251953125,433.3316345214844,1032.9188232421875,74.0701904296875,70.50312805175781,20250225-162023
4055,199,0,0.5419921875,538.9183349609375,81.93255615234375,403.5548400878906,368.39886474609375,20250225-162023
4055,192,0,0.62890625,644.9088134765625,1387.017333984375,325.66845703125,429.45196533203125,20250225-162023
4055,182,0,0.80029296875,500.3965148925781,648.6273193359375,665.1483764648438,570.8709106445312,20250225-162023
4056,177,0,0.3251953125,745.7449340820312,1808.5986328125,110.33074951171875,200.13734436035156,20250225-162023
4056,175,0,0.4140625,431.2559509277344,1031.585205078125,108.68234252929688,86.37103271484375,20250225-162023
4056,199,0,0.517578125,523.2724609375,127.95620727539062,643.0852661132812,501.2769775390625,20250225-162023
4056,192,0,0.57568359375,655.8967895507812,1368.3955078125,359.6671142578125,419.73443603515625,20250225-162023
4056,194,0,0.61767578125,457.6736145019531,1232.6607666015625,103.3267822265625,162.33544921875,20250225-162023
4056,182,0,0.6591796875,529.3084716796875,842.353271484375,494.7509765625,540.7312622070312,20250225-162023
4057,175,0,0.442626953125,413.1539611816406,1024.9039306640625,133.61370849609375,119.57261657714844,20250225-162023
4057,177,0,0.61865234375,745.3980102539062,1810.650146484375,108.37078857421875,200.15863037109375,20250225-162023
4057,192,0,0.6318359375,650.11474609375,1420.8785400390625,326.4690856933594,427.8651123046875,20250225-162023
4057,194,0,0.65478515625,447.1285400390625,1252.4959716796875,105.55645751953125,172.88095092773438,20250225-162023
4057,199,0,0.74609375,500.35687255859375,153.05978393554688,363.8083190917969,371.6652526855469,20250225-162023
4057,182,0,0.79248046875,523.1084594726562,842.604736328125,520.3826293945312,546.578125,20250225-162023
4058,182,0,0.4609375,514.25,857.3274536132812,508.056884765625,556.0291137695312,20250225-162023
4058,175,0,0.55078125,386.1236877441406,1033.892333984375,128.66702270507812,139.99740600585938,20250225-162023
4058,192,0,0.57763671875,636.5344848632812,1438.8184814453125,403.3125915527344,435.9501953125,20250225-162023
4058,202,0,0.6513671875,507.614013671875,629.9357299804688,274.75927734375,531.831298828125,20250225-162023
4058,194,0,0.68359375,424.7448425292969,1258.321044921875,106.64657592773438,192.37893676757812,20250225-162023
4058,199,0,0.81103515625,476.2989501953125,172.1934814453125,349.11199951171875,355.931884765625,20250225-162023
4059,194,0,0.294921875,383.7431640625,1248.74951171875,120.4354248046875,187.5538330078125,20250225-162023
4059,192,0,0.486328125,604.61572265625,1433.6868896484375,378.4013671875,437.8386535644531,20250225-162023
4059,202,0,0.5361328125,480.8541564941406,651.3773803710938,255.51104736328125,541.1431884765625,20250225-162023
4059,203,0,0.5390625,439.4638671875,651.9957275390625,100.62043762207031,213.29827880859375,20250225-162023
4059,175,0,0.5400390625,342.092529296875,1032.497802734375,129.70751953125,162.5315704345703,20250225-162023
4059,182,0,0.61669921875,491.89508056640625,775.1597900390625,588.4423828125,578.3072509765625,20250225-162023
4059,199,0,0.6513671875,432.1990661621094,229.49468994140625,357.7423095703125,361.8443298339844,20250225-162023
4059,204,0,0.82177734375,547.902587890625,1.127105712890625,380.4420166015625,520.9036865234375,20250225-162023
4060,203,0,0.2015380859375,411.1324462890625,20.27069091796875,753.1021728515625,493.4486999511719,20250225-162023
4060,202,0,0.24658203125,437.1606750488281,621.81005859375,280.3341979980469,351.34173583984375,20250225-162023
4060,192,0,0.390380859375,552.976806640625,1410.556640625,357.929443359375,494.6363220214844,20250225-162023
4060,199,0,0.437744140625,395.7705383300781,176.91183471679688,344.6298522949219,324.9023742675781,20250225-162023
4060,204,0,0.4638671875,551.297607421875,0.8672332763671875,321.7113342285156,517.6239013671875,20250225-162023
4060,182,0,0.5068359375,465.6487731933594,784.762451171875,552.8917236328125,603.16796875,20250225-162023
4061,192,0,0.23583984375,488.8970642089844,1363.531982421875,293.80828857421875,491.3316345214844,20250225-162023
4061,203,0,0.342529296875,361.571044921875,3.220550537109375,680.28564453125,494.718994140625,20250225-162023
4061,182,0,0.5107421875,420.9610595703125,722.9976196289062,562.55419921875,643.6678466796875,20250225-162023
4062,203,0,0.206298828125,336.7791442871094,0.6121673583984375,366.3193359375,358.6161193847656,20250225-162023
4062,192,0,0.289306640625,441.2592468261719,1269.037841796875,296.50103759765625,467.1952209472656,20250225-162023
4062,182,0,0.400634765625,375.29888916015625,556.2791748046875,672.9671630859375,689.6654663085938,20250225-162023
4063,203,0,0.281494140625,336.8349914550781,0.34906768798828125,240.68212890625,351.1935119628906,20250225-162023
4063,177,0,0.319091796875,268.3354797363281,1604.625,315.073974609375,614.8638305664062,20250225-162023
4063,182,0,0.402587890625,319.4214782714844,493.1933898925781,691.6435546875,747.6110229492188,20250225-162023
4063,192,0,0.4775390625,390.61358642578125,1218.735595703125,303.8507080078125,458.4371643066406,20250225-162023
4064,177,0,0.2220458984375,191.25094604492188,1638.3548583984375,280.4600830078125,440.88134765625,20250225-162023
4064,204,0,0.242919921875,646.8106079101562,2.0458831787109375,552.4791259765625,412.23077392578125,20250225-162023
4064,199,0,0.242919921875,278.8072509765625,321.02630615234375,267.4537048339844,383.4700622558594,20250225-162023
4064,192,0,0.452392578125,334.0480651855469,1161.5460205078125,279.0251770019531,456.8042297363281,20250225-162023
4064,182,0,0.5869140625,336.4625549316406,320.37579345703125,846.804931640625,731.5632934570312,20250225-162023
4065,177,0,0.2117919921875,60.448665618896484,1500.6112060546875,418.1839599609375,997.2317504882812,20250225-162023
4065,192,0,0.4990234375,265.8563537597656,1120.354736328125,279.4397277832031,472.335205078125,20250225-162023
4065,182,0,0.814453125,277.6959228515625,58.98175048828125,1100.242431640625,789.857666015625,20250225-162023
4066,177,0,0.235107421875,42.17488098144531,1474.690185546875,444.0875244140625,1014.8673706054688,20250225-162023
4066,199,0,0.294189453125,191.58377075195312,203.31861877441406,262.8526611328125,419.28515625,20250225-162023
4066,192,0,0.368408203125,168.44656372070312,1036.149658203125,331.54632568359375,486.7654113769531,20250225-162023
4066,182,0,0.88671875,240.98956298828125,6.811431884765625,1148.9322509765625,823.368896484375,20250225-162023
4067,192,0,0.4111328125,125.92115020751953,1029.3349609375,302.240478515625,482.4912109375,20250225-162023
4067,177,0,0.4609375,24.28476333618164,1452.957275390625,464.4971923828125,1035.9296875,20250225-162023
4067,182,0,0.88818359375,199.5500030517578,6.92449951171875,1143.36328125,865.6199340820312,20250225-162023
4068,192,0,0.30078125,54.614410400390625,977.2846069335938,322.69281005859375,478.0871887207031,20250225-162023
4068,182,0,0.84521484375,67.31468963623047,6.62896728515625,1141.033447265625,997.3786010742188,20250225-162023
4068,177,0,0.85791015625,34.55852508544922,1430.5902099609375,485.9783935546875,1029.1680908203125,20250225-162023
4069,192,0,0.29345703125,3.175048828125,887.0549926757812,378.10125732421875,570.4030151367188,20250225-162023
4069,182,0,0.83837890625,40.24961471557617,3.683990478515625,1135.068359375,1023.911865234375,20250225-162023
4069,177,0,0.8583984375,5.683794021606445,1408.2078857421875,507.4129943847656,1057.128662109375,20250225-162023
4070,192,0,0.219970703125,0.8614397048950195,871.1486206054688,363.774169921875,420.8057556152344,20250225-162023
4070,182,0,0.7958984375,31.879491806030273,6.11041259765625,1123.20458984375,1031.6693115234375,20250225-162023
4070,177,0,0.88134765625,8.356046676635742,1389.3134765625,527.390625,1054.5633544921875,20250225-162023
4071,182,0,0.5859375,46.154510498046875,2.622161865234375,1112.1767578125,1016.8070678710938,20250225-162023
4071,177,0,0.93603515625,2.371244430541992,1373.293701171875,545.4239501953125,1061.08349609375,20250225-162023
4072,182,0,0.7431640625,197.58551025390625,1.535980224609375,1096.607177734375,867.5032348632812,20250225-162023
4072,177,0,0.95263671875,3.722991943359375,1363.8028564453125,555.287841796875,1058.2001953125,20250225-162023
4073,192,0,0.401611328125,1.8217134475708008,780.69580078125,350.3951110839844,306.8031921386719,20250225-162023
4073,182,0,0.7177734375,306.17437744140625,2.6678466796875,1099.049072265625,759.1641845703125,20250225-162023
4073,177,0,0.9501953125,3.262767791748047,1361.514892578125,557.3809814453125,1057.240478515625,20250225-162023
4074,192,0,0.43212890625,1.2292885780334473,788.5634765625,401.8620300292969,292.55987548828125,20250225-162023
4074,182,0,0.63427734375,343.6609191894531,1.65289306640625,1103.1630859375,721.7022094726562,20250225-162023
4074,177,0,0.9384765625,3.4128856658935547,1368.701416015625,549.8275146484375,1058.16552734375,20250225-162023
4075,182,0,0.420654296875,275.3514709472656,1.43316650390625,1114.52880859375,789.635986328125,20250225-162023
4075,177,0,0.5224609375,7.737636566162109,1380.0831298828125,537.3519287109375,1053.520751953125,20250225-162023
4076,177,0,0.39794921875,7.912559509277344,1409.62548828125,507.2354736328125,1055.0623779296875,20250225-162024
4076,182,0,0.7578125,161.5107879638672,2.0608978271484375,706.4263916015625,902.2529907226562,20250225-162024
4077,177,0,0.3857421875,214.51535034179688,1413.3416748046875,504.607177734375,849.447509765625,20250225-162024
4077,182,0,0.5078125,197.824462890625,0.0,1150.048583984375,867.5455322265625,20250225-162024
4078,182,0,0.36376953125,150.7489013671875,2.4210205078125,810.0752563476562,911.3087768554688,20250225-162024
4078,177,0,0.381103515625,374.5413513183594,1474.657470703125,443.6912841796875,686.7551879882812,20250225-162024
4079,192,0,0.21142578125,1.0833334922790527,1019.919677734375,391.09112548828125,343.45831298828125,20250225-162024
4079,177,0,0.415771484375,481.9919738769531,1501.152587890625,417.8634338378906,580.5863037109375,20250225-162024
4079,182,0,0.611328125,238.4982452392578,0.0,1175.21240234375,825.8818359375,20250225-162024
4080,177,0,0.31396484375,596.9141845703125,1533.7242431640625,385.0679626464844,463.9622497558594,20250225-162024
4080,192,0,0.34765625,2.697873115539551,1069.040283203125,380.7960205078125,378.6456298828125,20250225-162024
4080,182,0,0.71533203125,253.64573669433594,0.0,1179.1058349609375,809.4508666992188,20250225-162024
4081,192,0,0.2288818359375,108.65399169921875,957.2362060546875,493.5806579589844,528.0956420898438,20250225-162024
4081,177,0,0.289306640625,734.2468872070312,1567.4996337890625,350.942138671875,329.8318786621094,20250225-162024
4081,199,0,0.330322265625,2.8218555450439453,105.08592224121094,468.9928894042969,446.1507568359375,20250225-162024
4081,182,0,0.3701171875,282.4186706542969,5.358489990234375,1179.439697265625,777.4200439453125,20250225-162024
4082,182,0,0.285400390625,551.9154663085938,226.1707763671875,782.149658203125,508.5124206542969,20250225-162024
4082,192,0,0.39599609375,3.045315742492676,1177.329345703125,402.620361328125,430.93194580078125,20250225-162024
4082,199,0,0.517578125,2.9978084564208984,169.4809112548828,326.45123291015625,431.3148193359375,20250225-162024
4083,192,0,0.33203125,3.2227277755737305,1225.4600830078125,398.8436279296875,463.4561462402344,20250225-162024
4083,199,0,0.3408203125,1.9700288772583008,211.38070678710938,437.4139709472656,411.2203674316406,20250225-162024
4083,182,0,0.3720703125,564.6941528320312,76.89248657226562,1121.553466796875,496.34478759765625,20250225-162024
4084,192,0,0.39599609375,3.1687402725219727,1155.689208984375,509.384765625,641.711669921875,20250225-162024
4084,182,0,0.435791015625,584.314697265625,22.96124267578125,1183.46044921875,477.81536865234375,20250225-162024
4084,199,0,0.53515625,1.9243669509887695,253.27125549316406,438.7136535644531,391.9765319824219,20250225-162024
4085,199,0,0.3701171875,1.7314624786376953,293.107177734375,547.1526489257812,386.6069641113281,20250225-162024
4085,192,0,0.4072265625,5.247602462768555,1165.6234130859375,537.2999267578125,478.1830749511719,20250225-162024
4085,182,0,0.615234375,598.761474609375,253.25729370117188,960.142822265625,464.0916442871094,20250225-162024
4086,199,0,0.382080078125,1.9041109085083008,307.151123046875,453.40081787109375,390.5191955566406,20250225-162024
4086,182,0,0.42724609375,611.6788330078125,255.87139892578125,959.4561767578125,452.150390625,20250225-162024
4086,192,0,0.67822265625,2.677273750305176,1223.759033203125,529.4622802734375,491.3669128417969,20250225-162024
4087,199,0,0.442626953125,2.772030830383301,333.87158203125,432.3871765136719,353.9204406738281,20250225-162024
4087,182,0,0.498046875,620.8460083007812,298.8401184082031,918.4652709960938,441.4205322265625,20250225-162024
4087,192,0,0.56787109375,2.955322265625,1182.261962890625,585.3429565429688,489.8348693847656,20250225-162024
4088,199,0,0.5185546875,2.235074043273926,349.604736328125,429.7319641113281,358.0398864746094,20250225-162024
4088,192,0,0.55712890625,3.981342315673828,1179.788818359375,590.6802978515625,514.393310546875,20250225-162024
4089,199,0,0.5234375,2.0090389251708984,376.1802978515625,421.45623779296875,385.3526306152344,20250225-162024
4090,182,0,0.37939453125,3.7935447692871094,7.313507080078125,1236.600830078125,1054.36767578125,20250225-162024
4091,192,0,0.2186279296875,98.75747680664062,1223.3873291015625,568.4102783203125,819.437255859375,20250225-162024
4091,199,0,0.39892578125,2.504239082336426,200.5711669921875,633.02294921875,624.9030151367188,20250225-162024
4091,182,0,0.470703125,504.2765808105469,378.02069091796875,869.44921875,556.0673217773438,20250225-162024
4092,205,0,0.2069091796875,5.8361005783081055,1.3566513061523438,318.7931213378906,417.3724365234375,20250225-162024
4092,192,0,0.35302734375,150.80194091796875,1225.2857666015625,547.61572265625,811.7159423828125,20250225-162024
4092,199,0,0.3603515625,3.3447790145874023,4.923248291015625,840.8516235351562,675.5892944335938,20250225-162024
4092,182,0,0.4833984375,554.9251708984375,450.11627197265625,800.0020751953125,506.8629150390625,20250225-162024
4093,192,0,0.26904296875,193.9542694091797,1221.73388671875,596.2977905273438,817.685302734375,20250225-162024
4093,199,0,0.37939453125,37.60723114013672,244.8878173828125,621.2255859375,651.7109375,20250225-162024
4093,182,0,0.63720703125,574.376220703125,468.022705078125,786.0963134765625,488.5311279296875,20250225-162024
4093,205,0,0.64404296875,4.390883445739746,1.0147018432617188,341.1097412109375,460.29327392578125,20250225-162024
4094,192,0,0.234375,246.46463012695312,1268.0108642578125,557.7626953125,804.9232177734375,20250225-162024
4094,199,0,0.2509765625,90.7231674194336,553.1116333007812,316.02978515625,599.2674560546875,20250225-162024
4094,182,0,0.439697265625,613.47021484375,488.8589172363281,772.3824462890625,449.1167907714844,20250225-162024
4094,205,0,0.74462890625,47.732505798339844,0.824615478515625,359.4267578125,456.6004638671875,20250225-162024
4095,182,0,0.3251953125,641.076171875,498.90289306640625,770.3642578125,423.10748291015625,20250225-162024
4095,195,0,0.3408203125,42.369686126708984,809.6121826171875,198.68820190429688,338.10150146484375,20250225-162024
4095,199,0,0.39501953125,130.7774658203125,481.10174560546875,387.80419921875,554.4949951171875,20250225-162024
4095,205,0,0.6142578125,90.68553161621094,0.7171096801757812,375.8277587890625,483.5407409667969,20250225-162024
4096,182,0,0.36474609375,841.3068237304688,511.87591552734375,713.3375244140625,232.98036193847656,20250225-162024
4096,205,0,0.525390625,118.45540618896484,0.0451812744140625,389.79742431640625,461.54345703125,20250225-162024
4096,195,0,0.56103515625,68.6802978515625,824.8298950195312,184.08590698242188,335.7563171386719,20250225-162024
4096,192,0,0.57861328125,315.59063720703125,1254.5474853515625,572.504150390625,512.667236328125,20250225-162024
4096,199,0,0.71484375,154.29644775390625,507.8099670410156,369.2189025878906,519.6448364257812,20250225-162024
4097,195,0,0.703125,87.89212799072266,831.4273681640625,164.96438598632812,258.5262756347656,20250225-162024
4097,182,0,0.7177734375,834.3482666015625,516.5660400390625,704.7402954101562,238.5360107421875,20250225-162024
4097,192,0,0.8291015625,326.381591796875,1251.315673828125,601.8709716796875,516.508056640625,20250225-162024
4097,199,0,0.89013671875,176.0189971923828,515.8225708007812,370.2301025390625,491.85772705078125,20250225-162024
4097,205,0,0.890625,138.7861785888672,0.3401641845703125,394.2247314453125,454.56689453125,20250225-162024
4098,177,0,0.269775390625,334.30401611328125,1792.957763671875,126.50958251953125,430.09173583984375,20250225-162024
4098,182,0,0.68701171875,832.1136474609375,527.5138549804688,699.7119140625,239.503662109375,20250225-162024
4098,195,0,0.73486328125,101.68258666992188,839.423583984375,162.07562255859375,260.28216552734375,20250225-162024
4098,192,0,0.8330078125,345.5836181640625,1259.2611083984375,608.0111083984375,506.29351806640625,20250225-162024
4098,205,0,0.88623046875,154.01332092285156,0.1536712646484375,406.34088134765625,457.50537109375,20250225-162024
4098,199,0,0.896484375,188.42608642578125,525.8018188476562,366.5584716796875,484.1368408203125,20250225-162024
4099,177,0,0.3486328125,348.63995361328125,1796.287353515625,123.091552734375,429.4637145996094,20250225-162024
4099,195,0,0.7138671875,120.27540588378906,843.3719482421875,159.41949462890625,260.5919189453125,20250225-162024
4099,206,0,0.71923828125,111.21726989746094,1201.563720703125,230.06689453125,217.79322814941406,20250225-162024
4099,182,0,0.7333984375,832.0142211914062,537.8065795898438,693.4447631835938,241.8491668701172,20250225-162024
4099,192,0,0.7724609375,354.388916015625,1369.5517578125,508.0523986816406,516.0767822265625,20250225-162024
4099,199,0,0.8515625,209.34671020507812,530.320556640625,376.7430725097656,487.09051513671875,20250225-162024
4099,205,0,0.90478515625,178.25970458984375,0.0593719482421875,415.7341003417969,462.40423583984375,20250225-162024
4100,192,0,0.332763671875,368.79412841796875,1272.942626953125,634.53076171875,696.8153076171875,20250225-162024
4100,195,0,0.37841796875,135.21835327148438,848.7775268554688,160.2572021484375,307.72210693359375,20250225-162024
4100,206,0,0.56494140625,87.2318115234375,1201.8204345703125,226.64300537109375,265.9190368652344,20250225-162024
4100,182,0,0.57470703125,833.3554077148438,543.689208984375,688.9002685546875,238.76956176757812,20250225-162024
4100,199,0,0.82568359375,233.30007934570312,537.7586669921875,365.5165100097656,492.0035705566406,20250225-162024
4100,205,0,0.90576171875,203.8360595703125,0.0,416.4309997558594,452.2060241699219,20250225-162024
4101,192,0,0.2822265625,398.6867980957031,1362.6942138671875,439.1067810058594,663.8825073242188,20250225-162024
4101,177,0,0.402587890625,390.52740478515625,1678.8790283203125,240.481201171875,675.0801391601562,20250225-162024
4101,206,0,0.406494140625,15.696072578430176,1208.576171875,178.61087036132812,347.8734130859375,20250225-162024
4101,182,0,0.57080078125,677.9967041015625,549.8937377929688,714.05859375,388.848388671875,20250225-162024
4101,199,0,0.77587890625,288.0254821777344,539.5581665039062,360.59600830078125,498.1933288574219,20250225-162024
4101,205,0,0.8505859375,262.0365295410156,0.17962646484375,420.3419494628906,433.8168029785156,20250225-162024
4102,206,0,0.2120361328125,69.64555358886719,1209.9547119140625,215.18930053710938,371.0016174316406,20250225-162024
4102,192,0,0.271240234375,455.3927917480469,1334.4273681640625,492.1925354003906,608.1622314453125,20250225-162024
4102,207,0,0.357666015625,65.88114929199219,979.2923583984375,189.29196166992188,391.7823791503906,20250225-162024
4102,202,0,0.438720703125,348.0791320800781,632.2869873046875,314.7081298828125,456.0613708496094,20250225-162024
4102,205,0,0.4609375,312.8163757324219,0.677581787109375,426.56982421875,416.22320556640625,20250225-162024
4102,182,0,0.529296875,703.7810668945312,571.956298828125,693.8549194335938,363.52728271484375,20250225-162024
4103,182,0,0.2186279296875,732.1417846679688,587.2386474609375,678.77783203125,334.955810546875,20250225-162024
4103,205,0,0.291015625,375.08953857421875,66.31819152832031,369.9493408203125,410.3113708496094,20250225-162024
4103,192,0,0.302490234375,516.3048706054688,1368.1094970703125,467.4276123046875,552.6201782226562,20250225-162024
4103,202,0,0.33984375,398.8530578613281,635.0319213867188,321.1505126953125,434.512451171875,20250225-162024
4103,206,0,0.38671875,264.41558837890625,1216.2857666015625,224.09866333007812,676.7454833984375,20250225-162024
4104,192,0,0.316650390625,567.502197265625,1358.29248046875,532.7171630859375,501.5736389160156,20250225-162024
4104,207,0,0.446533203125,210.49203491210938,993.0441284179688,179.12008666992188,324.8894958496094,20250225-162024
4104,182,0,0.486328125,745.9026489257812,606.8433837890625,662.3527221679688,323.56787109375,20250225-162024
4104,202,0,0.57470703125,456.6451110839844,642.5015258789062,304.986328125,405.1401672363281,20250225-162024
4104,205,0,0.69775390625,422.2241516113281,1.2317047119140625,446.28680419921875,431.7022705078125,20250225-162024
4105,192,0,0.21044921875,617.3828735351562,1417.9599609375,498.214599609375,450.46673583984375,20250225-162024
4105,194,0,0.3115234375,283.4537353515625,1232.5537109375,167.88555908203125,327.22552490234375,20250225-162024
4105,199,0,0.33544921875,179.48818969726562,468.64849853515625,217.70297241210938,738.7855834960938,20250225-162024
4105,206,0,0.422607421875,442.0444030761719,1273.560546875,207.94619750976562,593.7402954101562,20250225-162024
4105,195,0,0.466796875,420.12396240234375,876.1246948242188,170.5338134765625,334.80535888671875,20250225-162024
4105,207,0,0.515625,271.02508544921875,1006.9561157226562,175.71945190429688,353.1053161621094,20250225-162024
4105,202,0,0.60302734375,499.0276184082031,665.7147216796875,267.9759521484375,365.4749755859375,20250225-162024
4105,205,0,0.74853515625,457.4606628417969,0.963226318359375,463.1946716308594,431.23663330078125,20250225-162024
4106,177,0,0.2213134765625,698.0095825195312,1853.3572998046875,66.09906005859375,355.2253112792969,20250225-162025
4106,194,0,0.30810546875,335.6968688964844,1240.4498291015625,166.14303588867188,312.3511047363281,20250225-162025
4106,206,0,0.3173828125,488.42999267578125,1294.8349609375,181.027587890625,359.6645812988281,20250225-162025
4106,199,0,0.373046875,218.27610778808594,488.0523376464844,174.95127868652344,508.6180725097656,20250225-162025
4106,192,0,0.450439453125,671.2196044921875,1420.6827392578125,495.47607421875,399.8564147949219,20250225-162025
4106,195,0,0.501953125,471.6181640625,887.8983764648438,149.28598022460938,232.62820434570312,20250225-162025
4106,205,0,0.6533203125,494.857421875,0.501800537109375,481.5011901855469,548.3407592773438,20250225-162025
4106,207,0,0.67041015625,327.6825256347656,1022.0901489257812,170.38906860351562,313.62060546875,20250225-162025
4106,202,0,0.681640625,532.1312866210938,669.8051147460938,283.0074462890625,371.2342834472656,20250225-162025
4106,182,0,0.6982421875,763.1035766601562,633.7827758789062,650.7637939453125,306.5832824707031,20250225-162025
4107,192,0,0.29833984375,689.8953857421875,1482.8045654296875,380.1741943359375,384.0068359375,20250225-162025
4107,206,0,0.31396484375,524.6724243164062,1251.6199951171875,232.54183959960938,202.30120849609375,20250225-162025
4107,199,0,0.486328125,293.1001281738281,500.45013427734375,161.7905731201172,454.8232421875,20250225-162025
4107,195,0,0.5546875,498.7088317871094,895.6188354492188,151.37091064453125,248.30096435546875,20250225-162025
4107,194,0,0.60205078125,380.20172119140625,1256.40869140625,160.34262084960938,270.7557067871094,20250225-162025
4107,202,0,0.77783203125,561.02734375,587.5089111328125,366.30615234375,396.8092956542969,20250225-162025
4107,207,0,0.81396484375,367.55096435546875,1031.7659912109375,171.76858520507812,334.7236022949219,20250225-162025
4107,182,0,0.81640625,768.7183837890625,656.0474853515625,629.785400390625,306.22149658203125,20250225-162025
4107,205,0,0.84716796875,516.4246215820312,0.595550537109375,486.0513610839844,416.5066223144531,20250225-162025
4108,177,0,0.412109375,811.6148071289062,1875.4068603515625,44.1082763671875,264.7117919921875,20250225-162025
4108,206,0,0.46484375,563.3280029296875,1309.120849609375,176.70355224609375,192.96815490722656,20250225-162025
4108,192,0,0.705078125,718.6470947265625,1496.3287353515625,348.128173828125,354.97344970703125,20250225-162025
4108,194,0,0.705078125,416.0263977050781,1254.330810546875,166.59613037109375,319.9253845214844,20250225-162025
4108,202,0,0.8037109375,574.1473388671875,584.0511474609375,327.7978820800781,395.3175354003906,20250225-162025
4108,182,0,0.82861328125,760.9019165039062,673.727783203125,623.0738525390625,315.45001220703125,20250225-162025
4108,195,0,0.85888671875,532.868408203125,893.848388671875,147.85519409179688,233.6007537841797,20250225-162025
4108,207,0,0.86328125,406.90338134765625,1034.0394287109375,169.79544067382812,307.8950500488281,20250225-162025
4108,205,0,0.9208984375,538.1237182617188,0.6066741943359375,491.9903869628906,414.49835205078125,20250225-162025
4109,177,0,0.236572265625,822.7662963867188,1868.8150634765625,50.79583740234375,251.0424041748047,20250225-162025
4109,192,0,0.361083984375,719.07373046875,1480.77880859375,357.37939453125,355.7659606933594,20250225-162025
4109,206,0,0.63525390625,588.42431640625,1241.689453125,235.48654174804688,179.02685546875,20250225-162025
4109,202,0,0.68017578125,588.2869873046875,582.2517700195312,315.42535400390625,385.2141418457031,20250225-162025
4109,194,0,0.7294921875,441.64276123046875,1253.802001953125,157.82455444335938,250.49046325683594,20250225-162025
4109,182,0,0.79638671875,776.8446044921875,680.2176513671875,611.93994140625,299.5963134765625,20250225-162025
4109,195,0,0.84326171875,550.7841796875,891.5678100585938,146.58096313476562,209.5830078125,20250225-162025
4109,207,0,0.86083984375,433.4132080078125,1027.543212890625,173.68148803710938,314.74981689453125,20250225-162025
4109,205,0,0.89794921875,553.5701904296875,0.0,488.7999572753906,418.0761413574219,20250225-162025
4110,209,0,0.31494140625,628.8926391601562,1411.0654296875,144.393310546875,252.42291259765625,20250225-162025
4110,192,0,0.326904296875,727.0580444335938,1462.8427734375,342.58447265625,347.7101745605469,20250225-162025
4110,208,0,0.418701171875,526.3181762695312,577.1973266601562,181.48223876953125,289.85015869140625,20250225-162025
4110,206,0,0.505859375,604.4404907226562,1230.5599365234375,217.1239013671875,311.8702697753906,20250225-162025
4110,177,0,0.57080078125,820.1690673828125,1850.0548095703125,69.47442626953125,254.83689880371094,20250225-162025
4110,202,0,0.65673828125,590.9603271484375,559.96435546875,323.20953369140625,394.94677734375,20250225-162025
4110,194,0,0.66015625,460.26422119140625,1240.699951171875,159.44741821289062,251.09051513671875,20250225-162025
4110,182,0,0.66357421875,767.6823120117188,676.7092895507812,622.013671875,305.1025085449219,20250225-162025
4110,205,0,0.79736328125,567.2758178710938,0.787261962890625,479.143798828125,493.26483154296875,20250225-162025
4110,195,0,0.82080078125,571.5999145507812,869.718017578125,159.11883544921875,175.6602325439453,20250225-162025
4110,207,0,0.85205078125,448.3251037597656,1014.6487426757812,174.38543701171875,305.1153869628906,20250225-162025
4111,209,0,0.3603515625,646.4752807617188,1413.2376708984375,114.22714233398438,164.41830444335938,20250225-162025
4111,206,0,0.369384765625,633.6859130859375,1213.674072265625,207.49484252929688,297.3140869140625,20250225-162025
4111,177,0,0.5869140625,807.7052001953125,1830.2442626953125,89.09967041015625,265.1680908203125,20250225-162025
4111,208,0,0.5908203125,544.6051635742188,571.4229125976562,170.2405242919922,286.50335693359375,20250225-162025
4111,192,0,0.611328125,748.1006469726562,1461.1162109375,356.9703369140625,326.2095642089844,20250225-162025
4111,194,0,0.66259765625,476.6045227050781,1228.521728515625,162.2391357421875,252.6109619140625,20250225-162025
4111,202,0,0.67333984375,616.84814453125,542.6467895507812,326.78155517578125,390.46441650390625,20250225-162025
4111,195,0,0.765625,588.4986572265625,851.243408203125,160.10934448242188,157.33778381347656,20250225-162025
4111,182,0,0.822265625,750.3609008789062,645.59423828125,636.6334838867188,323.63165283203125,20250225-162025
4111,207,0,0.8251953125,467.1181640625,996.7093505859375,171.85418701171875,286.40277099609375,20250225-162025
4111,205,0,0.8857421875,592.4070434570312,0.0042572021484375,457.4843444824219,478.81195068359375,20250225-162025
4112,194,0,0.322509765625,496.586669921875,1209.955810546875,161.20477294921875,237.86944580078125,20250225-162025
4112,208,0,0.323486328125,571.5140991210938,550.2041015625,166.6267547607422,288.3063049316406,20250225-162025
4112,206,0,0.375732421875,650.894775390625,1194.900390625,204.24783325195312,275.4183349609375,20250225-162025
4112,209,0,0.404541015625,661.0894775390625,1385.119140625,117.28363037109375,148.26492309570312,20250225-162025
4112,195,0,0.440673828125,611.0044555664062,835.3342895507812,149.51431274414062,125.99662017822266,20250225-162025
4112,177,0,0.5390625,809.483642578125,1796.728271484375,122.136474609375,264.88885498046875,20250225-162025
4112,192,0,0.6318359375,752.19970703125,1437.604248046875,361.8372802734375,325.4882507324219,20250225-162025
4112,202,0,0.65576171875,639.51416015625,513.0975952148438,322.6701965332031,387.7693176269531,20250225-162025
4112,207,0,0.712890625,489.8823547363281,971.1399536132812,170.8590087890625,257.4183349609375,20250225-162025
4112,182,0,0.72119140625,728.69482421875,633.6443481445312,622.6995849609375,345.0314636230469,20250225-162025
4112,205,0,0.85302734375,621.2722778320312,0.3131103515625,434.86376953125,441.4186096191406,20250225-162025
4113,209,0,0.3876953125,676.6829833984375,1367.419921875,148.730712890625,140.12940979003906,20250225-162025
4113,177,0,0.421630859375,795.5050659179688,1767.3599853515625,151.39215087890625,279.65106201171875,20250225-162025
4113,194,0,0.43115234375,518.5936279296875,1183.244384765625,139.75039672851562,222.8671112060547,20250225-162025
4113,206,0,0.462890625,660.5092163085938,1170.8968505859375,201.07608032226562,262.3289794921875,20250225-162025
4113,195,0,0.4931640625,629.3406372070312,824.345947265625,95.75271606445312,99.17237854003906,20250225-162025
4113,192,0,0.5478515625,761.8467407226562,1410.2427978515625,355.8984375,313.65692138671875,20250225-162025
4113,208,0,0.55908203125,598.4984130859375,530.3292236328125,156.9715118408203,264.13348388671875,20250225-162025
4113,207,0,0.77197265625,509.43896484375,961.025634765625,144.30999755859375,230.6806182861328,20250225-162025
4113,202,0,0.78076171875,655.0552368164062,499.1994323730469,313.603271484375,382.2479553222656,20250225-162025
4113,182,0,0.8134765625,723.4866943359375,618.5982666015625,594.2173461914062,350.68170166015625,20250225-162025
4113,205,0,0.89306640625,643.796875,0.3632354736328125,402.13128662109375,416.8036804199219,20250225-162025
4114,177,0,0.269775390625,743.5323486328125,1835.6165771484375,83.84912109375,326.4911804199219,20250225-162025
4114,195,0,0.39892578125,642.2738037109375,787.3789672851562,103.32916259765625,95.13851165771484,20250225-162025
4114,194,0,0.403564453125,529.2988891601562,1163.4759521484375,134.56393432617188,209.62025451660156,20250225-162025
4114,206,0,0.439697265625,669.2711181640625,1149.412841796875,192.66275024414062,153.7059783935547,20250225-162025
4114,209,0,0.440673828125,684.08935546875,1348.490478515625,124.83224487304688,129.6220245361328,20250225-162025
4114,192,0,0.533203125,756.3653564453125,1334.7626953125,399.1497802734375,319.9735412597656,20250225-162025
4114,208,0,0.5390625,608.5165405273438,517.973876953125,137.43795776367188,243.4145050048828,20250225-162025
4114,207,0,0.72021484375,519.4802856445312,944.15771484375,131.529052734375,210.57151794433594,20250225-162025
4114,202,0,0.751953125,663.3604736328125,475.1728820800781,304.4642028808594,383.94091796875,20250225-162025
4114,182,0,0.830078125,718.1153564453125,608.5250244140625,583.869140625,356.2220458984375,20250225-162025
4114,205,0,0.8818359375,658.052978515625,0.7058486938476562,377.51861572265625,403.39324951171875,20250225-162025
4115,199,0,0.2281494140625,669.2117309570312,577.8961181640625,171.8169708251953,133.91441345214844,20250225-162025
4115,195,0,0.289306640625,649.9214477539062,764.2271728515625,98.68537902832031,78.89694213867188,20250225-162025
4115,177,0,0.352294921875,745.4559936523438,1803.3687744140625,116.1185302734375,310.972900390625,20250225-162025
4115,209,0,0.3701171875,686.2416381835938,1330.19873046875,92.44097900390625,131.31129455566406,20250225-162025
4115,208,0,0.453369140625,621.9796142578125,486.3062438964844,138.20823669433594,247.41571044921875,20250225-162025
4115,207,0,0.56787109375,524.8526000976562,925.8283081054688,123.15463256835938,185.3143768310547,20250225-162025
4115,206,0,0.6396484375,675.9490966796875,1120.3839111328125,190.34426879882812,151.6676788330078,20250225-162025
4115,192,0,0.662109375,751.22900390625,1349.799072265625,341.650634765625,324.5496826171875,20250225-162025
4115,202,0,0.71875,669.0858154296875,454.2403564453125,295.6024475097656,382.00225830078125,20250225-162025
4115,182,0,0.83984375,709.2898559570312,596.7259521484375,576.7876586914062,364.62457275390625,20250225-162025
4115,205,0,0.8447265625,670.4432373046875,0.7220535278320312,348.705078125,399.3863220214844,20250225-162025
4116,199,0,0.23095703125,673.3148193359375,555.267578125,163.12362670898438,132.98263549804688,20250225-162025
4116,209,0,0.2322998046875,686.0198974609375,1297.152099609375,90.7518310546875,132.39495849609375,20250225-162025
4116,177,0,0.276611328125,731.7137451171875,1769.283447265625,149.732666015625,306.8066101074219,20250225-162025
4116,194,0,0.357666015625,538.5088500976562,1099.559814453125,136.89495849609375,212.0980224609375,20250225-162025
4116,208,0,0.359375,631.6889038085938,436.7813415527344,159.3453826904297,250.6884765625,20250225-162025
4116,206,0,0.450439453125,676.9609375,1103.06103515625,184.46109008789062,138.44210815429688,20250225-162025
4116,192,0,0.67578125,741.693115234375,1323.021728515625,373.9259033203125,333.43951416015625,20250225-162025
4116,202,0,0.70068359375,673.2538452148438,437.7078552246094,282.3607177734375,378.0400695800781,20250225-162025
4116,207,0,0.7333984375,524.5354614257812,903.3990478515625,112.9178466796875,158.4175262451172,20250225-162025
4116,182,0,0.84033203125,683.1431274414062,575.7099609375,579.561767578125,389.1305847167969,20250225-162025
4116,205,0,0.8779296875,681.2845458984375,0.3811798095703125,320.3205871582031,391.42724609375,20250225-162025
4117,209,0,0.296630859375,675.47705078125,1272.27734375,91.58963012695312,136.04833984375,20250225-162025
4117,177,0,0.39990234375,716.9774780273438,1733.3466796875,183.52752685546875,288.6128234863281,20250225-162025
4117,194,0,0.402587890625,533.136962890625,1056.814697265625,129.390380859375,256.775390625,20250225-162025
4117,206,0,0.443603515625,622.4996948242188,1074.2222900390625,200.38412475585938,289.41241455078125,20250225-162025
4117,208,0,0.56982421875,631.0587158203125,384.0457763671875,177.47048950195312,268.80145263671875,20250225-162025
4117,202,0,0.640625,669.7654418945312,412.6099548339844,274.4349365234375,379.88018798828125,20250225-162025
4117,207,0,0.65673828125,517.1239624023438,875.6376342773438,109.26617431640625,162.90115356445312,20250225-162025
4117,192,0,0.67919921875,723.2974243164062,1307.944091796875,363.97723388671875,352.87750244140625,20250225-162025
4117,205,0,0.78271484375,686.3215942382812,0.29885101318359375,294.1740417480469,384.733642578125,20250225-162025
4117,182,0,0.841796875,657.41845703125,549.7904663085938,593.326171875,413.2795715332031,20250225-162025
4118,207,0,0.315673828125,498.4149475097656,847.1953125,113.14718627929688,170.03530883789062,20250225-162025
4118,206,0,0.320068359375,587.1370849609375,1049.797119140625,206.91879272460938,287.7493896484375,20250225-162025
4118,208,0,0.384033203125,618.5861206054688,344.2520446777344,190.79403686523438,287.469970703125,20250225-162025
4118,209,0,0.412109375,650.9454345703125,1240.5421142578125,88.80258178710938,136.82046508789062,20250225-162025
4118,202,0,0.4951171875,655.2659912109375,410.82952880859375,253.50819396972656,374.7393493652344,20250225-162025
4118,205,0,0.5078125,679.8289794921875,0.6725234985351562,270.96173095703125,368.4501953125,20250225-162025
4118,182,0,0.58056640625,656.6163330078125,536.3336791992188,538.4022216796875,411.16943359375,20250225-162025
4118,192,0,0.65234375,702.0870361328125,1277.8040771484375,347.0196533203125,374.9171142578125,20250225-162025
4119,194,0,0.223388671875,492.0658874511719,997.69775390625,138.4647216796875,244.47610473632812,20250225-162025
4119,206,0,0.2288818359375,567.35400390625,1023.8843994140625,198.41629028320312,314.07122802734375,20250225-162025
4119,209,0,0.2337646484375,623.38330078125,1199.5604248046875,93.04925537109375,146.88720703125,20250225-162025
4119,199,0,0.26123046875,635.0330200195312,482.9565124511719,146.09495544433594,135.7445831298828,20250225-162025
4119,205,0,0.56982421875,676.0278930664062,0.34339141845703125,227.9296417236328,338.0692138671875,20250225-162025
4119,192,0,0.6689453125,673.3923950195312,1246.9456787109375,339.8961181640625,402.38232421875,20250225-162025
4119,182,0,0.73486328125,631.1746826171875,497.17913818359375,540.1724853515625,439.7054748535156,20250225-162025
4120,209,0,0.2017822265625,601.710205078125,1146.695068359375,106.14596557617188,136.99642944335938,20250225-162025
4120,194,0,0.230224609375,475.28143310546875,954.6813354492188,148.116943359375,237.53184509277344,20250225-162025
4120,208,0,0.3115234375,595.4923095703125,310.7926940917969,180.80044555664062,390.6810302734375,20250225-162025
4120,205,0,0.418701171875,687.21630859375,0.707244873046875,268.25543212890625,311.7603759765625,20250225-162025
4120,192,0,0.49609375,636.90625,1200.3878173828125,327.2855529785156,427.7394714355469,20250225-162025
4120,182,0,0.72265625,588.2188110351562,460.5984191894531,532.8773193359375,483.1296081542969,20250225-162025
4121,208,0,0.226806640625,593.0491943359375,250.74526977539062,179.94085693359375,383.0580749511719,20250225-162025
4121,194,0,0.263671875,541.52734375,936.9542236328125,196.398193359375,308.4786682128906,20250225-162025
4121,192,0,0.394287109375,603.8104248046875,1093.049560546875,376.1993408203125,412.0855712890625,20250225-162025
4121,182,0,0.6767578125,546.6273803710938,398.5491027832031,537.69873046875,522.8485717773438,20250225-162025
4122,177,0,0.34521484375,552.6005249023438,1724.024169921875,195.8345947265625,504.1479187011719,20250225-162025
4122,192,0,0.478515625,575.9247436523438,1054.8460693359375,364.7438049316406,431.17633056640625,20250225-162025
4122,182,0,0.7138671875,478.8455505371094,337.601806640625,559.578369140625,591.518310546875,20250225-162025
4123,207,0,0.25537109375,504.34326171875,834.19775390625,187.41558837890625,286.39373779296875,20250225-162025
4123,205,0,0.349609375,600.8814086914062,105.31377410888672,211.39585876464844,391.1285705566406,20250225-162025
4123,192,0,0.451416015625,557.9722900390625,999.5322875976562,385.23431396484375,419.7460021972656,20250225-162025
4123,182,0,0.5263671875,449.8692321777344,260.2381896972656,589.8660888671875,618.9312133789062,20250225-162025
4123,177,0,0.5400390625,525.9951782226562,1659.040283203125,260.09637451171875,531.8150024414062,20250225-162025
4124,207,0,0.316650390625,504.4878845214844,789.948486328125,189.43624877929688,272.4678955078125,20250225-162025
4124,205,0,0.33544921875,610.1943359375,1.42730712890625,253.51441955566406,399.4886779785156,20250225-162025
4124,177,0,0.420654296875,456.29632568359375,1574.8905029296875,344.19781494140625,604.3662109375,20250225-162025
4124,192,0,0.57275390625,546.079345703125,965.5332641601562,368.826416015625,401.6244812011719,20250225-162025
4124,182,0,0.6513671875,441.34173583984375,6.976409912109375,793.3538818359375,627.6197509765625,20250225-162025
4125,207,0,0.235107421875,503.401611328125,752.8368530273438,193.2685546875,266.56317138671875,20250225-162025
4125,205,0,0.392333984375,620.1006469726562,0.39575958251953125,229.49656677246094,394.0864562988281,20250225-162025
4125,192,0,0.482421875,532.9445190429688,933.9735717773438,308.5082702636719,408.8148193359375,20250225-162025
4125,177,0,0.6435546875,411.94671630859375,1418.01318359375,500.9493713378906,654.7402954101562,20250225-162025
4125,182,0,0.67578125,427.86993408203125,110.40282440185547,652.9619750976562,640.0789184570312,20250225-162025
4126,207,0,0.2108154296875,551.701904296875,742.0684204101562,169.81695556640625,224.8454132080078,20250225-162025
4126,192,0,0.419677734375,523.5587768554688,805.4501953125,452.59405517578125,544.98779296875,20250225-162025
4126,205,0,0.444580078125,625.3888549804688,0.4682807922363281,134.6597900390625,393.92132568359375,20250225-162025
4126,177,0,0.693359375,378.91510009765625,1357.9193115234375,561.0318603515625,688.2142333984375,20250225-162025
4126,182,0,0.80029296875,406.9251403808594,22.516387939453125,691.4719848632812,660.9056396484375,20250225-162025
4127,192,0,0.361083984375,511.02252197265625,854.549560546875,357.00714111328125,425.4165344238281,20250225-162025
4127,177,0,0.591796875,353.2798767089844,1222.0408935546875,696.6136474609375,715.717041015625,20250225-162025
4127,182,0,0.83642578125,404.5802917480469,3.47662353515625,662.1677856445312,663.8684692382812,20250225-162025
4128,192,0,0.42822265625,503.5229797363281,818.4447021484375,323.89947509765625,419.8572998046875,20250225-162025
4128,177,0,0.658203125,309.2769775390625,1126.9259033203125,788.9443359375,758.0950927734375,20250225-162025
4128,182,0,0.8603515625,390.37890625,1.3997039794921875,620.1774291992188,676.1463623046875,20250225-162025
4129,192,0,0.4833984375,494.09295654296875,767.7281494140625,288.62359619140625,378.85906982421875,20250225-162025
4129,177,0,0.57373046875,318.86273193359375,1095.0435791015625,821.9820556640625,749.1693725585938,20250225-162025
4129,182,0,0.80322265625,371.5725402832031,0.5587921142578125,562.808837890625,695.558837890625,20250225-162025
4130,192,0,0.446533203125,483.7302551269531,717.4981079101562,298.62847900390625,363.66925048828125,20250225-162025
4130,177,0,0.68017578125,329.5527648925781,1104.9005126953125,811.0380249023438,737.7894287109375,20250225-162025
4130,182,0,0.8447265625,357.0644836425781,1.6772918701171875,527.0447387695312,709.1266479492188,20250225-162025
4131,192,0,0.39990234375,479.5459289550781,653.8399658203125,281.86724853515625,406.7317199707031,20250225-162025
4131,177,0,0.7705078125,319.8317565917969,1063.33154296875,854.8450927734375,746.8704833984375,20250225-162025
4131,182,0,0.8662109375,354.9345397949219,1.8896484375,504.0405578613281,710.1395874023438,20250225-162025
4132,194,0,0.2254638671875,365.0216979980469,860.72021484375,293.9823303222656,632.294677734375,20250225-162025
4132,192,0,0.361083984375,474.769287109375,552.766845703125,319.7471923828125,392.1343994140625,20250225-162025
4132,177,0,0.80322265625,308.5323181152344,1009.997314453125,907.4007568359375,757.9043579101562,20250225-162025
4132,182,0,0.8125,327.1436767578125,2.1644439697265625,432.37005615234375,736.1595458984375,20250225-162025
4133,194,0,0.325927734375,352.80523681640625,776.4530639648438,316.1888122558594,578.469970703125,20250225-162025
4133,192,0,0.4794921875,456.57000732421875,493.7870178222656,331.8229064941406,410.0135498046875,20250225-162025
4133,177,0,0.6767578125,299.7333679199219,955.7228393554688,960.6509399414062,767.5640258789062,20250225-162025
4133,182,0,0.72509765625,337.85113525390625,1.99896240234375,374.94488525390625,724.919189453125,20250225-162025
4134,177,0,0.42919921875,263.8410339355469,879.38818359375,1000.7666015625,802.3226318359375,20250225-162025
4134,192,0,0.6103515625,438.6614990234375,445.53900146484375,316.51519775390625,401.869140625,20250225-162025
4134,182,0,0.80029296875,328.6883544921875,1.4886016845703125,332.72357177734375,734.498779296875,20250225-162025
4135,177,0,0.62353515625,218.50210571289062,811.6162719726562,887.3485107421875,847.5023193359375,20250225-162025
4135,182,0,0.66015625,286.860595703125,1.7662353515625,301.23272705078125,774.8705444335938,20250225-162025
4135,192,0,0.70654296875,393.73858642578125,385.823486328125,337.3406066894531,411.3645935058594,20250225-162025
4136,192,0,0.5849609375,342.56494140625,309.9014587402344,367.6253967285156,409.81817626953125,20250225-162026
4136,177,0,0.6611328125,221.04930114746094,822.154541015625,1089.1640625,844.8832397460938,20250225-162026
4137,192,0,0.4658203125,292.1499938964844,241.8323974609375,372.9662780761719,418.8121337890625,20250225-162026
4137,177,0,0.7626953125,192.36399841308594,791.4966430664062,1120.003662109375,873.778564453125,20250225-162026
4138,192,0,0.367431640625,238.17294311523438,97.0484619140625,453.26239013671875,429.10699462890625,20250225-162026
4138,177,0,0.87353515625,165.96084594726562,748.531494140625,1164.3577880859375,898.04150390625,20250225-162026
4139,192,0,0.42529296875,211.4866485595703,121.98417663574219,382.2080078125,426.4272155761719,20250225-162026
4139,177,0,0.84423828125,141.414306640625,701.4559936523438,1210.7061767578125,922.4801025390625,20250225-162026
4140,192,0,0.509765625,161.8293914794922,0.8582611083984375,459.384521484375,455.1518249511719,20250225-162026
4140,177,0,0.8037109375,104.92440795898438,664.5873413085938,1253.1177978515625,960.700927734375,20250225-162026
4141,192,0,0.69921875,110.54194641113281,0.6911773681640625,433.02496337890625,472.32672119140625,20250225-162026
4141,177,0,0.7705078125,71.47087097167969,623.1687622070312,1284.5906982421875,993.11328125,20250225-162026
4142,177,0,0.66796875,34.19614791870117,579.885498046875,1334.7667236328125,1030.576904296875,20250225-162026
4142,192,0,0.68408203125,79.53865814208984,0.6365432739257812,375.257568359375,472.5373840332031,20250225-162026
4143,192,0,0.304931640625,48.39855194091797,1.0670928955078125,238.64739990234375,481.0183410644531,20250225-162026
4143,177,0,0.83056640625,12.374124526977539,531.1871337890625,1384.3634033203125,1052.981689453125,20250225-162026
4144,192,0,0.24072265625,52.49992752075195,0.5831451416015625,266.1224365234375,528.482421875,20250225-162026
4144,177,0,0.80419921875,3.282337188720703,469.54815673828125,1424.472900390625,1062.39990234375,20250225-162026
4145,177,0,0.76220703125,6.32537841796875,412.9339599609375,1426.670654296875,1062.0421142578125,20250225-162026
4146,177,0,0.740234375,6.579694747924805,339.7880859375,1568.2144775390625,1057.7054443359375,20250225-162026
4147,177,0,0.71044921875,4.264583587646484,69.46453857421875,1849.518798828125,1062.531982421875,20250225-162026
4148,177,0,0.7822265625,4.939641952514648,41.83154296875,1877.4935302734375,1068.968994140625,20250225-162026
4149,177,0,0.83203125,0.0,184.49798583984375,1735.501953125,1067.758544921875,20250225-162026
4150,177,0,0.8349609375,0.0,120.64599609375,1799.35400390625,1067.994140625,20250225-162026
4151,177,0,0.81640625,0.0,87.6573486328125,1831.0001220703125,1077.791259765625,20250225-162026
4152,177,0,0.8779296875,0.0,57.93255615234375,1860.93017578125,1069.9405517578125,20250225-162026
4153,177,0,0.85986328125,0.0,42.667236328125,1861.5552978515625,1076.2547607421875,20250225-162026
4154,177,0,0.8984375,0.1835918426513672,52.40533447265625,1866.279541015625,1062.861328125,20250225-162026
4155,177,0,0.86376953125,0.0,27.04119873046875,1892.958740234375,1077.4227294921875,20250225-162026
4159,210,0,0.367431640625,1.945953369140625,823.9508056640625,926.8148803710938,294.3203125,20250225-162026
4159,177,0,0.8779296875,0.0,4.5941162109375,1895.103515625,1065.7197265625,20250225-162026
4160,210,0,0.2315673828125,1.9827961921691895,821.0921630859375,931.940185546875,299.57720947265625,20250225-162026
4160,177,0,0.861328125,0.0,2.62060546875,1901.266845703125,1064.46435546875,20250225-162026
4161,210,0,0.37744140625,2.3745059967041016,821.4164428710938,948.0921020507812,308.1601867675781,20250225-162026
4161,177,0,0.853515625,0.0,3.9107666015625,1908.1160888671875,1063.794189453125,20250225-162026
4162,210,0,0.4072265625,2.594790458679199,822.0602416992188,970.231201171875,315.07489013671875,20250225-162026
4162,177,0,0.8681640625,0.0,3.8983154296875,1907.299560546875,1064.33349609375,20250225-162026
4163,177,0,0.79736328125,0.0,2.9384765625,1907.952392578125,1065.012451171875,20250225-162026
4164,177,0,0.81396484375,0.0,3.799072265625,1903.6116943359375,1067.8121337890625,20250225-162026
4165,177,0,0.751953125,0.0,3.51947021484375,1902.52880859375,1067.0892333984375,20250225-162026
4166,177,0,0.80126953125,0.0,8.6641845703125,1905.0216064453125,1065.27734375,20250225-162027
4167,177,0,0.845703125,0.0,4.94805908203125,1905.0406494140625,1067.3466796875,20250225-162027
4168,177,0,0.41015625,0.6098270416259766,31.7940673828125,1842.263671875,1066.0111083984375,20250225-162027
4169,177,0,0.615234375,1.8487930297851562,49.46484375,1773.2047119140625,1066.8870849609375,20250225-162027
4170,177,0,0.346923828125,1.677389144897461,84.43743896484375,1739.028564453125,1069.4329833984375,20250225-162027
4171,177,0,0.418701171875,2.3533058166503906,39.150146484375,1867.98486328125,1066.167724609375,20250225-162027
4172,177,0,0.5927734375,2.8630542755126953,99.19207763671875,1809.4306640625,1062.260498046875,20250225-162027
4173,177,0,0.5380859375,2.4477195739746094,157.3707275390625,1748.6890869140625,1064.70849609375,20250225-162027
4174,177,0,0.39501953125,2.252025604248047,236.50341796875,1660.41357421875,1068.9605712890625,20250225-162027
4175,177,0,0.47265625,2.937297821044922,133.953369140625,1777.2198486328125,1065.955078125,20250225-162027
4176,177,0,0.458984375,2.333993911743164,201.53594970703125,1702.3641357421875,1060.97607421875,20250225-162027
4177,177,0,0.501953125,1.490621566772461,9.16717529296875,1902.4178466796875,1063.007568359375,20250225-162027
4178,177,0,0.60009765625,2.5895118713378906,3.95159912109375,1908.8836669921875,1062.7803955078125,20250225-162027
4179,177,0,0.417724609375,1.7343807220458984,7.99969482421875,1909.8160400390625,1065.09033203125,20250225-162027
4180,177,0,0.36669921875,1.9917011260986328,440.04656982421875,1479.953369140625,1067.141845703125,20250225-162027
4181,177,0,0.281494140625,2.675600051879883,454.822998046875,1462.393798828125,1067.89453125,20250225-162027
4182,177,0,0.235107421875,2.2359752655029297,481.2491455078125,1434.554443359375,1066.597412109375,20250225-162027
4183,177,0,0.438720703125,2.3423194885253906,515.9854125976562,1400.86083984375,1065.113037109375,20250225-162027
4184,177,0,0.5078125,1.6924095153808594,543.1431884765625,1372.9625244140625,1070.015625,20250225-162027
4185,177,0,0.390380859375,0.43747901916503906,564.3416748046875,1347.4691162109375,1069.6279296875,20250225-162027
4189,177,0,0.5869140625,2.7780818939208984,733.5822143554688,1179.994384765625,1069.57568359375,20250225-162027
4190,177,0,0.75146484375,3.0785751342773438,779.0723876953125,1137.678955078125,1057.05908203125,20250225-162027
4191,177,0,0.5478515625,2.5872802734375,834.7088012695312,1082.3330078125,1069.223876953125,20250225-162027
4192,177,0,0.794921875,3.2112693786621094,892.0618286132812,1023.6275024414062,1065.69189453125,20250225-162027
4193,177,0,0.8916015625,6.061363220214844,948.7424926757812,968.1016845703125,1060.199951171875,20250225-162027
4194,177,0,0.87939453125,2.641439437866211,1021.729248046875,895.0740966796875,1062.2750244140625,20250225-162027
4195,177,0,0.8857421875,4.841451644897461,1092.6829833984375,824.7848510742188,1057.3839111328125,20250225-162027
4196,210,0,0.259765625,53.39501190185547,2.806640625,1098.677001953125,1002.03466796875,20250225-162028
4196,177,0,0.89892578125,3.9885520935058594,1168.1591796875,748.6712646484375,1055.1002197265625,20250225-162028
4197,210,0,0.5908203125,10.432205200195312,4.38482666015625,1116.8857421875,1046.0277099609375,20250225-162028
4197,177,0,0.90283203125,3.6478042602539062,1247.5045166015625,667.212158203125,1058.005126953125,20250225-162028
4198,177,0,0.81298828125,5.954675674438477,1312.5960693359375,600.4195556640625,1056.318603515625,20250225-162028
4198,210,0,0.8369140625,5.504322052001953,4.37237548828125,1081.78125,1056.27001953125,20250225-162028
4199,177,0,0.82373046875,6.2752532958984375,1374.2685546875,541.5255126953125,1060.1861572265625,20250225-162028
4199,210,0,0.8779296875,4.036617279052734,3.916351318359375,1101.7283935546875,1058.74951171875,20250225-162028
4200,177,0,0.75048828125,75.68790435791016,1433.33642578125,484.837646484375,991.6280517578125,20250225-162028
4200,210,0,0.9443359375,1.6022014617919922,2.681304931640625,1121.1390380859375,1064.3291015625,20250225-162028
4201,177,0,0.2393798828125,2.372875213623047,1081.308837890625,434.26226806640625,534.4813232421875,20250225-162028
4201,210,0,0.93408203125,0.5857086181640625,0.4306640625,1155.34423828125,1065.90966796875,20250225-162028
4202,177,0,0.276611328125,52.287410736083984,1231.558349609375,353.57904052734375,522.7929077148438,20250225-162028
4202,210,0,0.931640625,2.056245803833008,2.67059326171875,1186.90478515625,1066.447509765625,20250225-162028
4203,177,0,0.435791015625,124.41638946533203,1295.51806640625,351.68536376953125,527.1825561523438,20250225-162028
4203,210,0,0.9228515625,1.317586898803711,4.763214111328125,1221.3358154296875,1065.91796875,20250225-162028
4204,177,0,0.5859375,194.279541015625,1346.9454345703125,355.2099609375,470.7959289550781,20250225-162028
4204,210,0,0.900390625,4.259004592895508,22.817413330078125,1229.605712890625,1059.169921875,20250225-162028
4205,177,0,0.4091796875,249.3853302001953,1396.5128173828125,350.2994384765625,475.8716125488281,20250225-162028
4205,210,0,0.896484375,9.16010856628418,108.79779052734375,1157.4765625,1054.89453125,20250225-162028
4206,177,0,0.4580078125,291.8725891113281,1379.7791748046875,386.5491943359375,484.6622009277344,20250225-162028
4206,210,0,0.8935546875,25.243663787841797,121.7215576171875,1163.420166015625,1038.8521728515625,20250225-162028
4207,177,0,0.60205078125,311.34027099609375,1332.53662109375,392.65484619140625,546.8714599609375,20250225-162028
4207,210,0,0.89697265625,23.707551956176758,140.52392578125,1165.613525390625,1043.6048583984375,20250225-162028
4208,177,0,0.7880859375,320.4911193847656,1341.8477783203125,412.7991943359375,471.2079162597656,20250225-162028
4208,210,0,0.9033203125,51.14453125,150.533935546875,1163.851806640625,1016.0304565429688,20250225-162028
4209,177,0,0.4873046875,337.12139892578125,1370.052001953125,453.4386291503906,504.9373779296875,20250225-162028
4209,211,0,0.56787109375,80.8028564453125,1289.463623046875,118.201904296875,206.5994415283203,20250225-162028
4209,210,0,0.9013671875,27.527875900268555,166.856689453125,1168.419921875,1038.920654296875,20250225-162028
4210,177,0,0.63232421875,362.51715087890625,1471.67431640625,387.9993896484375,475.62774658203125,20250225-162028
4210,212,0,0.83935546875,3.8073205947875977,3.791290283203125,474.7938537597656,413.767822265625,20250225-162028
4210,210,0,0.8935546875,31.925411224365234,203.3917236328125,1150.357666015625,1033.5487060546875,20250225-162028
4211,212,0,0.42431640625,8.843522071838379,61.63444519042969,520.0117797851562,424.2040100097656,20250225-162028
4211,177,0,0.5087890625,391.15740966796875,1531.2060546875,387.8861389160156,472.407470703125,20250225-162028
4211,210,0,0.83544921875,47.20327377319336,269.35784912109375,1117.0074462890625,1018.5511474609375,20250225-162028
4212,177,0,0.4072265625,442.8361511230469,1563.9990234375,353.39154052734375,487.06536865234375,20250225-162028
4212,210,0,0.60595703125,68.81741333007812,198.68197631835938,1270.546630859375,999.1503295898438,20250225-162028
4212,212,0,0.7041015625,31.795635223388672,236.08863830566406,392.6445007324219,418.5537414550781,20250225-162028
4213,177,0,0.21533203125,401.40618896484375,1579.735595703125,162.1505126953125,298.00244140625,20250225-162028
4213,212,0,0.320068359375,84.92869567871094,320.40362548828125,368.11798095703125,412.7610778808594,20250225-162028
4213,210,0,0.779296875,95.50346374511719,231.05841064453125,1250.5667724609375,971.3817749023438,20250225-162028
4214,213,0,0.441650390625,64.9818115234375,2.31536865234375,452.4063720703125,999.1851806640625,20250225-162028
4214,177,0,0.451416015625,532.3782958984375,1644.7708740234375,274.5589599609375,534.5977783203125,20250225-162028
4214,210,0,0.517578125,130.69369506835938,324.030029296875,1203.23779296875,936.8505249023438,20250225-162028
4214,212,0,0.5859375,136.4496307373047,356.28607177734375,360.791748046875,401.1060791015625,20250225-162028
4215,177,0,0.521484375,585.70263671875,1678.86474609375,240.42022705078125,488.3014221191406,20250225-162028
4215,212,0,0.59716796875,183.0360107421875,413.1720886230469,335.67022705078125,390.50860595703125,20250225-162028
4215,213,0,0.69287109375,156.23751831054688,3.445770263671875,491.16448974609375,907.4561157226562,20250225-162028
4215,210,0,0.8642578125,162.5858917236328,409.0440673828125,1151.54052734375,905.5499877929688,20250225-162028
4216,177,0,0.35498046875,525.3561401367188,1678.6043701171875,116.77130126953125,168.30140686035156,20250225-162028
4216,212,0,0.74072265625,215.06707763671875,432.5459289550781,271.70159912109375,355.4992980957031,20250225-162028
4216,213,0,0.80029296875,203.69973754882812,2.851226806640625,501.67547607421875,862.1218872070312,20250225-162028
4216,210,0,0.89453125,185.10760498046875,419.42376708984375,1152.5283203125,883.1689453125,20250225-162028
4217,177,0,0.6123046875,555.0455932617188,1697.4986572265625,112.18780517578125,150.49110412597656,20250225-162028
4217,212,0,0.72314453125,260.2196044921875,458.4905090332031,257.4757080078125,350.9687194824219,20250225-162028
4217,213,0,0.86083984375,223.9005126953125,1.45294189453125,505.5617980957031,846.0919799804688,20250225-162028
4217,210,0,0.916015625,188.850341796875,425.83941650390625,1145.2568359375,879.2854614257812,20250225-162028
4218,177,0,0.642578125,565.9843139648438,1711.4520263671875,111.8052978515625,135.0218048095703,20250225-162028
4218,212,0,0.8115234375,284.68621826171875,383.78314208984375,336.1682434082031,383.44464111328125,20250225-162028
4218,213,0,0.8486328125,243.2772979736328,1.15484619140625,485.8305358886719,824.953857421875,20250225-162028
4218,210,0,0.91796875,194.22232055664062,441.8272705078125,1127.000732421875,874.7601318359375,20250225-162028
4219,215,0,0.242919921875,409.7191467285156,720.4757080078125,94.789306640625,175.62258911132812,20250225-162028
4219,214,0,0.312255859375,361.7931823730469,835.5203247070312,91.70489501953125,319.3337707519531,20250225-162028
4219,177,0,0.4697265625,561.4044799804688,1716.180908203125,111.40081787109375,149.3629913330078,20250225-162028
4219,212,0,0.73486328125,309.12579345703125,365.8880310058594,354.5351257324219,368.03521728515625,20250225-162028
4219,213,0,0.89306640625,257.2806701660156,1.7724151611328125,490.11981201171875,810.5469360351562,20250225-162028
4219,210,0,0.908203125,161.30616760253906,433.345458984375,1107.090087890625,908.4617309570312,20250225-162028
4220,177,0,0.4638671875,535.5253295898438,1715.2679443359375,119.05078125,159.78627014160156,20250225-162028
4220,212,0,0.57373046875,317.4254150390625,335.82037353515625,453.3207092285156,341.5849304199219,20250225-162028
4220,210,0,0.8916015625,156.5709686279297,442.3634033203125,1064.0013427734375,911.48583984375,20250225-162028
4220,213,0,0.91748046875,258.7938537597656,2.004180908203125,483.1641540527344,810.427001953125,20250225-162028
4221,177,0,0.218017578125,463.8337707519531,1697.3492431640625,142.48187255859375,289.923095703125,20250225-162028
4221,212,0,0.391357421875,300.7221374511719,414.82122802734375,456.50152587890625,489.0465393066406,20250225-162028
4221,213,0,0.81640625,213.17312622070312,1.555572509765625,479.6097106933594,855.3963012695312,20250225-162028
4221,210,0,0.8720703125,118.27864074707031,435.34478759765625,1057.4556884765625,950.5728149414062,20250225-162028
4222,177,0,0.2193603515625,405.5240478515625,1653.2801513671875,111.64453125,221.19581604003906,20250225-162028
4222,218,0,0.235107421875,256.1459045410156,1452.6346435546875,157.398193359375,232.34564208984375,20250225-162028
4222,216,0,0.373779296875,445.6757507324219,1576.610595703125,342.3929443359375,615.6845703125,20250225-162028
4222,212,0,0.43310546875,267.4992370605469,255.7152099609375,477.0107116699219,327.57086181640625,20250225-162028
4222,217,0,0.5078125,357.81793212890625,1456.278076171875,197.865966796875,423.5599365234375,20250225-162028
4222,213,0,0.8720703125,257.46392822265625,2.2735748291015625,441.54547119140625,810.388671875,20250225-162028
4222,210,0,0.8779296875,64.6663818359375,396.9202880859375,1099.34326171875,1003.5322265625,20250225-162028
4223,177,0,0.403564453125,372.2431945800781,1628.041259765625,95.81231689453125,162.14849853515625,20250225-162028
4223,217,0,0.5341796875,317.5212707519531,1374.2025146484375,267.14483642578125,431.9392395019531,20250225-162028
4223,218,0,0.5361328125,218.89447021484375,1430.2745361328125,142.0576171875,199.87457275390625,20250225-162028
4223,216,0,0.66259765625,385.7613220214844,1583.1177978515625,336.25982666015625,647.2537841796875,20250225-162028
4223,212,0,0.75439453125,262.9610595703125,215.45191955566406,407.7060241699219,492.8039245605469,20250225-162028
4223,213,0,0.83837890625,267.67218017578125,1.34912109375,423.5654296875,798.0115356445312,20250225-162028
4223,210,0,0.9091796875,58.992034912109375,352.7413330078125,1146.8369140625,1009.6864013671875,20250225-162028
4224,177,0,0.4111328125,365.86395263671875,1597.8973388671875,98.93939208984375,129.90032958984375,20250225-162028
4224,217,0,0.7099609375,350.5862121582031,1338.600341796875,245.4913330078125,165.24420166015625,20250225-162028
4224,218,0,0.72314453125,211.8389434814453,1409.696044921875,136.0704345703125,210.7373809814453,20250225-162028
4224,216,0,0.7958984375,359.548095703125,1548.5430908203125,370.55126953125,518.6212158203125,20250225-162028
4224,212,0,0.82373046875,285.5699157714844,201.39028930664062,406.0267639160156,387.58331298828125,20250225-162028
4224,213,0,0.87109375,335.9497375488281,1.6082611083984375,401.3925476074219,730.7105712890625,20250225-162028
4224,210,0,0.896484375,56.605682373046875,344.23956298828125,1135.9033203125,1011.9138793945312,20250225-162028
4225,177,0,0.2386474609375,373.2478942871094,1548.1278076171875,133.9324951171875,270.8759765625,20250225-162028
4225,218,0,0.693359375,222.2645721435547,1402.13671875,126.43130493164062,209.7053985595703,20250225-162028
4225,212,0,0.70654296875,340.8236999511719,205.94403076171875,396.80657958984375,405.86370849609375,20250225-162028
4225,217,0,0.751953125,321.97442626953125,1335.5181884765625,231.856201171875,215.4750213623047,20250225-162028
4225,216,0,0.77587890625,362.59259033203125,1556.4833984375,363.2296142578125,513.06982421875,20250225-162028
4225,213,0,0.8603515625,381.2022705078125,1.494415283203125,390.7804870605469,685.6076049804688,20250225-162028
4225,210,0,0.90087890625,67.55561828613281,354.7667541503906,1103.1826171875,999.6994018554688,20250225-162028
4226,177,0,0.345947265625,392.7604675292969,1591.1826171875,96.421875,190.9620819091797,20250225-162029
4226,218,0,0.349609375,247.0707244873047,1402.6806640625,125.07000732421875,222.99143981933594,20250225-162029
4226,217,0,0.57080078125,351.6272888183594,1356.959228515625,246.81097412109375,388.40771484375,20250225-162029
4226,212,0,0.7578125,394.62274169921875,307.2713928222656,310.04351806640625,354.244873046875,20250225-162029
4226,216,0,0.7841796875,386.65899658203125,1559.231689453125,360.02691650390625,666.044921875,20250225-162029
4226,213,0,0.87060546875,419.4316711425781,1.223785400390625,402.5235900878906,647.6133422851562,20250225-162029
4226,210,0,0.8837890625,88.97947692871094,382.9755859375,1060.7515869140625,980.0621948242188,20250225-162029
4227,218,0,0.2322998046875,292.7703552246094,1415.5513916015625,128.54736328125,234.30250549316406,20250225-162029
4227,217,0,0.36669921875,404.70208740234375,1406.38916015625,210.302490234375,442.45025634765625,20250225-162029
4227,216,0,0.55908203125,439.6449890136719,1569.3504638671875,350.43017578125,627.175537109375,20250225-162029
4227,212,0,0.57373046875,429.39495849609375,322.33355712890625,314.6130065917969,372.8739013671875,20250225-162029
4227,213,0,0.8232421875,448.60406494140625,1.136627197265625,419.5840759277344,622.0050659179688,20250225-162029
4227,210,0,0.84814453125,133.2821807861328,423.1852111816406,973.5866088867188,935.5396728515625,20250225-162029
4228,218,0,0.2493896484375,346.0194396972656,1442.0908203125,140.83648681640625,259.07220458984375,20250225-162029
4228,212,0,0.3720703125,463.6398620605469,350.7072448730469,325.8757019042969,367.7714538574219,20250225-162029
4228,216,0,0.438720703125,491.768310546875,1647.1109619140625,272.224365234375,532.9744262695312,20250225-162029
4228,217,0,0.447509765625,452.081298828125,1449.4000244140625,202.01797485351562,459.21795654296875,20250225-162029
4228,210,0,0.78125,158.31968688964844,477.357421875,919.6082153320312,910.3224487304688,20250225-162029
4228,213,0,0.80322265625,441.10076904296875,1.4300994873046875,451.4997253417969,629.1742553710938,20250225-162029
4229,212,0,0.287841796875,500.99951171875,374.5381164550781,495.5633239746094,482.88897705078125,20250225-162029
4229,218,0,0.306640625,399.70965576171875,1464.79736328125,157.2711181640625,264.44110107421875,20250225-162029
4229,217,0,0.385009765625,512.7106323242188,1486.014892578125,206.99404907226562,438.4530334472656,20250225-162029
4229,216,0,0.453369140625,560.0927734375,1689.5050048828125,229.50091552734375,481.6708679199219,20250225-162029
4229,210,0,0.73779296875,200.08798217773438,508.4266662597656,910.881591796875,867.7249145507812,20250225-162029
4229,213,0,0.841796875,459.1955871582031,1.088653564453125,465.3338928222656,611.6074829101562,20250225-162029
4230,212,0,0.223388671875,522.870849609375,343.0448913574219,415.38592529296875,359.1517333984375,20250225-162029
4230,216,0,0.342529296875,619.3203735351562,1742.72802734375,176.98095703125,427.1313171386719,20250225-162029
4230,217,0,0.39697265625,557.09423828125,1507.46240234375,237.63784790039062,419.88836669921875,20250225-162029
4230,210,0,0.57568359375,232.6549835205078,531.988037109375,947.3670043945312,834.2312622070312,20250225-162029
4230,213,0,0.89697265625,478.77783203125,1.080322265625,487.83544921875,592.6826782226562,20250225-162029
4231,212,0,0.43310546875,529.9039916992188,365.06341552734375,401.8074645996094,536.5260009765625,20250225-162029
4231,214,0,0.541015625,615.81396484375,748.8680419921875,91.599609375,156.257080078125,20250225-162029
4231,216,0,0.56396484375,643.1458129882812,1696.8841552734375,222.29754638671875,426.0429382324219,20250225-162029
4231,177,0,0.64794921875,489.0556640625,1550.98974609375,138.78863525390625,208.07127380371094,20250225-162029
4231,217,0,0.70068359375,631.329833984375,1492.2353515625,256.8375549316406,160.93289184570312,20250225-162029
4231,210,0,0.84228515625,256.03887939453125,535.7583618164062,941.9088134765625,812.949462890625,20250225-162029
4231,213,0,0.89453125,473.251708984375,0.8824310302734375,514.7169189453125,599.486328125,20250225-162029
4232,216,0,0.42333984375,656.3096923828125,1706.59130859375,212.45452880859375,410.7262878417969,20250225-162029
4232,177,0,0.7138671875,492.55133056640625,1575.974853515625,137.474853515625,209.47129821777344,20250225-162029
4232,217,0,0.71533203125,631.1558227539062,1504.4205322265625,261.982177734375,157.4498748779297,20250225-162029
4232,212,0,0.7548828125,514.8857421875,387.46875,368.6135559082031,404.0658264160156,20250225-162029
4232,210,0,0.8916015625,252.2742462158203,535.4635620117188,971.1080932617188,816.79248046875,20250225-162029
4232,213,0,0.9111328125,451.7782287597656,0.582000732421875,540.7842407226562,619.5454711914062,20250225-162029
4233,214,0,0.296630859375,590.1110229492188,771.3550415039062,95.16357421875,156.4413604736328,20250225-162029
4233,216,0,0.363037109375,651.8209228515625,1722.7950439453125,196.1561279296875,415.56591796875,20250225-162029
4233,217,0,0.546875,617.933837890625,1517.168701171875,254.55029296875,168.23312377929688,20250225-162029
4233,212,0,0.68408203125,499.76446533203125,405.40484619140625,363.97869873046875,388.8030700683594,20250225-162029
4233,177,0,0.72802734375,480.298583984375,1587.3468017578125,137.581787109375,204.8347625732422,20250225-162029
4233,210,0,0.8779296875,236.68069458007812,542.8258056640625,993.170654296875,832.777587890625,20250225-162029
4233,213,0,0.91455078125,433.0900573730469,0.742401123046875,550.31689453125,637.0895385742188,20250225-162029
4234,217,0,0.27587890625,596.0469360351562,1591.165283203125,192.8441162109375,192.14263916015625,20250225-162029
4234,216,0,0.28369140625,652.65380859375,1738.1473388671875,180.84503173828125,389.70343017578125,20250225-162029
4234,177,0,0.349609375,458.4363708496094,1596.194091796875,144.21990966796875,209.58511352539062,20250225-162029
4234,212,0,0.77392578125,481.4076843261719,417.0262756347656,361.7384948730469,386.2691650390625,20250225-162029
4234,210,0,0.86083984375,210.824462890625,544.2566528320312,1020.2098388671875,859.0006713867188,20250225-162029
4234,213,0,0.90380859375,410.419189453125,0.738922119140625,564.943603515625,658.421142578125,20250225-162029
4235,217,0,0.28466796875,571.2064819335938,1618.995849609375,206.77642822265625,240.68092346191406,20250225-162029
4235,216,0,0.363037109375,614.2900390625,1749.8792724609375,169.03912353515625,401.3360595703125,20250225-162029
4235,177,0,0.67041015625,434.25848388671875,1550.1785888671875,203.24468994140625,301.52252197265625,20250225-162029
4235,212,0,0.7822265625,456.15972900390625,431.40087890625,357.744873046875,348.5937805175781,20250225-162029
4235,210,0,0.89599609375,175.9563446044922,550.011474609375,1028.1295166015625,894.6099853515625,20250225-162029
4235,213,0,0.93115234375,390.64569091796875,0.726470947265625,578.226318359375,679.1090698242188,20250225-162029
4236,214,0,0.26123046875,537.2211303710938,805.3906860351562,103.31002807617188,162.9076385498047,20250225-162029
4236,177,0,0.56591796875,424.2738037109375,1616.4166259765625,146.73907470703125,223.18124389648438,20250225-162029
4236,217,0,0.56982421875,566.564697265625,1553.51220703125,257.99578857421875,170.4004364013672,20250225-162029
4236,216,0,0.669921875,588.0894165039062,1835.6876220703125,83.67608642578125,213.80776977539062,20250225-162029
4236,210,0,0.85546875,155.89076232910156,562.9226684570312,1047.7705078125,914.0321044921875,20250225-162029
4236,212,0,0.8681640625,446.5841979980469,435.88458251953125,362.60760498046875,346.6115417480469,20250225-162029
4236,213,0,0.94140625,379.3934326171875,0.7386474609375,587.9661254882812,690.1423950195312,20250225-162029
4237,217,0,0.26904296875,574.2418823242188,1650.7891845703125,204.83056640625,197.28038024902344,20250225-162029
4237,218,0,0.4697265625,593.7842407226562,1564.5556640625,129.25689697265625,147.93777465820312,20250225-162029
4237,216,0,0.5146484375,594.691650390625,1843.1773681640625,75.92596435546875,208.0204620361328,20250225-162029
4237,177,0,0.67041015625,425.1006164550781,1626.005126953125,143.21868896484375,228.83920288085938,20250225-162029
4237,210,0,0.81005859375,154.06651306152344,582.0391845703125,1114.760009765625,915.6493530273438,20250225-162029
4237,212,0,0.87939453125,455.734619140625,452.6928405761719,351.4492492675781,357.8615417480469,20250225-162029
4237,213,0,0.93994140625,393.79534912109375,0.18695068359375,595.2767333984375,676.487548828125,20250225-162029
4238,177,0,0.2998046875,440.6047058105469,1616.08740234375,151.23101806640625,239.7021484375,20250225-162029
4238,216,0,0.33642578125,605.9241333007812,1844.9619140625,74.24066162109375,201.87548828125,20250225-162029
4238,217,0,0.4580078125,585.4383544921875,1571.77001953125,254.9761962890625,199.13311767578125,20250225-162029
4238,210,0,0.8505859375,166.70431518554688,599.3291015625,1019.9227294921875,902.710205078125,20250225-162029
4238,212,0,0.87060546875,487.86016845703125,452.7778015136719,352.8628234863281,355.81756591796875,20250225-162029
4238,213,0,0.93212890625,422.86907958984375,0.1886444091796875,594.4242553710938,646.8597412109375,20250225-162029
4239,177,0,0.421630859375,611.088134765625,1646.8868408203125,170.92218017578125,282.5110168457031,20250225-162029
4239,216,0,0.55810546875,648.9273681640625,1776.2486572265625,143.2386474609375,414.08636474609375,20250225-162029
4239,217,0,0.5908203125,468.52783203125,1571.6513671875,189.38616943359375,327.4484558105469,20250225-162029
4239,212,0,0.7001953125,528.6195068359375,443.6970520019531,353.2002868652344,416.1927185058594,20250225-162029
4239,210,0,0.8740234375,206.80062866210938,611.42431640625,975.3348999023438,861.596923828125,20250225-162029
4239,213,0,0.9248046875,462.2153015136719,0.9226226806640625,578.6175537109375,608.0001831054688,20250225-162029
4240,217,0,0.447509765625,506.3179931640625,1559.5286865234375,180.0362548828125,415.0014953613281,20250225-162029
4240,216,0,0.63623046875,695.159423828125,1752.507568359375,167.01837158203125,380.5145568847656,20250225-162029
4240,212,0,0.73388671875,570.8906860351562,430.5149230957031,350.19232177734375,414.67755126953125,20250225-162029
4240,210,0,0.86181640625,237.7552947998047,614.8320922851562,941.8406982421875,831.4068603515625,20250225-162029
4240,213,0,0.91064453125,503.373291015625,1.16253662109375,554.9924926757812,567.9442138671875,20250225-162029
4241,214,0,0.2421875,698.3292846679688,753.1267700195312,108.67121887207031,190.18295288085938,20250225-162029
4241,216,0,0.5,708.4323120117188,1733.2071533203125,186.30377197265625,368.2641296386719,20250225-162029
4241,212,0,0.662109375,599.6470336914062,411.0200500488281,348.4062194824219,443.1593017578125,20250225-162029
4241,217,0,0.705078125,550.7952270507812,1539.26123046875,183.330322265625,349.475830078125,20250225-162029
4241,210,0,0.70556640625,282.2806396484375,855.0316772460938,664.7118530273438,787.484375,20250225-162029
4241,213,0,0.86767578125,524.1077880859375,0.697998046875,512.9610595703125,546.8961791992188,20250225-162029
4242,214,0,0.2069091796875,734.051513671875,735.0888061523438,107.121826171875,178.59820556640625,20250225-162029
4242,217,0,0.416748046875,582.5446166992188,1524.5849609375,165.88247680664062,319.9905090332031,20250225-162029
4242,216,0,0.67578125,720.9331665039062,1709.0577392578125,210.42755126953125,356.8231506347656,20250225-162029
4242,210,0,0.6982421875,309.85565185546875,821.8062744140625,705.8483276367188,761.0966186523438,20250225-162029
4242,212,0,0.76904296875,626.314453125,383.7558288574219,356.9417724609375,446.3623352050781,20250225-162029
4242,213,0,0.88720703125,547.3497924804688,0.9495391845703125,459.0696716308594,524.1735229492188,20250225-162029
4243,210,0,0.5498046875,341.45233154296875,816.8633422851562,640.1922607421875,728.9530029296875,20250225-162029
4243,212,0,0.595703125,650.2086791992188,363.1554260253906,355.8393249511719,350.7644348144531,20250225-162029
4243,217,0,0.68701171875,608.950439453125,1503.85400390625,165.522216796875,304.7259826660156,20250225-162029
4243,216,0,0.72509765625,729.6895751953125,1693.2952880859375,225.71319580078125,343.5347595214844,20250225-162029
4243,213,0,0.9091796875,568.1372680664062,0.831390380859375,430.5768127441406,504.20166015625,20250225-162029
4244,177,0,0.310791015625,770.0203857421875,1729.3341064453125,81.7928466796875,159.43780517578125,20250225-162029
4244,214,0,0.36474609375,800.8591918945312,836.6546630859375,134.51422119140625,215.783935546875,20250225-162029
4244,217,0,0.71630859375,620.3434448242188,1517.920654296875,134.62490844726562,205.47000122070312,20250225-162029
4244,210,0,0.74169921875,349.2325439453125,842.9705200195312,614.7999267578125,721.3789672851562,20250225-162029
4244,216,0,0.80810546875,727.5355834960938,1684.4132080078125,234.65936279296875,343.3327941894531,20250225-162029
4244,212,0,0.84521484375,660.6522216796875,352.8731994628906,359.4654846191406,366.5948791503906,20250225-162029
4244,213,0,0.921875,579.9756469726562,0.86114501953125,421.1033935546875,493.74462890625,20250225-162029
4245,214,0,0.350341796875,802.2275390625,838.7764892578125,127.24850463867188,208.18319702148438,20250225-162029
4245,210,0,0.75830078125,342.3993835449219,775.0900268554688,676.9486083984375,729.500244140625,20250225-162029
4245,216,0,0.763671875,723.5633544921875,1687.2257080078125,232.149169921875,352.3447570800781,20250225-162029
4245,217,0,0.78857421875,619.246337890625,1519.0140380859375,134.16650390625,202.8452911376953,20250225-162029
4245,212,0,0.83203125,661.1522216796875,356.3623352050781,361.7168884277344,367.2933654785156,20250225-162029
4245,213,0,0.91943359375,577.1611328125,1.015411376953125,429.0804748535156,496.6616516113281,20250225-162029
4246,210,0,0.544921875,339.2127380371094,836.8328247070312,612.1495971679688,731.259033203125,20250225-162029
4246,217,0,0.72705078125,622.9689331054688,1530.2977294921875,132.9287109375,197.09266662597656,20250225-162029
4246,216,0,0.79833984375,723.8765258789062,1698.0670166015625,220.95758056640625,350.6767272949219,20250225-162029
4246,212,0,0.86669921875,665.7586669921875,365.5132141113281,355.606201171875,361.69482421875,20250225-162029
4246,213,0,0.9189453125,577.3031616210938,0.847320556640625,431.1651306152344,495.6907958984375,20250225-162029
4247,210,0,0.57568359375,336.6308898925781,776.6768188476562,675.2764892578125,733.7561645507812,20250225-162029
4247,217,0,0.5908203125,619.8701171875,1519.5169677734375,148.19741821289062,275.3314208984375,20250225-162029
4247,216,0,0.6669921875,723.385009765625,1704.5771484375,215.0635986328125,353.6949768066406,20250225-162029
4247,212,0,0.810546875,662.9237060546875,371.6073303222656,355.9545593261719,379.22943115234375,20250225-162029
4247,213,0,0.904296875,572.5178833007812,0.75970458984375,449.0657958984375,499.9699401855469,20250225-162029
4248,212,0,0.452392578125,652.5064086914062,377.1823425292969,358.41778564453125,279.6734313964844,20250225-162029
4248,217,0,0.68359375,606.583740234375,1536.3306884765625,137.0306396484375,202.51553344726562,20250225-162029
4248,210,0,0.8232421875,324.6955261230469,628.864013671875,829.6527099609375,744.919921875,20250225-162029
4248,216,0,0.841796875,715.3515014648438,1706.20361328125,212.8388671875,360.7121276855469,20250225-162029
4248,213,0,0.89013671875,559.9552612304688,0.564971923828125,469.2917175292969,512.4291381835938,20250225-162029
4249,214,0,0.2037353515625,669.4050903320312,857.8443603515625,107.50552368164062,252.00709533691406,20250225-162029
4249,217,0,0.43115234375,603.9710083007812,1535.0069580078125,147.19619750976562,286.18267822265625,20250225-162029
4249,216,0,0.6142578125,713.27294921875,1715.767822265625,203.15093994140625,362.84820556640625,20250225-162029
4249,212,0,0.77587890625,642.0488891601562,388.1827697753906,354.4576721191406,344.64849853515625,20250225-162029
4249,210,0,0.85205078125,311.4383544921875,614.7647094726562,862.2116088867188,760.6591796875,20250225-162029
4249,213,0,0.91552734375,547.9183959960938,1.030242919921875,488.22198486328125,523.0910034179688,20250225-162029
4250,218,0,0.439697265625,596.2153930664062,1553.4404296875,143.7403564453125,204.2007293701172,20250225-162029
4250,219,0,0.5029296875,737.3292236328125,1534.543212890625,224.25439453125,164.1435546875,20250225-162029
4250,216,0,0.65576171875,713.2307739257812,1730.6282958984375,188.30035400390625,363.1817321777344,20250225-162029
4250,212,0,0.7822265625,630.3568725585938,403.5674743652344,352.5815734863281,345.803955078125,20250225-162029
4250,210,0,0.84033203125,308.4366149902344,624.4202270507812,852.834228515625,761.52392578125,20250225-162029
4250,213,0,0.89306640625,538.1409301757812,0.983734130859375,518.4522705078125,533.8499145507812,20250225-162029
4251,220,0,0.438720703125,558.4572143554688,1399.607666015625,134.67178344726562,292.57757568359375,20250225-162029
4251,216,0,0.5,704.649169921875,1741.2044677734375,177.64031982421875,368.1678161621094,20250225-162029
4251,217,0,0.525390625,576.2216186523438,1550.16845703125,159.654052734375,296.86187744140625,20250225-162029
4251,212,0,0.783203125,613.0480346679688,415.1481628417969,353.3931884765625,348.818359375,20250225-162029
4251,210,0,0.865234375,290.4892578125,614.095458984375,874.8197021484375,780.7756958007812,20250225-162029
4251,213,0,0.927734375,517.8704223632812,0.3809051513671875,544.3402099609375,554.1888427734375,20250225-162029
4252,216,0,0.373779296875,685.96435546875,1757.34228515625,161.62225341796875,383.0172119140625,20250225-162029
4252,217,0,0.552734375,550.68212890625,1557.251220703125,155.56951904296875,269.13189697265625,20250225-162029
4252,212,0,0.86572265625,581.70751953125,423.094482421875,349.6658935546875,343.9184265136719,20250225-162029
4252,210,0,0.8671875,266.68511962890625,590.4204711914062,916.5322265625,804.5379638671875,20250225-162029
4252,213,0,0.92626953125,497.3033447265625,0.0,552.91357421875,574.266357421875,20250225-162029
4253,216,0,0.2822265625,664.063720703125,1754.720947265625,164.48931884765625,404.6943664550781,20250225-162029
4253,217,0,0.6689453125,527.93359375,1552.0272216796875,161.001708984375,285.85308837890625,20250225-162029
4253,210,0,0.8642578125,237.77272033691406,561.5096435546875,960.6826171875,833.1866455078125,20250225-162029
4253,212,0,0.87646484375,555.89306640625,423.1745910644531,349.4978942871094,339.0391540527344,20250225-162029
4253,213,0,0.9248046875,468.1009216308594,0.4669189453125,559.9839477539062,602.3216552734375,20250225-162029
4254,218,0,0.23095703125,652.0253295898438,1543.2440185546875,232.6168212890625,162.29742431640625,20250225-162029
4254,217,0,0.60498046875,506.05157470703125,1567.907958984375,140.677734375,198.68881225585938,20250225-162029
4254,210,0,0.86376953125,216.0147247314453,545.77001953125,981.1102294921875,854.89013671875,20250225-162029
4254,212,0,0.89892578125,531.0979614257812,416.0594787597656,353.2850646972656,348.53326416015625,20250225-162029
4254,213,0,0.91845703125,449.97076416015625,0.75860595703125,558.050048828125,621.25390625,20250225-162029
4255,218,0,0.367431640625,636.6832275390625,1538.8758544921875,152.82916259765625,153.67616271972656,20250225-162029
4255,217,0,0.5185546875,488.90216064453125,1558.2769775390625,143.11431884765625,210.95286560058594,20250225-162029
4255,210,0,0.87158203125,198.63169860839844,540.5560913085938,983.0304565429688,870.4995727539062,20250225-162029
4255,212,0,0.87890625,517.7252197265625,414.8183898925781,351.3611755371094,346.7652587890625,20250225-162029
4255,213,0,0.92529296875,429.15618896484375,0.76629638671875,555.3349609375,642.3817749023438,20250225-162029
4256,214,0,0.241455078125,604.064697265625,770.794189453125,93.23062133789062,152.60919189453125,20250225-162030
4256,218,0,0.2822265625,620.973876953125,1553.366455078125,211.23870849609375,179.6711883544922,20250225-162030
4256,217,0,0.57470703125,477.16986083984375,1546.1326904296875,151.997314453125,260.8909606933594,20250225-162030
4256,212,0,0.87939453125,504.31005859375,414.9690856933594,350.4826354980469,344.3280029296875,20250225-162030
4256,210,0,0.88818359375,187.77540588378906,535.48828125,985.3531494140625,881.9898071289062,20250225-162030
4256,213,0,0.92138671875,420.5588684082031,0.9246826171875,554.2765502929688,650.1406860351562,20250225-162030
4257,218,0,0.47265625,611.22265625,1531.449462890625,149.126220703125,149.83102416992188,20250225-162030
4257,217,0,0.66796875,464.6853332519531,1544.88134765625,151.566650390625,246.38067626953125,20250225-162030
4257,212,0,0.82568359375,490.70159912109375,413.92181396484375,352.20147705078125,335.7821960449219,20250225-162030
4257,210,0,0.88427734375,175.3018798828125,529.5785522460938,999.1041870117188,894.8820190429688,20250225-162030
4257,213,0,0.921875,407.77618408203125,0.9591064453125,554.4925537109375,663.2900390625,20250225-162030
4258,218,0,0.4091796875,600.9899291992188,1532.4287109375,113.5166015625,148.22427368164062,20250225-162030
4258,217,0,0.75146484375,451.44769287109375,1538.8187255859375,155.60760498046875,257.1863708496094,20250225-162030
4258,212,0,0.83544921875,479.7955322265625,413.1834716796875,352.96563720703125,317.0799255371094,20250225-162030
4258,210,0,0.88720703125,161.83067321777344,521.6729736328125,1006.2438354492188,908.50634765625,20250225-162030
4258,213,0,0.91943359375,400.3828125,1.2880096435546875,555.72119140625,670.2906494140625,20250225-162030
4259,214,0,0.248046875,568.6404418945312,772.4296875,92.11752319335938,157.07522583007812,20250225-162030
4259,218,0,0.51953125,589.486572265625,1533.5211181640625,151.9833984375,152.00631713867188,20250225-162030
4259,217,0,0.6767578125,441.659912109375,1538.853515625,154.1282958984375,226.8717041015625,20250225-162030
4259,212,0,0.85986328125,472.86151123046875,413.4300842285156,352.47686767578125,338.210693359375,20250225-162030
4259,210,0,0.900390625,152.8636016845703,516.2655029296875,1015.5948486328125,917.5770263671875,20250225-162030
4259,213,0,0.92626953125,392.63421630859375,1.156585693359375,550.370849609375,675.6490478515625,20250225-162030
4260,216,0,0.2509765625,569.5006713867188,1772.22265625,147.2977294921875,257.3992004394531,20250225-162030
4260,219,0,0.25537109375,581.6019897460938,1595.31494140625,170.77587890625,168.4195556640625,20250225-162030
4260,218,0,0.32421875,576.9140625,1530.10693359375,131.5323486328125,150.93325805664062,20250225-162030
4260,217,0,0.64892578125,431.2918395996094,1532.668701171875,155.11953735351562,248.1146697998047,20250225-162030
4260,212,0,0.87646484375,463.98028564453125,409.39508056640625,355.4200744628906,347.6990966796875,20250225-162030
4260,210,0,0.896484375,139.7413787841797,524.0176391601562,1019.6636352539062,931.18212890625,20250225-162030
4260,213,0,0.931640625,384.3438720703125,0.9767303466796875,549.72900390625,684.06298828125,20250225-162030
4261,216,0,0.2371826171875,563.37255859375,1746.410888671875,172.32293701171875,428.39727783203125,20250225-162030
4261,219,0,0.3486328125,568.1178588867188,1602.4449462890625,159.91241455078125,227.25167846679688,20250225-162030
4261,218,0,0.39599609375,569.6519165039062,1528.8167724609375,93.2332763671875,148.0916748046875,20250225-162030
4261,217,0,0.650390625,416.8978576660156,1546.056884765625,139.29840087890625,185.1124267578125,20250225-162030
4261,212,0,0.89111328125,457.0478210449219,405.67724609375,356.838134765625,349.1363220214844,20250225-162030
4261,210,0,0.89453125,135.27337646484375,517.8196411132812,1034.1544189453125,935.4588012695312,20250225-162030
4261,213,0,0.93408203125,377.127685546875,0.7994384765625,546.9547119140625,691.1710205078125,20250225-162030
4262,216,0,0.32177734375,544.5601196289062,1752.2354736328125,166.689697265625,387.40753173828125,20250225-162030
4262,218,0,0.421630859375,549.6373291015625,1520.437255859375,157.776123046875,149.501220703125,20250225-162030
4262,217,0,0.454345703125,402.9162902832031,1536.7218017578125,143.07220458984375,200.28985595703125,20250225-162030
4262,210,0,0.8837890625,116.10480499267578,509.61492919921875,1052.313232421875,954.6117553710938,20250225-162030
4262,212,0,0.8916015625,445.03839111328125,403.5090637207031,356.3857727050781,346.9849853515625,20250225-162030
4262,213,0,0.927734375,372.2162780761719,0.663299560546875,545.576904296875,695.468017578125,20250225-162030
4263,216,0,0.2393798828125,528.8670654296875,1757.73681640625,161.31005859375,371.95208740234375,20250225-162030
4263,218,0,0.29833984375,537.8663940429688,1519.50927734375,227.98379516601562,153.80116271972656,20250225-162030
4263,217,0,0.435791015625,388.94580078125,1526.5799560546875,145.1458740234375,243.56947326660156,20250225-162030
4263,212,0,0.88623046875,430.34820556640625,392.5419616699219,364.6162109375,351.37322998046875,20250225-162030
4263,210,0,0.90576171875,95.1577377319336,504.92681884765625,1069.15283203125,976.2019653320312,20250225-162030
4263,213,0,0.935546875,357.27520751953125,1.0546875,541.2866821289062,710.6460571289062,20250225-162030
4264,216,0,0.33984375,521.3104858398438,1718.763427734375,200.28131103515625,413.9614562988281,20250225-162030
4264,218,0,0.42626953125,529.563232421875,1508.2576904296875,233.3001708984375,148.23062133789062,20250225-162030
4264,217,0,0.71533203125,380.466064453125,1510.856689453125,154.79296875,244.60557556152344,20250225-162030
4264,212,0,0.89111328125,422.4611511230469,390.6341857910156,360.34747314453125,352.2788391113281,20250225-162030
4264,210,0,0.9091796875,84.71119689941406,505.4073486328125,1073.495361328125,987.3616333007812,20250225-162030
4264,213,0,0.93310546875,350.3327941894531,1.131500244140625,539.4893188476562,716.889404296875,20250225-162030
4265,216,0,0.4716796875,518.4051513671875,1721.9271240234375,197.127685546875,428.5979919433594,20250225-162030
4265,218,0,0.64501953125,524.8858032226562,1508.8028564453125,233.02890014648438,149.33351135253906,20250225-162030
4265,212,0,0.79052734375,414.81103515625,389.8479309082031,360.1124267578125,335.108154296875,20250225-162030
4265,217,0,0.79248046875,375.5533447265625,1507.644775390625,158.244140625,246.8612518310547,20250225-162030
4265,210,0,0.908203125,77.72071838378906,499.41815185546875,1081.340576171875,993.333251953125,20250225-162030
4265,213,0,0.93115234375,346.54388427734375,1.0739593505859375,540.9388427734375,720.70166015625,20250225-162030
4266,219,0,0.223388671875,523.6660766601562,1589.5726318359375,158.06378173828125,104.34925842285156,20250225-162030
4266,218,0,0.30908203125,523.1091918945312,1506.53173828125,156.6998291015625,147.4169158935547,20250225-162030
4266,217,0,0.61669921875,371.7485046386719,1521.456298828125,148.9112548828125,234.25177001953125,20250225-162030
4266,212,0,0.84814453125,409.93328857421875,393.5244140625,363.24261474609375,336.3727722167969,20250225-162030
4266,210,0,0.91650390625,69.7188949584961,496.12664794921875,1100.09912109375,1001.221435546875,20250225-162030
4266,213,0,0.9345703125,338.3420104980469,1.430145263671875,549.1705322265625,729.8986206054688,20250225-162030
4267,216,0,0.2239990234375,529.1117553710938,1779.40576171875,140.1826171875,240.59535217285156,20250225-162030
4267,218,0,0.450439453125,526.6249389648438,1515.1798095703125,172.831787109375,146.53465270996094,20250225-162030
4267,217,0,0.60107421875,372.731689453125,1533.7100830078125,144.4595947265625,217.4883575439453,20250225-162030
4267,212,0,0.83984375,407.64984130859375,401.96630859375,362.01580810546875,305.0025634765625,20250225-162030
4267,210,0,0.919921875,68.56421661376953,495.59197998046875,1089.745849609375,1001.8844604492188,20250225-162030
4267,213,0,0.93603515625,332.9339904785156,1.5745697021484375,554.6275634765625,734.955078125,20250225-162030
4268,214,0,0.267333984375,508.05810546875,774.7058715820312,93.53402709960938,155.3113555908203,20250225-162030
4268,221,0,0.276611328125,532.5910034179688,1809.22998046875,84.78497314453125,80.94541931152344,20250225-162030
4268,216,0,0.30908203125,538.74169921875,1782.4925537109375,135.69378662109375,224.30743408203125,20250225-162030
4268,218,0,0.36572265625,536.7731323242188,1520.340087890625,86.719482421875,138.77032470703125,20250225-162030
4268,219,0,0.419677734375,529.0182495117188,1557.71630859375,212.73138427734375,161.40919494628906,20250225-162030
4268,217,0,0.64404296875,376.2762451171875,1538.2994384765625,147.9027099609375,218.9851531982422,20250225-162030
4268,212,0,0.82421875,408.6075439453125,410.5231018066406,356.6769104003906,341.64794921875,20250225-162030
4268,210,0,0.90771484375,71.14299774169922,498.4317626953125,1086.855224609375,999.8265991210938,20250225-162030
4268,213,0,0.94189453125,331.8408508300781,1.3748931884765625,559.5050659179688,736.9129638671875,20250225-162030
4269,216,0,0.37841796875,559.4664916992188,1790.8524169921875,128.69366455078125,201.3363037109375,20250225-162030
4269,217,0,0.57177734375,383.03411865234375,1537.7530517578125,152.21063232421875,237.46218872070312,20250225-162030
4269,219,0,0.58056640625,534.86181640625,1545.72265625,228.2589111328125,167.51022338867188,20250225-162030
4269,212,0,0.77197265625,410.348876953125,414.9260559082031,355.2151794433594,350.4333190917969,20250225-162030
4269,210,0,0.916015625,72.80330657958984,501.7510986328125,1081.0169677734375,997.1690063476562,20250225-162030
4269,213,0,0.9345703125,333.0214538574219,1.1817626953125,561.462158203125,735.2948608398438,20250225-162030
4270,216,0,0.28857421875,565.4566650390625,1797.692626953125,121.7288818359375,204.09396362304688,20250225-162030
4270,219,0,0.4931640625,544.9527587890625,1603.958984375,169.556396484375,163.45523071289062,20250225-162030
4270,218,0,0.51953125,558.240966796875,1524.4207763671875,95.546630859375,135.38331604003906,20250225-162030
4270,217,0,0.57275390625,391.708251953125,1542.544921875,149.9454345703125,221.16941833496094,20250225-162030
4270,212,0,0.85400390625,415.221923828125,416.745849609375,355.1326904296875,342.4426574707031,20250225-162030
4270,210,0,0.904296875,80.05995178222656,505.3934326171875,1072.93798828125,990.1920776367188,20250225-162030
4270,213,0,0.9375,337.7751770019531,1.182861328125,565.373046875,730.4490356445312,20250225-162030
4271,216,0,0.260498046875,574.8226928710938,1744.2037353515625,174.9613037109375,397.253662109375,20250225-162030
4271,221,0,0.29833984375,550.4192504882812,1816.9742431640625,85.7047119140625,88.73091125488281,20250225-162030
4271,219,0,0.5517578125,547.8561401367188,1592.6923828125,178.53240966796875,152.11215209960938,20250225-162030
4271,217,0,0.765625,395.9178161621094,1530.4962158203125,163.6259765625,296.5974426269531,20250225-162030
4271,212,0,0.8271484375,419.3897705078125,416.49481201171875,357.5761413574219,315.7737731933594,20250225-162030
4271,210,0,0.91650390625,83.21113586425781,507.25299072265625,1074.837890625,986.8236083984375,20250225-162030
4271,213,0,0.9404296875,342.1689453125,1.374755859375,565.2293701171875,725.9095458984375,20250225-162030
4272,221,0,0.301513671875,550.1678466796875,1794.39697265625,105.93731689453125,180.14779663085938,20250225-162030
4272,219,0,0.4580078125,547.7036743164062,1572.7679443359375,200.18975830078125,155.98834228515625,20250225-162030
4272,217,0,0.7529296875,396.1962585449219,1527.345703125,164.8216552734375,292.6954650878906,20250225-162030
4272,212,0,0.810546875,418.8733215332031,416.9087219238281,355.2492370605469,317.5927734375,20250225-162030
4272,210,0,0.91259765625,83.7209701538086,506.2034912109375,1073.068359375,986.3935546875,20250225-162030
4272,213,0,0.93603515625,341.9928894042969,1.2011260986328125,561.6941528320312,725.9807739257812,20250225-162030
4273,221,0,0.247314453125,569.8910522460938,1787.483642578125,132.04815673828125,215.5053253173828,20250225-162030
4273,216,0,0.373779296875,553.0541381835938,1812.0948486328125,80.3741455078125,76.64376068115234,20250225-162030
4273,214,0,0.6689453125,516.3377685546875,775.6170043945312,91.3330078125,157.25796508789062,20250225-162030
4273,217,0,0.67724609375,396.218505859375,1528.1129150390625,156.3489990234375,276.6939697265625,20250225-162030
4273,212,0,0.81689453125,421.7789611816406,412.3633117675781,356.2142028808594,308.5122375488281,20250225-162030
4273,210,0,0.92529296875,84.28933715820312,505.40899658203125,1066.84814453125,985.7001342773438,20250225-162030
4273,213,0,0.93798828125,344.6309814453125,1.363128662109375,557.5706176757812,723.9892578125,20250225-162030
4274,216,0,0.230224609375,552.3854370117188,1796.127685546875,89.9901123046875,99.81263732910156,20250225-162030
4274,221,0,0.26123046875,566.3431396484375,1785.8583984375,133.83306884765625,232.88027954101562,20250225-162030
4274,219,0,0.458984375,549.8150634765625,1526.697509765625,234.76025390625,148.74423217773438,20250225-162030
4274,217,0,0.5859375,397.2459716796875,1528.8065185546875,147.1314697265625,250.99073791503906,20250225-162030
4274,212,0,0.80517578125,424.7212219238281,405.9166259765625,359.8576354980469,307.6519470214844,20250225-162030
4274,210,0,0.91943359375,87.55331420898438,504.3922119140625,1064.00537109375,981.8212890625,20250225-162030
4274,213,0,0.93994140625,348.0395812988281,1.5471954345703125,552.46875,720.8135986328125,20250225-162030
4275,219,0,0.244384765625,550.24658203125,1578.299560546875,180.17120361328125,168.96157836914062,20250225-162030
4275,216,0,0.257568359375,551.624267578125,1788.2991943359375,89.5623779296875,91.11107635498047,20250225-162030
4275,221,0,0.306640625,567.4491577148438,1740.13623046875,178.18670654296875,385.48468017578125,20250225-162030
4275,217,0,0.755859375,396.1475830078125,1514.164306640625,157.3875732421875,282.94793701171875,20250225-162030
4275,212,0,0.86669921875,425.7623596191406,403.8211669921875,355.77923583984375,348.0343322753906,20250225-162030
4275,210,0,0.923828125,89.60792541503906,505.07373046875,1063.9866943359375,980.7030029296875,20250225-162030
4275,213,0,0.94140625,349.9449462890625,1.189453125,550.384033203125,718.1182250976562,20250225-162030
4276,216,0,0.265869140625,550.2894897460938,1781.9271240234375,95.652099609375,97.5644760131836,20250225-162030
4276,221,0,0.30322265625,558.9943237304688,1742.7637939453125,175.8076171875,402.96820068359375,20250225-162030
4276,219,0,0.42919921875,548.8477783203125,1504.751953125,251.97802734375,147.44403076171875,20250225-162030
4276,217,0,0.75,395.6087646484375,1517.018310546875,150.8902587890625,249.53578186035156,20250225-162030
4276,212,0,0.9013671875,423.9951171875,402.25469970703125,355.3384094238281,352.71881103515625,20250225-162030
4276,210,0,0.91552734375,88.81845092773438,504.94610595703125,1063.17236328125,982.0338134765625,20250225-162030
4276,213,0,0.93701171875,348.80364990234375,1.2260284423828125,547.2335205078125,718.60791015625,20250225-162030
4277,216,0,0.30908203125,543.1038208007812,1774.1224365234375,100.8167724609375,141.3124542236328,20250225-162030
4277,221,0,0.4140625,555.3180541992188,1733.7513427734375,185.30987548828125,406.953857421875,20250225-162030
4277,219,0,0.4921875,544.9906005859375,1553.9501953125,213.06683349609375,160.4560546875,20250225-162030
4277,217,0,0.73583984375,392.34588623046875,1518.1861572265625,149.23818969726562,243.96202087402344,20250225-162030
4277,212,0,0.8759765625,420.0616455078125,399.70123291015625,358.9031982421875,345.5209655761719,20250225-162030
4277,210,0,0.91796875,82.88034057617188,500.60931396484375,1072.481689453125,988.3917846679688,20250225-162030
4277,213,0,0.935546875,345.3969421386719,1.2288665771484375,548.4989013671875,722.1519775390625,20250225-162030
4278,216,0,0.280517578125,541.4963989257812,1780.3414306640625,94.69683837890625,113.7308120727539,20250225-162030
4278,221,0,0.4580078125,554.1610107421875,1745.2935791015625,173.466064453125,406.80810546875,20250225-162030
4278,219,0,0.458984375,541.7116088867188,1588.65087890625,165.06646728515625,168.20236206054688,20250225-162030
4278,217,0,0.7646484375,388.6900329589844,1514.9757080078125,153.64974975585938,293.7940979003906,20250225-162030
4278,212,0,0.8818359375,416.46063232421875,402.74395751953125,356.83538818359375,349.281982421875,20250225-162030
4278,210,0,0.92041015625,78.6240005493164,500.2188720703125,1074.7987060546875,992.1940307617188,20250225-162030
4278,213,0,0.93701171875,340.01654052734375,1.212432861328125,548.6580810546875,727.9208984375,20250225-162030
4279,221,0,0.2147216796875,563.8833618164062,1781.54150390625,138.08990478515625,217.28665161132812,20250225-162030
4279,216,0,0.37939453125,540.245361328125,1799.6539306640625,78.4552001953125,81.57331848144531,20250225-162030
4279,219,0,0.45703125,539.7855224609375,1570.19140625,187.53076171875,168.2832489013672,20250225-162030
4279,217,0,0.5927734375,388.1143493652344,1517.7381591796875,155.478515625,290.5907287597656,20250225-162030
4279,212,0,0.8583984375,413.656982421875,403.3970947265625,357.1339416503906,340.76568603515625,20250225-162030
4279,210,0,0.91357421875,75.91226196289062,498.34222412109375,1077.92626953125,994.7655029296875,20250225-162030
4279,213,0,0.9345703125,337.97705078125,1.58935546875,552.1102294921875,730.1141357421875,20250225-162030
4280,177,0,0.259765625,549.682861328125,1736.3748779296875,182.64404296875,417.3764953613281,20250225-162030
4280,214,0,0.2861328125,506.46173095703125,770.5372924804688,92.87283325195312,162.87442016601562,20250225-162030
4280,221,0,0.3310546875,538.4657592773438,1777.811279296875,105.75054931640625,168.36822509765625,20250225-162030
4280,219,0,0.546875,537.905029296875,1523.0802001953125,234.00650024414062,151.7903289794922,20250225-162030
4280,217,0,0.607421875,385.46685791015625,1526.8145751953125,149.71664428710938,221.12457275390625,20250225-162030
4280,212,0,0.8017578125,410.2800598144531,405.6341857910156,357.87286376953125,333.00091552734375,20250225-162030
4280,210,0,0.90673828125,72.6439208984375,497.0584716796875,1096.8116455078125,998.5896606445312,20250225-162030
4280,213,0,0.93701171875,332.5037841796875,1.5666961669921875,556.3331909179688,735.9404907226562,20250225-162030
4281,216,0,0.2330322265625,535.9967651367188,1801.2081298828125,85.0916748046875,90.42803955078125,20250225-162030
4281,177,0,0.3251953125,551.24951171875,1734.1878662109375,184.93414306640625,481.69573974609375,20250225-162030
4281,219,0,0.484375,535.779296875,1569.832763671875,193.71075439453125,153.27511596679688,20250225-162030
4281,217,0,0.56787109375,380.7396240234375,1534.2740478515625,149.4722900390625,216.7737274169922,20250225-162030
4281,214,0,0.63232421875,500.7176513671875,771.8054809570312,91.33035278320312,159.71109008789062,20250225-162030
4281,212,0,0.77783203125,407.4056701660156,407.1351318359375,358.95941162109375,288.25677490234375,20250225-162030
4281,210,0,0.91357421875,69.16426086425781,498.6053466796875,1095.92724609375,1002.4766235351562,20250225-162030
4281,213,0,0.9384765625,328.8982238769531,1.1793365478515625,559.3154296875,740.1995849609375,20250225-162030
4282,221,0,0.26806640625,554.8704833984375,1791.3702392578125,127.87005615234375,198.51882934570312,20250225-162030
4282,214,0,0.393310546875,500.1220397949219,775.185791015625,92.43447875976562,154.83847045898438,20250225-162030
4282,216,0,0.453369140625,534.50830078125,1810.98046875,82.64190673828125,80.42155456542969,20250225-162030
4282,219,0,0.5546875,529.2053833007812,1530.8470458984375,234.83349609375,156.38351440429688,20250225-162030
4282,217,0,0.70166015625,375.77362060546875,1542.4892578125,147.52569580078125,210.89028930664062,20250225-162030
4282,212,0,0.8388671875,402.4903869628906,411.8299255371094,356.4137878417969,340.7565002441406,20250225-162030
4282,210,0,0.91064453125,66.71885681152344,497.76983642578125,1098.3101806640625,1004.5234375,20250225-162030
4282,213,0,0.9384765625,325.3026123046875,1.3791046142578125,564.1433715820312,743.9165649414062,20250225-162030
4283,221,0,0.260498046875,558.8842163085938,1799.1134033203125,120.14447021484375,190.86642456054688,20250225-162030
4283,219,0,0.34326171875,524.9042358398438,1606.2586669921875,165.44732666015625,162.61705017089844,20250225-162030
4283,216,0,0.5009765625,529.968017578125,1817.2130126953125,79.396728515625,85.7612075805664,20250225-162030
4283,217,0,0.7421875,372.40802001953125,1536.577880859375,157.03143310546875,301.0218200683594,20250225-162030
4283,212,0,0.8525390625,399.3992004394531,413.5931396484375,358.1174011230469,344.6325378417969,20250225-162030
4283,210,0,0.90869140625,64.51884460449219,499.6614990234375,1099.510986328125,1006.4219970703125,20250225-162030
4283,213,0,0.9384765625,319.11962890625,0.7433624267578125,563.7620849609375,751.1140747070312,20250225-162030
4284,219,0,0.24365234375,521.1461181640625,1579.037109375,188.18719482421875,149.8972930908203,20250225-162030
4284,216,0,0.256103515625,525.19189453125,1819.22900390625,79.81402587890625,85.81888580322266,20250225-162030
4284,177,0,0.453369140625,553.4157104492188,1741.9647216796875,177.0465087890625,391.6412658691406,20250225-162030
4284,217,0,0.740234375,367.7743835449219,1536.9722900390625,160.99658203125,301.51025390625,20250225-162030
4284,212,0,0.7744140625,396.28802490234375,411.107666015625,360.46636962890625,313.9962158203125,20250225-162030
4284,210,0,0.91259765625,61.13453674316406,499.31341552734375,1109.004150390625,1009.46630859375,20250225-162030
4284,213,0,0.94287109375,315.1434326171875,0.74542236328125,563.2958984375,754.7518920898438,20250225-162030
4285,219,0,0.220703125,518.8641357421875,1615.661865234375,161.85003662109375,161.43310546875,20250225-162030
4285,177,0,0.356689453125,533.9559936523438,1745.9967041015625,172.982666015625,383.42626953125,20250225-162030
4285,221,0,0.436767578125,515.3128051757812,1796.816162109375,109.900634765625,188.36570739746094,20250225-162030
4285,212,0,0.78466796875,388.5896911621094,413.75628662109375,363.0860595703125,322.4853515625,20250225-162030
4285,217,0,0.8037109375,360.33001708984375,1541.109375,165.87213134765625,302.3076477050781,20250225-162030
4285,210,0,0.90478515625,55.00468444824219,499.43475341796875,1126.1583251953125,1014.0543823242188,20250225-162030
4285,213,0,0.9384765625,308.6519775390625,0.9393310546875,567.259765625,761.0076904296875,20250225-162030
4286,221,0,0.359375,508.1200866699219,1803.4654541015625,114.12451171875,195.23683166503906,20250225-162031
4286,219,0,0.55078125,500.52044677734375,1548.059814453125,154.470703125,151.50331115722656,20250225-162031
4286,217,0,0.64892578125,350.0085144042969,1546.9229736328125,167.3323974609375,207.52987670898438,20250225-162031
4286,212,0,0.8330078125,381.2195739746094,422.1255798339844,357.6332702636719,342.0049133300781,20250225-162031
4286,210,0,0.90478515625,45.357398986816406,511.43572998046875,1140.99609375,1026.0443115234375,20250225-162031
4286,213,0,0.94482421875,304.36865234375,0.7497711181640625,569.7353515625,765.7783203125,20250225-162031
4287,221,0,0.296630859375,503.1185607910156,1813.329345703125,106.01934814453125,207.4972381591797,20250225-162031
4287,219,0,0.56689453125,498.3872985839844,1550.5653076171875,234.8499755859375,154.87319946289062,20250225-162031
4287,217,0,0.6103515625,347.7017517089844,1566.88330078125,153.10308837890625,201.61981201171875,20250225-162031
4287,212,0,0.88037109375,384.3387451171875,426.7793884277344,354.1599426269531,356.5347595214844,20250225-162031
4287,210,0,0.90234375,50.06126403808594,514.4463500976562,1126.24853515625,1020.0076293945312,20250225-162031
4287,213,0,0.94189453125,309.62152099609375,0.737640380859375,570.4857788085938,760.5203247070312,20250225-162031
4288,177,0,0.2274169921875,535.278564453125,1758.3079833984375,161.20880126953125,410.6430969238281,20250225-162031
4288,221,0,0.36376953125,506.7420654296875,1804.5164794921875,115.02337646484375,203.83282470703125,20250225-162031
4288,219,0,0.6162109375,502.4122619628906,1552.6285400390625,154.5574951171875,154.62754821777344,20250225-162031
4288,217,0,0.66796875,351.0457458496094,1552.634765625,171.0556640625,208.49403381347656,20250225-162031
4288,212,0,0.869140625,397.7669677734375,425.05059814453125,357.3115539550781,348.8745422363281,20250225-162031
4288,210,0,0.90234375,47.52796936035156,522.0335083007812,1105.5347900390625,1022.5712280273438,20250225-162031
4288,213,0,0.9423828125,323.95892333984375,0.549591064453125,569.1829833984375,745.8952026367188,20250225-162031
4289,221,0,0.4951171875,510.17828369140625,1808.0262451171875,110.8370361328125,196.84010314941406,20250225-162031
4289,219,0,0.56689453125,507.0440979003906,1553.361328125,237.10015869140625,169.14100646972656,20250225-162031
4289,217,0,0.7216796875,358.41351318359375,1551.052001953125,176.44097900390625,206.8113555908203,20250225-162031
4289,212,0,0.8779296875,407.5230712890625,425.3741455078125,356.81396484375,357.5900573730469,20250225-162031
4289,210,0,0.896484375,60.65989685058594,533.2597045898438,1079.33251953125,1010.30078125,20250225-162031
4289,213,0,0.94189453125,345.3388366699219,0.9774169921875,570.1123046875,723.01708984375,20250225-162031
4290,177,0,0.22607421875,533.0670776367188,1755.98583984375,163.33062744140625,415.9451599121094,20250225-162031
4290,221,0,0.393310546875,515.3485717773438,1812.1556396484375,107.36517333984375,194.12074279785156,20250225-162031
4290,219,0,0.64501953125,513.4144287109375,1554.2530517578125,237.7152099609375,157.30740356445312,20250225-162031
4290,217,0,0.76953125,362.1551208496094,1547.5030517578125,180.967529296875,218.35116577148438,20250225-162031
4290,212,0,0.84326171875,417.30718994140625,420.8506164550781,358.5605163574219,351.6526184082031,20250225-162031
4290,210,0,0.90771484375,80.58403015136719,532.7345581054688,1073.20166015625,989.4804077148438,20250225-162031
4290,213,0,0.9384765625,354.791015625,1.122528076171875,568.77099609375,714.5402221679688,20250225-162031
4291,221,0,0.367431640625,516.1364135742188,1809.9063720703125,106.25921630859375,127.72584533691406,20250225-162031
4291,177,0,0.445556640625,576.1753540039062,1753.8951416015625,165.42462158203125,382.51275634765625,20250225-162031
4291,219,0,0.595703125,512.5531005859375,1551.8323974609375,230.38623046875,158.47503662109375,20250225-162031
4291,217,0,0.76953125,364.29034423828125,1547.2730712890625,182.18060302734375,217.78721618652344,20250225-162031
4291,212,0,0.8369140625,420.4771728515625,420.8941955566406,357.7817687988281,326.00469970703125,20250225-162031
4291,210,0,0.90576171875,84.11355590820312,526.8295288085938,1063.00048828125,987.2997436523438,20250225-162031
4291,213,0,0.94189453125,361.4726867675781,1.3471527099609375,568.7274169921875,706.554443359375,20250225-162031
4292,177,0,0.201171875,557.7830200195312,1753.4080810546875,166.1326904296875,390.7044677734375,20250225-162031
4292,220,0,0.368408203125,389.86431884765625,1466.9263916015625,94.8914794921875,235.62506103515625,20250225-162031
4292,221,0,0.5048828125,517.3319091796875,1810.7640380859375,108.6529541015625,192.24288940429688,20250225-162031
4292,219,0,0.57470703125,513.5029296875,1548.2794189453125,236.26409912109375,157.22598266601562,20250225-162031
4292,217,0,0.7734375,364.98486328125,1547.3111572265625,186.356689453125,220.8284149169922,20250225-162031
4292,212,0,0.8623046875,420.47991943359375,419.111572265625,360.1165466308594,321.0886535644531,20250225-162031
4292,210,0,0.9013671875,95.99870300292969,533.3468627929688,1057.320556640625,974.854248046875,20250225-162031
4292,213,0,0.93896484375,364.8380126953125,1.2973480224609375,566.9199829101562,705.435302734375,20250225-162031
4293,220,0,0.262939453125,392.98052978515625,1461.2999267578125,97.6475830078125,232.09352111816406,20250225-162031
4293,219,0,0.46875,516.9893798828125,1550.350341796875,237.53778076171875,163.28330993652344,20250225-162031
4293,221,0,0.494140625,518.6311645507812,1808.4722900390625,107.5682373046875,184.82115173339844,20250225-162031
4293,217,0,0.79736328125,367.27484130859375,1546.16748046875,186.79595947265625,219.60223388671875,20250225-162031
4293,212,0,0.81298828125,424.3399658203125,416.8426208496094,360.46600341796875,314.2399597167969,20250225-162031
4293,210,0,0.8876953125,113.83235168457031,530.5796508789062,1043.689453125,955.7255859375,20250225-162031
4293,213,0,0.935546875,367.1693420410156,0.929718017578125,564.2099609375,702.5830078125,20250225-162031
4294,220,0,0.216064453125,397.9065246582031,1452.2083740234375,103.3447265625,235.33375549316406,20250225-162031
4294,221,0,0.369384765625,527.1661376953125,1799.6282958984375,110.14910888671875,194.45620727539062,20250225-162031
4294,214,0,0.4111328125,514.8076782226562,780.8419189453125,97.86721801757812,158.1829071044922,20250225-162031
4294,219,0,0.47265625,522.5223388671875,1546.8878173828125,235.7244873046875,163.5245361328125,20250225-162031
4294,217,0,0.7099609375,370.7924499511719,1543.6962890625,184.3055419921875,225.02857971191406,20250225-162031
4294,212,0,0.85888671875,431.3174133300781,410.12969970703125,362.8626708984375,350.62384033203125,20250225-162031
4294,210,0,0.88671875,126.5648193359375,533.05078125,1015.675048828125,943.21533203125,20250225-162031
4294,213,0,0.93212890625,377.62322998046875,0.9196014404296875,561.004150390625,691.9722290039062,20250225-162031
4295,220,0,0.2049560546875,406.1903991699219,1438.6314697265625,109.7413330078125,235.3970184326172,20250225-162031
4295,219,0,0.363037109375,530.810546875,1553.5169677734375,218.11505126953125,155.5396728515625,20250225-162031
4295,217,0,0.521484375,378.9620666503906,1539.95556640625,180.941162109375,236.8911590576172,20250225-162031
4295,212,0,0.8359375,437.4972229003906,406.27093505859375,362.93572998046875,341.18402099609375,20250225-162031
4295,210,0,0.88525390625,137.106201171875,530.788330078125,984.843017578125,933.2061767578125,20250225-162031
4295,213,0,0.9306640625,389.3845520019531,1.1788787841796875,556.9117431640625,680.7265625,20250225-162031
4296,221,0,0.271240234375,535.396728515625,1788.894287109375,103.10357666015625,121.32725524902344,20250225-162031
4296,219,0,0.306640625,535.0739135742188,1601.7813720703125,162.9591064453125,155.90972900390625,20250225-162031
4296,214,0,0.406494140625,526.6881103515625,770.8985595703125,93.40255737304688,162.3612823486328,20250225-162031
4296,217,0,0.55810546875,384.0106201171875,1538.3624267578125,177.28564453125,239.23956298828125,20250225-162031
4296,220,0,0.6123046875,407.9463195800781,1432.7259521484375,106.3641357421875,214.88739013671875,20250225-162031
4296,212,0,0.8017578125,444.3211975097656,399.5039978027344,363.33160400390625,325.3390808105469,20250225-162031
4296,210,0,0.87890625,162.6895751953125,530.4534912109375,951.7695922851562,906.4964599609375,20250225-162031
4296,213,0,0.93408203125,398.0231628417969,0.9237213134765625,556.8297119140625,672.52978515625,20250225-162031
4297,177,0,0.2493896484375,558.205810546875,1791.380859375,127.66314697265625,221.3119354248047,20250225-162031
4297,221,0,0.310791015625,536.9968872070312,1802.6671142578125,81.23089599609375,89.2305679321289,20250225-162031
4297,219,0,0.36572265625,535.9030151367188,1590.5072021484375,169.55438232421875,154.83453369140625,20250225-162031
4297,220,0,0.61669921875,410.51580810546875,1426.60888671875,105.34478759765625,216.1058349609375,20250225-162031
4297,217,0,0.6376953125,387.2244567871094,1531.9290771484375,182.04428100585938,290.59967041015625,20250225-162031
4297,212,0,0.8681640625,449.95587158203125,396.742431640625,361.5340576171875,355.7773132324219,20250225-162031
4297,210,0,0.90576171875,179.3063201904297,539.5018310546875,919.57763671875,890.3558959960938,20250225-162031
4297,213,0,0.9287109375,405.8152160644531,1.0036468505859375,551.2252197265625,664.517333984375,20250225-162031
4298,214,0,0.2108154296875,529.9075927734375,767.2186889648438,97.7574462890625,161.122314453125,20250225-162031
4298,221,0,0.3896484375,535.3936157226562,1780.5732421875,97.60015869140625,152.80780029296875,20250225-162031
4298,177,0,0.5078125,561.1658325195312,1729.505126953125,189.58502197265625,402.6393127441406,20250225-162031
4298,219,0,0.57275390625,532.6888427734375,1526.694580078125,231.544921875,155.81076049804688,20250225-162031
4298,220,0,0.587890625,407.0718688964844,1415.902587890625,109.97286987304688,224.93966674804688,20250225-162031
4298,217,0,0.73583984375,385.29473876953125,1532.2701416015625,177.815185546875,234.78598022460938,20250225-162031
4298,212,0,0.896484375,454.5655822753906,391.88983154296875,364.0979919433594,356.1787414550781,20250225-162031
4298,210,0,0.89697265625,206.375,550.1199951171875,891.705322265625,863.9010009765625,20250225-162031
4298,213,0,0.93115234375,419.82073974609375,1.028961181640625,549.012939453125,650.6077880859375,20250225-162031
4299,177,0,0.275146484375,553.4923095703125,1735.0177001953125,183.8704833984375,400.0393371582031,20250225-162031
4299,219,0,0.4609375,528.1885986328125,1526.553955078125,145.0074462890625,154.5492706298828,20250225-162031
4299,217,0,0.5390625,383.4075012207031,1534.5,173.279296875,244.29869079589844,20250225-162031
4299,221,0,0.57958984375,530.028076171875,1776.3544921875,100.28997802734375,142.64382934570312,20250225-162031
4299,220,0,0.708984375,409.21392822265625,1416.4705810546875,104.8333740234375,247.3963623046875,20250225-162031
4299,212,0,0.84033203125,457.16522216796875,390.2824401855469,364.4784851074219,329.2289123535156,20250225-162031
4299,210,0,0.91162109375,218.46896362304688,554.8873901367188,879.1203002929688,851.6441040039062,20250225-162031
4299,213,0,0.93115234375,444.19097900390625,0.8248443603515625,550.3648071289062,626.2293090820312,20250225-162031
4300,221,0,0.29248046875,519.4037475585938,1772.169921875,100.38720703125,200.29205322265625,20250225-162031
4300,219,0,0.38037109375,516.8087768554688,1520.8974609375,149.391357421875,159.30142211914062,20250225-162031
4300,220,0,0.583984375,399.0666198730469,1408.754150390625,107.88601684570312,264.2091369628906,20250225-162031
4300,217,0,0.76904296875,374.03143310546875,1564.35107421875,140.633056640625,188.90463256835938,20250225-162031
4300,212,0,0.89892578125,456.0999755859375,385.2759704589844,369.3273010253906,355.42987060546875,20250225-162031
4300,210,0,0.91455078125,233.76055908203125,555.428466796875,877.3377685546875,835.8424072265625,20250225-162031
4300,213,0,0.9248046875,449.0551452636719,1.0474090576171875,549.7735595703125,618.9546508789062,20250225-162031
4301,221,0,0.2401123046875,529.228271484375,1769.6429443359375,150.02783203125,234.37167358398438,20250225-162031
4301,216,0,0.287841796875,500.8346862792969,1769.010986328125,98.47998046875,120.7448959350586,20250225-162031
4301,219,0,0.390380859375,500.42706298828125,1523.068115234375,233.846923828125,177.02391052246094,20250225-162031
4301,217,0,0.45703125,356.068603515625,1560.0714111328125,141.11224365234375,193.0250701904297,20250225-162031
4301,220,0,0.5830078125,383.40618896484375,1403.3536376953125,107.96044921875,290.2297668457031,20250225-162031
4301,212,0,0.89990234375,450.7000427246094,383.38714599609375,367.6734924316406,352.7243957519531,20250225-162031
4301,210,0,0.90966796875,235.17437744140625,556.0874633789062,879.2656860351562,835.7188110351562,20250225-162031
4301,213,0,0.92822265625,455.330078125,0.755859375,554.08056640625,614.9653930664062,20250225-162031
4302,214,0,0.2998046875,506.9919128417969,754.9213256835938,95.408203125,163.014404296875,20250225-162031
4302,217,0,0.412109375,345.8027648925781,1542.986572265625,152.9893798828125,200.90078735351562,20250225-162031
4302,177,0,0.5087890625,506.716064453125,1704.2589111328125,214.8123779296875,426.1764831542969,20250225-162031
4302,216,0,0.5537109375,488.9851989746094,1759.200439453125,100.30389404296875,132.63536071777344,20250225-162031
4302,220,0,0.6318359375,370.6686706542969,1387.732421875,118.168212890625,202.46051025390625,20250225-162031
4302,219,0,0.64404296875,489.91864013671875,1509.56884765625,229.69473266601562,155.82174682617188,20250225-162031
4302,212,0,0.890625,445.3463439941406,376.2036437988281,366.41107177734375,354.33441162109375,20250225-162031
4302,210,0,0.900390625,234.46498107910156,557.1966552734375,868.7252197265625,835.849365234375,20250225-162031
4302,213,0,0.9306640625,462.08709716796875,1.1649169921875,550.7366943359375,606.2492065429688,20250225-162031
4303,217,0,0.416748046875,348.2057800292969,1501.8702392578125,182.0888671875,303.4172668457031,20250225-162031
4303,220,0,0.5,372.6845703125,1376.6212158203125,119.84161376953125,385.4997863769531,20250225-162031
4303,216,0,0.5234375,492.2140197753906,1747.3992919921875,101.4093017578125,139.08790588378906,20250225-162031
4303,212,0,0.83056640625,451.6348876953125,347.4897766113281,390.1687316894531,407.39056396484375,20250225-162031
4303,210,0,0.89013671875,243.687744140625,569.0130615234375,834.3548583984375,825.722900390625,20250225-162031
4303,213,0,0.8974609375,474.53363037109375,0.939056396484375,539.1951904296875,597.2710571289062,20250225-162031
4304,216,0,0.28369140625,508.3075256347656,1726.030517578125,110.22930908203125,190.67892456054688,20250225-162031
4304,219,0,0.30322265625,476.06964111328125,1491.02197265625,186.3870849609375,203.07806396484375,20250225-162031
4304,217,0,0.43505859375,365.5821838378906,1526.132568359375,146.6004638671875,201.07864379882812,20250225-162031
4304,177,0,0.513671875,522.3990478515625,1692.6708984375,226.5274658203125,460.1802062988281,20250225-162031
4304,220,0,0.51953125,390.23223876953125,1361.9981689453125,122.43246459960938,390.66497802734375,20250225-162031
4304,212,0,0.86767578125,480.512451171875,351.5312805175781,378.50555419921875,367.4525146484375,20250225-162031
4304,210,0,0.90283203125,265.381103515625,576.0322265625,820.953369140625,805.3328857421875,20250225-162031
4304,213,0,0.91064453125,505.603515625,1.1732940673828125,514.3599853515625,565.3950805664062,20250225-162031
4305,216,0,0.376708984375,528.3209838867188,1731.9869384765625,98.13134765625,152.1457061767578,20250225-162031
4305,219,0,0.42431640625,528.7459716796875,1490.07568359375,220.213623046875,171.706787109375,20250225-162031
4305,177,0,0.494140625,539.978515625,1706.930908203125,212.373046875,501.59161376953125,20250225-162031
4305,217,0,0.498046875,385.57598876953125,1519.7501220703125,149.9439697265625,205.421630859375,20250225-162031
4305,220,0,0.5458984375,411.4620361328125,1359.7093505859375,115.53121948242188,386.4224548339844,20250225-162031
4305,210,0,0.85498046875,289.343994140625,583.2138061523438,788.8101196289062,782.2941284179688,20250225-162031
4305,212,0,0.88330078125,501.93304443359375,356.7068786621094,372.0499572753906,359.3176574707031,20250225-162031
4305,213,0,0.9189453125,525.294189453125,1.14385986328125,508.70965576171875,546.1217651367188,20250225-162031
4306,219,0,0.375732421875,546.52099609375,1526.060791015625,210.312744140625,434.5877990722656,20250225-162031
4306,220,0,0.404541015625,430.058349609375,1373.2518310546875,104.31143188476562,393.11383056640625,20250225-162031
4306,177,0,0.41015625,558.8881225585938,1714.6278076171875,204.5943603515625,466.5398864746094,20250225-162031
4306,217,0,0.5029296875,406.75762939453125,1531.693115234375,140.7059326171875,191.8423614501953,20250225-162031
4306,210,0,0.8193359375,301.2323303222656,601.828125,791.2077026367188,768.9393920898438,20250225-162031
4306,212,0,0.86474609375,526.3180541992188,361.6425476074219,370.55548095703125,357.3124694824219,20250225-162031
4306,213,0,0.9033203125,544.7354736328125,1.157135009765625,485.5049743652344,526.9803466796875,20250225-162031
4307,177,0,0.4921875,583.0338745117188,1705.8043212890625,212.76947021484375,483.75299072265625,20250225-162031
4307,220,0,0.509765625,456.51934814453125,1384.69140625,112.6146240234375,402.3620910644531,20250225-162031
4307,217,0,0.56494140625,435.93817138671875,1516.746826171875,172.6175537109375,315.34710693359375,20250225-162031
4307,219,0,0.6591796875,593.3111572265625,1568.5653076171875,177.8345947265625,425.69842529296875,20250225-162031
4307,210,0,0.7734375,318.2689514160156,657.3356323242188,744.0221557617188,751.7847900390625,20250225-162031
4307,212,0,0.83740234375,558.0946655273438,376.3133239746094,365.5827941894531,363.1649169921875,20250225-162031
4307,213,0,0.904296875,562.6344604492188,0.824798583984375,473.13751220703125,510.337890625,20250225-162031
4308,221,0,0.2247314453125,615.5429077148438,1772.966064453125,85.4490966796875,108.00006866455078,20250225-162031
4308,217,0,0.325927734375,466.912841796875,1531.171630859375,213.66421508789062,330.7879638671875,20250225-162031
4308,177,0,0.375732421875,621.1947021484375,1732.5208740234375,186.766845703125,430.5978088378906,20250225-162031
4308,220,0,0.4736328125,492.28509521484375,1394.975830078125,102.84832763671875,351.78985595703125,20250225-162031
4308,210,0,0.810546875,334.69403076171875,726.3583984375,686.8540649414062,735.1664428710938,20250225-162031
4308,212,0,0.87158203125,592.4083251953125,381.777587890625,366.8292541503906,358.7730407714844,20250225-162031
4308,213,0,0.91357421875,583.3115234375,0.853912353515625,468.44915771484375,490.2509765625,20250225-162031
4309,220,0,0.2288818359375,520.0169067382812,1407.412109375,108.3134765625,366.51556396484375,20250225-162031
4309,217,0,0.384033203125,499.6840515136719,1562.2950439453125,150.003662109375,204.18116760253906,20250225-162031
4309,219,0,0.416748046875,649.2085571289062,1582.846435546875,198.85565185546875,326.98590087890625,20250225-162031
4309,177,0,0.5,652.440673828125,1734.6719970703125,184.405517578125,416.9575500488281,20250225-162031
4309,210,0,0.85791015625,344.7177734375,831.9446411132812,583.499267578125,725.2504272460938,20250225-162031
4309,212,0,0.8671875,610.56103515625,388.8717041015625,370.604736328125,369.2529296875,20250225-162031
4309,213,0,0.9033203125,588.17236328125,0.85015869140625,472.9578552246094,485.2945556640625,20250225-162031
4310,217,0,0.35498046875,533.2392578125,1553.9322509765625,179.27215576171875,399.025146484375,20250225-162031
4310,177,0,0.36669921875,689.8368530273438,1756.9508056640625,162.69744873046875,388.2710876464844,20250225-162031
4310,219,0,0.4912109375,691.6029052734375,1603.1348876953125,187.1466064453125,381.6763610839844,20250225-162031
4310,220,0,0.5009765625,553.96484375,1418.3690185546875,130.2132568359375,415.9859313964844,20250225-162031
4310,210,0,0.83544921875,365.6463623046875,842.0775146484375,594.0942993164062,703.9536743164062,20250225-162031
4310,212,0,0.84130859375,648.4707641601562,401.7847595214844,365.537841796875,369.8614196777344,20250225-162031
4310,213,0,0.912109375,616.1635131835938,0.86279296875,452.9757385253906,456.41387939453125,20250225-162031
4311,177,0,0.2288818359375,724.9412841796875,1766.59716796875,152.95184326171875,351.4840393066406,20250225-162031
4311,219,0,0.35498046875,733.7356567382812,1633.193603515625,166.22314453125,337.7312316894531,20250225-162031
4311,217,0,0.5009765625,573.3997802734375,1572.393310546875,175.94219970703125,323.3851318359375,20250225-162031
4311,220,0,0.5478515625,594.2278442382812,1440.027587890625,109.84808349609375,399.6018981933594,20250225-162031
4311,210,0,0.84423828125,386.5604248046875,856.29345703125,589.921875,683.2294921875,20250225-162031
4311,212,0,0.865234375,670.7282104492188,411.9781494140625,366.32830810546875,367.14111328125,20250225-162031
4311,213,0,0.89599609375,635.330322265625,0.8639373779296875,432.59051513671875,439.0400695800781,20250225-162031
4312,177,0,0.36572265625,750.2069091796875,1812.2742919921875,106.92242431640625,211.47805786132812,20250225-162031
4312,219,0,0.435791015625,742.9010009765625,1576.15869140625,226.614990234375,276.59539794921875,20250225-162031
4312,220,0,0.4775390625,618.0663452148438,1448.3990478515625,96.387451171875,307.35858154296875,20250225-162031
4312,217,0,0.6494140625,600.5778198242188,1607.8751220703125,151.91656494140625,204.0647735595703,20250225-162031
4312,212,0,0.8701171875,689.249267578125,415.7325439453125,362.6077880859375,364.8883972167969,20250225-162031
4312,210,0,0.88818359375,397.66046142578125,867.1752319335938,592.6273193359375,672.4154663085938,20250225-162031
4312,213,0,0.91650390625,653.0985717773438,0.34185791015625,422.6474304199219,421.75054931640625,20250225-162031
4313,219,0,0.359375,769.6331176757812,1579.38720703125,142.09478759765625,180.8286895751953,20250225-162031
4313,220,0,0.403564453125,645.60693359375,1454.5213623046875,88.7098388671875,277.434814453125,20250225-162031
4313,177,0,0.52734375,777.926025390625,1791.7723388671875,127.1495361328125,297.012451171875,20250225-162031
4313,217,0,0.55810546875,627.1470947265625,1605.775390625,157.361572265625,217.3889617919922,20250225-162031
4313,212,0,0.8310546875,716.1839599609375,412.981201171875,366.5142517089844,350.2664489746094,20250225-162031
4313,210,0,0.896484375,412.4873046875,866.8584594726562,593.9639282226562,656.7455444335938,20250225-162031
4313,213,0,0.91552734375,673.4625854492188,0.5367279052734375,420.20025634765625,401.89703369140625,20250225-162031
4314,177,0,0.24658203125,807.0477905273438,1784.46533203125,135.1025390625,268.9629821777344,20250225-162031
4314,220,0,0.650390625,664.8015747070312,1449.8741455078125,90.6053466796875,255.96737670898438,20250225-162031
4314,219,0,0.67333984375,790.7312622070312,1576.08984375,143.18756103515625,161.87942504882812,20250225-162031
4314,217,0,0.77197265625,644.314697265625,1603.704833984375,156.3076171875,201.77760314941406,20250225-162031
4314,212,0,0.86572265625,723.3666381835938,410.4544372558594,361.9648132324219,350.2304992675781,20250225-162031
4314,210,0,0.8818359375,426.6269226074219,867.6300659179688,599.7449340820312,643.7701416015625,20250225-162031
4314,213,0,0.9052734375,685.21923828125,0.833038330078125,411.8836669921875,390.6965637207031,20250225-162031
4315,219,0,0.2783203125,781.1370849609375,1639.537353515625,157.8720703125,288.2148132324219,20250225-162031
4315,220,0,0.393310546875,652.3471069335938,1446.4815673828125,92.578125,298.76666259765625,20250225-162031
4315,217,0,0.513671875,630.7527465820312,1603.9779052734375,148.60308837890625,202.18397521972656,20250225-162031
4315,177,0,0.56005859375,768.8189697265625,1772.4012451171875,147.0714111328125,307.4306640625,20250225-162031
4315,212,0,0.87939453125,716.696044921875,405.8497009277344,364.9300231933594,353.94207763671875,20250225-162031
4315,210,0,0.89208984375,427.3643798828125,857.74658203125,602.4596557617188,643.1856689453125,20250225-162031
4315,213,0,0.90087890625,680.7567749023438,0.719329833984375,414.1528015136719,394.2608947753906,20250225-162031
4316,177,0,0.36474609375,730.5042724609375,1770.017333984375,149.063232421875,345.064697265625,20250225-162032
4316,217,0,0.42529296875,599.623046875,1597.720947265625,148.1451416015625,204.1078643798828,20250225-162032
4316,220,0,0.5849609375,619.8124389648438,1439.3514404296875,97.79296875,371.7921142578125,20250225-162032
4316,210,0,0.87158203125,406.16796875,820.421630859375,631.3090209960938,664.652099609375,20250225-162032
4316,212,0,0.88818359375,701.5201416015625,402.59710693359375,367.7138671875,361.639892578125,20250225-162032
4316,213,0,0.90478515625,672.6600952148438,0.29644775390625,403.30517578125,401.603515625,20250225-162032
4317,177,0,0.35400390625,703.8898315429688,1768.0433349609375,151.15521240234375,371.143310546875,20250225-162032
4317,220,0,0.517578125,589.2529907226562,1432.0673828125,95.961181640625,284.89453125,20250225-162032
4317,217,0,0.5888671875,564.1464233398438,1567.4967041015625,177.1981201171875,312.49163818359375,20250225-162032
4317,212,0,0.8515625,691.2131958007812,400.0337219238281,367.44976806640625,361.5319519042969,20250225-162032
4317,210,0,0.88427734375,388.85076904296875,803.759765625,644.40234375,682.2919921875,20250225-162032
4317,213,0,0.90966796875,668.9092407226562,0.848236083984375,393.615966796875,405.2369384765625,20250225-162032
4318,220,0,0.281494140625,545.075927734375,1422.8154296875,103.28787231445312,288.7499694824219,20250225-162032
4318,177,0,0.294921875,661.11376953125,1787.2327880859375,131.82550048828125,404.11834716796875,20250225-162032
4318,217,0,0.419677734375,515.3025512695312,1576.78125,165.25433349609375,307.71795654296875,20250225-162032
4318,219,0,0.53125,628.0950927734375,1637.7506103515625,153.6943359375,430.94622802734375,20250225-162032
4318,212,0,0.845703125,670.1754760742188,400.383544921875,371.0470275878906,360.50360107421875,20250225-162032
4318,213,0,0.8984375,659.5745239257812,0.5380096435546875,388.4193420410156,414.90228271484375,20250225-162032
4318,210,0,0.90966796875,372.3980712890625,798.9349365234375,641.60693359375,698.559814453125,20250225-162032
4319,220,0,0.2100830078125,747.8150024414062,1488.992919921875,47.66217041015625,140.7418212890625,20250225-162032
4319,177,0,0.29345703125,600.0861206054688,1789.27294921875,129.62823486328125,417.403564453125,20250225-162032
4319,217,0,0.447509765625,465.32763671875,1575.7353515625,193.0634765625,542.9002075195312,20250225-162032
4319,212,0,0.814453125,643.857421875,403.70086669921875,372.86151123046875,347.0165100097656,20250225-162032
4319,213,0,0.896484375,641.1223754882812,1.087005615234375,424.1668395996094,432.5303649902344,20250225-162032
4319,210,0,0.9140625,332.39239501953125,788.8815307617188,645.9160766601562,738.0657958984375,20250225-162032
4320,177,0,0.349609375,544.4384155273438,1784.923828125,134.04766845703125,432.293212890625,20250225-162032
4320,219,0,0.509765625,529.9644775390625,1639.8790283203125,149.62005615234375,437.02069091796875,20250225-162032
4320,217,0,0.5517578125,416.3839111328125,1581.552734375,159.832763671875,312.49322509765625,20250225-162032
4320,218,0,0.62890625,452.5979309082031,1406.674072265625,119.69073486328125,289.77496337890625,20250225-162032
4320,212,0,0.82275390625,612.2433471679688,404.529052734375,373.58294677734375,348.0581970214844,20250225-162032
4320,210,0,0.8486328125,297.12164306640625,689.77001953125,739.6365966796875,771.7213745117188,20250225-162032
4320,213,0,0.8583984375,632.3472900390625,0.743499755859375,399.7166748046875,440.2645568847656,20250225-162032
4321,177,0,0.2288818359375,505.61407470703125,1778.693115234375,140.7696533203125,425.3102111816406,20250225-162032
4321,219,0,0.505859375,531.712646484375,1644.3160400390625,150.12158203125,389.57269287109375,20250225-162032
4321,217,0,0.541015625,375.43218994140625,1575.8968505859375,167.5609130859375,309.7065124511719,20250225-162032
4321,218,0,0.56494140625,411.5289611816406,1393.4163818359375,133.1180419921875,288.11865234375,20250225-162032
4321,212,0,0.796875,587.1782836914062,402.7398376464844,376.84515380859375,340.82379150390625,20250225-162032
4321,210,0,0.87353515625,282.3076171875,616.6367797851562,800.1478271484375,787.689697265625,20250225-162032
4321,213,0,0.904296875,615.9353637695312,1.060089111328125,467.7420959472656,456.81451416015625,20250225-162032
4322,177,0,0.2493896484375,461.9716796875,1779.2589111328125,140.3074951171875,441.5099792480469,20250225-162032
4322,217,0,0.356689453125,331.8024597167969,1598.96337890625,145.20501708984375,225.7572021484375,20250225-162032
4322,220,0,0.3896484375,621.1253051757812,1492.21435546875,47.8238525390625,144.4774169921875,20250225-162032
4322,219,0,0.52734375,427.168701171875,1575.692138671875,226.64813232421875,466.1427917480469,20250225-162032
4322,218,0,0.669921875,368.93988037109375,1392.15283203125,137.54534912109375,312.7825927734375,20250225-162032
4322,212,0,0.8466796875,554.0096435546875,400.15594482421875,379.8871765136719,339.2676086425781,20250225-162032
4322,210,0,0.896484375,250.25482177734375,582.5272216796875,823.105224609375,818.5636596679688,20250225-162032
4322,213,0,0.91357421875,594.07177734375,0.9613494873046875,478.8143310546875,478.8890686035156,20250225-162032
4323,177,0,0.338134765625,427.757568359375,1802.3668212890625,117.20159912109375,220.28236389160156,20250225-162032
4323,219,0,0.56201171875,448.05596923828125,1575.33984375,139.33538818359375,168.6800537109375,20250225-162032
4323,217,0,0.57470703125,304.1219177246094,1606.0858154296875,142.0506591796875,206.72535705566406,20250225-162032
4323,218,0,0.787109375,341.7383728027344,1391.40625,138.86920166015625,275.7200622558594,20250225-162032
4323,212,0,0.83349609375,527.2349853515625,395.3520812988281,387.7396545410156,352.0261535644531,20250225-162032
4323,213,0,0.8974609375,581.861328125,1.017974853515625,500.47174072265625,490.47894287109375,20250225-162032
4323,210,0,0.90625,227.79173278808594,567.4480590820312,838.0907592773438,842.9013061523438,20250225-162032
4324,177,0,0.494140625,404.37451171875,1805.6246337890625,113.89617919921875,226.69309997558594,20250225-162032
4324,219,0,0.5087890625,427.9703369140625,1574.4371337890625,141.823974609375,166.9245147705078,20250225-162032
4324,217,0,0.55908203125,282.47015380859375,1607.9901123046875,140.8026123046875,194.3972625732422,20250225-162032
4324,212,0,0.71240234375,508.24822998046875,390.9086608886719,307.97198486328125,359.7750244140625,20250225-162032
4324,218,0,0.83935546875,322.0294494628906,1388.006103515625,141.23391723632812,271.4408264160156,20250225-162032
4324,213,0,0.88916015625,569.4811401367188,0.8492431640625,500.6254577636719,504.5805969238281,20250225-162032
4324,210,0,0.90234375,196.3922882080078,559.849365234375,843.0633544921875,873.1279296875,20250225-162032
4325,177,0,0.27978515625,383.3530578613281,1805.313720703125,114.1219482421875,242.09536743164062,20250225-162032
4325,216,0,0.29833984375,403.98333740234375,1573.194580078125,232.86053466796875,424.7750549316406,20250225-162032
4325,219,0,0.3857421875,407.34771728515625,1570.08251953125,142.59136962890625,167.5091094970703,20250225-162032
4325,217,0,0.452392578125,262.1745300292969,1604.1793212890625,141.28289794921875,210.52328491210938,20250225-162032
4325,212,0,0.68505859375,487.9284973144531,381.32635498046875,327.167236328125,345.1776428222656,20250225-162032
4325,218,0,0.84521484375,300.6831970214844,1387.108642578125,140.45086669921875,273.3492126464844,20250225-162032
4325,213,0,0.88623046875,552.042724609375,0.78570556640625,500.4015197753906,520.1815185546875,20250225-162032
4325,210,0,0.89208984375,182.7079620361328,540.2678833007812,866.6495361328125,886.1889038085938,20250225-162032
4326,217,0,0.422607421875,241.2815704345703,1602.1904296875,139.11383056640625,204.81484985351562,20250225-162032
4326,177,0,0.43212890625,368.48944091796875,1811.8238525390625,107.80316162109375,265.9859619140625,20250225-162032
4326,219,0,0.4677734375,390.0223388671875,1565.9234619140625,145.9013671875,166.90017700195312,20250225-162032
4326,212,0,0.77978515625,462.69171142578125,372.71002197265625,337.3091125488281,342.5259094238281,20250225-162032
4326,218,0,0.8388671875,281.5866394042969,1385.515380859375,139.27880859375,267.6295166015625,20250225-162032
4326,213,0,0.88037109375,538.2306518554688,1.156219482421875,502.76971435546875,534.0687866210938,20250225-162032
4326,210,0,0.8974609375,158.9227294921875,514.3764038085938,899.7116088867188,910.893310546875,20250225-162032
4327,177,0,0.2193603515625,361.1189880371094,1809.78564453125,108.7313232421875,209.03128051757812,20250225-162032
4327,219,0,0.4873046875,380.3635559082031,1558.5692138671875,239.23040771484375,163.6177520751953,20250225-162032
4327,217,0,0.494140625,227.59658813476562,1599.23583984375,134.73907470703125,201.0192108154297,20250225-162032
4327,216,0,0.4970703125,368.0040588378906,1746.3629150390625,172.629638671875,473.5850830078125,20250225-162032
4327,212,0,0.82861328125,444.6982421875,360.1956787109375,321.7622375488281,350.1056213378906,20250225-162032
4327,218,0,0.849609375,266.6749267578125,1380.9208984375,139.71112060546875,264.0666198730469,20250225-162032
4327,213,0,0.88037109375,518.876708984375,0.805755615234375,483.2297058105469,553.4984130859375,20250225-162032
4327,210,0,0.90087890625,145.76007080078125,482.1977233886719,930.92431640625,924.5081787109375,20250225-162032
4328,219,0,0.369384765625,374.75115966796875,1552.19091796875,243.37408447265625,161.05819702148438,20250225-162032
4328,177,0,0.509765625,356.2021179199219,1808.3756103515625,98.45013427734375,140.77442932128906,20250225-162032
4328,217,0,0.638671875,220.6116943359375,1591.7757568359375,136.09222412109375,199.33721923828125,20250225-162032
4328,216,0,0.67919921875,401.4808654785156,1738.2308349609375,180.227783203125,442.7799987792969,20250225-162032
4328,212,0,0.79833984375,425.356201171875,349.1369323730469,330.1325378417969,374.77764892578125,20250225-162032
4328,218,0,0.86962890625,258.3736267089844,1375.988525390625,140.50369262695312,264.09234619140625,20250225-162032
4328,213,0,0.87890625,497.9095458984375,1.2090911865234375,469.6859436035156,572.5033569335938,20250225-162032
4328,210,0,0.8955078125,139.47349548339844,463.44964599609375,948.9992065429688,929.66259765625,20250225-162032
4329,219,0,0.25830078125,375.57220458984375,1594.593017578125,182.69110107421875,99.65294647216797,20250225-162032
4329,177,0,0.313232421875,358.77239990234375,1803.47802734375,98.2386474609375,149.40750122070312,20250225-162032
4329,216,0,0.5068359375,382.34686279296875,1730.3616943359375,188.22308349609375,462.5832824707031,20250225-162032
4329,217,0,0.57080078125,220.99319458007812,1544.6026611328125,173.6502685546875,309.94525146484375,20250225-162032
4329,212,0,0.83544921875,406.2156066894531,343.87939453125,365.96484375,358.4735107421875,20250225-162032
4329,218,0,0.8759765625,253.77345275878906,1371.931640625,140.57208251953125,267.37384033203125,20250225-162032
4329,210,0,0.89501953125,133.1581573486328,449.0869445800781,973.4730834960938,934.1848754882812,20250225-162032
4329,213,0,0.9150390625,478.34588623046875,1.44818115234375,465.9024658203125,591.1616821289062,20250225-162032
4330,177,0,0.242919921875,371.7140808105469,1785.328125,110.53216552734375,246.14593505859375,20250225-162032
4330,219,0,0.272705078125,378.0283203125,1587.1171875,183.82342529296875,285.2490234375,20250225-162032
4330,216,0,0.541015625,391.149658203125,1727.1236572265625,190.4154052734375,465.3236999511719,20250225-162032
4330,217,0,0.64599609375,228.76040649414062,1537.775390625,172.60546875,317.1376037597656,20250225-162032
4330,218,0,0.7646484375,259.5798034667969,1368.931884765625,138.8865966796875,292.5024108886719,20250225-162032
4330,212,0,0.88720703125,402.2503356933594,336.00439453125,408.4530029296875,369.86761474609375,20250225-162032
4330,210,0,0.896484375,134.94248962402344,448.7547912597656,988.8599853515625,932.304443359375,20250225-162032
4330,213,0,0.91357421875,475.10101318359375,1.296844482421875,456.9255065917969,594.6774291992188,20250225-162032
4331,177,0,0.256103515625,384.9884033203125,1795.2147216796875,99.2413330078125,145.5263671875,20250225-162032
4331,217,0,0.381103515625,238.81651306152344,1562.9161376953125,144.2069091796875,202.55429077148438,20250225-162032
4331,218,0,0.435791015625,264.7857360839844,1373.52197265625,131.741455078125,204.28146362304688,20250225-162032
4331,219,0,0.6611328125,394.5565490722656,1533.7159423828125,149.8201904296875,159.9012451171875,20250225-162032
4331,216,0,0.76953125,415.06640625,1722.132568359375,196.21124267578125,453.8709716796875,20250225-162032
4331,212,0,0.9013671875,400.6393737792969,333.0166015625,401.66473388671875,361.6883850097656,20250225-162032
4331,210,0,0.90478515625,138.70968627929688,449.67333984375,1014.9697265625,928.8889770507812,20250225-162032
4331,213,0,0.91650390625,472.5103759765625,1.07830810546875,457.1847839355469,597.4601440429688,20250225-162032
4332,177,0,0.296630859375,387.2015380859375,1808.3294677734375,85.6746826171875,93.10462188720703,20250225-162032
4332,217,0,0.4130859375,239.00392150878906,1561.745849609375,141.22705078125,205.0800323486328,20250225-162032
4332,219,0,0.474609375,394.37054443359375,1532.36328125,152.45278930664062,163.08323669433594,20250225-162032
4332,216,0,0.57763671875,426.42626953125,1722.1263427734375,196.69720458984375,451.5871887207031,20250225-162032
4332,218,0,0.611328125,265.8101806640625,1383.837158203125,119.577392578125,217.35446166992188,20250225-162032
4332,210,0,0.900390625,140.94403076171875,460.51373291015625,1018.472900390625,927.6705322265625,20250225-162032
4332,212,0,0.90478515625,397.00152587890625,331.1882629394531,410.4298095703125,362.013671875,20250225-162032
4332,213,0,0.9140625,470.95916748046875,1.06072998046875,458.6150207519531,598.3128662109375,20250225-162032
4333,219,0,0.36572265625,393.20050048828125,1600.7420654296875,173.46844482421875,99.3254623413086,20250225-162032
4333,177,0,0.388671875,386.4570617675781,1798.3341064453125,99.90032958984375,136.25575256347656,20250225-162032
4333,218,0,0.4892578125,267.1277160644531,1385.9581298828125,121.20355224609375,147.41116333007812,20250225-162032
4333,216,0,0.65234375,433.8753356933594,1729.3597412109375,189.521484375,436.62518310546875,20250225-162032
4333,217,0,0.71142578125,241.1415557861328,1540.49755859375,167.1884765625,312.9253234863281,20250225-162032
4333,210,0,0.900390625,153.74208068847656,466.7830810546875,1017.4830322265625,913.8812255859375,20250225-162032
4333,212,0,0.90380859375,396.80487060546875,332.748779296875,403.64593505859375,360.9624938964844,20250225-162032
4333,213,0,0.91455078125,470.57879638671875,1.283477783203125,461.9208984375,598.66455078125,20250225-162032
4334,219,0,0.2088623046875,363.55828857421875,1547.7476806640625,233.2247314453125,280.72772216796875,20250225-162032
4334,177,0,0.2166748046875,369.64935302734375,1804.700439453125,103.1865234375,147.42738342285156,20250225-162032
4334,217,0,0.3408203125,221.49725341796875,1551.9580078125,162.1629638671875,299.81756591796875,20250225-162032
4334,218,0,0.43505859375,244.19036865234375,1373.651123046875,140.29861450195312,216.87594604492188,20250225-162032
4334,216,0,0.615234375,393.3989562988281,1745.7908935546875,173.1529541015625,445.46539306640625,20250225-162032
4334,212,0,0.88134765625,381.36712646484375,338.9826965332031,402.4021911621094,357.4988098144531,20250225-162032
4334,210,0,0.89404296875,134.79083251953125,460.0323486328125,1040.7857666015625,932.0794067382812,20250225-162032
4334,213,0,0.90576171875,459.5447082519531,1.2525787353515625,462.2449951171875,610.1837768554688,20250225-162032
4335,216,0,0.21533203125,346.5394287109375,1742.59033203125,176.3543701171875,475.9156188964844,20250225-162032
4335,177,0,0.2568359375,337.9029846191406,1810.1004638671875,108.67529296875,214.42677307128906,20250225-162032
4335,217,0,0.440673828125,193.0430450439453,1557.864990234375,160.01934814453125,312.6622009277344,20250225-162032
4335,218,0,0.5517578125,211.7316436767578,1388.158935546875,136.16738891601562,335.1096496582031,20250225-162032
4335,212,0,0.8720703125,358.1058044433594,340.26739501953125,403.0701599121094,360.0613708496094,20250225-162032
4335,210,0,0.89306640625,110.24659729003906,456.6685791015625,1041.9906005859375,957.2933349609375,20250225-162032
4335,213,0,0.9072265625,438.0693664550781,1.39910888671875,464.6959533691406,630.1707763671875,20250225-162032
4336,216,0,0.244384765625,390.29986572265625,1749.82373046875,169.6622314453125,419.8821105957031,20250225-162032
4336,177,0,0.349609375,323.99102783203125,1818.802001953125,101.04437255859375,139.75656127929688,20250225-162032
4336,218,0,0.5166015625,193.29376220703125,1408.1810302734375,125.10287475585938,339.3829040527344,20250225-162032
4336,217,0,0.66015625,171.3884735107422,1566.687744140625,158.87347412109375,317.7850341796875,20250225-162032
4336,212,0,0.814453125,336.8052062988281,344.6382751464844,411.6759338378906,367.26788330078125,20250225-162032
4336,210,0,0.88427734375,76.02444458007812,460.50201416015625,1045.4593505859375,991.3939819335938,20250225-162032
4336,213,0,0.8974609375,422.90911865234375,1.185791015625,484.23614501953125,644.5609741210938,20250225-162032
4337,177,0,0.2509765625,311.8265686035156,1850.57080078125,68.84490966796875,247.90341186523438,20250225-162032
4337,218,0,0.369384765625,183.32464599609375,1429.7421875,121.166748046875,334.0486755371094,20250225-162032
4337,217,0,0.441650390625,162.14044189453125,1586.0167236328125,159.00439453125,317.9241943359375,20250225-162032
4337,212,0,0.794921875,331.6272888183594,365.3822021484375,449.43438720703125,361.76397705078125,20250225-162032
4337,213,0,0.84228515625,418.756591796875,1.0525360107421875,524.71630859375,651.3160400390625,20250225-162032
4337,210,0,0.87841796875,87.13960266113281,490.6728515625,1066.111083984375,979.3881225585938,20250225-162032
4338,217,0,0.435791015625,163.0347442626953,1620.7965087890625,151.6724853515625,322.9464111328125,20250225-162032
4338,212,0,0.6435546875,332.7806396484375,394.1253662109375,409.1231689453125,358.31085205078125,20250225-162032
4338,213,0,0.82080078125,422.1678466796875,1.2286834716796875,558.25537109375,645.00439453125,20250225-162032
4338,210,0,0.85400390625,99.0535888671875,513.9375,1072.4241943359375,966.6207275390625,20250225-162032
4339,212,0,0.54296875,319.0627746582031,422.5740966796875,397.3830871582031,484.82684326171875,20250225-162032
4339,213,0,0.77197265625,411.0728759765625,1.42437744140625,586.1482543945312,654.652099609375,20250225-162032
4339,210,0,0.8798828125,85.97540283203125,544.5951538085938,1072.8076171875,980.5299682617188,20250225-162032
4340,212,0,0.7490234375,293.54815673828125,464.07806396484375,387.17266845703125,490.23553466796875,20250225-162032
4340,213,0,0.76708984375,380.7578125,1.7901763916015625,641.4303588867188,682.462646484375,20250225-162032
4340,210,0,0.85546875,68.05068969726562,574.657470703125,1129.4022216796875,998.0455932617188,20250225-162032
4341,212,0,0.455078125,271.3533935546875,518.85302734375,397.664794921875,476.9122009277344,20250225-162032
4341,213,0,0.77978515625,354.50732421875,1.34271240234375,655.845458984375,707.9567260742188,20250225-162032
4341,210,0,0.802734375,73.57483673095703,600.0668334960938,1217.495361328125,990.7244262695312,20250225-162032
4342,212,0,0.6376953125,257.17303466796875,565.5849609375,382.2126159667969,473.1256103515625,20250225-162032
4342,213,0,0.85595703125,326.53204345703125,0.991790771484375,741.27197265625,740.4685668945312,20250225-162032
4342,210,0,0.89013671875,62.6903076171875,617.2588500976562,1301.4532470703125,1003.172607421875,20250225-162032
4343,210,0,0.4873046875,73.61663818359375,641.5621948242188,1275.148681640625,988.4082641601562,20250225-162032
4343,212,0,0.60693359375,254.38226318359375,621.4483032226562,380.60040283203125,362.8185119628906,20250225-162032
4343,213,0,0.8642578125,313.4332580566406,0.604248046875,757.0277709960938,755.1940307617188,20250225-162032
4344,210,0,0.57275390625,120.33076477050781,1089.25341796875,827.3873291015625,940.79736328125,20250225-162032
4344,212,0,0.72802734375,259.8398742675781,673.5730590820312,481.69921875,532.3722534179688,20250225-162032
4344,213,0,0.8271484375,315.12152099609375,1.169219970703125,791.9051513671875,755.5986938476562,20250225-162032
4345,210,0,0.6806640625,186.71487426757812,1170.50390625,746.8414306640625,872.072265625,20250225-162032
4345,212,0,0.705078125,279.0968322753906,725.9430541992188,499.8175048828125,566.47705078125,20250225-162032
4345,213,0,0.8056640625,327.24993896484375,1.179840087890625,851.5775756835938,740.61474609375,20250225-162032
4346,212,0,0.66455078125,320.6464538574219,775.8949584960938,505.64593505859375,584.002197265625,20250225-162033
4346,210,0,0.8125,241.03506469726562,1229.2364501953125,688.623046875,820.3789672851562,20250225-162033
4346,213,0,0.88720703125,340.16650390625,1.115386962890625,890.8154296875,728.6305541992188,20250225-162033
4347,212,0,0.65673828125,341.7074279785156,925.9119873046875,335.3302001953125,388.0264587402344,20250225-162033
4347,210,0,0.67333984375,304.5987854003906,1305.8310546875,611.9014892578125,757.8916625976562,20250225-162033
4347,213,0,0.890625,357.1895446777344,1.10833740234375,912.6597290039062,712.2479248046875,20250225-162033
4348,214,0,0.349609375,612.0455932617188,826.1953125,177.26321411132812,232.8883514404297,20250225-162033
4348,212,0,0.57177734375,377.12939453125,975.065185546875,319.7271423339844,393.3148498535156,20250225-162033
4348,210,0,0.62451171875,390.6798400878906,1363.78125,554.3052978515625,672.3704833984375,20250225-162033
4348,213,0,0.8740234375,373.8779602050781,1.18450927734375,959.5768432617188,695.4539794921875,20250225-162033
4349,212,0,0.529296875,403.8805236816406,915.474853515625,415.1015625,410.3080139160156,20250225-162033
4349,210,0,0.7255859375,411.0390625,1417.8922119140625,499.2066650390625,652.2914428710938,20250225-162033
4349,213,0,0.89111328125,387.58563232421875,4.062835693359375,981.2647705078125,681.6004028320312,20250225-162033
4350,220,0,0.2744140625,512.7825927734375,1455.7607421875,145.90411376953125,324.4001770019531,20250225-162033
4350,212,0,0.57958984375,429.70953369140625,959.7844848632812,403.2389831542969,404.2658996582031,20250225-162033
4350,210,0,0.8154296875,476.642822265625,1485.9635009765625,433.37548828125,588.8123168945312,20250225-162033
4350,213,0,0.890625,391.0785217285156,8.1185302734375,1003.42529296875,679.2525634765625,20250225-162033
4351,220,0,0.355712890625,537.239501953125,1477.5953369140625,163.44644165039062,377.3927307128906,20250225-162033
4351,212,0,0.442626953125,451.1064453125,983.2827758789062,393.6424255371094,398.4844970703125,20250225-162033
4351,210,0,0.76416015625,516.3682250976562,1546.409912109375,372.70916748046875,548.5596923828125,20250225-162033
4351,213,0,0.8818359375,398.4149475097656,10.2271728515625,1028.888916015625,672.5503540039062,20250225-162033
4352,220,0,0.3857421875,566.9840698242188,1543.8453369140625,140.7271728515625,215.9494171142578,20250225-162033
4352,212,0,0.583984375,465.0885925292969,1003.0402221679688,399.23675537109375,392.7906799316406,20250225-162033
4352,210,0,0.68017578125,538.3578491210938,1583.2001953125,336.1219482421875,530.019287109375,20250225-162033
4352,213,0,0.8896484375,402.43212890625,6.116912841796875,1056.071533203125,667.6384887695312,20250225-162033
4353,220,0,0.57666015625,582.205810546875,1538.5587158203125,158.4027099609375,224.0623016357422,20250225-162033
4353,210,0,0.7822265625,579.8743896484375,1634.1280517578125,284.9871826171875,493.6143493652344,20250225-162033
4353,212,0,0.79248046875,476.8948669433594,1007.5838012695312,384.0270080566406,393.8382263183594,20250225-162033
4353,213,0,0.904296875,405.4971618652344,7.779693603515625,1063.136962890625,664.596923828125,20250225-162033
4354,220,0,0.75830078125,594.9111328125,1499.9808349609375,199.74179077148438,230.59933471679688,20250225-162033
4354,210,0,0.869140625,595.4271850585938,1662.1673583984375,256.461181640625,475.83233642578125,20250225-162033
4354,212,0,0.8896484375,482.95330810546875,1015.0065307617188,384.7477111816406,398.014404296875,20250225-162033
4354,213,0,0.90234375,405.74224853515625,9.168548583984375,1069.2757568359375,663.3775024414062,20250225-162033
4355,222,0,0.611328125,624.5718994140625,1394.8837890625,115.0224609375,190.7549285888672,20250225-162033
4355,216,0,0.62060546875,609.3460693359375,1471.4228515625,329.321044921875,437.9903869628906,20250225-162033
4355,220,0,0.69775390625,599.4384155273438,1496.4510498046875,194.9967041015625,231.0447998046875,20250225-162033
4355,210,0,0.791015625,591.0156860351562,1660.143798828125,258.72509765625,481.8759765625,20250225-162033
4355,212,0,0.8408203125,487.4932556152344,1026.033203125,365.60870361328125,394.4570007324219,20250225-162033
4355,213,0,0.896484375,405.6569519042969,8.539215087890625,1059.7255859375,663.1385498046875,20250225-162033
4356,216,0,0.248046875,620.38720703125,1639.411376953125,133.89642333984375,113.43331909179688,20250225-162033
4356,222,0,0.32080078125,642.1257934570312,1377.22021484375,109.529296875,179.54994201660156,20250225-162033
4356,220,0,0.533203125,611.162841796875,1483.8775634765625,187.73583984375,227.81292724609375,20250225-162033
4356,212,0,0.69580078125,498.4250793457031,1002.4125366210938,366.5186462402344,375.21881103515625,20250225-162033
4356,210,0,0.77880859375,581.861083984375,1632.666259765625,285.8536376953125,487.8814697265625,20250225-162033
4356,213,0,0.8916015625,409.4654235839844,5.287261962890625,1029.435546875,659.944091796875,20250225-162033
4357,222,0,0.2081298828125,650.10009765625,1348.718505859375,103.1458740234375,179.34690856933594,20250225-162033
4357,212,0,0.384033203125,508.5181579589844,1090.0345458984375,242.03421020507812,392.204345703125,20250225-162033
4357,220,0,0.408203125,623.6435546875,1446.3218994140625,191.24560546875,221.83335876464844,20250225-162033
4357,210,0,0.66455078125,592.7633666992188,1627.8863525390625,290.83282470703125,476.3174133300781,20250225-162033
4357,213,0,0.896484375,423.46990966796875,9.901611328125,1005.6029663085938,645.3602294921875,20250225-162033
4358,222,0,0.2100830078125,541.6663208007812,1312.01220703125,203.25283813476562,307.1343078613281,20250225-162033
4358,212,0,0.4580078125,522.9522094726562,1067.159423828125,228.47442626953125,374.1661071777344,20250225-162033
4358,210,0,0.62255859375,618.8920288085938,1615.60986328125,302.88922119140625,448.8562927246094,20250225-162033
4358,213,0,0.89013671875,439.1307373046875,6.84393310546875,987.22412109375,630.633056640625,20250225-162033
4359,222,0,0.3408203125,526.6115112304688,1233.98095703125,246.78515625,388.5850524902344,20250225-162033
4359,212,0,0.351318359375,544.3892211914062,1028.771728515625,227.08364868164062,519.2203979492188,20250225-162033
4359,210,0,0.60498046875,579.8218994140625,1451.136962890625,467.3561096191406,488.22442626953125,20250225-162033
4359,213,0,0.90673828125,452.0273132324219,6.01263427734375,977.1494750976562,617.276611328125,20250225-162033
4360,210,0,0.521484375,545.66064453125,1406.4580078125,512.1419677734375,523.0165405273438,20250225-162033
4360,212,0,0.63232421875,556.7360229492188,991.7247314453125,226.0462646484375,503.3688049316406,20250225-162033
4360,213,0,0.89697265625,475.14752197265625,4.57177734375,945.010986328125,595.2153930664062,20250225-162033
4361,222,0,0.341552734375,560.2958374023438,1160.917724609375,222.89437866210938,385.5823974609375,20250225-162033
4361,212,0,0.383056640625,573.6017456054688,932.3790893554688,241.52957153320312,490.7949523925781,20250225-162033
4361,210,0,0.5390625,554.2770385742188,1316.9088134765625,601.56591796875,514.6837768554688,20250225-162033
4361,213,0,0.90966796875,496.89599609375,6.22247314453125,892.733642578125,573.57421875,20250225-162033
4362,210,0,0.351318359375,554.4728393554688,1274.851318359375,643.7314453125,508.323486328125,20250225-162033
4362,212,0,0.5244140625,586.732421875,812.3289794921875,320.489501953125,479.18792724609375,20250225-162033
4362,213,0,0.8759765625,510.72674560546875,1.221038818359375,849.1746826171875,561.1771850585938,20250225-162033
4363,210,0,0.447509765625,556.9136352539062,1274.4931640625,644.640380859375,505.5528869628906,20250225-162033
4363,212,0,0.56884765625,601.1339111328125,850.241455078125,225.97164916992188,468.7358093261719,20250225-162033
4363,213,0,0.83447265625,525.16064453125,1.200439453125,803.5204467773438,544.158935546875,20250225-162033
4364,222,0,0.28369140625,598.4589233398438,1017.9029541015625,221.5931396484375,382.3212890625,20250225-162033
4364,212,0,0.412109375,616.0029296875,783.6441650390625,238.5194091796875,443.3570556640625,20250225-162033
4364,210,0,0.6533203125,561.3196411132812,1215.9156494140625,702.5440673828125,502.17236328125,20250225-162033
4364,213,0,0.83935546875,548.6101684570312,1.117401123046875,740.0095825195312,521.782958984375,20250225-162033
4365,210,0,0.638671875,555.360107421875,1163.982421875,755.5499267578125,510.37945556640625,20250225-162033
4365,212,0,0.689453125,626.23779296875,634.34423828125,333.50457763671875,441.2721252441406,20250225-162033
4365,213,0,0.7607421875,566.5201416015625,3.9315948486328125,676.7135009765625,502.8612365722656,20250225-162033
4366,212,0,0.60107421875,636.6026611328125,583.7906494140625,332.08612060546875,434.3660583496094,20250225-162033
4366,213,0,0.728515625,588.4049072265625,3.206268310546875,612.385009765625,483.3414306640625,20250225-162033
4366,210,0,0.76904296875,555.0654907226562,1099.3883056640625,818.7630615234375,513.8428955078125,20250225-162033
4367,222,0,0.291015625,683.8634033203125,1058.2291259765625,321.678955078125,388.883056640625,20250225-162033
4367,212,0,0.521484375,642.3836669921875,521.596435546875,335.96282958984375,423.1300048828125,20250225-162033
4367,213,0,0.7041015625,606.0137939453125,1.76275634765625,547.3135986328125,465.1085510253906,20250225-162033
4367,210,0,0.8056640625,550.2909545898438,1045.9720458984375,865.09716796875,519.9921875,20250225-162033
4368,212,0,0.5146484375,656.4778442382812,451.1148376464844,350.7203063964844,363.1001281738281,20250225-162033
4368,213,0,0.64599609375,628.5040893554688,1.4964752197265625,475.7427062988281,440.34375,20250225-162033
4368,210,0,0.78662109375,544.0823364257812,985.9434814453125,903.2984619140625,525.31640625,20250225-162033
4369,212,0,0.414794921875,668.529052734375,392.830078125,341.8005065917969,349.6045227050781,20250225-162033
4369,213,0,0.63623046875,657.259033203125,1.278533935546875,398.23736572265625,409.5838623046875,20250225-162033
4369,210,0,0.638671875,549.2587280273438,922.5703125,711.3433227539062,522.1580200195312,20250225-162033
4370,212,0,0.5537109375,679.8591918945312,293.7266845703125,375.971435546875,300.716064453125,20250225-162033
4370,213,0,0.61328125,676.2872924804688,0.7633895874023438,319.4338684082031,393.3476257324219,20250225-162033
4370,210,0,0.82275390625,524.5695190429688,845.4283447265625,699.7227172851562,545.8829956054688,20250225-162033
4371,212,0,0.436767578125,686.6614990234375,225.70614624023438,389.56878662109375,308.6153869628906,20250225-162033
4371,213,0,0.5869140625,694.3460083007812,1.5552291870117188,238.0974884033203,376.8647766113281,20250225-162033
4371,210,0,0.81640625,512.5726928710938,784.6356811523438,698.4129638671875,558.7553100585938,20250225-162033
4372,213,0,0.333740234375,709.2435302734375,1.0289382934570312,334.09088134765625,366.5356750488281,20250225-162033
4372,212,0,0.33447265625,682.6022338867188,174.7666015625,524.7984008789062,317.5559997558594,20250225-162033
4372,210,0,0.8125,501.81048583984375,720.509765625,704.3807373046875,568.78759765625,20250225-162033
4373,212,0,0.30810546875,672.9190063476562,136.56175231933594,388.05389404296875,301.3467102050781,20250225-162033
4373,213,0,0.37109375,721.3314208984375,0.5230636596679688,267.4908142089844,356.89849853515625,20250225-162033
4373,210,0,0.8447265625,482.47491455078125,676.0519409179688,719.7835693359375,586.989013671875,20250225-162033
4374,220,0,0.269775390625,844.6024780273438,1451.512939453125,180.1138916015625,234.39089965820312,20250225-162033
4374,212,0,0.39794921875,648.0317993164062,60.67291259765625,438.9425354003906,388.60943603515625,20250225-162033
4374,223,0,0.72705078125,657.0320434570312,1510.75341796875,408.7353515625,417.0998840332031,20250225-162033
4374,210,0,0.86181640625,459.1781311035156,642.547119140625,704.3864135742188,610.4756469726562,20250225-162033
4375,220,0,0.23583984375,815.0341186523438,1419.7115478515625,266.4840087890625,262.90576171875,20250225-162033
4375,212,0,0.322509765625,623.512939453125,116.43168640136719,351.4371337890625,381.9440002441406,20250225-162033
4375,222,0,0.3388671875,569.717529296875,1290.6513671875,184.49844360351562,365.58929443359375,20250225-162033
4375,223,0,0.48046875,627.6132202148438,1475.7286376953125,438.5244140625,444.85906982421875,20250225-162033
4375,210,0,0.72509765625,439.8373107910156,625.9680786132812,717.2731323242188,628.6177978515625,20250225-162033
4376,222,0,0.349609375,564.638671875,1274.1888427734375,165.42453002929688,337.9192810058594,20250225-162034
4376,212,0,0.42529296875,588.5640258789062,7.56207275390625,438.4236145019531,387.01177978515625,20250225-162034
4376,223,0,0.68603515625,602.4061889648438,1461.3072509765625,417.3468017578125,459.0923767089844,20250225-162034
4376,210,0,0.71240234375,401.52960205078125,589.256103515625,716.842529296875,666.682861328125,20250225-162034
4377,222,0,0.20556640625,743.0398559570312,1200.30029296875,99.22979736328125,223.56088256835938,20250225-162034
4377,210,0,0.4697265625,370.79974365234375,568.2513427734375,730.986328125,697.2406005859375,20250225-162034
4377,223,0,0.517578125,565.2745361328125,1448.9989013671875,403.6929931640625,492.03900146484375,20250225-162034
4377,212,0,0.615234375,551.2730712890625,0.0,418.4175109863281,443.7041015625,20250225-162034
4378,212,0,0.5380859375,529.3307495117188,0.305145263671875,520.3397827148438,404.4176940917969,20250225-162034
4378,223,0,0.55908203125,532.7034301757812,1419.9527587890625,407.9861755371094,353.8209533691406,20250225-162034
4378,210,0,0.64892578125,341.5016784667969,566.6627197265625,740.9906616210938,727.5359497070312,20250225-162034
4379,220,0,0.216064453125,696.90380859375,1181.8721923828125,555.3310546875,381.1509094238281,20250225-162034
4379,223,0,0.42919921875,516.255126953125,1392.01171875,313.0718994140625,430.89013671875,20250225-162034
4379,212,0,0.73876953125,507.66998291015625,0.7276153564453125,499.5200500488281,396.0570373535156,20250225-162034
4379,210,0,0.7392578125,311.1003723144531,530.2452392578125,780.22998046875,758.1678466796875,20250225-162034
4380,223,0,0.5517578125,503.06292724609375,1344.24169921875,331.91033935546875,425.244384765625,20250225-162034
4380,210,0,0.7607421875,304.0074157714844,506.3193054199219,796.46923828125,765.354248046875,20250225-162034
4380,212,0,0.7724609375,494.6214904785156,0.7259674072265625,435.31878662109375,402.49578857421875,20250225-162034
4381,223,0,0.5126953125,499.77252197265625,1336.39892578125,322.9134521484375,426.7321472167969,20250225-162034
4381,212,0,0.7880859375,486.9322509765625,1.0046539306640625,302.667724609375,383.48876953125,20250225-162034
4381,210,0,0.87255859375,299.5537414550781,468.7403869628906,822.9635009765625,769.2848510742188,20250225-162034
4382,223,0,0.57177734375,505.6819763183594,1323.7620849609375,305.5986328125,287.154296875,20250225-162034
4382,224,0,0.7626953125,516.8017578125,1658.16064453125,260.93829345703125,255.9334716796875,20250225-162034
4382,210,0,0.81396484375,298.0190124511719,416.7030029296875,845.123291015625,770.4384155273438,20250225-162034
4382,212,0,0.845703125,493.62457275390625,0.11785125732421875,268.9613037109375,416.4852600097656,20250225-162034
4383,177,0,0.2120361328125,435.45428466796875,1809.556396484375,109.398193359375,215.29164123535156,20250225-162034
4383,223,0,0.57275390625,511.4983825683594,1300.3970947265625,281.2056884765625,278.82684326171875,20250225-162034
4383,224,0,0.72412109375,525.88916015625,1621.0770263671875,292.576904296875,251.47113037109375,20250225-162034
4383,210,0,0.80859375,305.0791015625,396.53704833984375,850.8085327148438,763.4360961914062,20250225-162034
4383,212,0,0.8271484375,497.9509582519531,0.2810211181640625,237.89602661132812,414.9619445800781,20250225-162034
4384,177,0,0.4091796875,448.4502868652344,1782.37353515625,101.01873779296875,209.1355743408203,20250225-162034
4384,223,0,0.58984375,517.3141479492188,1271.7242431640625,283.1220703125,275.1740417480469,20250225-162034
4384,224,0,0.73876953125,533.2816772460938,1615.58251953125,301.257568359375,247.0214080810547,20250225-162034
4384,212,0,0.85791015625,502.4518127441406,1.2090225219726562,210.7254180908203,414.10577392578125,20250225-162034
4384,210,0,0.87255859375,306.27203369140625,475.2983093261719,765.89208984375,763.16943359375,20250225-162034
4385,223,0,0.34326171875,520.3917846679688,1261.82763671875,268.14312744140625,272.34490966796875,20250225-162034
4385,177,0,0.62158203125,455.94842529296875,1751.6861572265625,109.79278564453125,206.8621368408203,20250225-162034
4385,212,0,0.67919921875,508.9078369140625,0.3464469909667969,189.40725708007812,316.0201721191406,20250225-162034
4385,224,0,0.8349609375,540.8703002929688,1593.5830078125,325.468505859375,245.4604034423828,20250225-162034
4385,210,0,0.86669921875,306.8497619628906,468.9441833496094,761.8077392578125,762.016845703125,20250225-162034
4386,216,0,0.2081298828125,548.7579345703125,1564.0250244140625,120.66778564453125,227.0607147216797,20250225-162034
4386,213,0,0.236572265625,384.254638671875,190.5662384033203,222.5734405517578,347.5790100097656,20250225-162034
4386,223,0,0.42529296875,525.4129028320312,1253.693115234375,265.2199401855469,294.59906005859375,20250225-162034
4386,177,0,0.63720703125,453.7961120605469,1731.25537109375,115.339599609375,210.11537170410156,20250225-162034
4386,212,0,0.72802734375,527.9029541015625,0.6900444030761719,173.02464294433594,294.195068359375,20250225-162034
4386,224,0,0.853515625,543.4299926757812,1576.2542724609375,343.2725830078125,244.46485900878906,20250225-162034
4386,210,0,0.85986328125,308.1791076660156,461.36553955078125,761.1773071289062,760.3692626953125,20250225-162034
4387,212,0,0.235107421875,599.1557006835938,0.51837158203125,268.986572265625,300.70611572265625,20250225-162034
4387,213,0,0.26513671875,380.62188720703125,178.30422973632812,188.22390747070312,338.94451904296875,20250225-162034
4387,223,0,0.4814453125,523.7335205078125,1240.06494140625,281.3671875,288.45849609375,20250225-162034
4387,224,0,0.6494140625,546.574951171875,1557.287841796875,361.79736328125,375.20989990234375,20250225-162034
4387,177,0,0.705078125,464.4212646484375,1721.073486328125,110.04656982421875,203.0900421142578,20250225-162034
4387,210,0,0.85009765625,303.3404235839844,452.77685546875,765.6924438476562,764.6173706054688,20250225-162034
4388,212,0,0.448486328125,593.939453125,1.2714614868164062,261.77703857421875,216.73638916015625,20250225-162034
4388,225,0,0.458984375,529.37939453125,1194.8582763671875,61.48956298828125,139.4390411376953,20250225-162034
4388,226,0,0.46875,464.1331787109375,319.83538818359375,96.84626770019531,229.06219482421875,20250225-162034
4388,223,0,0.5234375,519.9497680664062,1223.1448974609375,282.4889831542969,297.2452392578125,20250225-162034
4388,224,0,0.6103515625,543.5730590820312,1543.4132080078125,376.2637939453125,379.61669921875,20250225-162034
4388,177,0,0.68994140625,465.084228515625,1707.9276123046875,108.198486328125,198.4820098876953,20250225-162034
4388,210,0,0.86376953125,300.3054504394531,441.484130859375,770.7762451171875,767.7968139648438,20250225-162034
4389,213,0,0.2861328125,543.3892822265625,148.23179626464844,131.5890655517578,174.3137664794922,20250225-162034
4389,212,0,0.3720703125,588.8519897460938,0.362823486328125,129.58895874023438,206.392333984375,20250225-162034
4389,224,0,0.47265625,541.8027954101562,1538.6689453125,369.08221435546875,244.8359832763672,20250225-162034
4389,226,0,0.5146484375,456.2449645996094,293.13995361328125,108.97499084472656,235.49215698242188,20250225-162034
4389,177,0,0.5478515625,456.4105224609375,1695.4566650390625,104.76837158203125,205.60903930664062,20250225-162034
4389,223,0,0.5859375,514.7529296875,1207.379638671875,288.9705505371094,407.7434997558594,20250225-162034
4389,227,0,0.73876953125,427.1872253417969,300.1152648925781,230.45562744140625,435.0158386230469,20250225-162034
4389,210,0,0.86572265625,284.166015625,429.8297424316406,780.847412109375,783.4961547851562,20250225-162034
4390,224,0,0.404541015625,536.3157958984375,1512.241455078125,242.20596313476562,237.0340576171875,20250225-162034
4390,227,0,0.421630859375,415.8199157714844,273.2265930175781,250.15768432617188,524.4564819335938,20250225-162034
4390,223,0,0.42626953125,510.8466491699219,1207.9111328125,271.3480224609375,405.015869140625,20250225-162034
4390,177,0,0.5302734375,455.9532165527344,1676.545166015625,103.06109619140625,198.06336975097656,20250225-162034
4390,226,0,0.5341796875,450.6745300292969,293.31060791015625,87.30555725097656,115.59500885009766,20250225-162034
4390,210,0,0.79931640625,276.08599853515625,406.4537658691406,791.2972412109375,791.0504760742188,20250225-162034
4391,226,0,0.261962890625,450.6352233886719,223.47409057617188,133.5245819091797,232.5553741455078,20250225-162034
4391,177,0,0.325927734375,449.9964904785156,1649.95751953125,100.71807861328125,182.3651123046875,20250225-162034
4391,227,0,0.385009765625,418.45782470703125,238.26187133789062,268.6253356933594,555.1309204101562,20250225-162034
4391,223,0,0.420654296875,507.9811096191406,1196.6802978515625,252.44778442382812,403.5176086425781,20250225-162034
4391,224,0,0.70068359375,532.3919677734375,1484.9410400390625,350.3499755859375,238.15896606445312,20250225-162034
4391,210,0,0.75048828125,272.448486328125,380.29962158203125,803.343017578125,795.3693237304688,20250225-162034
4392,226,0,0.312255859375,451.1726989746094,240.0603790283203,85.35596466064453,112.79422760009766,20250225-162034
4392,177,0,0.435791015625,445.1911315917969,1622.0635986328125,97.31927490234375,192.15097045898438,20250225-162034
4392,223,0,0.4912109375,505.51812744140625,1171.048583984375,267.683349609375,403.1036682128906,20250225-162034
4392,224,0,0.56689453125,527.853759765625,1448.5740966796875,248.0372314453125,229.77493286132812,20250225-162034
4392,227,0,0.59814453125,416.6949462890625,207.3262481689453,270.83087158203125,541.298095703125,20250225-162034
4392,210,0,0.689453125,267.3673095703125,336.2801513671875,826.5955810546875,800.7517700195312,20250225-162034
4393,226,0,0.2337646484375,448.3885192871094,199.29698181152344,118.2212905883789,211.10989379882812,20250225-162034
4393,177,0,0.346923828125,428.38037109375,1591.6669921875,193.8519287109375,242.08584594726562,20250225-162034
4393,227,0,0.369384765625,415.2945251464844,185.6143341064453,266.1424255371094,546.2484741210938,20250225-162034
4393,224,0,0.450439453125,520.0466918945312,1432.751220703125,233.7593994140625,226.563232421875,20250225-162034
4393,223,0,0.454345703125,497.583251953125,1113.5491943359375,294.99041748046875,406.5227966308594,20250225-162034
4393,228,0,0.5166015625,447.3993835449219,1766.906982421875,111.9327392578125,185.49436950683594,20250225-162034
4393,210,0,0.7578125,259.98553466796875,297.7276611328125,837.3980712890625,809.1903686523438,20250225-162034
4394,227,0,0.2017822265625,406.10791015625,162.9048614501953,256.09539794921875,460.98779296875,20250225-162034
4394,224,0,0.2088623046875,501.95306396484375,1405.469970703125,148.87445068359375,227.16473388671875,20250225-162034
4394,213,0,0.27587890625,438.5679626464844,130.6826171875,149.16773986816406,265.08306884765625,20250225-162034
4394,177,0,0.3486328125,419.754638671875,1569.439453125,100.975341796875,182.7079620361328,20250225-162034
4394,212,0,0.393310546875,711.1826171875,0.18091964721679688,105.0469970703125,90.67755126953125,20250225-162034
4394,223,0,0.401611328125,484.1597595214844,1073.104736328125,336.8139953613281,395.0247497558594,20250225-162034
4394,216,0,0.5888671875,504.65570068359375,1418.114501953125,432.5152587890625,353.6271667480469,20250225-162034
4394,228,0,0.625,430.497802734375,1742.5213623046875,105.9276123046875,181.55165100097656,20250225-162034
4394,210,0,0.66796875,255.79827880859375,170.34521484375,947.2183227539062,812.6326904296875,20250225-162034
4395,229,0,0.236572265625,397.43524169921875,225.64251708984375,156.6060333251953,193.00965881347656,20250225-162034
4395,224,0,0.2371826171875,395.2818298339844,1546.6043701171875,196.3377685546875,296.4060974121094,20250225-162034
4395,213,0,0.2705078125,428.276611328125,156.419677734375,92.48941040039062,119.95478057861328,20250225-162034
4395,177,0,0.341552734375,395.1950988769531,1547.3558349609375,99.967529296875,167.0950164794922,20250225-162034
4395,223,0,0.5009765625,469.1503601074219,1112.9666748046875,323.8955383300781,394.8271789550781,20250225-162034
4395,228,0,0.59814453125,409.28594970703125,1718.4210205078125,108.9349365234375,179.9475555419922,20250225-162034
4395,216,0,0.62451171875,487.9052429199219,1404.5994873046875,420.859130859375,347.9825134277344,20250225-162034
4395,210,0,0.65771484375,257.56689453125,263.53143310546875,824.861083984375,810.05078125,20250225-162034
4396,229,0,0.29736328125,382.25262451171875,203.50437927246094,148.6787109375,197.11734008789062,20250225-162034
4396,216,0,0.46875,467.9768981933594,1381.9991455078125,510.79541015625,469.6748046875,20250225-162034
4396,177,0,0.5166015625,376.4992370605469,1530.3233642578125,99.5701904296875,193.69114685058594,20250225-162034
4396,228,0,0.58203125,386.9959716796875,1700.722900390625,106.3875732421875,186.2047882080078,20250225-162034
4396,223,0,0.6416015625,449.5424499511719,1080.7130126953125,361.8526611328125,513.9129638671875,20250225-162034
4396,210,0,0.79052734375,221.0730743408203,234.7606201171875,843.08349609375,845.899169921875,20250225-162034
4397,216,0,0.2017822265625,443.14239501953125,1401.1497802734375,382.3450927734375,330.63104248046875,20250225-162034
4397,224,0,0.253173828125,442.8310852050781,1430.601318359375,157.72174072265625,227.5808868408203,20250225-162034
4397,223,0,0.37744140625,425.031494140625,1094.630615234375,330.8506164550781,493.5511779785156,20250225-162034
4397,177,0,0.5546875,350.349609375,1517.014892578125,98.16064453125,192.11038208007812,20250225-162034
4397,228,0,0.6103515625,355.7162780761719,1683.4698486328125,101.8095703125,208.29270935058594,20250225-162034
4397,210,0,0.7099609375,202.76333618164062,84.23895263671875,981.1027221679688,864.5821533203125,20250225-162034
4398,177,0,0.5234375,324.24627685546875,1503.007080078125,102.35147094726562,193.13543701171875,20250225-162034
4398,223,0,0.56396484375,396.1645812988281,1046.87744140625,373.98577880859375,430.3413391113281,20250225-162034
4398,216,0,0.56787109375,412.6092224121094,1356.8062744140625,417.5625915527344,343.335205078125,20250225-162034
4398,228,0,0.6884765625,334.0471496582031,1670.250732421875,106.12152099609375,180.9087371826172,20250225-162034
4398,210,0,0.79052734375,169.67044067382812,23.749603271484375,1030.6717529296875,897.7784423828125,20250225-162034
4399,213,0,0.27197265625,322.0799865722656,149.89654541015625,89.03439331054688,153.75677490234375,20250225-162034
4399,177,0,0.39501953125,303.10479736328125,1491.3892822265625,92.3638916015625,176.44789123535156,20250225-162034
4399,227,0,0.4560546875,346.09942626953125,74.64228057861328,89.74150085449219,119.27360534667969,20250225-162034
4399,223,0,0.62255859375,380.15313720703125,1019.1992797851562,304.22589111328125,401.55792236328125,20250225-162034
4399,216,0,0.72265625,394.0260314941406,1346.3255615234375,416.6761779785156,345.53118896484375,20250225-162034
4399,228,0,0.7548828125,313.22760009765625,1658.61474609375,99.91168212890625,179.94944763183594,20250225-162034
4399,210,0,0.81689453125,144.97283935546875,37.78839111328125,1008.6403198242188,922.3195190429688,20250225-162034
4400,230,0,0.4833984375,279.1285095214844,1779.422607421875,132.30780029296875,197.84548950195312,20250225-162034
4400,177,0,0.54296875,290.67578125,1467.9166259765625,97.7255859375,183.2248077392578,20250225-162034
4400,216,0,0.5498046875,382.17822265625,1315.2396240234375,332.75079345703125,224.17697143554688,20250225-162034
4400,228,0,0.67333984375,298.775146484375,1636.7427978515625,104.30548095703125,184.39610290527344,20250225-162034
4400,223,0,0.70068359375,370.7400817871094,1031.7044677734375,259.5687561035156,388.7078857421875,20250225-162034
4400,210,0,0.84033203125,125.52180480957031,41.045013427734375,1001.8802490234375,940.4388427734375,20250225-162034
4401,177,0,0.262939453125,278.2105712890625,1442.27978515625,94.67596435546875,173.06951904296875,20250225-162034
4401,230,0,0.31494140625,269.903076171875,1751.17236328125,119.466064453125,197.38760375976562,20250225-162034
4401,228,0,0.373046875,294.94970703125,1596.887451171875,115.179931640625,170.2686004638672,20250225-162034
4401,223,0,0.6826171875,364.62188720703125,1013.7601318359375,253.72430419921875,381.80999755859375,20250225-162034
4401,216,0,0.76123046875,371.15008544921875,1306.747314453125,304.05413818359375,231.01463317871094,20250225-162034
4401,210,0,0.8564453125,125.5104751586914,19.67138671875,985.168212890625,941.2276611328125,20250225-162034
4402,220,0,0.330322265625,398.281005859375,1508.5916748046875,411.324462890625,671.3628540039062,20250225-162034
4402,216,0,0.43408203125,366.9276428222656,1272.576904296875,217.78262329101562,235.39602661132812,20250225-162034
4402,223,0,0.65478515625,367.0239562988281,988.4152221679688,240.41070556640625,382.4398193359375,20250225-162034
4402,210,0,0.7685546875,163.7816925048828,2.59130859375,968.5960693359375,901.0785522460938,20250225-162034
4403,228,0,0.2281494140625,306.47808837890625,1515.472412109375,108.8082275390625,194.0335693359375,20250225-162034
4403,216,0,0.455078125,378.1773986816406,1227.035888671875,270.7094421386719,230.5431671142578,20250225-162034
4403,223,0,0.65771484375,378.32666015625,934.9656372070312,253.22433471679688,382.3030090332031,20250225-162034
4403,210,0,0.81884765625,117.04850769042969,2.9813232421875,918.971435546875,947.4019775390625,20250225-162034
4403,220,0,0.8232421875,386.20977783203125,1460.022216796875,459.0223388671875,681.0870971679688,20250225-162034
4404,177,0,0.36572265625,317.3680725097656,1454.53759765625,111.5416259765625,171.9558563232422,20250225-162034
4404,223,0,0.62890625,384.8211975097656,884.1758422851562,257.37451171875,384.002197265625,20250225-162034
4404,216,0,0.68408203125,388.1185607910156,1178.9390869140625,274.40460205078125,231.06732177734375,20250225-162034
4404,210,0,0.85498046875,134.1634979248047,0.64453125,879.8270874023438,935.2178955078125,20250225-162034
4404,220,0,0.859375,377.75579833984375,1432.1202392578125,486.6287841796875,687.4425048828125,20250225-162034
4405,177,0,0.37841796875,320.7528381347656,1420.870361328125,98.8055419921875,161.21231079101562,20250225-162034
4405,223,0,0.67822265625,387.15338134765625,852.7532958984375,251.3470458984375,381.14678955078125,20250225-162034
4405,216,0,0.77880859375,393.9873352050781,1145.550048828125,372.73297119140625,326.9682312011719,20250225-162034
4405,210,0,0.87109375,113.21282196044922,1.713134765625,830.3849487304688,954.482666015625,20250225-162034
4405,220,0,0.89453125,380.5968322753906,1399.177490234375,518.9381103515625,684.1683959960938,20250225-162034
4406,224,0,0.435791015625,395.77606201171875,1530.1015625,194.367919921875,208.7661590576172,20250225-162035
4406,228,0,0.5439453125,299.8162841796875,1524.53369140625,114.90005493164062,191.9978485107422,20250225-162035
4406,223,0,0.6953125,384.8531494140625,776.0062866210938,315.87744140625,397.3117980957031,20250225-162035
4406,177,0,0.74609375,318.8487854003906,1398.7796630859375,91.21353149414062,152.86927795410156,20250225-162035
4406,216,0,0.7900390625,391.609375,1126.6680908203125,390.7565002441406,330.0088806152344,20250225-162035
4406,210,0,0.91943359375,98.85978698730469,0.12213134765625,794.4788818359375,965.0193481445312,20250225-162035
4406,220,0,0.92578125,373.67108154296875,1380.1168212890625,538.6834716796875,694.3270263671875,20250225-162035
4407,224,0,0.6123046875,393.5745544433594,1520.8062744140625,188.2760009765625,215.9188995361328,20250225-162035
4407,228,0,0.70263671875,297.15673828125,1516.8988037109375,109.9559326171875,196.56884765625,20250225-162035
4407,177,0,0.8291015625,317.9980773925781,1387.752685546875,87.81765747070312,156.4295196533203,20250225-162035
4407,223,0,0.8466796875,388.23486328125,772.5972290039062,306.245361328125,401.1557312011719,20250225-162035
4407,216,0,0.8837890625,396.8423156738281,1116.609130859375,389.5655822753906,327.3278503417969,20250225-162035
4407,210,0,0.9150390625,88.65314483642578,1.1959075927734375,758.8671875,974.1961669921875,20250225-162035
4407,220,0,0.9365234375,372.4081115722656,1378.1488037109375,540.4727783203125,695.9784545898438,20250225-162035
4408,228,0,0.7490234375,298.75347900390625,1511.7568359375,111.778564453125,203.87841796875,20250225-162035
4408,177,0,0.7626953125,321.7889099121094,1384.3934326171875,84.43679809570312,157.31430053710938,20250225-162035
4408,224,0,0.775390625,396.32440185546875,1518.10888671875,189.28848266601562,207.17764282226562,20250225-162035
4408,223,0,0.83203125,392.7140197753906,769.3035278320312,305.06085205078125,394.7676086425781,20250225-162035
4408,216,0,0.8642578125,399.012451171875,1113.252685546875,396.4915466308594,333.3557434082031,20250225-162035
4408,210,0,0.92724609375,86.01487731933594,2.3983612060546875,714.4009399414062,977.0511474609375,20250225-162035
4408,220,0,0.93310546875,380.39276123046875,1370.787353515625,548.3026123046875,687.9237670898438,20250225-162035
4409,224,0,0.4609375,391.7796630859375,1513.5162353515625,189.98648071289062,219.05661010742188,20250225-162035
4409,228,0,0.5341796875,296.2083435058594,1511.0679931640625,107.4620361328125,192.8795623779297,20250225-162035
4409,223,0,0.6376953125,393.152099609375,824.633056640625,288.8645324707031,390.35797119140625,20250225-162035
4409,177,0,0.72705078125,314.5703430175781,1380.5943603515625,92.39273071289062,162.77334594726562,20250225-162035
4409,216,0,0.8564453125,395.1163330078125,1103.1837158203125,386.9554138183594,320.66949462890625,20250225-162035
4409,210,0,0.92529296875,98.7349853515625,1.8896484375,677.9805908203125,964.7666625976562,20250225-162035
4409,220,0,0.93359375,385.198486328125,1354.7432861328125,564.2276611328125,683.2178344726562,20250225-162035
4410,224,0,0.352294921875,379.78680419921875,1519.806884765625,181.6025390625,168.8882293701172,20250225-162035
4410,228,0,0.436767578125,286.29022216796875,1495.783935546875,115.18057250976562,175.9563446044922,20250225-162035
4410,231,0,0.55810546875,285.3173522949219,1223.245361328125,124.96343994140625,203.48104858398438,20250225-162035
4410,177,0,0.74853515625,295.4236755371094,1374.78076171875,97.78903198242188,167.45016479492188,20250225-162035
4410,223,0,0.80078125,380.19732666015625,754.5342407226562,312.4288330078125,402.223876953125,20250225-162035
4410,216,0,0.81005859375,384.0794677734375,1091.5850830078125,389.077880859375,320.0163879394531,20250225-162035
4410,210,0,0.9140625,94.69099426269531,2.470733642578125,673.1530151367188,968.3419189453125,20250225-162035
4410,220,0,0.927734375,369.44866943359375,1330.52490234375,588.331787109375,698.2926635742188,20250225-162035
4411,232,0,0.26904296875,347.43731689453125,752.481689453125,75.12995910644531,146.42835998535156,20250225-162035
4411,231,0,0.30908203125,264.6958923339844,1213.5087890625,172.46145629882812,282.86859130859375,20250225-162035
4411,228,0,0.39794921875,261.355224609375,1489.1510009765625,108.618896484375,186.6837158203125,20250225-162035
4411,224,0,0.400634765625,359.470458984375,1470.4302978515625,230.677001953125,418.2244567871094,20250225-162035
4411,177,0,0.525390625,274.3524475097656,1361.18505859375,128.87841796875,208.96307373046875,20250225-162035
4411,216,0,0.71484375,369.2856750488281,1081.745849609375,377.3753356933594,310.77752685546875,20250225-162035
4411,223,0,0.732421875,365.0462341308594,736.0896606445312,333.4339599609375,409.6575927734375,20250225-162035
4411,210,0,0.85693359375,90.65093994140625,3.1760101318359375,706.6771240234375,972.5863037109375,20250225-162035
4411,220,0,0.91064453125,360.0613708496094,1287.8221435546875,630.9261474609375,707.9547729492188,20250225-162035
4412,232,0,0.2322998046875,315.441162109375,720.8944702148438,86.7725830078125,210.3895721435547,20250225-162035
4412,177,0,0.26513671875,250.45892333984375,1337.1287841796875,99.19857788085938,199.83847045898438,20250225-162035
4412,231,0,0.31494140625,244.17213439941406,1191.65478515625,80.51678466796875,148.1380615234375,20250225-162035
4412,216,0,0.33203125,348.6706848144531,1052.3349609375,440.89324951171875,446.3596496582031,20250225-162035
4412,223,0,0.5947265625,340.6616516113281,707.1959838867188,380.8641357421875,488.6788330078125,20250225-162035
4412,210,0,0.83740234375,52.7977180480957,3.654876708984375,687.722412109375,1009.74560546875,20250225-162035
4412,220,0,0.900390625,336.74932861328125,1236.149169921875,682.0048828125,731.2510375976562,20250225-162035
4413,228,0,0.24072265625,201.6147918701172,1424.9375,125.78485107421875,188.3009033203125,20250225-162035
4413,231,0,0.261962890625,318.1483459472656,1071.1812744140625,149.55679321289062,223.0784454345703,20250225-162035
4413,223,0,0.345947265625,313.414794921875,708.4132690429688,346.12225341796875,471.99652099609375,20250225-162035
4413,177,0,0.37744140625,211.80087280273438,1297.7530517578125,147.56900024414062,285.4624938964844,20250225-162035
4413,216,0,0.4921875,215.65707397460938,1157.8819580078125,204.2171630859375,394.5230712890625,20250225-162035
4413,210,0,0.85205078125,57.49291229248047,3.4436187744140625,619.6214599609375,1005.4526977539062,20250225-162035
4413,220,0,0.88232421875,302.37652587890625,1191.1519775390625,725.8128662109375,764.4761962890625,20250225-162035
4414,223,0,0.5400390625,288.370849609375,700.5664672851562,303.769775390625,468.5264587402344,20250225-162035
4414,210,0,0.7880859375,43.60576629638672,3.6064910888671875,619.7521362304688,1019.0797119140625,20250225-162035
4414,220,0,0.8583984375,271.58221435546875,1143.4500732421875,774.71044921875,794.4365844726562,20250225-162035
4415,223,0,0.29345703125,244.31785583496094,639.1235961914062,308.47943115234375,467.4850769042969,20250225-162035
4415,210,0,0.73779296875,43.21686553955078,2.7809600830078125,486.0054016113281,1024.715087890625,20250225-162035
4415,220,0,0.75927734375,227.79464721679688,1093.5589599609375,824.9051513671875,837.5090942382812,20250225-162035
4416,216,0,0.20556640625,93.34825134277344,1137.3184814453125,187.03399658203125,293.04840087890625,20250225-162035
4416,223,0,0.32421875,204.2734832763672,577.5261840820312,246.9100341796875,313.7969055175781,20250225-162035
4416,231,0,0.35400390625,201.6031951904297,892.7407836914062,345.5332946777344,468.4862976074219,20250225-162035
4416,210,0,0.69775390625,68.47555541992188,2.3674163818359375,582.9241333007812,994.6510620117188,20250225-162035
4416,220,0,0.88720703125,209.01593017578125,1051.7252197265625,868.2747802734375,855.70751953125,20250225-162035
4417,231,0,0.25244140625,183.72071838378906,863.026611328125,185.08895874023438,230.85540771484375,20250225-162035
4417,223,0,0.351318359375,184.318115234375,541.7561645507812,331.28118896484375,412.5827941894531,20250225-162035
4417,210,0,0.72314453125,86.53518676757812,1.5318603515625,559.342041015625,977.42431640625,20250225-162035
4417,220,0,0.88671875,189.0346221923828,1005.0574951171875,912.98291015625,877.6115112304688,20250225-162035
4418,232,0,0.21044921875,145.31787109375,788.9952392578125,334.505126953125,475.9037780761719,20250225-162035
4418,231,0,0.2509765625,152.8072967529297,815.6420288085938,184.48727416992188,236.04095458984375,20250225-162035
4418,223,0,0.316650390625,147.21234130859375,491.38385009765625,316.9349670410156,403.7813720703125,20250225-162035
4418,210,0,0.716796875,40.2513313293457,1.7005462646484375,534.513671875,1019.9622802734375,20250225-162035
4418,220,0,0.89501953125,166.87503051757812,976.0098266601562,941.9404907226562,900.017578125,20250225-162035
4419,232,0,0.332763671875,105.10447692871094,770.7392578125,326.123291015625,317.66314697265625,20250225-162035
4419,223,0,0.62451171875,114.84266662597656,448.4439697265625,284.6016540527344,408.5455017089844,20250225-162035
4419,210,0,0.67724609375,125.53124237060547,1.3777313232421875,498.5182800292969,937.4667358398438,20250225-162035
4419,220,0,0.91015625,152.01036071777344,943.5164794921875,974.3895263671875,913.72705078125,20250225-162035
4420,216,0,0.367431640625,73.5806655883789,1102.7508544921875,207.90737915039062,224.38571166992188,20250225-162035
4420,223,0,0.37841796875,91.92720031738281,405.6757507324219,290.61724853515625,407.43402099609375,20250225-162035
4420,232,0,0.490234375,94.73648071289062,722.1388549804688,367.80084228515625,310.7329406738281,20250225-162035
4420,210,0,0.71630859375,218.18856811523438,1.1632232666015625,463.7392578125,845.8335571289062,20250225-162035
4420,220,0,0.91064453125,137.2555389404297,918.1499633789062,998.1271362304688,928.4447021484375,20250225-162035
4421,216,0,0.3701171875,48.624671936035156,1084.3798828125,194.57748413085938,229.81741333007812,20250225-162035
4421,210,0,0.4697265625,304.40435791015625,2.16961669921875,442.3532409667969,757.7333374023438,20250225-162035
4421,228,0,0.57861328125,26.87635612487793,1523.7535400390625,218.185546875,212.85324096679688,20250225-162035
4421,223,0,0.69189453125,68.75930786132812,344.4591369628906,320.7654113769531,462.2071838378906,20250225-162035
4421,232,0,0.73388671875,65.35079956054688,692.2884521484375,361.53131103515625,321.2626647949219,20250225-162035
4421,220,0,0.908203125,114.3327407836914,900.0371704101562,1017.935302734375,953.2925415039062,20250225-162035
4422,224,0,0.306640625,293.67913818359375,1573.6549072265625,346.02960205078125,619.040283203125,20250225-162035
4422,210,0,0.34326171875,367.5582580566406,1.651153564453125,421.28173828125,696.5355224609375,20250225-162035
4422,223,0,0.552734375,44.89451599121094,348.79852294921875,275.769287109375,417.8509216308594,20250225-162035
4422,216,0,0.595703125,40.63988494873047,1054.1173095703125,203.33404541015625,228.68389892578125,20250225-162035
4422,228,0,0.79052734375,16.93789291381836,1492.9425048828125,216.11196899414062,236.2492218017578,20250225-162035
4422,232,0,0.8447265625,44.512481689453125,657.83056640625,434.328369140625,330.7790222167969,20250225-162035
4422,220,0,0.9443359375,114.06486511230469,884.3787231445312,1033.882080078125,952.8468017578125,20250225-162035
4423,210,0,0.435791015625,372.3738708496094,2.0348968505859375,397.9669189453125,693.767578125,20250225-162035
4423,224,0,0.453369140625,242.7939910888672,1631.056640625,288.28399658203125,689.3884887695312,20250225-162035
4423,216,0,0.5263671875,41.85947799682617,1037.9849853515625,200.54910278320312,234.09371948242188,20250225-162035
4423,223,0,0.8251953125,37.956390380859375,257.07879638671875,354.5819091796875,452.2244873046875,20250225-162035
4423,228,0,0.83056640625,21.465911865234375,1464.01171875,224.6220703125,237.9688720703125,20250225-162035
4423,232,0,0.8701171875,37.267555236816406,650.0139770507812,391.69866943359375,340.0462646484375,20250225-162035
4423,220,0,0.9462890625,120.29273986816406,873.70751953125,1043.8128662109375,945.9597778320312,20250225-162035
4424,227,0,0.2166748046875,111.52599334716797,0.10156631469726562,161.1803741455078,455.62249755859375,20250225-162035
4424,224,0,0.57470703125,216.39710998535156,1589.7989501953125,329.32855224609375,740.1273803710938,20250225-162035
4424,210,0,0.712890625,411.76416015625,1.4033203125,383.2222595214844,655.2662963867188,20250225-162035
4424,228,0,0.80615234375,34.05643844604492,1457.6363525390625,221.2730712890625,234.9628143310547,20250225-162035
4424,232,0,0.83447265625,52.9401969909668,636.0868530273438,402.56903076171875,334.8307800292969,20250225-162035
4424,216,0,0.84130859375,49.07867431640625,1029.271240234375,196.89028930664062,238.06051635742188,20250225-162035
4424,223,0,0.84326171875,41.0588264465332,243.86691284179688,368.8477478027344,458.59161376953125,20250225-162035
4424,220,0,0.95166015625,144.35116577148438,864.626220703125,1052.94873046875,920.6739501953125,20250225-162035
4425,224,0,0.63525390625,255.32080078125,1608.5635986328125,310.69940185546875,725.9009399414062,20250225-162035
4425,216,0,0.66357421875,59.961360931396484,1025.6883544921875,200.83758544921875,228.15065002441406,20250225-162035
4425,210,0,0.6884765625,105.85636138916016,0.5829620361328125,364.3060302734375,964.2863159179688,20250225-162035
4425,228,0,0.7646484375,52.522804260253906,1450.4447021484375,219.87744140625,237.29898071289062,20250225-162035
4425,232,0,0.8154296875,48.904266357421875,637.2404174804688,406.30987548828125,344.2392883300781,20250225-162035
4425,223,0,0.87548828125,41.74165344238281,240.19784545898438,362.8538818359375,456.3299560546875,20250225-162035
4425,220,0,0.94384765625,162.6832275390625,848.6376342773438,1067.97021484375,902.010498046875,20250225-162035
4426,234,0,0.56982421875,107.35771942138672,1617.6221923828125,213.32977294921875,223.50827026367188,20250225-162035
4426,224,0,0.66552734375,282.5009765625,1584.762451171875,334.41961669921875,749.1124877929688,20250225-162035
4426,216,0,0.69580078125,71.15084838867188,1020.1512451171875,198.85134887695312,246.19541931152344,20250225-162035
4426,210,0,0.7578125,110.25183868408203,0.8583526611328125,221.093994140625,950.5931396484375,20250225-162035
4426,228,0,0.7861328125,74.08484649658203,1443.45703125,219.64599609375,238.9629364013672,20250225-162035
4426,223,0,0.80322265625,46.743350982666016,231.1083984375,375.2574462890625,457.1969909667969,20250225-162035
4426,233,0,0.80859375,77.03467559814453,1325.390625,149.82669067382812,154.86026000976562,20250225-162035
4426,232,0,0.8740234375,57.961849212646484,632.5808715820312,387.04705810546875,347.3990783691406,20250225-162035
4426,220,0,0.93994140625,191.372314453125,826.1801147460938,1089.898193359375,873.7014770507812,20250225-162035
4427,227,0,0.25390625,1.1606025695800781,0.2995147705078125,172.37832641601562,372.6631164550781,20250225-162035
4427,234,0,0.418701171875,144.20745849609375,1607.5089111328125,201.66485595703125,219.28952026367188,20250225-162035
4427,228,0,0.5341796875,114.54427337646484,1428.972412109375,217.72476196289062,226.8472900390625,20250225-162035
4427,210,0,0.5400390625,169.30284118652344,0.9095420837402344,184.02011108398438,891.9188842773438,20250225-162035
4427,224,0,0.64697265625,316.27099609375,1562.2335205078125,356.7015380859375,749.0224609375,20250225-162035
4427,216,0,0.66357421875,100.79792785644531,1005.6502075195312,210.1314697265625,249.35385131835938,20250225-162035
4427,223,0,0.73583984375,57.59333801269531,221.37139892578125,368.1867370605469,455.4862976074219,20250225-162035
4427,232,0,0.87890625,72.61577606201172,624.3843383789062,393.3731689453125,351.0445251464844,20250225-162035
4427,220,0,0.91748046875,210.31317138671875,807.0823974609375,1082.18408203125,859.240234375,20250225-162035
4428,231,0,0.2421875,0.4617905616760254,939.5225830078125,168.09274291992188,199.53347778320312,20250225-162035
4428,224,0,0.2783203125,341.7376403808594,1521.1490478515625,397.787109375,720.384033203125,20250225-162035
4428,235,0,0.29833984375,2.0463860034942627,0.1937255859375,164.3378448486328,94.73085021972656,20250225-162035
4428,234,0,0.326904296875,168.7770233154297,1573.705810546875,212.24725341796875,221.49261474609375,20250225-162035
4428,216,0,0.462890625,123.78617858886719,967.1691284179688,238.11575317382812,385.3096618652344,20250225-162035
4428,233,0,0.5146484375,129.46876525878906,1285.740234375,160.24832153320312,167.43663024902344,20250225-162035
4428,210,0,0.5537109375,155.12112426757812,0.5539627075195312,147.71688842773438,900.6749877929688,20250225-162035
4428,223,0,0.62255859375,63.53007507324219,221.3519287109375,348.5723571777344,438.74578857421875,20250225-162035
4428,228,0,0.77685546875,136.34710693359375,1405.0308837890625,225.8994140625,229.05369567871094,20250225-162035
4428,232,0,0.8076171875,81.5331039428711,606.5388793945312,390.31201171875,352.85223388671875,20250225-162035
4428,220,0,0.91259765625,254.89019775390625,779.0584716796875,1005.4524536132812,811.1341552734375,20250225-162035
4429,210,0,0.2186279296875,164.7250518798828,0.5986404418945312,109.67962646484375,769.7254028320312,20250225-162035
4429,234,0,0.2568359375,192.74362182617188,1570.5377197265625,253.63348388671875,204.0772247314453,20250225-162035
4429,233,0,0.470703125,143.9875030517578,1268.1492919921875,159.77828979492188,152.73387145996094,20250225-162035
4429,224,0,0.4736328125,370.91619873046875,1491.4620361328125,427.6553649902344,692.9985961914062,20250225-162035
4429,223,0,0.64501953125,70.33074188232422,174.60443115234375,391.0967102050781,444.9154357910156,20250225-162035
4429,216,0,0.7568359375,145.92945861816406,973.0768432617188,214.39627075195312,220.10928344726562,20250225-162035
4429,228,0,0.7734375,156.49998474121094,1382.490234375,220.18359375,223.86412048339844,20250225-162035
4429,232,0,0.798828125,94.37779235839844,589.3907470703125,430.16741943359375,350.4371337890625,20250225-162035
4429,220,0,0.93212890625,291.3497009277344,757.53515625,947.7808227539062,776.1809692382812,20250225-162035
4430,227,0,0.2288818359375,1.5590500831604004,95.860107421875,162.0991973876953,275.2547607421875,20250225-162035
4430,234,0,0.406494140625,204.29183959960938,1527.4346923828125,212.4913330078125,208.2741241455078,20250225-162035
4430,216,0,0.43212890625,154.37147521972656,904.5847778320312,262.3217468261719,461.89544677734375,20250225-162035
4430,223,0,0.448486328125,84.91453552246094,159.2186737060547,373.6498718261719,451.2510681152344,20250225-162035
4430,233,0,0.48046875,158.8752899169922,1241.1302490234375,160.38327026367188,157.99404907226562,20250225-162035
4430,224,0,0.59716796875,314.24810791015625,1487.3475341796875,431.8775939941406,749.21240234375,20250225-162035
4430,232,0,0.6416015625,105.72648620605469,558.580810546875,392.9813232421875,351.7622375488281,20250225-162035
4430,228,0,0.7841796875,169.73529052734375,1355.26953125,220.26800537109375,221.30374145507812,20250225-162035
4430,220,0,0.9111328125,318.33624267578125,732.8545532226562,915.4991455078125,748.9058837890625,20250225-162035
4431,227,0,0.2049560546875,3.222384452819824,70.60414123535156,202.44863891601562,294.4613342285156,20250225-162035
4431,234,0,0.401611328125,220.67095947265625,1516.6614990234375,200.82568359375,198.88995361328125,20250225-162035
4431,233,0,0.414794921875,170.5980987548828,1220.786376953125,162.185302734375,151.11386108398438,20250225-162035
4431,223,0,0.47265625,100.83827209472656,146.48387145996094,360.0865478515625,444.82354736328125,20250225-162035
4431,224,0,0.505859375,407.04132080078125,1421.55517578125,498.1317443847656,656.3084106445312,20250225-162035
4431,216,0,0.5087890625,181.5499267578125,927.4498901367188,208.71881103515625,220.90415954589844,20250225-162035
4431,232,0,0.521484375,132.5523681640625,543.7857055664062,442.2147216796875,407.0526428222656,20250225-162035
4431,228,0,0.796875,186.11947631835938,1334.121826171875,218.15386962890625,218.13693237304688,20250225-162035
4431,220,0,0.92431640625,341.78466796875,719.5486450195312,889.6766967773438,726.7973022460938,20250225-162035
4432,231,0,0.2166748046875,12.293787002563477,865.86181640625,166.56838989257812,235.87811279296875,20250225-162035
4432,227,0,0.226806640625,13.321051597595215,55.10826873779297,153.32266235351562,311.8341064453125,20250225-162035
4432,223,0,0.355712890625,123.94709014892578,106.92475891113281,436.4742736816406,475.1040954589844,20250225-162035
4432,234,0,0.41015625,230.05079650878906,1505.2664794921875,190.4739990234375,198.2364044189453,20250225-162035
4432,233,0,0.420654296875,184.675048828125,1198.778564453125,160.12298583984375,150.25584411621094,20250225-162035
4432,216,0,0.611328125,198.88670349121094,910.2196655273438,219.83157348632812,217.91026306152344,20250225-162035
4432,228,0,0.71044921875,201.69451904296875,1298.80517578125,226.00460815429688,213.60601806640625,20250225-162035
4432,224,0,0.71923828125,283.5738525390625,1424.1688232421875,495.0563049316406,783.2836303710938,20250225-162035
4432,232,0,0.72509765625,168.30294799804688,527.0590209960938,414.4909973144531,324.34918212890625,20250225-162035
4432,220,0,0.90576171875,359.3337097167969,699.5513305664062,860.75830078125,708.3399658203125,20250225-162035
4433,231,0,0.24365234375,40.04936981201172,911.0289916992188,91.28970336914062,181.47628784179688,20250225-162035
4433,227,0,0.307373046875,28.56930160522461,30.136619567871094,200.18899536132812,304.36865234375,20250225-162035
4433,234,0,0.363037109375,243.21807861328125,1507.7969970703125,142.0242919921875,129.35650634765625,20250225-162035
4433,233,0,0.36474609375,199.6160430908203,1185.6986083984375,150.91790771484375,139.5553741455078,20250225-162035
4433,224,0,0.55078125,434.7769470214844,1323.052001953125,595.994384765625,630.680419921875,20250225-162035
4433,223,0,0.56787109375,141.49972534179688,89.696044921875,415.9483337402344,455.10211181640625,20250225-162035
4433,216,0,0.7177734375,211.9672088623047,894.680419921875,215.42706298828125,220.9014129638672,20250225-162035
4433,232,0,0.7373046875,156.88778686523438,516.1939697265625,418.4017639160156,354.4615173339844,20250225-162035
4433,228,0,0.76904296875,212.8396759033203,1294.18994140625,207.6815185546875,211.8142547607422,20250225-162035
4433,220,0,0.90771484375,387.13604736328125,690.9274291992188,824.8297119140625,681.7644653320312,20250225-162035
4434,224,0,0.234375,319.753662109375,1425.3731689453125,494.3800048828125,743.9266967773438,20250225-162035
4434,234,0,0.312255859375,244.9033660888672,1494.220947265625,133.7735595703125,125.39073944091797,20250225-162035
4434,231,0,0.330322265625,46.64492416381836,891.3165893554688,89.79446411132812,185.3737335205078,20250225-162035
4434,233,0,0.39599609375,202.4959716796875,1194.233642578125,116.98104858398438,133.95872497558594,20250225-162035
4434,227,0,0.405517578125,43.63898468017578,11.782333374023438,196.22515869140625,208.52984619140625,20250225-162035
4434,236,0,0.517578125,48.270362854003906,775.50146484375,91.78573608398438,161.87380981445312,20250225-162035
4434,216,0,0.71923828125,218.51617431640625,871.8485107421875,252.61669921875,219.21011352539062,20250225-162035
4434,223,0,0.73388671875,150.560546875,29.799270629882812,408.1802978515625,487.21685791015625,20250225-162035
4434,228,0,0.78662109375,215.2276611328125,1272.185302734375,205.55392456054688,212.86212158203125,20250225-162035
4434,232,0,0.87109375,168.9248809814453,487.56097412109375,392.3924560546875,349.19091796875,20250225-162035
4434,220,0,0.91015625,415.6479797363281,662.0711669921875,833.8538818359375,654.34521484375,20250225-162035
4435,231,0,0.244384765625,30.769594192504883,863.42578125,102.46710205078125,194.87283325195312,20250225-162035
4435,233,0,0.250244140625,189.83963012695312,1139.4224853515625,157.92269897460938,221.7188720703125,20250225-162035
4435,227,0,0.26806640625,40.10155487060547,0.0,188.72337341308594,498.5332946777344,20250225-162035
4435,230,0,0.39794921875,268.3618469238281,1669.6387939453125,249.0589599609375,203.00596618652344,20250225-162035
4435,234,0,0.5146484375,227.65859985351562,1469.8538818359375,212.5869140625,205.65118408203125,20250225-162035
4435,236,0,0.5146484375,35.146080017089844,751.5061645507812,99.19047546386719,205.05419921875,20250225-162035
4435,216,0,0.537109375,206.6283721923828,849.5905151367188,256.8153991699219,227.15554809570312,20250225-162035
4435,223,0,0.68505859375,147.6762237548828,84.34141540527344,332.8069152832031,441.16912841796875,20250225-162035
4435,228,0,0.708984375,202.63119506835938,1249.763427734375,225.98849487304688,231.6419677734375,20250225-162035
4435,232,0,0.8388671875,171.3341827392578,463.470703125,425.07806396484375,343.15985107421875,20250225-162035
4435,220,0,0.9208984375,409.6797180175781,629.38134765625,866.4852905273438,659.853271484375,20250225-162035
4436,234,0,0.2037353515625,206.04986572265625,1454.0498046875,125.66839599609375,130.4732666015625,20250225-162036
4436,230,0,0.2139892578125,242.69686889648438,1635.6214599609375,283.61187744140625,221.33314514160156,20250225-162036
4436,233,0,0.304931640625,167.78697204589844,1137.742431640625,129.6767578125,232.46710205078125,20250225-162036
4436,216,0,0.51171875,189.9119873046875,814.45458984375,276.18511962890625,231.26341247558594,20250225-162036
4436,228,0,0.5322265625,181.57232666015625,1227.628662109375,223.09130859375,231.78929138183594,20250225-162036
4436,223,0,0.7138671875,138.67161560058594,38.191864013671875,353.89288330078125,467.970703125,20250225-162036
4436,232,0,0.8115234375,159.27760314941406,435.92010498046875,428.7996826171875,340.5859069824219,20250225-162036
4436,220,0,0.9072265625,404.8403625488281,597.8860473632812,891.4031982421875,665.6796264648438,20250225-162036
4437,230,0,0.257568359375,229.19935607910156,1599.556640625,318.5533447265625,236.1831817626953,20250225-162036
4437,233,0,0.27978515625,156.5975799560547,1133.171142578125,110.62344360351562,234.1398162841797,20250225-162036
4437,228,0,0.448486328125,169.34902954101562,1200.2578125,206.61309814453125,221.55630493164062,20250225-162036
4437,216,0,0.57763671875,176.8611297607422,786.4575805664062,291.4320373535156,242.7334747314453,20250225-162036
4437,223,0,0.70556640625,129.41693115234375,2.7996826171875,387.93475341796875,476.1623229980469,20250225-162036
4437,232,0,0.81884765625,148.05296325683594,397.2422790527344,441.14776611328125,349.8553161621094,20250225-162036
4437,220,0,0.89501953125,387.759033203125,573.778076171875,935.252197265625,681.0965576171875,20250225-162036
4438,223,0,0.439697265625,104.96560668945312,0.474609375,407.92437744140625,724.0213623046875,20250225-162036
4438,220,0,0.82275390625,339.70404052734375,531.1453857421875,1061.2657470703125,727.1527099609375,20250225-162036
4439,223,0,0.466796875,62.624732971191406,0.60662841796875,350.16131591796875,716.06640625,20250225-162036
4439,220,0,0.7861328125,277.93994140625,493.2828369140625,1110.0809326171875,786.29443359375,20250225-162036
4440,223,0,0.29736328125,12.404766082763672,0.0721435546875,352.0236511230469,459.6724853515625,20250225-162036
4440,233,0,0.39501953125,44.446006774902344,1124.947998046875,221.77816772460938,242.33213806152344,20250225-162036
4440,220,0,0.406494140625,264.6676025390625,458.11248779296875,1218.473388671875,802.5341186523438,20250225-162036
4441,224,0,0.2322998046875,96.01726531982422,1334.4180908203125,479.3009033203125,541.25390625,20250225-162036
4441,216,0,0.25244140625,21.89942169189453,968.1707763671875,150.331787109375,234.42617797851562,20250225-162036
4441,234,0,0.275146484375,99.26789093017578,1458.5804443359375,352.052490234375,209.62107849121094,20250225-162036
4441,236,0,0.322509765625,38.74311447143555,651.6450805664062,279.0977783203125,245.83660888671875,20250225-162036
4441,223,0,0.39501953125,7.305908203125,0.3587493896484375,295.665771484375,463.400390625,20250225-162036
4441,233,0,0.537109375,32.86075210571289,1075.8028564453125,190.68246459960938,209.57176208496094,20250225-162036
4441,232,0,0.68017578125,12.585654258728027,237.9697265625,468.0868835449219,350.5775146484375,20250225-162036
4441,220,0,0.73876953125,245.80081176757812,425.50048828125,1334.265869140625,821.2880859375,20250225-162036
4442,227,0,0.267333984375,11.448848724365234,0.5241851806640625,185.36630249023438,307.21282958984375,20250225-162036
4442,216,0,0.291015625,18.461923599243164,925.2134399414062,147.83212280273438,234.05337524414062,20250225-162036
4442,236,0,0.338134765625,21.572856903076172,590.1947021484375,311.7475891113281,371.5068054199219,20250225-162036
4442,220,0,0.71923828125,237.02590942382812,405.24737548828125,1346.936767578125,830.7909545898438,20250225-162036
4442,233,0,0.736328125,27.6251220703125,1036.851318359375,188.76132202148438,222.57504272460938,20250225-162036
4442,232,0,0.7431640625,5.983611106872559,187.93080139160156,485.3916320800781,353.23529052734375,20250225-162036
4443,228,0,0.29736328125,53.425315856933594,1219.4912109375,131.23690795898438,131.73959350585938,20250225-162036
4443,216,0,0.37744140625,7.3468708992004395,885.6959838867188,152.54205322265625,235.9781951904297,20250225-162036
4443,234,0,0.42626953125,89.65746307373047,1380.9635009765625,253.8837890625,196.02029418945312,20250225-162036
4443,236,0,0.4990234375,10.84475040435791,589.809814453125,261.5382385253906,224.97850036621094,20250225-162036
4443,233,0,0.7333984375,21.51974868774414,1004.7932739257812,187.1546630859375,217.43280029296875,20250225-162036
4443,232,0,0.80126953125,3.4919142723083496,135.727294921875,498.9104919433594,351.06463623046875,20250225-162036
4443,220,0,0.8564453125,222.8701171875,390.7635498046875,1493.8311767578125,843.9561767578125,20250225-162036
4444,228,0,0.32080078125,52.11351776123047,1151.016845703125,174.53164672851562,191.00546264648438,20250225-162036
4444,224,0,0.388671875,96.88404846191406,1279.0048828125,393.42919921875,496.01531982421875,20250225-162036
4444,231,0,0.391357421875,14.71115493774414,853.5104370117188,149.42001342773438,145.1136932373047,20250225-162036
4444,236,0,0.65234375,7.328803539276123,555.2794189453125,247.60684204101562,255.097412109375,20250225-162036
4444,232,0,0.73388671875,6.237573623657227,102.35165405273438,492.4507141113281,345.5481262207031,20250225-162036
4444,233,0,0.791015625,22.769529342651367,969.7908325195312,197.22756958007812,219.1370086669922,20250225-162036
4444,220,0,0.91552734375,217.55804443359375,373.3740234375,1541.76416015625,848.3760375976562,20250225-162036
4445,231,0,0.356689453125,24.28006362915039,833.501953125,147.59902954101562,175.47267150878906,20250225-162036
4445,228,0,0.5390625,69.35514831542969,1102.2073974609375,173.15835571289062,210.6431884765625,20250225-162036
4445,236,0,0.6591796875,29.104434967041016,534.6329345703125,224.5982666015625,263.6639709472656,20250225-162036
4445,233,0,0.705078125,42.04010772705078,912.34521484375,227.46807861328125,222.49195861816406,20250225-162036
4445,232,0,0.80517578125,8.325276374816895,6.352752685546875,530.12353515625,361.9237365722656,20250225-162036
4445,220,0,0.908203125,211.05422973632812,365.218505859375,1550.0394287109375,854.3794555664062,20250225-162036
4446,231,0,0.269775390625,48.358985900878906,813.500244140625,147.23117065429688,189.91366577148438,20250225-162036
4446,236,0,0.650390625,44.294044494628906,516.071533203125,221.7484130859375,270.18780517578125,20250225-162036
4446,228,0,0.6513671875,95.02516174316406,1090.7554931640625,159.4815673828125,208.61749267578125,20250225-162036
4446,233,0,0.74755859375,66.12747955322266,921.3674926757812,199.16098022460938,219.76492309570312,20250225-162036
4446,232,0,0.83837890625,4.280719757080078,5.454345703125,473.6569519042969,379.14898681640625,20250225-162036
4446,220,0,0.8828125,226.89385986328125,360.456298828125,1548.6134033203125,838.40283203125,20250225-162036
4447,177,0,0.244384765625,163.47665405273438,1275.9407958984375,229.60629272460938,197.12503051757812,20250225-162036
4447,228,0,0.515625,121.46600341796875,1109.3492431640625,126.93557739257812,193.3209228515625,20250225-162036
4447,236,0,0.5458984375,69.19043731689453,510.1083068847656,215.8970947265625,249.50071716308594,20250225-162036
4447,231,0,0.55712890625,69.4355239868164,812.092041015625,136.17938232421875,208.74038696289062,20250225-162036
4447,233,0,0.705078125,90.44392395019531,927.6567993164062,181.07913208007812,211.08212280273438,20250225-162036
4447,232,0,0.79052734375,15.6809663772583,23.520904541015625,463.1668395996094,395.51788330078125,20250225-162036
4447,220,0,0.802734375,312.29791259765625,1063.3062744140625,574.5071411132812,691.9459228515625,20250225-162036
4448,224,0,0.2213134765625,191.34698486328125,1287.468505859375,286.036376953125,706.1815795898438,20250225-162036
4448,177,0,0.22607421875,192.98768615722656,1286.2503662109375,237.60287475585938,192.06170654296875,20250225-162036
4448,231,0,0.349609375,103.31654357910156,817.17919921875,123.83734130859375,214.69354248046875,20250225-162036
4448,233,0,0.548828125,118.0723648071289,919.2431030273438,187.33236694335938,214.7495880126953,20250225-162036
4448,228,0,0.5947265625,153.9961395263672,1107.57421875,123.53695678710938,178.5131072998047,20250225-162036
4448,236,0,0.66259765625,96.01136779785156,505.64630126953125,231.29685974121094,396.20672607421875,20250225-162036
4448,220,0,0.77783203125,289.160400390625,359.3265380859375,1384.93505859375,779.8297119140625,20250225-162036
4448,232,0,0.84228515625,21.124134063720703,16.1539306640625,496.77392578125,410.28790283203125,20250225-162036
4449,228,0,0.5263671875,185.12786865234375,1108.76318359375,112.866943359375,149.166748046875,20250225-162036
4449,231,0,0.587890625,136.7702178955078,808.0162353515625,133.94247436523438,178.3922576904297,20250225-162036
4449,236,0,0.62451171875,126.35633850097656,520.738037109375,229.1572723388672,241.22938537597656,20250225-162036
4449,233,0,0.67822265625,156.08177185058594,920.744384765625,182.4385986328125,204.5340118408203,20250225-162036
4449,224,0,0.78662109375,376.8070068359375,1087.346923828125,533.15625,681.4378051757812,20250225-162036
4449,232,0,0.876953125,44.665000915527344,37.934234619140625,488.7486877441406,420.1311340332031,20250225-162036
4449,220,0,0.90185546875,314.09002685546875,370.3065490722656,1052.1962890625,756.54638671875,20250225-162036
4450,223,0,0.299072265625,33.14392852783203,23.903732299804688,253.9248504638672,293.4921875,20250225-162036
4450,231,0,0.4873046875,166.2052001953125,808.8662109375,133.35873413085938,155.83689880371094,20250225-162036
4450,228,0,0.498046875,222.8287353515625,1105.598388671875,125.34136962890625,143.5028533935547,20250225-162036
4450,233,0,0.59619140625,185.32278442382812,919.5950317382812,186.093017578125,200.21493530273438,20250225-162036
4450,177,0,0.66552734375,264.96405029296875,1280.045654296875,132.62960815429688,150.28318786621094,20250225-162036
4450,236,0,0.73193359375,150.22373962402344,517.2340087890625,238.576171875,243.81602478027344,20250225-162036
4450,224,0,0.73486328125,401.705810546875,1083.2054443359375,542.51220703125,666.9130249023438,20250225-162036
4450,232,0,0.8681640625,79.78215789794922,49.011749267578125,473.92803955078125,399.0672912597656,20250225-162036
4450,220,0,0.9111328125,335.64312744140625,375.4726867675781,1007.0057373046875,735.8642578125,20250225-162036
4451,223,0,0.384033203125,31.726497650146484,28.1451416015625,270.7335205078125,291.0967712402344,20250225-162036
4451,231,0,0.57275390625,181.41714477539062,806.9124755859375,136.6962890625,187.12359619140625,20250225-162036
4451,228,0,0.625,241.02064514160156,1097.681396484375,178.099365234375,158.7916259765625,20250225-162036
4451,177,0,0.6875,283.8111877441406,1279.6650390625,132.33563232421875,141.9551544189453,20250225-162036
4451,224,0,0.69189453125,414.2330627441406,1042.0601806640625,577.9010009765625,658.64111328125,20250225-162036
4451,233,0,0.82568359375,202.58737182617188,916.7730102539062,182.94195556640625,200.36573791503906,20250225-162036
4451,236,0,0.83642578125,163.78976440429688,517.2086181640625,241.71148681640625,234.27139282226562,20250225-162036
4451,232,0,0.8662109375,78.19793701171875,39.656158447265625,491.5382995605469,409.5053405761719,20250225-162036
4451,220,0,0.916015625,350.2935791015625,377.96575927734375,983.3713989257812,721.6371459960938,20250225-162036
4452,210,0,0.373046875,153.93621826171875,0.2098846435546875,98.47933959960938,286.15960693359375,20250225-162036
4452,228,0,0.4638671875,247.29409790039062,1099.73095703125,116.52410888671875,116.58794403076172,20250225-162036
4452,177,0,0.51953125,292.049072265625,1270.051025390625,132.77279663085938,138.30393981933594,20250225-162036
4452,231,0,0.6611328125,185.61886596679688,801.0604248046875,137.23150634765625,129.9556884765625,20250225-162036
4452,224,0,0.80810546875,418.7697448730469,976.3408813476562,822.2210083007812,652.4478149414062,20250225-162036
4452,233,0,0.810546875,204.4965057373047,910.6561889648438,182.48757934570312,195.3838653564453,20250225-162036
4452,236,0,0.8271484375,164.16294860839844,515.3521118164062,237.49346923828125,234.94802856445312,20250225-162036
4452,232,0,0.873046875,77.65797424316406,43.68379211425781,478.6893310546875,408.3580017089844,20250225-162036
4452,220,0,0.91748046875,347.76416015625,363.103271484375,985.5961303710938,723.2807006835938,20250225-162036
4453,236,0,0.356689453125,154.94906616210938,499.17828369140625,232.1287078857422,240.45925903320312,20250225-162036
4453,231,0,0.376708984375,175.68348693847656,786.2653198242188,138.06207275390625,193.66845703125,20250225-162036
4453,177,0,0.453369140625,284.0702209472656,1252.2615966796875,140.27243041992188,146.42355346679688,20250225-162036
4453,228,0,0.548828125,241.74501037597656,1079.12548828125,177.574951171875,175.6433563232422,20250225-162036
4453,233,0,0.689453125,199.87525939941406,900.6053466796875,181.83233642578125,204.02516174316406,20250225-162036
4453,224,0,0.80615234375,413.60986328125,978.58154296875,610.159423828125,655.26806640625,20250225-162036
4453,232,0,0.86376953125,74.60862731933594,3.3549957275390625,505.5211486816406,401.15435791015625,20250225-162036
4453,220,0,0.8994140625,342.4217834472656,345.57513427734375,1009.3599243164062,727.2088623046875,20250225-162036
4454,231,0,0.281494140625,156.6579132080078,794.8833618164062,112.94869995117188,200.68377685546875,20250225-162036
4454,236,0,0.381103515625,136.20179748535156,472.294921875,264.9100341796875,404.8765869140625,20250225-162036
4454,228,0,0.416748046875,221.05282592773438,1064.353759765625,177.5782470703125,191.83982849121094,20250225-162036
4454,233,0,0.642578125,182.9712371826172,881.4873046875,189.665771484375,218.4050750732422,20250225-162036
4454,232,0,0.69921875,48.42443084716797,11.1514892578125,522.4183349609375,411.8521728515625,20250225-162036
4454,220,0,0.8525390625,331.1304931640625,318.3753662109375,1031.5836181640625,737.802978515625,20250225-162036
4455,228,0,0.2371826171875,196.14749145507812,892.9623413085938,315.8642578125,353.1372375488281,20250225-162036
4455,232,0,0.2958984375,12.442188262939453,0.749725341796875,475.32476806640625,431.11505126953125,20250225-162036
4455,236,0,0.33984375,119.39289093017578,442.9306640625,258.54833984375,417.07330322265625,20250225-162036
4455,231,0,0.359375,131.4241180419922,764.4832763671875,119.53070068359375,202.38018798828125,20250225-162036
4455,233,0,0.42529296875,154.8059844970703,852.7451171875,196.2008056640625,221.83335876464844,20250225-162036
4455,220,0,0.74072265625,303.2373352050781,288.01904296875,1125.29296875,764.6072387695312,20250225-162036
4456,228,0,0.346923828125,166.50230407714844,1021.7252197265625,155.77349853515625,184.22415161132812,20250225-162036
4456,231,0,0.3603515625,102.54582977294922,732.7573852539062,119.75056457519531,210.49534606933594,20250225-162036
4456,233,0,0.51953125,126.31897735595703,821.5079956054688,205.14212036132812,230.57887268066406,20250225-162036
4456,220,0,0.5224609375,275.882568359375,248.09994506835938,764.2366333007812,790.0140380859375,20250225-162036
4456,224,0,0.65478515625,214.9308319091797,1123.88916015625,342.576416015625,657.1849975585938,20250225-162036
4457,233,0,0.2220458984375,98.49068450927734,786.517822265625,211.03939819335938,233.75636291503906,20250225-162036
4457,220,0,0.615234375,251.31396484375,210.8104248046875,1369.0726318359375,816.0633544921875,20250225-162036
4458,231,0,0.2139892578125,45.9114990234375,650.1251220703125,128.01571655273438,211.83998107910156,20250225-162036
4458,233,0,0.2166748046875,68.52813720703125,745.73291015625,214.54339599609375,235.2723846435547,20250225-162036
4458,224,0,0.3115234375,175.33287048339844,769.786376953125,641.4578247070312,733.7679443359375,20250225-162036
4458,220,0,0.7041015625,209.81192016601562,160.9969482421875,1722.312744140625,855.78125,20250225-162036
4459,224,0,0.2037353515625,129.64483642578125,1017.3923950195312,292.0910339355469,480.236083984375,20250225-162036
4459,220,0,0.765625,176.39425659179688,127.3707275390625,1775.8201904296875,887.26513671875,20250225-162036
4460,224,0,0.241455078125,73.24790954589844,749.5702514648438,609.302490234375,752.9401245117188,20250225-162036
4460,220,0,0.7939453125,147.51119995117188,93.61468505859375,1782.9547119140625,916.5253295898438,20250225-162036
4461,228,0,0.307373046875,34.50127410888672,1002.41845703125,276.062255859375,216.9443817138672,20250225-162036
4461,224,0,0.341552734375,156.28018188476562,743.83984375,583.6980590820312,661.8517456054688,20250225-162036
4461,220,0,0.8798828125,128.33352661132812,72.210205078125,1535.279296875,937.59033203125,20250225-162036
4462,232,0,0.342529296875,0.8189427852630615,0.82452392578125,387.6927795410156,359.8254089355469,20250225-162036
4462,228,0,0.355712890625,25.088375091552734,979.0693359375,263.78485107421875,196.3856964111328,20250225-162036
4462,231,0,0.448486328125,1.9798779487609863,588.668212890625,193.899169921875,165.29031372070312,20250225-162036
4462,224,0,0.56689453125,162.98861694335938,795.3323364257812,666.2675170898438,646.2835693359375,20250225-162036
4462,220,0,0.89306640625,125.5184555053711,66.1688232421875,1551.6478271484375,940.1968383789062,20250225-162036
4463,228,0,0.267333984375,32.323516845703125,1045.875732421875,204.3167724609375,202.9869842529297,20250225-162036
4463,230,0,0.291748046875,443.6757507324219,1818.6807861328125,100.74774169921875,429.6484375,20250225-162036
4463,233,0,0.33544921875,2.8578615188598633,782.3785400390625,184.20538330078125,163.6884307861328,20250225-162036
4463,231,0,0.42626953125,0.41376829147338867,579.92578125,197.14920043945312,166.41329956054688,20250225-162036
4463,216,0,0.449462890625,15.144245147705078,969.3257446289062,122.02276611328125,159.33782958984375,20250225-162036
4463,232,0,0.4716796875,1.9801139831542969,99.29754638671875,298.02923583984375,363.46490478515625,20250225-162036
4463,224,0,0.791015625,150.03753662109375,801.24755859375,649.9649047851562,643.8889770507812,20250225-162036
4463,220,0,0.90185546875,112.80083465576172,53.2181396484375,1573.3905029296875,954.8190307617188,20250225-162036
4464,227,0,0.2393798828125,2.9172348976135254,0.32427978515625,115.83256530761719,289.755615234375,20250225-162036
4464,232,0,0.2744140625,2.131991386413574,89.27151489257812,296.85546875,345.5947265625,20250225-162036
4464,231,0,0.4072265625,0.06637930870056152,571.3778686523438,193.1184539794922,155.9593963623047,20250225-162036
4464,230,0,0.416748046875,431.1936340332031,1806.0545654296875,113.3397216796875,454.29547119140625,20250225-162036
4464,233,0,0.4619140625,0.7037687301635742,770.2181396484375,191.75949096679688,148.7768096923828,20250225-162036
4464,228,0,0.65576171875,22.617185592651367,1036.5032958984375,194.79721069335938,177.25457763671875,20250225-162036
4464,216,0,0.70751953125,2.563934326171875,959.1009521484375,124.74737548828125,167.31890869140625,20250225-162036
4464,220,0,0.9072265625,96.73599243164062,50.747314453125,1560.8009033203125,969.3418579101562,20250225-162036
4465,230,0,0.2509765625,421.1998596191406,1796.3602294921875,122.68157958984375,486.2150573730469,20250225-162036
4465,233,0,0.39501953125,0.3125631809234619,758.89111328125,192.0775909423828,142.88978576660156,20250225-162036
4465,232,0,0.437744140625,1.0848033428192139,83.63280487060547,290.6484375,169.55397033691406,20250225-162036
4465,216,0,0.61328125,3.4677422046661377,953.6405639648438,121.223876953125,166.3842010498047,20250225-162036
4465,228,0,0.6279296875,22.45111846923828,1028.573486328125,196.98284912109375,184.8880157470703,20250225-162036
4465,231,0,0.6611328125,0.0,563.2003173828125,180.17816162109375,149.09642028808594,20250225-162036
4465,224,0,0.7626953125,139.11111450195312,787.1189575195312,662.563720703125,659.9447021484375,20250225-162036
4465,220,0,0.91064453125,88.03267669677734,26.34869384765625,1566.9979248046875,976.94677734375,20250225-162036
4466,233,0,0.24658203125,1.4666748046875,750.0994262695312,133.651611328125,169.5321807861328,20250225-162037
4466,224,0,0.2958984375,144.5081329345703,761.1551513671875,682.8907470703125,665.1329956054688,20250225-162037
4466,216,0,0.3173828125,15.0683012008667,934.5433959960938,134.27572631835938,169.34165954589844,20250225-162037
4466,223,0,0.625,0.40127992630004883,67.94137573242188,300.8487854003906,349.337890625,20250225-162037
4466,231,0,0.7333984375,0.05859017372131348,551.9653930664062,199.1770477294922,158.9799041748047,20250225-162037
4466,220,0,0.90283203125,89.89193725585938,7.15777587890625,1555.2681884765625,976.5723876953125,20250225-162037
4467,216,0,0.355712890625,28.373929977416992,922.9418334960938,133.4879150390625,169.49520874023438,20250225-162037
4467,233,0,0.39501953125,2.068905830383301,730.8074340820312,138.3966064453125,164.8875732421875,20250225-162037
4467,223,0,0.5029296875,0.09851217269897461,53.19822692871094,286.4634704589844,349.28485107421875,20250225-162037
4467,224,0,0.7734375,158.41787719726562,754.6463623046875,679.3584594726562,659.3416748046875,20250225-162037
4467,231,0,0.78515625,0.8552813529968262,541.9041137695312,192.41880798339844,164.22926330566406,20250225-162037
4467,220,0,0.8974609375,102.57025146484375,6.544921875,1561.2637939453125,964.9863891601562,20250225-162037
4468,231,0,0.2386474609375,1.746000051498413,498.42718505859375,207.0172576904297,144.74363708496094,20250225-162037
4468,220,0,0.8642578125,101.30038452148438,5.7967529296875,1540.3846435546875,962.7425537109375,20250225-162037
4469,231,0,0.201171875,2.477138042449951,476.90936279296875,199.1099853515625,145.16104125976562,20250225-162037
4469,230,0,0.393310546875,195.5926055908203,1686.4918212890625,233.0137939453125,741.3855590820312,20250225-162037
4469,220,0,0.72509765625,96.68638610839844,2.2701416015625,1610.2701416015625,967.5253295898438,20250225-162037
4470,216,0,0.2081298828125,32.73771286010742,811.5342407226562,257.0787048339844,409.0123291015625,20250225-162037
4470,230,0,0.55908203125,154.3682098388672,1650.3680419921875,269.19140625,752.0792236328125,20250225-162037
4470,220,0,0.71240234375,76.80636596679688,4.00360107421875,1495.596923828125,984.6800537109375,20250225-162037
4471,230,0,0.412109375,101.68559265136719,1609.8416748046875,310.043701171875,763.1923828125,20250225-162037
4471,216,0,0.42626953125,12.750020027160645,756.5040893554688,323.94195556640625,643.5574951171875,20250225-162037
4471,220,0,0.75634765625,37.985313415527344,2.920989990234375,1463.966796875,1023.6881103515625,20250225-162037
4472,216,0,0.23583984375,42.6647834777832,492.22760009765625,634.4214477539062,696.0478515625,20250225-162037
4472,230,0,0.30078125,46.35981750488281,1571.0526123046875,347.6495361328125,801.0370483398438,20250225-162037
4472,220,0,0.75830078125,22.063722610473633,4.958221435546875,1415.257568359375,1041.384521484375,20250225-162037
4473,230,0,0.36572265625,26.93169593811035,1536.06298828125,382.88909912109375,792.3675537109375,20250225-162037
4473,220,0,0.9013671875,36.82677459716797,3.364013671875,1396.451904296875,1028.0745849609375,20250225-162037
4474,216,0,0.25537109375,1.5093326568603516,707.853515625,306.728759765625,557.8104858398438,20250225-162037
4474,220,0,0.90283203125,33.622711181640625,4.5421142578125,1393.896484375,1032.5687255859375,20250225-162037
4474,230,0,0.92236328125,5.772285461425781,1523.5096435546875,395.7586669921875,801.2905883789062,20250225-162037
4475,233,0,0.280517578125,0.6906688213348389,701.3633422851562,182.09967041015625,120.43643188476562,20250225-162037
4475,230,0,0.62158203125,4.146480560302734,1540.094970703125,378.53594970703125,795.056640625,20250225-162037
4475,224,0,0.830078125,75.2120590209961,573.66064453125,663.424072265625,649.3313598632812,20250225-162037
4475,220,0,0.908203125,36.54653549194336,2.903045654296875,1405.8299560546875,1027.19189453125,20250225-162037
4476,230,0,0.390380859375,12.83503532409668,1589.1141357421875,329.84307861328125,865.1513671875,20250225-162037
4476,224,0,0.42919921875,69.44953918457031,571.254150390625,571.5679321289062,663.9314575195312,20250225-162037
4476,220,0,0.662109375,12.321767807006836,3.42755126953125,1523.406982421875,1048.7149658203125,20250225-162037
4477,224,0,0.25830078125,28.36592674255371,540.2301635742188,625.5216064453125,717.544189453125,20250225-162037
4477,216,0,0.333740234375,511.24700927734375,971.6978759765625,585.567626953125,523.6891479492188,20250225-162037
4477,230,0,0.712890625,16.765308380126953,1653.41064453125,265.423828125,846.0457763671875,20250225-162037
4477,220,0,0.78662109375,11.707220077514648,2.775787353515625,1506.44677734375,1051.2587890625,20250225-162037
4478,220,0,0.509765625,72.9001235961914,3.8616943359375,1683.6163330078125,991.1372680664062,20250225-162037
4479,220,0,0.26123046875,25.303058624267578,12.8280029296875,1730.7835693359375,1041.29248046875,20250225-162037
4483,224,0,0.277587890625,389.77972412109375,627.85791015625,417.96380615234375,548.9179077148438,20250225-162037
4484,224,0,0.82080078125,417.17730712890625,497.3477783203125,796.20556640625,652.0592041015625,20250225-162037
4485,216,0,0.2213134765625,387.2630920410156,1304.627685546875,345.49749755859375,484.6980895996094,20250225-162037
4485,210,0,0.38037109375,298.62432861328125,0.7659530639648438,239.7088165283203,334.17608642578125,20250225-162037
4485,224,0,0.88525390625,465.2474365234375,565.8286743164062,741.1673583984375,605.1712646484375,20250225-162037
4486,216,0,0.206298828125,404.45343017578125,1411.68310546875,251.225830078125,177.9054718017578,20250225-162037
4486,177,0,0.21533203125,385.7073669433594,1242.7308349609375,78.8551025390625,100.69502258300781,20250225-162037
4486,236,0,0.251708984375,344.4285888671875,652.5320434570312,207.72198486328125,343.7935485839844,20250225-162037
4486,220,0,0.367431640625,355.4361267089844,1047.44287109375,152.77413940429688,162.30531311035156,20250225-162037
4486,210,0,0.4697265625,325.8761291503906,0.8429489135742188,296.0679016113281,450.7721252441406,20250225-162037
4486,224,0,0.8837890625,485.2313537597656,614.0818481445312,709.5465698242188,588.8714599609375,20250225-162037
4487,216,0,0.257568359375,411.2215270996094,1454.2657470703125,308.2364501953125,184.07810974121094,20250225-162037
4487,236,0,0.438720703125,360.3017883300781,706.32568359375,189.01318359375,201.6665802001953,20250225-162037
4487,177,0,0.4931640625,388.7401428222656,1276.8797607421875,99.25387573242188,106.70162200927734,20250225-162037
4487,223,0,0.583984375,334.9128112792969,302.8553466796875,369.25762939453125,317.2611083984375,20250225-162037
4487,220,0,0.68505859375,361.6514587402344,1086.7645263671875,159.2318115234375,169.91648864746094,20250225-162037
4487,210,0,0.77880859375,341.2604064941406,0.4782257080078125,329.3557434082031,453.00347900390625,20250225-162037
4487,224,0,0.89892578125,495.4349365234375,652.9818115234375,680.3579711914062,577.2642822265625,20250225-162037
4488,216,0,0.36376953125,423.33526611328125,1520.262451171875,303.697998046875,195.42189025878906,20250225-162037
4488,177,0,0.4560546875,390.3768615722656,1292.53173828125,144.44027709960938,118.6358642578125,20250225-162037
4488,230,0,0.70068359375,523.205322265625,1280.8824462890625,455.4766845703125,546.3051147460938,20250225-162037
4488,220,0,0.7548828125,363.1965026855469,1098.043701171875,176.10552978515625,190.9716033935547,20250225-162037
4488,210,0,0.7841796875,353.7970886230469,0.0,319.88134765625,437.55755615234375,20250225-162037
4488,236,0,0.82861328125,369.821044921875,730.2742309570312,187.57891845703125,206.7117919921875,20250225-162037
4488,223,0,0.84228515625,345.2438049316406,313.8727111816406,416.5623779296875,327.2925720214844,20250225-162037
4488,224,0,0.916015625,495.24993896484375,670.77099609375,685.91748046875,577.4876098632812,20250225-162037
4489,216,0,0.59716796875,403.6986389160156,1580.1485595703125,184.95538330078125,221.1469268798828,20250225-162037
4489,230,0,0.59814453125,512.4572143554688,1322.6019287109375,406.868408203125,556.486083984375,20250225-162037
4489,177,0,0.6162109375,373.1451416015625,1301.1209716796875,130.38629150390625,139.85330200195312,20250225-162037
4489,220,0,0.7392578125,347.4598693847656,1114.11279296875,172.21875,184.13377380371094,20250225-162037
4489,210,0,0.744140625,350.2334899902344,0.27518463134765625,324.9031982421875,425.16351318359375,20250225-162037
4489,236,0,0.79443359375,367.61834716796875,737.2353515625,187.62799072265625,208.89039611816406,20250225-162037
4489,223,0,0.8427734375,348.5438232421875,328.0673828125,405.99298095703125,312.6889343261719,20250225-162037
4489,224,0,0.9140625,485.7986145019531,650.2294921875,743.2034912109375,586.7421875,20250225-162037
4490,223,0,0.242919921875,333.6373291015625,373.6454162597656,323.1472473144531,285.9261779785156,20250225-162037
4490,177,0,0.30810546875,338.4581298828125,1298.4547119140625,152.91806030273438,184.4996795654297,20250225-162037
4490,230,0,0.3583984375,431.9721984863281,1390.550537109375,329.56201171875,433.5360412597656,20250225-162037
4490,216,0,0.3603515625,359.1829833984375,1492.8416748046875,424.01806640625,671.9024658203125,20250225-162037
4490,220,0,0.4111328125,311.6700134277344,1106.868408203125,205.6673583984375,234.64727783203125,20250225-162037
4490,236,0,0.5537109375,343.2754211425781,726.9329223632812,199.3692626953125,358.0849914550781,20250225-162037
4490,210,0,0.72314453125,328.88421630859375,0.07379150390625,330.72491455078125,465.92999267578125,20250225-162037
4490,224,0,0.9013671875,447.8829040527344,604.7847900390625,819.48046875,622.7078247070312,20250225-162037
4491,236,0,0.2049560546875,299.1949768066406,689.8037109375,208.54302978515625,357.956298828125,20250225-162037
4491,216,0,0.35498046875,318.0660400390625,1455.7763671875,463.0330810546875,699.9357299804688,20250225-162037
4491,210,0,0.59619140625,290.94500732421875,0.6904449462890625,338.80755615234375,542.6148071289062,20250225-162037
4491,224,0,0.80126953125,369.0997619628906,543.1100463867188,979.1460571289062,699.0216064453125,20250225-162037
4492,210,0,0.39599609375,248.9294891357422,0.6522216796875,288.6473693847656,438.2864990234375,20250225-162037
4493,210,0,0.338134765625,238.9134979248047,0.5209808349609375,191.501953125,274.73028564453125,20250225-162037
4495,224,0,0.234375,0.0,31.3472900390625,1886.401611328125,1063.3048095703125,20250225-162037
4496,224,0,0.35498046875,3.8153457641601562,122.72552490234375,1793.3221435546875,1059.4310302734375,20250225-162038
4497,224,0,0.43505859375,10.614681243896484,23.044921875,1846.265625,1055.2298583984375,20250225-162038
4498,224,0,0.69091796875,10.59682846069336,7.46044921875,1841.0797119140625,1053.93994140625,20250225-162038
4499,224,0,0.6591796875,5.8948516845703125,6.84521484375,1805.7572021484375,1055.1075439453125,20250225-162038
4500,224,0,0.58984375,0.0,5.16009521484375,1848.693359375,1064.16748046875,20250225-162038
4501,224,0,0.8369140625,0.8128166198730469,3.17156982421875,1554.7540283203125,1065.252197265625,20250225-162038
4502,236,0,0.422607421875,4.34809684753418,601.2617797851562,732.4771728515625,599.8221435546875,20250225-162038
4502,224,0,0.85498046875,0.0,3.72052001953125,1485.6214599609375,1069.3931884765625,20250225-162038
4503,236,0,0.254638671875,2.297687530517578,525.555419921875,769.0508422851562,598.6621704101562,20250225-162038
4503,216,0,0.76123046875,4.311017990112305,1638.6229248046875,280.26324462890625,670.9332275390625,20250225-162038
4503,224,0,0.90771484375,0.0,1.86474609375,1444.44873046875,1075.68603515625,20250225-162038
4504,236,0,0.4677734375,2.4118852615356445,595.9154663085938,748.2982177734375,604.8243408203125,20250225-162038
4504,216,0,0.87060546875,2.459092140197754,1626.4097900390625,292.82757568359375,687.5716552734375,20250225-162038
4504,224,0,0.892578125,0.0,2.2540283203125,1434.5634765625,1073.54541015625,20250225-162038
4505,236,0,0.67578125,1.3362979888916016,582.4892578125,714.8688354492188,617.0385131835938,20250225-162038
4505,216,0,0.7724609375,2.1178293228149414,1636.0177001953125,282.83642578125,705.812255859375,20250225-162038
4505,224,0,0.8056640625,0.7773685455322266,4.743255615234375,1471.71484375,1065.005126953125,20250225-162038
4506,216,0,0.7578125,4.862737655639648,1688.2269287109375,231.0684814453125,727.3977661132812,20250225-162038
4506,224,0,0.7861328125,0.6394386291503906,1.916748046875,983.4886474609375,1063.969482421875,20250225-162038
4507,236,0,0.241455078125,7.518124580383301,596.0956420898438,637.8460693359375,649.3035278320312,20250225-162038
4507,224,0,0.75,4.311189651489258,6.94647216796875,1578.2216796875,1061.3841552734375,20250225-162038
4508,224,0,0.7431640625,4.664726257324219,8.5477294921875,1603.568115234375,1061.93310546875,20250225-162038
4509,224,0,0.6513671875,36.28123474121094,148.0213623046875,1636.046630859375,1028.105712890625,20250225-162038
4510,224,0,0.4072265625,65.12541198730469,192.476806640625,1701.7349853515625,998.8308715820312,20250225-162038
4511,224,0,0.73486328125,142.50314331054688,320.10260009765625,1552.808837890625,923.5061645507812,20250225-162038
4512,224,0,0.609375,181.97976684570312,392.31317138671875,1435.89013671875,885.4110717773438,20250225-162038
4513,177,0,0.2568359375,84.10382080078125,1274.552490234375,313.12188720703125,401.0841064453125,20250225-162038
4513,228,0,0.43115234375,30.60846710205078,918.5593872070312,157.27066040039062,195.0892333984375,20250225-162038
4513,224,0,0.6669921875,220.11529541015625,450.2881164550781,784.9530029296875,846.0645141601562,20250225-162038
4514,210,0,0.2100830078125,165.05712890625,1.026763916015625,221.7345428466797,315.8642578125,20250225-162038
4514,232,0,0.373046875,48.311649322509766,142.2872314453125,457.69061279296875,366.7620849609375,20250225-162038
4514,228,0,0.5517578125,42.181556701660156,945.6611938476562,217.14010620117188,231.86672973632812,20250225-162038
4514,224,0,0.60595703125,233.77679443359375,485.77294921875,1234.882080078125,835.5199584960938,20250225-162038
4515,236,0,0.42724609375,89.53225708007812,611.7738647460938,216.91891479492188,210.8017578125,20250225-162038
4515,210,0,0.42919921875,140.87969970703125,0.41004180908203125,170.57070922851562,286.7728271484375,20250225-162038
4515,177,0,0.4931640625,80.13629150390625,1200.89453125,115.73281860351562,127.14646911621094,20250225-162038
4515,228,0,0.77978515625,50.434391021728516,989.8914184570312,183.752197265625,225.6763458251953,20250225-162038
4515,232,0,0.8408203125,70.26609802246094,168.18209838867188,456.1512451171875,355.3406677246094,20250225-162038
4515,224,0,0.8828125,247.66195678710938,507.7452392578125,1412.2547607421875,820.3017578125,20250225-162038
4516,233,0,0.30322265625,46.35466766357422,644.5087890625,103.09757995605469,103.73016357421875,20250225-162038
4516,216,0,0.326904296875,96.23320007324219,1501.708740234375,239.493896484375,202.26658630371094,20250225-162038
4516,177,0,0.4609375,73.98759460449219,1199.660400390625,139.73785400390625,192.990478515625,20250225-162038
4516,228,0,0.642578125,45.484771728515625,1016.5740966796875,181.06777954101562,227.8241729736328,20250225-162038
4516,210,0,0.72412109375,131.90838623046875,0.5584831237792969,170.7120361328125,451.6856384277344,20250225-162038
4516,236,0,0.8134765625,87.98300170898438,627.0452880859375,203.36691284179688,237.97747802734375,20250225-162038
4516,232,0,0.8720703125,71.73248291015625,176.95761108398438,453.4457702636719,354.91790771484375,20250225-162038
4516,224,0,0.9326171875,238.46726989746094,517.1173706054688,1395.2933349609375,829.4920043945312,20250225-162038
4517,233,0,0.25390625,39.962684631347656,649.7884521484375,104.68977355957031,110.44894409179688,20250225-162038
4517,216,0,0.4111328125,71.60597229003906,1504.668212890625,251.52749633789062,203.03347778320312,20250225-162038
4517,228,0,0.4794921875,27.450584411621094,1022.783203125,174.81527709960938,219.4682159423828,20250225-162038
4517,177,0,0.5185546875,50.71096420288086,1221.824951171875,171.91131591796875,171.91668701171875,20250225-162038
4517,230,0,0.5283203125,206.07537841796875,1228.2762451171875,499.55731201171875,648.4931030273438,20250225-162038
4517,210,0,0.5341796875,131.3126220703125,0.4427146911621094,171.83004760742188,303.8907165527344,20250225-162038
4517,236,0,0.7607421875,80.82266235351562,631.4295654296875,199.99566650390625,235.06124877929688,20250225-162038
4517,224,0,0.87109375,225.71136474609375,509.6744384765625,1404.7349853515625,840.2311401367188,20250225-162038
4517,232,0,0.89306640625,64.93743896484375,186.4259490966797,447.1451110839844,353.22821044921875,20250225-162038
4518,216,0,0.23095703125,41.433326721191406,1505.151123046875,166.5750732421875,208.89028930664062,20250225-162038
4518,228,0,0.363037109375,8.708939552307129,1018.0301513671875,222.71466064453125,392.3101501464844,20250225-162038
4518,210,0,0.39501953125,130.35325622558594,0.7812309265136719,161.53854370117188,287.2662048339844,20250225-162038
4518,177,0,0.56591796875,28.153602600097656,1222.849609375,134.52667236328125,196.40396118164062,20250225-162038
4518,236,0,0.59716796875,61.32093048095703,622.2540893554688,205.75213623046875,245.16355895996094,20250225-162038
4518,232,0,0.830078125,46.07618713378906,175.99969482421875,433.2188415527344,362.69696044921875,20250225-162038
4518,224,0,0.91796875,204.95733642578125,493.11328125,1423.44580078125,861.0203247070312,20250225-162038
4519,236,0,0.302490234375,32.013301849365234,599.9785766601562,206.90771484375,245.63201904296875,20250225-162038
4519,210,0,0.33203125,128.53518676757812,0.6776161193847656,143.36563110351562,269.7073059082031,20250225-162038
4519,228,0,0.345947265625,1.65618896484375,1002.98876953125,233.31729125976562,348.5975646972656,20250225-162038
4519,232,0,0.352294921875,24.502731323242188,142.821533203125,443.4580078125,360.5311279296875,20250225-162038
4519,224,0,0.88037109375,166.0270233154297,466.18743896484375,1445.528076171875,898.69873046875,20250225-162038
4520,232,0,0.21142578125,9.955973625183105,86.65740966796875,471.75274658203125,536.539306640625,20250225-162038
4520,230,0,0.367431640625,95.99398803710938,1145.0299072265625,627.0393676757812,668.112060546875,20250225-162038
4520,224,0,0.845703125,70.63239288330078,441.50518798828125,1475.313232421875,993.4724731445312,20250225-162038
4521,230,0,0.220703125,47.02800750732422,1058.9805908203125,657.5269775390625,681.59619140625,20250225-162038
4521,224,0,0.87109375,79.07649993896484,421.90838623046875,1489.0491943359375,985.7765502929688,20250225-162038
4522,224,0,0.90673828125,26.1199951171875,405.1043701171875,1509.1138916015625,1038.943603515625,20250225-162038
4523,232,0,0.277587890625,1.2251687049865723,0.479827880859375,461.1933288574219,314.7673645019531,20250225-162038
4523,224,0,0.93701171875,11.850900650024414,394.54742431640625,1522.4974365234375,1054.103759765625,20250225-162038
4524,232,0,0.2213134765625,0.34881591796875,5.5210418701171875,456.80401611328125,225.7122039794922,20250225-162038
4524,224,0,0.94189453125,4.725837707519531,387.802734375,1527.3878173828125,1063.778564453125,20250225-162038
4525,224,0,0.9248046875,2.5986099243164062,383.62060546875,1528.1026611328125,1064.7777099609375,20250225-162038
4526,224,0,0.9384765625,4.155406951904297,389.02880859375,1524.88037109375,1061.2869873046875,20250225-162039
4527,224,0,0.89013671875,0.0,392.16595458984375,1521.41552734375,1063.692138671875,20250225-162039
4528,224,0,0.89794921875,0.18599510192871094,411.0699462890625,1506.443115234375,1064.636474609375,20250225-162039
4529,224,0,0.89892578125,4.268789291381836,424.2392578125,1490.56640625,1060.27978515625,20250225-162039
4530,232,0,0.309814453125,2.244880199432373,0.434967041015625,549.9585571289062,236.22268676757812,20250225-162039
4530,224,0,0.896484375,23.410320281982422,430.6142578125,1484.447021484375,1039.6644287109375,20250225-162039
4531,232,0,0.359375,2.080214023590088,0.8507080078125,580.6437377929688,253.1568603515625,20250225-162039
4531,224,0,0.88818359375,58.170806884765625,433.69921875,1477.86962890625,1006.1237182617188,20250225-162039
4532,236,0,0.269775390625,1.258385181427002,576.429931640625,270.0226135253906,304.59869384765625,20250225-162039
4532,232,0,0.62451171875,1.8157696723937988,92.34599304199219,496.3197326660156,246.9986572265625,20250225-162039
4532,224,0,0.85400390625,94.47821807861328,438.89501953125,1467.6207275390625,973.0997924804688,20250225-162039
4533,210,0,0.218017578125,68.97555541992188,0.3424530029296875,196.67555236816406,528.315673828125,20250225-162039
4533,228,0,0.26513671875,0.4097020626068115,979.4536743164062,213.6690673828125,140.2770538330078,20250225-162039
4533,236,0,0.57666015625,0.6347823143005371,589.0810546875,263.94488525390625,309.07379150390625,20250225-162039
4533,232,0,0.85791015625,1.2343955039978027,100.48896789550781,499.8331604003906,246.214111328125,20250225-162039
4533,224,0,0.86474609375,108.2706069946289,449.73431396484375,1455.747314453125,960.547119140625,20250225-162039
4534,228,0,0.352294921875,0.6181204319000244,1022.9403076171875,194.927490234375,158.58078002929688,20250225-162039
4534,236,0,0.509765625,0.9233450889587402,609.5835571289062,270.101806640625,312.6495666503906,20250225-162039
4534,232,0,0.8037109375,0.7039403915405273,127.01673889160156,488.9986267089844,244.40570068359375,20250225-162039
4534,224,0,0.88427734375,110.63215637207031,468.8642578125,1439.41845703125,956.9036865234375,20250225-162039
4535,210,0,0.32763671875,2.981693744659424,0.47389984130859375,136.84710693359375,324.85723876953125,20250225-162039
4535,236,0,0.37744140625,0.06046772003173828,628.3505859375,268.6549987792969,205.27012634277344,20250225-162039
4535,228,0,0.414794921875,1.5175831317901611,1039.67529296875,202.12701416015625,174.42503356933594,20250225-162039
4535,232,0,0.7939453125,0.7616829872131348,144.25021362304688,524.8943481445312,256.4779357910156,20250225-162039
4535,224,0,0.88037109375,108.7588119506836,471.92724609375,1391.228759765625,956.1092529296875,20250225-162039
4536,216,0,0.363037109375,76.94338989257812,1438.7105712890625,218.4990234375,175.96463012695312,20250225-162039
4536,177,0,0.5029296875,12.517269134521484,1243.662109375,137.87612915039062,195.13107299804688,20250225-162039
4536,210,0,0.6123046875,3.9435338973999023,0.531646728515625,152.37564086914062,313.2747802734375,20250225-162039
4536,236,0,0.65771484375,0.201873779296875,643.0471801757812,258.2845458984375,226.78195190429688,20250225-162039
4536,228,0,0.669921875,0.6965374946594238,1050.1124267578125,184.72576904296875,194.2316436767578,20250225-162039
4536,232,0,0.8427734375,0.8126235008239746,151.78201293945312,528.0781860351562,261.2750244140625,20250225-162039
4536,224,0,0.8818359375,134.72088623046875,466.43682861328125,1316.874755859375,929.94140625,20250225-162039
4537,177,0,0.254638671875,36.006595611572266,1221.4700927734375,154.5955810546875,188.0414581298828,20250225-162039
4537,210,0,0.294189453125,7.6760101318359375,0.4543647766113281,145.06732177734375,326.5716247558594,20250225-162039
4537,236,0,0.4697265625,0.31027793884277344,634.6815185546875,236.29934692382812,182.7234649658203,20250225-162039
4537,228,0,0.6611328125,1.6010642051696777,1031.24560546875,191.65594482421875,205.68324279785156,20250225-162039
4537,232,0,0.75439453125,1.6757798194885254,131.5979461669922,496.7774963378906,260.12982177734375,20250225-162039
4537,224,0,0.88037109375,156.5403289794922,441.02838134765625,1248.94970703125,911.6614990234375,20250225-162039
4538,210,0,0.25537109375,29.108749389648438,0.4296112060546875,217.89207458496094,618.151611328125,20250225-162039
4538,232,0,0.310791015625,0.5123233795166016,135.46755981445312,361.5310363769531,196.14492797851562,20250225-162039
4538,236,0,0.318359375,2.266101837158203,489.8786315917969,360.2375793457031,452.625732421875,20250225-162039
4538,228,0,0.4736328125,3.9713644981384277,981.9061889648438,202.48516845703125,221.86630249023438,20250225-162039
4538,224,0,0.85205078125,182.83395385742188,405.8690185546875,1250.155517578125,882.3278198242188,20250225-162039
4539,232,0,0.2037353515625,0.7055926322937012,78.69627380371094,365.6012878417969,215.46546936035156,20250225-162039
4539,230,0,0.2088623046875,127.19438171386719,1162.0982666015625,429.36566162109375,718.3473510742188,20250225-162039
4539,228,0,0.236572265625,15.040647506713867,936.535400390625,200.41488647460938,215.1064910888672,20250225-162039
4539,236,0,0.33984375,3.1104183197021484,544.23046875,259.0514831542969,352.37457275390625,20250225-162039
4539,224,0,0.7646484375,189.34962463378906,366.6357421875,1320.2127685546875,881.351806640625,20250225-162039
4540,224,0,0.392333984375,186.64398193359375,335.9266357421875,1077.2486572265625,883.5009155273438,20250225-162039
4540,228,0,0.392333984375,19.69730567932129,897.653564453125,184.5919189453125,197.63717651367188,20250225-162039
4540,236,0,0.5107421875,4.936337471008301,398.6928405761719,361.5098876953125,470.1778564453125,20250225-162039
4540,230,0,0.6435546875,122.10205078125,1037.85498046875,660.3321533203125,900.5418701171875,20250225-162039
4541,228,0,0.448486328125,17.66354751586914,848.2322387695312,186.626953125,206.44203186035156,20250225-162039
4541,236,0,0.5166015625,2.8714656829833984,355.02813720703125,357.10491943359375,478.6366882324219,20250225-162039
4541,224,0,0.61865234375,185.69049072265625,306.56512451171875,1374.52294921875,880.4672241210938,20250225-162039
4542,236,0,0.4140625,3.782515525817871,302.4876708984375,363.28985595703125,496.845703125,20250225-162039
4542,228,0,0.5400390625,22.376232147216797,784.3877563476562,202.7947998046875,212.70042419433594,20250225-162039
4542,224,0,0.6689453125,198.15928649902344,273.19488525390625,1429.301513671875,872.368896484375,20250225-162039
4543,233,0,0.271240234375,30.27585220336914,637.0283203125,157.92855834960938,143.77903747558594,20250225-162039
4543,236,0,0.320068359375,13.456063270568848,337.4639587402344,279.9132995605469,396.43359375,20250225-162039
4543,230,0,0.322509765625,86.00501251220703,931.9921875,161.51358032226562,169.56138610839844,20250225-162039
4543,228,0,0.45703125,28.743173599243164,762.33544921875,178.1795654296875,218.9135284423828,20250225-162039
4543,224,0,0.82275390625,200.5938720703125,254.5089111328125,1632.3892822265625,865.094482421875,20250225-162039
4544,177,0,0.245849609375,133.71295166015625,1094.94873046875,193.06961059570312,151.00955200195312,20250225-162039
4544,230,0,0.391357421875,92.74209594726562,895.67578125,152.80783081054688,182.02500915527344,20250225-162039
4544,233,0,0.517578125,37.544769287109375,602.7744140625,149.05018615722656,148.4015350341797,20250225-162039
4544,236,0,0.5419921875,21.746063232421875,300.3529357910156,294.48394775390625,428.1123962402344,20250225-162039
4544,228,0,0.56787109375,37.979736328125,718.0316162109375,189.357421875,224.212890625,20250225-162039
4544,224,0,0.8798828125,204.94961547851562,248.9813232421875,1609.0909423828125,860.7365112304688,20250225-162039
4545,177,0,0.375732421875,144.3948516845703,1077.9951171875,180.9818115234375,142.94766235351562,20250225-162039
4545,230,0,0.5068359375,105.04277038574219,888.3246459960938,188.24349975585938,171.1512908935547,20250225-162039
4545,233,0,0.5390625,50.665283203125,586.4937133789062,140.22592163085938,152.62254333496094,20250225-162039
4545,236,0,0.59716796875,34.73198699951172,274.4959716796875,305.06488037109375,310.16485595703125,20250225-162039
4545,210,0,0.6806640625,165.91827392578125,0.7882461547851562,288.74993896484375,219.81317138671875,20250225-162039
4545,228,0,0.73583984375,51.14228057861328,705.97802734375,180.2127227783203,212.30819702148438,20250225-162039
4545,224,0,0.896484375,227.87403869628906,229.524169921875,1620.3409423828125,840.5392456054688,20250225-162039
4546,232,0,0.26806640625,3.500239849090576,266.49493408203125,132.5973358154297,110.7891616821289,20250225-162039
4546,230,0,0.5556640625,109.96846771240234,886.4783935546875,182.4158935546875,171.9384002685547,20250225-162039
4546,177,0,0.56201171875,149.67434692382812,1072.099609375,122.8385009765625,140.47303771972656,20250225-162039
4546,210,0,0.62255859375,174.09164428710938,0.77069091796875,285.81854248046875,218.06324768066406,20250225-162039
4546,233,0,0.6689453125,56.438011169433594,579.2913208007812,135.7496795654297,155.0989227294922,20250225-162039
4546,228,0,0.7685546875,56.71207046508789,703.6038208007812,173.7579345703125,210.62539672851562,20250225-162039
4546,236,0,0.78466796875,43.508338928222656,272.2517395019531,298.95574951171875,318.281982421875,20250225-162039
4546,224,0,0.89892578125,226.76768493652344,240.11260986328125,1589.6328125,841.6399536132812,20250225-162039
4547,210,0,0.587890625,186.68809509277344,0.750091552734375,289.78460693359375,221.41665649414062,20250225-162039
4547,230,0,0.60693359375,120.96240997314453,887.2289428710938,171.82882690429688,168.48309326171875,20250225-162039
4547,236,0,0.66650390625,55.826683044433594,276.6583557128906,302.89874267578125,373.55377197265625,20250225-162039
4547,177,0,0.68017578125,157.90585327148438,1072.155029296875,122.540771484375,143.5992431640625,20250225-162039
4547,233,0,0.72314453125,67.77986907958984,579.3155517578125,134.8682098388672,157.81471252441406,20250225-162039
4547,228,0,0.76416015625,68.35757446289062,701.1148681640625,188.0050048828125,209.1331024169922,20250225-162039
4547,224,0,0.90380859375,235.10948181152344,253.23760986328125,1634.521484375,832.7264404296875,20250225-162039
4548,210,0,0.29833984375,205.90576171875,0.7063064575195312,295.2179260253906,214.91729736328125,20250225-162039
4548,177,0,0.544921875,173.67691040039062,1073.4957275390625,121.70883178710938,135.2915496826172,20250225-162039
4548,230,0,0.587890625,136.1746368408203,890.8994750976562,173.95285034179688,162.82579040527344,20250225-162039
4548,233,0,0.67919921875,85.78875732421875,584.871826171875,132.00494384765625,151.93663024902344,20250225-162039
4548,228,0,0.72314453125,84.28803253173828,706.0513916015625,177.431396484375,207.7624969482422,20250225-162039
4548,236,0,0.73779296875,72.78643798828125,283.70526123046875,302.063232421875,307.30865478515625,20250225-162039
4548,224,0,0.91162109375,246.5393829345703,268.609130859375,1611.4735107421875,824.6386108398438,20250225-162039
4549,232,0,0.263671875,40.747554779052734,280.4453430175781,124.97305297851562,109.1036605834961,20250225-162039
4549,210,0,0.384033203125,215.89096069335938,0.588775634765625,301.8507080078125,211.8421630859375,20250225-162039
4549,177,0,0.53125,180.18153381347656,1074.113525390625,120.84292602539062,134.60739135742188,20250225-162039
4549,233,0,0.69677734375,96.68526458740234,585.729248046875,133.18826293945312,149.09512329101562,20250225-162039
4549,230,0,0.708984375,146.61968994140625,890.4110107421875,173.40655517578125,165.4322052001953,20250225-162039
4549,228,0,0.7822265625,94.59502410888672,708.4491577148438,169.7735595703125,198.70782470703125,20250225-162039
4549,236,0,0.8125,83.25658416748047,288.1885070800781,298.7802429199219,301.549072265625,20250225-162039
4549,224,0,0.90673828125,243.01963806152344,275.842529296875,1603.913818359375,826.2844848632812,20250225-162039
4550,210,0,0.338134765625,216.50498962402344,0.4764404296875,297.0891418457031,209.7407684326172,20250225-162039
4550,177,0,0.452392578125,181.0209197998047,1073.273193359375,167.85003662109375,134.60755920410156,20250225-162039
4550,233,0,0.6982421875,98.7498779296875,577.6690063476562,136.1810760498047,141.8216094970703,20250225-162039
4550,230,0,0.7177734375,147.4628448486328,885.017822265625,188.2327880859375,168.90078735351562,20250225-162039
4550,228,0,0.7294921875,97.83975219726562,685.8922119140625,187.35223388671875,197.4077911376953,20250225-162039
4550,236,0,0.7734375,85.53157806396484,282.4646301269531,304.19952392578125,297.36505126953125,20250225-162039
4550,224,0,0.88818359375,250.03012084960938,260.23480224609375,1573.0400390625,817.4796142578125,20250225-162039
4551,210,0,0.2049560546875,221.80096435546875,0.61468505859375,163.7434844970703,136.78115844726562,20250225-162039
4551,230,0,0.4609375,146.21888732910156,848.5753784179688,187.1949462890625,177.47735595703125,20250225-162039
4551,233,0,0.56689453125,99.32921600341797,557.2567138671875,141.20993041992188,149.8533172607422,20250225-162039
4551,228,0,0.67578125,98.55470275878906,681.6315307617188,175.4937744140625,203.75531005859375,20250225-162039
4551,236,0,0.6875,84.3401107788086,259.3043518066406,312.0904541015625,396.07537841796875,20250225-162039
4551,224,0,0.88623046875,254.35667419433594,249.3006591796875,1481.4173583984375,814.6461181640625,20250225-162039
4552,230,0,0.33642578125,157.4284210205078,829.2680053710938,139.56427001953125,184.5944366455078,20250225-162039
4552,233,0,0.349609375,109.59081268310547,464.9554138183594,222.5163116455078,272.4842834472656,20250225-162039
4552,228,0,0.5078125,109.14835357666016,644.6915283203125,188.38394165039062,222.65029907226562,20250225-162039
4552,236,0,0.5244140625,107.57327270507812,226.32586669921875,284.42578125,419.9891357421875,20250225-162039
4552,224,0,0.87890625,261.06878662109375,235.7662353515625,1455.585205078125,806.57861328125,20250225-162039
4553,233,0,0.245849609375,143.53456115722656,438.2604675292969,222.5196990966797,277.15081787109375,20250225-162039
4553,228,0,0.294189453125,137.5252227783203,631.0486450195312,181.80523681640625,232.69810485839844,20250225-162039
4553,230,0,0.315673828125,187.03408813476562,807.1842041015625,142.52224731445312,202.23057556152344,20250225-162039
4553,224,0,0.8427734375,279.5356140136719,229.92352294921875,1460.999267578125,788.1063232421875,20250225-162039
4553,236,0,0.84521484375,146.59304809570312,211.98463439941406,257.473388671875,496.9928283691406,20250225-162039
4554,236,0,0.6591796875,177.46055603027344,177.31338500976562,270.8526306152344,504.725830078125,20250225-162039
4554,224,0,0.73486328125,213.99839782714844,176.62994384765625,1500.116943359375,852.803955078125,20250225-162039
4555,236,0,0.4697265625,233.48805236816406,156.57518005371094,273.51806640625,506.4254455566406,20250225-162039
4555,224,0,0.7607421875,249.86566162109375,129.84548950195312,1229.956298828125,819.9525146484375,20250225-162039
4556,236,0,0.73095703125,304.0674743652344,142.10476684570312,269.54620361328125,491.43768310546875,20250225-162040
4556,224,0,0.8271484375,289.7742614746094,255.2406005859375,913.626708984375,780.3370971679688,20250225-162040
4557,210,0,0.34423828125,175.41098022460938,11.567207336425781,247.80601501464844,601.5359497070312,20250225-162040
4557,233,0,0.4638671875,347.2403259277344,435.2794189453125,148.9730987548828,235.2872314453125,20250225-162040
4557,236,0,0.73046875,342.71954345703125,111.9884033203125,285.1690979003906,500.17388916015625,20250225-162040
4557,224,0,0.822265625,454.62066650390625,262.0015869140625,723.4764404296875,619.8111572265625,20250225-162040
4558,233,0,0.458984375,403.6880798339844,430.9669189453125,139.39283752441406,249.562255859375,20250225-162040
4558,236,0,0.62255859375,393.95538330078125,119.96122741699219,283.18084716796875,486.7950134277344,20250225-162040
4558,237,0,0.6611328125,470.16180419921875,810.5374145507812,325.6119689941406,600.3908081054688,20250225-162040
4558,224,0,0.76904296875,543.8489379882812,267.7993469238281,609.4096069335938,529.03466796875,20250225-162040
4559,210,0,0.28857421875,285.572265625,53.109947204589844,159.32180786132812,231.87890625,20250225-162040
4559,233,0,0.453369140625,464.9942321777344,429.01861572265625,133.616455078125,173.3531036376953,20250225-162040
4559,237,0,0.71484375,617.7003173828125,806.5526733398438,339.9833679199219,456.0665283203125,20250225-162040
4559,236,0,0.7333984375,459.0599365234375,119.30296325683594,336.8138427734375,454.5687561035156,20250225-162040
4559,224,0,0.82275390625,578.9676513671875,291.5175476074219,540.268310546875,493.41265869140625,20250225-162040
4560,233,0,0.509765625,493.6124267578125,431.6412048339844,132.229248046875,149.34385681152344,20250225-162040
4560,210,0,0.56103515625,321.8158874511719,52.908416748046875,139.23623657226562,213.35252380371094,20250225-162040
4560,237,0,0.7685546875,646.1590576171875,808.3745727539062,384.6731872558594,428.48358154296875,20250225-162040
4560,236,0,0.79052734375,486.1924743652344,135.48239135742188,326.0444641113281,384.1332702636719,20250225-162040
4560,238,0,0.81640625,439.2701721191406,1821.96240234375,96.85198974609375,628.7495727539062,20250225-162040
4560,224,0,0.83837890625,598.2021484375,310.763671875,505.75323486328125,473.0398864746094,20250225-162040
4561,233,0,0.6396484375,515.77880859375,426.6624755859375,136.4300537109375,135.32383728027344,20250225-162040
4561,210,0,0.66015625,344.2511901855469,52.57145690917969,140.28021240234375,211.7145233154297,20250225-162040
4561,236,0,0.740234375,501.0653076171875,126.64302062988281,335.8014221191406,374.6835632324219,20250225-162040
4561,237,0,0.8466796875,660.4144287109375,816.890869140625,396.7291259765625,413.6707763671875,20250225-162040
4561,238,0,0.86669921875,455.33575439453125,1822.345458984375,96.76336669921875,615.1392822265625,20250225-162040
4561,224,0,0.88720703125,622.9596557617188,335.386962890625,503.2065124511719,450.5908508300781,20250225-162040
4562,233,0,0.57958984375,521.2081298828125,427.88909912109375,135.05323791503906,132.35487365722656,20250225-162040
4562,210,0,0.61328125,355.4828186035156,46.0217170715332,145.36953735351562,203.99061584472656,20250225-162040
4562,236,0,0.82177734375,509.0260314941406,40.130218505859375,421.73614501953125,373.3007507324219,20250225-162040
4562,237,0,0.83740234375,663.9994506835938,805.2753295898438,405.64141845703125,410.519775390625,20250225-162040
4562,238,0,0.87548828125,459.5823059082031,1819.471435546875,99.82965087890625,609.7315673828125,20250225-162040
4562,224,0,0.88671875,627.0910034179688,335.9081726074219,503.21978759765625,446.0553894042969,20250225-162040
4563,239,0,0.54296875,555.4075317382812,726.1836547851562,177.83294677734375,157.40879821777344,20250225-162040
4563,233,0,0.5947265625,519.891845703125,424.21356201171875,131.79464721679688,134.5391387939453,20250225-162040
4563,210,0,0.630859375,356.04290771484375,43.66941833496094,140.438232421875,203.07347106933594,20250225-162040
4563,238,0,0.83740234375,448.3496398925781,1811.1727294921875,108.03204345703125,619.0888671875,20250225-162040
4563,237,0,0.84814453125,662.9361572265625,799.2486572265625,403.9984130859375,410.82635498046875,20250225-162040
4563,224,0,0.86767578125,630.8297119140625,327.4298400878906,506.1202697753906,442.0749816894531,20250225-162040
4563,236,0,0.87060546875,509.5168151855469,26.69476318359375,432.8453063964844,376.3486022949219,20250225-162040
4564,210,0,0.5390625,351.63519287109375,28.582901000976562,144.32333374023438,210.55984497070312,20250225-162040
4564,233,0,0.60498046875,513.4185791015625,410.3421936035156,135.2413787841797,135.8434600830078,20250225-162040
4564,239,0,0.65234375,549.7842407226562,717.8174438476562,183.6100616455078,160.4075927734375,20250225-162040
4564,236,0,0.8076171875,502.6033935546875,11.349380493164062,440.4736633300781,371.4942626953125,20250225-162040
4564,238,0,0.81005859375,437.24127197265625,1797.388916015625,121.891845703125,628.9178466796875,20250225-162040
4564,237,0,0.84033203125,657.7113647460938,771.3975219726562,416.720947265625,415.576904296875,20250225-162040
4564,224,0,0.88134765625,630.5802001953125,312.9583740234375,511.5926513671875,442.6350402832031,20250225-162040
4565,233,0,0.2568359375,503.7950744628906,333.3027648925781,200.8568115234375,244.04446411132812,20250225-162040
4565,239,0,0.484375,540.301025390625,708.6582641601562,178.85430908203125,164.57656860351562,20250225-162040
4565,240,0,0.498046875,500.64605712890625,524.4179077148438,171.2139129638672,145.1318817138672,20250225-162040
4565,210,0,0.56005859375,340.9493713378906,13.916027069091797,153.72750854492188,215.4583740234375,20250225-162040
4565,236,0,0.77099609375,493.6874694824219,37.97648620605469,400.52984619140625,395.9498291015625,20250225-162040
4565,238,0,0.85498046875,420.5189514160156,1781.515869140625,137.47283935546875,647.8561401367188,20250225-162040
4565,237,0,0.8642578125,646.085205078125,768.0091552734375,409.1271057128906,427.5070495605469,20250225-162040
4565,224,0,0.8759765625,621.5051879882812,295.4869079589844,516.7380981445312,451.55279541015625,20250225-162040
4566,241,0,0.2147216796875,444.91058349609375,137.29412841796875,64.776123046875,101.18399810791016,20250225-162040
4566,239,0,0.323486328125,522.5484008789062,701.5552368164062,171.12506103515625,194.31703186035156,20250225-162040
4566,233,0,0.43408203125,487.545166015625,388.282470703125,134.6070098876953,144.4967803955078,20250225-162040
4566,240,0,0.498046875,483.47882080078125,513.777099609375,177.66380310058594,155.74339294433594,20250225-162040
4566,242,0,0.56884765625,547.6898193359375,877.6783447265625,114.93374633789062,141.76869201660156,20250225-162040
4566,210,0,0.6513671875,318.1609802246094,0.7249603271484375,148.36793518066406,227.50486755371094,20250225-162040
4566,236,0,0.7734375,480.8051452636719,69.81257629394531,356.36041259765625,403.68096923828125,20250225-162040
4566,237,0,0.84912109375,633.0082397460938,759.9444580078125,410.8780517578125,442.03076171875,20250225-162040
4566,224,0,0.86669921875,616.4760131835938,280.4336242675781,520.2593994140625,456.2682189941406,20250225-162040
4566,238,0,0.8681640625,415.32989501953125,1765.678466796875,153.57275390625,654.7587280273438,20250225-162040
4567,233,0,0.28466796875,465.8191223144531,375.1804504394531,139.0323486328125,243.09048461914062,20250225-162040
4567,239,0,0.42431640625,503.4352722167969,690.8736572265625,166.3326416015625,157.6740264892578,20250225-162040
4567,242,0,0.4921875,531.7181396484375,873.3978881835938,105.42599487304688,139.0697021484375,20250225-162040
4567,210,0,0.57275390625,293.116943359375,0.015483856201171875,168.17727661132812,229.38714599609375,20250225-162040
4567,240,0,0.607421875,464.3214416503906,506.03302001953125,188.6648712158203,163.41807556152344,20250225-162040
4567,236,0,0.73193359375,460.7580261230469,64.18368530273438,352.9913635253906,424.65411376953125,20250225-162040
4567,237,0,0.86083984375,615.6731567382812,750.3348999023438,412.81365966796875,456.8633728027344,20250225-162040
4567,224,0,0.88427734375,607.6320190429688,264.7478942871094,528.659423828125,465.0160827636719,20250225-162040
4567,238,0,0.89501953125,404.4592590332031,1753.4578857421875,165.793212890625,665.9134521484375,20250225-162040
4568,210,0,0.3388671875,265.9610595703125,0.17462539672851562,150.30093383789062,231.66836547851562,20250225-162040
4568,233,0,0.362060546875,442.3731689453125,375.9093017578125,130.93093872070312,189.5533447265625,20250225-162040
4568,239,0,0.36474609375,485.44720458984375,683.0476684570312,139.42474365234375,149.09228515625,20250225-162040
4568,242,0,0.5849609375,519.3576049804688,865.9546508789062,143.45773315429688,138.46353149414062,20250225-162040
4568,240,0,0.705078125,445.73309326171875,498.2569885253906,177.70266723632812,163.60574340820312,20250225-162040
4568,236,0,0.71044921875,436.4991760253906,55.451019287109375,353.60064697265625,447.2886047363281,20250225-162040
4568,237,0,0.7578125,603.0062255859375,729.640869140625,424.13214111328125,470.9344787597656,20250225-162040
4568,224,0,0.90087890625,592.8545532226562,242.247802734375,548.7236938476562,479.7827453613281,20250225-162040
4568,238,0,0.90673828125,395.3092041015625,1739.682861328125,179.37689208984375,673.5626831054688,20250225-162040
4569,210,0,0.2274169921875,247.41485595703125,0.6759109497070312,117.79188537597656,220.3795166015625,20250225-162040
4569,233,0,0.404541015625,423.8562316894531,360.5004577636719,139.26541137695312,241.43580627441406,20250225-162040
4569,242,0,0.57080078125,499.2349853515625,858.7695922851562,109.92947387695312,145.51683044433594,20250225-162040
4569,239,0,0.60009765625,468.0736389160156,676.3251342773438,167.89581298828125,157.4513702392578,20250225-162040
4569,240,0,0.736328125,427.1119689941406,491.7879638671875,198.0516815185547,172.95977783203125,20250225-162040
4569,236,0,0.8017578125,416.29248046875,35.14013671875,367.59027099609375,404.67694091796875,20250225-162040
4569,237,0,0.87548828125,586.9472045898438,733.05126953125,412.87237548828125,486.80828857421875,20250225-162040
4569,224,0,0.90966796875,577.2903442382812,231.21664428710938,556.0178833007812,496.2081604003906,20250225-162040
4569,238,0,0.91259765625,391.2079162597656,1728.659912109375,190.58624267578125,677.9230346679688,20250225-162040
4570,210,0,0.27197265625,229.85955810546875,0.03128814697265625,109.4839096069336,220.9202117919922,20250225-162040
4570,241,0,0.42529296875,356.2045593261719,104.09099578857422,65.38497161865234,108.79322814941406,20250225-162040
4570,233,0,0.51953125,412.8548889160156,357.305908203125,138.88897705078125,240.7034912109375,20250225-162040
4570,240,0,0.533203125,417.48797607421875,483.30194091796875,209.67723083496094,173.4193572998047,20250225-162040
4570,239,0,0.630859375,461.64483642578125,670.78955078125,175.47711181640625,155.22509765625,20250225-162040
4570,242,0,0.63623046875,492.964111328125,850.0191650390625,113.80828857421875,145.90603637695312,20250225-162040
4570,236,0,0.86376953125,402.1065673828125,42.021148681640625,355.41717529296875,340.3842468261719,20250225-162040
4570,237,0,0.89697265625,584.818603515625,726.7020263671875,413.88555908203125,488.9217834472656,20250225-162040
4570,238,0,0.91064453125,392.6438903808594,1718.738525390625,200.34375,675.7753295898438,20250225-162040
4570,224,0,0.921875,569.460205078125,224.99505615234375,559.7184448242188,503.63507080078125,20250225-162040
4571,233,0,0.363037109375,405.5360107421875,355.4477233886719,138.00018310546875,147.12010192871094,20250225-162040
4571,241,0,0.392333984375,345.2887268066406,23.998455047607422,141.07723999023438,109.63666534423828,20250225-162040
4571,239,0,0.451416015625,456.3640441894531,667.75341796875,117.89447021484375,123.56202697753906,20250225-162040
4571,242,0,0.64404296875,491.06329345703125,852.7040405273438,105.47378540039062,145.2964630126953,20250225-162040
4571,236,0,0.7734375,393.1481628417969,31.323760986328125,363.88128662109375,385.819580078125,20250225-162040
4571,240,0,0.830078125,412.90655517578125,482.45526123046875,160.9438934326172,173.06114196777344,20250225-162040
4571,237,0,0.89208984375,587.801025390625,705.7861328125,430.52008056640625,486.90203857421875,20250225-162040
4571,238,0,0.9130859375,403.79132080078125,1713.7481689453125,205.53826904296875,664.194091796875,20250225-162040
4571,224,0,0.92138671875,570.3763427734375,217.78097534179688,565.6444702148438,503.25347900390625,20250225-162040
4572,233,0,0.415771484375,402.1694030761719,353.1193542480469,141.970458984375,187.49293518066406,20250225-162040
4572,242,0,0.5869140625,492.5372619628906,851.3333129882812,108.49063110351562,147.14126586914062,20250225-162040
4572,241,0,0.6103515625,339.369384765625,16.56943130493164,147.80763244628906,109.02093505859375,20250225-162040
4572,239,0,0.63427734375,455.7044677734375,664.513427734375,175.38583374023438,151.98443603515625,20250225-162040
4572,240,0,0.81640625,410.5892028808594,481.9130859375,159.8818359375,177.7862548828125,20250225-162040
4572,236,0,0.84521484375,389.2571105957031,28.938674926757812,362.65985107421875,344.57037353515625,20250225-162040
4572,237,0,0.8681640625,590.1654663085938,716.3924560546875,414.5445556640625,483.6360168457031,20250225-162040
4572,238,0,0.908203125,415.6636962890625,1711.72119140625,207.96258544921875,653.3373413085938,20250225-162040
4572,224,0,0.91259765625,572.1385498046875,215.23370361328125,566.5477294921875,501.0854797363281,20250225-162040
4573,241,0,0.447509765625,339.0583801269531,20.71881866455078,148.63751220703125,110.34929656982422,20250225-162040
4573,242,0,0.57177734375,500.3756103515625,852.7626342773438,114.26788330078125,148.7863006591797,20250225-162040
4573,233,0,0.58056640625,405.9067077636719,358.96905517578125,140.09396362304688,139.58177185058594,20250225-162040
4573,239,0,0.69775390625,461.5971984863281,671.4801635742188,162.58566284179688,157.50833129882812,20250225-162040
4573,240,0,0.70166015625,413.4884948730469,482.28131103515625,172.15516662597656,185.7628936767578,20250225-162040
4573,236,0,0.849609375,390.8990478515625,38.455535888671875,353.7730407714844,345.0699157714844,20250225-162040
4573,237,0,0.8759765625,605.1072387695312,735.6639404296875,399.40045166015625,467.281494140625,20250225-162040
4573,238,0,0.90087890625,428.0057067871094,1717.948974609375,201.74029541015625,640.5209350585938,20250225-162040
4573,224,0,0.9091796875,574.9928588867188,222.65780639648438,564.596435546875,498.07373046875,20250225-162040
4574,241,0,0.361083984375,343.4158935546875,34.323036193847656,144.1765594482422,111.4504623413086,20250225-162040
4574,239,0,0.414794921875,469.1917419433594,677.6921997070312,177.90911865234375,161.99856567382812,20250225-162040
4574,233,0,0.450439453125,411.14593505859375,362.3820495605469,143.04598999023438,138.28225708007812,20250225-162040
4574,242,0,0.556640625,510.5048828125,856.70458984375,119.50469970703125,144.4774627685547,20250225-162040
4574,238,0,0.5888671875,449.1295166015625,1730.0830078125,189.18695068359375,618.1527709960938,20250225-162040
4574,240,0,0.69921875,419.6817626953125,491.9387512207031,167.1324920654297,188.7130126953125,20250225-162040
4574,236,0,0.76708984375,394.315185546875,32.56205749511719,367.179443359375,365.71588134765625,20250225-162040
4574,237,0,0.8369140625,610.7940673828125,735.9913330078125,398.61090087890625,463.3071594238281,20250225-162040
4574,224,0,0.90478515625,580.6673583984375,234.5701904296875,557.1659545898438,492.48944091796875,20250225-162040
4575,210,0,0.26806640625,221.42532348632812,1.0333671569824219,129.26242065429688,215.93125915527344,20250225-162040
4575,233,0,0.355712890625,418.6846008300781,363.5858459472656,155.93435668945312,251.72921752929688,20250225-162040
4575,239,0,0.43115234375,476.7169494628906,690.2074584960938,183.9737548828125,173.8219451904297,20250225-162040
4575,240,0,0.5322265625,427.6025695800781,503.4055480957031,167.92730712890625,190.9868927001953,20250225-162040
4575,242,0,0.5390625,519.9303588867188,870.0661010742188,112.00067138671875,150.64041137695312,20250225-162040
4575,236,0,0.7138671875,404.2642517089844,24.591064453125,384.3695983886719,434.82891845703125,20250225-162040
4575,237,0,0.78662109375,626.8458251953125,740.8368530273438,400.064208984375,448.01739501953125,20250225-162040
4575,238,0,0.83154296875,460.29718017578125,1744.0924072265625,174.8792724609375,606.1401977539062,20250225-162040
4575,224,0,0.904296875,596.3442993164062,242.25421142578125,560.7711181640625,477.1990051269531,20250225-162040
4576,210,0,0.329345703125,230.3095245361328,10.031661987304688,136.45535278320312,216.78106689453125,20250225-162040
4576,233,0,0.342529296875,428.5822448730469,387.67230224609375,142.84002685546875,246.2532196044922,20250225-162040
4576,239,0,0.39697265625,487.9938049316406,700.7367553710938,176.16998291015625,171.922607421875,20250225-162040
4576,240,0,0.5390625,439.1561584472656,512.5988159179688,185.8118133544922,204.01095581054688,20250225-162040
4576,237,0,0.57373046875,644.0244140625,740.9366455078125,409.918212890625,429.36578369140625,20250225-162040
4576,242,0,0.61962890625,530.994384765625,877.8021240234375,116.234619140625,148.66793823242188,20250225-162040
4576,236,0,0.7431640625,417.7293701171875,61.92091369628906,361.66558837890625,414.3560485839844,20250225-162040
4576,238,0,0.783203125,469.2612609863281,1758.2164306640625,160.72723388671875,596.4468994140625,20250225-162040
4576,224,0,0.8798828125,614.8235473632812,262.5348815917969,547.8096923828125,457.94384765625,20250225-162040
4577,233,0,0.286865234375,441.78204345703125,402.60150146484375,138.1087646484375,209.5682373046875,20250225-162040
4577,210,0,0.349609375,239.20082092285156,29.669540405273438,139.85719299316406,228.7965850830078,20250225-162040
4577,239,0,0.4072265625,503.6399841308594,712.8977661132812,175.5530548095703,181.99432373046875,20250225-162040
4577,242,0,0.442626953125,546.0340576171875,888.39697265625,121.34005737304688,151.4251251220703,20250225-162040
4577,237,0,0.57861328125,664.790771484375,772.809814453125,368.3485107421875,409.0623779296875,20250225-162040
4577,240,0,0.611328125,456.0025634765625,525.5361328125,187.0359649658203,204.70211791992188,20250225-162040
4577,236,0,0.6982421875,433.3576965332031,56.3499755859375,376.63360595703125,445.07598876953125,20250225-162040
4577,238,0,0.73876953125,493.5124206542969,1775.9476318359375,143.23883056640625,575.0281372070312,20250225-162040
4577,224,0,0.845703125,639.5655517578125,283.1319580078125,538.6756591796875,433.88623046875,20250225-162040
4578,210,0,0.236572265625,256.9544677734375,44.27677917480469,123.14122009277344,205.42953491210938,20250225-162040
4578,233,0,0.2666015625,457.7820129394531,402.83111572265625,153.63121032714844,249.74481201171875,20250225-162040
4578,242,0,0.46484375,562.7647705078125,898.423095703125,122.5008544921875,148.22003173828125,20250225-162040
4578,240,0,0.5302734375,471.14190673828125,538.0603637695312,215.96067810058594,208.84799194335938,20250225-162040
4578,239,0,0.57568359375,518.3387451171875,722.5259399414062,176.406005859375,176.36094665527344,20250225-162040
4578,237,0,0.68505859375,669.9600219726562,786.0238037109375,374.7503356933594,404.144775390625,20250225-162040
4578,238,0,0.76611328125,519.7300415039062,1793.00146484375,126.015380859375,550.47119140625,20250225-162040
4578,236,0,0.77587890625,445.68218994140625,22.988983154296875,426.09320068359375,395.4516906738281,20250225-162040
4578,224,0,0.8349609375,652.4522094726562,304.1796569824219,529.8912963867188,421.04046630859375,20250225-162040
4579,233,0,0.384033203125,471.46942138671875,435.4137268066406,133.1770477294922,138.296630859375,20250225-162040
4579,242,0,0.43017578125,576.7380981445312,912.7220458984375,118.13946533203125,149.4636688232422,20250225-162040
4579,237,0,0.5546875,686.2150268554688,787.1372680664062,374.81121826171875,387.6700439453125,20250225-162040
4579,240,0,0.55810546875,483.9034729003906,552.3795776367188,166.44607543945312,197.20681762695312,20250225-162040
4579,239,0,0.57275390625,532.0490112304688,736.9052124023438,170.5880126953125,166.5770721435547,20250225-162040
4579,238,0,0.62353515625,666.281494140625,1807.9625244140625,111.04962158203125,405.4111328125,20250225-162040
4579,236,0,0.7734375,462.0448913574219,14.805267333984375,447.2055358886719,385.3745422363281,20250225-162040
4579,224,0,0.84375,663.322998046875,334.9159240722656,510.88055419921875,410.71038818359375,20250225-162040
4580,233,0,0.25244140625,483.0115051269531,437.89581298828125,141.09214782714844,138.65188598632812,20250225-162040
4580,241,0,0.32861328125,253.33502197265625,0.05743217468261719,39.62635803222656,189.7886505126953,20250225-162040
4580,242,0,0.537109375,585.3663940429688,922.275146484375,113.09060668945312,148.17234802246094,20250225-162040
4580,239,0,0.5419921875,542.5916748046875,740.6849975585938,182.3727264404297,170.43292236328125,20250225-162040
4580,240,0,0.57080078125,493.13214111328125,561.7410888671875,183.14932250976562,195.45201110839844,20250225-162040
4580,236,0,0.65576171875,468.87872314453125,77.19287109375,396.5937194824219,389.60516357421875,20250225-162040
4580,238,0,0.74609375,690.1830444335938,1823.813232421875,95.56072998046875,382.0907897949219,20250225-162040
4580,237,0,0.77734375,696.4564819335938,796.9531860351562,410.0173645019531,378.06683349609375,20250225-162040
4580,224,0,0.84228515625,669.4213256835938,356.1568908691406,497.87567138671875,404.2433166503906,20250225-162040
4581,210,0,0.446533203125,291.0594177246094,87.91067504882812,129.47589111328125,195.24310302734375,20250225-162040
4581,241,0,0.455078125,262.56829833984375,0.09881973266601562,52.61089324951172,195.3913116455078,20250225-162040
4581,242,0,0.5439453125,594.6629638671875,931.22314453125,113.46835327148438,143.02688598632812,20250225-162040
4581,233,0,0.5439453125,489.4133605957031,450.32904052734375,137.6627197265625,136.6376953125,20250225-162040
4581,239,0,0.63427734375,550.5230712890625,749.1455688476562,181.1268768310547,168.68214416503906,20250225-162040
4581,238,0,0.66455078125,698.9573364257812,1833.8748779296875,85.70159912109375,371.5472412109375,20250225-162040
4581,240,0,0.72119140625,502.3871765136719,570.7556762695312,167.4902801513672,190.84414672851562,20250225-162040
4581,236,0,0.77587890625,474.6921081542969,136.8482208251953,341.95489501953125,371.3878479003906,20250225-162040
4581,237,0,0.80810546875,698.5021362304688,814.6997680664062,400.46026611328125,377.1336975097656,20250225-162040
4581,224,0,0.8603515625,677.1814575195312,362.72698974609375,501.91424560546875,396.3663024902344,20250225-162040
4582,210,0,0.448486328125,290.64306640625,90.12176513671875,136.9651336669922,197.60447692871094,20250225-162040
4582,233,0,0.5390625,491.08905029296875,454.3897705078125,137.5612335205078,135.13780212402344,20250225-162040
4582,241,0,0.56494140625,266.8238220214844,0.13518905639648438,60.990394592285156,188.2333984375,20250225-162040
4582,242,0,0.57275390625,593.645751953125,937.01171875,111.5811767578125,148.97271728515625,20250225-162040
4582,239,0,0.63427734375,551.899658203125,755.0601196289062,170.50927734375,158.15853881835938,20250225-162040
4582,238,0,0.75927734375,704.4727783203125,1838.271240234375,81.23382568359375,367.550537109375,20250225-162040
4582,236,0,0.775390625,477.0569152832031,138.0197296142578,351.6911315917969,332.96075439453125,20250225-162040
4582,240,0,0.7822265625,504.141357421875,575.104248046875,160.31854248046875,182.38412475585938,20250225-162040
4582,237,0,0.79638671875,698.9109497070312,820.4236450195312,394.3889465332031,374.986328125,20250225-162040
4582,224,0,0.873046875,671.916748046875,369.539794921875,501.5014343261719,402.3224792480469,20250225-162040
4583,210,0,0.438720703125,290.28424072265625,85.86595916748047,140.12069702148438,202.3954620361328,20250225-162040
4583,233,0,0.482421875,491.4570007324219,452.1675109863281,137.343017578125,135.538330078125,20250225-162040
4583,242,0,0.5087890625,593.49755859375,935.7901611328125,113.03677368164062,150.72427368164062,20250225-162040
4583,241,0,0.60205078125,266.5494689941406,0.09621047973632812,62.56925964355469,191.27745056152344,20250225-162040
4583,240,0,0.662109375,502.3078918457031,573.5067138671875,163.1982421875,185.3056640625,20250225-162040
4583,239,0,0.67041015625,552.2669677734375,752.2966918945312,173.02825927734375,159.95553588867188,20250225-162040
4583,238,0,0.68359375,698.3273315429688,1835.7967529296875,83.63031005859375,371.99371337890625,20250225-162040
4583,236,0,0.69677734375,478.2618103027344,69.75311279296875,421.2373352050781,336.6180114746094,20250225-162040
4583,237,0,0.8037109375,698.6340942382812,822.7659301757812,393.4302978515625,376.6206359863281,20250225-162040
4583,224,0,0.88330078125,664.58544921875,373.4561462402344,502.11346435546875,409.7026672363281,20250225-162040
4584,241,0,0.303955078125,267.7434387207031,0.10570907592773438,47.27818298339844,189.26113891601562,20250225-162040
4584,210,0,0.3583984375,290.9798583984375,70.065673828125,142.7471466064453,199.03878784179688,20250225-162040
4584,239,0,0.394287109375,553.3181762695312,740.40673828125,173.95037841796875,151.85336303710938,20250225-162040
4584,233,0,0.450439453125,493.35418701171875,442.3713684082031,140.81748962402344,133.0109100341797,20250225-162040
4584,242,0,0.4765625,593.5150146484375,924.5773315429688,118.80963134765625,150.59449768066406,20250225-162040
4584,238,0,0.6083984375,694.7172241210938,1821.383056640625,97.5406494140625,375.7049560546875,20250225-162040
4584,240,0,0.6669921875,505.76092529296875,556.7250366210938,173.20468139648438,183.35580444335938,20250225-162040
4584,237,0,0.7685546875,697.3333740234375,810.529052734375,388.80230712890625,380.2330017089844,20250225-162040
4584,236,0,0.8125,475.44500732421875,50.279296875,441.6197204589844,373.2950134277344,20250225-162040
4584,224,0,0.84716796875,655.400390625,364.2425537109375,508.2497863769531,418.4349060058594,20250225-162040
4585,243,0,0.2315673828125,428.652099609375,102.97808074951172,150.59176635742188,107.99861145019531,20250225-162040
4585,238,0,0.35302734375,669.1001586914062,1802.12841796875,116.81561279296875,401.0378723144531,20250225-162040
4585,242,0,0.406494140625,596.7388916015625,899.1903076171875,172.44735717773438,145.38800048828125,20250225-162040
4585,239,0,0.445556640625,555.5707397460938,718.5258178710938,126.3544921875,112.55694580078125,20250225-162040
4585,240,0,0.5439453125,508.0284118652344,539.1748046875,172.24630737304688,179.46458435058594,20250225-162040
4585,233,0,0.552734375,498.8021240234375,418.93170166015625,147.24078369140625,126.9199447631836,20250225-162040
4585,237,0,0.7880859375,697.6819458007812,772.7030639648438,407.69293212890625,378.00726318359375,20250225-162040
4585,236,0,0.7939453125,478.0120544433594,18.670166015625,456.92962646484375,377.60662841796875,20250225-162040
4585,224,0,0.8349609375,667.7609252929688,340.0550537109375,520.3804931640625,406.000732421875,20250225-162040
4586,242,0,0.2147216796875,594.6348876953125,837.4484252929688,179.08831787109375,277.5740051269531,20250225-162041
4586,239,0,0.4619140625,552.1445922851562,709.8308715820312,99.47296142578125,106.34589385986328,20250225-162041
4586,240,0,0.60009765625,506.37255859375,492.3785705566406,196.6461639404297,190.01785278320312,20250225-162041
4586,237,0,0.6103515625,709.714111328125,760.9356079101562,395.35107421875,365.20733642578125,20250225-162041
4586,236,0,0.626953125,478.0993347167969,86.45045471191406,355.75091552734375,369.19598388671875,20250225-162041
4586,238,0,0.7578125,533.3923950195312,1766.9329833984375,152.33001708984375,533.0870361328125,20250225-162041
4586,224,0,0.796875,665.1355590820312,296.7006530761719,546.4400024414062,407.08209228515625,20250225-162041
4587,239,0,0.204345703125,537.0269165039062,675.8900756835938,99.3746337890625,109.7498550415039,20250225-162041
4587,233,0,0.2100830078125,479.62188720703125,402.5947265625,105.10688781738281,142.92994689941406,20250225-162041
4587,241,0,0.318359375,281.6854248046875,0.0,105.71866607666016,214.7615203857422,20250225-162041
4587,240,0,0.498046875,485.8830261230469,458.7689208984375,198.251953125,194.99771118164062,20250225-162041
4587,237,0,0.5234375,667.0362548828125,725.8917846679688,398.7978515625,409.0889892578125,20250225-162041
4587,236,0,0.5537109375,465.02587890625,45.9122314453125,348.1652526855469,398.60235595703125,20250225-162041
4587,238,0,0.75341796875,522.8203735351562,1724.546630859375,194.73321533203125,544.073974609375,20250225-162041
4587,224,0,0.830078125,642.3462524414062,254.03182983398438,568.5142822265625,429.99493408203125,20250225-162041
4588,239,0,0.2108154296875,507.1665954589844,645.4346923828125,174.6060791015625,231.53506469726562,20250225-162041
4588,240,0,0.2193603515625,462.57452392578125,444.7956848144531,367.2312927246094,371.9014587402344,20250225-162041
4588,237,0,0.41015625,561.5379028320312,696.2283935546875,383.31549072265625,507.49481201171875,20250225-162041
4588,224,0,0.45703125,615.1713256835938,186.79489135742188,571.0274047851562,455.37921142578125,20250225-162041
4588,238,0,0.84130859375,507.1797180175781,1675.6724853515625,243.5947265625,561.7821044921875,20250225-162041
4589,239,0,0.273681640625,469.23773193359375,608.4276123046875,160.83050537109375,225.94863891601562,20250225-162041
4589,240,0,0.286865234375,425.3584289550781,453.2808837890625,563.1163330078125,645.3728637695312,20250225-162041
4589,237,0,0.3857421875,524.6603393554688,765.0234375,282.413818359375,425.8451843261719,20250225-162041
4589,238,0,0.56396484375,486.3607482910156,1616.484375,302.33148193359375,579.7959594726562,20250225-162041
4589,224,0,0.64794921875,531.763427734375,117.73745727539062,609.7384643554688,537.9791259765625,20250225-162041
4590,240,0,0.392333984375,485.36865234375,652.6324462890625,352.30462646484375,584.9618530273438,20250225-162041
4590,238,0,0.6162109375,452.5738830566406,1550.5660400390625,368.76324462890625,618.915283203125,20250225-162041
4590,224,0,0.751953125,436.96539306640625,40.805809020996094,706.9546508789062,631.8137817382812,20250225-162041
4591,239,0,0.32861328125,410.3430480957031,698.4592895507812,178.7786865234375,166.40545654296875,20250225-162041
4591,228,0,0.421630859375,358.81695556640625,513.1754150390625,129.72702026367188,154.9396209716797,20250225-162041
4591,233,0,0.482421875,301.7593994140625,308.7857971191406,235.48641967773438,217.95521545410156,20250225-162041
4591,210,0,0.68701171875,259.13153076171875,0.41594696044921875,201.08309936523438,373.91204833984375,20250225-162041
4591,240,0,0.8330078125,517.2141723632812,612.05517578125,508.13616943359375,557.0313720703125,20250225-162041
4591,238,0,0.89697265625,403.1676940917969,1494.5948486328125,392.1041564941406,670.067626953125,20250225-162041
4591,224,0,0.9208984375,466.15679931640625,16.783447265625,753.9548950195312,604.5728149414062,20250225-162041
4592,243,0,0.236572265625,274.67681884765625,98.27174377441406,195.3680419921875,289.8916320800781,20250225-162041
4592,228,0,0.33447265625,354.1701965332031,452.32855224609375,150.60891723632812,118.67777252197266,20250225-162041
4592,239,0,0.448486328125,406.5467529296875,651.3953247070312,183.8067626953125,151.3797149658203,20250225-162041
4592,210,0,0.6083984375,246.9742889404297,0.34604644775390625,165.58514404296875,332.71331787109375,20250225-162041
4592,233,0,0.751953125,293.74822998046875,252.95819091796875,207.22760009765625,214.16310119628906,20250225-162041
4592,238,0,0.78857421875,386.82720947265625,1454.6143798828125,391.472900390625,685.6928100585938,20250225-162041
4592,240,0,0.8603515625,518.9371337890625,574.0039672851562,532.212158203125,555.316650390625,20250225-162041
4592,224,0,0.91015625,485.07366943359375,1.1643218994140625,740.6700439453125,585.5385131835938,20250225-162041
4593,233,0,0.34521484375,290.4622497558594,232.87271118164062,192.19638061523438,215.1154327392578,20250225-162041
4593,239,0,0.42431640625,398.461669921875,603.7177734375,215.64129638671875,239.85287475585938,20250225-162041
4593,210,0,0.42822265625,262.53179931640625,0.428924560546875,124.23017883300781,313.913818359375,20250225-162041
4593,228,0,0.43115234375,348.23382568359375,446.5071716308594,127.20639038085938,123.20832061767578,20250225-162041
4593,240,0,0.8359375,513.9201049804688,563.2626342773438,541.071533203125,560.1489868164062,20250225-162041
4593,238,0,0.89892578125,376.5470275878906,1439.687744140625,388.4552307128906,694.1420288085938,20250225-162041
4593,224,0,0.9033203125,472.9990234375,0.7305908203125,756.51318359375,596.7550048828125,20250225-162041
4594,243,0,0.21533203125,257.8107604980469,91.38551330566406,131.5535430908203,149.20394897460938,20250225-162041
4594,233,0,0.436767578125,275.4601135253906,207.5863494873047,201.56890869140625,219.40786743164062,20250225-162041
4594,228,0,0.458984375,331.91290283203125,422.8399658203125,116.87351989746094,112.51351928710938,20250225-162041
4594,239,0,0.55908203125,380.68621826171875,595.2639770507812,200.85983276367188,249.57241821289062,20250225-162041
4594,240,0,0.85302734375,484.7466735839844,523.4720458984375,794.92236328125,589.572021484375,20250225-162041
4594,224,0,0.8955078125,461.71533203125,1.40167236328125,861.7966918945312,610.7664184570312,20250225-162041
4594,238,0,0.90478515625,340.6930847167969,1420.138671875,383.0799865722656,730.968994140625,20250225-162041
4595,228,0,0.290283203125,331.4710693359375,366.9923400878906,154.40542602539062,127.13121032714844,20250225-162041
4595,233,0,0.3896484375,274.1421813964844,170.0310516357422,226.4692840576172,225.50082397460938,20250225-162041
4595,240,0,0.888671875,486.2860107421875,515.0140380859375,776.0418090820312,588.7157592773438,20250225-162041
4595,238,0,0.89599609375,319.98101806640625,1402.794921875,496.3937072753906,750.2296752929688,20250225-162041
4595,224,0,0.89990234375,460.62567138671875,1.48370361328125,861.6904907226562,610.4345703125,20250225-162041
4596,233,0,0.36474609375,290.5536804199219,33.83745574951172,311.0850830078125,281.3315734863281,20250225-162041
4596,239,0,0.404541015625,394.81988525390625,547.1185302734375,204.96533203125,190.4298095703125,20250225-162041
4596,228,0,0.440673828125,343.50634765625,349.7765808105469,145.78070068359375,144.5669403076172,20250225-162041
4596,224,0,0.83837890625,466.9105224609375,1.424835205078125,737.35302734375,604.1094970703125,20250225-162041
4596,240,0,0.87353515625,499.9416198730469,491.79034423828125,788.5263061523438,574.8319702148438,20250225-162041
4596,238,0,0.92431640625,312.49700927734375,1390.4818115234375,518.5098876953125,757.0814208984375,20250225-162041
4597,239,0,0.312255859375,416.1714782714844,556.9459228515625,176.08474731445312,162.7575225830078,20250225-162041
4597,228,0,0.414794921875,366.075439453125,324.83416748046875,146.59707641601562,127.96214294433594,20250225-162041
4597,233,0,0.455078125,314.52178955078125,13.646781921386719,312.01806640625,301.93536376953125,20250225-162041
4597,238,0,0.5830078125,309.1925964355469,1381.530517578125,493.6690979003906,759.0369873046875,20250225-162041
4597,224,0,0.83154296875,484.5422668457031,0.507568359375,693.0565185546875,586.6973266601562,20250225-162041
4597,240,0,0.91943359375,505.96026611328125,472.9873352050781,789.6829833984375,571.6519165039062,20250225-162041
4598,224,0,0.259765625,415.2760925292969,627.53076171875,93.22174072265625,96.26606750488281,20250225-162041
4598,233,0,0.2783203125,324.3336486816406,20.526947021484375,324.53662109375,266.9421081542969,20250225-162041
4598,228,0,0.501953125,369.54290771484375,332.4813537597656,131.77578735351562,116.38778686523438,20250225-162041
4598,239,0,0.591796875,400.24786376953125,531.3084716796875,137.63827514648438,286.5425720214844,20250225-162041
4598,210,0,0.59814453125,321.1757507324219,0.0,114.29232788085938,300.2637634277344,20250225-162041
4598,238,0,0.82958984375,284.8728332519531,1370.55908203125,249.218994140625,785.8683471679688,20250225-162041
4598,240,0,0.8935546875,500.87115478515625,463.23797607421875,788.0707397460938,573.2628173828125,20250225-162041
4599,224,0,0.3720703125,412.38555908203125,627.0975341796875,91.79782104492188,88.17528533935547,20250225-162041
4599,228,0,0.4755859375,368.7330627441406,330.9886779785156,207.7371826171875,171.9509735107422,20250225-162041
4599,233,0,0.658203125,325.0056457519531,112.44676208496094,210.89511108398438,207.78903198242188,20250225-162041
4599,239,0,0.69189453125,399.1919250488281,532.9804077148438,133.412109375,294.50604248046875,20250225-162041
4599,210,0,0.70556640625,327.2953796386719,0.0,114.43769073486328,312.5090637207031,20250225-162041
4599,238,0,0.88427734375,263.1399841308594,1381.3048095703125,229.8226318359375,802.0499267578125,20250225-162041
4599,240,0,0.9091796875,495.30902099609375,469.5685729980469,793.177001953125,575.26025390625,20250225-162041
4600,239,0,0.30322265625,405.0787353515625,556.1244506835938,158.71934509277344,160.1406707763672,20250225-162041
4600,236,0,0.31396484375,496.2333984375,0.09320068359375,808.7508544921875,575.7799072265625,20250225-162041
4600,228,0,0.36669921875,376.53900146484375,345.7031555175781,216.25558471679688,171.76025390625,20250225-162041
4600,233,0,0.57763671875,336.7415466308594,124.30302429199219,205.87229919433594,204.73129272460938,20250225-162041
4600,210,0,0.5830078125,341.3189392089844,0.11473846435546875,127.300048828125,311.4881591796875,20250225-162041
4600,238,0,0.84375,253.5023193359375,1394.862060546875,225.83148193359375,811.9464721679688,20250225-162041
4600,240,0,0.90576171875,497.2940673828125,475.09716796875,804.3799438476562,574.0574340820312,20250225-162041
4601,239,0,0.2493896484375,414.7598876953125,533.1292724609375,211.62002563476562,294.05010986328125,20250225-162041
4601,210,0,0.299072265625,359.17071533203125,0.8486480712890625,154.28170776367188,311.0634765625,20250225-162041
4601,228,0,0.4130859375,390.31805419921875,370.3827209472656,138.22256469726562,125.97481536865234,20250225-162041
4601,233,0,0.439697265625,354.2602233886719,133.8687744140625,218.83740234375,205.02601623535156,20250225-162041
4601,236,0,0.75927734375,506.4784851074219,2.6348876953125,794.2234497070312,564.9732666015625,20250225-162041
4601,238,0,0.75927734375,249.98513793945312,1419.718994140625,217.2689208984375,814.3839111328125,20250225-162041
4601,240,0,0.83203125,504.59173583984375,484.9179382324219,806.162109375,565.5753173828125,20250225-162041
4602,228,0,0.382080078125,397.04864501953125,400.27166748046875,121.90800476074219,113.13849639892578,20250225-162041
4602,233,0,0.439697265625,363.2841796875,154.6515655517578,214.07217407226562,186.9832763671875,20250225-162041
4602,210,0,0.4951171875,368.6971435546875,0.05921173095703125,187.444091796875,307.1172180175781,20250225-162041
4602,236,0,0.6953125,519.7847900390625,3.794219970703125,879.0888671875,552.32666015625,20250225-162041
4602,240,0,0.84765625,514.262451171875,510.16424560546875,804.4178466796875,555.0174560546875,20250225-162041
4603,210,0,0.316650390625,370.9158630371094,65.68419647216797,161.382568359375,152.2138671875,20250225-162041
4603,228,0,0.54296875,398.6728210449219,440.086669921875,111.90509033203125,113.39868927001953,20250225-162041
4603,233,0,0.69677734375,365.3849182128906,215.62545776367188,190.03125,173.31150817871094,20250225-162041
4603,236,0,0.82666015625,502.32513427734375,4.6812744140625,943.7821655273438,569.732421875,20250225-162041
4603,240,0,0.84423828125,421.0927429199219,542.9974365234375,805.4551391601562,649.007568359375,20250225-162041
4603,244,0,0.9013671875,245.01966857910156,1481.68505859375,436.389404296875,823.904541015625,20250225-162041
4604,239,0,0.20751953125,422.8264465332031,668.4105834960938,165.6361083984375,147.06509399414062,20250225-162041
4604,210,0,0.320068359375,374.37158203125,110.94515991210938,159.52972412109375,150.7487335205078,20250225-162041
4604,233,0,0.5263671875,367.33642578125,252.35902404785156,186.06532287597656,169.97239685058594,20250225-162041
4604,228,0,0.57373046875,402.17633056640625,471.9941711425781,116.84111022949219,112.30799865722656,20250225-162041
4604,241,0,0.7177734375,386.2642822265625,0.7799835205078125,197.6809844970703,313.13482666015625,20250225-162041
4604,236,0,0.8056640625,502.9791564941406,30.51800537109375,933.5590209960938,569.3928833007812,20250225-162041
4604,240,0,0.82275390625,432.05511474609375,568.0621337890625,797.744384765625,642.6943359375,20250225-162041
4604,244,0,0.89892578125,248.39598083496094,1517.85791015625,400.6585693359375,818.8289794921875,20250225-162041
4605,239,0,0.203125,424.4458923339844,682.2509765625,137.87136840820312,147.40484619140625,20250225-162041
4605,210,0,0.242919921875,375.5527648925781,135.49993896484375,167.1509246826172,248.1129608154297,20250225-162041
4605,233,0,0.39892578125,368.2641296386719,293.02325439453125,172.97030639648438,154.0769500732422,20250225-162041
4605,244,0,0.441650390625,254.06089782714844,1545.7130126953125,242.35711669921875,815.0413818359375,20250225-162041
4605,228,0,0.56201171875,403.9432067871094,499.9891662597656,118.40299987792969,113.0548095703125,20250225-162041
4605,241,0,0.79248046875,375.23785400390625,0.9044036865234375,218.7381591796875,408.8888244628906,20250225-162041
4605,240,0,0.82958984375,431.7192687988281,586.3575439453125,824.2818603515625,644.7056884765625,20250225-162041
4605,236,0,0.83447265625,503.2645568847656,58.534423828125,923.1018676757812,570.6573486328125,20250225-162041
4606,210,0,0.42822265625,374.59185791015625,174.63441467285156,153.7167205810547,142.94448852539062,20250225-162041
4606,239,0,0.4931640625,428.6693115234375,717.1818237304688,167.9344482421875,141.38442993164062,20250225-162041
4606,233,0,0.54296875,367.8293762207031,328.0564270019531,167.14178466796875,134.70521545410156,20250225-162041
4606,228,0,0.57568359375,405.287109375,523.0648193359375,121.8673095703125,112.1393814086914,20250225-162041
4606,241,0,0.80859375,370.4106750488281,0.28951263427734375,236.652099609375,419.1433410644531,20250225-162041
4606,244,0,0.86083984375,254.9965362548828,1574.0885009765625,232.6563720703125,813.6324462890625,20250225-162041
4606,236,0,0.87548828125,477.6584167480469,73.310302734375,937.3987426757812,595.24560546875,20250225-162041
4607,233,0,0.3896484375,364.94842529296875,352.22216796875,164.97579956054688,142.6535186767578,20250225-162041
4607,239,0,0.39599609375,421.5164794921875,734.4674682617188,122.04423522949219,143.64332580566406,20250225-162041
4607,210,0,0.43408203125,371.38983154296875,205.97474670410156,145.93112182617188,141.80165100097656,20250225-162041
4607,228,0,0.546875,400.5584411621094,543.873291015625,181.94384765625,121.4047622680664,20250225-162041
4607,241,0,0.7607421875,364.6040344238281,0.26557159423828125,254.70364379882812,416.1766052246094,20250225-162041
4607,240,0,0.8388671875,522.6614990234375,640.4815063476562,798.7109985351562,551.8455200195312,20250225-162041
4607,244,0,0.87939453125,254.27908325195312,1594.1953125,243.626220703125,815.0111083984375,20250225-162041
4607,236,0,0.880859375,472.02398681640625,85.96133422851562,964.2841186523438,600.6304321289062,20250225-162041
4608,239,0,0.202392578125,430.1069030761719,754.4950561523438,169.40643310546875,130.12876892089844,20250225-162041
4608,228,0,0.35302734375,392.67864990234375,557.002685546875,119.29193115234375,113.20925903320312,20250225-162041
4608,241,0,0.405517578125,354.3754577636719,0.0,168.7225341796875,226.5421142578125,20250225-162041
4608,233,0,0.43408203125,358.4754943847656,367.2909851074219,161.66455078125,140.46206665039062,20250225-162041
4608,210,0,0.46875,366.5195617675781,227.09664916992188,143.37625122070312,139.41375732421875,20250225-162041
4608,236,0,0.8759765625,460.3506164550781,95.13729858398438,1014.371337890625,611.4328002929688,20250225-162041
4608,244,0,0.88134765625,248.70901489257812,1617.7965087890625,244.354248046875,819.1691284179688,20250225-162041
4609,210,0,0.2139892578125,349.7940368652344,175.4718475341797,217.40972900390625,233.86038208007812,20250225-162041
4609,239,0,0.35498046875,407.1498107910156,768.3964233398438,175.7783203125,135.9478759765625,20250225-162041
4609,233,0,0.3876953125,345.0157775878906,390.38848876953125,158.96163940429688,134.82164001464844,20250225-162041
4609,241,0,0.445556640625,339.7341003417969,0.436065673828125,272.58880615234375,445.4354248046875,20250225-162041
4609,228,0,0.47265625,383.94927978515625,572.3656616210938,118.1920166015625,110.14326477050781,20250225-162041
4609,240,0,0.880859375,489.426513671875,656.394287109375,823.412109375,580.374267578125,20250225-162041
4609,244,0,0.90380859375,241.55648803710938,1633.311767578125,261.76190185546875,826.1475219726562,20250225-162041
4610,210,0,0.271240234375,334.4259338378906,268.93524169921875,145.27688598632812,151.33370971679688,20250225-162041
4610,233,0,0.438720703125,327.4682922363281,406.36798095703125,159.21707153320312,136.09466552734375,20250225-162041
4610,228,0,0.6435546875,367.6160888671875,590.0240478515625,121.72544860839844,117.39320373535156,20250225-162041
4610,241,0,0.71923828125,327.2602233886719,0.33819580078125,303.88568115234375,406.11529541015625,20250225-162041
4610,240,0,0.876953125,473.63623046875,686.4486694335938,809.0121459960938,589.16796875,20250225-162041
4610,244,0,0.90869140625,232.9021759033203,1653.2091064453125,264.99554443359375,834.4523315429688,20250225-162041
4611,210,0,0.264404296875,312.5765380859375,290.33404541015625,142.93093872070312,153.9669952392578,20250225-162041
4611,239,0,0.30078125,380.8092956542969,802.6371459960938,175.93936157226562,138.6633758544922,20250225-162041
4611,233,0,0.37109375,307.4866027832031,420.5953674316406,162.4449920654297,133.23739624023438,20250225-162041
4611,228,0,0.615234375,345.1852722167969,610.648681640625,121.98738098144531,168.2047119140625,20250225-162041
4611,241,0,0.66650390625,295.1864929199219,0.42279052734375,316.9280090332031,444.8375549316406,20250225-162041
4611,240,0,0.8759765625,474.4778747558594,701.0458374023438,811.6594848632812,585.2803344726562,20250225-162041
4611,244,0,0.919921875,221.00869750976562,1667.0350341796875,252.2178955078125,847.8924560546875,20250225-162041
4612,239,0,0.22607421875,358.92791748046875,816.9345703125,174.09136962890625,136.55447387695312,20250225-162041
4612,228,0,0.36572265625,330.1038818359375,627.9248046875,120.28578186035156,115.6973648071289,20250225-162041
4612,233,0,0.447509765625,287.2094421386719,449.32958984375,154.224609375,133.5301055908203,20250225-162041
4612,241,0,0.607421875,276.15966796875,0.36449432373046875,316.8592224121094,430.51153564453125,20250225-162041
4612,240,0,0.880859375,447.7690124511719,705.2110595703125,811.943115234375,611.8870849609375,20250225-162041
4612,244,0,0.91796875,212.73487854003906,1683.55859375,236.0899658203125,853.850830078125,20250225-162041
4613,237,0,0.2108154296875,348.390380859375,725.7767944335938,233.208251953125,322.6854553222656,20250225-162041
4613,239,0,0.31396484375,347.576171875,838.9619750976562,114.90325927734375,138.39425659179688,20250225-162041
4613,233,0,0.357666015625,275.3087463378906,460.00872802734375,164.0614471435547,140.8854522705078,20250225-162041
4613,228,0,0.5322265625,319.4745178222656,643.6898803710938,120.80131530761719,154.77667236328125,20250225-162041
4613,241,0,0.56982421875,260.5187683105469,1.1478195190429688,346.7975158691406,328.6922607421875,20250225-162041
4613,210,0,0.67041015625,276.93511962890625,326.4310302734375,143.43746948242188,143.47337341308594,20250225-162041
4613,240,0,0.8818359375,427.74688720703125,725.0833740234375,795.1437377929688,627.6564331054688,20250225-162041
4613,244,0,0.9072265625,206.65223693847656,1694.1895751953125,225.646728515625,859.2785034179688,20250225-162041
4614,243,0,0.2705078125,217.9575958251953,1.4529876708984375,138.36837768554688,106.87220764160156,20250225-162041
4614,237,0,0.294921875,356.8628845214844,943.5686645507812,72.03561401367188,75.67134094238281,20250225-162041
4614,233,0,0.383056640625,266.627197265625,471.7569580078125,182.82522583007812,144.79946899414062,20250225-162041
4614,239,0,0.4091796875,341.2394714355469,843.4553833007812,118.93505859375,128.96121215820312,20250225-162041
4614,228,0,0.5185546875,310.3570251464844,659.8705444335938,178.8262939453125,155.1355743408203,20250225-162041
4614,210,0,0.7255859375,266.515625,341.1691589355469,139.20941162109375,140.3042449951172,20250225-162041
4614,241,0,0.77392578125,248.73287963867188,12.142295837402344,341.1875,336.4491882324219,20250225-162041
4614,244,0,0.8916015625,198.9404296875,1702.7420654296875,216.90435791015625,866.7938232421875,20250225-162041
4614,240,0,0.8935546875,423.0701904296875,727.8314208984375,801.7529296875,627.82275390625,20250225-162041
4615,237,0,0.32763671875,351.78570556640625,948.7672119140625,72.87826538085938,84.12999725341797,20250225-162041
4615,228,0,0.56591796875,305.3078918457031,668.2223510742188,120.92120361328125,123.2013931274414,20250225-162041
4615,243,0,0.60302734375,213.7030029296875,2.971446990966797,141.35601806640625,112.29278564453125,20250225-162041
4615,239,0,0.625,335.1669921875,859.0171508789062,108.75650024414062,124.41544342041016,20250225-162041
4615,233,0,0.64599609375,260.64263916015625,477.1007995605469,191.62925720214844,163.3509979248047,20250225-162041
4615,210,0,0.7734375,263.1303405761719,347.0310974121094,139.07693481445312,139.16909790039062,20250225-162041
4615,241,0,0.78515625,245.4580078125,19.990447998046875,329.3319091796875,339.59075927734375,20250225-162041
4615,236,0,0.89306640625,373.79315185546875,110.01608276367188,1414.0059814453125,697.6071166992188,20250225-162041
4615,244,0,0.89599609375,191.22305297851562,1709.395751953125,210.26605224609375,874.5414428710938,20250225-162041
4616,237,0,0.393310546875,352.1296691894531,948.6626586914062,73.21115112304688,84.9957275390625,20250225-162042
4616,243,0,0.393310546875,222.97804260253906,10.659610748291016,134.4410400390625,106.73653411865234,20250225-162042
4616,228,0,0.452392578125,308.7571105957031,666.4249877929688,179.4287109375,152.69407653808594,20250225-162042
4616,241,0,0.5390625,254.01043701171875,14.875808715820312,329.42767333984375,436.06427001953125,20250225-162042
4616,233,0,0.60302734375,264.4538269042969,477.7411193847656,177.2987823486328,174.32208251953125,20250225-162042
4616,210,0,0.62158203125,269.46746826171875,348.261962890625,137.73611450195312,147.0881805419922,20250225-162042
4616,239,0,0.66015625,335.4534912109375,854.00390625,113.719482421875,127.42269897460938,20250225-162042
4616,236,0,0.89111328125,385.6515808105469,111.79421997070312,1418.334716796875,686.8178100585938,20250225-162042
4616,244,0,0.89306640625,185.36099243164062,1712.9703369140625,206.68963623046875,881.3355102539062,20250225-162042
4617,243,0,0.2568359375,238.41461181640625,5.711036682128906,136.06649780273438,114.75135803222656,20250225-162042
4617,237,0,0.421630859375,358.2355651855469,943.0118408203125,76.38839721679688,90.32615661621094,20250225-162042
4617,228,0,0.55810546875,318.81121826171875,665.7225952148438,140.67095947265625,144.1195068359375,20250225-162042
4617,239,0,0.625,342.9256286621094,853.1976928710938,109.11016845703125,125.2983627319336,20250225-162042
4617,241,0,0.640625,273.71234130859375,14.988578796386719,319.5169372558594,346.80206298828125,20250225-162042
4617,233,0,0.67041015625,277.331298828125,474.2784118652344,176.3700714111328,192.68963623046875,20250225-162042
4617,210,0,0.7470703125,281.6847229003906,343.9540100097656,139.74728393554688,149.0994873046875,20250225-162042
4617,244,0,0.8916015625,171.50164794921875,1717.209228515625,202.26104736328125,895.3656616210938,20250225-162042
4617,240,0,0.8974609375,428.04656982421875,726.8779907226562,801.7772827148438,632.8972778320312,20250225-162042
4618,237,0,0.39599609375,361.81219482421875,942.8893432617188,77.0394287109375,94.38362884521484,20250225-162042
4618,228,0,0.4990234375,325.14599609375,665.0521240234375,186.03378295898438,149.67674255371094,20250225-162042
4618,241,0,0.62890625,289.5665588378906,16.623069763183594,315.5598449707031,339.10968017578125,20250225-162042
4618,239,0,0.65576171875,345.9833679199219,853.9037475585938,108.78680419921875,121.40287780761719,20250225-162042
4618,210,0,0.73876953125,293.3026123046875,345.8228759765625,135.88568115234375,141.66696166992188,20250225-162042
4618,233,0,0.79296875,287.3277282714844,478.97021484375,181.54161071777344,192.18934631347656,20250225-162042
4618,244,0,0.88720703125,173.0847930908203,1726.6959228515625,192.5819091796875,892.7568969726562,20250225-162042
4618,240,0,0.8916015625,433.27520751953125,727.4013061523438,811.5444946289062,629.2799072265625,20250225-162042
4619,236,0,0.2137451171875,428.8501281738281,122.33660888671875,944.1199951171875,640.8292846679688,20250225-162042
4619,237,0,0.3115234375,362.1295471191406,937.4360961914062,92.31253051757812,120.90325164794922,20250225-162042
4619,243,0,0.382080078125,263.8872985839844,14.931838989257812,133.50259399414062,107.6805648803711,20250225-162042
4619,228,0,0.416748046875,326.499755859375,669.7498779296875,174.09201049804688,147.13784790039062,20250225-162042
4619,239,0,0.56982421875,347.9612121582031,854.044921875,115.11428833007812,122.75187683105469,20250225-162042
4619,210,0,0.72802734375,298.1923828125,354.834716796875,132.81716918945312,136.66554260253906,20250225-162042
4619,241,0,0.73486328125,300.8245544433594,17.272064208984375,335.0118713378906,405.8849182128906,20250225-162042
4619,233,0,0.75341796875,293.4590759277344,481.63092041015625,180.42832946777344,189.08242797851562,20250225-162042
4619,240,0,0.87744140625,438.4608459472656,695.6812133789062,863.2681274414062,627.0202026367188,20250225-162042
4619,244,0,0.87939453125,160.23114013671875,1739.42626953125,179.9029541015625,906.62841796875,20250225-162042
4620,237,0,0.287841796875,364.4248352050781,941.5186157226562,151.77365112304688,158.84677124023438,20250225-162042
4620,243,0,0.290283203125,267.44293212890625,17.355239868164062,143.32672119140625,110.92256164550781,20250225-162042
4620,228,0,0.440673828125,328.3063659667969,678.8161010742188,184.47601318359375,158.6681365966797,20250225-162042
4620,239,0,0.529296875,351.4171142578125,862.341796875,115.51629638671875,124.67826080322266,20250225-162042
4620,244,0,0.67333984375,164.6884002685547,1761.1849365234375,157.8782958984375,902.1581420898438,20250225-162042
4620,210,0,0.69775390625,300.2650451660156,367.74749755859375,131.41058349609375,135.8732452392578,20250225-162042
4620,241,0,0.74462890625,306.5573425292969,36.88307189941406,330.13787841796875,410.91046142578125,20250225-162042
4620,233,0,0.77978515625,298.2025451660156,493.0389404296875,174.72743225097656,189.3752899169922,20250225-162042
4620,240,0,0.87890625,451.0086669921875,697.1516723632812,883.9306640625,618.5160522460938,20250225-162042
4621,237,0,0.206298828125,366.6284484863281,956.4380493164062,165.34075927734375,139.4094696044922,20250225-162042
4621,228,0,0.384033203125,331.1054382324219,699.3790283203125,175.68218994140625,143.6619415283203,20250225-162042
4621,243,0,0.455078125,134.47686767578125,0.0,129.65151977539062,204.53701782226562,20250225-162042
4621,239,0,0.53125,352.8966064453125,868.0698852539062,122.98379516601562,124.34721374511719,20250225-162042
4621,210,0,0.6943359375,302.8039855957031,379.3274230957031,138.58941650390625,136.22291564941406,20250225-162042
4621,244,0,0.69921875,178.1754150390625,1782.978515625,135.99627685546875,883.0763549804688,20250225-162042
4621,240,0,0.7099609375,456.6297302246094,763.3751220703125,602.6054077148438,613.6495971679688,20250225-162042
4621,241,0,0.78271484375,308.64166259765625,57.95146179199219,315.6330871582031,407.484375,20250225-162042
4621,233,0,0.78515625,298.5730895996094,505.92315673828125,175.87376403808594,183.2056427001953,20250225-162042
4621,236,0,0.8896484375,451.8791809082031,163.02117919921875,964.1273803710938,619.9471435546875,20250225-162042
4622,243,0,0.31494140625,132.56039428710938,22.234050750732422,120.3871078491211,201.37965393066406,20250225-162042
4622,228,0,0.32763671875,330.3287658691406,702.903076171875,155.3953857421875,126.00614929199219,20250225-162042
4622,237,0,0.37841796875,366.974609375,982.9418334960938,189.61770629882812,134.1326446533203,20250225-162042
4622,239,0,0.5,353.48712158203125,898.66552734375,131.62637329101562,138.00759887695312,20250225-162042
4622,210,0,0.66357421875,297.6741027832031,403.822021484375,135.8433837890625,138.0823516845703,20250225-162042
4622,241,0,0.73779296875,303.4784240722656,88.9815673828125,312.1031799316406,409.9010314941406,20250225-162042
4622,244,0,0.73876953125,347.42364501953125,1810.083251953125,108.98748779296875,715.0907592773438,20250225-162042
4622,233,0,0.7529296875,296.0394287109375,520.3660888671875,185.2997589111328,185.42893981933594,20250225-162042
4622,240,0,0.8779296875,460.7542724609375,773.9738159179688,603.4788208007812,613.8833618164062,20250225-162042
4622,236,0,0.90234375,461.3580627441406,187.59237670898438,921.2363891601562,610.998291015625,20250225-162042
4623,243,0,0.248046875,130.2138214111328,44.00666046142578,129.30601501464844,201.329833984375,20250225-162042
4623,228,0,0.4072265625,328.2530212402344,739.4588012695312,124.45806884765625,115.60218048095703,20250225-162042
4623,237,0,0.5009765625,369.7692565917969,994.7808837890625,191.59890747070312,139.2335968017578,20250225-162042
4623,239,0,0.55712890625,355.6428527832031,920.1903076171875,113.2529296875,137.5699005126953,20250225-162042
4623,241,0,0.587890625,299.0367126464844,101.76974487304688,318.89739990234375,398.97039794921875,20250225-162042
4623,210,0,0.71240234375,296.83306884765625,424.6959228515625,135.00819396972656,135.09442138671875,20250225-162042
4623,244,0,0.7216796875,380.17431640625,1826.2789306640625,92.761962890625,692.05419921875,20250225-162042
4623,240,0,0.75927734375,469.09521484375,789.948486328125,600.6390380859375,605.2852783203125,20250225-162042
4623,233,0,0.806640625,294.81939697265625,549.0225830078125,171.98277282714844,196.68145751953125,20250225-162042
4623,236,0,0.89208984375,466.68548583984375,205.5281982421875,785.6744384765625,603.9661865234375,20250225-162042
4624,243,0,0.326904296875,125.73487854003906,57.12297821044922,124.14761352539062,200.22067260742188,20250225-162042
4624,237,0,0.42431640625,372.4412536621094,1001.3322143554688,196.7706298828125,149.41041564941406,20250225-162042
4624,239,0,0.56689453125,360.85565185546875,934.11181640625,112.06988525390625,146.34677124023438,20250225-162042
4624,210,0,0.5830078125,296.02166748046875,437.631591796875,133.47413635253906,136.02377319335938,20250225-162042
4624,241,0,0.65673828125,302.4140319824219,120.12171936035156,328.8970642089844,312.5180358886719,20250225-162042
4624,228,0,0.7333984375,328.8002014160156,747.7077026367188,178.36431884765625,159.8086700439453,20250225-162042
4624,244,0,0.736328125,410.48199462890625,1838.317138671875,80.786865234375,661.228271484375,20250225-162042
4624,233,0,0.8232421875,296.4573059082031,562.839599609375,168.67135620117188,206.21664428710938,20250225-162042
4624,240,0,0.87890625,477.55938720703125,743.061767578125,655.9273681640625,595.8407592773438,20250225-162042
4624,236,0,0.92626953125,491.8101806640625,222.97604370117188,755.761962890625,579.9904174804688,20250225-162042
4625,243,0,0.23095703125,117.7889175415039,72.15742492675781,124.43563842773438,194.82965087890625,20250225-162042
4625,244,0,0.28466796875,435.16021728515625,1875.242431640625,44.240478515625,623.6697998046875,20250225-162042
4625,237,0,0.406494140625,369.690185546875,1020.1080322265625,160.32138061523438,166.2279052734375,20250225-162042
4625,239,0,0.4912109375,358.1742858886719,939.9041748046875,115.41943359375,156.72991943359375,20250225-162042
4625,228,0,0.49609375,325.706787109375,750.533935546875,126.54400634765625,130.98361206054688,20250225-162042
4625,241,0,0.62255859375,300.5287170410156,131.85855102539062,328.6065673828125,401.3770751953125,20250225-162042
4625,233,0,0.85107421875,291.75714111328125,571.9029541015625,182.297607421875,209.8380126953125,20250225-162042
4625,240,0,0.892578125,478.3433837890625,794.2600708007812,607.0435180664062,594.5165405273438,20250225-162042
4625,236,0,0.92626953125,505.8199462890625,235.77108764648438,761.619384765625,565.6424560546875,20250225-162042
4626,210,0,0.2017822265625,267.240234375,461.8671569824219,145.86790466308594,163.4324493408203,20250225-162042
4626,239,0,0.26123046875,346.5873107910156,958.6693725585938,170.4239501953125,151.89114379882812,20250225-162042
4626,228,0,0.4853515625,304.0313415527344,756.2828979492188,134.96923828125,161.072265625,20250225-162042
4626,241,0,0.5908203125,286.00115966796875,146.2158966064453,322.8621826171875,398.9233703613281,20250225-162042
4626,233,0,0.62451171875,272.2789001464844,572.7020874023438,196.67266845703125,219.71778869628906,20250225-162042
4626,240,0,0.8134765625,466.1844177246094,835.2486572265625,596.01416015625,605.9548950195312,20250225-162042
4626,236,0,0.890625,494.5790100097656,258.51708984375,786.4698486328125,577.5686645507812,20250225-162042
4627,210,0,0.26806640625,243.80091857910156,490.072998046875,146.69151306152344,149.3079376220703,20250225-162042
4627,228,0,0.42529296875,281.58172607421875,784.0691528320312,141.34213256835938,144.5636444091797,20250225-162042
4627,241,0,0.52734375,257.76690673828125,181.30307006835938,326.2445983886719,406.34307861328125,20250225-162042
4627,233,0,0.68603515625,249.24868774414062,597.659912109375,201.99334716796875,224.8683624267578,20250225-162042
4627,240,0,0.83154296875,317.916015625,852.3175048828125,606.84912109375,752.7406005859375,20250225-162042
4627,236,0,0.8642578125,484.6737976074219,282.432861328125,782.9615478515625,586.935302734375,20250225-162042
4628,237,0,0.259765625,312.32421875,1018.76025390625,191.16302490234375,157.93292236328125,20250225-162042
4628,228,0,0.271240234375,276.60809326171875,857.3150024414062,104.42578125,113.17840576171875,20250225-162042
4628,210,0,0.3310546875,234.55319213867188,523.5059814453125,157.73895263671875,263.66949462890625,20250225-162042
4628,241,0,0.391357421875,248.62979125976562,145.7358856201172,430.9522705078125,412.8240661621094,20250225-162042
4628,240,0,0.56005859375,388.17340087890625,863.9197998046875,548.882080078125,681.7509155273438,20250225-162042
4628,233,0,0.607421875,243.26687622070312,649.8411865234375,180.35787963867188,204.24644470214844,20250225-162042
4628,236,0,0.86962890625,475.4236145019531,323.6366271972656,740.5156860351562,596.802734375,20250225-162042
4629,241,0,0.32177734375,256.1414794921875,277.21728515625,348.08514404296875,394.2618103027344,20250225-162042
4629,233,0,0.394287109375,253.89276123046875,699.7476196289062,173.96685791015625,187.07940673828125,20250225-162042
4629,240,0,0.43115234375,336.36798095703125,892.2434692382812,475.8382873535156,730.5072021484375,20250225-162042
4629,236,0,0.83544921875,497.1208801269531,376.2916564941406,651.1314697265625,573.8880004882812,20250225-162042
4630,210,0,0.2281494140625,256.8698425292969,636.2733764648438,139.45147705078125,186.26190185546875,20250225-162042
4630,240,0,0.307373046875,353.0610046386719,1095.766357421875,308.8707275390625,512.6651611328125,20250225-162042
4630,233,0,0.3115234375,268.91180419921875,758.6376342773438,159.86663818359375,186.98562622070312,20250225-162042
4630,236,0,0.7841796875,521.0240478515625,429.1519775390625,602.50927734375,549.7867431640625,20250225-162042
