frame_num,object_id,class_id,confidence,top,left,width,height,timestamp
0,18446744073709551615,0,0.25390625,663.1365966796875,1641.462158203125,109.53680419921875,108.11965942382812,20250225-155351
0,18446744073709551615,0,0.3056640625,831.21337890625,1853.1214599609375,66.1944580078125,243.02764892578125,20250225-155351
0,18446744073709551615,0,0.361083984375,613.1405639648438,1295.391357421875,233.35272216796875,183.680419921875,20250225-155351
0,18446744073709551615,0,0.42626953125,658.0167846679688,487.421630859375,85.235595703125,165.58859252929688,20250225-155351
0,18446744073709551615,0,0.4560546875,601.7221069335938,1661.775146484375,257.25567626953125,183.0135498046875,20250225-155351
0,18446744073709551615,0,0.56884765625,708.6866455078125,1519.541748046875,70.916748046875,66.07168579101562,20250225-155351
0,18446744073709551615,0,0.7890625,634.2315673828125,190.27340698242188,273.70111083984375,341.92181396484375,20250225-155351
0,18446744073709551615,0,0.822265625,645.4257202148438,543.5612182617188,173.12667846679688,176.06195068359375,20250225-155351
0,18446744073709551615,0,0.9150390625,504.8975830078125,0.86077880859375,406.0901184082031,563.8099365234375,20250225-155351
0,18446744073709551615,0,0.92431640625,69.59243774414062,435.98419189453125,1228.109619140625,997.9048461914062,20250225-155351
1,18446744073709551615,0,0.32421875,834.0732421875,1854.7353515625,64.66644287109375,240.43359375,20250225-155351
1,18446744073709551615,0,0.42626953125,657.385986328125,428.68109130859375,143.2166748046875,166.44827270507812,20250225-155351
1,18446744073709551615,0,0.5263671875,601.4581298828125,1643.465087890625,275.394287109375,183.6339111328125,20250225-155351
1,18446744073709551615,0,0.56396484375,708.971923828125,1521.578125,59.75848388671875,66.51150512695312,20250225-155351
1,18446744073709551615,0,0.57568359375,615.114990234375,1296.9609375,241.008544921875,189.779296875,20250225-155351
1,18446744073709551615,0,0.82373046875,645.4974975585938,544.3734130859375,172.0521697998047,176.44070434570312,20250225-155351
1,18446744073709551615,0,0.8984375,514.1515502929688,0.723541259765625,406.3685302734375,556.2996826171875,20250225-155351
1,18446744073709551615,0,0.91259765625,66.61953735351562,435.93511962890625,1233.07861328125,1000.843505859375,20250225-155351
2,18446744073709551615,0,0.264404296875,672.3480834960938,716.7255249023438,55.31158447265625,27.352935791015625,20250225-155351
2,18446744073709551615,0,0.359375,837.7670288085938,1856.450439453125,63.0428466796875,234.38864135742188,20250225-155351
2,18446744073709551615,0,0.4833984375,601.5803833007812,1642.442626953125,276.39404296875,182.6590576171875,20250225-155351
2,18446744073709551615,0,0.537109375,615.1007080078125,1295.82080078125,237.47369384765625,185.30758666992188,20250225-155351
2,18446744073709551615,0,0.54296875,708.6103515625,1522.3076171875,90.4310302734375,68.18719482421875,20250225-155351
2,18446744073709551615,0,0.59716796875,657.2518310546875,492.125244140625,81.33494567871094,169.14825439453125,20250225-155351
2,18446744073709551615,0,0.8310546875,646.0499267578125,547.1134643554688,170.5972137451172,174.6331787109375,20250225-155351
2,18446744073709551615,0,0.904296875,518.4849243164062,0.84686279296875,405.37371826171875,550.812255859375,20250225-155351
2,18446744073709551615,0,0.916015625,74.92657470703125,435.06256103515625,1229.1884765625,992.6275634765625,20250225-155351
3,18446744073709551615,0,0.30908203125,843.2005615234375,1858.7091064453125,60.74285888671875,231.96807861328125,20250225-155351
3,18446744073709551615,0,0.361083984375,615.20361328125,1299.8221435546875,219.73471069335938,169.37823486328125,20250225-155351
3,18446744073709551615,0,0.382080078125,600.9453735351562,1640.9326171875,278.97528076171875,307.2411804199219,20250225-155351
3,18446744073709551615,0,0.46484375,657.2184448242188,488.6192321777344,85.09199523925781,167.98388671875,20250225-155351
3,18446744073709551615,0,0.4921875,708.6688232421875,1520.9490966796875,91.1444091796875,66.018310546875,20250225-155351
3,18446744073709551615,0,0.83203125,645.3717041015625,549.4708251953125,166.49853515625,175.61801147460938,20250225-155351
3,18446744073709551615,0,0.90087890625,516.533447265625,1.1114501953125,407.16436767578125,553.4622802734375,20250225-155351
3,18446744073709551615,0,0.92041015625,67.39288330078125,435.09576416015625,1229.189697265625,1000.1341552734375,20250225-155351
4,18446744073709551615,0,0.2037353515625,662.9910278320312,1660.0001220703125,87.778564453125,95.87841796875,20250225-155351
4,18446744073709551615,0,0.32763671875,707.166748046875,1519.9954833984375,57.8375244140625,69.44879150390625,20250225-155351
4,18446744073709551615,0,0.418701171875,863.2963256835938,1864.7691650390625,54.65350341796875,211.88525390625,20250225-155351
4,18446744073709551615,0,0.478515625,657.2711791992188,491.069091796875,81.21794128417969,168.59820556640625,20250225-155351
4,18446744073709551615,0,0.5048828125,615.670166015625,1302.26806640625,216.13961791992188,167.38705444335938,20250225-155351
4,18446744073709551615,0,0.56298828125,601.507568359375,1642.915771484375,276.06591796875,348.59637451171875,20250225-155351
4,18446744073709551615,0,0.8310546875,644.6141967773438,545.0037841796875,170.50978088378906,177.08267211914062,20250225-155351
4,18446744073709551615,0,0.90673828125,508.4894714355469,1.035736083984375,406.79132080078125,560.2340698242188,20250225-155351
4,18446744073709551615,0,0.91943359375,65.55642700195312,434.29522705078125,1233.6015625,1001.767822265625,20250225-155351
5,18446744073709551615,0,0.2568359375,660.2025146484375,1685.6810302734375,63.88238525390625,92.99459838867188,20250225-155351
5,18446744073709551615,0,0.280517578125,931.9044189453125,1874.666015625,44.39794921875,145.50091552734375,20250225-155351
5,18446744073709551615,0,0.3603515625,618.47900390625,1305.09912109375,253.87701416015625,262.9336853027344,20250225-155351
5,18446744073709551615,0,0.43115234375,707.0906982421875,1522.5751953125,51.80621337890625,69.62667846679688,20250225-155351
5,18446744073709551615,0,0.498046875,658.5975952148438,489.5072937011719,83.18513488769531,167.18563842773438,20250225-155351
5,18446744073709551615,0,0.51171875,601.3211669921875,1643.7601318359375,276.14520263671875,183.50262451171875,20250225-155351
5,18446744073709551615,0,0.8388671875,645.7589721679688,545.8851318359375,166.89395141601562,175.47756958007812,20250225-155351
5,18446744073709551615,0,0.84521484375,632.6165771484375,194.45425415039062,268.0767517089844,340.41558837890625,20250225-155351
5,18446744073709551615,0,0.9091796875,492.3673095703125,1.2133941650390625,412.49261474609375,575.9759521484375,20250225-155351
5,18446744073709551615,0,0.92431640625,76.23870849609375,437.73248291015625,1234.2183837890625,990.4839477539062,20250225-155351
6,18446744073709551615,0,0.25830078125,670.8785400390625,709.2840576171875,52.05665588378906,28.40972900390625,20250225-155351
6,18446744073709551615,0,0.269775390625,660.702392578125,1652.98193359375,97.6505126953125,106.65371704101562,20250225-155351
6,18446744073709551615,0,0.2861328125,615.6161499023438,1337.260986328125,135.66970825195312,104.28305053710938,20250225-155351
6,18446744073709551615,0,0.33984375,641.2320556640625,1426.8145751953125,114.08203125,165.81509399414062,20250225-155351
6,18446744073709551615,0,0.383056640625,948.920654296875,1877.589111328125,41.63214111328125,129.84228515625,20250225-155351
6,18446744073709551615,0,0.406494140625,705.2176513671875,1522.009521484375,93.74688720703125,70.18157958984375,20250225-155351
6,18446744073709551615,0,0.444580078125,657.356689453125,483.7636413574219,87.17472839355469,166.81411743164062,20250225-155351
6,18446744073709551615,0,0.462890625,601.6005249023438,1647.1527099609375,271.85101318359375,371.36865234375,20250225-155351
6,18446744073709551615,0,0.833984375,645.0349731445312,545.1854248046875,167.09756469726562,176.657958984375,20250225-155351
6,18446744073709551615,0,0.85498046875,632.1573486328125,191.29440307617188,271.59820556640625,339.2941589355469,20250225-155351
6,18446744073709551615,0,0.9140625,485.03851318359375,1.0311126708984375,413.16326904296875,583.0079956054688,20250225-155351
6,18446744073709551615,0,0.92822265625,67.06201171875,440.655029296875,1228.692626953125,999.5048217773438,20250225-155351
7,18446744073709551615,0,0.248046875,658.3895874023438,1655.362060546875,92.36297607421875,106.48178100585938,20250225-155351
7,18446744073709551615,0,0.254638671875,669.6932373046875,707.4173583984375,54.62727355957031,26.656219482421875,20250225-155351
7,18446744073709551615,0,0.316650390625,615.3876342773438,1337.7763671875,200.47064208984375,181.72100830078125,20250225-155351
7,18446744073709551615,0,0.352294921875,952.28125,1882.6475830078125,36.664306640625,126.12835693359375,20250225-155351
7,18446744073709551615,0,0.442626953125,703.644287109375,1522.7696533203125,93.69131469726562,71.24349975585938,20250225-155351
7,18446744073709551615,0,0.4580078125,601.3873901367188,1643.5009765625,275.5074462890625,184.86959838867188,20250225-155351
7,18446744073709551615,0,0.4736328125,656.5838012695312,485.8380432128906,85.84519958496094,167.75875854492188,20250225-155351
7,18446744073709551615,0,0.83642578125,644.8049926757812,546.4803466796875,166.0026397705078,176.86276245117188,20250225-155351
7,18446744073709551615,0,0.84521484375,632.580810546875,204.33041381835938,259.6297302246094,338.30841064453125,20250225-155351
7,18446744073709551615,0,0.916015625,480.365478515625,1.02813720703125,412.938720703125,587.67529296875,20250225-155351
7,18446744073709551615,0,0.9267578125,66.501708984375,443.25457763671875,1227.431884765625,1000.2379760742188,20250225-155351
8,18446744073709551615,0,0.25537109375,704.2432250976562,1498.146484375,118.22323608398438,115.9764404296875,20250225-155351
8,18446744073709551615,0,0.275146484375,660.117431640625,1642.5419921875,105.70751953125,111.712646484375,20250225-155351
8,18446744073709551615,0,0.312255859375,615.79541015625,1337.7857666015625,191.253662109375,172.92169189453125,20250225-155351
8,18446744073709551615,0,0.4638671875,657.2274169921875,475.30352783203125,94.95455932617188,167.151123046875,20250225-155351
8,18446744073709551615,0,0.5107421875,601.6646118164062,1648.196044921875,270.73773193359375,184.932861328125,20250225-155351
8,18446744073709551615,0,0.8173828125,644.473388671875,546.753662109375,165.7140655517578,177.4742431640625,20250225-155351
8,18446744073709551615,0,0.84912109375,632.4867553710938,206.7318878173828,258.11328125,338.4517822265625,20250225-155351
8,18446744073709551615,0,0.91845703125,480.999755859375,1.01861572265625,418.2218017578125,586.897705078125,20250225-155351
8,18446744073709551615,0,0.92822265625,65.97720336914062,445.1756591796875,1223.32470703125,1000.695556640625,20250225-155351
9,18446744073709551615,0,0.3408203125,705.5526123046875,1497.041748046875,74.4488525390625,112.48443603515625,20250225-155351
9,18446744073709551615,0,0.42919921875,667.3046264648438,707.894287109375,56.802703857421875,30.995635986328125,20250225-155351
9,18446744073709551615,0,0.466796875,657.2625732421875,483.5826416015625,86.88999938964844,167.10525512695312,20250225-155351
9,18446744073709551615,0,0.51171875,601.6453857421875,1643.64111328125,275.37103271484375,185.41030883789062,20250225-155351
9,18446744073709551615,0,0.56005859375,617.4759521484375,1324.66943359375,204.5277099609375,171.5233154296875,20250225-155351
9,18446744073709551615,0,0.8271484375,633.1561889648438,200.66331481933594,263.0806884765625,340.67779541015625,20250225-155351
9,18446744073709551615,0,0.83837890625,644.9540405273438,545.118896484375,166.92713928222656,177.0574951171875,20250225-155351
9,18446744073709551615,0,0.91748046875,485.6143798828125,0.8279571533203125,417.8731384277344,582.8775634765625,20250225-155351
9,18446744073709551615,0,0.92626953125,63.150054931640625,445.4029541015625,1226.630126953125,1003.5208740234375,20250225-155351
10,18446744073709551615,0,0.291748046875,661.90234375,1675.85009765625,78.74176025390625,87.47772216796875,20250225-155351
10,18446744073709551615,0,0.405517578125,667.215087890625,708.4522705078125,54.76368713378906,30.721527099609375,20250225-155351
10,18446744073709551615,0,0.4658203125,705.4327392578125,1497.0523681640625,74.4488525390625,113.72039794921875,20250225-155351
10,18446744073709551615,0,0.556640625,657.6767578125,458.1038818359375,113.92689514160156,167.97903442382812,20250225-155351
10,18446744073709551615,0,0.56298828125,617.044677734375,1336.0689697265625,192.88760375976562,171.16278076171875,20250225-155351
10,18446744073709551615,0,0.65576171875,601.7801513671875,1644.04541015625,274.9266357421875,184.67001342773438,20250225-155351
10,18446744073709551615,0,0.8203125,632.7892456054688,198.27017211914062,265.82867431640625,340.6308288574219,20250225-155351
10,18446744073709551615,0,0.84375,644.9573364257812,545.9362182617188,167.09051513671875,177.07406616210938,20250225-155351
10,18446744073709551615,0,0.91845703125,487.80963134765625,1.020355224609375,415.52227783203125,580.5870361328125,20250225-155351
10,18446744073709551615,0,0.92822265625,62.02565002441406,443.20941162109375,1225.2645263671875,1004.88720703125,20250225-155351
11,18446744073709551615,0,0.282958984375,661.40478515625,1671.162353515625,83.94580078125,91.82363891601562,20250225-155351
11,18446744073709551615,0,0.352294921875,667.2440185546875,708.1547241210938,56.442352294921875,31.176910400390625,20250225-155351
11,18446744073709551615,0,0.43212890625,705.43896484375,1498.35107421875,73.66094970703125,111.24462890625,20250225-155351
11,18446744073709551615,0,0.5068359375,657.6329956054688,462.9931640625,107.9271240234375,166.56436157226562,20250225-155351
11,18446744073709551615,0,0.6103515625,617.7467651367188,1335.9085693359375,193.24246215820312,172.02603149414062,20250225-155351
11,18446744073709551615,0,0.662109375,601.4507446289062,1644.5687255859375,274.389404296875,182.044189453125,20250225-155351
11,18446744073709551615,0,0.82861328125,633.12646484375,202.97616577148438,261.86590576171875,340.09478759765625,20250225-155351
11,18446744073709551615,0,0.8408203125,644.4673461914062,546.0009765625,166.7925567626953,176.92703247070312,20250225-155351
11,18446744073709551615,0,0.92041015625,488.06854248046875,0.828460693359375,415.43389892578125,580.2460327148438,20250225-155351
11,18446744073709551615,0,0.92919921875,63.707794189453125,443.6217041015625,1222.3282470703125,1003.4767456054688,20250225-155351
12,18446744073709551615,0,0.322509765625,659.9110107421875,1687.950439453125,65.35272216796875,84.47689819335938,20250225-155351
12,18446744073709551615,0,0.355712890625,667.1544189453125,708.8358154296875,56.52667236328125,29.8494873046875,20250225-155351
12,18446744073709551615,0,0.48046875,705.8984375,1499.416015625,72.90618896484375,112.25390625,20250225-155351
12,18446744073709551615,0,0.552734375,658.0054321289062,469.65655517578125,101.59272766113281,167.63516235351562,20250225-155351
12,18446744073709551615,0,0.638671875,616.1035766601562,1337.481201171875,192.85665893554688,171.35531616210938,20250225-155351
12,18446744073709551615,0,0.796875,602.2481689453125,1643.5477294921875,275.33880615234375,180.9334716796875,20250225-155351
12,18446744073709551615,0,0.83349609375,633.1729736328125,199.77053833007812,265.502197265625,340.95098876953125,20250225-155351
12,18446744073709551615,0,0.8388671875,644.806884765625,546.8589477539062,166.08705139160156,176.4027099609375,20250225-155351
12,18446744073709551615,0,0.9189453125,487.31396484375,1.013397216796875,415.32879638671875,581.1885986328125,20250225-155351
12,18446744073709551615,0,0.93310546875,64.25592041015625,442.75616455078125,1227.970703125,1002.739013671875,20250225-155351
13,18446744073709551615,0,0.264404296875,661.2500610351562,1684.751220703125,66.7745361328125,86.2789306640625,20250225-155351
13,18446744073709551615,0,0.37939453125,667.9718017578125,709.6541748046875,55.958770751953125,29.60906982421875,20250225-155351
13,18446744073709551615,0,0.443603515625,704.4320068359375,1498.710693359375,73.35955810546875,113.37213134765625,20250225-155351
13,18446744073709551615,0,0.474609375,618.40380859375,1338.9473876953125,195.87716674804688,170.7279052734375,20250225-155351
13,18446744073709551615,0,0.5087890625,657.9658813476562,470.5888366699219,98.97624206542969,166.0264892578125,20250225-155351
13,18446744073709551615,0,0.83642578125,633.5474853515625,204.1244659423828,260.5855712890625,340.239990234375,20250225-155351
13,18446744073709551615,0,0.83740234375,603.2704467773438,1641.709228515625,277.2498779296875,179.41140747070312,20250225-155351
13,18446744073709551615,0,0.8447265625,645.044677734375,547.1094970703125,166.33438110351562,176.62161254882812,20250225-155351
13,18446744073709551615,0,0.91943359375,486.3614501953125,1.015594482421875,415.31744384765625,582.0082397460938,20250225-155351
13,18446744073709551615,0,0.9306640625,65.76278686523438,442.93865966796875,1228.42822265625,1001.34228515625,20250225-155351
14,18446744073709551615,0,0.417724609375,659.3243408203125,1689.2962646484375,62.60614013671875,83.27352905273438,20250225-155351
14,18446744073709551615,0,0.441650390625,667.6204833984375,709.9766845703125,56.01960754394531,30.578887939453125,20250225-155351
14,18446744073709551615,0,0.4677734375,618.3634643554688,1337.1170654296875,194.21859741210938,170.28341674804688,20250225-155351
14,18446744073709551615,0,0.4794921875,658.229736328125,465.48724365234375,103.682373046875,165.7587890625,20250225-155351
14,18446744073709551615,0,0.5322265625,703.736328125,1498.950927734375,73.93121337890625,115.0177001953125,20250225-155351
14,18446744073709551615,0,0.82373046875,633.8270874023438,202.29803466796875,262.66827392578125,340.9355163574219,20250225-155351
14,18446744073709551615,0,0.845703125,645.6736450195312,546.4718017578125,167.15464782714844,176.34530639648438,20250225-155351
14,18446744073709551615,0,0.8583984375,602.9830322265625,1642.66552734375,276.19793701171875,179.12530517578125,20250225-155351
14,18446744073709551615,0,0.9189453125,486.10345458984375,1.0206298828125,415.4332580566406,582.5798950195312,20250225-155351
14,18446744073709551615,0,0.92919921875,65.22377014160156,442.88507080078125,1227.5693359375,1001.710693359375,20250225-155351
15,18446744073709551615,0,0.2401123046875,704.7015380859375,1530.281005859375,80.990478515625,70.92855834960938,20250225-155352
15,18446744073709551615,0,0.326904296875,703.5103759765625,1500.25244140625,71.36846923828125,113.56402587890625,20250225-155352
15,18446744073709551615,0,0.345947265625,617.751953125,1340.6326904296875,190.77639770507812,170.7008056640625,20250225-155352
15,18446744073709551615,0,0.420654296875,659.7669677734375,1687.062744140625,65.0357666015625,84.18438720703125,20250225-155352
15,18446744073709551615,0,0.5146484375,667.0028076171875,710.0928344726562,57.006500244140625,29.96502685546875,20250225-155352
15,18446744073709551615,0,0.51953125,657.7203369140625,468.4595031738281,103.55667114257812,167.98178100585938,20250225-155352
15,18446744073709551615,0,0.84814453125,645.6040649414062,546.24853515625,167.41859436035156,175.71267700195312,20250225-155352
15,18446744073709551615,0,0.85302734375,603.3587036132812,1643.5645751953125,275.57757568359375,178.78298950195312,20250225-155352
15,18446744073709551615,0,0.85302734375,633.4700317382812,201.24417114257812,264.8066711425781,338.7069396972656,20250225-155352
15,18446744073709551615,0,0.916015625,485.001708984375,1.2921295166015625,414.909423828125,583.872314453125,20250225-155352
15,18446744073709551615,0,0.92822265625,68.58929443359375,443.594970703125,1226.063720703125,998.4157104492188,20250225-155352
16,18446744073709551615,0,0.294921875,702.4207763671875,1499.956298828125,73.976806640625,117.22018432617188,20250225-155352
16,18446744073709551615,0,0.315673828125,659.0921630859375,1687.2586669921875,64.49761962890625,87.31301879882812,20250225-155352
16,18446744073709551615,0,0.320068359375,618.3304443359375,1327.789306640625,214.37860107421875,176.990478515625,20250225-155352
16,18446744073709551615,0,0.51171875,657.359619140625,468.3641052246094,104.53038024902344,168.585205078125,20250225-155352
16,18446744073709551615,0,0.56103515625,666.288818359375,709.8885498046875,59.58782958984375,31.755615234375,20250225-155352
16,18446744073709551615,0,0.83935546875,633.54931640625,198.50967407226562,266.689697265625,339.9489440917969,20250225-155352
16,18446744073709551615,0,0.84716796875,645.146484375,546.9046630859375,166.04232788085938,176.32736206054688,20250225-155352
16,18446744073709551615,0,0.8583984375,603.5865478515625,1643.1881103515625,275.77056884765625,179.10809326171875,20250225-155352
16,18446744073709551615,0,0.916015625,484.909423828125,1.195953369140625,418.0771179199219,583.6799926757812,20250225-155352
16,18446744073709551615,0,0.92919921875,63.68028259277344,443.3052978515625,1225.472412109375,1003.12939453125,20250225-155352
17,18446744073709551615,0,0.310791015625,703.798828125,1499.253173828125,74.45965576171875,116.19039916992188,20250225-155352
17,18446744073709551615,0,0.33984375,658.9892578125,1686.7891845703125,64.59686279296875,87.25625610351562,20250225-155352
17,18446744073709551615,0,0.4091796875,618.1104125976562,1310.20361328125,232.2850341796875,180.72628784179688,20250225-155352
17,18446744073709551615,0,0.5244140625,665.69091796875,710.5836181640625,58.639068603515625,32.68597412109375,20250225-155352
17,18446744073709551615,0,0.55712890625,657.4092407226562,477.028564453125,94.77108764648438,168.34249877929688,20250225-155352
17,18446744073709551615,0,0.85302734375,645.4608764648438,546.2203369140625,167.15867614746094,176.37295532226562,20250225-155352
17,18446744073709551615,0,0.861328125,603.1497802734375,1643.3902587890625,275.85809326171875,180.91864013671875,20250225-155352
17,18446744073709551615,0,0.8623046875,634.0805053710938,200.74790954589844,264.42340087890625,339.1553649902344,20250225-155352
17,18446744073709551615,0,0.91455078125,485.02130126953125,1.017333984375,417.10406494140625,583.0541381835938,20250225-155352
17,18446744073709551615,0,0.92919921875,62.02455139160156,444.63006591796875,1225.029296875,1004.851318359375,20250225-155352
18,18446744073709551615,0,0.33447265625,706.9407348632812,1499.561767578125,72.711181640625,112.62130737304688,20250225-155352
18,18446744073709551615,0,0.341552734375,659.5916748046875,1687.16748046875,64.17535400390625,84.24224853515625,20250225-155352
18,18446744073709551615,0,0.454345703125,618.46875,1312.2008056640625,226.1612548828125,172.99227905273438,20250225-155352
18,18446744073709551615,0,0.4755859375,658.1435546875,476.7673645019531,93.69712829589844,166.0521240234375,20250225-155352
18,18446744073709551615,0,0.54296875,666.220458984375,711.002685546875,60.070037841796875,29.739349365234375,20250225-155352
18,18446744073709551615,0,0.84130859375,604.0755615234375,1644.243896484375,274.915283203125,180.97036743164062,20250225-155352
18,18446744073709551615,0,0.8515625,645.6154174804688,546.4052124023438,167.13455200195312,176.2119140625,20250225-155352
18,18446744073709551615,0,0.85986328125,633.3693237304688,203.3836669921875,262.5069580078125,337.3244934082031,20250225-155352
18,18446744073709551615,0,0.91943359375,483.89337158203125,1.392333984375,415.57598876953125,584.2238159179688,20250225-155352
18,18446744073709551615,0,0.93115234375,62.93971252441406,444.144287109375,1227.2255859375,1004.1580810546875,20250225-155352
19,18446744073709551615,0,0.2371826171875,708.9466552734375,1524.2581787109375,50.5477294921875,72.61953735351562,20250225-155352
19,18446744073709551615,0,0.337158203125,618.6084594726562,1310.336669921875,240.27557373046875,183.11306762695312,20250225-155352
19,18446744073709551615,0,0.34521484375,661.1317749023438,1678.373291015625,72.73443603515625,87.42416381835938,20250225-155352
19,18446744073709551615,0,0.4794921875,665.72607421875,711.2532348632812,62.193328857421875,30.922760009765625,20250225-155352
19,18446744073709551615,0,0.49609375,658.0303344726562,479.2999267578125,89.94076538085938,166.08673095703125,20250225-155352
19,18446744073709551615,0,0.84912109375,645.2188720703125,546.0679321289062,167.2093048095703,176.79290771484375,20250225-155352
19,18446744073709551615,0,0.85791015625,604.4478149414062,1642.52197265625,276.5277099609375,178.69253540039062,20250225-155352
19,18446744073709551615,0,0.86474609375,634.2507934570312,201.97732543945312,262.3211975097656,337.43060302734375,20250225-155352
19,18446744073709551615,0,0.91943359375,484.48297119140625,0.8323516845703125,416.23468017578125,584.1795043945312,20250225-155352
19,18446744073709551615,0,0.9287109375,68.63873291015625,445.658203125,1224.27001953125,998.26611328125,20250225-155352
20,18446744073709551615,0,0.31494140625,706.9892578125,1498.9775390625,78.357421875,111.30889892578125,20250225-155352
20,18446744073709551615,0,0.406494140625,659.234375,1686.6068115234375,63.90582275390625,84.60040283203125,20250225-155352
20,18446744073709551615,0,0.408203125,664.8971557617188,711.2181396484375,61.904937744140625,29.082366943359375,20250225-155352
20,18446744073709551615,0,0.42724609375,618.7271118164062,1343.35498046875,197.54791259765625,175.13699340820312,20250225-155352
20,18446744073709551615,0,0.53515625,656.9976196289062,479.61273193359375,93.13819885253906,168.44467163085938,20250225-155352
20,18446744073709551615,0,0.84814453125,645.1309814453125,546.5830078125,166.58267211914062,176.5169677734375,20250225-155352
20,18446744073709551615,0,0.85888671875,604.525146484375,1643.1046142578125,275.95733642578125,180.75970458984375,20250225-155352
20,18446744073709551615,0,0.8662109375,633.126708984375,202.73606872558594,260.55364990234375,340.02154541015625,20250225-155352
20,18446744073709551615,0,0.91943359375,483.90179443359375,1.38995361328125,416.06341552734375,584.8126831054688,20250225-155352
20,18446744073709551615,0,0.93212890625,67.22616577148438,445.2939453125,1223.7421875,999.8968505859375,20250225-155352
21,18446744073709551615,0,0.26123046875,659.4863891601562,1684.72021484375,66.20947265625,83.65438842773438,20250225-155352
21,18446744073709551615,0,0.269775390625,709.0585327148438,1521.846435546875,55.23944091796875,68.05938720703125,20250225-155352
21,18446744073709551615,0,0.375732421875,664.857666015625,711.146728515625,62.1903076171875,29.2078857421875,20250225-155352
21,18446744073709551615,0,0.405517578125,618.3927612304688,1345.70361328125,201.498046875,180.29534912109375,20250225-155352
21,18446744073709551615,0,0.5185546875,656.91259765625,481.49139404296875,89.47700500488281,166.86602783203125,20250225-155352
21,18446744073709551615,0,0.84423828125,645.0470581054688,545.887939453125,167.2528839111328,176.51303100585938,20250225-155352
21,18446744073709551615,0,0.849609375,603.97705078125,1642.5604248046875,276.5123291015625,181.66726684570312,20250225-155352
21,18446744073709551615,0,0.86669921875,631.93212890625,201.582275390625,261.5239562988281,342.106201171875,20250225-155352
21,18446744073709551615,0,0.919921875,484.8468017578125,1.1992034912109375,416.9482727050781,584.0579223632812,20250225-155352
21,18446744073709551615,0,0.93115234375,64.97845458984375,445.17987060546875,1225.2169189453125,1002.26220703125,20250225-155352
22,18446744073709551615,0,0.21728515625,772.4805908203125,1826.9564208984375,92.34503173828125,205.48553466796875,20250225-155352
22,18446744073709551615,0,0.2783203125,659.5658569335938,1686.3914794921875,64.87408447265625,82.08837890625,20250225-155352
22,18446744073709551615,0,0.29833984375,707.3124389648438,1499.518310546875,79.53167724609375,112.05789184570312,20250225-155352
22,18446744073709551615,0,0.307373046875,666.0780029296875,711.4171142578125,62.2928466796875,27.952423095703125,20250225-155352
22,18446744073709551615,0,0.450439453125,618.8709716796875,1350.6668701171875,192.8492431640625,176.1031494140625,20250225-155352
22,18446744073709551615,0,0.478515625,657.2473754882812,478.98614501953125,91.38995361328125,166.58267211914062,20250225-155352
22,18446744073709551615,0,0.814453125,630.626953125,200.18421936035156,262.5667724609375,336.05126953125,20250225-155352
22,18446744073709551615,0,0.83544921875,604.2918090820312,1642.168212890625,276.89154052734375,183.34854125976562,20250225-155352
22,18446744073709551615,0,0.83642578125,644.555419921875,545.9800415039062,167.010498046875,177.63546752929688,20250225-155352
22,18446744073709551615,0,0.9150390625,483.91790771484375,1.008544921875,419.4201965332031,585.19775390625,20250225-155352
22,18446744073709551615,0,0.93115234375,66.90737915039062,447.233642578125,1216.99072265625,1000.3493041992188,20250225-155352
23,18446744073709551615,0,0.27197265625,659.9295043945312,1687.3818359375,63.18310546875,82.19284057617188,20250225-155352
23,18446744073709551615,0,0.285400390625,667.3031005859375,708.675537109375,64.12088012695312,27.9466552734375,20250225-155352
23,18446744073709551615,0,0.326904296875,707.115234375,1499.887451171875,77.81396484375,111.04751586914062,20250225-155352
23,18446744073709551615,0,0.356689453125,618.7044067382812,1347.8675537109375,185.86587524414062,176.87246704101562,20250225-155352
23,18446744073709551615,0,0.436767578125,658.0650634765625,487.1927490234375,85.41645812988281,165.85052490234375,20250225-155352
23,18446744073709551615,0,0.82666015625,644.7269897460938,546.062255859375,165.40786743164062,177.28509521484375,20250225-155352
23,18446744073709551615,0,0.84326171875,630.2620849609375,199.98239135742188,263.076416015625,341.5777587890625,20250225-155352
23,18446744073709551615,0,0.8564453125,605.228759765625,1641.396240234375,277.68804931640625,185.35400390625,20250225-155352
23,18446744073709551615,0,0.916015625,482.8832702636719,0.8259429931640625,417.457275390625,585.966796875,20250225-155352
23,18446744073709551615,0,0.927734375,63.48870849609375,447.30072021484375,1220.4605712890625,1003.6052856445312,20250225-155352
24,18446744073709551615,0,0.259765625,667.1527099609375,710.516845703125,61.89166259765625,27.8961181640625,20250225-155352
24,18446744073709551615,0,0.286865234375,706.6776123046875,1499.465576171875,79.96444702148438,112.20181274414062,20250225-155352
24,18446744073709551615,0,0.345947265625,660.0048828125,1686.0047607421875,63.96514892578125,85.0968017578125,20250225-155352
24,18446744073709551615,0,0.438720703125,658.357421875,486.34515380859375,85.96138000488281,166.26251220703125,20250225-155352
24,18446744073709551615,0,0.5556640625,619.437255859375,1346.679443359375,189.16543579101562,170.65228271484375,20250225-155352
24,18446744073709551615,0,0.8154296875,645.3878173828125,546.245849609375,166.568115234375,176.7008056640625,20250225-155352
24,18446744073709551615,0,0.818359375,605.1447143554688,1644.66943359375,274.15960693359375,190.51492309570312,20250225-155352
24,18446744073709551615,0,0.85107421875,629.90625,199.28887939453125,264.0618896484375,342.55517578125,20250225-155352
24,18446744073709551615,0,0.91796875,483.180908203125,0.82672119140625,416.72222900390625,585.211181640625,20250225-155352
24,18446744073709551615,0,0.9287109375,64.2374267578125,448.9654541015625,1219.23193359375,1002.9168090820312,20250225-155352
25,18446744073709551615,0,0.241455078125,617.8922119140625,1351.270751953125,314.3441162109375,350.0760498046875,20250225-155352
25,18446744073709551615,0,0.256103515625,703.7669677734375,1501.5611572265625,79.2191162109375,112.03903198242188,20250225-155352
25,18446744073709551615,0,0.315673828125,666.6177978515625,710.1575317382812,63.94061279296875,27.801361083984375,20250225-155352
25,18446744073709551615,0,0.374755859375,659.9769287109375,1687.2564697265625,63.53173828125,83.73770141601562,20250225-155352
25,18446744073709551615,0,0.39697265625,658.7122192382812,483.568359375,88.55429077148438,165.34158325195312,20250225-155352
25,18446744073709551615,0,0.60595703125,619.3317260742188,1350.87255859375,183.636474609375,168.86471557617188,20250225-155352
25,18446744073709551615,0,0.8291015625,645.4473266601562,547.4269409179688,165.88687133789062,176.73440551757812,20250225-155352
25,18446744073709551615,0,0.84423828125,604.8506469726562,1641.4647216796875,277.51483154296875,187.27175903320312,20250225-155352
25,18446744073709551615,0,0.85888671875,631.0191650390625,200.98887634277344,261.07476806640625,342.1255187988281,20250225-155352
25,18446744073709551615,0,0.91650390625,483.7562255859375,0.8223724365234375,417.7632751464844,584.9454345703125,20250225-155352
25,18446744073709551615,0,0.92578125,68.02459716796875,450.18597412109375,1222.0213623046875,998.9013061523438,20250225-155352
26,18446744073709551615,0,0.2330322265625,665.3543701171875,710.2386474609375,61.547607421875,28.41046142578125,20250225-155352
26,18446744073709551615,0,0.316650390625,660.7333374023438,1674.607177734375,76.12994384765625,94.55996704101562,20250225-155352
26,18446744073709551615,0,0.35400390625,658.9590454101562,483.468017578125,87.50056457519531,165.38067626953125,20250225-155352
26,18446744073709551615,0,0.361083984375,704.594482421875,1512.23193359375,97.213623046875,79.289794921875,20250225-155352
26,18446744073709551615,0,0.4697265625,618.0631713867188,1351.7801513671875,187.78271484375,176.077880859375,20250225-155352
26,18446744073709551615,0,0.81103515625,645.0531005859375,547.431396484375,165.76084899902344,177.30404663085938,20250225-155352
26,18446744073709551615,0,0.81982421875,604.08544921875,1643.817626953125,275.18170166015625,188.28323364257812,20250225-155352
26,18446744073709551615,0,0.86474609375,630.39990234375,202.7354736328125,260.03375244140625,342.35174560546875,20250225-155352
26,18446744073709551615,0,0.919921875,484.6962890625,1.0107879638671875,415.915283203125,583.9932861328125,20250225-155352
26,18446744073709551615,0,0.92626953125,67.46795654296875,449.51055908203125,1221.867431640625,999.5473022460938,20250225-155352
27,18446744073709551615,0,0.2254638671875,615.4405517578125,1352.293212890625,320.36444091796875,369.54840087890625,20250225-155352
27,18446744073709551615,0,0.29736328125,659.33984375,1643.146728515625,106.42694091796875,106.15869140625,20250225-155352
27,18446744073709551615,0,0.326904296875,663.6278686523438,710.6412963867188,61.534698486328125,26.488128662109375,20250225-155352
27,18446744073709551615,0,0.3310546875,704.4697265625,1520.006591796875,87.45401000976562,72.68820190429688,20250225-155352
27,18446744073709551615,0,0.422607421875,659.015625,475.30487060546875,95.10122680664062,165.344970703125,20250225-155352
27,18446744073709551615,0,0.474609375,617.79052734375,1352.4678955078125,187.8028564453125,174.79714965820312,20250225-155352
27,18446744073709551615,0,0.826171875,644.127685546875,547.2246704101562,165.09054565429688,177.89529418945312,20250225-155352
27,18446744073709551615,0,0.8330078125,603.42626953125,1642.0458984375,277.05230712890625,189.7086181640625,20250225-155352
27,18446744073709551615,0,0.85302734375,629.7661743164062,202.49244689941406,259.9796142578125,341.96685791015625,20250225-155352
27,18446744073709551615,0,0.9169921875,484.67962646484375,1.1929779052734375,419.17828369140625,583.818115234375,20250225-155352
27,18446744073709551615,0,0.9267578125,68.04483032226562,449.79779052734375,1223.101318359375,998.7449340820312,20250225-155352
28,18446744073709551615,0,0.25537109375,705.9967041015625,1519.92138671875,59.39739990234375,72.34149169921875,20250225-155352
28,18446744073709551615,0,0.282958984375,661.04638671875,1641.669189453125,107.7872314453125,110.56146240234375,20250225-155352
28,18446744073709551615,0,0.299072265625,616.9658203125,1352.082275390625,329.433837890625,411.0564880371094,20250225-155352
28,18446744073709551615,0,0.326904296875,662.9342651367188,710.2371826171875,60.62310791015625,29.407928466796875,20250225-155352
28,18446744073709551615,0,0.445556640625,658.5604248046875,484.6182861328125,86.98246765136719,165.70065307617188,20250225-155352
28,18446744073709551615,0,0.4599609375,618.78662109375,1351.0762939453125,188.495361328125,173.88876342773438,20250225-155352
28,18446744073709551615,0,0.7626953125,604.2923583984375,1645.332275390625,273.40704345703125,190.71926879882812,20250225-155352
28,18446744073709551615,0,0.8359375,644.2904663085938,548.263916015625,163.91976928710938,177.46041870117188,20250225-155352
28,18446744073709551615,0,0.86083984375,630.1119384765625,204.25607299804688,257.4137878417969,342.982177734375,20250225-155352
28,18446744073709551615,0,0.916015625,484.63916015625,0.884765625,420.873779296875,584.53369140625,20250225-155352
28,18446744073709551615,0,0.92724609375,74.38787841796875,450.61285400390625,1217.988037109375,992.6072387695312,20250225-155352
29,18446744073709551615,0,0.2393798828125,660.5811767578125,1640.930419921875,108.94171142578125,111.87533569335938,20250225-155352
29,18446744073709551615,0,0.273681640625,663.7540283203125,710.7271728515625,61.235321044921875,27.823516845703125,20250225-155352
29,18446744073709551615,0,0.29833984375,708.3239135742188,1534.7259521484375,52.360107421875,67.86199951171875,20250225-155352
29,18446744073709551615,0,0.329345703125,619.6975708007812,1352.4814453125,189.5247802734375,175.87417602539062,20250225-155352
29,18446744073709551615,0,0.4638671875,659.3780517578125,428.65447998046875,143.60069274902344,163.790771484375,20250225-155352
29,18446744073709551615,0,0.65380859375,605.0571899414062,1642.2454833984375,277.38958740234375,199.51986694335938,20250225-155352
29,18446744073709551615,0,0.81982421875,645.1754150390625,546.91650390625,165.32569885253906,177.54629516601562,20250225-155352
29,18446744073709551615,0,0.8681640625,630.143310546875,206.4290771484375,255.98020935058594,343.22955322265625,20250225-155352
29,18446744073709551615,0,0.92041015625,483.41546630859375,0.9188232421875,419.0148010253906,585.4414672851562,20250225-155352
29,18446744073709551615,0,0.9267578125,69.14593505859375,450.43585205078125,1223.4078369140625,997.8548583984375,20250225-155352
30,18446744073709551615,0,0.218017578125,664.7781372070312,710.889404296875,61.6845703125,24.60150146484375,20250225-155352
30,18446744073709551615,0,0.22607421875,659.34375,1685.467529296875,62.7806396484375,84.22695922851562,20250225-155352
30,18446744073709551615,0,0.30322265625,707.2095336914062,1533.6966552734375,47.208892822265625,68.70346069335938,20250225-155352
30,18446744073709551615,0,0.405517578125,619.5794677734375,1353.3369140625,190.58203125,180.20242309570312,20250225-155352
30,18446744073709551615,0,0.448486328125,659.8214721679688,479.75921630859375,92.42829895019531,164.89398193359375,20250225-155352
30,18446744073709551615,0,0.7734375,605.471923828125,1643.84033203125,275.08905029296875,190.46310424804688,20250225-155352
30,18446744073709551615,0,0.82373046875,645.5130615234375,548.8232421875,163.23907470703125,176.76333618164062,20250225-155352
30,18446744073709551615,0,0.86181640625,630.6661376953125,205.66671752929688,256.5762634277344,344.9836120605469,20250225-155352
30,18446744073709551615,0,0.9140625,481.49542236328125,1.1048583984375,417.6573486328125,587.9917602539062,20250225-155352
30,18446744073709551615,0,0.923828125,65.10845947265625,450.6917724609375,1216.903564453125,1002.1951904296875,20250225-155352
31,18446744073709551615,0,0.24658203125,660.7274780273438,1677.1234130859375,73.39984130859375,93.51901245117188,20250225-155352
31,18446744073709551615,0,0.29833984375,663.8397216796875,711.02197265625,61.19146728515625,25.3626708984375,20250225-155352
31,18446744073709551615,0,0.329345703125,707.1399536132812,1528.6900634765625,78.1556396484375,67.89495849609375,20250225-155352
31,18446744073709551615,0,0.3408203125,618.2766723632812,1351.99755859375,192.81060791015625,179.41598510742188,20250225-155352
31,18446744073709551615,0,0.48046875,659.0404052734375,478.5530090332031,91.90013122558594,164.82330322265625,20250225-155352
31,18446744073709551615,0,0.689453125,603.9369506835938,1639.2476806640625,279.65570068359375,190.11053466796875,20250225-155352
31,18446744073709551615,0,0.82861328125,645.0941162109375,547.568115234375,164.6873016357422,176.92117309570312,20250225-155352
31,18446744073709551615,0,0.85546875,629.7566528320312,207.8005828857422,255.01002502441406,342.98895263671875,20250225-155352
31,18446744073709551615,0,0.9150390625,481.15118408203125,0.918914794921875,418.521240234375,588.3028564453125,20250225-155352
31,18446744073709551615,0,0.927734375,79.9075927734375,450.279052734375,1214.838134765625,987.5293579101562,20250225-155352
32,18446744073709551615,0,0.2127685546875,663.4140014648438,711.51513671875,62.97802734375,23.771392822265625,20250225-155352
32,18446744073709551615,0,0.256103515625,659.989501953125,1671.9013671875,78.897216796875,91.997314453125,20250225-155352
32,18446744073709551615,0,0.261962890625,708.2926025390625,1526.554443359375,54.31146240234375,69.19427490234375,20250225-155352
32,18446744073709551615,0,0.316650390625,651.0789184570312,1443.983154296875,94.84661865234375,143.325439453125,20250225-155352
32,18446744073709551615,0,0.552734375,661.358154296875,479.6060485839844,88.88722229003906,167.2939453125,20250225-155352
32,18446744073709551615,0,0.56298828125,603.97216796875,1645.50927734375,273.46142578125,188.990478515625,20250225-155352
32,18446744073709551615,0,0.7734375,643.9942016601562,548.71826171875,163.77154541015625,178.04214477539062,20250225-155352
32,18446744073709551615,0,0.8681640625,629.8463745117188,209.03260803222656,253.86602783203125,342.9449157714844,20250225-155352
32,18446744073709551615,0,0.912109375,479.4935302734375,1.10797119140625,418.88232421875,589.51904296875,20250225-155352
32,18446744073709551615,0,0.92919921875,67.76985168457031,448.7354736328125,1221.3958740234375,999.5408935546875,20250225-155352
33,18446744073709551615,0,0.22265625,644.244140625,410.3947448730469,111.05809020996094,104.50772094726562,20250225-155352
33,18446744073709551615,0,0.299072265625,661.0498046875,1673.5975341796875,77.20550537109375,93.95965576171875,20250225-155352
33,18446744073709551615,0,0.304931640625,663.7567749023438,715.0435791015625,59.719390869140625,24.098785400390625,20250225-155352
33,18446744073709551615,0,0.3876953125,618.3577880859375,1349.7529296875,194.118896484375,178.91995239257812,20250225-155352
33,18446744073709551615,0,0.406494140625,706.7098388671875,1525.6142578125,82.49853515625,67.27523803710938,20250225-155352
33,18446744073709551615,0,0.56884765625,659.7024536132812,477.90673828125,86.93559265136719,168.03396606445312,20250225-155352
33,18446744073709551615,0,0.57763671875,604.0826416015625,1647.07421875,271.904296875,189.406494140625,20250225-155352
33,18446744073709551615,0,0.8134765625,644.3841552734375,546.7234497070312,165.9683074951172,178.22442626953125,20250225-155352
33,18446744073709551615,0,0.8681640625,630.9202880859375,211.19082641601562,251.29403686523438,342.0680236816406,20250225-155352
33,18446744073709551615,0,0.9130859375,481.32806396484375,1.194854736328125,418.9768981933594,587.7340087890625,20250225-155352
33,18446744073709551615,0,0.93017578125,71.0592041015625,449.79931640625,1212.31201171875,996.703125,20250225-155352
34,18446744073709551615,0,0.2294921875,660.2872924804688,1670.965576171875,78.60113525390625,93.10693359375,20250225-155352
34,18446744073709551615,0,0.265869140625,663.7941284179688,714.8255615234375,60.051727294921875,24.4178466796875,20250225-155352
34,18446744073709551615,0,0.35400390625,619.2213134765625,1351.57421875,203.46807861328125,195.51223754882812,20250225-155352
34,18446744073709551615,0,0.402587890625,707.8786010742188,1531.055419921875,49.683837890625,67.75497436523438,20250225-155352
34,18446744073709551615,0,0.56396484375,660.2720947265625,477.1703796386719,86.86134338378906,166.25711059570312,20250225-155352
34,18446744073709551615,0,0.6416015625,604.8034057617188,1643.200927734375,275.60504150390625,188.15423583984375,20250225-155352
34,18446744073709551615,0,0.83203125,644.5224609375,546.6784057617188,166.8684539794922,178.68585205078125,20250225-155352
34,18446744073709551615,0,0.8583984375,631.3809814453125,212.39483642578125,252.12020874023438,343.47271728515625,20250225-155352
34,18446744073709551615,0,0.91357421875,477.286376953125,1.112274169921875,418.7601318359375,591.9290771484375,20250225-155352
34,18446744073709551615,0,0.9306640625,71.29833984375,446.90460205078125,1216.075439453125,996.1484985351562,20250225-155352
35,18446744073709551615,0,0.203125,664.7763061523438,715.2171020507812,59.87347412109375,23.18939208984375,20250225-155352
35,18446744073709551615,0,0.2783203125,661.1070556640625,1678.8841552734375,70.84844970703125,87.74981689453125,20250225-155352
35,18446744073709551615,0,0.341552734375,620.353271484375,1353.31689453125,196.51043701171875,183.21762084960938,20250225-155352
35,18446744073709551615,0,0.3603515625,706.125244140625,1532.831787109375,53.674072265625,68.6004638671875,20250225-155352
35,18446744073709551615,0,0.4697265625,659.7683715820312,472.024658203125,95.30287170410156,164.04409790039062,20250225-155352
35,18446744073709551615,0,0.70166015625,605.284423828125,1641.6251220703125,277.3861083984375,188.26702880859375,20250225-155352
35,18446744073709551615,0,0.82958984375,645.0060424804688,546.7575073242188,165.3328399658203,177.4610595703125,20250225-155352
35,18446744073709551615,0,0.8369140625,632.8548583984375,213.25057983398438,250.57196044921875,343.53662109375,20250225-155352
35,18446744073709551615,0,0.91552734375,476.81671142578125,1.015228271484375,419.87310791015625,592.4419555664062,20250225-155352
35,18446744073709551615,0,0.931640625,77.9044189453125,447.088623046875,1214.731689453125,989.7632446289062,20250225-155352
36,18446744073709551615,0,0.2193603515625,664.4976196289062,716.62353515625,58.749755859375,24.039459228515625,20250225-155352
36,18446744073709551615,0,0.234375,660.5780029296875,1670.157958984375,79.002685546875,93.099609375,20250225-155352
36,18446744073709551615,0,0.2861328125,706.6323852539062,1524.261474609375,55.0916748046875,71.74319458007812,20250225-155352
36,18446744073709551615,0,0.5166015625,661.0706176757812,474.3025817871094,93.33503723144531,163.02420043945312,20250225-155352
36,18446744073709551615,0,0.5439453125,619.526611328125,1352.504150390625,191.285888671875,178.94879150390625,20250225-155352
36,18446744073709551615,0,0.7529296875,605.5782470703125,1642.185791015625,276.7313232421875,187.70068359375,20250225-155352
36,18446744073709551615,0,0.82568359375,633.2222900390625,215.23846435546875,249.2666015625,342.6839904785156,20250225-155352
36,18446744073709551615,0,0.83935546875,644.6907348632812,546.5860595703125,166.0067138671875,178.400390625,20250225-155352
36,18446744073709551615,0,0.9169921875,476.6378173828125,1.007904052734375,420.76519775390625,592.7807006835938,20250225-155352
36,18446744073709551615,0,0.93017578125,76.37548828125,449.416259765625,1213.73876953125,991.1290283203125,20250225-155352
37,18446744073709551615,0,0.22265625,664.37890625,716.89208984375,59.94158935546875,24.829833984375,20250225-155352
37,18446744073709551615,0,0.250244140625,660.3697509765625,1657.096435546875,92.22528076171875,97.92681884765625,20250225-155352
37,18446744073709551615,0,0.310791015625,706.035400390625,1519.5611572265625,60.0479736328125,72.7203369140625,20250225-155352
37,18446744073709551615,0,0.5263671875,651.4689331054688,434.3011779785156,134.1815643310547,170.92044067382812,20250225-155352
37,18446744073709551615,0,0.529296875,619.2073974609375,1348.7318115234375,195.77471923828125,182.51202392578125,20250225-155352
37,18446744073709551615,0,0.57958984375,604.6177978515625,1646.39013671875,272.488037109375,187.468505859375,20250225-155352
37,18446744073709551615,0,0.833984375,644.934814453125,546.43017578125,166.59548950195312,177.87368774414062,20250225-155352
37,18446744073709551615,0,0.8408203125,633.1973876953125,213.9987030029297,251.35047912597656,342.3636474609375,20250225-155352
37,18446744073709551615,0,0.91796875,473.86138916015625,0.9169464111328125,419.09686279296875,595.604248046875,20250225-155352
37,18446744073709551615,0,0.9306640625,72.23858642578125,450.29266357421875,1213.6783447265625,995.4508666992188,20250225-155352
38,18446744073709551615,0,0.22607421875,664.3786010742188,717.9798583984375,60.307891845703125,24.315948486328125,20250225-155352
38,18446744073709551615,0,0.259033203125,660.880859375,1645.973388671875,103.7281494140625,100.74188232421875,20250225-155352
38,18446744073709551615,0,0.38671875,705.0906372070312,1534.87939453125,77.467529296875,69.95608520507812,20250225-155352
38,18446744073709551615,0,0.408203125,619.165283203125,1349.8868408203125,202.5556640625,187.146240234375,20250225-155352
38,18446744073709551615,0,0.51953125,661.3434448242188,479.4117431640625,85.52764892578125,165.5233154296875,20250225-155352
38,18446744073709551615,0,0.57080078125,603.9867553710938,1644.7305908203125,274.13580322265625,186.64022827148438,20250225-155352
38,18446744073709551615,0,0.83544921875,645.10986328125,546.8834838867188,166.67999267578125,177.14602661132812,20250225-155352
38,18446744073709551615,0,0.8447265625,633.2276000976562,216.1511993408203,248.53884887695312,339.9936218261719,20250225-155352
38,18446744073709551615,0,0.91943359375,473.4788818359375,0.8248443603515625,418.5707702636719,595.762939453125,20250225-155352
38,18446744073709551615,0,0.9287109375,72.6591796875,450.7958984375,1212.6708984375,995.1080932617188,20250225-155352
39,18446744073709551615,0,0.2705078125,660.65283203125,1675.545166015625,74.274169921875,85.6241455078125,20250225-155352
39,18446744073709551615,0,0.301513671875,663.7135620117188,719.0076904296875,57.948394775390625,25.62103271484375,20250225-155352
39,18446744073709551615,0,0.304931640625,618.4674072265625,1351.06884765625,206.2130126953125,196.5626220703125,20250225-155352
39,18446744073709551615,0,0.444580078125,705.6963500976562,1533.2523193359375,76.21142578125,66.82479858398438,20250225-155352
39,18446744073709551615,0,0.50390625,655.6734008789062,477.8857727050781,88.61329650878906,170.47943115234375,20250225-155352
39,18446744073709551615,0,0.6884765625,604.2427978515625,1642.3743896484375,276.52166748046875,186.55902099609375,20250225-155352
39,18446744073709551615,0,0.83154296875,644.8626708984375,546.2227783203125,167.78237915039062,177.88265991210938,20250225-155352
39,18446744073709551615,0,0.84375,633.1473999023438,213.32034301757812,250.9801483154297,341.0605773925781,20250225-155352
39,18446744073709551615,0,0.919921875,471.6654052734375,1.104400634765625,418.4184265136719,597.8981323242188,20250225-155352
39,18446744073709551615,0,0.93310546875,78.46142578125,448.51263427734375,1210.186279296875,989.0987548828125,20250225-155352
40,18446744073709551615,0,0.27587890625,705.1459350585938,1518.67529296875,60.5343017578125,77.94992065429688,20250225-155352
40,18446744073709551615,0,0.447509765625,619.3800659179688,1353.1021728515625,191.0987548828125,184.24237060546875,20250225-155352
40,18446744073709551615,0,0.517578125,658.2899169921875,433.7977294921875,134.53431701660156,163.98614501953125,20250225-155352
40,18446744073709551615,0,0.82275390625,644.8635864257812,545.450927734375,168.51100158691406,177.555908203125,20250225-155352
40,18446744073709551615,0,0.84033203125,604.650146484375,1640.0584716796875,279.10565185546875,180.51507568359375,20250225-155352
40,18446744073709551615,0,0.86474609375,632.9577026367188,212.7828826904297,251.8433074951172,341.0926208496094,20250225-155352
40,18446744073709551615,0,0.92041015625,471.52294921875,1.1040802001953125,418.8077392578125,597.7582397460938,20250225-155352
40,18446744073709551615,0,0.93017578125,87.87464904785156,448.66876220703125,1210.0455322265625,979.8101806640625,20250225-155352
41,18446744073709551615,0,0.247314453125,665.5413208007812,721.08984375,59.5916748046875,26.6385498046875,20250225-155352
41,18446744073709551615,0,0.287841796875,660.80810546875,1673.15478515625,76.34967041015625,92.08209228515625,20250225-155352
41,18446744073709551615,0,0.30078125,707.1578979492188,1529.098876953125,49.66021728515625,69.75210571289062,20250225-155352
41,18446744073709551615,0,0.46484375,620.8778686523438,1352.111572265625,193.701416015625,185.26620483398438,20250225-155352
41,18446744073709551615,0,0.60400390625,658.7542724609375,439.291259765625,128.6667938232422,163.6900634765625,20250225-155352
41,18446744073709551615,0,0.80615234375,605.30712890625,1640.0694580078125,278.99176025390625,180.57723999023438,20250225-155352
41,18446744073709551615,0,0.8251953125,645.4169921875,544.559814453125,169.78651428222656,177.4068603515625,20250225-155352
41,18446744073709551615,0,0.83935546875,634.9374389648438,217.1070556640625,246.5518798828125,340.9339599609375,20250225-155352
41,18446744073709551615,0,0.9189453125,473.197998046875,1.4376068115234375,418.03912353515625,596.3917236328125,20250225-155352
41,18446744073709551615,0,0.93212890625,83.59126281738281,447.70953369140625,1210.06640625,983.77294921875,20250225-155352
42,18446744073709551615,0,0.20751953125,664.458251953125,722.4607543945312,57.87872314453125,27.118011474609375,20250225-155352
42,18446744073709551615,0,0.247314453125,660.7266845703125,1678.592529296875,69.9429931640625,85.4520263671875,20250225-155352
42,18446744073709551615,0,0.285400390625,704.3353271484375,1499.6488037109375,81.5262451171875,120.95187377929688,20250225-155352
42,18446744073709551615,0,0.3896484375,619.4476318359375,1349.42919921875,196.42694091796875,188.31454467773438,20250225-155352
42,18446744073709551615,0,0.55810546875,659.1633911132812,475.55548095703125,91.11817932128906,166.70187377929688,20250225-155352
42,18446744073709551615,0,0.82275390625,604.8506469726562,1641.966064453125,277.0015869140625,179.70785522460938,20250225-155352
42,18446744073709551615,0,0.8369140625,644.9378662109375,545.8335571289062,169.491943359375,178.0850830078125,20250225-155352
42,18446744073709551615,0,0.84130859375,634.8411254882812,217.5875701904297,247.6582489013672,341.24725341796875,20250225-155352
42,18446744073709551615,0,0.91748046875,469.7764892578125,1.309661865234375,418.40240478515625,598.6082153320312,20250225-155352
42,18446744073709551615,0,0.93115234375,97.341064453125,450.258544921875,1204.2637939453125,969.9451904296875,20250225-155352
43,18446744073709551615,0,0.2247314453125,657.0526123046875,1279.8211669921875,74.4884033203125,25.98138427734375,20250225-155352
43,18446744073709551615,0,0.250244140625,660.9373779296875,1640.4635009765625,109.74005126953125,109.87518310546875,20250225-155352
43,18446744073709551615,0,0.30078125,664.2141723632812,724.3419799804688,56.41717529296875,27.301116943359375,20250225-155352
43,18446744073709551615,0,0.325927734375,705.366455078125,1534.1845703125,52.743988037109375,68.53875732421875,20250225-155352
43,18446744073709551615,0,0.37841796875,618.4835815429688,1350.412841796875,214.704345703125,275.5002136230469,20250225-155352
43,18446744073709551615,0,0.5107421875,656.7277221679688,476.764892578125,88.53126525878906,169.90118408203125,20250225-155352
43,18446744073709551615,0,0.822265625,603.5140380859375,1640.7410888671875,278.4261474609375,181.200439453125,20250225-155352
43,18446744073709551615,0,0.82373046875,644.7815551757812,544.8155517578125,169.9705352783203,178.14889526367188,20250225-155352
43,18446744073709551615,0,0.83984375,633.802001953125,216.9700927734375,249.0146942138672,341.51715087890625,20250225-155352
43,18446744073709551615,0,0.91943359375,472.7376708984375,1.19512939453125,419.48291015625,595.8607177734375,20250225-155352
43,18446744073709551615,0,0.927734375,83.20486450195312,447.24609375,1207.2330322265625,983.7916259765625,20250225-155352
44,18446744073709551615,0,0.236572265625,659.6351318359375,1648.578369140625,99.81793212890625,100.802490234375,20250225-155352
44,18446744073709551615,0,0.36474609375,704.7694702148438,1535.3018798828125,76.89559936523438,70.23477172851562,20250225-155352
44,18446744073709551615,0,0.521484375,619.31787109375,1351.5185546875,210.72381591796875,273.6243896484375,20250225-155352
44,18446744073709551615,0,0.57568359375,657.8490600585938,471.415283203125,94.38276672363281,168.54052734375,20250225-155352
44,18446744073709551615,0,0.82568359375,645.479248046875,546.628662109375,167.26492309570312,176.22216796875,20250225-155352
44,18446744073709551615,0,0.82861328125,603.8395385742188,1640.189208984375,278.98370361328125,180.36538696289062,20250225-155352
44,18446744073709551615,0,0.83056640625,632.59423828125,221.87356567382812,244.37754821777344,339.7709655761719,20250225-155352
44,18446744073709551615,0,0.9208984375,471.4395446777344,1.25225830078125,418.404052734375,597.7128295898438,20250225-155352
44,18446744073709551615,0,0.93408203125,79.86199951171875,449.58544921875,1204.553466796875,987.3041381835938,20250225-155352
45,18446744073709551615,0,0.2486572265625,659.4435424804688,1687.0565185546875,61.3524169921875,82.58303833007812,20250225-155353
45,18446744073709551615,0,0.2861328125,703.998291015625,1487.2803955078125,96.25909423828125,121.72723388671875,20250225-155353
45,18446744073709551615,0,0.30078125,703.8887329101562,1532.6051025390625,82.77035522460938,71.02386474609375,20250225-155353
45,18446744073709551615,0,0.5439453125,618.8245239257812,1348.688232421875,196.3494873046875,184.11749267578125,20250225-155353
45,18446744073709551615,0,0.6083984375,657.8999633789062,470.15936279296875,97.51922607421875,168.55233764648438,20250225-155353
45,18446744073709551615,0,0.7958984375,634.3333740234375,218.65631103515625,247.8849334716797,340.76971435546875,20250225-155353
45,18446744073709551615,0,0.826171875,645.5147094726562,546.3330078125,167.35226440429688,177.97750854492188,20250225-155353
45,18446744073709551615,0,0.8564453125,604.862548828125,1640.1090087890625,279.15728759765625,178.94302368164062,20250225-155353
45,18446744073709551615,0,0.921875,472.0736389160156,1.4315185546875,419.68853759765625,597.5048217773438,20250225-155353
45,18446744073709551615,0,0.92822265625,83.05938720703125,449.55267333984375,1204.40869140625,984.2911376953125,20250225-155353
46,18446744073709551615,0,0.22607421875,704.652099609375,1488.508544921875,98.42413330078125,122.34732055664062,20250225-155353
46,18446744073709551615,0,0.260498046875,661.1864013671875,1640.6787109375,109.11474609375,110.87384033203125,20250225-155353
46,18446744073709551615,0,0.356689453125,704.1465454101562,1532.583740234375,80.26382446289062,71.51321411132812,20250225-155353
46,18446744073709551615,0,0.521484375,656.9089965820312,437.328369140625,132.51539611816406,165.34552001953125,20250225-155353
46,18446744073709551615,0,0.56591796875,619.2251586914062,1351.268798828125,195.17413330078125,190.62240600585938,20250225-155353
46,18446744073709551615,0,0.8056640625,645.440185546875,546.9244995117188,166.06210327148438,176.73550415039062,20250225-155353
46,18446744073709551615,0,0.8359375,634.2640380859375,218.7989959716797,246.6595001220703,339.1995849609375,20250225-155353
46,18446744073709551615,0,0.859375,604.58544921875,1640.312744140625,278.747314453125,178.09332275390625,20250225-155353
46,18446744073709551615,0,0.9248046875,472.3305358886719,1.2509307861328125,419.1643981933594,596.8302612304688,20250225-155353
46,18446744073709551615,0,0.92724609375,85.08256530761719,448.587158203125,1205.83447265625,982.2161865234375,20250225-155353
47,18446744073709551615,0,0.236572265625,658.911865234375,1687.078857421875,60.95233154296875,82.76165771484375,20250225-155353
47,18446744073709551615,0,0.251708984375,653.4776000976562,1274.3819580078125,79.8482666015625,31.5538330078125,20250225-155353
47,18446744073709551615,0,0.37109375,705.0712890625,1491.2479248046875,123.48486328125,114.39532470703125,20250225-155353
47,18446744073709551615,0,0.556640625,658.8121948242188,470.4229431152344,96.06523132324219,167.22747802734375,20250225-155353
47,18446744073709551615,0,0.6162109375,619.4104614257812,1353.9539794921875,188.4517822265625,182.50296020507812,20250225-155353
47,18446744073709551615,0,0.78857421875,645.2158203125,548.0055541992188,165.2457733154297,175.40203857421875,20250225-155353
47,18446744073709551615,0,0.8447265625,634.93212890625,216.04266357421875,250.15420532226562,340.9155578613281,20250225-155353
47,18446744073709551615,0,0.85009765625,605.0582885742188,1640.5426025390625,278.52227783203125,177.35092163085938,20250225-155353
47,18446744073709551615,0,0.9228515625,471.47882080078125,1.1949920654296875,419.70867919921875,597.4254150390625,20250225-155353
47,18446744073709551615,0,0.92822265625,94.89060974121094,447.6287841796875,1206.0743408203125,971.93115234375,20250225-155353
48,18446744073709551615,0,0.24072265625,704.93212890625,1487.93115234375,102.5390625,124.04608154296875,20250225-155353
48,18446744073709551615,0,0.2486572265625,658.8914794921875,1687.8555908203125,60.68682861328125,82.67056274414062,20250225-155353
48,18446744073709551615,0,0.34423828125,704.736083984375,1529.7001953125,84.27822875976562,70.69573974609375,20250225-155353
48,18446744073709551615,0,0.441650390625,652.6008911132812,1271.7919921875,81.11563110351562,32.417266845703125,20250225-155353
48,18446744073709551615,0,0.4736328125,619.0519409179688,1353.92578125,193.915283203125,189.4229736328125,20250225-155353
48,18446744073709551615,0,0.57958984375,659.5225830078125,474.17193603515625,92.23649597167969,165.9854736328125,20250225-155353
48,18446744073709551615,0,0.77734375,644.9132080078125,547.9468994140625,165.43450927734375,175.91363525390625,20250225-155353
48,18446744073709551615,0,0.857421875,604.6156005859375,1639.776123046875,279.19573974609375,177.6185302734375,20250225-155353
48,18446744073709551615,0,0.859375,632.748046875,221.2240447998047,244.48406982421875,339.5849304199219,20250225-155353
48,18446744073709551615,0,0.92529296875,470.581787109375,1.3859710693359375,418.2820129394531,598.1244506835938,20250225-155353
48,18446744073709551615,0,0.93359375,87.01812744140625,448.11639404296875,1206.19287109375,980.0306396484375,20250225-155353
49,18446744073709551615,0,0.2666015625,659.2809448242188,1687.737060546875,61.0975341796875,82.03070068359375,20250225-155353
49,18446744073709551615,0,0.3583984375,704.2271118164062,1494.388427734375,119.20321655273438,108.71603393554688,20250225-155353
49,18446744073709551615,0,0.41015625,651.0076904296875,1267.1614990234375,83.78045654296875,33.175140380859375,20250225-155353
49,18446744073709551615,0,0.4619140625,618.8919677734375,1353.889404296875,195.81353759765625,187.8094482421875,20250225-155353
49,18446744073709551615,0,0.60107421875,659.4212036132812,473.17657470703125,92.9014892578125,166.10549926757812,20250225-155353
49,18446744073709551615,0,0.7744140625,644.6724243164062,547.0272216796875,165.92294311523438,176.68917846679688,20250225-155353
49,18446744073709551615,0,0.8408203125,604.6554565429688,1639.8701171875,279.18603515625,179.11148071289062,20250225-155353
49,18446744073709551615,0,0.853515625,632.9443359375,220.40025329589844,245.00537109375,340.74444580078125,20250225-155353
49,18446744073709551615,0,0.92236328125,470.70263671875,1.005706787109375,419.67132568359375,598.3511962890625,20250225-155353
49,18446744073709551615,0,0.9326171875,80.13217163085938,445.99969482421875,1210.22509765625,987.2026977539062,20250225-155353
50,18446744073709551615,0,0.29345703125,659.6610717773438,1686.7042236328125,61.2022705078125,82.63119506835938,20250225-155353
50,18446744073709551615,0,0.34521484375,705.0620727539062,1532.9183349609375,79.152099609375,70.45321655273438,20250225-155353
50,18446744073709551615,0,0.57568359375,650.7022705078125,1265.177001953125,82.455322265625,34.184967041015625,20250225-155353
50,18446744073709551615,0,0.58984375,658.5642700195312,469.62017822265625,96.63674926757812,167.41653442382812,20250225-155353
50,18446744073709551615,0,0.60009765625,618.9376831054688,1353.141357421875,193.5706787109375,188.543701171875,20250225-155353
50,18446744073709551615,0,0.7724609375,645.0238037109375,548.1571655273438,164.60765075683594,175.82949829101562,20250225-155353
50,18446744073709551615,0,0.8486328125,632.7654418945312,221.68505859375,243.01318359375,339.69488525390625,20250225-155353
50,18446744073709551615,0,0.853515625,604.6614990234375,1640.165771484375,278.89508056640625,180.00448608398438,20250225-155353
50,18446744073709551615,0,0.923828125,470.9644775390625,1.19476318359375,418.6973876953125,597.5682373046875,20250225-155353
50,18446744073709551615,0,0.93603515625,92.50323486328125,445.13507080078125,1210.592041015625,974.7740478515625,20250225-155353
51,18446744073709551615,0,0.226806640625,704.5632934570312,1486.79443359375,100.910888671875,120.21340942382812,20250225-155353
51,18446744073709551615,0,0.34423828125,704.807373046875,1532.6112060546875,80.86148071289062,70.55996704101562,20250225-155353
51,18446744073709551615,0,0.412109375,659.3709716796875,1687.167724609375,62.920166015625,82.28558349609375,20250225-155353
51,18446744073709551615,0,0.5234375,658.3792724609375,468.8791809082031,97.54641723632812,168.39093017578125,20250225-155353
51,18446744073709551615,0,0.5556640625,619.5260009765625,1349.4715576171875,197.8245849609375,187.19091796875,20250225-155353
51,18446744073709551615,0,0.57763671875,650.4100341796875,1260.3292236328125,83.06863403320312,34.639617919921875,20250225-155353
51,18446744073709551615,0,0.76708984375,645.595458984375,549.27978515625,162.9847869873047,173.73056030273438,20250225-155353
51,18446744073709551615,0,0.8291015625,632.5751953125,221.754638671875,243.03753662109375,341.4112243652344,20250225-155353
51,18446744073709551615,0,0.84033203125,604.4368896484375,1640.3323974609375,278.72406005859375,181.59283447265625,20250225-155353
51,18446744073709551615,0,0.92431640625,469.042236328125,1.4393463134765625,418.4229736328125,599.7774658203125,20250225-155353
51,18446744073709551615,0,0.93896484375,94.32023620605469,447.5906982421875,1206.81640625,972.90234375,20250225-155353
52,18446744073709551615,0,0.286865234375,704.2373657226562,1531.57958984375,81.38763427734375,71.02322387695312,20250225-155353
52,18446744073709551615,0,0.32080078125,703.89404296875,1485.9459228515625,102.4932861328125,120.8060302734375,20250225-155353
52,18446744073709551615,0,0.330322265625,659.2827758789062,1688.076904296875,61.8240966796875,82.09506225585938,20250225-155353
52,18446744073709551615,0,0.5322265625,650.5843505859375,1256.5831298828125,83.6015625,34.91693115234375,20250225-155353
52,18446744073709551615,0,0.541015625,658.3811645507812,463.8040466308594,103.15159606933594,168.32015991210938,20250225-155353
52,18446744073709551615,0,0.62890625,619.0576171875,1350.6015625,191.36700439453125,183.85675048828125,20250225-155353
52,18446744073709551615,0,0.77197265625,645.2297973632812,549.0437622070312,162.78506469726562,174.72637939453125,20250225-155353
52,18446744073709551615,0,0.79296875,604.8993530273438,1640.8985595703125,278.08062744140625,185.48876953125,20250225-155353
52,18446744073709551615,0,0.83935546875,632.1110229492188,219.9499969482422,245.59771728515625,342.3593444824219,20250225-155353
52,18446744073709551615,0,0.921875,469.04278564453125,1.6326141357421875,418.3585205078125,599.7806396484375,20250225-155353
52,18446744073709551615,0,0.9365234375,90.45977783203125,447.0999755859375,1207.24853515625,976.5723266601562,20250225-155353
53,18446744073709551615,0,0.2213134765625,703.97021484375,1484.208984375,101.8985595703125,124.27175903320312,20250225-155353
53,18446744073709551615,0,0.2958984375,704.4530029296875,1535.1148681640625,77.0665283203125,70.2147216796875,20250225-155353
53,18446744073709551615,0,0.350341796875,659.4122314453125,1687.0953369140625,62.9912109375,83.19204711914062,20250225-155353
53,18446744073709551615,0,0.54296875,657.591796875,468.60919189453125,98.38096618652344,169.43765258789062,20250225-155353
53,18446744073709551615,0,0.5537109375,650.7493286132812,1251.80615234375,83.51211547851562,34.143402099609375,20250225-155353
53,18446744073709551615,0,0.5830078125,619.07666015625,1349.816162109375,197.2452392578125,191.82742309570312,20250225-155353
53,18446744073709551615,0,0.7138671875,604.3125,1639.480224609375,280.40057373046875,188.66281127929688,20250225-155353
53,18446744073709551615,0,0.77880859375,645.1483154296875,549.905029296875,161.40444946289062,174.07736206054688,20250225-155353
53,18446744073709551615,0,0.8505859375,632.3047485351562,219.47103881835938,246.40782165527344,341.78009033203125,20250225-155353
53,18446744073709551615,0,0.9228515625,469.71221923828125,1.446624755859375,419.46514892578125,598.8829345703125,20250225-155353
53,18446744073709551615,0,0.935546875,89.58517456054688,446.39996337890625,1205.7623291015625,977.3697509765625,20250225-155353
54,18446744073709551615,0,0.24072265625,702.2442626953125,1480.625244140625,103.6732177734375,195.60250854492188,20250225-155353
54,18446744073709551615,0,0.2666015625,703.7373046875,1534.9228515625,77.2950439453125,71.054443359375,20250225-155353
54,18446744073709551615,0,0.2958984375,659.2921142578125,1687.76953125,61.86309814453125,82.83160400390625,20250225-155353
54,18446744073709551615,0,0.5341796875,620.14306640625,1347.225341796875,195.05877685546875,181.0308837890625,20250225-155353
54,18446744073709551615,0,0.544921875,657.1034545898438,458.8865661621094,107.31179809570312,169.76129150390625,20250225-155353
54,18446744073709551615,0,0.57275390625,651.0335083007812,1245.2471923828125,86.90167236328125,34.977996826171875,20250225-155353
54,18446744073709551615,0,0.79296875,605.2001953125,1640.737060546875,278.15423583984375,185.30108642578125,20250225-155353
54,18446744073709551615,0,0.79736328125,644.9606323242188,548.2939453125,162.93411254882812,175.93304443359375,20250225-155353
54,18446744073709551615,0,0.84228515625,633.4295654296875,218.42230224609375,247.07350158691406,341.7867736816406,20250225-155353
54,18446744073709551615,0,0.92138671875,469.62835693359375,1.0031890869140625,420.94378662109375,598.6883544921875,20250225-155353
54,18446744073709551615,0,0.935546875,97.00497436523438,445.8446044921875,1203.202880859375,970.3877563476562,20250225-155353
55,18446744073709551615,0,0.2288818359375,703.83544921875,1533.167724609375,78.54052734375,71.03457641601562,20250225-155353
55,18446744073709551615,0,0.253173828125,703.9465942382812,1480.852783203125,117.23931884765625,123.27328491210938,20250225-155353
55,18446744073709551615,0,0.25390625,659.408935546875,1687.3297119140625,61.6292724609375,81.86965942382812,20250225-155353
55,18446744073709551615,0,0.55810546875,619.4561767578125,1344.1065673828125,197.00042724609375,184.61590576171875,20250225-155353
55,18446744073709551615,0,0.56103515625,651.2091064453125,1242.595458984375,84.00833129882812,34.07647705078125,20250225-155353
55,18446744073709551615,0,0.57470703125,658.5899658203125,463.8882751464844,101.28163146972656,168.1263427734375,20250225-155353
55,18446744073709551615,0,0.73583984375,604.8189697265625,1638.432373046875,280.4534912109375,185.03018188476562,20250225-155353
55,18446744073709551615,0,0.783203125,644.6607055664062,549.2228393554688,162.1714324951172,174.94674682617188,20250225-155353
55,18446744073709551615,0,0.83642578125,633.612060546875,216.39418029785156,250.2121124267578,342.7467041015625,20250225-155353
55,18446744073709551615,0,0.923828125,469.6190185546875,0.82470703125,421.06146240234375,599.1340942382812,20250225-155353
55,18446744073709551615,0,0.93798828125,94.39956665039062,445.7586669921875,1201.51318359375,973.412109375,20250225-155353
56,18446744073709551615,0,0.2322998046875,703.8045043945312,1534.406494140625,77.85626220703125,70.53414916992188,20250225-155353
56,18446744073709551615,0,0.2421875,704.2628173828125,1484.0716552734375,100.4747314453125,120.298095703125,20250225-155353
56,18446744073709551615,0,0.25830078125,659.0780639648438,1687.587646484375,60.5994873046875,82.32293701171875,20250225-155353
56,18446744073709551615,0,0.406494140625,620.23095703125,1346.056640625,267.5302734375,291.47772216796875,20250225-155353
56,18446744073709551615,0,0.4970703125,650.8707275390625,1237.7105712890625,82.6263427734375,33.781768798828125,20250225-155353
56,18446744073709551615,0,0.595703125,657.4114379882812,436.0469055175781,132.00128173828125,165.87002563476562,20250225-155353
56,18446744073709551615,0,0.77197265625,605.4334716796875,1640.072509765625,278.91064453125,186.37481689453125,20250225-155353
56,18446744073709551615,0,0.78076171875,644.476318359375,549.0267333984375,162.45657348632812,175.40542602539062,20250225-155353
56,18446744073709551615,0,0.8349609375,633.98828125,216.6460418701172,249.18026733398438,341.74273681640625,20250225-155353
56,18446744073709551615,0,0.9208984375,469.35333251953125,1.2022247314453125,420.23638916015625,598.9854736328125,20250225-155353
56,18446744073709551615,0,0.9404296875,94.8955078125,445.26849365234375,1203.8887939453125,972.4200439453125,20250225-155353
57,18446744073709551615,0,0.290283203125,704.8672485351562,1531.165283203125,81.509033203125,71.18161010742188,20250225-155353
57,18446744073709551615,0,0.316650390625,658.9757080078125,1687.23388671875,61.9921875,83.44610595703125,20250225-155353
57,18446744073709551615,0,0.338134765625,650.054931640625,1231.687255859375,83.33111572265625,33.66961669921875,20250225-155353
57,18446744073709551615,0,0.4677734375,619.9390869140625,1345.533203125,199.7332763671875,184.49917602539062,20250225-155353
57,18446744073709551615,0,0.5205078125,654.68408203125,437.13409423828125,130.02511596679688,168.65817260742188,20250225-155353
57,18446744073709551615,0,0.67822265625,604.4326171875,1639.623779296875,280.2711181640625,189.67630004882812,20250225-155353
57,18446744073709551615,0,0.79052734375,644.6317749023438,546.5696411132812,164.85003662109375,176.72854614257812,20250225-155353
57,18446744073709551615,0,0.857421875,632.7485961914062,216.69158935546875,248.5594024658203,341.9931335449219,20250225-155353
57,18446744073709551615,0,0.9228515625,469.46832275390625,1.0107421875,421.943603515625,599.1326904296875,20250225-155353
57,18446744073709551615,0,0.9365234375,95.04405212402344,445.8265380859375,1203.8953857421875,971.97509765625,20250225-155353
58,18446744073709551615,0,0.2401123046875,659.1954345703125,1686.646484375,62.93701171875,82.37741088867188,20250225-155353
58,18446744073709551615,0,0.271240234375,705.0106201171875,1496.7474365234375,115.58267211914062,106.22909545898438,20250225-155353
58,18446744073709551615,0,0.287841796875,650.0478515625,1227.79931640625,82.07675170898438,33.421783447265625,20250225-155353
58,18446744073709551615,0,0.4775390625,671.8905029296875,461.0185546875,106.20405578613281,152.12933349609375,20250225-155353
58,18446744073709551615,0,0.5380859375,603.3338623046875,1639.37939453125,279.6961669921875,370.29034423828125,20250225-155353
58,18446744073709551615,0,0.56787109375,619.2103271484375,1344.876220703125,200.47467041015625,186.74972534179688,20250225-155353
58,18446744073709551615,0,0.7822265625,645.2942504882812,547.2920532226562,163.92599487304688,173.27224731445312,20250225-155353
58,18446744073709551615,0,0.83984375,632.2124633789062,220.73268127441406,244.50228881835938,340.4609069824219,20250225-155353
58,18446744073709551615,0,0.9208984375,470.55120849609375,1.2007598876953125,420.0173034667969,597.9925537109375,20250225-155353
58,18446744073709551615,0,0.93603515625,85.8826904296875,445.292724609375,1206.697021484375,981.1199340820312,20250225-155353
59,18446744073709551615,0,0.31494140625,705.5306396484375,1488.9012451171875,123.412353515625,113.99514770507812,20250225-155353
59,18446744073709551615,0,0.323486328125,659.1861572265625,1686.598388671875,62.18353271484375,82.27532958984375,20250225-155353
59,18446744073709551615,0,0.441650390625,664.9502563476562,429.228515625,138.83688354492188,157.44589233398438,20250225-155353
59,18446744073709551615,0,0.46484375,650.7185668945312,1223.447998046875,77.78439331054688,34.110626220703125,20250225-155353
59,18446744073709551615,0,0.609375,619.6261596679688,1344.09033203125,197.09783935546875,183.21688842773438,20250225-155353
59,18446744073709551615,0,0.71240234375,604.4229125976562,1639.35498046875,280.35406494140625,187.36083984375,20250225-155353
59,18446744073709551615,0,0.78271484375,645.1573486328125,548.17822265625,163.18885803222656,173.37451171875,20250225-155353
59,18446744073709551615,0,0.84423828125,632.3032836914062,218.41854858398438,247.4853515625,339.7486267089844,20250225-155353
59,18446744073709551615,0,0.9228515625,469.4761962890625,1.1971893310546875,420.97174072265625,599.1304321289062,20250225-155353
59,18446744073709551615,0,0.93701171875,84.74533081054688,445.7545166015625,1204.8570556640625,982.27734375,20250225-155353
60,18446744073709551615,0,0.2393798828125,659.1981811523438,1685.8787841796875,63.39422607421875,82.66909790039062,20250225-155353
60,18446744073709551615,0,0.279052734375,706.051025390625,1490.248291015625,119.99981689453125,114.87094116210938,20250225-155353
60,18446744073709551615,0,0.450439453125,650.1719970703125,1217.0438232421875,76.11666870117188,33.9986572265625,20250225-155353
60,18446744073709551615,0,0.5419921875,619.9367065429688,1343.2119140625,197.940673828125,182.76919555664062,20250225-155353
60,18446744073709551615,0,0.56591796875,662.975830078125,432.8899841308594,133.91940307617188,160.53817749023438,20250225-155353
60,18446744073709551615,0,0.7822265625,604.4534912109375,1639.3154296875,279.75238037109375,183.18035888671875,20250225-155353
60,18446744073709551615,0,0.79443359375,645.0516357421875,547.9525146484375,164.3828887939453,174.5093994140625,20250225-155353
60,18446744073709551615,0,0.85986328125,631.6514282226562,220.75099182128906,244.73094177246094,339.94720458984375,20250225-155353
60,18446744073709551615,0,0.9208984375,469.6127014160156,1.2021331787109375,421.83929443359375,599.3104248046875,20250225-155353
60,18446744073709551615,0,0.93603515625,87.97824096679688,445.12738037109375,1206.946533203125,979.1561279296875,20250225-155353
61,18446744073709551615,0,0.250244140625,659.11376953125,1686.27685546875,62.21282958984375,83.08859252929688,20250225-155353
61,18446744073709551615,0,0.251708984375,704.952392578125,1490.327392578125,119.66738891601562,114.70431518554688,20250225-155353
61,18446744073709551615,0,0.37744140625,651.0309448242188,1211.15869140625,74.71847534179688,34.35223388671875,20250225-155353
61,18446744073709551615,0,0.5390625,619.8914794921875,1344.419677734375,195.415283203125,180.72097778320312,20250225-155353
61,18446744073709551615,0,0.58056640625,665.7947998046875,434.3497009277344,131.9029083251953,157.86419677734375,20250225-155353
61,18446744073709551615,0,0.78271484375,604.3903198242188,1639.30517578125,279.67401123046875,183.66494750976562,20250225-155353
61,18446744073709551615,0,0.79296875,645.1257934570312,549.2554321289062,163.17210388183594,173.8388671875,20250225-155353
61,18446744073709551615,0,0.8603515625,632.306396484375,217.62478637695312,248.24537658691406,340.7105712890625,20250225-155353
61,18446744073709551615,0,0.91943359375,470.01837158203125,1.0187530517578125,420.49908447265625,598.7048950195312,20250225-155353
61,18446744073709551615,0,0.93212890625,84.21304321289062,443.85003662109375,1210.9324951171875,982.7682495117188,20250225-155353
62,18446744073709551615,0,0.259765625,705.185302734375,1490.486083984375,120.368408203125,118.35964965820312,20250225-155353
62,18446744073709551615,0,0.2958984375,659.4261474609375,1686.8448486328125,61.56134033203125,82.10055541992188,20250225-155353
62,18446744073709551615,0,0.376708984375,654.3369140625,1203.15380859375,77.31088256835938,33.396331787109375,20250225-155353
62,18446744073709551615,0,0.56201171875,619.8319702148438,1343.9794921875,196.37750244140625,183.78067016601562,20250225-155353
62,18446744073709551615,0,0.68408203125,662.7147216796875,433.9620361328125,132.39688110351562,161.3997802734375,20250225-155353
62,18446744073709551615,0,0.7841796875,645.3638305664062,548.4247436523438,164.26007080078125,172.64236450195312,20250225-155353
62,18446744073709551615,0,0.849609375,604.844482421875,1639.4835205078125,279.39111328125,180.17742919921875,20250225-155353
62,18446744073709551615,0,0.86376953125,631.8538818359375,217.07798767089844,247.9922332763672,342.0355224609375,20250225-155353
62,18446744073709551615,0,0.9208984375,470.28240966796875,1.389404296875,420.33514404296875,598.5980224609375,20250225-155353
62,18446744073709551615,0,0.931640625,84.72821044921875,441.92633056640625,1212.998046875,982.3606567382812,20250225-155353
63,18446744073709551615,0,0.2120361328125,659.1557006835938,1686.1263427734375,61.56829833984375,81.89328002929688,20250225-155353
63,18446744073709551615,0,0.272705078125,704.7335815429688,1491.652099609375,118.63201904296875,117.65341186523438,20250225-155353
63,18446744073709551615,0,0.5498046875,619.91455078125,1342.4805908203125,198.654052734375,183.38919067382812,20250225-155353
63,18446744073709551615,0,0.63623046875,664.1387329101562,428.7197570800781,137.581787109375,159.40594482421875,20250225-155353
63,18446744073709551615,0,0.787109375,645.133544921875,547.7896728515625,164.16270446777344,173.064697265625,20250225-155353
63,18446744073709551615,0,0.86572265625,631.5684814453125,216.7587890625,248.65493774414062,342.5825500488281,20250225-155353
63,18446744073709551615,0,0.86865234375,604.8951416015625,1639.3095703125,279.74725341796875,175.29107666015625,20250225-155353
63,18446744073709551615,0,0.9228515625,470.6832275390625,1.0149993896484375,420.6395263671875,597.9368896484375,20250225-155353
63,18446744073709551615,0,0.93017578125,82.28558349609375,443.32781982421875,1213.56494140625,984.9635009765625,20250225-155353
64,18446744073709551615,0,0.230224609375,659.2673950195312,1684.811767578125,63.719970703125,82.98550415039062,20250225-155353
64,18446744073709551615,0,0.3056640625,704.884521484375,1485.4661865234375,92.11962890625,119.5872802734375,20250225-155353
64,18446744073709551615,0,0.60205078125,618.8259887695312,1341.516845703125,197.895263671875,181.59475708007812,20250225-155353
64,18446744073709551615,0,0.70556640625,663.4814453125,427.13970947265625,138.73196411132812,160.66131591796875,20250225-155353
64,18446744073709551615,0,0.78466796875,645.1213989257812,547.2406005859375,165.21139526367188,173.64559936523438,20250225-155353
64,18446744073709551615,0,0.85107421875,630.9314575195312,216.02572631835938,249.38644409179688,342.7563171386719,20250225-155353
64,18446744073709551615,0,0.8544921875,604.8209228515625,1639.673828125,279.287109375,176.90570068359375,20250225-155353
64,18446744073709551615,0,0.92041015625,469.493408203125,1.2057037353515625,420.73114013671875,599.0738525390625,20250225-155353
64,18446744073709551615,0,0.9287109375,85.6966552734375,445.33026123046875,1214.595458984375,981.4339599609375,20250225-155353
65,18446744073709551615,0,0.2088623046875,705.404541015625,1532.815673828125,76.26251220703125,71.6590576171875,20250225-155353
65,18446744073709551615,0,0.244384765625,704.2369384765625,1485.25830078125,98.78997802734375,122.19268798828125,20250225-155353
65,18446744073709551615,0,0.25390625,659.3985595703125,1685.906982421875,63.02691650390625,83.1573486328125,20250225-155353
65,18446744073709551615,0,0.60107421875,619.089111328125,1341.2294921875,201.07562255859375,182.63772583007812,20250225-155353
65,18446744073709551615,0,0.6298828125,664.0081787109375,429.35540771484375,135.7719268798828,160.42446899414062,20250225-155353
65,18446744073709551615,0,0.80322265625,644.79931640625,546.8040161132812,165.03359985351562,174.90765380859375,20250225-155353
65,18446744073709551615,0,0.82080078125,604.1246337890625,1639.8284912109375,279.02984619140625,176.82540893554688,20250225-155353
65,18446744073709551615,0,0.8681640625,631.4853515625,217.2568817138672,248.27101135253906,341.4085693359375,20250225-155353
65,18446744073709551615,0,0.9228515625,470.69146728515625,1.2029571533203125,420.1046447753906,597.6978149414062,20250225-155353
65,18446744073709551615,0,0.92578125,78.0560302734375,444.82745361328125,1216.996826171875,989.0996704101562,20250225-155353
66,18446744073709551615,0,0.30322265625,704.2058715820312,1485.443359375,95.78155517578125,120.7408447265625,20250225-155353
66,18446744073709551615,0,0.6376953125,664.0726318359375,431.8363037109375,135.92454528808594,160.00845336914062,20250225-155353
66,18446744073709551615,0,0.642578125,619.32421875,1341.3255615234375,199.80706787109375,183.46994018554688,20250225-155353
66,18446744073709551615,0,0.7900390625,644.9697875976562,548.02197265625,164.7392120361328,172.831787109375,20250225-155353
66,18446744073709551615,0,0.79736328125,603.8770751953125,1638.10546875,281.197265625,176.22079467773438,20250225-155353
66,18446744073709551615,0,0.85888671875,634.0921630859375,215.97560119628906,250.0657196044922,340.16436767578125,20250225-155353
66,18446744073709551615,0,0.92236328125,470.4247741699219,1.014862060546875,420.28106689453125,598.1306762695312,20250225-155353
66,18446744073709551615,0,0.927734375,84.34469604492188,445.271484375,1210.16943359375,983.0701904296875,20250225-155353
67,18446744073709551615,0,0.2186279296875,659.540283203125,1686.1146240234375,61.41357421875,80.8428955078125,20250225-155353
67,18446744073709551615,0,0.2958984375,704.1544189453125,1484.205810546875,102.233642578125,121.70407104492188,20250225-155353
67,18446744073709551615,0,0.5869140625,665.5435180664062,433.5923767089844,132.4109344482422,157.878662109375,20250225-155353
67,18446744073709551615,0,0.65576171875,619.2628784179688,1341.4075927734375,200.1793212890625,183.05886840820312,20250225-155353
67,18446744073709551615,0,0.8076171875,644.2337036132812,548.973388671875,163.88552856445312,174.9407958984375,20250225-155353
67,18446744073709551615,0,0.83203125,603.721923828125,1638.387451171875,280.8380126953125,176.88848876953125,20250225-155353
67,18446744073709551615,0,0.8359375,633.98779296875,218.35716247558594,247.65911865234375,341.67132568359375,20250225-155353
67,18446744073709551615,0,0.9208984375,470.0394287109375,1.1977386474609375,424.0467529296875,598.43701171875,20250225-155353
67,18446744073709551615,0,0.9287109375,84.10011291503906,444.00750732421875,1215.471923828125,983.3565673828125,20250225-155353
68,18446744073709551615,0,0.303955078125,703.840576171875,1486.585205078125,91.98614501953125,124.31185913085938,20250225-155353
68,18446744073709551615,0,0.5859375,619.09814453125,1341.734619140625,199.60931396484375,184.497802734375,20250225-155353
68,18446744073709551615,0,0.61962890625,667.3311767578125,430.8686828613281,125.11061096191406,155.96493530273438,20250225-155353
68,18446744073709551615,0,0.818359375,644.7132568359375,547.8881225585938,164.71261596679688,175.10421752929688,20250225-155353
68,18446744073709551615,0,0.85009765625,603.483642578125,1637.5023193359375,281.93829345703125,181.14202880859375,20250225-155353
68,18446744073709551615,0,0.8515625,634.5599365234375,216.55856323242188,249.5402069091797,341.178955078125,20250225-155353
68,18446744073709551615,0,0.92138671875,471.216064453125,1.196044921875,424.70819091796875,597.4368896484375,20250225-155353
68,18446744073709551615,0,0.931640625,88.12115478515625,445.201171875,1219.71533203125,979.2242431640625,20250225-155353
69,18446744073709551615,0,0.30322265625,704.5457153320312,1486.510986328125,91.37274169921875,122.66244506835938,20250225-155353
69,18446744073709551615,0,0.318359375,660.33251953125,1686.5570068359375,58.2802734375,80.75180053710938,20250225-155353
69,18446744073709551615,0,0.65380859375,667.445068359375,430.03466796875,128.38394165039062,155.6689453125,20250225-155353
69,18446744073709551615,0,0.66455078125,619.0343017578125,1343.159912109375,195.15380859375,181.49176025390625,20250225-155353
69,18446744073709551615,0,0.82666015625,644.3391723632812,548.3954467773438,164.203857421875,175.63760375976562,20250225-155353
69,18446744073709551615,0,0.833984375,602.468994140625,1637.15771484375,282.27301025390625,182.10287475585938,20250225-155353
69,18446744073709551615,0,0.8359375,634.4908447265625,219.49246215820312,248.17153930664062,342.0911865234375,20250225-155353
69,18446744073709551615,0,0.9208984375,471.22540283203125,1.014129638671875,422.1239318847656,597.2081298828125,20250225-155353
69,18446744073709551615,0,0.92919921875,88.25871276855469,442.9478759765625,1221.1212158203125,978.990234375,20250225-155353
70,18446744073709551615,0,0.285400390625,659.7647705078125,1686.5496826171875,57.91058349609375,80.8992919921875,20250225-155353
70,18446744073709551615,0,0.296630859375,705.684326171875,1484.1595458984375,92.69549560546875,186.48193359375,20250225-155353
70,18446744073709551615,0,0.615234375,618.7430419921875,1341.416015625,197.5279541015625,181.15859985351562,20250225-155353
70,18446744073709551615,0,0.67138671875,601.9207763671875,1637.778564453125,282.22137451171875,183.35861206054688,20250225-155353
70,18446744073709551615,0,0.7294921875,667.8028564453125,430.6654357910156,127.71391296386719,155.58837890625,20250225-155353
70,18446744073709551615,0,0.82421875,634.5250854492188,218.35171508789062,248.75967407226562,342.7159423828125,20250225-155353
70,18446744073709551615,0,0.8642578125,644.6419677734375,550.2125244140625,164.35244750976562,174.110595703125,20250225-155353
70,18446744073709551615,0,0.92041015625,471.226318359375,1.2025909423828125,421.24273681640625,596.9403076171875,20250225-155353
70,18446744073709551615,0,0.93115234375,88.51071166992188,445.19879150390625,1215.7576904296875,978.7996215820312,20250225-155353
71,18446744073709551615,0,0.3173828125,704.333740234375,1483.948974609375,92.62353515625,191.96795654296875,20250225-155353
71,18446744073709551615,0,0.59375,618.6985473632812,1340.5792236328125,197.9263916015625,181.14871215820312,20250225-155353
71,18446744073709551615,0,0.67333984375,603.205078125,1639.8233642578125,280.1766357421875,181.0111083984375,20250225-155353
71,18446744073709551615,0,0.68701171875,666.1367797851562,431.57940673828125,119.95088195800781,156.86764526367188,20250225-155353
71,18446744073709551615,0,0.8271484375,643.493408203125,551.57763671875,164.52813720703125,177.58749389648438,20250225-155353
71,18446744073709551615,0,0.82763671875,634.680908203125,219.06321716308594,248.19676208496094,341.61859130859375,20250225-155353
71,18446744073709551615,0,0.91943359375,471.21588134765625,1.3909149169921875,422.2231750488281,597.1109619140625,20250225-155353
71,18446744073709551615,0,0.93115234375,85.94659423828125,443.7030029296875,1222.67431640625,981.3949584960938,20250225-155353
72,18446744073709551615,0,0.26513671875,704.2578735351562,1487.844482421875,86.50579833984375,121.30581665039062,20250225-155353
72,18446744073709551615,0,0.5888671875,618.4833984375,1341.7613525390625,197.3646240234375,182.79153442382812,20250225-155353
72,18446744073709551615,0,0.65380859375,602.8787841796875,1640.0570068359375,279.5753173828125,180.55105590820312,20250225-155353
72,18446744073709551615,0,0.6982421875,667.00244140625,429.81463623046875,131.47874450683594,156.30816650390625,20250225-155353
72,18446744073709551615,0,0.83154296875,634.5862426757812,216.7880859375,249.86407470703125,341.5884704589844,20250225-155353
72,18446744073709551615,0,0.8359375,643.75634765625,549.114990234375,167.09078979492188,179.11605834960938,20250225-155353
72,18446744073709551615,0,0.919921875,471.34808349609375,1.3917388916015625,421.5176696777344,597.5213012695312,20250225-155353
72,18446744073709551615,0,0.92919921875,79.80450439453125,439.25115966796875,1227.00634765625,987.6066284179688,20250225-155353
73,18446744073709551615,0,0.23583984375,698.0432739257812,1483.43115234375,93.31787109375,195.87789916992188,20250225-155353
73,18446744073709551615,0,0.6376953125,602.5610961914062,1638.7294921875,281.02899169921875,182.20193481445312,20250225-155353
73,18446744073709551615,0,0.6513671875,618.385009765625,1343.30908203125,194.5704345703125,180.22540283203125,20250225-155353
73,18446744073709551615,0,0.7333984375,667.4793090820312,429.4810791015625,133.39791870117188,156.169921875,20250225-155353
73,18446744073709551615,0,0.810546875,632.1551513671875,216.4375762939453,250.18359375,340.0184326171875,20250225-155353
73,18446744073709551615,0,0.83642578125,643.3306274414062,549.94580078125,166.29615783691406,181.35983276367188,20250225-155353
73,18446744073709551615,0,0.92041015625,471.3797607421875,1.215911865234375,420.29608154296875,597.64111328125,20250225-155353
73,18446744073709551615,0,0.92919921875,91.93894958496094,440.71356201171875,1222.9991455078125,975.4552001953125,20250225-155353
74,18446744073709551615,0,0.216064453125,700.35986328125,1483.008544921875,91.9423828125,193.72119140625,20250225-155353
74,18446744073709551615,0,0.58154296875,618.226318359375,1342.3516845703125,199.14239501953125,180.92111206054688,20250225-155353
74,18446744073709551615,0,0.705078125,666.24462890625,432.850341796875,129.03785705566406,157.33731079101562,20250225-155353
74,18446744073709551615,0,0.80419921875,602.4564208984375,1638.72607421875,281.27398681640625,180.16754150390625,20250225-155353
74,18446744073709551615,0,0.83984375,643.6799926757812,543.69189453125,172.72677612304688,180.52798461914062,20250225-155353
74,18446744073709551615,0,0.84814453125,630.75732421875,218.10873413085938,247.83792114257812,341.5828857421875,20250225-155353
74,18446744073709551615,0,0.91943359375,471.98236083984375,1.2001190185546875,425.31719970703125,596.967041015625,20250225-155353
74,18446744073709551615,0,0.92724609375,86.33244323730469,441.40631103515625,1226.881103515625,981.068115234375,20250225-155353
75,18446744073709551615,0,0.356689453125,704.5025024414062,1483.262451171875,92.22088623046875,191.11065673828125,20250225-155354
75,18446744073709551615,0,0.60498046875,618.4486083984375,1341.47802734375,196.53607177734375,179.23709106445312,20250225-155354
75,18446744073709551615,0,0.73193359375,665.749755859375,431.20989990234375,123.69648742675781,157.1788330078125,20250225-155354
75,18446744073709551615,0,0.80078125,602.119384765625,1636.8583984375,282.609375,183.28472900390625,20250225-155354
75,18446744073709551615,0,0.8544921875,643.100830078125,535.812255859375,180.29722595214844,180.76766967773438,20250225-155354
75,18446744073709551615,0,0.85595703125,631.1163940429688,216.9803924560547,249.7841033935547,343.5696716308594,20250225-155354
75,18446744073709551615,0,0.9189453125,470.964111328125,1.01422119140625,421.83544921875,597.7891845703125,20250225-155354
75,18446744073709551615,0,0.93115234375,88.38212585449219,442.9300537109375,1223.02001953125,978.8162841796875,20250225-155354
76,18446744073709551615,0,0.277587890625,705.278564453125,1484.198974609375,91.00982666015625,186.17083740234375,20250225-155354
76,18446744073709551615,0,0.5439453125,618.1994018554688,1342.001953125,198.535400390625,179.73660278320312,20250225-155354
76,18446744073709551615,0,0.56787109375,601.2149047851562,1640.294677734375,278.85955810546875,187.42410278320312,20250225-155354
76,18446744073709551615,0,0.7548828125,665.4459228515625,427.4636535644531,121.42007446289062,157.35369873046875,20250225-155354
76,18446744073709551615,0,0.85302734375,643.1978759765625,535.086181640625,180.01808166503906,180.75457763671875,20250225-155354
76,18446744073709551615,0,0.865234375,631.115478515625,219.0007781982422,246.7144317626953,341.6239929199219,20250225-155354
76,18446744073709551615,0,0.9208984375,472.23193359375,1.1982421875,423.1241455078125,596.2874755859375,20250225-155354
76,18446744073709551615,0,0.9326171875,84.89295959472656,442.14825439453125,1224.126953125,982.130859375,20250225-155354
77,18446744073709551615,0,0.2666015625,702.0048828125,1482.638671875,92.4327392578125,191.1339111328125,20250225-155354
77,18446744073709551615,0,0.5458984375,618.4843139648438,1341.611083984375,198.37060546875,180.78909301757812,20250225-155354
77,18446744073709551615,0,0.63427734375,601.6876220703125,1638.85546875,281.14453125,185.5133056640625,20250225-155354
77,18446744073709551615,0,0.7646484375,665.3644409179688,429.6830749511719,120.85249328613281,157.63906860351562,20250225-155354
77,18446744073709551615,0,0.85400390625,643.8956909179688,532.324951171875,182.44244384765625,179.12777709960938,20250225-155354
77,18446744073709551615,0,0.86083984375,631.0178833007812,218.3002166748047,247.68548583984375,341.0505065917969,20250225-155354
77,18446744073709551615,0,0.91943359375,470.82861328125,1.38519287109375,424.8837890625,597.8263549804688,20250225-155354
77,18446744073709551615,0,0.9287109375,86.0225830078125,442.65924072265625,1223.275634765625,981.2171630859375,20250225-155354
78,18446744073709551615,0,0.28369140625,682.3350219726562,1859.4678955078125,59.64385986328125,95.79693603515625,20250225-155354
78,18446744073709551615,0,0.29833984375,704.2532958984375,1487.1507568359375,86.75738525390625,121.8497314453125,20250225-155354
78,18446744073709551615,0,0.5869140625,618.2540283203125,1340.87841796875,199.3406982421875,183.84722900390625,20250225-155354
78,18446744073709551615,0,0.611328125,600.5947265625,1636.0107421875,283.02374267578125,373.3742980957031,20250225-155354
78,18446744073709551615,0,0.77783203125,664.72314453125,428.9698791503906,124.2755126953125,158.35858154296875,20250225-155354
78,18446744073709551615,0,0.84765625,642.9457397460938,532.2948608398438,181.98577880859375,179.84088134765625,20250225-155354
78,18446744073709551615,0,0.8720703125,631.0338134765625,216.99215698242188,248.87974548339844,342.3020324707031,20250225-155354
78,18446744073709551615,0,0.92041015625,470.953857421875,1.387939453125,421.8000183105469,597.722900390625,20250225-155354
78,18446744073709551615,0,0.9306640625,81.32148742675781,441.175048828125,1227.375732421875,985.65966796875,20250225-155354
79,18446744073709551615,0,0.202392578125,674.7325439453125,1871.3492431640625,47.8685302734375,84.07305908203125,20250225-155354
79,18446744073709551615,0,0.2330322265625,704.1992797851562,1490.966064453125,83.25457763671875,121.45504760742188,20250225-155354
79,18446744073709551615,0,0.515625,618.339599609375,1340.9609375,199.629638671875,184.81915283203125,20250225-155354
79,18446744073709551615,0,0.56201171875,599.88525390625,1635.5130615234375,284.40106201171875,185.44683837890625,20250225-155354
79,18446744073709551615,0,0.6123046875,665.1580810546875,428.70068359375,128.32461547851562,158.61602783203125,20250225-155354
79,18446744073709551615,0,0.8388671875,643.9632568359375,534.7091674804688,179.1327667236328,179.29074096679688,20250225-155354
79,18446744073709551615,0,0.875,631.2218627929688,219.3955535888672,245.5432891845703,342.94610595703125,20250225-155354
79,18446744073709551615,0,0.919921875,470.29742431640625,1.2014007568359375,422.2215270996094,598.37109375,20250225-155354
79,18446744073709551615,0,0.9228515625,90.48779296875,438.89520263671875,1231.728759765625,976.5170288085938,20250225-155354
80,18446744073709551615,0,0.5244140625,618.0791015625,1343.373779296875,200.3323974609375,182.555419921875,20250225-155354
80,18446744073709551615,0,0.6669921875,600.6318969726562,1637.5213623046875,281.70941162109375,373.99127197265625,20250225-155354
80,18446744073709551615,0,0.68408203125,664.2275390625,425.8509521484375,130.6164093017578,158.60284423828125,20250225-155354
80,18446744073709551615,0,0.859375,644.4169921875,529.59765625,183.37417602539062,179.20294189453125,20250225-155354
80,18446744073709551615,0,0.8681640625,631.2214965820312,220.41050720214844,245.93751525878906,342.7998962402344,20250225-155354
80,18446744073709551615,0,0.919921875,470.426513671875,1.0084991455078125,423.3772888183594,598.44384765625,20250225-155354
80,18446744073709551615,0,0.92578125,80.77560424804688,439.23779296875,1229.390380859375,986.4288940429688,20250225-155354
81,18446744073709551615,0,0.4990234375,618.3896484375,1342.654052734375,206.25531005859375,183.26531982421875,20250225-155354
81,18446744073709551615,0,0.57568359375,664.435546875,425.4846496582031,131.80274963378906,158.47293090820312,20250225-155354
81,18446744073709551615,0,0.6416015625,600.3870849609375,1637.795654296875,281.4510498046875,376.2159118652344,20250225-155354
81,18446744073709551615,0,0.85693359375,645.2076416015625,528.5548095703125,185.1160125732422,178.89321899414062,20250225-155354
81,18446744073709551615,0,0.87060546875,631.4888305664062,219.59262084960938,245.70455932617188,341.214111328125,20250225-155354
81,18446744073709551615,0,0.9189453125,470.42578125,1.196868896484375,423.88348388671875,598.6077880859375,20250225-155354
81,18446744073709551615,0,0.9287109375,98.74626159667969,442.401123046875,1223.78564453125,967.588623046875,20250225-155354
82,18446744073709551615,0,0.61669921875,618.258056640625,1343.625,196.3458251953125,181.56976318359375,20250225-155354
82,18446744073709551615,0,0.6591796875,664.5736083984375,420.7601623535156,112.93807983398438,159.144287109375,20250225-155354
82,18446744073709551615,0,0.6826171875,600.3262939453125,1639.0645751953125,280.01531982421875,379.3120422363281,20250225-155354
82,18446744073709551615,0,0.857421875,646.1202392578125,528.1026611328125,185.08799743652344,178.17453002929688,20250225-155354
82,18446744073709551615,0,0.87109375,635.53564453125,217.81723022460938,248.32205200195312,340.1934814453125,20250225-155354
82,18446744073709551615,0,0.91943359375,470.29742431640625,1.192657470703125,422.73736572265625,598.3623046875,20250225-155354
82,18446744073709551615,0,0.92626953125,88.5347900390625,440.3992919921875,1228.2769775390625,978.46142578125,20250225-155354
83,18446744073709551615,0,0.2371826171875,655.7261352539062,1882.24365234375,37.07611083984375,126.46243286132812,20250225-155354
83,18446744073709551615,0,0.595703125,617.8617553710938,1341.3826904296875,203.24981689453125,187.78125,20250225-155354
83,18446744073709551615,0,0.67333984375,600.1519775390625,1639.7867431640625,279.49053955078125,379.50347900390625,20250225-155354
83,18446744073709551615,0,0.69921875,664.4053344726562,421.1023864746094,106.49647521972656,159.31887817382812,20250225-155354
83,18446744073709551615,0,0.83837890625,646.197021484375,516.5479736328125,195.77206420898438,177.54583740234375,20250225-155354
83,18446744073709551615,0,0.8720703125,635.048583984375,218.14984130859375,247.46987915039062,339.3101806640625,20250225-155354
83,18446744073709551615,0,0.92236328125,469.89093017578125,1.3870697021484375,423.65228271484375,598.7411499023438,20250225-155354
83,18446744073709551615,0,0.9296875,85.78701782226562,441.36236572265625,1228.594482421875,981.42333984375,20250225-155354
84,18446744073709551615,0,0.61669921875,618.1093139648438,1341.943359375,200.1441650390625,185.67068481445312,20250225-155354
84,18446744073709551615,0,0.7470703125,664.8779296875,420.6255798339844,100.96957397460938,158.43841552734375,20250225-155354
84,18446744073709551615,0,0.78662109375,599.7850341796875,1639.61279296875,279.32977294921875,377.5448913574219,20250225-155354
84,18446744073709551615,0,0.81982421875,645.7265625,508.6201171875,203.92355346679688,177.14126586914062,20250225-155354
84,18446744073709551615,0,0.86669921875,635.07275390625,218.4456024169922,247.58230590820312,339.1817321777344,20250225-155354
84,18446744073709551615,0,0.9169921875,470.96173095703125,1.3824462890625,427.474365234375,597.7105712890625,20250225-155354
84,18446744073709551615,0,0.92919921875,88.68768310546875,440.34100341796875,1227.810791015625,978.2113037109375,20250225-155354
85,18446744073709551615,0,0.57763671875,666.5584716796875,423.54620361328125,93.74276733398438,127.57919311523438,20250225-155354
85,18446744073709551615,0,0.60107421875,601.3187255859375,1640.612548828125,278.5396728515625,375.2201843261719,20250225-155354
85,18446744073709551615,0,0.62451171875,646.8356323242188,459.74066162109375,254.3134002685547,176.42642211914062,20250225-155354
85,18446744073709551615,0,0.626953125,618.0975341796875,1340.9769287109375,199.14404296875,181.11639404296875,20250225-155354
85,18446744073709551615,0,0.85595703125,631.6821899414062,218.2074737548828,244.6190643310547,340.2794494628906,20250225-155354
85,18446744073709551615,0,0.91748046875,471.09503173828125,1.19879150390625,429.5321044921875,597.6795654296875,20250225-155354
85,18446744073709551615,0,0.93017578125,90.07260131835938,441.35101318359375,1229.646240234375,976.6805419921875,20250225-155354
86,18446744073709551615,0,0.2220458984375,690.5853881835938,1483.9874267578125,89.77880859375,202.92544555664062,20250225-155354
86,18446744073709551615,0,0.4619140625,601.704345703125,1641.42919921875,277.58221435546875,377.0841064453125,20250225-155354
86,18446744073709551615,0,0.4638671875,645.2664184570312,549.40283203125,164.70094299316406,177.20974731445312,20250225-155354
86,18446744073709551615,0,0.46875,666.6476440429688,423.5428466796875,91.50018310546875,120.98822021484375,20250225-155354
86,18446744073709551615,0,0.67333984375,618.6622314453125,1341.656982421875,195.6793212890625,181.75506591796875,20250225-155354
86,18446744073709551615,0,0.83154296875,632.2354736328125,217.94700622558594,241.97694396972656,342.0252685546875,20250225-155354
86,18446744073709551615,0,0.91357421875,471.3651123046875,1.2021331787109375,427.37109375,597.3297119140625,20250225-155354
86,18446744073709551615,0,0.9287109375,92.01837158203125,439.20526123046875,1230.4815673828125,974.75244140625,20250225-155354
87,18446744073709551615,0,0.2568359375,662.488525390625,759.255859375,57.568450927734375,21.97723388671875,20250225-155354
87,18446744073709551615,0,0.264404296875,659.85791015625,1646.604736328125,104.6385498046875,112.30123901367188,20250225-155354
87,18446744073709551615,0,0.4716796875,600.4557495117188,1649.619384765625,270.0179443359375,371.35858154296875,20250225-155354
87,18446744073709551615,0,0.60693359375,617.5962524414062,1339.5849609375,200.9066162109375,183.56890869140625,20250225-155354
87,18446744073709551615,0,0.681640625,665.6200561523438,420.87451171875,156.09649658203125,156.410888671875,20250225-155354
87,18446744073709551615,0,0.77587890625,645.1220703125,549.945556640625,165.90321350097656,175.15887451171875,20250225-155354
87,18446744073709551615,0,0.8115234375,630.9715576171875,218.96026611328125,236.06085205078125,339.17852783203125,20250225-155354
87,18446744073709551615,0,0.916015625,471.356689453125,1.583221435546875,424.3929748535156,597.2839965820312,20250225-155354
87,18446744073709551615,0,0.9306640625,84.43222045898438,441.28228759765625,1230.8250732421875,982.888916015625,20250225-155354
88,18446744073709551615,0,0.381103515625,661.4859008789062,754.7809448242188,62.08735656738281,23.408294677734375,20250225-155354
88,18446744073709551615,0,0.525390625,617.6306762695312,1341.317626953125,230.49554443359375,280.84332275390625,20250225-155354
88,18446744073709551615,0,0.529296875,666.3561401367188,417.6894836425781,149.62957763671875,157.90118408203125,20250225-155354
88,18446744073709551615,0,0.60595703125,601.45751953125,1643.389892578125,275.68212890625,376.1054992675781,20250225-155354
88,18446744073709551615,0,0.76904296875,644.800537109375,550.2574462890625,165.89955139160156,176.42083740234375,20250225-155354
88,18446744073709551615,0,0.8017578125,630.8065795898438,218.5308837890625,233.51596069335938,339.75494384765625,20250225-155354
88,18446744073709551615,0,0.91748046875,471.3617248535156,1.21490478515625,429.42572021484375,596.9474487304688,20250225-155354
88,18446744073709551615,0,0.93017578125,78.95645141601562,439.71441650390625,1233.3212890625,987.8827514648438,20250225-155354
89,18446744073709551615,0,0.453369140625,659.7572021484375,753.05322265625,61.74810791015625,24.837249755859375,20250225-155354
89,18446744073709551615,0,0.5859375,667.5933837890625,417.63592529296875,141.76528930664062,157.50100708007812,20250225-155354
89,18446744073709551615,0,0.615234375,617.7225952148438,1345.99365234375,196.7376708984375,182.5740966796875,20250225-155354
89,18446744073709551615,0,0.62890625,602.2012939453125,1646.074462890625,272.8641357421875,376.3162536621094,20250225-155354
89,18446744073709551615,0,0.7548828125,645.284912109375,549.7164916992188,168.10079956054688,175.6153564453125,20250225-155354
89,18446744073709551615,0,0.81005859375,631.1629028320312,218.16073608398438,231.77838134765625,338.2777404785156,20250225-155354
89,18446744073709551615,0,0.91796875,470.574462890625,1.223419189453125,423.24755859375,597.8148193359375,20250225-155354
89,18446744073709551615,0,0.92724609375,102.11325073242188,439.79034423828125,1228.2392578125,964.9531860351562,20250225-155354
90,18446744073709551615,0,0.236572265625,660.7109985351562,1644.28369140625,110.972900390625,112.19869995117188,20250225-155354
90,18446744073709551615,0,0.4921875,617.33349609375,1346.345458984375,202.3011474609375,183.0633544921875,20250225-155354
90,18446744073709551615,0,0.5068359375,659.1971435546875,750.5842895507812,62.923828125,25.5223388671875,20250225-155354
90,18446744073709551615,0,0.6142578125,603.7944946289062,1643.1719970703125,275.75152587890625,375.9013366699219,20250225-155354
90,18446744073709551615,0,0.6748046875,667.8960571289062,415.37274169921875,143.03480529785156,154.18716430664062,20250225-155354
90,18446744073709551615,0,0.76904296875,645.8880615234375,550.6070556640625,166.96673583984375,174.75631713867188,20250225-155354
90,18446744073709551615,0,0.8251953125,631.0728149414062,219.84571838378906,227.55638122558594,337.1809387207031,20250225-155354
90,18446744073709551615,0,0.916015625,469.9163818359375,1.39837646484375,425.8997497558594,598.5692138671875,20250225-155354
90,18446744073709551615,0,0.931640625,89.986083984375,439.35455322265625,1232.3756103515625,977.1487426757812,20250225-155354
91,18446744073709551615,0,0.21533203125,660.416015625,1684.5172119140625,72.5057373046875,88.3853759765625,20250225-155354
91,18446744073709551615,0,0.439697265625,619.1378173828125,1348.0361328125,265.2608642578125,272.0225830078125,20250225-155354
91,18446744073709551615,0,0.4990234375,658.5924682617188,749.1871337890625,59.8048095703125,25.138916015625,20250225-155354
91,18446744073709551615,0,0.552734375,603.8662719726562,1642.2799072265625,276.60003662109375,376.2871398925781,20250225-155354
91,18446744073709551615,0,0.63525390625,668.3133544921875,413.82861328125,145.13182067871094,154.358642578125,20250225-155354
91,18446744073709551615,0,0.783203125,646.724853515625,552.4313354492188,164.95413208007812,174.61477661132812,20250225-155354
91,18446744073709551615,0,0.8134765625,631.3383178710938,218.290283203125,233.9424591064453,341.0177307128906,20250225-155354
91,18446744073709551615,0,0.91650390625,470.44720458984375,1.396820068359375,425.2874755859375,597.9857177734375,20250225-155354
91,18446744073709551615,0,0.93017578125,89.75527954101562,440.78228759765625,1231.4169921875,977.2564086914062,20250225-155354
92,18446744073709551615,0,0.253173828125,659.5264892578125,1686.7393798828125,66.58172607421875,88.68594360351562,20250225-155354
92,18446744073709551615,0,0.4892578125,657.0917358398438,748.407958984375,60.860504150390625,27.348358154296875,20250225-155354
92,18446744073709551615,0,0.5283203125,617.5850830078125,1345.6732177734375,260.548828125,274.8287658691406,20250225-155354
92,18446744073709551615,0,0.60498046875,668.0518798828125,414.01995849609375,144.29122924804688,154.29510498046875,20250225-155354
92,18446744073709551615,0,0.71533203125,603.8994140625,1642.460205078125,276.3966064453125,375.7972412109375,20250225-155354
92,18446744073709551615,0,0.7724609375,646.6512451171875,551.8244018554688,166.06114196777344,174.03314208984375,20250225-155354
92,18446744073709551615,0,0.80517578125,631.3399658203125,217.3707275390625,233.4730682373047,340.9042053222656,20250225-155354
92,18446744073709551615,0,0.916015625,471.58209228515625,1.4673614501953125,422.95648193359375,596.9452514648438,20250225-155354
92,18446744073709551615,0,0.93212890625,89.06808471679688,440.2943115234375,1230.4609375,978.0807495117188,20250225-155354
93,18446744073709551615,0,0.27587890625,659.9461669921875,1641.97412109375,115.546142578125,113.70144653320312,20250225-155354
93,18446744073709551615,0,0.32861328125,667.142578125,410.5897521972656,148.84437561035156,154.88662719726562,20250225-155354
93,18446744073709551615,0,0.419677734375,656.6995239257812,749.3663330078125,60.56085205078125,26.5166015625,20250225-155354
93,18446744073709551615,0,0.544921875,616.9432983398438,1349.60302734375,202.7413330078125,184.6142578125,20250225-155354
93,18446744073709551615,0,0.64404296875,604.78857421875,1648.2052001953125,270.65240478515625,374.60467529296875,20250225-155354
93,18446744073709551615,0,0.7578125,646.8034057617188,551.0374145507812,166.94284057617188,172.84359741210938,20250225-155354
93,18446744073709551615,0,0.76904296875,629.9716796875,216.02783203125,237.44137573242188,335.47686767578125,20250225-155354
93,18446744073709551615,0,0.91357421875,468.8432922363281,1.68292236328125,426.1776123046875,599.165771484375,20250225-155354
93,18446744073709551615,0,0.92724609375,99.945556640625,440.200927734375,1232.0810546875,967.0354614257812,20250225-155354
94,18446744073709551615,0,0.28857421875,660.14306640625,1663.72119140625,97.461181640625,110.8077392578125,20250225-155354
94,18446744073709551615,0,0.42822265625,656.8291015625,751.5450439453125,61.48699951171875,27.4786376953125,20250225-155354
94,18446744073709551615,0,0.5,616.6774291992188,1350.61767578125,211.92938232421875,185.85488891601562,20250225-155354
94,18446744073709551615,0,0.5087890625,666.025146484375,410.7630615234375,148.05953979492188,157.33465576171875,20250225-155354
94,18446744073709551615,0,0.64599609375,604.9222412109375,1647.4595947265625,271.4736328125,374.4674377441406,20250225-155354
94,18446744073709551615,0,0.7626953125,646.65673828125,551.7251586914062,166.11968994140625,172.98623657226562,20250225-155354
94,18446744073709551615,0,0.798828125,630.201416015625,217.5230255126953,232.73062133789062,337.86273193359375,20250225-155354
94,18446744073709551615,0,0.9189453125,470.59423828125,1.218841552734375,424.9543762207031,597.398193359375,20250225-155354
94,18446744073709551615,0,0.92919921875,107.1925048828125,444.73846435546875,1222.964111328125,959.1183471679688,20250225-155354
95,18446744073709551615,0,0.2005615234375,654.416015625,1188.3922119140625,70.09689331054688,30.01922607421875,20250225-155354
95,18446744073709551615,0,0.25830078125,660.9700927734375,1681.484130859375,80.3748779296875,89.4517822265625,20250225-155354
95,18446744073709551615,0,0.447509765625,658.4547119140625,753.7333374023438,60.12744140625,26.42413330078125,20250225-155354
95,18446744073709551615,0,0.57568359375,615.7862548828125,1350.96630859375,221.80133056640625,270.73095703125,20250225-155354
95,18446744073709551615,0,0.62451171875,605.719482421875,1647.346435546875,271.61334228515625,375.8746032714844,20250225-155354
95,18446744073709551615,0,0.62451171875,665.193603515625,414.8016357421875,145.29295349121094,158.27938842773438,20250225-155354
95,18446744073709551615,0,0.798828125,646.795166015625,553.1475219726562,165.26348876953125,173.57611083984375,20250225-155354
95,18446744073709551615,0,0.8271484375,629.75537109375,219.7854766845703,224.31381225585938,338.5643005371094,20250225-155354
95,18446744073709551615,0,0.91845703125,470.44720458984375,1.031524658203125,427.11383056640625,597.6005859375,20250225-155354
95,18446744073709551615,0,0.92724609375,94.927734375,440.95989990234375,1228.29345703125,972.188232421875,20250225-155354
96,18446744073709551615,0,0.241455078125,660.5362548828125,1674.26806640625,89.31427001953125,91.447265625,20250225-155354
96,18446744073709551615,0,0.2666015625,652.4155883789062,1187.05859375,78.84228515625,33.207550048828125,20250225-155354
96,18446744073709551615,0,0.482421875,659.1995849609375,755.28515625,60.2545166015625,25.0166015625,20250225-155354
96,18446744073709551615,0,0.4970703125,617.2000122070312,1353.8818359375,225.4149169921875,271.8688659667969,20250225-155354
96,18446744073709551615,0,0.6748046875,606.1497802734375,1649.5323486328125,269.41094970703125,376.3663330078125,20250225-155354
96,18446744073709551615,0,0.7392578125,664.7225341796875,416.6042175292969,145.2118377685547,159.71392822265625,20250225-155354
96,18446744073709551615,0,0.80419921875,646.642578125,553.02685546875,165.6638946533203,172.7105712890625,20250225-155354
96,18446744073709551615,0,0.84765625,629.8606567382812,217.306640625,229.3678436279297,339.80364990234375,20250225-155354
96,18446744073709551615,0,0.91748046875,470.17620849609375,1.20501708984375,427.2887878417969,597.842041015625,20250225-155354
96,18446744073709551615,0,0.93115234375,86.42559814453125,441.4453125,1227.922607421875,980.7368774414062,20250225-155354
97,18446744073709551615,0,0.261962890625,659.7623291015625,1688.1676025390625,75.62164306640625,89.7041015625,20250225-155354
97,18446744073709551615,0,0.400634765625,650.9432373046875,1190.684814453125,83.77377319335938,34.239166259765625,20250225-155354
97,18446744073709551615,0,0.412109375,616.69921875,1356.357421875,213.17852783203125,194.11688232421875,20250225-155354
97,18446744073709551615,0,0.416748046875,659.760498046875,758.8621215820312,59.74786376953125,24.088165283203125,20250225-155354
97,18446744073709551615,0,0.67333984375,606.2957763671875,1647.661376953125,271.26324462890625,380.4136962890625,20250225-155354
97,18446744073709551615,0,0.6875,665.315185546875,416.8433532714844,147.13014221191406,158.28689575195312,20250225-155354
97,18446744073709551615,0,0.81591796875,645.75,553.3119506835938,165.50582885742188,176.20111083984375,20250225-155354
97,18446744073709551615,0,0.85107421875,629.8555297851562,213.48129272460938,237.4514923095703,340.4070739746094,20250225-155354
97,18446744073709551615,0,0.9150390625,470.5814208984375,1.2066650390625,428.8135986328125,597.3306884765625,20250225-155354
97,18446744073709551615,0,0.93115234375,93.62892150878906,440.11944580078125,1231.030029296875,973.5457763671875,20250225-155354
98,18446744073709551615,0,0.27978515625,659.5025024414062,1688.4151611328125,76.21160888671875,89.91055297851562,20250225-155354
98,18446744073709551615,0,0.373779296875,659.899658203125,760.085205078125,60.1845703125,23.66656494140625,20250225-155354
98,18446744073709551615,0,0.420654296875,617.0454711914062,1354.4439697265625,210.71942138671875,192.2823486328125,20250225-155354
98,18446744073709551615,0,0.58154296875,650.6280517578125,1198.4454345703125,82.67880249023438,36.18365478515625,20250225-155354
98,18446744073709551615,0,0.62255859375,665.4300537109375,416.78466796875,148.5479736328125,158.29449462890625,20250225-155354
98,18446744073709551615,0,0.66455078125,606.1096801757812,1646.4818115234375,272.45452880859375,378.9535217285156,20250225-155354
98,18446744073709551615,0,0.81396484375,645.513916015625,553.2950439453125,165.72647094726562,175.7816162109375,20250225-155354
98,18446744073709551615,0,0.83154296875,629.8414306640625,214.25331115722656,242.63804626464844,340.9073181152344,20250225-155354
98,18446744073709551615,0,0.91943359375,470.03887939453125,1.205841064453125,426.2742004394531,597.7540283203125,20250225-155354
98,18446744073709551615,0,0.9375,89.5587158203125,441.8060302734375,1228.4564208984375,977.7152709960938,20250225-155354
99,18446744073709551615,0,0.294921875,659.4856567382812,1688.0498046875,77.0137939453125,89.90084838867188,20250225-155354
99,18446744073709551615,0,0.4677734375,617.7374267578125,1356.443115234375,209.25146484375,195.8668212890625,20250225-155354
99,18446744073709551615,0,0.525390625,651.52783203125,1204.8450927734375,80.74072265625,34.55841064453125,20250225-155354
99,18446744073709551615,0,0.54296875,664.2097778320312,417.7455139160156,148.6852569580078,160.1744384765625,20250225-155354
99,18446744073709551615,0,0.6318359375,605.2349853515625,1647.0224609375,271.892578125,377.5461730957031,20250225-155354
99,18446744073709551615,0,0.80615234375,645.439453125,553.970703125,165.3658447265625,175.60464477539062,20250225-155354
99,18446744073709551615,0,0.8515625,629.536376953125,211.9767608642578,241.8947296142578,342.3179626464844,20250225-155354
99,18446744073709551615,0,0.9208984375,470.30035400390625,1.3975982666015625,426.4417419433594,597.600830078125,20250225-155354
99,18446744073709551615,0,0.93310546875,81.2940673828125,440.43951416015625,1229.0211181640625,985.83251953125,20250225-155354
100,18446744073709551615,0,0.235107421875,659.4424438476562,1688.26953125,76.4512939453125,89.59982299804688,20250225-155354
100,18446744073709551615,0,0.2393798828125,661.39306640625,761.9436645507812,60.36946105957031,22.541473388671875,20250225-155354
100,18446744073709551615,0,0.415771484375,617.8826904296875,1362.594482421875,211.75689697265625,275.20806884765625,20250225-155354
100,18446744073709551615,0,0.498046875,650.2655639648438,1212.40380859375,80.47760009765625,35.587371826171875,20250225-155354
100,18446744073709551615,0,0.583984375,663.63720703125,420.6601867675781,145.0770721435547,161.09976196289062,20250225-155354
100,18446744073709551615,0,0.68505859375,605.7046508789062,1646.82421875,272.0950927734375,376.60198974609375,20250225-155354
100,18446744073709551615,0,0.814453125,645.5968017578125,554.4065551757812,164.8780059814453,175.081787109375,20250225-155354
100,18446744073709551615,0,0.85693359375,629.709716796875,210.0142822265625,241.1920166015625,341.068359375,20250225-155354
100,18446744073709551615,0,0.91796875,469.76715087890625,1.209320068359375,426.458251953125,598.609130859375,20250225-155354
100,18446744073709551615,0,0.93359375,83.98338317871094,439.64666748046875,1213.702392578125,983.0357666015625,20250225-155354
101,18446744073709551615,0,0.21337890625,661.0205078125,764.001220703125,57.82356262207031,22.96673583984375,20250225-155354
101,18446744073709551615,0,0.281494140625,659.3263549804688,1688.2554931640625,75.84759521484375,90.22348022460938,20250225-155354
101,18446744073709551615,0,0.55908203125,664.0838012695312,423.6056213378906,144.1317901611328,160.08572387695312,20250225-155354
101,18446744073709551615,0,0.583984375,650.4296264648438,1218.12841796875,82.38070678710938,36.460418701171875,20250225-155354
101,18446744073709551615,0,0.65771484375,618.6512451171875,1361.8970947265625,212.47723388671875,274.9193115234375,20250225-155354
101,18446744073709551615,0,0.66259765625,606.2693481445312,1647.9114990234375,270.93402099609375,377.3442077636719,20250225-155354
101,18446744073709551615,0,0.80908203125,646.0576171875,553.89208984375,166.2092742919922,175.29400634765625,20250225-155354
101,18446744073709551615,0,0.8330078125,629.3448486328125,207.3552703857422,243.40672302246094,340.8549499511719,20250225-155354
101,18446744073709551615,0,0.9169921875,470.5814208984375,1.2098236083984375,424.6727600097656,597.6102294921875,20250225-155354
101,18446744073709551615,0,0.93017578125,82.91171264648438,440.41595458984375,1228.144775390625,984.1875,20250225-155354
102,18446744073709551615,0,0.236572265625,660.97216796875,763.776611328125,58.652069091796875,23.35162353515625,20250225-155354
102,18446744073709551615,0,0.29345703125,659.5999145507812,1688.4814453125,76.17425537109375,90.42013549804688,20250225-155354
102,18446744073709551615,0,0.4873046875,618.9410400390625,1362.781982421875,213.14593505859375,205.73565673828125,20250225-155354
102,18446744073709551615,0,0.5517578125,664.5518798828125,424.9498291015625,141.79586791992188,160.7655029296875,20250225-155354
102,18446744073709551615,0,0.6123046875,606.9226684570312,1648.2637939453125,270.73187255859375,377.0186462402344,20250225-155354
102,18446744073709551615,0,0.6123046875,650.4393310546875,1224.47509765625,82.73748779296875,36.443389892578125,20250225-155354
102,18446744073709551615,0,0.8154296875,646.3742065429688,553.0950317382812,166.35122680664062,174.87542724609375,20250225-155354
102,18446744073709551615,0,0.853515625,629.9602661132812,204.84814453125,243.72413635253906,341.6297607421875,20250225-155354
102,18446744073709551615,0,0.9169921875,471.0963134765625,1.2051544189453125,424.294677734375,597.066650390625,20250225-155354
102,18446744073709551615,0,0.9296875,93.86196899414062,439.3912353515625,1227.933837890625,973.3372192382812,20250225-155354
103,18446744073709551615,0,0.351318359375,659.74560546875,1688.310791015625,76.09423828125,90.13165283203125,20250225-155354
103,18446744073709551615,0,0.42919921875,618.5619506835938,1363.8482666015625,213.4617919921875,278.91851806640625,20250225-155354
103,18446744073709551615,0,0.5234375,650.2055053710938,1228.26904296875,85.96600341796875,36.157928466796875,20250225-155354
103,18446744073709551615,0,0.6103515625,663.738525390625,426.5649719238281,141.35357666015625,161.8861083984375,20250225-155354
103,18446744073709551615,0,0.638671875,607.2015380859375,1645.7266845703125,273.39239501953125,460.14312744140625,20250225-155354
103,18446744073709551615,0,0.80029296875,646.3027954101562,553.8350219726562,165.78634643554688,174.73837280273438,20250225-155354
103,18446744073709551615,0,0.86279296875,628.2412719726562,201.20159912109375,248.27101135253906,344.4079284667969,20250225-155354
103,18446744073709551615,0,0.91845703125,470.98114013671875,1.2081298828125,421.54388427734375,596.926513671875,20250225-155354
103,18446744073709551615,0,0.92626953125,96.3848876953125,439.4764404296875,1227.84375,970.7173461914062,20250225-155354
104,18446744073709551615,0,0.289306640625,659.8452758789062,1688.6630859375,75.9686279296875,90.65313720703125,20250225-155354
104,18446744073709551615,0,0.33447265625,650.0350341796875,1233.5933837890625,87.50482177734375,36.76336669921875,20250225-155354
104,18446744073709551615,0,0.63623046875,619.5902709960938,1368.6697998046875,210.66046142578125,280.4327087402344,20250225-155354
104,18446744073709551615,0,0.6396484375,606.5667114257812,1646.3155517578125,272.70098876953125,376.5229797363281,20250225-155354
104,18446744073709551615,0,0.66015625,663.4312133789062,429.5743103027344,138.9221649169922,161.08209228515625,20250225-155354
104,18446744073709551615,0,0.81298828125,646.14208984375,554.0498657226562,166.23536682128906,174.7203369140625,20250225-155354
104,18446744073709551615,0,0.82861328125,628.573974609375,198.24343872070312,252.5430908203125,339.983642578125,20250225-155354
104,18446744073709551615,0,0.9150390625,471.6148681640625,1.2034149169921875,427.6189270019531,596.6153564453125,20250225-155354
104,18446744073709551615,0,0.92822265625,95.34535217285156,442.80999755859375,1216.70947265625,971.25439453125,20250225-155354
105,18446744073709551615,0,0.36669921875,659.7438354492188,1688.07421875,76.40789794921875,90.50308227539062,20250225-155355
105,18446744073709551615,0,0.443603515625,651.5174560546875,1239.633544921875,91.02749633789062,36.160858154296875,20250225-155355
105,18446744073709551615,0,0.638671875,620.2001953125,1370.221435546875,208.23046875,280.6368713378906,20250225-155355
105,18446744073709551615,0,0.658203125,664.0215454101562,427.3336486816406,140.89292907714844,160.36697387695312,20250225-155355
105,18446744073709551615,0,0.66259765625,608.3237915039062,1646.18115234375,273.1219482421875,461.8882141113281,20250225-155355
105,18446744073709551615,0,0.810546875,646.0043334960938,553.7649536132812,165.73887634277344,175.68768310546875,20250225-155355
105,18446744073709551615,0,0.83837890625,628.7509765625,195.4120330810547,256.382568359375,343.05670166015625,20250225-155355
105,18446744073709551615,0,0.91748046875,470.8363037109375,1.212066650390625,420.08056640625,597.1181030273438,20250225-155355
105,18446744073709551615,0,0.93115234375,99.96853637695312,440.736083984375,1217.27783203125,966.5015258789062,20250225-155355
106,18446744073709551615,0,0.2421875,661.2515869140625,762.5340576171875,57.89213562011719,23.8179931640625,20250225-155355
106,18446744073709551615,0,0.248046875,659.6890869140625,1687.5040283203125,77.48968505859375,89.16897583007812,20250225-155355
106,18446744073709551615,0,0.587890625,651.7194213867188,1249.667236328125,91.02328491210938,38.379730224609375,20250225-155355
106,18446744073709551615,0,0.63427734375,609.0621337890625,1644.7333984375,274.2052001953125,371.9117431640625,20250225-155355
106,18446744073709551615,0,0.6513671875,663.7613525390625,429.7347412109375,138.22064208984375,160.91958618164062,20250225-155355
106,18446744073709551615,0,0.736328125,620.7035522460938,1369.953369140625,212.912109375,279.39898681640625,20250225-155355
106,18446744073709551615,0,0.80615234375,646.4619140625,553.728271484375,165.40237426757812,175.1290283203125,20250225-155355
106,18446744073709551615,0,0.91796875,472.11676025390625,1.024200439453125,422.779541015625,595.9520874023438,20250225-155355
106,18446744073709551615,0,0.93212890625,82.28741455078125,441.035400390625,1217.1375732421875,984.739013671875,20250225-155355
107,18446744073709551615,0,0.2017822265625,950.8401489257812,1885.3809814453125,33.88531494140625,127.97772216796875,20250225-155355
107,18446744073709551615,0,0.2371826171875,661.2977294921875,762.8969116210938,58.15498352050781,23.2177734375,20250225-155355
107,18446744073709551615,0,0.2822265625,659.8991088867188,1688.6964111328125,76.25115966796875,88.43527221679688,20250225-155355
107,18446744073709551615,0,0.56591796875,652.382080078125,1260.08154296875,84.76959228515625,37.279266357421875,20250225-155355
107,18446744073709551615,0,0.587890625,608.9249267578125,1642.825439453125,276.224853515625,371.7157287597656,20250225-155355
107,18446744073709551615,0,0.6083984375,620.8873291015625,1368.946533203125,214.57452392578125,290.18060302734375,20250225-155355
107,18446744073709551615,0,0.68603515625,663.470458984375,428.791259765625,140.82215881347656,161.2763671875,20250225-155355
107,18446744073709551615,0,0.806640625,646.7645874023438,553.7442626953125,166.04571533203125,174.21743774414062,20250225-155355
107,18446744073709551615,0,0.91796875,471.72802734375,1.2143096923828125,424.0280456542969,596.8482666015625,20250225-155355
107,18446744073709551615,0,0.93603515625,83.19003295898438,441.24627685546875,1210.673095703125,984.0836791992188,20250225-155355
108,18446744073709551615,0,0.21142578125,661.4857177734375,761.8738403320312,57.3145751953125,23.290740966796875,20250225-155355
108,18446744073709551615,0,0.2958984375,659.8929443359375,1689.028564453125,75.8814697265625,88.94293212890625,20250225-155355
108,18446744073709551615,0,0.325927734375,948.4676513671875,1884.129638671875,35.13555908203125,129.48385620117188,20250225-155355
108,18446744073709551615,0,0.5078125,609.0999755859375,1641.4727783203125,277.519775390625,367.691162109375,20250225-155355
108,18446744073709551615,0,0.53125,651.9076538085938,1264.526611328125,84.38424682617188,38.818450927734375,20250225-155355
108,18446744073709551615,0,0.61865234375,620.7533569335938,1371.45361328125,214.60455322265625,296.0946350097656,20250225-155355
108,18446744073709551615,0,0.69091796875,663.01513671875,432.03643798828125,137.20619201660156,161.32177734375,20250225-155355
108,18446744073709551615,0,0.8076171875,646.3815307617188,553.3907470703125,166.51657104492188,175.26589965820312,20250225-155355
108,18446744073709551615,0,0.9150390625,473.2422180175781,1.0220947265625,423.97552490234375,595.4650268554688,20250225-155355
108,18446744073709551615,0,0.93408203125,75.66925048828125,440.54595947265625,1210.2279052734375,991.6723022460938,20250225-155355
109,18446744073709551615,0,0.21728515625,936.213623046875,1882.12548828125,37.055419921875,142.4901123046875,20250225-155355
109,18446744073709551615,0,0.230224609375,661.5791015625,761.692626953125,57.162689208984375,22.438751220703125,20250225-155355
109,18446744073709551615,0,0.25830078125,660.4881591796875,1683.55224609375,82.08892822265625,89.0936279296875,20250225-155355
109,18446744073709551615,0,0.4853515625,609.421875,1644.1248779296875,274.84588623046875,435.1165466308594,20250225-155355
109,18446744073709551615,0,0.57080078125,652.6737670898438,1269.884765625,83.19488525390625,37.359832763671875,20250225-155355
109,18446744073709551615,0,0.662109375,662.379638671875,431.34393310546875,139.09593200683594,162.27227783203125,20250225-155355
109,18446744073709551615,0,0.73876953125,621.0452270507812,1369.633544921875,213.12689208984375,295.52581787109375,20250225-155355
109,18446744073709551615,0,0.81005859375,646.5335083007812,553.4337158203125,165.5954132080078,174.93475341796875,20250225-155355
109,18446744073709551615,0,0.91796875,472.62213134765625,0.8318023681640625,420.35589599609375,595.8176879882812,20250225-155355
109,18446744073709551615,0,0.9345703125,69.76071166992188,440.07220458984375,1207.914794921875,997.5195922851562,20250225-155355
110,18446744073709551615,0,0.23583984375,920.6297607421875,1877.504638671875,41.6553955078125,156.24032592773438,20250225-155355
110,18446744073709551615,0,0.23583984375,661.2529907226562,761.183837890625,58.83183288574219,23.377532958984375,20250225-155355
110,18446744073709551615,0,0.29833984375,659.6845092773438,1689.1270751953125,75.6943359375,91.34353637695312,20250225-155355
110,18446744073709551615,0,0.470703125,654.5235595703125,1275.301513671875,83.0570068359375,38.7498779296875,20250225-155355
110,18446744073709551615,0,0.505859375,609.6066284179688,1639.342529296875,279.93218994140625,457.38043212890625,20250225-155355
110,18446744073709551615,0,0.6748046875,663.3041381835938,431.1741027832031,139.19252014160156,160.89340209960938,20250225-155355
110,18446744073709551615,0,0.74169921875,621.0849609375,1371.4632568359375,214.3319091796875,297.40704345703125,20250225-155355
110,18446744073709551615,0,0.80908203125,646.3870849609375,553.6170654296875,165.063720703125,174.56414794921875,20250225-155355
110,18446744073709551615,0,0.92041015625,471.4947509765625,1.0250244140625,419.7916259765625,596.73974609375,20250225-155355
110,18446744073709551615,0,0.93359375,84.79600524902344,439.8984375,1207.1927490234375,982.7310791015625,20250225-155355
111,18446744073709551615,0,0.28369140625,908.3589477539062,1874.31005859375,44.80718994140625,168.14474487304688,20250225-155355
111,18446744073709551615,0,0.294189453125,661.2042236328125,762.1282958984375,60.56217956542969,22.66314697265625,20250225-155355
111,18446744073709551615,0,0.313232421875,659.524658203125,1688.823486328125,76.004150390625,89.27407836914062,20250225-155355
111,18446744073709551615,0,0.4892578125,610.5626220703125,1639.8416748046875,279.5936279296875,456.700927734375,20250225-155355
111,18446744073709551615,0,0.5498046875,654.94775390625,1278.936767578125,84.47048950195312,38.560638427734375,20250225-155355
111,18446744073709551615,0,0.6591796875,661.9890747070312,429.5730285644531,140.1038818359375,162.23153686523438,20250225-155355
111,18446744073709551615,0,0.76953125,621.4478759765625,1369.166748046875,216.66815185546875,297.3511047363281,20250225-155355
111,18446744073709551615,0,0.814453125,647.127685546875,553.1625366210938,165.82594299316406,174.38168334960938,20250225-155355
111,18446744073709551615,0,0.91748046875,471.24078369140625,1.2158203125,420.7458801269531,596.872314453125,20250225-155355
111,18446744073709551615,0,0.9345703125,91.94352722167969,441.60711669921875,1204.5413818359375,975.7188720703125,20250225-155355
112,18446744073709551615,0,0.2220458984375,661.4307861328125,763.5933227539062,63.75187683105469,23.6451416015625,20250225-155355
112,18446744073709551615,0,0.22265625,659.6127319335938,1688.148681640625,76.4615478515625,92.654296875,20250225-155355
112,18446744073709551615,0,0.263671875,908.3582153320312,1872.6796875,46.36724853515625,169.36871337890625,20250225-155355
112,18446744073709551615,0,0.5234375,611.4241333007812,1640.52685546875,278.80133056640625,456.01226806640625,20250225-155355
112,18446744073709551615,0,0.5947265625,661.3516845703125,427.2774353027344,144.1154022216797,163.5758056640625,20250225-155355
112,18446744073709551615,0,0.59814453125,654.9603881835938,1285.3018798828125,82.30947875976562,38.957427978515625,20250225-155355
112,18446744073709551615,0,0.71533203125,621.986572265625,1375.5655517578125,211.4219970703125,303.3827819824219,20250225-155355
112,18446744073709551615,0,0.80615234375,647.5757446289062,553.290283203125,166.34060668945312,174.15151977539062,20250225-155355
112,18446744073709551615,0,0.91748046875,471.36163330078125,1.0311126708984375,421.986083984375,597.043212890625,20250225-155355
112,18446744073709551615,0,0.93603515625,89.22418212890625,440.65850830078125,1201.5201416015625,978.30908203125,20250225-155355
113,18446744073709551615,0,0.2081298828125,662.5160522460938,764.6586303710938,69.91081237792969,22.302154541015625,20250225-155355
113,18446744073709551615,0,0.276611328125,894.7238159179688,1870.569580078125,48.77288818359375,182.29476928710938,20250225-155355
113,18446744073709551615,0,0.2822265625,659.843994140625,1687.775390625,76.85614013671875,89.28579711914062,20250225-155355
113,18446744073709551615,0,0.4912109375,611.3843994140625,1639.7581787109375,279.52203369140625,456.95654296875,20250225-155355
113,18446744073709551615,0,0.57373046875,654.7196044921875,1289.213134765625,83.4107666015625,39.84722900390625,20250225-155355
113,18446744073709551615,0,0.6123046875,661.35693359375,430.67803955078125,140.408935546875,162.80694580078125,20250225-155355
113,18446744073709551615,0,0.73876953125,622.25244140625,1377.17529296875,208.38427734375,296.82989501953125,20250225-155355
113,18446744073709551615,0,0.8037109375,648.1512451171875,553.5888061523438,165.81944274902344,173.73934936523438,20250225-155355
113,18446744073709551615,0,0.9189453125,472.7427062988281,0.8434295654296875,418.5522766113281,595.3932495117188,20250225-155355
113,18446744073709551615,0,0.9345703125,92.34306335449219,441.08978271484375,1201.810546875,975.0003662109375,20250225-155355
114,18446744073709551615,0,0.2822265625,659.9862670898438,1639.986328125,124.79022216796875,112.83517456054688,20250225-155355
114,18446744073709551615,0,0.2958984375,611.4490356445312,1753.012939453125,166.4388427734375,458.5300598144531,20250225-155355
114,18446744073709551615,0,0.30908203125,889.2526245117188,1867.3875732421875,51.9393310546875,186.68124389648438,20250225-155355
114,18446744073709551615,0,0.61767578125,654.912353515625,1291.416015625,83.16119384765625,39.02545166015625,20250225-155355
114,18446744073709551615,0,0.6875,662.0631103515625,431.1990051269531,141.48289489746094,162.55865478515625,20250225-155355
114,18446744073709551615,0,0.728515625,622.3798828125,1377.759765625,208.59429931640625,297.1278076171875,20250225-155355
114,18446744073709551615,0,0.8173828125,647.7826538085938,554.2791137695312,165.37550354003906,174.620361328125,20250225-155355
114,18446744073709551615,0,0.91650390625,472.490478515625,1.0246124267578125,420.5019836425781,595.8271484375,20250225-155355
114,18446744073709551615,0,0.935546875,108.53448486328125,441.3843994140625,1201.0806884765625,958.6799926757812,20250225-155355
115,18446744073709551615,0,0.273681640625,660.201171875,1640.9117431640625,123.325927734375,112.46136474609375,20250225-155355
115,18446744073709551615,0,0.341552734375,611.9571533203125,1638.402587890625,280.251708984375,333.5038146972656,20250225-155355
115,18446744073709551615,0,0.374755859375,883.8250122070312,1865.98974609375,53.426513671875,192.91415405273438,20250225-155355
115,18446744073709551615,0,0.548828125,655.03125,1294.03125,81.33380126953125,37.134796142578125,20250225-155355
115,18446744073709551615,0,0.69580078125,661.5606079101562,429.07598876953125,142.7161102294922,162.98199462890625,20250225-155355
115,18446744073709551615,0,0.73583984375,622.042236328125,1374.869873046875,214.5999755859375,293.1913146972656,20250225-155355
115,18446744073709551615,0,0.80615234375,646.8272094726562,554.397705078125,165.3959197998047,175.483154296875,20250225-155355
115,18446744073709551615,0,0.9169921875,472.25299072265625,1.0206756591796875,418.0079040527344,595.8953247070312,20250225-155355
115,18446744073709551615,0,0.931640625,89.810302734375,444.0384521484375,1203.171142578125,977.4420776367188,20250225-155355
116,18446744073709551615,0,0.318359375,660.5044555664062,1639.17822265625,124.8277587890625,110.85012817382812,20250225-155355
116,18446744073709551615,0,0.394287109375,611.6050415039062,1638.0164794921875,281.2313232421875,459.0533752441406,20250225-155355
116,18446744073709551615,0,0.402587890625,879.840087890625,1863.2669677734375,55.9420166015625,197.84408569335938,20250225-155355
116,18446744073709551615,0,0.591796875,654.920654296875,1295.508544921875,83.80728149414062,38.70245361328125,20250225-155355
116,18446744073709551615,0,0.69091796875,661.8709716796875,429.00982666015625,142.21893310546875,163.02337646484375,20250225-155355
116,18446744073709551615,0,0.7080078125,622.46337890625,1378.363037109375,207.10784912109375,289.15631103515625,20250225-155355
116,18446744073709551615,0,0.8076171875,647.420654296875,553.8737182617188,166.09808349609375,174.755126953125,20250225-155355
116,18446744073709551615,0,0.9189453125,472.2381591796875,1.0246124267578125,417.86761474609375,595.7579956054688,20250225-155355
116,18446744073709551615,0,0.93212890625,99.2515869140625,444.593994140625,1203.781005859375,968.2576904296875,20250225-155355
117,18446744073709551615,0,0.2049560546875,661.2479248046875,1673.7220458984375,88.30389404296875,91.1337890625,20250225-155355
117,18446744073709551615,0,0.3115234375,871.1046752929688,1860.4808349609375,58.6746826171875,207.58364868164062,20250225-155355
117,18446744073709551615,0,0.329345703125,611.55908203125,1637.6663818359375,281.81396484375,457.7391357421875,20250225-155355
117,18446744073709551615,0,0.591796875,623.7828369140625,1377.92578125,205.4923095703125,286.9296569824219,20250225-155355
117,18446744073709551615,0,0.61669921875,654.3455200195312,1298.2298583984375,81.39120483398438,39.488983154296875,20250225-155355
117,18446744073709551615,0,0.65234375,660.8963623046875,431.804443359375,138.77256774902344,165.0260009765625,20250225-155355
117,18446744073709551615,0,0.79931640625,648.5506591796875,553.3013916015625,165.35174560546875,175.46209716796875,20250225-155355
117,18446744073709551615,0,0.9189453125,472.85687255859375,0.8393096923828125,419.28680419921875,595.306396484375,20250225-155355
117,18446744073709551615,0,0.935546875,87.06106567382812,446.55487060546875,1202.581298828125,980.206787109375,20250225-155355
118,18446744073709551615,0,0.2783203125,659.5726318359375,1640.0244140625,122.971435546875,111.99032592773438,20250225-155355
118,18446744073709551615,0,0.28466796875,855.6718139648438,1857.8287353515625,61.2696533203125,223.3223876953125,20250225-155355
118,18446744073709551615,0,0.402587890625,612.3585205078125,1638.7730712890625,280.43389892578125,457.3358459472656,20250225-155355
118,18446744073709551615,0,0.5166015625,654.947021484375,1298.8170166015625,83.4228515625,37.748565673828125,20250225-155355
118,18446744073709551615,0,0.5498046875,622.7451782226562,1376.1492919921875,206.2401123046875,283.6681823730469,20250225-155355
118,18446744073709551615,0,0.7138671875,661.0963134765625,431.6949462890625,140.19534301757812,163.95281982421875,20250225-155355
118,18446744073709551615,0,0.79736328125,648.0734252929688,553.843505859375,164.9696502685547,175.03106689453125,20250225-155355
118,18446744073709551615,0,0.91796875,472.494140625,1.0283203125,416.8638610839844,595.5906982421875,20250225-155355
118,18446744073709551615,0,0.9306640625,90.68170166015625,444.66375732421875,1206.183837890625,976.6171875,20250225-155355
119,18446744073709551615,0,0.303955078125,659.8861083984375,1669.166748046875,94.57305908203125,109.06265258789062,20250225-155355
119,18446744073709551615,0,0.394287109375,611.5352783203125,1639.3729248046875,280.157958984375,457.2501525878906,20250225-155355
119,18446744073709551615,0,0.5078125,621.3978881835938,1377.921142578125,203.65869140625,281.0679931640625,20250225-155355
119,18446744073709551615,0,0.521484375,653.0616455078125,1299.663818359375,84.30514526367188,39.6112060546875,20250225-155355
119,18446744073709551615,0,0.68994140625,661.5730590820312,428.56622314453125,142.3662872314453,162.94546508789062,20250225-155355
119,18446744073709551615,0,0.80322265625,646.060546875,554.501708984375,165.54661560058594,177.1688232421875,20250225-155355
119,18446744073709551615,0,0.91748046875,472.62744140625,0.8360595703125,419.3416442871094,595.509765625,20250225-155355
119,18446744073709551615,0,0.92822265625,97.23664855957031,446.24078369140625,1205.3492431640625,969.4302978515625,20250225-155355
120,18446744073709551615,0,0.34765625,659.6446533203125,1689.337646484375,73.82354736328125,87.3116455078125,20250225-155355
120,18446744073709551615,0,0.5322265625,611.9271240234375,1637.0870361328125,282.302490234375,457.49285888671875,20250225-155355
120,18446744073709551615,0,0.5380859375,651.9913330078125,1298.9432373046875,85.8863525390625,39.98162841796875,20250225-155355
120,18446744073709551615,0,0.56787109375,621.00341796875,1374.296630859375,207.3665771484375,219.2969970703125,20250225-155355
120,18446744073709551615,0,0.689453125,659.8342895507812,430.2247009277344,140.23764038085938,165.097412109375,20250225-155355
120,18446744073709551615,0,0.8076171875,646.0783081054688,553.5030517578125,168.46701049804688,177.04742431640625,20250225-155355
120,18446744073709551615,0,0.91650390625,470.18756103515625,1.3358001708984375,417.33526611328125,598.3505859375,20250225-155355
120,18446744073709551615,0,0.931640625,82.12307739257812,444.81658935546875,1207.8826904296875,985.062744140625,20250225-155355
121,18446744073709551615,0,0.218017578125,660.2294311523438,1672.0330810546875,90.84393310546875,97.44424438476562,20250225-155355
121,18446744073709551615,0,0.43408203125,653.3472290039062,1300.391357421875,83.19387817382812,38.35089111328125,20250225-155355
121,18446744073709551615,0,0.5390625,621.8494262695312,1362.64111328125,220.9775390625,217.83645629882812,20250225-155355
121,18446744073709551615,0,0.6298828125,611.8223876953125,1637.989501953125,281.269775390625,457.1551208496094,20250225-155355
121,18446744073709551615,0,0.69775390625,661.0902099609375,431.0479431152344,139.5113983154297,162.80850219726562,20250225-155355
121,18446744073709551615,0,0.810546875,648.1408081054688,553.5081787109375,166.02923583984375,174.55215454101562,20250225-155355
121,18446744073709551615,0,0.91845703125,472.50860595703125,1.20904541015625,417.23272705078125,595.653564453125,20250225-155355
121,18446744073709551615,0,0.93017578125,93.31196594238281,446.7476806640625,1201.5882568359375,973.51171875,20250225-155355
122,18446744073709551615,0,0.31494140625,661.5997314453125,1683.8411865234375,78.40887451171875,85.48590087890625,20250225-155355
122,18446744073709551615,0,0.3701171875,870.0262451171875,1862.3946533203125,56.76544189453125,209.2379150390625,20250225-155355
122,18446744073709551615,0,0.42919921875,612.2444458007812,1638.9609375,280.553466796875,457.4498291015625,20250225-155355
122,18446744073709551615,0,0.4619140625,652.762939453125,1301.139892578125,83.38833618164062,39.7225341796875,20250225-155355
122,18446744073709551615,0,0.51953125,622.5452880859375,1368.48876953125,209.94708251953125,216.41033935546875,20250225-155355
122,18446744073709551615,0,0.640625,661.4571533203125,431.0481262207031,140.49366760253906,163.01312255859375,20250225-155355
122,18446744073709551615,0,0.8173828125,648.1318359375,552.6771240234375,167.92813110351562,174.74075317382812,20250225-155355
122,18446744073709551615,0,0.9189453125,471.74542236328125,1.216278076171875,416.57818603515625,596.2236328125,20250225-155355
122,18446744073709551615,0,0.93359375,91.80413818359375,444.40673828125,1206.8265380859375,975.5147094726562,20250225-155355
123,18446744073709551615,0,0.259033203125,659.868896484375,1688.785400390625,74.51495361328125,90.99334716796875,20250225-155355
123,18446744073709551615,0,0.392333984375,871.8070678710938,1864.56591796875,54.59271240234375,207.40960693359375,20250225-155355
123,18446744073709551615,0,0.4892578125,651.893798828125,1302.45947265625,81.5130615234375,40.25665283203125,20250225-155355
123,18446744073709551615,0,0.57568359375,611.8053588867188,1639.166015625,280.09442138671875,457.62103271484375,20250225-155355
123,18446744073709551615,0,0.62255859375,621.823974609375,1364.845703125,217.61810302734375,281.36444091796875,20250225-155355
123,18446744073709551615,0,0.62353515625,660.993896484375,429.6468200683594,141.13623046875,163.94906616210938,20250225-155355
123,18446744073709551615,0,0.81298828125,648.2054443359375,552.8419189453125,168.6907196044922,174.02627563476562,20250225-155355
123,18446744073709551615,0,0.9189453125,472.74462890625,0.8389892578125,419.35015869140625,595.408203125,20250225-155355
123,18446744073709551615,0,0.9306640625,98.989013671875,446.4989013671875,1203.3017578125,967.8907470703125,20250225-155355
124,18446744073709551615,0,0.326904296875,649.5631713867188,1303.651611328125,80.52731323242188,39.547393798828125,20250225-155355
124,18446744073709551615,0,0.350341796875,877.9808349609375,1866.694091796875,52.6300048828125,198.45648193359375,20250225-155355
124,18446744073709551615,0,0.3896484375,659.879150390625,1689.4302978515625,73.8035888671875,88.18038940429688,20250225-155355
124,18446744073709551615,0,0.39501953125,611.1934204101562,1638.615234375,280.6043701171875,458.62353515625,20250225-155355
124,18446744073709551615,0,0.455078125,621.7802734375,1362.8089599609375,217.8614501953125,216.17413330078125,20250225-155355
124,18446744073709551615,0,0.6591796875,660.0298461914062,430.7873840332031,140.2822265625,164.75143432617188,20250225-155355
124,18446744073709551615,0,0.81884765625,646.2174682617188,553.543212890625,166.7841339111328,176.0361328125,20250225-155355
124,18446744073709551615,0,0.91796875,472.506591796875,0.84283447265625,416.8773193359375,595.6840209960938,20250225-155355
124,18446744073709551615,0,0.93408203125,86.57061767578125,443.56549072265625,1210.209716796875,980.7652587890625,20250225-155355
125,18446744073709551615,0,0.29345703125,650.9346923828125,1304.1341552734375,79.4337158203125,39.163330078125,20250225-155355
125,18446744073709551615,0,0.3173828125,884.3990478515625,1869.3182373046875,49.96343994140625,191.16549682617188,20250225-155355
125,18446744073709551615,0,0.342529296875,660.13232421875,1688.06298828125,75.9224853515625,87.610107421875,20250225-155355
125,18446744073709551615,0,0.515625,620.2349853515625,1356.3431396484375,229.98980712890625,285.3509216308594,20250225-155355
125,18446744073709551615,0,0.533203125,611.0928955078125,1637.7293701171875,281.44573974609375,458.0201110839844,20250225-155355
125,18446744073709551615,0,0.66650390625,659.5310668945312,430.9285888671875,139.99127197265625,165.41226196289062,20250225-155355
125,18446744073709551615,0,0.80419921875,625.6561889648438,188.6308135986328,265.349365234375,342.9097595214844,20250225-155355
125,18446744073709551615,0,0.81689453125,645.7532958984375,553.0291748046875,167.92955017089844,177.8192138671875,20250225-155355
125,18446744073709551615,0,0.92041015625,470.9845275878906,1.0258941650390625,415.294677734375,596.9342651367188,20250225-155355
125,18446744073709551615,0,0.93505859375,76.96554565429688,443.76824951171875,1208.1302490234375,990.1937255859375,20250225-155355
126,18446744073709551615,0,0.264404296875,891.3257446289062,1872.0303955078125,47.39080810546875,184.10577392578125,20250225-155355
126,18446744073709551615,0,0.276611328125,651.779296875,1304.5396728515625,79.4234619140625,39.2493896484375,20250225-155355
126,18446744073709551615,0,0.329345703125,661.1581420898438,1684.06103515625,79.9339599609375,88.13699340820312,20250225-155355
126,18446744073709551615,0,0.5087890625,610.4320678710938,1637.2939453125,282.4449462890625,459.2494812011719,20250225-155355
126,18446744073709551615,0,0.5546875,621.00146484375,1358.449462890625,220.95501708984375,220.13699340820312,20250225-155355
126,18446744073709551615,0,0.68408203125,660.9495849609375,432.91668701171875,137.45223999023438,164.15167236328125,20250225-155355
126,18446744073709551615,0,0.8154296875,646.30810546875,553.6292724609375,168.1421356201172,176.87612915039062,20250225-155355
126,18446744073709551615,0,0.83447265625,624.6866455078125,189.51443481445312,266.8646240234375,345.11444091796875,20250225-155355
126,18446744073709551615,0,0.9189453125,472.636962890625,1.0258941650390625,415.12823486328125,595.4637451171875,20250225-155355
126,18446744073709551615,0,0.93408203125,82.53282165527344,443.28131103515625,1208.7879638671875,984.775634765625,20250225-155355
127,18446744073709551615,0,0.31396484375,659.4971923828125,1688.4239501953125,75.80712890625,89.76644897460938,20250225-155355
127,18446744073709551615,0,0.32421875,652.4181518554688,1304.814697265625,78.50546264648438,38.513031005859375,20250225-155355
127,18446744073709551615,0,0.3408203125,893.5094604492188,1872.372802734375,46.95684814453125,183.03231811523438,20250225-155355
127,18446744073709551615,0,0.5546875,611.1798706054688,1636.834228515625,282.6873779296875,456.9429016113281,20250225-155355
127,18446744073709551615,0,0.5908203125,621.3072509765625,1360.1455078125,221.7454833984375,221.590576171875,20250225-155355
127,18446744073709551615,0,0.68408203125,661.0452880859375,429.9227600097656,140.51504516601562,164.08245849609375,20250225-155355
127,18446744073709551615,0,0.82177734375,646.15478515625,553.6649780273438,167.16275024414062,176.88153076171875,20250225-155355
127,18446744073709551615,0,0.8408203125,625.833984375,189.34515380859375,264.039306640625,344.3628845214844,20250225-155355
127,18446744073709551615,0,0.92041015625,471.7627258300781,1.0308837890625,414.7777099609375,596.1040649414062,20250225-155355
127,18446744073709551615,0,0.9365234375,87.08587646484375,444.56707763671875,1207.031982421875,980.2232666015625,20250225-155355
128,18446744073709551615,0,0.275146484375,659.5767822265625,1688.21728515625,76.306640625,88.17279052734375,20250225-155355
128,18446744073709551615,0,0.307373046875,651.9893798828125,1306.224853515625,77.29989624023438,38.27435302734375,20250225-155355
128,18446744073709551615,0,0.318359375,895.6085205078125,1872.260009765625,46.82794189453125,182.1434326171875,20250225-155355
128,18446744073709551615,0,0.533203125,621.17431640625,1361.4267578125,225.52716064453125,281.2378234863281,20250225-155355
128,18446744073709551615,0,0.60498046875,611.345947265625,1637.5579833984375,282.01483154296875,457.3250427246094,20250225-155355
128,18446744073709551615,0,0.6953125,660.6800537109375,429.01275634765625,141.44448852539062,164.06002807617188,20250225-155355
128,18446744073709551615,0,0.82275390625,646.2123413085938,553.582763671875,166.36688232421875,176.99771118164062,20250225-155355
128,18446744073709551615,0,0.85009765625,626.146728515625,190.58212280273438,263.640380859375,343.92864990234375,20250225-155355
128,18446744073709551615,0,0.9169921875,471.50152587890625,0.8363800048828125,416.0164489746094,596.6021118164062,20250225-155355
128,18446744073709551615,0,0.93701171875,92.98416137695312,445.42547607421875,1207.826171875,974.3228759765625,20250225-155355
129,18446744073709551615,0,0.2315673828125,652.0801391601562,1306.9486083984375,76.02090454101562,38.584991455078125,20250225-155355
129,18446744073709551615,0,0.236572265625,660.19677734375,1688.0489501953125,76.5289306640625,86.46954345703125,20250225-155355
129,18446744073709551615,0,0.351318359375,896.4175415039062,1874.7725830078125,44.51861572265625,179.66290283203125,20250225-155355
129,18446744073709551615,0,0.442626953125,610.52490234375,1637.271484375,282.3892822265625,456.75860595703125,20250225-155355
129,18446744073709551615,0,0.501953125,622.4974365234375,1368.079833984375,208.20263671875,227.76553344726562,20250225-155355
129,18446744073709551615,0,0.63330078125,660.3554077148438,426.74920654296875,143.72085571289062,164.47787475585938,20250225-155355
129,18446744073709551615,0,0.8115234375,646.068603515625,553.2780151367188,166.89358520507812,176.81048583984375,20250225-155355
129,18446744073709551615,0,0.84375,625.6715698242188,191.77880859375,262.55987548828125,343.0079040527344,20250225-155355
129,18446744073709551615,0,0.91796875,472.37384033203125,1.0184783935546875,418.25225830078125,595.7308349609375,20250225-155355
129,18446744073709551615,0,0.9365234375,84.35760498046875,445.4681396484375,1205.71630859375,982.8929443359375,20250225-155355
130,18446744073709551615,0,0.280517578125,661.9090576171875,1682.56689453125,81.939697265625,86.12283325195312,20250225-155355
130,18446744073709551615,0,0.330322265625,896.0271606445312,1874.55908203125,44.77880859375,179.76681518554688,20250225-155355
130,18446744073709551615,0,0.52734375,609.612060546875,1638.5848388671875,281.19818115234375,459.32391357421875,20250225-155355
130,18446744073709551615,0,0.533203125,622.2991333007812,1334.04541015625,245.02020263671875,262.8021240234375,20250225-155355
130,18446744073709551615,0,0.640625,660.2120361328125,431.29412841796875,138.29974365234375,164.82989501953125,20250225-155355
130,18446744073709551615,0,0.8154296875,645.9940795898438,553.095947265625,168.51475524902344,177.19180297851562,20250225-155355
130,18446744073709551615,0,0.83984375,625.7303466796875,192.6925506591797,262.892822265625,342.01025390625,20250225-155355
130,18446744073709551615,0,0.916015625,471.626953125,1.207489013671875,418.66949462890625,596.5431518554688,20250225-155355
130,18446744073709551615,0,0.93505859375,80.55770874023438,445.15155029296875,1207.8072509765625,986.5094604492188,20250225-155355
131,18446744073709551615,0,0.247314453125,896.7808227539062,1874.946533203125,44.34539794921875,179.48263549804688,20250225-155355
131,18446744073709551615,0,0.29345703125,661.2361450195312,1685.806640625,79.3839111328125,85.446533203125,20250225-155355
131,18446744073709551615,0,0.42822265625,610.4503784179688,1637.898193359375,281.895263671875,457.0747375488281,20250225-155355
131,18446744073709551615,0,0.59814453125,622.8839721679688,1350.455810546875,229.63623046875,235.78848266601562,20250225-155355
131,18446744073709551615,0,0.66015625,660.533935546875,431.5421447753906,137.1097869873047,164.78466796875,20250225-155355
131,18446744073709551615,0,0.80615234375,646.3053588867188,553.0424194335938,167.97706604003906,177.46664428710938,20250225-155355
131,18446744073709551615,0,0.8544921875,626.19287109375,192.0183563232422,261.79156494140625,346.0910339355469,20250225-155355
131,18446744073709551615,0,0.91796875,472.99365234375,1.0211334228515625,416.4283447265625,595.1417236328125,20250225-155355
131,18446744073709551615,0,0.93701171875,76.57058715820312,445.73602294921875,1206.479736328125,990.2488403320312,20250225-155355
132,18446744073709551615,0,0.2213134765625,660.44921875,1651.439697265625,114.6390380859375,111.40191650390625,20250225-155355
132,18446744073709551615,0,0.29833984375,903.4894409179688,1875.234375,43.86602783203125,173.92657470703125,20250225-155355
132,18446744073709551615,0,0.435791015625,610.2614135742188,1637.278564453125,282.51324462890625,455.4753112792969,20250225-155355
132,18446744073709551615,0,0.51171875,622.3222045898438,1347.4619140625,227.01397705078125,237.89520263671875,20250225-155355
132,18446744073709551615,0,0.6513671875,660.242431640625,432.3310546875,135.01634216308594,164.04391479492188,20250225-155355
132,18446744073709551615,0,0.7958984375,646.6844482421875,553.3585815429688,168.01876831054688,176.0599365234375,20250225-155355
132,18446744073709551615,0,0.845703125,626.4556274414062,192.73667907714844,262.127685546875,345.7010192871094,20250225-155355
132,18446744073709551615,0,0.91796875,472.872802734375,1.21563720703125,417.0180358886719,595.0695190429688,20250225-155355
132,18446744073709551615,0,0.93896484375,81.09951782226562,445.10174560546875,1206.187255859375,985.7252197265625,20250225-155355
133,18446744073709551615,0,0.248046875,660.5223388671875,1641.36767578125,124.52728271484375,110.65283203125,20250225-155355
133,18446744073709551615,0,0.304931640625,902.2044067382812,1874.0361328125,45.02545166015625,175.48068237304688,20250225-155355
133,18446744073709551615,0,0.470703125,611.350341796875,1639.068603515625,280.51885986328125,455.64202880859375,20250225-155355
133,18446744073709551615,0,0.57373046875,623.2890014648438,1357.688720703125,229.63916015625,229.72000122070312,20250225-155355
133,18446744073709551615,0,0.66455078125,660.5074462890625,430.71917724609375,136.64918518066406,163.62396240234375,20250225-155355
133,18446744073709551615,0,0.81591796875,646.30712890625,553.2416381835938,168.34446716308594,176.1104736328125,20250225-155355
133,18446744073709551615,0,0.85107421875,626.5409545898438,193.96604919433594,258.729248046875,345.7869873046875,20250225-155355
133,18446744073709551615,0,0.91943359375,472.5123596191406,1.209503173828125,417.2059020996094,595.4696044921875,20250225-155355
133,18446744073709551615,0,0.9375,80.95367431640625,444.0567626953125,1208.060791015625,985.827392578125,20250225-155355
134,18446744073709551615,0,0.2393798828125,661.672119140625,1682.1697998046875,84.043212890625,87.84182739257812,20250225-155355
134,18446744073709551615,0,0.333740234375,901.18701171875,1873.688232421875,45.428466796875,176.6107177734375,20250225-155355
134,18446744073709551615,0,0.420654296875,610.5699462890625,1640.9853515625,278.1046142578125,391.3266906738281,20250225-155355
134,18446744073709551615,0,0.5419921875,623.2076416015625,1373.12646484375,208.81329345703125,224.385498046875,20250225-155355
134,18446744073709551615,0,0.67724609375,660.55224609375,431.78851318359375,135.30697631835938,163.276611328125,20250225-155355
134,18446744073709551615,0,0.80517578125,646.314208984375,553.177734375,169.43101501464844,176.6063232421875,20250225-155355
134,18446744073709551615,0,0.853515625,626.1024169921875,194.36485290527344,258.33697509765625,346.17755126953125,20250225-155355
134,18446744073709551615,0,0.91845703125,470.7201232910156,1.025482177734375,417.0114440917969,597.2748413085938,20250225-155355
134,18446744073709551615,0,0.94091796875,81.09114074707031,444.50537109375,1208.7498779296875,985.6973876953125,20250225-155355
135,18446744073709551615,0,0.303955078125,902.5596313476562,1873.518310546875,45.5504150390625,175.07473754882812,20250225-155356
135,18446744073709551615,0,0.35302734375,610.7745361328125,1642.17236328125,276.750732421875,387.10821533203125,20250225-155356
135,18446744073709551615,0,0.361083984375,662.421630859375,1639.716064453125,125.5279541015625,110.4071044921875,20250225-155356
135,18446744073709551615,0,0.62353515625,624.3837890625,1365.137451171875,216.82470703125,222.67922973632812,20250225-155356
135,18446744073709551615,0,0.6435546875,660.5374145507812,429.7348937988281,137.63246154785156,163.79837036132812,20250225-155356
135,18446744073709551615,0,0.787109375,646.7034301757812,553.3910522460938,168.1830596923828,176.514404296875,20250225-155356
135,18446744073709551615,0,0.84912109375,626.1072998046875,194.26345825195312,258.05889892578125,345.73480224609375,20250225-155356
135,18446744073709551615,0,0.91650390625,470.97637939453125,1.2164154052734375,417.027099609375,597.2418823242188,20250225-155356
135,18446744073709551615,0,0.94140625,83.23448181152344,443.52276611328125,1209.4090576171875,983.5828857421875,20250225-155356
136,18446744073709551615,0,0.23583984375,661.03271484375,1685.1690673828125,81.84906005859375,85.46383666992188,20250225-155356
136,18446744073709551615,0,0.30908203125,901.537109375,1873.167236328125,45.9364013671875,175.8760986328125,20250225-155356
136,18446744073709551615,0,0.3310546875,610.6951904296875,1641.955078125,277.17718505859375,384.9364929199219,20250225-155356
136,18446744073709551615,0,0.640625,660.7584228515625,433.04296875,135.8602752685547,164.3228759765625,20250225-155356
136,18446744073709551615,0,0.642578125,623.1736450195312,1365.82666015625,215.7978515625,222.9766845703125,20250225-155356
136,18446744073709551615,0,0.80322265625,645.998291015625,553.566650390625,167.8279266357422,176.36288452148438,20250225-155356
136,18446744073709551615,0,0.8603515625,625.7947998046875,194.36412048339844,257.435546875,346.30096435546875,20250225-155356
136,18446744073709551615,0,0.9169921875,470.19415283203125,1.402862548828125,415.3907470703125,598.1414794921875,20250225-155356
136,18446744073709551615,0,0.94091796875,84.73800659179688,442.13616943359375,1210.35791015625,981.979248046875,20250225-155356
137,18446744073709551615,0,0.303955078125,901.5418701171875,1872.95458984375,46.1143798828125,176.24835205078125,20250225-155356
137,18446744073709551615,0,0.3310546875,611.3574829101562,1641.28076171875,278.43896484375,459.0211486816406,20250225-155356
137,18446744073709551615,0,0.357666015625,661.3635864257812,1643.0533447265625,123.98565673828125,109.42767333984375,20250225-155356
137,18446744073709551615,0,0.68359375,660.9105224609375,435.27520751953125,134.3998260498047,163.75103759765625,20250225-155356
137,18446744073709551615,0,0.712890625,623.06689453125,1363.9390869140625,216.2391357421875,220.47317504882812,20250225-155356
137,18446744073709551615,0,0.81298828125,646.0709838867188,553.7322387695312,167.02267456054688,176.39602661132812,20250225-155356
137,18446744073709551615,0,0.86083984375,625.7986450195312,194.0818634033203,258.10992431640625,346.64923095703125,20250225-155356
137,18446744073709551615,0,0.91796875,470.46075439453125,1.0245208740234375,415.2352294921875,597.719970703125,20250225-155356
137,18446744073709551615,0,0.94140625,83.72003173828125,441.71136474609375,1210.622314453125,983.0064697265625,20250225-155356
138,18446744073709551615,0,0.21728515625,656.4981079101562,1298.08935546875,78.88421630859375,36.0164794921875,20250225-155356
138,18446744073709551615,0,0.244384765625,661.2039184570312,1682.4151611328125,85.45623779296875,85.63082885742188,20250225-155356
138,18446744073709551615,0,0.323486328125,901.2020263671875,1872.898681640625,46.119873046875,176.7861328125,20250225-155356
138,18446744073709551615,0,0.4755859375,611.3990478515625,1640.140625,279.572021484375,459.19976806640625,20250225-155356
138,18446744073709551615,0,0.69921875,661.283935546875,437.86083984375,132.94422912597656,163.45623779296875,20250225-155356
138,18446744073709551615,0,0.755859375,623.0228271484375,1364.416748046875,212.946533203125,220.88983154296875,20250225-155356
138,18446744073709551615,0,0.8056640625,646.3071899414062,553.8030395507812,166.9397735595703,175.94879150390625,20250225-155356
138,18446744073709551615,0,0.85888671875,626.1087646484375,194.36892700195312,258.9998779296875,346.588623046875,20250225-155356
138,18446744073709551615,0,0.91748046875,470.59112548828125,1.02191162109375,416.0301818847656,597.5462646484375,20250225-155356
138,18446744073709551615,0,0.939453125,85.64794921875,441.69580078125,1211.254150390625,981.0536499023438,20250225-155356
139,18446744073709551615,0,0.23583984375,661.532470703125,1684.475830078125,83.8502197265625,84.43634033203125,20250225-155356
139,18446744073709551615,0,0.307373046875,900.5399780273438,1872.642333984375,46.37603759765625,177.53421020507812,20250225-155356
139,18446744073709551615,0,0.35400390625,656.906982421875,1301.18359375,75.05996704101562,35.588104248046875,20250225-155356
139,18446744073709551615,0,0.630859375,610.779052734375,1639.97021484375,279.45703125,457.581298828125,20250225-155356
139,18446744073709551615,0,0.67333984375,623.351806640625,1365.4443359375,209.8128662109375,225.03341674804688,20250225-155356
139,18446744073709551615,0,0.68994140625,660.8245239257812,437.731201171875,136.133056640625,164.11239624023438,20250225-155356
139,18446744073709551615,0,0.80126953125,645.9900512695312,554.552978515625,165.3281707763672,176.72085571289062,20250225-155356
139,18446744073709551615,0,0.86083984375,625.8722534179688,194.2789306640625,260.6860656738281,347.0314636230469,20250225-155356
139,18446744073709551615,0,0.91748046875,470.0474853515625,0.839447021484375,415.42718505859375,597.971435546875,20250225-155356
139,18446744073709551615,0,0.94140625,85.39178466796875,442.2052001953125,1209.844970703125,981.2213745117188,20250225-155356
140,18446744073709551615,0,0.24658203125,660.7597045898438,1646.512939453125,123.6038818359375,107.45425415039062,20250225-155356
140,18446744073709551615,0,0.299072265625,656.7705688476562,1300.6114501953125,76.2117919921875,35.102508544921875,20250225-155356
140,18446744073709551615,0,0.313232421875,898.1187744140625,1872.8740234375,46.185791015625,179.77120971679688,20250225-155356
140,18446744073709551615,0,0.61767578125,609.2470092773438,1640.7681884765625,278.8787841796875,459.3684997558594,20250225-155356
140,18446744073709551615,0,0.68017578125,660.735107421875,435.1317443847656,136.52993774414062,164.0361328125,20250225-155356
140,18446744073709551615,0,0.68505859375,622.7521362304688,1366.311279296875,206.85223388671875,224.31655883789062,20250225-155356
140,18446744073709551615,0,0.80419921875,645.5191650390625,554.8251953125,167.26084899902344,176.62628173828125,20250225-155356
140,18446744073709551615,0,0.861328125,625.953369140625,194.1825714111328,258.24688720703125,346.4065246582031,20250225-155356
140,18446744073709551615,0,0.91748046875,467.852783203125,1.338775634765625,416.2745361328125,600.19775390625,20250225-155356
140,18446744073709551615,0,0.94091796875,82.43930053710938,443.72955322265625,1208.354248046875,984.4147338867188,20250225-155356
141,18446744073709551615,0,0.2337646484375,662.89013671875,778.0530395507812,63.80218505859375,22.739776611328125,20250225-155356
141,18446744073709551615,0,0.260498046875,898.4359130859375,1872.8096923828125,46.248779296875,179.50872802734375,20250225-155356
141,18446744073709551615,0,0.66357421875,608.0938110351562,1641.473876953125,277.9892578125,460.6046447753906,20250225-155356
141,18446744073709551615,0,0.669921875,622.6094970703125,1365.187255859375,213.32647705078125,227.69577026367188,20250225-155356
141,18446744073709551615,0,0.712890625,661.4921264648438,438.0002746582031,133.97657775878906,163.38473510742188,20250225-155356
141,18446744073709551615,0,0.80126953125,645.677490234375,554.472900390625,166.09181213378906,176.180419921875,20250225-155356
141,18446744073709551615,0,0.86279296875,626.0275268554688,194.1836700439453,261.07745361328125,345.3836975097656,20250225-155356
141,18446744073709551615,0,0.9189453125,469.50933837890625,1.0297393798828125,415.472900390625,598.4166259765625,20250225-155356
141,18446744073709551615,0,0.93896484375,83.23617553710938,442.3150634765625,1210.9156494140625,983.5219116210938,20250225-155356
142,18446744073709551615,0,0.24365234375,899.42724609375,1872.624755859375,46.43975830078125,178.60116577148438,20250225-155356
142,18446744073709551615,0,0.261962890625,663.1534423828125,778.3364868164062,61.534149169921875,22.280181884765625,20250225-155356
142,18446744073709551615,0,0.28466796875,661.4293212890625,1687.0576171875,83.93975830078125,84.145751953125,20250225-155356
142,18446744073709551615,0,0.63427734375,622.842041015625,1366.8505859375,209.75335693359375,230.5576171875,20250225-155356
142,18446744073709551615,0,0.66259765625,609.6502075195312,1643.46435546875,276.333251953125,459.0498962402344,20250225-155356
142,18446744073709551615,0,0.68359375,660.4590454101562,436.57525634765625,139.46864318847656,164.64743041992188,20250225-155356
142,18446744073709551615,0,0.79296875,645.9911499023438,554.9595947265625,165.40196228027344,176.74118041992188,20250225-155356
142,18446744073709551615,0,0.8642578125,626.6673583984375,193.79891967773438,258.9231262207031,345.2999267578125,20250225-155356
142,18446744073709551615,0,0.92041015625,469.91986083984375,1.21490478515625,414.8125305175781,597.980224609375,20250225-155356
142,18446744073709551615,0,0.94091796875,82.40972900390625,443.21466064453125,1209.2156982421875,984.4112548828125,20250225-155356
143,18446744073709551615,0,0.2049560546875,660.6846313476562,1687.3677978515625,82.1656494140625,88.42813110351562,20250225-155356
143,18446744073709551615,0,0.2401123046875,900.1528930664062,1872.8199462890625,46.20025634765625,177.92340087890625,20250225-155356
143,18446744073709551615,0,0.615234375,623.6700439453125,1365.8096923828125,210.9100341796875,230.10122680664062,20250225-155356
143,18446744073709551615,0,0.6875,609.627685546875,1643.373779296875,276.4632568359375,458.9329833984375,20250225-155356
143,18446744073709551615,0,0.73095703125,661.2632446289062,439.5222473144531,134.3059844970703,163.05303955078125,20250225-155356
143,18446744073709551615,0,0.80419921875,646.2240600585938,554.5072021484375,166.32298278808594,176.622802734375,20250225-155356
143,18446744073709551615,0,0.85791015625,627.74267578125,192.87355041503906,260.8966064453125,344.0672607421875,20250225-155356
143,18446744073709551615,0,0.91943359375,470.722412109375,1.026123046875,415.9668273925781,597.3802490234375,20250225-155356
143,18446744073709551615,0,0.93798828125,89.19973754882812,443.31591796875,1209.077880859375,977.7008056640625,20250225-155356
144,18446744073709551615,0,0.20751953125,660.960205078125,1683.697265625,86.98370361328125,86.83236694335938,20250225-155356
144,18446744073709551615,0,0.2486572265625,901.2652587890625,1872.3021240234375,46.723388671875,176.7652587890625,20250225-155356
144,18446744073709551615,0,0.318359375,661.761962890625,775.9762573242188,63.57806396484375,23.11798095703125,20250225-155356
144,18446744073709551615,0,0.54296875,623.2164916992188,1343.059814453125,233.33624267578125,230.92831420898438,20250225-155356
144,18446744073709551615,0,0.712890625,608.802978515625,1644.9027099609375,274.57342529296875,459.599853515625,20250225-155356
144,18446744073709551615,0,0.712890625,661.8176879882812,438.696044921875,134.8004150390625,162.69268798828125,20250225-155356
144,18446744073709551615,0,0.796875,646.1394653320312,554.5521240234375,165.5104522705078,176.911376953125,20250225-155356
144,18446744073709551615,0,0.8564453125,627.9912109375,191.7392120361328,263.40191650390625,342.50830078125,20250225-155356
144,18446744073709551615,0,0.91748046875,467.41900634765625,1.3389129638671875,416.0941162109375,600.5845947265625,20250225-155356
144,18446744073709551615,0,0.9404296875,86.52557373046875,443.8824462890625,1210.6337890625,980.206787109375,20250225-155356
145,18446744073709551615,0,0.23095703125,897.9973754882812,1872.720947265625,46.336669921875,180.08944702148438,20250225-155356
145,18446744073709551615,0,0.375732421875,661.254638671875,774.9925537109375,65.1199951171875,23.296417236328125,20250225-155356
145,18446744073709551615,0,0.58154296875,622.4542236328125,1318.843017578125,254.76068115234375,232.29684448242188,20250225-155356
145,18446744073709551615,0,0.6826171875,607.8057861328125,1644.8426513671875,274.81475830078125,461.0262451171875,20250225-155356
145,18446744073709551615,0,0.732421875,661.20361328125,440.2005615234375,132.97384643554688,163.96142578125,20250225-155356
145,18446744073709551615,0,0.80322265625,645.9176025390625,555.1975708007812,165.86668395996094,176.76507568359375,20250225-155356
145,18446744073709551615,0,0.85546875,627.9904174804688,190.14051818847656,265.31842041015625,343.3973693847656,20250225-155356
145,18446744073709551615,0,0.9189453125,469.3817138671875,1.214630126953125,414.470947265625,598.7034912109375,20250225-155356
145,18446744073709551615,0,0.94140625,77.76589965820312,444.8792724609375,1209.39501953125,988.6906127929688,20250225-155356
146,18446744073709551615,0,0.2037353515625,898.2020874023438,1872.4310302734375,46.63348388671875,179.94259643554688,20250225-155356
146,18446744073709551615,0,0.39697265625,660.9750366210938,774.2379150390625,66.01116943359375,23.38531494140625,20250225-155356
146,18446744073709551615,0,0.6259765625,621.417236328125,1313.0849609375,261.1761474609375,228.1878662109375,20250225-155356
146,18446744073709551615,0,0.7041015625,608.416748046875,1644.3189697265625,275.29486083984375,460.43353271484375,20250225-155356
146,18446744073709551615,0,0.7373046875,661.9407348632812,439.52490234375,132.84036254882812,162.91021728515625,20250225-155356
146,18446744073709551615,0,0.806640625,646.4571533203125,554.9613037109375,164.64202880859375,176.42404174804688,20250225-155356
146,18446744073709551615,0,0.849609375,629.1014404296875,190.2436981201172,269.31512451171875,339.90545654296875,20250225-155356
146,18446744073709551615,0,0.91943359375,469.3714599609375,0.8389434814453125,415.83514404296875,598.661376953125,20250225-155356
146,18446744073709551615,0,0.93896484375,77.31427001953125,444.814453125,1208.71875,989.1967163085938,20250225-155356
147,18446744073709551615,0,0.401611328125,661.255859375,773.6190185546875,67.39453125,23.47247314453125,20250225-155356
147,18446744073709551615,0,0.630859375,622.3037109375,1316.4620361328125,259.36871337890625,230.53884887695312,20250225-155356
147,18446744073709551615,0,0.70068359375,609.0983276367188,1644.626220703125,274.837646484375,459.7325134277344,20250225-155356
147,18446744073709551615,0,0.728515625,661.6528930664062,439.1657409667969,134.8809356689453,163.19833374023438,20250225-155356
147,18446744073709551615,0,0.802734375,645.9864501953125,555.5440673828125,163.9613800048828,176.75830078125,20250225-155356
147,18446744073709551615,0,0.85595703125,629.1826171875,189.60232543945312,267.27703857421875,341.8612976074219,20250225-155356
147,18446744073709551615,0,0.919921875,469.92974853515625,1.2117462158203125,415.3577880859375,597.9852294921875,20250225-155356
147,18446744073709551615,0,0.939453125,78.14035034179688,444.78424072265625,1207.644775390625,988.6166381835938,20250225-155356
148,18446744073709551615,0,0.23583984375,895.6175537109375,1872.241943359375,46.8592529296875,182.51394653320312,20250225-155356
148,18446744073709551615,0,0.405517578125,661.3472900390625,773.8289794921875,68.67572021484375,23.529144287109375,20250225-155356
148,18446744073709551615,0,0.5947265625,623.2033081054688,1324.285888671875,252.80712890625,233.515869140625,20250225-155356
148,18446744073709551615,0,0.66796875,661.8711547851562,437.4378662109375,135.16978454589844,163.10604858398438,20250225-155356
148,18446744073709551615,0,0.6875,608.91943359375,1643.143310546875,276.65625,459.7107238769531,20250225-155356
148,18446744073709551615,0,0.78662109375,646.6790771484375,554.61572265625,165.649658203125,176.21548461914062,20250225-155356
148,18446744073709551615,0,0.85205078125,630.4213256835938,188.83932495117188,265.28790283203125,339.9919738769531,20250225-155356
148,18446744073709551615,0,0.91796875,466.9998779296875,1.338409423828125,414.3371887207031,601.1514892578125,20250225-155356
148,18446744073709551615,0,0.93701171875,80.74575805664062,443.9967041015625,1207.324951171875,986.0145263671875,20250225-155356
149,18446744073709551615,0,0.2193603515625,660.50146484375,1687.8160400390625,82.3143310546875,88.859619140625,20250225-155356
149,18446744073709551615,0,0.2294921875,896.314453125,1871.62841796875,47.4312744140625,181.89138793945312,20250225-155356
149,18446744073709551615,0,0.39990234375,661.3004150390625,774.5612182617188,68.43502807617188,24.105377197265625,20250225-155356
149,18446744073709551615,0,0.5830078125,609.3154907226562,1645.18701171875,274.409912109375,459.84466552734375,20250225-155356
149,18446744073709551615,0,0.64501953125,623.486328125,1325.7978515625,252.3123779296875,233.7960205078125,20250225-155356
149,18446744073709551615,0,0.6826171875,660.9752197265625,439.2637939453125,134.8977813720703,163.543212890625,20250225-155356
149,18446744073709551615,0,0.77392578125,646.4627685546875,555.218017578125,164.8684844970703,176.52154541015625,20250225-155356
149,18446744073709551615,0,0.8583984375,630.245361328125,188.86019897460938,267.05792236328125,339.66119384765625,20250225-155356
149,18446744073709551615,0,0.92041015625,469.3711853027344,1.0293731689453125,415.0300598144531,598.7905883789062,20250225-155356
149,18446744073709551615,0,0.9375,79.52558898925781,445.0791015625,1206.8558349609375,987.23876953125,20250225-155356
150,18446744073709551615,0,0.21533203125,893.2608032226562,1870.94384765625,48.11700439453125,184.93441772460938,20250225-155356
150,18446744073709551615,0,0.2401123046875,661.1277465820312,1683.8961181640625,86.69000244140625,86.10269165039062,20250225-155356
150,18446744073709551615,0,0.39501953125,660.3658447265625,775.426025390625,67.64694213867188,24.08660888671875,20250225-155356
150,18446744073709551615,0,0.67041015625,622.4789428710938,1326.686279296875,250.3934326171875,232.50411987304688,20250225-155356
150,18446744073709551615,0,0.68603515625,608.1046142578125,1647.0794677734375,272.351806640625,460.3400573730469,20250225-155356
150,18446744073709551615,0,0.69189453125,660.3290405273438,439.94915771484375,133.8153076171875,163.86465454101562,20250225-155356
150,18446744073709551615,0,0.77392578125,645.90966796875,555.0281982421875,165.6521759033203,176.63131713867188,20250225-155356
150,18446744073709551615,0,0.85791015625,630.151611328125,188.59048461914062,270.4186706542969,340.65618896484375,20250225-155356
150,18446744073709551615,0,0.9208984375,469.23687744140625,1.2183837890625,414.4038391113281,598.5006103515625,20250225-155356
150,18446744073709551615,0,0.93798828125,84.57723999023438,444.5643310546875,1207.8994140625,982.1517333984375,20250225-155356
151,18446744073709551615,0,0.2088623046875,890.8496704101562,1871.008056640625,48.05712890625,187.52609252929688,20250225-155356
151,18446744073709551615,0,0.444580078125,660.8355102539062,775.6656494140625,66.82086181640625,23.426055908203125,20250225-155356
151,18446744073709551615,0,0.57958984375,658.6353149414062,437.19427490234375,134.70492553710938,165.70770263671875,20250225-155356
151,18446744073709551615,0,0.63330078125,621.198486328125,1328.767333984375,245.27069091796875,232.71725463867188,20250225-155356
151,18446744073709551615,0,0.67822265625,608.0936279296875,1643.9454345703125,275.47576904296875,460.92388916015625,20250225-155356
151,18446744073709551615,0,0.72802734375,645.5987548828125,554.1666870117188,167.02249145507812,176.656494140625,20250225-155356
151,18446744073709551615,0,0.85888671875,630.333984375,188.57638549804688,264.9386901855469,339.9985656738281,20250225-155356
151,18446744073709551615,0,0.91943359375,468.40081787109375,1.22332763671875,414.50799560546875,599.440185546875,20250225-155356
151,18446744073709551615,0,0.9365234375,74.22390747070312,443.72021484375,1210.0462646484375,992.420654296875,20250225-155356
152,18446744073709551615,0,0.226806640625,893.3809204101562,1870.70361328125,48.31842041015625,184.88790893554688,20250225-155356
152,18446744073709551615,0,0.43212890625,661.2994995117188,775.6212158203125,68.26492309570312,23.579681396484375,20250225-155356
152,18446744073709551615,0,0.64501953125,657.9742431640625,437.2667236328125,134.56887817382812,165.3724365234375,20250225-155356
152,18446744073709551615,0,0.67333984375,622.3062744140625,1329.3431396484375,247.8614501953125,230.42971801757812,20250225-155356
152,18446744073709551615,0,0.693359375,608.0385131835938,1645.1312255859375,274.30902099609375,460.6656188964844,20250225-155356
152,18446744073709551615,0,0.76416015625,646.22509765625,554.02001953125,166.83338928222656,176.46990966796875,20250225-155356
152,18446744073709551615,0,0.8583984375,630.9613037109375,188.23123168945312,266.818359375,340.3591003417969,20250225-155356
152,18446744073709551615,0,0.91943359375,468.82049560546875,1.029052734375,414.8818359375,599.0831909179688,20250225-155356
152,18446744073709551615,0,0.93603515625,79.67610168457031,443.863037109375,1208.779296875,987.017578125,20250225-155356
153,18446744073709551615,0,0.23095703125,890.8150634765625,1870.883056640625,48.17010498046875,187.279541015625,20250225-155356
153,18446744073709551615,0,0.404541015625,661.20703125,774.891845703125,67.47564697265625,23.617950439453125,20250225-155356
153,18446744073709551615,0,0.5390625,659.164306640625,435.7044677734375,134.31024169921875,164.75546264648438,20250225-155356
153,18446744073709551615,0,0.69091796875,608.8890380859375,1644.9378662109375,274.6864013671875,459.37115478515625,20250225-155356
153,18446744073709551615,0,0.71044921875,622.6947021484375,1332.02001953125,243.27044677734375,229.0836181640625,20250225-155356
153,18446744073709551615,0,0.716796875,647.4759521484375,553.2879638671875,167.2423095703125,174.29214477539062,20250225-155356
153,18446744073709551615,0,0.8583984375,630.5147094726562,188.31304931640625,267.46783447265625,340.67266845703125,20250225-155356
153,18446744073709551615,0,0.92138671875,469.7829895019531,1.0424652099609375,414.57421875,598.198974609375,20250225-155356
153,18446744073709551615,0,0.93798828125,86.3704833984375,443.98223876953125,1208.41845703125,980.3175659179688,20250225-155356
154,18446744073709551615,0,0.2193603515625,661.4957885742188,1682.471923828125,89.24652099609375,89.81057739257812,20250225-155356
154,18446744073709551615,0,0.2213134765625,891.1492309570312,1870.3538818359375,48.78131103515625,186.90719604492188,20250225-155356
154,18446744073709551615,0,0.43115234375,661.3927001953125,777.0152587890625,65.5484619140625,24.702850341796875,20250225-155356
154,18446744073709551615,0,0.60498046875,659.2802124023438,435.5596618652344,134.25791931152344,164.33578491210938,20250225-155356
154,18446744073709551615,0,0.70068359375,622.2123413085938,1332.9166259765625,243.56890869140625,231.69781494140625,20250225-155356
154,18446744073709551615,0,0.73583984375,646.0621948242188,551.5010375976562,168.66256713867188,176.97061157226562,20250225-155356
154,18446744073709551615,0,0.73876953125,608.622802734375,1645.1151123046875,274.5230712890625,460.3244934082031,20250225-155356
154,18446744073709551615,0,0.85693359375,631.32568359375,188.2174530029297,266.94647216796875,339.35467529296875,20250225-155356
154,18446744073709551615,0,0.91943359375,470.3089599609375,1.217010498046875,415.0617370605469,598.0296630859375,20250225-155356
154,18446744073709551615,0,0.939453125,85.78628540039062,445.33062744140625,1206.3431396484375,980.955322265625,20250225-155356
155,18446744073709551615,0,0.253173828125,661.2518920898438,1686.2698974609375,85.07373046875,84.29141235351562,20250225-155356
155,18446744073709551615,0,0.2568359375,888.3426513671875,1870.2476806640625,48.88714599609375,189.8089599609375,20250225-155356
155,18446744073709551615,0,0.416748046875,661.8094482421875,779.9606323242188,62.84912109375,23.9080810546875,20250225-155356
155,18446744073709551615,0,0.56982421875,659.594970703125,425.76678466796875,144.09466552734375,165.47341918945312,20250225-155356
155,18446744073709551615,0,0.69775390625,608.4803466796875,1644.539794921875,275.10296630859375,459.5382385253906,20250225-155356
155,18446744073709551615,0,0.69921875,621.3945922851562,1333.629150390625,243.60406494140625,235.88992309570312,20250225-155356
155,18446744073709551615,0,0.70654296875,645.4405517578125,551.4622802734375,169.4326629638672,176.97628784179688,20250225-155356
155,18446744073709551615,0,0.8603515625,630.6131591796875,188.5655059814453,264.6243896484375,340.68511962890625,20250225-155356
155,18446744073709551615,0,0.919921875,469.909423828125,1.21563720703125,416.1261291503906,597.9812622070312,20250225-155356
155,18446744073709551615,0,0.93408203125,84.42027282714844,445.1689453125,1205.336669921875,982.3135986328125,20250225-155356
156,18446744073709551615,0,0.2379150390625,892.4970703125,1870.3978271484375,48.93072509765625,183.25982666015625,20250225-155356
156,18446744073709551615,0,0.307373046875,661.1416625976562,1685.570068359375,86.42962646484375,83.91476440429688,20250225-155356
156,18446744073709551615,0,0.32080078125,661.9921875,780.7238159179688,63.071136474609375,23.26556396484375,20250225-155356
156,18446744073709551615,0,0.6953125,659.94091796875,427.6923522949219,139.12957763671875,163.80303955078125,20250225-155356
156,18446744073709551615,0,0.7177734375,622.42822265625,1334.373779296875,241.222412109375,233.65274047851562,20250225-155356
156,18446744073709551615,0,0.73779296875,608.5332641601562,1644.0853271484375,275.5733642578125,459.37591552734375,20250225-155356
156,18446744073709551615,0,0.7626953125,645.593994140625,552.116943359375,168.48678588867188,176.40591430664062,20250225-155356
156,18446744073709551615,0,0.86328125,629.807373046875,188.9590301513672,261.71771240234375,341.3605041503906,20250225-155356
156,18446744073709551615,0,0.9189453125,469.3641357421875,1.030426025390625,416.3409118652344,598.636474609375,20250225-155356
156,18446744073709551615,0,0.9384765625,80.3375244140625,444.960205078125,1205.8619384765625,986.4860229492188,20250225-155356
157,18446744073709551615,0,0.2254638671875,661.494140625,1681.4111328125,90.6947021484375,87.27859497070312,20250225-155356
157,18446744073709551615,0,0.262939453125,893.3197631835938,1870.526611328125,48.79833984375,182.58132934570312,20250225-155356
157,18446744073709551615,0,0.29736328125,662.0381469726562,784.25537109375,60.40374755859375,22.834259033203125,20250225-155356
157,18446744073709551615,0,0.63623046875,608.7273559570312,1644.01611328125,275.6868896484375,458.7675476074219,20250225-155356
157,18446744073709551615,0,0.6826171875,659.407470703125,425.6390075683594,143.76319885253906,164.74575805664062,20250225-155356
157,18446744073709551615,0,0.703125,622.41064453125,1335.968505859375,242.05810546875,233.71856689453125,20250225-155356
157,18446744073709551615,0,0.76220703125,645.5996704101562,552.1153564453125,168.39234924316406,176.19204711914062,20250225-155356
157,18446744073709551615,0,0.861328125,630.0792236328125,189.02676391601562,259.7328186035156,340.05780029296875,20250225-155356
157,18446744073709551615,0,0.91796875,469.90777587890625,1.0333099365234375,415.24041748046875,597.9321899414062,20250225-155356
157,18446744073709551615,0,0.9365234375,83.94831848144531,444.16339111328125,1206.678955078125,982.913818359375,20250225-155356
158,18446744073709551615,0,0.2239990234375,662.9339599609375,784.4693603515625,59.96905517578125,22.56683349609375,20250225-155356
158,18446744073709551615,0,0.2705078125,891.525146484375,1870.175537109375,49.1513671875,184.58587646484375,20250225-155356
158,18446744073709551615,0,0.607421875,622.8814697265625,1337.839599609375,239.00115966796875,234.6917724609375,20250225-155356
158,18446744073709551615,0,0.693359375,660.230712890625,420.4331359863281,142.94046020507812,165.85317993164062,20250225-155356
158,18446744073709551615,0,0.6982421875,609.564697265625,1643.3800048828125,276.26055908203125,458.5924987792969,20250225-155356
158,18446744073709551615,0,0.72314453125,645.6718139648438,551.0143432617188,169.2154998779297,176.12228393554688,20250225-155356
158,18446744073709551615,0,0.86083984375,630.7086181640625,189.28294372558594,258.36181640625,339.7511901855469,20250225-155356
158,18446744073709551615,0,0.921875,470.709228515625,0.8516693115234375,414.623046875,597.3480224609375,20250225-155356
158,18446744073709551615,0,0.935546875,80.20687866210938,444.39385986328125,1206.8126220703125,986.712158203125,20250225-155356
159,18446744073709551615,0,0.219970703125,660.4432983398438,1688.080322265625,81.40283203125,87.93914794921875,20250225-155356
159,18446744073709551615,0,0.2322998046875,663.3685913085938,784.4388427734375,61.248779296875,22.55474853515625,20250225-155356
159,18446744073709551615,0,0.279052734375,891.4510498046875,1870.028076171875,49.3465576171875,184.32440185546875,20250225-155356
159,18446744073709551615,0,0.6376953125,610.6463012695312,1641.808837890625,277.88671875,457.4830627441406,20250225-155356
159,18446744073709551615,0,0.6982421875,623.4312744140625,1339.6021728515625,237.7071533203125,233.17849731445312,20250225-155356
159,18446744073709551615,0,0.74755859375,660.4072265625,414.150146484375,146.5802764892578,164.55551147460938,20250225-155356
159,18446744073709551615,0,0.75439453125,646.6534423828125,552.0833129882812,167.61204528808594,174.14767456054688,20250225-155356
159,18446744073709551615,0,0.8564453125,630.5321044921875,190.02294921875,257.7725830078125,340.1390075683594,20250225-155356
159,18446744073709551615,0,0.92138671875,470.17584228515625,1.2267608642578125,413.8203125,597.85888671875,20250225-155356
159,18446744073709551615,0,0.9384765625,78.64759826660156,445.74188232421875,1204.025146484375,988.1689453125,20250225-155356
160,18446744073709551615,0,0.2451171875,659.969970703125,1688.482421875,80.0057373046875,87.94766235351562,20250225-155356
160,18446744073709551615,0,0.257568359375,663.7908325195312,787.083740234375,59.66143798828125,22.882965087890625,20250225-155356
160,18446744073709551615,0,0.32080078125,891.56396484375,1870.4014892578125,48.97247314453125,184.4937744140625,20250225-155356
160,18446744073709551615,0,0.4951171875,610.2211303710938,1643.857177734375,275.17034912109375,449.80133056640625,20250225-155356
160,18446744073709551615,0,0.68017578125,623.2149658203125,1341.1409912109375,237.56158447265625,230.510009765625,20250225-155356
160,18446744073709551615,0,0.7080078125,646.87939453125,551.3058471679688,168.73594665527344,173.80929565429688,20250225-155356
160,18446744073709551615,0,0.72119140625,660.8732299804688,411.2227478027344,148.60418701171875,164.23178100585938,20250225-155356
160,18446744073709551615,0,0.83740234375,630.3594360351562,190.9541473388672,259.56573486328125,340.2104187011719,20250225-155356
160,18446744073709551615,0,0.92333984375,469.36944580078125,1.2439727783203125,413.560546875,598.6563720703125,20250225-155356
160,18446744073709551615,0,0.94140625,85.62680053710938,445.8538818359375,1205.7099609375,981.4942016601562,20250225-155356
161,18446744073709551615,0,0.32177734375,660.1686401367188,1688.307861328125,78.4171142578125,87.6639404296875,20250225-155356
161,18446744073709551615,0,0.3388671875,891.5068359375,1869.5233154296875,49.63970947265625,186.99234008789062,20250225-155356
161,18446744073709551615,0,0.437744140625,609.952880859375,1643.314208984375,275.73486328125,442.1373596191406,20250225-155356
161,18446744073709551615,0,0.69580078125,645.5386962890625,552.7348022460938,167.1042022705078,176.23764038085938,20250225-155356
161,18446744073709551615,0,0.73388671875,622.9398193359375,1342.041015625,240.11846923828125,230.96859741210938,20250225-155356
161,18446744073709551615,0,0.763671875,659.4369506835938,403.92303466796875,155.25787353515625,165.05667114257812,20250225-155356
161,18446744073709551615,0,0.82177734375,630.0053100585938,191.6718292236328,258.70233154296875,339.4921875,20250225-155356
161,18446744073709551615,0,0.9228515625,470.0532531738281,1.2432403564453125,414.2391357421875,598.14990234375,20250225-155356
161,18446744073709551615,0,0.93798828125,79.36125183105469,445.2938232421875,1206.47119140625,987.702392578125,20250225-155356
162,18446744073709551615,0,0.30810546875,891.4443969726562,1869.357177734375,49.7830810546875,187.02914428710938,20250225-155356
162,18446744073709551615,0,0.33447265625,661.595703125,1686.922119140625,79.35040283203125,83.49005126953125,20250225-155356
162,18446744073709551615,0,0.4873046875,610.0676879882812,1642.782470703125,276.74267578125,458.2971496582031,20250225-155356
162,18446744073709551615,0,0.6943359375,659.3318481445312,400.8423156738281,159.1216278076172,164.72158813476562,20250225-155356
162,18446744073709551615,0,0.712890625,622.2835693359375,1342.4468994140625,234.8807373046875,231.1212158203125,20250225-155356
162,18446744073709551615,0,0.763671875,645.2747802734375,552.8701171875,166.8042755126953,175.6318359375,20250225-155356
162,18446744073709551615,0,0.81689453125,629.3911743164062,192.43276977539062,258.6662292480469,340.2481384277344,20250225-155356
162,18446744073709551615,0,0.92041015625,469.51593017578125,1.0535430908203125,414.74896240234375,598.359619140625,20250225-155356
162,18446744073709551615,0,0.93798828125,83.88482666015625,445.70635986328125,1205.718994140625,983.1463623046875,20250225-155356
163,18446744073709551615,0,0.2822265625,891.037841796875,1869.7862548828125,49.54541015625,185.58050537109375,20250225-155356
163,18446744073709551615,0,0.3173828125,659.7958374023438,1688.68359375,76.5,88.209228515625,20250225-155356
163,18446744073709551615,0,0.5322265625,610.1328735351562,1644.8653564453125,274.7314453125,457.9950256347656,20250225-155356
163,18446744073709551615,0,0.6943359375,659.6310424804688,398.19488525390625,163.2754669189453,165.0164794921875,20250225-155356
163,18446744073709551615,0,0.69921875,623.439697265625,1345.350830078125,233.55596923828125,229.62881469726562,20250225-155356
163,18446744073709551615,0,0.76904296875,629.822998046875,192.799072265625,256.3786926269531,330.90545654296875,20250225-155356
163,18446744073709551615,0,0.8076171875,646.4166870117188,553.2702026367188,166.25765991210938,175.70379638671875,20250225-155356
163,18446744073709551615,0,0.91796875,470.19964599609375,1.0541839599609375,416.3789978027344,598.1051025390625,20250225-155356
163,18446744073709551615,0,0.9345703125,94.17301940917969,445.95281982421875,1205.12158203125,972.840087890625,20250225-155356
164,18446744073709551615,0,0.32080078125,892.2072143554688,1870.0096435546875,49.32220458984375,184.49139404296875,20250225-155356
164,18446744073709551615,0,0.415771484375,610.6077880859375,1643.4140625,275.739990234375,432.1014404296875,20250225-155356
164,18446744073709551615,0,0.436767578125,659.7973022460938,1688.389892578125,77.08428955078125,89.56924438476562,20250225-155356
164,18446744073709551615,0,0.703125,623.5015869140625,1346.398193359375,232.9486083984375,230.52383422851562,20250225-155356
164,18446744073709551615,0,0.7333984375,660.0690307617188,398.212646484375,168.280517578125,164.0460205078125,20250225-155356
164,18446744073709551615,0,0.79833984375,630.267333984375,193.48617553710938,259.7384033203125,340.8888244628906,20250225-155356
164,18446744073709551615,0,0.818359375,645.5176391601562,554.0597534179688,165.0498046875,177.21084594726562,20250225-155356
164,18446744073709551615,0,0.91845703125,468.11773681640625,1.3215179443359375,414.01092529296875,600.41357421875,20250225-155356
164,18446744073709551615,0,0.93310546875,79.84034729003906,446.34576416015625,1205.57470703125,987.0230712890625,20250225-155356
165,18446744073709551615,0,0.32861328125,891.342041015625,1869.8529052734375,49.483154296875,184.99072265625,20250225-155357
165,18446744073709551615,0,0.401611328125,660.3099365234375,1688.2210693359375,76.3399658203125,88.10064697265625,20250225-155357
165,18446744073709551615,0,0.62890625,610.806884765625,1645.034912109375,274.5853271484375,456.7906494140625,20250225-155357
165,18446744073709551615,0,0.62890625,660.6248779296875,396.36676025390625,168.09429931640625,165.34478759765625,20250225-155357
165,18446744073709551615,0,0.6982421875,623.3447265625,1347.4105224609375,232.5849609375,232.899169921875,20250225-155357
165,18446744073709551615,0,0.80126953125,629.8145141601562,193.86318969726562,255.58035278320312,340.6540832519531,20250225-155357
165,18446744073709551615,0,0.82666015625,645.6615600585938,553.6886596679688,167.40078735351562,177.08432006835938,20250225-155357
165,18446744073709551615,0,0.91748046875,470.05316162109375,0.8524932861328125,416.408447265625,598.2152709960938,20250225-155357
165,18446744073709551615,0,0.93798828125,81.119384765625,447.13018798828125,1205.2913818359375,985.8134765625,20250225-155357
166,18446744073709551615,0,0.2783203125,892.7640380859375,1870.112060546875,49.219482421875,183.32235717773438,20250225-155357
166,18446744073709551615,0,0.30908203125,659.8372192382812,1688.36279296875,76.45953369140625,89.104248046875,20250225-155357
166,18446744073709551615,0,0.4873046875,611.0487670898438,1646.830078125,272.66986083984375,455.693115234375,20250225-155357
166,18446744073709551615,0,0.6953125,623.0765991210938,1349.6224365234375,229.1876220703125,235.28073120117188,20250225-155357
166,18446744073709551615,0,0.7001953125,660.662841796875,399.32293701171875,163.12692260742188,163.32257080078125,20250225-155357
166,18446744073709551615,0,0.8134765625,645.97900390625,553.850341796875,167.3513946533203,176.57318115234375,20250225-155357
166,18446744073709551615,0,0.8232421875,629.6449584960938,193.9522705078125,254.4906005859375,341.933349609375,20250225-155357
166,18446744073709551615,0,0.9208984375,469.6383361816406,1.035003662109375,415.33282470703125,598.6959228515625,20250225-155357
166,18446744073709551615,0,0.93701171875,82.1905517578125,445.5950927734375,1206.214599609375,984.8501586914062,20250225-155357
167,18446744073709551615,0,0.242919921875,892.376220703125,1870.2769775390625,49.055419921875,183.99847412109375,20250225-155357
167,18446744073709551615,0,0.422607421875,659.786865234375,1688.5755615234375,75.95159912109375,90.68096923828125,20250225-155357
167,18446744073709551615,0,0.51953125,611.3668212890625,1646.9549560546875,272.473388671875,457.2586669921875,20250225-155357
167,18446744073709551615,0,0.70654296875,621.8501586914062,1351.40283203125,227.58013916015625,234.12570190429688,20250225-155357
167,18446744073709551615,0,0.72314453125,660.2583618164062,393.6880187988281,169.7926483154297,162.5738525390625,20250225-155357
167,18446744073709551615,0,0.740234375,629.9168701171875,194.87379455566406,260.6983642578125,340.576904296875,20250225-155357
167,18446744073709551615,0,0.81005859375,645.9027099609375,554.0117797851562,166.1428985595703,176.30978393554688,20250225-155357
167,18446744073709551615,0,0.9208984375,470.33367919921875,1.2335357666015625,416.5615539550781,598.0567626953125,20250225-155357
167,18446744073709551615,0,0.93603515625,81.84260559082031,444.24530029296875,1207.05615234375,985.1923828125,20250225-155357
168,18446744073709551615,0,0.230224609375,890.8493041992188,1870.5523681640625,48.78277587890625,185.55642700195312,20250225-155357
168,18446744073709551615,0,0.290283203125,660.058349609375,1688.7711181640625,76.78619384765625,85.157958984375,20250225-155357
168,18446744073709551615,0,0.552734375,612.3914794921875,1646.442626953125,273.1494140625,456.09136962890625,20250225-155357
168,18446744073709551615,0,0.587890625,661.4701538085938,386.59979248046875,175.40011596679688,163.641357421875,20250225-155357
168,18446744073709551615,0,0.67041015625,629.999267578125,194.44322204589844,241.32550048828125,280.2023620605469,20250225-155357
168,18446744073709551615,0,0.74169921875,622.2242431640625,1349.826171875,230.90313720703125,230.31399536132812,20250225-155357
168,18446744073709551615,0,0.8134765625,645.8223266601562,553.8823852539062,167.02606201171875,176.79006958007812,20250225-155357
168,18446744073709551615,0,0.91943359375,467.858642578125,1.4921722412109375,415.5643615722656,600.3345947265625,20250225-155357
168,18446744073709551615,0,0.9375,79.49015808105469,444.61920166015625,1206.6507568359375,987.7452392578125,20250225-155357
169,18446744073709551615,0,0.25537109375,659.4226684570312,1687.76513671875,77.4224853515625,90.92120361328125,20250225-155357
169,18446744073709551615,0,0.3056640625,891.3887329101562,1870.41357421875,48.9627685546875,184.7633056640625,20250225-155357
169,18446744073709551615,0,0.41015625,611.75244140625,1651.09716796875,268.12554931640625,456.39404296875,20250225-155357
169,18446744073709551615,0,0.732421875,622.0892333984375,1349.254638671875,234.4112548828125,230.7000732421875,20250225-155357
169,18446744073709551615,0,0.7470703125,662.02001953125,394.19256591796875,168.5881805419922,159.81353759765625,20250225-155357
169,18446744073709551615,0,0.77734375,629.6427001953125,195.32505798339844,252.1820526123047,341.57501220703125,20250225-155357
169,18446744073709551615,0,0.82177734375,645.9052734375,553.6480712890625,168.17495727539062,175.91940307617188,20250225-155357
169,18446744073709551615,0,0.92138671875,469.64080810546875,1.0350494384765625,417.14849853515625,598.796630859375,20250225-155357
169,18446744073709551615,0,0.93798828125,82.43344116210938,444.4486083984375,1207.0389404296875,984.9385986328125,20250225-155357
170,18446744073709551615,0,0.226806640625,659.9243774414062,1687.255859375,78.5159912109375,94.18405151367188,20250225-155357
170,18446744073709551615,0,0.2421875,891.6080932617188,1870.374755859375,48.99957275390625,184.0982666015625,20250225-155357
170,18446744073709551615,0,0.43212890625,613.2161865234375,1648.7618408203125,270.440185546875,455.478515625,20250225-155357
170,18446744073709551615,0,0.59912109375,629.5162353515625,196.0931396484375,256.0098876953125,337.1932067871094,20250225-155357
170,18446744073709551615,0,0.69189453125,662.09423828125,406.5194091796875,155.20834350585938,156.88018798828125,20250225-155357
170,18446744073709551615,0,0.7392578125,622.2028198242188,1349.10888671875,234.785888671875,232.15878295898438,20250225-155357
170,18446744073709551615,0,0.80810546875,645.514892578125,554.0549926757812,167.31166076660156,176.26382446289062,20250225-155357
170,18446744073709551615,0,0.92236328125,468.843017578125,1.4918975830078125,416.04632568359375,599.9495849609375,20250225-155357
170,18446744073709551615,0,0.93603515625,84.19354248046875,444.16204833984375,1206.65625,983.1903076171875,20250225-155357
171,18446744073709551615,0,0.242919921875,890.633544921875,1870.519775390625,48.81060791015625,185.36993408203125,20250225-155357
171,18446744073709551615,0,0.250244140625,659.8555297851562,1687.5205078125,78.2545166015625,93.77719116210938,20250225-155357
171,18446744073709551615,0,0.441650390625,612.4879760742188,1647.5247802734375,271.45587158203125,415.051025390625,20250225-155357
171,18446744073709551615,0,0.7080078125,621.555419921875,1351.87255859375,235.01824951171875,236.530517578125,20250225-155357
171,18446744073709551615,0,0.75927734375,629.0377807617188,195.8891143798828,262.129638671875,342.2156066894531,20250225-155357
171,18446744073709551615,0,0.78125,661.6221313476562,421.9833068847656,139.30567932128906,157.29071044921875,20250225-155357
171,18446744073709551615,0,0.810546875,644.9639282226562,554.1904296875,167.38165283203125,177.1424560546875,20250225-155357
171,18446744073709551615,0,0.921875,471.1219482421875,1.205657958984375,417.0486145019531,597.76708984375,20250225-155357
171,18446744073709551615,0,0.93408203125,83.93316650390625,443.21820068359375,1208.678466796875,983.6123657226562,20250225-155357
172,18446744073709551615,0,0.234375,659.6581420898438,1687.579345703125,77.8663330078125,90.938232421875,20250225-155357
172,18446744073709551615,0,0.253173828125,892.121337890625,1870.32568359375,49.05047607421875,183.7679443359375,20250225-155357
172,18446744073709551615,0,0.437744140625,612.3081665039062,1647.5703125,271.6072998046875,425.5249328613281,20250225-155357
172,18446744073709551615,0,0.70654296875,620.4598388671875,1355.02001953125,225.34515380859375,233.1829833984375,20250225-155357
172,18446744073709551615,0,0.755859375,661.7601318359375,428.78009033203125,132.2454071044922,157.7186279296875,20250225-155357
172,18446744073709551615,0,0.7607421875,629.2921142578125,196.33900451660156,255.3135223388672,341.7225036621094,20250225-155357
172,18446744073709551615,0,0.8193359375,644.9573364257812,554.2728271484375,167.68194580078125,177.8052978515625,20250225-155357
172,18446744073709551615,0,0.9208984375,470.7147216796875,1.2052459716796875,417.35064697265625,598.001708984375,20250225-155357
172,18446744073709551615,0,0.9345703125,82.12307739257812,442.9842529296875,1208.84033203125,985.5276489257812,20250225-155357
173,18446744073709551615,0,0.2120361328125,893.568115234375,1870.3875732421875,48.98785400390625,182.28863525390625,20250225-155357
173,18446744073709551615,0,0.220703125,660.0521850585938,1688.2781982421875,77.66876220703125,91.092041015625,20250225-155357
173,18446744073709551615,0,0.484375,613.0882568359375,1647.14794921875,271.90924072265625,436.83270263671875,20250225-155357
173,18446744073709551615,0,0.68017578125,661.9910888671875,425.9835205078125,136.7988739013672,157.11492919921875,20250225-155357
173,18446744073709551615,0,0.7001953125,620.7046508789062,1355.758544921875,223.97406005859375,231.26522827148438,20250225-155357
173,18446744073709551615,0,0.732421875,628.9942016601562,196.6593475341797,255.32867431640625,339.5386047363281,20250225-155357
173,18446744073709551615,0,0.81396484375,645.4454956054688,553.41015625,167.76956176757812,176.40206909179688,20250225-155357
173,18446744073709551615,0,0.92236328125,471.1146240234375,1.0255279541015625,418.24212646484375,597.75390625,20250225-155357
173,18446744073709551615,0,0.93310546875,83.90597534179688,442.37054443359375,1209.1329345703125,983.4931640625,20250225-155357
174,18446744073709551615,0,0.206298828125,661.0138549804688,1688.49853515625,78.774169921875,85.43600463867188,20250225-155357
174,18446744073709551615,0,0.21728515625,892.5009155273438,1870.4981689453125,48.87982177734375,183.79302978515625,20250225-155357
174,18446744073709551615,0,0.310791015625,662.5508422851562,790.7935180664062,70.7398681640625,27.503173828125,20250225-155357
174,18446744073709551615,0,0.42431640625,613.1195068359375,1650.60205078125,268.47601318359375,417.3866271972656,20250225-155357
174,18446744073709551615,0,0.55810546875,620.7974853515625,1357.742431640625,223.669921875,233.96932983398438,20250225-155357
174,18446744073709551615,0,0.64794921875,662.1661376953125,422.7787170410156,140.23265075683594,157.34884643554688,20250225-155357
174,18446744073709551615,0,0.79248046875,629.3770751953125,196.54161071777344,253.8508758544922,341.55377197265625,20250225-155357
174,18446744073709551615,0,0.8134765625,645.8344116210938,552.1844482421875,170.32864379882812,177.4434814453125,20250225-155357
174,18446744073709551615,0,0.921875,471.2362060546875,0.8333587646484375,417.39105224609375,597.1829223632812,20250225-155357
174,18446744073709551615,0,0.93310546875,93.72175598144531,443.25238037109375,1208.7740478515625,973.508056640625,20250225-155357
175,18446744073709551615,0,0.22607421875,660.7915649414062,1688.0211181640625,78.1094970703125,91.38070678710938,20250225-155357
175,18446744073709551615,0,0.291015625,893.5733642578125,1870.5234375,48.850341796875,182.77734375,20250225-155357
175,18446744073709551615,0,0.385009765625,612.741943359375,1648.2462158203125,270.8287353515625,385.718994140625,20250225-155357
175,18446744073709551615,0,0.42919921875,660.8277587890625,786.0552978515625,73.01065063476562,28.62762451171875,20250225-155357
175,18446744073709551615,0,0.5302734375,619.1863403320312,1360.9478759765625,214.3114013671875,284.8600158691406,20250225-155357
175,18446744073709551615,0,0.58154296875,662.2012939453125,383.77056884765625,180.11965942382812,161.7945556640625,20250225-155357
175,18446744073709551615,0,0.80419921875,628.6729736328125,196.7659149169922,252.0579071044922,341.8824462890625,20250225-155357
175,18446744073709551615,0,0.814453125,645.98388671875,552.8845825195312,168.31219482421875,176.616943359375,20250225-155357
175,18446744073709551615,0,0.9189453125,470.971435546875,1.0297393798828125,416.2559509277344,597.7139282226562,20250225-155357
175,18446744073709551615,0,0.931640625,102.1651611328125,443.210693359375,1207.606201171875,965.0535278320312,20250225-155357
176,18446744073709551615,0,0.260498046875,893.207763671875,1870.5625,48.8162841796875,183.255615234375,20250225-155357
176,18446744073709551615,0,0.29345703125,660.51318359375,1688.0819091796875,77.5455322265625,91.2359619140625,20250225-155357
176,18446744073709551615,0,0.421630859375,613.2196655273438,1650.241455078125,268.9658203125,455.9383850097656,20250225-155357
176,18446744073709551615,0,0.5166015625,659.6114501953125,782.947265625,73.2835693359375,31.410369873046875,20250225-155357
176,18446744073709551615,0,0.5478515625,619.317626953125,1359.57470703125,217.82318115234375,239.58737182617188,20250225-155357
176,18446744073709551615,0,0.7490234375,662.3748779296875,412.433837890625,150.20004272460938,157.22744750976562,20250225-155357
176,18446744073709551615,0,0.8037109375,645.823974609375,552.957275390625,168.23899841308594,176.5997314453125,20250225-155357
176,18446744073709551615,0,0.8251953125,628.5511474609375,196.68594360351562,255.57984924316406,339.67218017578125,20250225-155357
176,18446744073709551615,0,0.92236328125,470.84454345703125,1.0266265869140625,414.8962097167969,597.369140625,20250225-155357
176,18446744073709551615,0,0.93408203125,92.60481262207031,442.997802734375,1209.3087158203125,974.68359375,20250225-155357
177,18446744073709551615,0,0.264404296875,661.0285034179688,1687.8636474609375,78.7503662109375,85.43728637695312,20250225-155357
177,18446744073709551615,0,0.3310546875,893.6588134765625,1870.672119140625,48.7071533203125,182.7275390625,20250225-155357
177,18446744073709551615,0,0.478515625,619.3240356445312,1360.0543212890625,225.8887939453125,267.9795227050781,20250225-155357
177,18446744073709551615,0,0.521484375,613.6133422851562,1648.8896484375,270.19464111328125,454.0721740722656,20250225-155357
177,18446744073709551615,0,0.5556640625,658.1753540039062,776.6248168945312,70.25985717773438,27.88897705078125,20250225-155357
177,18446744073709551615,0,0.73486328125,661.9903564453125,421.7373046875,142.36427307128906,158.8055419921875,20250225-155357
177,18446744073709551615,0,0.8076171875,645.5205688476562,553.5789184570312,168.33714294433594,177.25094604492188,20250225-155357
177,18446744073709551615,0,0.82861328125,628.3135986328125,196.3125457763672,255.80616760253906,341.496826171875,20250225-155357
177,18446744073709551615,0,0.92236328125,471.7401123046875,1.201904296875,416.01812744140625,596.59228515625,20250225-155357
177,18446744073709551615,0,0.931640625,87.20425415039062,442.587158203125,1209.63330078125,980.2263793945312,20250225-155357
178,18446744073709551615,0,0.269775390625,895.5119018554688,1871.37255859375,47.914306640625,180.79815673828125,20250225-155357
178,18446744073709551615,0,0.302490234375,661.1890869140625,1687.247314453125,78.96881103515625,83.46743774414062,20250225-155357
178,18446744073709551615,0,0.55712890625,618.6527709960938,1361.5843505859375,227.3682861328125,288.6936950683594,20250225-155357
178,18446744073709551615,0,0.583984375,655.6859130859375,770.3948364257812,68.863037109375,27.627685546875,20250225-155357
178,18446744073709551615,0,0.595703125,613.1987915039062,1648.7647705078125,270.419677734375,455.0885925292969,20250225-155357
178,18446744073709551615,0,0.759765625,662.1633911132812,411.1533508300781,151.95675659179688,157.97213745117188,20250225-155357
178,18446744073709551615,0,0.810546875,645.68359375,552.77294921875,168.5537109375,177.04302978515625,20250225-155357
178,18446744073709551615,0,0.82080078125,628.2196655273438,196.0106964111328,270.6988525390625,341.6607971191406,20250225-155357
178,18446744073709551615,0,0.92236328125,471.36309814453125,1.2101898193359375,416.12982177734375,597.10498046875,20250225-155357
178,18446744073709551615,0,0.93115234375,87.16470336914062,441.46746826171875,1212.026611328125,980.267578125,20250225-155357
179,18446744073709551615,0,0.21142578125,660.5861206054688,1686.416015625,78.84210205078125,91.98220825195312,20250225-155357
179,18446744073709551615,0,0.25244140625,894.365234375,1871.4580078125,47.87823486328125,181.9281005859375,20250225-155357
179,18446744073709551615,0,0.525390625,613.36376953125,1648.6124267578125,270.4200439453125,455.98333740234375,20250225-155357
179,18446744073709551615,0,0.5390625,654.9724731445312,761.5349731445312,73.34175109863281,31.358367919921875,20250225-155357
179,18446744073709551615,0,0.658203125,619.4879150390625,1363.953857421875,219.04339599609375,213.28005981445312,20250225-155357
179,18446744073709551615,0,0.755859375,662.0798950195312,408.76904296875,153.31832885742188,158.18270874023438,20250225-155357
179,18446744073709551615,0,0.79736328125,645.7446899414062,552.8353271484375,167.74722290039062,177.04202270507812,20250225-155357
179,18446744073709551615,0,0.82177734375,628.4690551757812,195.54331970214844,267.87091064453125,340.4402160644531,20250225-155357
179,18446744073709551615,0,0.9228515625,470.5784912109375,1.202911376953125,415.5960388183594,597.6412353515625,20250225-155357
179,18446744073709551615,0,0.93310546875,89.20623779296875,443.89031982421875,1208.2783203125,978.2118530273438,20250225-155357
180,18446744073709551615,0,0.2486572265625,895.0874633789062,1871.369384765625,47.96923828125,181.21810913085938,20250225-155357
180,18446744073709551615,0,0.35498046875,660.2323608398438,1687.9189453125,76.40679931640625,89.39630126953125,20250225-155357
180,18446744073709551615,0,0.4912109375,613.4148559570312,1648.591552734375,270.5247802734375,455.8894958496094,20250225-155357
180,18446744073709551615,0,0.62158203125,654.1448364257812,754.557861328125,71.3931884765625,31.308563232421875,20250225-155357
180,18446744073709551615,0,0.6298828125,620.4739990234375,1365.58837890625,210.71466064453125,204.15179443359375,20250225-155357
180,18446744073709551615,0,0.662109375,662.045166015625,410.9242858886719,151.1158447265625,159.70440673828125,20250225-155357
180,18446744073709551615,0,0.8076171875,646.061279296875,551.8478393554688,167.91522216796875,176.35299682617188,20250225-155357
180,18446744073709551615,0,0.8271484375,628.4752807617188,195.57614135742188,255.11105346679688,342.0826721191406,20250225-155357
180,18446744073709551615,0,0.921875,470.84967041015625,1.0190277099609375,416.0212097167969,597.5616455078125,20250225-155357
180,18446744073709551615,0,0.92919921875,89.2547607421875,443.61981201171875,1209.28271484375,977.946533203125,20250225-155357
181,18446744073709551615,0,0.2486572265625,894.8997802734375,1871.59130859375,47.7022705078125,181.30545043945312,20250225-155357
181,18446744073709551615,0,0.312255859375,660.6941528320312,1686.531005859375,79.610595703125,91.423095703125,20250225-155357
181,18446744073709551615,0,0.4619140625,613.3053588867188,1649.406005859375,269.63800048828125,414.739013671875,20250225-155357
181,18446744073709551615,0,0.56591796875,621.4454956054688,1369.457763671875,210.59710693359375,281.1123962402344,20250225-155357
181,18446744073709551615,0,0.611328125,653.6942138671875,748.9334106445312,68.47137451171875,32.224456787109375,20250225-155357
181,18446744073709551615,0,0.7255859375,662.3055419921875,410.70062255859375,150.11508178710938,158.4979248046875,20250225-155357
181,18446744073709551615,0,0.80615234375,646.6435546875,553.2542724609375,167.52735900878906,176.22564697265625,20250225-155357
181,18446744073709551615,0,0.82763671875,628.3145141601562,195.29791259765625,258.990966796875,342.3364562988281,20250225-155357
181,18446744073709551615,0,0.92431640625,470.84344482421875,1.208038330078125,415.40289306640625,597.60009765625,20250225-155357
181,18446744073709551615,0,0.93212890625,96.23684692382812,443.07733154296875,1209.908447265625,971.0152587890625,20250225-155357
182,18446744073709551615,0,0.251708984375,896.5216064453125,1871.0986328125,48.1966552734375,179.57373046875,20250225-155357
182,18446744073709551615,0,0.342529296875,660.26318359375,1686.8514404296875,78.54052734375,91.91839599609375,20250225-155357
182,18446744073709551615,0,0.513671875,613.3524169921875,1649.3433837890625,269.88006591796875,455.2727966308594,20250225-155357
182,18446744073709551615,0,0.521484375,620.9229125976562,1367.2451171875,210.74615478515625,279.9232177734375,20250225-155357
182,18446744073709551615,0,0.64599609375,654.231689453125,739.6920776367188,71.41497802734375,32.5338134765625,20250225-155357
182,18446744073709551615,0,0.8037109375,647.325439453125,553.516845703125,165.67291259765625,175.20858764648438,20250225-155357
182,18446744073709551615,0,0.80419921875,662.4613037109375,410.6527404785156,154.38258361816406,158.82110595703125,20250225-155357
182,18446744073709551615,0,0.8115234375,628.82080078125,195.15614318847656,262.9359130859375,342.0955810546875,20250225-155357
182,18446744073709551615,0,0.9228515625,470.58746337890625,1.20556640625,415.29742431640625,598.02099609375,20250225-155357
182,18446744073709551615,0,0.9296875,94.07725524902344,441.06463623046875,1212.314697265625,973.326416015625,20250225-155357
183,18446744073709551615,0,0.29248046875,895.1024780273438,1871.093994140625,48.24774169921875,181.008544921875,20250225-155357
183,18446744073709551615,0,0.384033203125,660.0847778320312,1687.1171875,77.9578857421875,92.33779907226562,20250225-155357
183,18446744073709551615,0,0.462890625,613.20263671875,1649.149658203125,269.88079833984375,383.8171691894531,20250225-155357
183,18446744073709551615,0,0.5048828125,622.0274658203125,1366.7296142578125,211.845703125,280.3304443359375,20250225-155357
183,18446744073709551615,0,0.64794921875,654.40087890625,735.3681640625,70.31986999511719,33.875244140625,20250225-155357
183,18446744073709551615,0,0.7900390625,662.433349609375,408.4541015625,157.3103485107422,158.3353271484375,20250225-155357
183,18446744073709551615,0,0.80908203125,628.3778686523438,194.83094787597656,277.58489990234375,341.7367858886719,20250225-155357
183,18446744073709551615,0,0.81298828125,646.3623046875,553.460693359375,167.26918029785156,178.13250732421875,20250225-155357
183,18446744073709551615,0,0.92333984375,471.111328125,1.2158660888671875,414.5885925292969,597.1477661132812,20250225-155357
183,18446744073709551615,0,0.9326171875,96.9415283203125,442.76220703125,1210.249267578125,970.5635375976562,20250225-155357
184,18446744073709551615,0,0.2247314453125,896.5936889648438,1871.48388671875,47.8062744140625,179.30117797851562,20250225-155357
184,18446744073709551615,0,0.36572265625,660.497314453125,1687.43896484375,77.56787109375,91.182861328125,20250225-155357
184,18446744073709551615,0,0.43408203125,613.1815795898438,1647.7562255859375,271.2828369140625,365.7530822753906,20250225-155357
184,18446744073709551615,0,0.5322265625,622.4130249023438,1367.5814208984375,209.7652587890625,278.49371337890625,20250225-155357
184,18446744073709551615,0,0.61767578125,629.1824340820312,193.93185424804688,315.6490478515625,341.0157165527344,20250225-155357
184,18446744073709551615,0,0.6806640625,655.3701171875,728.7518920898438,70.96389770507812,34.7347412109375,20250225-155357
184,18446744073709551615,0,0.76123046875,662.401611328125,408.8316650390625,154.5780487060547,159.94171142578125,20250225-155357
184,18446744073709551615,0,0.8125,646.3646850585938,552.761474609375,168.3471221923828,177.017578125,20250225-155357
184,18446744073709551615,0,0.92236328125,468.83807373046875,1.305908203125,416.09423828125,599.8897705078125,20250225-155357
184,18446744073709551615,0,0.93115234375,87.88357543945312,443.23614501953125,1210.3253173828125,979.5377197265625,20250225-155357
185,18446744073709551615,0,0.265869140625,898.0142211914062,1870.9453125,48.3929443359375,177.78964233398438,20250225-155357
185,18446744073709551615,0,0.350341796875,660.4894409179688,1686.78369140625,78.72528076171875,91.93121337890625,20250225-155357
185,18446744073709551615,0,0.3876953125,612.9327392578125,1647.96630859375,271.20703125,353.24139404296875,20250225-155357
185,18446744073709551615,0,0.5185546875,629.9708862304688,193.75360107421875,314.7806396484375,339.86737060546875,20250225-155357
185,18446744073709551615,0,0.67236328125,622.733642578125,1367.69189453125,210.42352294921875,278.6847839355469,20250225-155357
185,18446744073709551615,0,0.70751953125,655.2101440429688,722.8658447265625,71.89187622070312,35.994598388671875,20250225-155357
185,18446744073709551615,0,0.71044921875,663.1547241210938,427.998046875,132.79586791992188,160.70855712890625,20250225-155357
185,18446744073709551615,0,0.744140625,646.451416015625,552.7498168945312,166.7790985107422,179.7908935546875,20250225-155357
185,18446744073709551615,0,0.92578125,470.4873046875,1.2413177490234375,416.89013671875,597.7120971679688,20250225-155357
185,18446744073709551615,0,0.92822265625,88.26759338378906,442.80120849609375,1209.9964599609375,979.056884765625,20250225-155357
186,18446744073709551615,0,0.31494140625,660.851318359375,1687.048095703125,77.9813232421875,90.53045654296875,20250225-155357
186,18446744073709551615,0,0.359375,897.9391479492188,1871.6854248046875,47.65704345703125,178.12985229492188,20250225-155357
186,18446744073709551615,0,0.4736328125,614.0319213867188,1648.21728515625,270.87030029296875,431.11962890625,20250225-155357
186,18446744073709551615,0,0.4873046875,628.9625244140625,194.057373046875,316.6048278808594,341.41058349609375,20250225-155357
186,18446744073709551615,0,0.64404296875,623.1329956054688,1368.88525390625,211.22735595703125,280.0169677734375,20250225-155357
186,18446744073709551615,0,0.67724609375,656.4796142578125,719.24560546875,71.14984130859375,35.279388427734375,20250225-155357
186,18446744073709551615,0,0.80810546875,645.5223999023438,553.06787109375,167.10520935058594,178.75982666015625,20250225-155357
186,18446744073709551615,0,0.8173828125,663.042724609375,427.4098205566406,134.2386016845703,160.78271484375,20250225-155357
186,18446744073709551615,0,0.92138671875,468.1453857421875,1.4929962158203125,415.33856201171875,600.515869140625,20250225-155357
186,18446744073709551615,0,0.923828125,94.56399536132812,441.81024169921875,1210.048583984375,972.8193969726562,20250225-155357
187,18446744073709551615,0,0.280517578125,660.7816162109375,1687.3919677734375,78.0010986328125,90.69268798828125,20250225-155357
187,18446744073709551615,0,0.301513671875,900.4938354492188,1871.9267578125,47.32196044921875,175.81631469726562,20250225-155357
187,18446744073709551615,0,0.4677734375,614.65380859375,1649.3734130859375,269.797119140625,425.5828857421875,20250225-155357
187,18446744073709551615,0,0.6123046875,656.6006469726562,716.5533447265625,68.88876342773438,33.25506591796875,20250225-155357
187,18446744073709551615,0,0.61962890625,623.047119140625,1369.16845703125,210.15472412109375,280.2104187011719,20250225-155357
187,18446744073709551615,0,0.74560546875,629.968505859375,193.59310913085938,312.4833068847656,343.6841125488281,20250225-155357
187,18446744073709551615,0,0.78466796875,663.3949584960938,427.9881591796875,133.3981475830078,159.45712280273438,20250225-155357
187,18446744073709551615,0,0.82568359375,645.7576904296875,553.5038452148438,165.2205047607422,177.68984985351562,20250225-155357
187,18446744073709551615,0,0.921875,470.47760009765625,1.0338592529296875,416.08526611328125,597.6795043945312,20250225-155357
187,18446744073709551615,0,0.927734375,88.49990844726562,442.87994384765625,1210.841552734375,978.68408203125,20250225-155357
188,18446744073709551615,0,0.313232421875,900.4432373046875,1872.41162109375,46.87591552734375,175.7589111328125,20250225-155357
188,18446744073709551615,0,0.3486328125,660.6311645507812,1687.6512451171875,77.57061767578125,89.95999145507812,20250225-155357
188,18446744073709551615,0,0.421630859375,614.2271118164062,1650.9891357421875,267.98931884765625,364.3056335449219,20250225-155357
188,18446744073709551615,0,0.60302734375,658.6329345703125,711.56689453125,68.31243896484375,33.87872314453125,20250225-155357
188,18446744073709551615,0,0.6669921875,622.5230712890625,1369.1546630859375,215.16778564453125,283.866943359375,20250225-155357
188,18446744073709551615,0,0.7333984375,629.5242919921875,193.59420776367188,310.89312744140625,341.9087219238281,20250225-155357
188,18446744073709551615,0,0.7880859375,662.684326171875,431.0173645019531,128.89215087890625,160.58807373046875,20250225-155357
188,18446744073709551615,0,0.818359375,646.44677734375,553.6970825195312,163.02877807617188,176.852783203125,20250225-155357
188,18446744073709551615,0,0.921875,469.932861328125,1.22113037109375,415.93560791015625,598.323486328125,20250225-155357
188,18446744073709551615,0,0.93017578125,91.01312255859375,442.15338134765625,1210.113525390625,976.08544921875,20250225-155357
189,18446744073709551615,0,0.279052734375,660.4993286132812,1687.28662109375,78.110595703125,90.61770629882812,20250225-155357
189,18446744073709551615,0,0.3388671875,900.7203369140625,1872.8316650390625,46.45843505859375,175.534423828125,20250225-155357
189,18446744073709551615,0,0.403564453125,658.947509765625,710.0645141601562,65.46368408203125,31.28192138671875,20250225-155357
189,18446744073709551615,0,0.441650390625,613.8433837890625,1649.3939208984375,269.635986328125,453.29132080078125,20250225-155357
189,18446744073709551615,0,0.63623046875,622.6507568359375,1369.610595703125,210.84503173828125,280.2843017578125,20250225-155357
189,18446744073709551615,0,0.73388671875,662.3278198242188,431.21368408203125,127.46859741210938,160.52215576171875,20250225-155357
189,18446744073709551615,0,0.78076171875,629.705078125,193.7761688232422,312.53021240234375,342.12762451171875,20250225-155357
189,18446744073709551615,0,0.81298828125,646.1458740234375,552.3910522460938,165.95773315429688,176.99899291992188,20250225-155357
189,18446744073709551615,0,0.923828125,470.45928955078125,1.21197509765625,416.584716796875,597.98876953125,20250225-155357
189,18446744073709551615,0,0.9287109375,88.7431640625,441.71942138671875,1210.72509765625,978.4868774414062,20250225-155357
190,18446744073709551615,0,0.307373046875,660.393310546875,709.9799194335938,61.650146484375,30.006683349609375,20250225-155357
190,18446744073709551615,0,0.3388671875,899.7936401367188,1873.03857421875,46.2550048828125,176.5374755859375,20250225-155357
190,18446744073709551615,0,0.342529296875,660.5524291992188,1687.24072265625,77.60650634765625,92.19094848632812,20250225-155357
190,18446744073709551615,0,0.438720703125,614.31005859375,1649.037109375,270.044677734375,409.3922424316406,20250225-155357
190,18446744073709551615,0,0.6494140625,622.3181762695312,1367.4794921875,210.72308349609375,279.7841491699219,20250225-155357
190,18446744073709551615,0,0.76708984375,662.2862548828125,432.68499755859375,127.23243713378906,160.74050903320312,20250225-155357
190,18446744073709551615,0,0.78857421875,629.704833984375,194.07810974121094,302.91033935546875,341.5483703613281,20250225-155357
190,18446744073709551615,0,0.8203125,646.8515625,552.1697387695312,165.84974670410156,175.81558227539062,20250225-155357
190,18446744073709551615,0,0.92236328125,470.58746337890625,1.016143798828125,416.73797607421875,597.96728515625,20250225-155357
190,18446744073709551615,0,0.92529296875,92.08790588378906,440.2664794921875,1213.009765625,975.1915283203125,20250225-155357
191,18446744073709551615,0,0.2861328125,660.5706787109375,1687.19189453125,78.345703125,89.971435546875,20250225-155357
191,18446744073709551615,0,0.291015625,663.3299560546875,710.0040283203125,57.047332763671875,29.81195068359375,20250225-155357
191,18446744073709551615,0,0.315673828125,900.661376953125,1873.3311767578125,46.01055908203125,175.46347045898438,20250225-155357
191,18446744073709551615,0,0.454345703125,614.5902099609375,1649.655029296875,269.44390869140625,418.4952392578125,20250225-155357
191,18446744073709551615,0,0.69580078125,622.4631958007812,1368.6962890625,208.242919921875,281.7838439941406,20250225-155357
191,18446744073709551615,0,0.75,629.8846435546875,193.7713623046875,303.9827880859375,341.3586730957031,20250225-155357
191,18446744073709551615,0,0.78125,662.3372802734375,433.2193908691406,127.6600341796875,160.84478759765625,20250225-155357
191,18446744073709551615,0,0.81298828125,646.8094482421875,552.6233520507812,164.34539794921875,175.2579345703125,20250225-155357
191,18446744073709551615,0,0.921875,471.7620849609375,1.0186614990234375,418.3880310058594,597.0906982421875,20250225-155357
191,18446744073709551615,0,0.92431640625,102.51521301269531,441.20123291015625,1209.6961669921875,964.6278076171875,20250225-155357
192,18446744073709551615,0,0.21728515625,663.84228515625,708.0621337890625,56.99180603027344,28.996307373046875,20250225-155357
192,18446744073709551615,0,0.267333984375,660.4976806640625,1685.8868408203125,80.29486083984375,92.26812744140625,20250225-155357
192,18446744073709551615,0,0.30078125,899.9137573242188,1873.623046875,45.61907958984375,176.48757934570312,20250225-155357
192,18446744073709551615,0,0.420654296875,614.496826171875,1649.6817626953125,268.66534423828125,332.1990051269531,20250225-155357
192,18446744073709551615,0,0.66015625,622.1953125,1367.6744384765625,209.81689453125,279.8216857910156,20250225-155357
192,18446744073709551615,0,0.73486328125,662.2789306640625,431.63360595703125,130.07949829101562,160.70370483398438,20250225-155357
192,18446744073709551615,0,0.78076171875,629.0004272460938,193.59384155273438,311.4117736816406,341.37615966796875,20250225-155357
192,18446744073709551615,0,0.80322265625,646.4696044921875,552.276123046875,162.676025390625,175.91793823242188,20250225-155357
192,18446744073709551615,0,0.921875,472.2689208984375,1.020904541015625,416.5670471191406,596.0648803710938,20250225-155357
192,18446744073709551615,0,0.92236328125,87.211669921875,440.3177490234375,1213.7464599609375,980.0872192382812,20250225-155357
193,18446744073709551615,0,0.2401123046875,899.4669189453125,1873.1707763671875,46.12188720703125,176.7242431640625,20250225-155357
193,18446744073709551615,0,0.2861328125,660.3279418945312,1686.8924560546875,78.31402587890625,92.53839111328125,20250225-155357
193,18446744073709551615,0,0.36474609375,663.67333984375,706.1883544921875,58.045257568359375,29.96173095703125,20250225-155357
193,18446744073709551615,0,0.42822265625,614.4215698242188,1650.382568359375,268.775390625,376.2455749511719,20250225-155357
193,18446744073709551615,0,0.69287109375,621.8479614257812,1367.29833984375,209.6531982421875,279.6407775878906,20250225-155357
193,18446744073709551615,0,0.7568359375,629.1692504882812,193.7794189453125,310.3543395996094,342.1341247558594,20250225-155357
193,18446744073709551615,0,0.80810546875,662.4979248046875,432.3394775390625,129.96762084960938,160.77090454101562,20250225-155357
193,18446744073709551615,0,0.8134765625,646.1634521484375,552.535888671875,159.8140869140625,177.31686401367188,20250225-155357
193,18446744073709551615,0,0.921875,472.2783508300781,1.211517333984375,417.2596435546875,596.0729370117188,20250225-155357
193,18446744073709551615,0,0.923828125,87.593994140625,438.82708740234375,1214.472900390625,979.7391357421875,20250225-155357
194,18446744073709551615,0,0.267333984375,899.6251831054688,1873.119873046875,46.1766357421875,176.49288940429688,20250225-155357
194,18446744073709551615,0,0.277587890625,659.9902954101562,1686.1728515625,80.00335693359375,92.72433471679688,20250225-155357
194,18446744073709551615,0,0.385009765625,661.6260986328125,705.766357421875,58.88255310058594,31.5472412109375,20250225-155357
194,18446744073709551615,0,0.422607421875,614.804443359375,1650.5570068359375,268.6014404296875,378.9833679199219,20250225-155357
194,18446744073709551615,0,0.5009765625,621.2510375976562,1365.248779296875,212.14581298828125,280.6355895996094,20250225-155357
194,18446744073709551615,0,0.65576171875,628.9910888671875,194.24908447265625,309.4395446777344,343.0670471191406,20250225-155357
194,18446744073709551615,0,0.76220703125,662.832275390625,428.55328369140625,132.59353637695312,160.32907104492188,20250225-155357
194,18446744073709551615,0,0.79248046875,645.544677734375,550.9949340820312,160.7772674560547,177.498046875,20250225-155357
194,18446744073709551615,0,0.9208984375,471.66522216796875,1.236419677734375,417.7039489746094,596.531982421875,20250225-155357
194,18446744073709551615,0,0.9248046875,88.9822998046875,439.7823486328125,1212.990478515625,978.3466186523438,20250225-155357
195,18446744073709551615,0,0.2274169921875,660.6685180664062,1687.1436767578125,78.826171875,90.04522705078125,20250225-155358
195,18446744073709551615,0,0.291015625,900.0474243164062,1873.3883056640625,45.86224365234375,176.25558471679688,20250225-155358
195,18446744073709551615,0,0.42822265625,614.8035278320312,1650.988037109375,268.06329345703125,369.6529541015625,20250225-155358
195,18446744073709551615,0,0.4853515625,622.0152587890625,1365.7020263671875,212.2620849609375,280.85064697265625,20250225-155358
195,18446744073709551615,0,0.48828125,659.659423828125,703.1220703125,62.68968200683594,33.410064697265625,20250225-155358
195,18446744073709551615,0,0.736328125,663.186767578125,432.2542419433594,132.18370056152344,160.29959106445312,20250225-155358
195,18446744073709551615,0,0.78662109375,628.9302978515625,194.35235595703125,309.0832214355469,343.3406066894531,20250225-155358
195,18446744073709551615,0,0.82666015625,646.9996948242188,552.951904296875,160.757080078125,175.92123413085938,20250225-155358
195,18446744073709551615,0,0.91943359375,471.509765625,1.018707275390625,417.6572265625,596.775146484375,20250225-155358
195,18446744073709551615,0,0.9248046875,85.08544921875,440.5924072265625,1212.5819091796875,982.4119262695312,20250225-155358
196,18446744073709551615,0,0.28857421875,900.4183959960938,1873.7626953125,45.533203125,175.46630859375,20250225-155358
196,18446744073709551615,0,0.30322265625,660.3682250976562,1686.5712890625,79.47015380859375,90.91122436523438,20250225-155358
196,18446744073709551615,0,0.454345703125,615.2067260742188,1649.3851318359375,269.5828857421875,395.135009765625,20250225-155358
196,18446744073709551615,0,0.51953125,621.9937133789062,1365.600830078125,212.682861328125,281.2684020996094,20250225-155358
196,18446744073709551615,0,0.57568359375,657.4022827148438,701.8407592773438,65.09857177734375,35.2027587890625,20250225-155358
196,18446744073709551615,0,0.70751953125,629.1866455078125,194.34201049804688,307.8175964355469,343.73199462890625,20250225-155358
196,18446744073709551615,0,0.77734375,663.392822265625,433.125,129.0227508544922,160.03619384765625,20250225-155358
196,18446744073709551615,0,0.81982421875,646.7785034179688,552.31591796875,157.74856567382812,176.79391479492188,20250225-155358
196,18446744073709551615,0,0.919921875,469.25518798828125,1.495147705078125,416.55963134765625,599.0435791015625,20250225-155358
196,18446744073709551615,0,0.9267578125,97.11703491210938,442.77496337890625,1207.6036376953125,969.715576171875,20250225-155358
197,18446744073709551615,0,0.279052734375,900.2471923828125,1873.765869140625,45.48211669921875,176.11770629882812,20250225-155358
197,18446744073709551615,0,0.32763671875,660.4476928710938,1686.99169921875,78.80950927734375,92.48483276367188,20250225-155358
197,18446744073709551615,0,0.43505859375,615.425537109375,1649.08740234375,270.0721435546875,397.71441650390625,20250225-155358
197,18446744073709551615,0,0.57861328125,621.8699340820312,1367.50830078125,211.37933349609375,283.4823303222656,20250225-155358
197,18446744073709551615,0,0.615234375,655.7684326171875,702.6593627929688,64.17008972167969,36.344512939453125,20250225-155358
197,18446744073709551615,0,0.82421875,628.7449951171875,194.83758544921875,307.13726806640625,344.0240478515625,20250225-155358
197,18446744073709551615,0,0.8251953125,647.0042724609375,552.75927734375,159.84988403320312,176.1112060546875,20250225-155358
197,18446744073709551615,0,0.84375,663.9014282226562,433.7769470214844,129.0820770263672,159.79989624023438,20250225-155358
197,18446744073709551615,0,0.92041015625,470.9845275878906,1.2047882080078125,417.271728515625,597.5606689453125,20250225-155358
197,18446744073709551615,0,0.9267578125,86.43832397460938,440.4605712890625,1212.492431640625,980.89306640625,20250225-155358
198,18446744073709551615,0,0.291748046875,900.7459716796875,1873.8123779296875,45.43597412109375,175.58770751953125,20250225-155358
198,18446744073709551615,0,0.299072265625,660.3118286132812,1687.7801513671875,78.07452392578125,89.14279174804688,20250225-155358
198,18446744073709551615,0,0.43408203125,615.000732421875,1650.985107421875,268.083251953125,395.25640869140625,20250225-155358
198,18446744073709551615,0,0.57666015625,654.929443359375,703.3262939453125,63.1805419921875,35.4063720703125,20250225-155358
198,18446744073709551615,0,0.59814453125,622.1480712890625,1367.846923828125,211.532958984375,283.7227478027344,20250225-155358
198,18446744073709551615,0,0.79248046875,628.4906005859375,195.01931762695312,306.4492492675781,343.77520751953125,20250225-155358
198,18446744073709551615,0,0.8271484375,647.007568359375,553.7246704101562,160.86497497558594,176.36709594726562,20250225-155358
198,18446744073709551615,0,0.8427734375,663.59228515625,433.1494445800781,129.81715393066406,160.11932373046875,20250225-155358
198,18446744073709551615,0,0.92138671875,470.4744873046875,1.205841064453125,417.1225891113281,598.030029296875,20250225-155358
198,18446744073709551615,0,0.92822265625,86.79835510253906,440.97637939453125,1213.448974609375,980.4840087890625,20250225-155358
199,18446744073709551615,0,0.2486572265625,660.426025390625,1687.59326171875,78.7335205078125,90.3841552734375,20250225-155358
199,18446744073709551615,0,0.267333984375,902.0685424804688,1873.3099365234375,45.93841552734375,174.55563354492188,20250225-155358
199,18446744073709551615,0,0.486328125,614.9857177734375,1651.248779296875,267.985107421875,452.3228759765625,20250225-155358
199,18446744073709551615,0,0.55810546875,621.9964599609375,1366.955078125,213.33599853515625,281.86798095703125,20250225-155358
199,18446744073709551615,0,0.57275390625,654.286376953125,701.470703125,64.26219177246094,35.479522705078125,20250225-155358
199,18446744073709551615,0,0.7626953125,628.7486572265625,194.8996124267578,303.8848571777344,341.5470886230469,20250225-155358
199,18446744073709551615,0,0.8154296875,646.8619995117188,554.11474609375,162.35215759277344,175.79031372070312,20250225-155358
199,18446744073709551615,0,0.8310546875,663.33984375,433.5237121582031,130.0203094482422,160.37448120117188,20250225-155358
199,18446744073709551615,0,0.9208984375,470.99139404296875,1.0159149169921875,417.5897216796875,597.31640625,20250225-155358
199,18446744073709551615,0,0.9267578125,90.73196411132812,442.182861328125,1210.623046875,976.5802001953125,20250225-155358
200,18446744073709551615,0,0.250244140625,901.98486328125,1873.833984375,45.41363525390625,174.14163208007812,20250225-155358
200,18446744073709551615,0,0.259033203125,661.115966796875,1686.5328369140625,80.57647705078125,84.536865234375,20250225-155358
200,18446744073709551615,0,0.4091796875,615.0067749023438,1653.99609375,265.09295654296875,452.5582580566406,20250225-155358
200,18446744073709551615,0,0.4677734375,622.081787109375,1366.3421630859375,212.971435546875,208.61737060546875,20250225-155358
200,18446744073709551615,0,0.5830078125,654.1734008789062,700.9766845703125,65.22537231445312,36.7291259765625,20250225-155358
200,18446744073709551615,0,0.79248046875,628.2733154296875,195.73919677734375,307.1981506347656,340.6445617675781,20250225-155358
200,18446744073709551615,0,0.80810546875,662.7220458984375,433.3497619628906,129.47991943359375,160.95126342773438,20250225-155358
200,18446744073709551615,0,0.810546875,646.934326171875,553.8177490234375,162.17079162597656,175.62945556640625,20250225-155358
200,18446744073709551615,0,0.921875,471.38177490234375,1.3927001953125,416.9678649902344,596.8494873046875,20250225-155358
200,18446744073709551615,0,0.927734375,84.83770751953125,442.04534912109375,1211.604248046875,982.3580932617188,20250225-155358
201,18446744073709551615,0,0.2166748046875,660.4879760742188,1686.0919189453125,80.80682373046875,92.76242065429688,20250225-155358
201,18446744073709551615,0,0.280517578125,902.876708984375,1874.722412109375,44.567138671875,173.40179443359375,20250225-155358
201,18446744073709551615,0,0.39990234375,614.5632934570312,1650.7210693359375,268.33905029296875,348.6147766113281,20250225-155358
201,18446744073709551615,0,0.650390625,622.3251342773438,1368.7606201171875,211.6435546875,281.6219787597656,20250225-155358
201,18446744073709551615,0,0.68505859375,653.40673828125,701.3197631835938,65.26185607910156,40.172698974609375,20250225-155358
201,18446744073709551615,0,0.68994140625,628.7354736328125,195.46701049804688,308.3563232421875,342.3628234863281,20250225-155358
201,18446744073709551615,0,0.8115234375,662.2666625976562,432.8968505859375,130.32994079589844,161.56539916992188,20250225-155358
201,18446744073709551615,0,0.814453125,647.0044555664062,552.9403076171875,158.8523712158203,175.72293090820312,20250225-155358
201,18446744073709551615,0,0.91845703125,471.2625732421875,1.207305908203125,418.5257263183594,597.0965576171875,20250225-155358
201,18446744073709551615,0,0.927734375,93.20503234863281,441.66705322265625,1209.658447265625,973.5714111328125,20250225-155358
202,18446744073709551615,0,0.26123046875,902.8024291992188,1874.955322265625,44.24139404296875,173.5264892578125,20250225-155358
202,18446744073709551615,0,0.338134765625,660.5176391601562,1688.531982421875,77.080810546875,91.03427124023438,20250225-155358
202,18446744073709551615,0,0.418701171875,614.9990844726562,1649.404052734375,269.5697021484375,361.8476257324219,20250225-155358
202,18446744073709551615,0,0.61865234375,621.8038330078125,1368.271728515625,214.449462890625,284.69256591796875,20250225-155358
202,18446744073709551615,0,0.70556640625,649.6294555664062,698.78759765625,68.8868408203125,45.036529541015625,20250225-155358
202,18446744073709551615,0,0.7294921875,661.6389770507812,423.2159729003906,140.49998474121094,161.19204711914062,20250225-155358
202,18446744073709551615,0,0.78515625,628.5706787109375,195.0011444091797,311.21844482421875,340.6593933105469,20250225-155358
202,18446744073709551615,0,0.81640625,647.2232666015625,553.8539428710938,158.81593322753906,176.16732788085938,20250225-155358
202,18446744073709551615,0,0.92041015625,470.9967041015625,1.2037353515625,418.3882141113281,597.34716796875,20250225-155358
202,18446744073709551615,0,0.9296875,85.65577697753906,441.4881591796875,1211.420166015625,981.5635986328125,20250225-155358
203,18446744073709551615,0,0.3486328125,904.73681640625,1875.3955078125,43.84405517578125,171.62896728515625,20250225-155358
203,18446744073709551615,0,0.382080078125,660.8577880859375,1688.4224853515625,76.4813232421875,89.55523681640625,20250225-155358
203,18446744073709551615,0,0.42724609375,615.598388671875,1650.2808837890625,268.697021484375,369.49951171875,20250225-155358
203,18446744073709551615,0,0.6494140625,622.2280883789062,1368.32275390625,214.69207763671875,284.2235412597656,20250225-155358
203,18446744073709551615,0,0.73095703125,647.9324340820312,700.07763671875,69.77655029296875,46.123260498046875,20250225-155358
203,18446744073709551615,0,0.78466796875,628.4952392578125,195.3549041748047,307.45269775390625,342.9936218261719,20250225-155358
203,18446744073709551615,0,0.798828125,646.9645385742188,553.5670166015625,159.3750457763672,176.246337890625,20250225-155358
203,18446744073709551615,0,0.83642578125,660.9570922851562,412.6285400390625,150.71397399902344,162.7401123046875,20250225-155358
203,18446744073709551615,0,0.92333984375,470.86029052734375,1.4039154052734375,417.5997619628906,597.4859619140625,20250225-155358
203,18446744073709551615,0,0.92724609375,90.09805297851562,442.62469482421875,1209.1827392578125,976.972412109375,20250225-155358
204,18446744073709551615,0,0.291748046875,660.4008178710938,1686.0794677734375,80.103515625,93.55746459960938,20250225-155358
204,18446744073709551615,0,0.350341796875,905.1630249023438,1875.0809326171875,44.115966796875,171.34451293945312,20250225-155358
204,18446744073709551615,0,0.42333984375,614.9932250976562,1651.812744140625,267.229248046875,357.9436340332031,20250225-155358
204,18446744073709551615,0,0.443603515625,621.953369140625,1368.193603515625,210.21038818359375,222.03460693359375,20250225-155358
204,18446744073709551615,0,0.7392578125,660.5396118164062,415.20062255859375,147.79371643066406,161.17822265625,20250225-155358
204,18446744073709551615,0,0.75146484375,644.7569580078125,698.9420166015625,74.60421752929688,49.19805908203125,20250225-155358
204,18446744073709551615,0,0.79248046875,628.3817138671875,196.63265991210938,260.9550476074219,340.0659484863281,20250225-155358
204,18446744073709551615,0,0.814453125,646.431640625,553.107666015625,160.03697204589844,176.52044677734375,20250225-155358
204,18446744073709551615,0,0.921875,471.62713623046875,1.0138092041015625,416.99945068359375,596.9327392578125,20250225-155358
204,18446744073709551615,0,0.9287109375,99.34771728515625,443.36700439453125,1206.104736328125,967.5642700195312,20250225-155358
205,18446744073709551615,0,0.29833984375,660.4376220703125,1686.9892578125,78.7994384765625,92.58975219726562,20250225-155358
205,18446744073709551615,0,0.32421875,904.11474609375,1875.1973876953125,44.05096435546875,172.54641723632812,20250225-155358
205,18446744073709551615,0,0.447509765625,615.2274169921875,1650.8602294921875,268.10137939453125,362.7909851074219,20250225-155358
205,18446744073709551615,0,0.509765625,622.444091796875,1367.004150390625,211.5750732421875,223.98211669921875,20250225-155358
205,18446744073709551615,0,0.5302734375,661.0186157226562,387.55859375,163.85604858398438,164.49636840820312,20250225-155358
205,18446744073709551615,0,0.74755859375,644.0183715820312,699.4649658203125,74.79721069335938,50.15020751953125,20250225-155358
205,18446744073709551615,0,0.794921875,628.4241943359375,196.12985229492188,253.7238006591797,343.81494140625,20250225-155358
205,18446744073709551615,0,0.82763671875,646.00048828125,553.276611328125,156.27452087402344,177.05026245117188,20250225-155358
205,18446744073709551615,0,0.91796875,471.37939453125,1.202178955078125,417.1782531738281,597.0814819335938,20250225-155358
205,18446744073709551615,0,0.93115234375,88.97511291503906,440.8289794921875,1209.55859375,978.2442626953125,20250225-155358
206,18446744073709551615,0,0.263671875,661.91064453125,1687.019287109375,80.5572509765625,85.2861328125,20250225-155358
206,18446744073709551615,0,0.277587890625,904.717529296875,1874.6568603515625,44.63763427734375,172.10202026367188,20250225-155358
206,18446744073709551615,0,0.42822265625,615.9776000976562,1649.039794921875,270.0172119140625,356.0922546386719,20250225-155358
206,18446744073709551615,0,0.490234375,660.9025268554688,390.3972473144531,167.5067596435547,165.10546875,20250225-155358
206,18446744073709551615,0,0.56005859375,621.7794799804688,1367.6817626953125,211.0330810546875,219.66183471679688,20250225-155358
206,18446744073709551615,0,0.75634765625,643.41064453125,699.7301025390625,75.46435546875,48.05181884765625,20250225-155358
206,18446744073709551615,0,0.81640625,647.10400390625,553.63330078125,159.2387237548828,176.28240966796875,20250225-155358
206,18446744073709551615,0,0.83837890625,629.407470703125,194.87269592285156,252.52935791015625,343.6222229003906,20250225-155358
206,18446744073709551615,0,0.9208984375,471.1065673828125,0.8305206298828125,415.37322998046875,597.0797119140625,20250225-155358
206,18446744073709551615,0,0.93310546875,91.75140380859375,440.45184326171875,1210.559326171875,975.4573974609375,20250225-155358
207,18446744073709551615,0,0.218017578125,661.8543090820312,1682.239990234375,86.805908203125,89.888671875,20250225-155358
207,18446744073709551615,0,0.277587890625,904.0881958007812,1874.6832275390625,44.52227783203125,173.0921630859375,20250225-155358
207,18446744073709551615,0,0.401611328125,615.434326171875,1649.6363525390625,269.44720458984375,357.2701721191406,20250225-155358
207,18446744073709551615,0,0.57666015625,621.3385009765625,1364.759033203125,218.3668212890625,215.78924560546875,20250225-155358
207,18446744073709551615,0,0.59619140625,661.6792602539062,409.5062255859375,157.1649169921875,160.77346801757812,20250225-155358
207,18446744073709551615,0,0.76611328125,643.5455932617188,700.766845703125,74.93563842773438,48.9686279296875,20250225-155358
207,18446744073709551615,0,0.8251953125,628.55126953125,196.11891174316406,255.26998901367188,341.7807312011719,20250225-155358
207,18446744073709551615,0,0.82763671875,645.7479858398438,554.0191040039062,159.48138427734375,177.25808715820312,20250225-155358
207,18446744073709551615,0,0.92236328125,471.243896484375,1.01641845703125,415.8570556640625,596.870849609375,20250225-155358
207,18446744073709551615,0,0.93115234375,91.83609008789062,443.745849609375,1205.2628173828125,974.99267578125,20250225-155358
208,18446744073709551615,0,0.220703125,662.4554443359375,1686.332763671875,81.9371337890625,83.64230346679688,20250225-155358
208,18446744073709551615,0,0.2666015625,903.3782958984375,1875.134033203125,44.11688232421875,173.96356201171875,20250225-155358
208,18446744073709551615,0,0.42626953125,615.7648315429688,1648.2432861328125,270.86444091796875,417.4332275390625,20250225-155358
208,18446744073709551615,0,0.59716796875,621.726806640625,1365.24267578125,212.62738037109375,226.55145263671875,20250225-155358
208,18446744073709551615,0,0.70068359375,661.6755981445312,412.1930236816406,152.98402404785156,160.36138916015625,20250225-155358
208,18446744073709551615,0,0.78466796875,643.9535522460938,702.10498046875,73.91775512695312,48.216522216796875,20250225-155358
208,18446744073709551615,0,0.8115234375,628.2994995117188,196.55726623535156,273.5265197753906,340.6864013671875,20250225-155358
208,18446744073709551615,0,0.8203125,646.7281494140625,554.186279296875,161.44798278808594,175.60198974609375,20250225-155358
208,18446744073709551615,0,0.92236328125,470.72900390625,1.20428466796875,416.89764404296875,597.253662109375,20250225-155358
208,18446744073709551615,0,0.93359375,86.05082702636719,440.98028564453125,1210.78857421875,980.870361328125,20250225-155358
209,18446744073709551615,0,0.2493896484375,905.3690185546875,1875.2113037109375,43.99749755859375,171.74899291992188,20250225-155358
209,18446744073709551615,0,0.4140625,615.3528442382812,1650.1636962890625,268.90118408203125,377.0364990234375,20250225-155358
209,18446744073709551615,0,0.5185546875,623.0372314453125,1362.680419921875,224.88739013671875,254.7802734375,20250225-155358
209,18446744073709551615,0,0.51953125,628.2727661132812,196.15447998046875,313.0071716308594,337.2091369628906,20250225-155358
209,18446744073709551615,0,0.7568359375,643.9573974609375,701.3695678710938,74.96026611328125,48.750274658203125,20250225-155358
209,18446744073709551615,0,0.7890625,661.9052124023438,432.86865234375,130.90452575683594,161.68002319335938,20250225-155358
209,18446744073709551615,0,0.81689453125,646.7418823242188,553.4801025390625,162.1259307861328,175.6658935546875,20250225-155358
209,18446744073709551615,0,0.9208984375,469.116943359375,1.307464599609375,417.1022644042969,599.1788330078125,20250225-155358
209,18446744073709551615,0,0.92919921875,83.78480529785156,439.85552978515625,1211.70263671875,983.140869140625,20250225-155358
210,18446744073709551615,0,0.2049560546875,906.4996948242188,1875.532958984375,43.63037109375,170.52301025390625,20250225-155358
210,18446744073709551615,0,0.2127685546875,661.6155395507812,1687.169677734375,81.19903564453125,83.62939453125,20250225-155358
210,18446744073709551615,0,0.439697265625,615.213134765625,1649.9805908203125,269.1053466796875,384.6741027832031,20250225-155358
210,18446744073709551615,0,0.5341796875,628.4296875,196.28054809570312,315.32427978515625,335.4148864746094,20250225-155358
210,18446744073709551615,0,0.689453125,622.7706298828125,1365.314208984375,223.0078125,233.79739379882812,20250225-155358
210,18446744073709551615,0,0.76123046875,663.663330078125,432.7841491699219,130.65545654296875,160.66461181640625,20250225-155358
210,18446744073709551615,0,0.765625,644.5819702148438,702.13720703125,74.723876953125,47.36407470703125,20250225-155358
210,18446744073709551615,0,0.794921875,645.6177978515625,553.1104125976562,162.17816162109375,177.29425048828125,20250225-155358
210,18446744073709551615,0,0.92041015625,470.224365234375,1.4122467041015625,417.24456787109375,597.814697265625,20250225-155358
210,18446744073709551615,0,0.93212890625,83.01406860351562,440.80267333984375,1211.5198974609375,983.9203491210938,20250225-155358
211,18446744073709551615,0,0.244384765625,661.7149658203125,1687.0982666015625,79.966552734375,84.67657470703125,20250225-155358
211,18446744073709551615,0,0.42724609375,614.8326416015625,1649.3485107421875,269.76416015625,392.6915588378906,20250225-155358
211,18446744073709551615,0,0.60107421875,629.9844360351562,194.95655822753906,313.8243408203125,243.15399169921875,20250225-155358
211,18446744073709551615,0,0.67724609375,622.9165649414062,1364.614013671875,224.26025390625,232.17654418945312,20250225-155358
211,18446744073709551615,0,0.7470703125,644.5380249023438,702.493896484375,74.68844604492188,47.523468017578125,20250225-155358
211,18446744073709551615,0,0.80859375,646.8143310546875,553.6610107421875,163.99896240234375,174.6082763671875,20250225-155358
211,18446744073709551615,0,0.810546875,664.1548461914062,433.7912292480469,129.81838989257812,160.26333618164062,20250225-155358
211,18446744073709551615,0,0.91796875,468.16351318359375,1.6789398193359375,416.124267578125,600.4627685546875,20250225-155358
211,18446744073709551615,0,0.9326171875,89.71124267578125,440.01177978515625,1210.890869140625,977.2761840820312,20250225-155358
212,18446744073709551615,0,0.2017822265625,660.9274291992188,1687.38427734375,79.461181640625,92.712158203125,20250225-155358
212,18446744073709551615,0,0.417724609375,615.712646484375,1650.4141845703125,268.6065673828125,386.39447021484375,20250225-155358
212,18446744073709551615,0,0.64794921875,623.7035522460938,1364.5697021484375,227.86962890625,237.1820068359375,20250225-155358
212,18446744073709551615,0,0.68017578125,629.12109375,196.128662109375,308.95843505859375,339.9363098144531,20250225-155358
212,18446744073709551615,0,0.7431640625,644.3970336914062,703.6849365234375,72.98226928710938,48.488067626953125,20250225-155358
212,18446744073709551615,0,0.7939453125,646.4393920898438,553.4791259765625,164.41273498535156,176.06076049804688,20250225-155358
212,18446744073709551615,0,0.82568359375,664.2401733398438,434.4377746582031,128.8080596923828,160.38290405273438,20250225-155358
212,18446744073709551615,0,0.91943359375,469.00469970703125,1.41741943359375,417.41473388671875,598.8367919921875,20250225-155358
212,18446744073709551615,0,0.93212890625,89.06442260742188,440.03265380859375,1211.326904296875,977.7313842773438,20250225-155358
213,18446744073709551615,0,0.230224609375,906.8096923828125,1876.09423828125,43.07135009765625,170.28286743164062,20250225-155358
213,18446744073709551615,0,0.408203125,615.4168701171875,1651.9368896484375,267.17449951171875,389.5067138671875,20250225-155358
213,18446744073709551615,0,0.6298828125,629.1117553710938,195.9602508544922,307.40545654296875,335.2803955078125,20250225-155358
213,18446744073709551615,0,0.6875,623.2628173828125,1358.941162109375,230.17401123046875,227.51284790039062,20250225-155358
213,18446744073709551615,0,0.75048828125,645.7326049804688,704.1666870117188,73.6453857421875,47.235626220703125,20250225-155358
213,18446744073709551615,0,0.81396484375,646.558837890625,553.27490234375,162.52381896972656,177.008056640625,20250225-155358
213,18446744073709551615,0,0.81884765625,664.0977172851562,435.17181396484375,129.062255859375,160.58523559570312,20250225-155358
213,18446744073709551615,0,0.91650390625,466.125732421875,1.2264404296875,416.06689453125,602.0435791015625,20250225-155358
213,18446744073709551615,0,0.93408203125,88.10787963867188,440.293212890625,1212.553955078125,978.7553100585938,20250225-155358
214,18446744073709551615,0,0.2705078125,910.6821899414062,1876.92431640625,42.2318115234375,166.24557495117188,20250225-155358
214,18446744073709551615,0,0.454345703125,615.1416015625,1649.949462890625,269.06854248046875,393.40008544921875,20250225-155358
214,18446744073709551615,0,0.75439453125,628.3040771484375,194.65118408203125,310.6306457519531,341.6080627441406,20250225-155358
214,18446744073709551615,0,0.75927734375,624.00732421875,1352.521484375,227.73321533203125,227.08090209960938,20250225-155358
214,18446744073709551615,0,0.7744140625,647.3281860351562,704.0225830078125,74.05471801757812,47.309783935546875,20250225-155358
214,18446744073709551615,0,0.8291015625,664.9488525390625,434.337890625,129.38648986816406,159.59747314453125,20250225-155358
214,18446744073709551615,0,0.830078125,646.2595825195312,552.4765625,164.159912109375,177.20938110351562,20250225-155358
214,18446744073709551615,0,0.91943359375,461.864501953125,1.4051513671875,417.1749572753906,606.1654052734375,20250225-155358
214,18446744073709551615,0,0.93408203125,97.84538269042969,443.73760986328125,1207.976806640625,968.748046875,20250225-155358
215,18446744073709551615,0,0.226806640625,661.4227294921875,1685.8011474609375,82.19000244140625,86.63800048828125,20250225-155358
215,18446744073709551615,0,0.235107421875,912.5927734375,1876.528564453125,42.62969970703125,164.22491455078125,20250225-155358
215,18446744073709551615,0,0.42822265625,615.7791137695312,1651.260498046875,267.91058349609375,384.21807861328125,20250225-155358
215,18446744073709551615,0,0.62158203125,622.9320068359375,1347.831787109375,235.93505859375,229.84552001953125,20250225-155358
215,18446744073709551615,0,0.77978515625,628.8604736328125,194.03421020507812,310.9005432128906,312.9517822265625,20250225-155358
215,18446744073709551615,0,0.7861328125,647.0140380859375,704.4552001953125,73.72109985351562,47.5517578125,20250225-155358
215,18446744073709551615,0,0.82568359375,664.5942993164062,434.849609375,128.8421630859375,159.86480712890625,20250225-155358
215,18446744073709551615,0,0.83203125,646.7059326171875,552.2890625,164.5181121826172,176.853515625,20250225-155358
215,18446744073709551615,0,0.921875,457.6534423828125,1.3267364501953125,418.06884765625,610.2744140625,20250225-155358
215,18446744073709551615,0,0.9345703125,88.51995849609375,440.17364501953125,1213.608642578125,978.4030151367188,20250225-155358
216,18446744073709551615,0,0.257568359375,909.8248901367188,1876.8211669921875,42.3394775390625,167.25100708007812,20250225-155358
216,18446744073709551615,0,0.452392578125,614.9853515625,1651.9647216796875,267.12799072265625,377.1422424316406,20250225-155358
216,18446744073709551615,0,0.63232421875,624.1074829101562,1340.406982421875,247.34490966796875,227.2705078125,20250225-155358
216,18446744073709551615,0,0.765625,647.4508666992188,704.00048828125,75.26138305664062,46.30242919921875,20250225-155358
216,18446744073709551615,0,0.7890625,628.4273071289062,194.61671447753906,313.649169921875,343.484619140625,20250225-155358
216,18446744073709551615,0,0.8203125,647.0804443359375,552.0825805664062,163.3488006591797,176.4869384765625,20250225-155358
216,18446744073709551615,0,0.82763671875,664.4174194335938,434.33770751953125,129.2032928466797,159.79806518554688,20250225-155358
216,18446744073709551615,0,0.921875,460.04132080078125,1.40716552734375,422.5873718261719,607.9107055664062,20250225-155358
216,18446744073709551615,0,0.9345703125,90.28289794921875,441.229248046875,1211.6964111328125,976.540283203125,20250225-155358
217,18446744073709551615,0,0.27587890625,909.04248046875,1876.4681396484375,42.69268798828125,168.20388793945312,20250225-155358
217,18446744073709551615,0,0.474609375,615.3271484375,1650.885986328125,268.285400390625,390.51800537109375,20250225-155358
217,18446744073709551615,0,0.60009765625,628.8535766601562,195.69630432128906,285.26605224609375,341.0109558105469,20250225-155358
217,18446744073709551615,0,0.6689453125,624.740966796875,1340.2247314453125,244.6585693359375,229.04205322265625,20250225-155358
217,18446744073709551615,0,0.76123046875,648.281494140625,704.2059326171875,75.14566040039062,45.44476318359375,20250225-155358
217,18446744073709551615,0,0.7822265625,664.968017578125,433.2959289550781,130.78271484375,159.1175537109375,20250225-155358
217,18446744073709551615,0,0.80419921875,646.3223876953125,553.5692749023438,161.25375366210938,177.41061401367188,20250225-155358
217,18446744073709551615,0,0.92236328125,456.7437744140625,1.1063232421875,430.5665588378906,611.5155029296875,20250225-155358
217,18446744073709551615,0,0.935546875,84.84031677246094,442.19573974609375,1211.521728515625,982.121337890625,20250225-155358
218,18446744073709551615,0,0.253173828125,911.1428833007812,1876.5340576171875,42.62640380859375,166.01174926757812,20250225-155358
218,18446744073709551615,0,0.4931640625,615.0592041015625,1650.09814453125,268.86529541015625,393.51068115234375,20250225-155358
218,18446744073709551615,0,0.650390625,664.8715209960938,413.4784240722656,150.5603485107422,160.09735107421875,20250225-155358
218,18446744073709551615,0,0.6767578125,624.4872436523438,1331.8297119140625,246.2867431640625,232.39700317382812,20250225-155358
218,18446744073709551615,0,0.73095703125,650.6640625,704.7749633789062,74.69064331054688,42.56085205078125,20250225-155358
218,18446744073709551615,0,0.7490234375,628.9449462890625,195.25437927246094,283.2010803222656,344.87310791015625,20250225-155358
218,18446744073709551615,0,0.775390625,645.9255981445312,553.2918701171875,162.81495666503906,177.54977416992188,20250225-155358
218,18446744073709551615,0,0.92236328125,456.73406982421875,1.664520263671875,433.9754638671875,611.26171875,20250225-155358
218,18446744073709551615,0,0.93798828125,79.97561645507812,442.27496337890625,1211.0870361328125,987.2373046875,20250225-155358
219,18446744073709551615,0,0.291015625,909.8289184570312,1876.63330078125,42.57110595703125,167.419921875,20250225-155358
219,18446744073709551615,0,0.440673828125,615.7721557617188,1650.405029296875,268.6885986328125,371.2407531738281,20250225-155358
219,18446744073709551615,0,0.55908203125,629.7601318359375,195.70962524414062,246.20416259765625,327.5625915527344,20250225-155358
219,18446744073709551615,0,0.595703125,665.2150268554688,418.4041442871094,144.46815490722656,159.536865234375,20250225-155358
219,18446744073709551615,0,0.70166015625,624.929443359375,1326.83251953125,255.91607666015625,231.78890991210938,20250225-155358
219,18446744073709551615,0,0.7080078125,650.2113037109375,705.4271850585938,73.00048828125,43.9639892578125,20250225-155358
219,18446744073709551615,0,0.77978515625,646.0120849609375,552.8756103515625,161.13931274414062,177.66815185546875,20250225-155358
219,18446744073709551615,0,0.92236328125,454.23797607421875,1.4730377197265625,441.94085693359375,614.306396484375,20250225-155358
219,18446744073709551615,0,0.93603515625,86.58956909179688,445.576904296875,1207.27734375,980.5023193359375,20250225-155358
220,18446744073709551615,0,0.2822265625,908.9393920898438,1876.4527587890625,42.7540283203125,168.53585815429688,20250225-155358
220,18446744073709551615,0,0.3173828125,629.9393920898438,195.06761169433594,245.5626983642578,330.3807678222656,20250225-155358
220,18446744073709551615,0,0.42919921875,615.9547119140625,1650.5577392578125,268.52874755859375,381.31036376953125,20250225-155358
220,18446744073709551615,0,0.669921875,624.9305419921875,1335.2449951171875,246.89263916015625,230.48721313476562,20250225-155358
220,18446744073709551615,0,0.703125,652.7008666992188,704.9042358398438,72.2662353515625,41.551025390625,20250225-155358
220,18446744073709551615,0,0.76611328125,665.1578979492188,410.6539306640625,153.07095336914062,158.45709228515625,20250225-155358
220,18446744073709551615,0,0.796875,646.22900390625,553.24462890625,159.9883575439453,177.33938598632812,20250225-155358
220,18446744073709551615,0,0.916015625,452.4280700683594,1.8483123779296875,451.07513427734375,616.569580078125,20250225-155358
220,18446744073709551615,0,0.935546875,85.65069580078125,444.1025390625,1209.5826416015625,981.5026245117188,20250225-155358
221,18446744073709551615,0,0.264404296875,909.9497680664062,1876.29638671875,42.8638916015625,167.42953491210938,20250225-155358
221,18446744073709551615,0,0.437744140625,615.3984375,1649.9879150390625,269.11871337890625,365.1533203125,20250225-155358
221,18446744073709551615,0,0.437744140625,629.6043090820312,194.3931884765625,246.04417419433594,336.2963562011719,20250225-155358
221,18446744073709551615,0,0.56396484375,624.4934692382812,1320.5848388671875,261.38873291015625,229.02346801757812,20250225-155358
221,18446744073709551615,0,0.66796875,654.201416015625,704.3585815429688,72.85235595703125,40.186065673828125,20250225-155358
221,18446744073709551615,0,0.78076171875,665.050048828125,411.53924560546875,152.1387176513672,158.71774291992188,20250225-155358
221,18446744073709551615,0,0.80517578125,646.4371337890625,553.73388671875,161.5352325439453,176.594970703125,20250225-155358
221,18446744073709551615,0,0.91455078125,453.1663513183594,1.6632843017578125,459.08251953125,615.0899047851562,20250225-155358
221,18446744073709551615,0,0.93701171875,81.8712158203125,441.88043212890625,1212.5526123046875,985.1339721679688,20250225-155358
222,18446744073709551615,0,0.226806640625,909.8248901367188,1876.486083984375,42.62896728515625,167.40994262695312,20250225-155358
222,18446744073709551615,0,0.30810546875,641.6405639648438,1312.76025390625,88.1099853515625,53.113037109375,20250225-155358
222,18446744073709551615,0,0.402587890625,615.361083984375,1650.0400390625,269.1661376953125,359.5207214355469,20250225-155358
222,18446744073709551615,0,0.61767578125,654.5848388671875,704.3685302734375,71.96658325195312,40.14056396484375,20250225-155358
222,18446744073709551615,0,0.62890625,624.7999877929688,1371.86279296875,212.331298828125,233.28451538085938,20250225-155358
222,18446744073709551615,0,0.75,665.871337890625,410.4906005859375,152.67897033691406,161.75830078125,20250225-155358
222,18446744073709551615,0,0.80419921875,646.322021484375,552.7289428710938,159.5929412841797,175.91629028320312,20250225-155358
222,18446744073709551615,0,0.84814453125,628.61572265625,193.96385192871094,253.64373779296875,334.0426940917969,20250225-155358
222,18446744073709551615,0,0.91552734375,454.2088623046875,1.6641082763671875,464.427734375,613.837646484375,20250225-155358
222,18446744073709551615,0,0.93701171875,83.99761962890625,439.22113037109375,1214.341796875,983.061767578125,20250225-155358
223,18446744073709551615,0,0.2288818359375,907.5199584960938,1876.379150390625,42.74139404296875,169.71908569335938,20250225-155358
223,18446744073709551615,0,0.303955078125,642.0888061523438,1309.55224609375,87.61834716796875,52.076751708984375,20250225-155358
223,18446744073709551615,0,0.466796875,624.8504638671875,1362.167236328125,222.68756103515625,229.56976318359375,20250225-155358
223,18446744073709551615,0,0.4775390625,614.7352294921875,1649.2899169921875,269.86944580078125,378.3498229980469,20250225-155358
223,18446744073709551615,0,0.56787109375,656.0564575195312,704.6658325195312,72.5430908203125,37.962982177734375,20250225-155358
223,18446744073709551615,0,0.71044921875,665.8663330078125,411.22161865234375,151.75991821289062,159.96194458007812,20250225-155358
223,18446744073709551615,0,0.810546875,645.9681396484375,554.3111572265625,159.70065307617188,176.94525146484375,20250225-155358
223,18446744073709551615,0,0.8603515625,628.954833984375,194.07650756835938,255.93722534179688,334.8219909667969,20250225-155358
223,18446744073709551615,0,0.91162109375,455.638916015625,1.78106689453125,472.2099609375,612.5663452148438,20250225-155358
223,18446744073709551615,0,0.93408203125,89.173095703125,439.83013916015625,1213.557373046875,977.8963623046875,20250225-155358
224,18446744073709551615,0,0.241455078125,909.5755004882812,1876.04638671875,43.1685791015625,167.9000244140625,20250225-155358
224,18446744073709551615,0,0.32763671875,643.3919677734375,1304.3763427734375,88.656005859375,51.189971923828125,20250225-155358
224,18446744073709551615,0,0.4853515625,615.4205932617188,1650.28369140625,268.7794189453125,379.4076232910156,20250225-155358
224,18446744073709551615,0,0.56103515625,656.809814453125,705.2452392578125,72.43478393554688,35.71197509765625,20250225-155358
224,18446744073709551615,0,0.6162109375,624.8887939453125,1362.802490234375,220.14056396484375,229.96142578125,20250225-155358
224,18446744073709551615,0,0.6533203125,664.830322265625,422.1936950683594,143.37620544433594,160.42172241210938,20250225-155358
224,18446744073709551615,0,0.7841796875,645.5482177734375,553.847412109375,163.32632446289062,176.94937133789062,20250225-155358
224,18446744073709551615,0,0.86083984375,628.8685913085938,194.54168701171875,254.10589599609375,331.7471008300781,20250225-155358
224,18446744073709551615,0,0.9150390625,451.62139892578125,1.784271240234375,473.89691162109375,617.1359252929688,20250225-155358
224,18446744073709551615,0,0.93701171875,90.74716186523438,438.97320556640625,1214.73095703125,976.3780517578125,20250225-155358
225,18446744073709551615,0,0.260498046875,907.7964477539062,1875.8280029296875,43.38519287109375,169.73895263671875,20250225-155358
225,18446744073709551615,0,0.37744140625,643.572509765625,1299.58203125,85.51840209960938,51.5628662109375,20250225-155358
225,18446744073709551615,0,0.458984375,615.7033081054688,1649.726806640625,269.353271484375,365.2299499511719,20250225-155358
225,18446744073709551615,0,0.537109375,657.1195678710938,704.6199951171875,72.30487060546875,35.93536376953125,20250225-155358
225,18446744073709551615,0,0.541015625,624.7413940429688,1368.857421875,214.67230224609375,230.81387329101562,20250225-155358
225,18446744073709551615,0,0.71142578125,665.2412109375,418.1300048828125,146.85324096679688,160.63705444335938,20250225-155358
225,18446744073709551615,0,0.802734375,646.239990234375,552.1552734375,161.8088836669922,176.0928955078125,20250225-155358
225,18446744073709551615,0,0.86083984375,629.385498046875,193.4205780029297,257.59869384765625,333.32867431640625,20250225-155358
225,18446744073709551615,0,0.9111328125,454.919677734375,1.7808837890625,474.0733337402344,613.748046875,20250225-155358
225,18446744073709551615,0,0.9365234375,89.1514892578125,438.81097412109375,1215.1279296875,977.9227294921875,20250225-155358
226,18446744073709551615,0,0.285400390625,907.0107421875,1876.036376953125,43.12664794921875,170.63543701171875,20250225-155359
226,18446744073709551615,0,0.435791015625,642.9168090820312,1295.744384765625,88.19842529296875,52.084625244140625,20250225-155359
226,18446744073709551615,0,0.448486328125,615.9140625,1650.15576171875,268.921875,361.2951965332031,20250225-155359
226,18446744073709551615,0,0.513671875,656.825927734375,703.3324584960938,71.82696533203125,37.56573486328125,20250225-155359
226,18446744073709551615,0,0.65380859375,625.8587036132812,1363.906005859375,217.78472900390625,225.58282470703125,20250225-155359
226,18446744073709551615,0,0.6689453125,664.1427612304688,426.60107421875,137.392822265625,161.21182250976562,20250225-155359
226,18446744073709551615,0,0.77685546875,646.3994750976562,550.7110595703125,161.2452392578125,176.28140258789062,20250225-155359
226,18446744073709551615,0,0.8505859375,629.217529296875,194.2521514892578,258.40570068359375,330.43212890625,20250225-155359
226,18446744073709551615,0,0.90966796875,453.62750244140625,1.85101318359375,474.4864501953125,615.6179809570312,20250225-155359
226,18446744073709551615,0,0.935546875,85.11643981933594,437.39752197265625,1215.9063720703125,981.9949951171875,20250225-155359
227,18446744073709551615,0,0.267333984375,906.2874755859375,1875.964599609375,43.19952392578125,171.15151977539062,20250225-155359
227,18446744073709551615,0,0.349609375,642.9332885742188,1294.5157470703125,82.93991088867188,52.170867919921875,20250225-155359
227,18446744073709551615,0,0.470703125,615.560302734375,1650.18896484375,268.89385986328125,386.0613098144531,20250225-155359
227,18446744073709551615,0,0.5419921875,656.3514404296875,703.81103515625,71.59103393554688,38.170989990234375,20250225-155359
227,18446744073709551615,0,0.6123046875,625.2392578125,1367.918701171875,213.3043212890625,226.82931518554688,20250225-155359
227,18446744073709551615,0,0.638671875,663.7767333984375,428.44683837890625,139.71693420410156,161.96401977539062,20250225-155359
227,18446744073709551615,0,0.77783203125,646.843505859375,550.6256103515625,160.61219787597656,175.17095947265625,20250225-155359
227,18446744073709551615,0,0.84375,629.1307983398438,193.69857788085938,261.8661804199219,332.379638671875,20250225-155359
227,18446744073709551615,0,0.9140625,453.8756103515625,1.609222412109375,475.367431640625,614.279052734375,20250225-155359
227,18446744073709551615,0,0.93603515625,85.33401489257812,438.218994140625,1215.4105224609375,981.4846801757812,20250225-155359
228,18446744073709551615,0,0.253173828125,905.0692749023438,1875.8822021484375,43.32952880859375,172.28164672851562,20250225-155359
228,18446744073709551615,0,0.4765625,656.521728515625,703.2192993164062,71.78173828125,36.97686767578125,20250225-155359
228,18446744073709551615,0,0.4921875,643.734375,1290.1314697265625,87.835693359375,50.36810302734375,20250225-155359
228,18446744073709551615,0,0.505859375,614.9908447265625,1650.92431640625,268.0638427734375,431.1614685058594,20250225-155359
228,18446744073709551615,0,0.56884765625,664.0936889648438,426.3787536621094,142.75836181640625,161.50625610351562,20250225-155359
228,18446744073709551615,0,0.65380859375,625.5510864257812,1369.2711181640625,215.04693603515625,228.25479125976562,20250225-155359
228,18446744073709551615,0,0.78271484375,646.5481567382812,550.5032958984375,161.0584259033203,175.44296264648438,20250225-155359
228,18446744073709551615,0,0.84228515625,629.2152099609375,196.29075622558594,258.59478759765625,336.7613525390625,20250225-155359
228,18446744073709551615,0,0.908203125,453.690673828125,1.4831085205078125,472.74658203125,614.30712890625,20250225-155359
228,18446744073709551615,0,0.93798828125,84.47099304199219,439.76995849609375,1214.177490234375,982.2498779296875,20250225-155359
229,18446744073709551615,0,0.25830078125,906.377197265625,1875.87109375,43.3824462890625,171.15032958984375,20250225-155359
229,18446744073709551615,0,0.478515625,614.8387451171875,1651.7537841796875,267.20159912109375,370.27752685546875,20250225-155359
229,18446744073709551615,0,0.48828125,643.8834228515625,1286.679931640625,88.07601928710938,49.937896728515625,20250225-155359
229,18446744073709551615,0,0.5234375,656.8566284179688,703.108154296875,72.3138427734375,36.324554443359375,20250225-155359
229,18446744073709551615,0,0.6416015625,663.97998046875,432.34527587890625,138.78021240234375,161.7330322265625,20250225-155359
229,18446744073709551615,0,0.74169921875,624.0933837890625,1372.65478515625,207.78057861328125,230.87722778320312,20250225-155359
229,18446744073709551615,0,0.80908203125,646.8444213867188,551.01220703125,160.96426391601562,175.50814819335938,20250225-155359
229,18446744073709551615,0,0.85498046875,629.04345703125,194.83058166503906,258.8238830566406,329.58233642578125,20250225-155359
229,18446744073709551615,0,0.9091796875,451.1429443359375,1.7889404296875,474.23052978515625,617.3638916015625,20250225-155359
229,18446744073709551615,0,0.9375,84.18695068359375,440.06561279296875,1212.43310546875,982.7017822265625,20250225-155359
230,18446744073709551615,0,0.2322998046875,661.1588745117188,1686.9847412109375,80.1668701171875,85.16143798828125,20250225-155359
230,18446744073709551615,0,0.2568359375,906.7736206054688,1875.832763671875,43.37274169921875,170.53472900390625,20250225-155359
230,18446744073709551615,0,0.39794921875,615.5511474609375,1650.5958251953125,268.37786865234375,365.14434814453125,20250225-155359
230,18446744073709551615,0,0.450439453125,656.8101196289062,703.0662231445312,70.86135864257812,35.561737060546875,20250225-155359
230,18446744073709551615,0,0.6318359375,647.4239501953125,1284.0113525390625,89.47421264648438,47.329742431640625,20250225-155359
230,18446744073709551615,0,0.7001953125,664.3515014648438,428.8752136230469,143.5572967529297,162.83633422851562,20250225-155359
230,18446744073709551615,0,0.7333984375,624.517822265625,1370.736328125,214.80889892578125,230.90286254882812,20250225-155359
230,18446744073709551615,0,0.80908203125,629.6260986328125,195.82493591308594,255.48948669433594,337.9250793457031,20250225-155359
230,18446744073709551615,0,0.81005859375,646.6865844726562,552.98388671875,161.4906463623047,175.37631225585938,20250225-155359
230,18446744073709551615,0,0.91015625,450.97412109375,1.6069793701171875,470.85302734375,616.7067260742188,20250225-155359
230,18446744073709551615,0,0.93603515625,81.4892578125,439.844970703125,1213.138916015625,985.5195922851562,20250225-155359
231,18446744073709551615,0,0.301513671875,915.2471923828125,1875.4346923828125,43.66937255859375,162.999755859375,20250225-155359
231,18446744073709551615,0,0.401611328125,656.5517578125,702.5894165039062,71.064697265625,35.723052978515625,20250225-155359
231,18446744073709551615,0,0.4755859375,615.7977905273438,1650.70361328125,268.39306640625,431.2749938964844,20250225-155359
231,18446744073709551615,0,0.56005859375,647.1674194335938,1279.853759765625,88.86163330078125,46.633758544921875,20250225-155359
231,18446744073709551615,0,0.708984375,664.8218994140625,419.01361083984375,146.4716033935547,160.97689819335938,20250225-155359
231,18446744073709551615,0,0.74072265625,624.9964599609375,1370.186767578125,218.38128662109375,229.5340576171875,20250225-155359
231,18446744073709551615,0,0.8076171875,646.0046997070312,553.1834106445312,161.50794982910156,176.61318969726562,20250225-155359
231,18446744073709551615,0,0.81103515625,629.8038940429688,195.83995056152344,254.5646209716797,333.139892578125,20250225-155359
231,18446744073709551615,0,0.91064453125,449.1046142578125,1.604736328125,467.9380187988281,618.8873291015625,20250225-155359
231,18446744073709551615,0,0.9384765625,80.25228881835938,440.2393798828125,1212.16552734375,986.9657592773438,20250225-155359
232,18446744073709551615,0,0.2081298828125,661.2460327148438,1685.2203369140625,82.08251953125,86.45608520507812,20250225-155359
232,18446744073709551615,0,0.2193603515625,906.930908203125,1874.5989990234375,44.61236572265625,169.91949462890625,20250225-155359
232,18446744073709551615,0,0.405517578125,656.7302856445312,701.8204345703125,71.37222290039062,36.035247802734375,20250225-155359
232,18446744073709551615,0,0.445556640625,615.5185546875,1650.80859375,268.28045654296875,417.5149841308594,20250225-155359
232,18446744073709551615,0,0.595703125,647.4043579101562,1277.524658203125,87.51516723632812,45.60809326171875,20250225-155359
232,18446744073709551615,0,0.73193359375,664.200927734375,417.1976623535156,149.6554412841797,161.4085693359375,20250225-155359
232,18446744073709551615,0,0.73486328125,624.3781127929688,1367.50244140625,213.98858642578125,230.63937377929688,20250225-155359
232,18446744073709551615,0,0.80322265625,629.8927001953125,194.9794921875,254.89901733398438,337.66717529296875,20250225-155359
232,18446744073709551615,0,0.80419921875,646.245361328125,554.19677734375,157.47450256347656,175.850830078125,20250225-155359
232,18446744073709551615,0,0.91162109375,448.74169921875,1.6060638427734375,468.14813232421875,619.602294921875,20250225-155359
232,18446744073709551615,0,0.935546875,78.94619750976562,438.84228515625,1213.922607421875,988.23046875,20250225-155359
233,18446744073709551615,0,0.218017578125,661.3427124023438,1685.298583984375,81.5247802734375,86.78988647460938,20250225-155359
233,18446744073709551615,0,0.269775390625,905.8269653320312,1873.619140625,45.598388671875,171.0084228515625,20250225-155359
233,18446744073709551615,0,0.355712890625,656.3831176757812,700.65625,72.56634521484375,36.264495849609375,20250225-155359
233,18446744073709551615,0,0.452392578125,615.83056640625,1650.8525390625,268.14129638671875,416.2766418457031,20250225-155359
233,18446744073709551615,0,0.57177734375,648.1373291015625,1274.92333984375,88.25765991210938,45.679046630859375,20250225-155359
233,18446744073709551615,0,0.7568359375,664.411865234375,412.11163330078125,155.40687561035156,159.8994140625,20250225-155359
233,18446744073709551615,0,0.78466796875,624.0560302734375,1363.859619140625,221.29302978515625,229.97671508789062,20250225-155359
233,18446744073709551615,0,0.81396484375,645.8939208984375,554.234375,157.88941955566406,176.735595703125,20250225-155359
233,18446744073709551615,0,0.9140625,448.91326904296875,1.6014404296875,467.60174560546875,619.17041015625,20250225-155359
233,18446744073709551615,0,0.93408203125,78.9931640625,437.52777099609375,1214.851318359375,988.29638671875,20250225-155359
234,18446744073709551615,0,0.26513671875,904.2650756835938,1873.5142822265625,45.74908447265625,172.71231079101562,20250225-155359
234,18446744073709551615,0,0.267333984375,660.999755859375,1686.872314453125,79.80377197265625,86.26876831054688,20250225-155359
234,18446744073709551615,0,0.346923828125,655.37841796875,700.0889892578125,73.16510009765625,36.42938232421875,20250225-155359
234,18446744073709551615,0,0.420654296875,616.2046508789062,1650.11865234375,268.88067626953125,401.047119140625,20250225-155359
234,18446744073709551615,0,0.5234375,650.712158203125,1269.3929443359375,88.9837646484375,42.3544921875,20250225-155359
234,18446744073709551615,0,0.732421875,664.1182861328125,412.6533508300781,150.73219299316406,160.3271484375,20250225-155359
234,18446744073709551615,0,0.73779296875,623.5328979492188,1366.2015380859375,211.131591796875,232.28219604492188,20250225-155359
234,18446744073709551615,0,0.79248046875,646.0526733398438,554.399169921875,161.43722534179688,177.12149047851562,20250225-155359
234,18446744073709551615,0,0.8193359375,630.1517944335938,193.453125,254.79226684570312,336.1414489746094,20250225-155359
234,18446744073709551615,0,0.9140625,448.3575439453125,1.5971832275390625,467.9853515625,620.1062622070312,20250225-155359
234,18446744073709551615,0,0.93359375,80.81204223632812,438.85565185546875,1211.428466796875,986.6077880859375,20250225-155359
235,18446744073709551615,0,0.247314453125,661.3494873046875,1686.9071044921875,79.6146240234375,85.09698486328125,20250225-155359
235,18446744073709551615,0,0.279052734375,905.0531616210938,1872.7686767578125,46.44195556640625,171.55316162109375,20250225-155359
235,18446744073709551615,0,0.393310546875,652.0792236328125,1265.983154296875,89.983154296875,39.76959228515625,20250225-155359
235,18446744073709551615,0,0.4130859375,655.387451171875,700.6972045898438,72.97952270507812,35.7344970703125,20250225-155359
235,18446744073709551615,0,0.46484375,616.26171875,1649.9697265625,269.0335693359375,430.39306640625,20250225-155359
235,18446744073709551615,0,0.611328125,623.9423828125,1365.66259765625,212.90167236328125,239.01361083984375,20250225-155359
235,18446744073709551615,0,0.73388671875,664.01806640625,412.3940734863281,152.5399932861328,160.81695556640625,20250225-155359
235,18446744073709551615,0,0.8037109375,645.144287109375,553.4154663085938,162.67291259765625,177.64993286132812,20250225-155359
235,18446744073709551615,0,0.814453125,630.2367553710938,194.1240234375,255.52285766601562,337.399658203125,20250225-155359
235,18446744073709551615,0,0.916015625,448.9307556152344,1.600341796875,468.344970703125,619.6468505859375,20250225-155359
235,18446744073709551615,0,0.9345703125,80.6099853515625,439.15716552734375,1211.6337890625,987.0020141601562,20250225-155359
236,18446744073709551615,0,0.279052734375,653.54443359375,1263.265625,86.72561645507812,38.103790283203125,20250225-155359
236,18446744073709551615,0,0.29345703125,905.937255859375,1872.421875,46.83050537109375,170.3466796875,20250225-155359
236,18446744073709551615,0,0.33447265625,660.886962890625,1685.735595703125,80.82696533203125,85.82070922851562,20250225-155359
236,18446744073709551615,0,0.383056640625,616.7618408203125,1649.0533447265625,270.091552734375,429.2080993652344,20250225-155359
236,18446744073709551615,0,0.4853515625,655.1473388671875,701.5413208007812,72.7569580078125,36.1468505859375,20250225-155359
236,18446744073709551615,0,0.59716796875,622.24462890625,1360.14208984375,216.8397216796875,280.9866943359375,20250225-155359
236,18446744073709551615,0,0.810546875,630.4229736328125,193.927001953125,254.6649169921875,337.6350402832031,20250225-155359
236,18446744073709551615,0,0.810546875,664.31201171875,411.31915283203125,153.36968994140625,161.384033203125,20250225-155359
236,18446744073709551615,0,0.822265625,645.2308349609375,554.0839233398438,163.03610229492188,178.12518310546875,20250225-155359
236,18446744073709551615,0,0.9150390625,448.16070556640625,1.60052490234375,467.45196533203125,620.2088012695312,20250225-155359
236,18446744073709551615,0,0.93603515625,81.44966125488281,437.80682373046875,1214.45703125,986.3236083984375,20250225-155359
237,18446744073709551615,0,0.23583984375,661.5247192382812,1684.2689208984375,83.4708251953125,86.48904418945312,20250225-155359
237,18446744073709551615,0,0.269775390625,904.1815185546875,1872.73974609375,46.51336669921875,173.3642578125,20250225-155359
237,18446744073709551615,0,0.27587890625,657.4396362304688,1260.9559326171875,86.44775390625,32.51019287109375,20250225-155359
237,18446744073709551615,0,0.4560546875,654.275146484375,700.5294799804688,73.6318359375,38.20806884765625,20250225-155359
237,18446744073709551615,0,0.45703125,615.8754272460938,1649.6898193359375,269.40545654296875,418.1750793457031,20250225-155359
237,18446744073709551615,0,0.56103515625,622.635498046875,1363.77734375,220.89678955078125,266.98480224609375,20250225-155359
237,18446744073709551615,0,0.755859375,664.0953369140625,418.2263488769531,145.64735412597656,160.85311889648438,20250225-155359
237,18446744073709551615,0,0.8037109375,629.9833374023438,195.5284881591797,254.15528869628906,337.9430236816406,20250225-155359
237,18446744073709551615,0,0.8037109375,644.4153442382812,554.4638671875,161.5440673828125,178.46640014648438,20250225-155359
237,18446744073709551615,0,0.9130859375,445.70159912109375,1.772369384765625,466.2840270996094,622.7049560546875,20250225-155359
237,18446744073709551615,0,0.93505859375,80.67878723144531,438.8997802734375,1213.2930908203125,986.7791748046875,20250225-155359
238,18446744073709551615,0,0.218017578125,900.14013671875,1872.5859375,46.67449951171875,177.08056640625,20250225-155359
238,18446744073709551615,0,0.261962890625,661.530029296875,1684.363037109375,83.68084716796875,86.1405029296875,20250225-155359
238,18446744073709551615,0,0.32080078125,654.640625,700.524169921875,75.52459716796875,36.57916259765625,20250225-155359
238,18446744073709551615,0,0.443603515625,615.5557250976562,1649.548828125,269.5323486328125,402.1231384277344,20250225-155359
238,18446744073709551615,0,0.478515625,622.5452270507812,1365.466796875,215.2679443359375,220.64566040039062,20250225-155359
238,18446744073709551615,0,0.7177734375,664.16259765625,417.27581787109375,145.57571411132812,161.6326904296875,20250225-155359
238,18446744073709551615,0,0.7939453125,644.8987426757812,555.1624145507812,159.45506286621094,178.78298950195312,20250225-155359
238,18446744073709551615,0,0.80908203125,630.4154663085938,194.67576599121094,254.1492462158203,340.9259948730469,20250225-155359
238,18446744073709551615,0,0.91455078125,445.32073974609375,1.768524169921875,466.099365234375,623.2403564453125,20250225-155359
238,18446744073709551615,0,0.93359375,85.52430725097656,439.65252685546875,1208.2064208984375,981.6566162109375,20250225-155359
239,18446744073709551615,0,0.29833984375,900.6134033203125,1870.781494140625,48.2471923828125,177.47122192382812,20250225-155359
239,18446744073709551615,0,0.35498046875,654.5714721679688,702.2041625976562,73.93597412109375,35.876312255859375,20250225-155359
239,18446744073709551615,0,0.443603515625,615.5213012695312,1650.41943359375,268.6798095703125,423.6070861816406,20250225-155359
239,18446744073709551615,0,0.67138671875,622.1123046875,1367.1923828125,213.6533203125,282.199951171875,20250225-155359
239,18446744073709551615,0,0.72509765625,664.1260986328125,421.62017822265625,140.96694946289062,161.30218505859375,20250225-155359
239,18446744073709551615,0,0.79052734375,644.8985595703125,554.02685546875,162.88426208496094,177.11663818359375,20250225-155359
239,18446744073709551615,0,0.80859375,630.4074096679688,194.66981506347656,253.41444396972656,341.4685363769531,20250225-155359
239,18446744073709551615,0,0.91650390625,444.9371337890625,1.575439453125,467.700439453125,623.9617309570312,20250225-155359
239,18446744073709551615,0,0.931640625,81.78268432617188,438.6046142578125,1212.741455078125,985.47216796875,20250225-155359
240,18446744073709551615,0,0.241455078125,889.6961059570312,1870.521240234375,48.78515625,186.90170288085938,20250225-155359
240,18446744073709551615,0,0.43408203125,615.40234375,1650.879638671875,268.13543701171875,427.037109375,20250225-155359
240,18446744073709551615,0,0.4892578125,654.1602172851562,703.7100219726562,73.11447143554688,37.334747314453125,20250225-155359
240,18446744073709551615,0,0.59912109375,622.0219116210938,1374.375732421875,207.697265625,281.9907531738281,20250225-155359
240,18446744073709551615,0,0.712890625,664.3154296875,421.3006591796875,143.15982055664062,161.52923583984375,20250225-155359
240,18446744073709551615,0,0.7822265625,645.053466796875,553.8597412109375,160.50860595703125,177.45950317382812,20250225-155359
240,18446744073709551615,0,0.80419921875,630.15625,196.8947296142578,252.76148986816406,340.22991943359375,20250225-155359
240,18446744073709551615,0,0.91748046875,444.9388732910156,1.7696685791015625,466.04803466796875,623.4307250976562,20250225-155359
240,18446744073709551615,0,0.93115234375,80.09623718261719,438.56011962890625,1210.15869140625,987.251953125,20250225-155359
241,18446744073709551615,0,0.2288818359375,874.0015869140625,1869.8543701171875,49.46978759765625,203.2738037109375,20250225-155359
241,18446744073709551615,0,0.478515625,615.9226684570312,1652.6151123046875,266.35162353515625,454.3404235839844,20250225-155359
241,18446744073709551615,0,0.615234375,654.112548828125,703.1632080078125,75.82443237304688,36.541259765625,20250225-155359
241,18446744073709551615,0,0.625,623.59619140625,1374.8763427734375,211.92919921875,289.9383544921875,20250225-155359
241,18446744073709551615,0,0.69775390625,664.7540283203125,423.2110290527344,142.04434204101562,161.27398681640625,20250225-155359
241,18446744073709551615,0,0.78857421875,645.6986083984375,553.6616821289062,160.32591247558594,175.5966796875,20250225-155359
241,18446744073709551615,0,0.86083984375,629.9108276367188,196.2857666015625,253.75753784179688,342.58721923828125,20250225-155359
241,18446744073709551615,0,0.91796875,445.3206481933594,1.7684783935546875,466.9559326171875,623.2642822265625,20250225-155359
241,18446744073709551615,0,0.93017578125,86.02880859375,438.17828369140625,1212.0992431640625,981.2975463867188,20250225-155359
242,18446744073709551615,0,0.470703125,616.2264404296875,1652.0592041015625,266.98150634765625,454.00616455078125,20250225-155359
242,18446744073709551615,0,0.5908203125,622.197509765625,1377.627197265625,202.03326416015625,283.41741943359375,20250225-155359
242,18446744073709551615,0,0.61328125,653.8610229492188,703.6668701171875,76.17379760742188,37.664337158203125,20250225-155359
242,18446744073709551615,0,0.650390625,665.2376708984375,419.151123046875,144.1153106689453,160.00653076171875,20250225-155359
242,18446744073709551615,0,0.8056640625,630.406005859375,194.49362182617188,253.8336181640625,340.93505859375,20250225-155359
242,18446744073709551615,0,0.806640625,645.5443725585938,554.5645751953125,156.5288543701172,176.23919677734375,20250225-155359
242,18446744073709551615,0,0.91748046875,446.6455078125,1.951995849609375,466.9829406738281,621.590576171875,20250225-155359
242,18446744073709551615,0,0.92919921875,86.72264099121094,438.2249755859375,1212.2135009765625,980.3726806640625,20250225-155359
243,18446744073709551615,0,0.2288818359375,661.0048828125,1686.77294921875,82.00048828125,86.63214111328125,20250225-155359
243,18446744073709551615,0,0.5029296875,622.7593994140625,1369.587890625,209.115966796875,214.0294189453125,20250225-155359
243,18446744073709551615,0,0.5048828125,615.68994140625,1649.3466796875,269.85626220703125,454.4550476074219,20250225-155359
243,18446744073709551615,0,0.58203125,653.1632080078125,705.5908813476562,75.16241455078125,38.055999755859375,20250225-155359
243,18446744073709551615,0,0.68701171875,664.6543579101562,417.2509460449219,143.53404235839844,157.852294921875,20250225-155359
243,18446744073709551615,0,0.80322265625,629.7119750976562,196.3458251953125,253.3505859375,339.15472412109375,20250225-155359
243,18446744073709551615,0,0.81982421875,645.0701293945312,554.6482543945312,157.81036376953125,176.72488403320312,20250225-155359
243,18446744073709551615,0,0.91748046875,446.457275390625,1.586151123046875,466.6443786621094,620.9313354492188,20250225-155359
243,18446744073709551615,0,0.93017578125,87.85505676269531,439.76861572265625,1209.42529296875,979.1480712890625,20250225-155359
244,18446744073709551615,0,0.21533203125,857.622314453125,1866.7196044921875,52.43280029296875,222.1790771484375,20250225-155359
244,18446744073709551615,0,0.5078125,615.97998046875,1650.5537109375,268.62506103515625,454.0400390625,20250225-155359
244,18446744073709551615,0,0.56005859375,621.8170166015625,1373.11328125,206.12017822265625,282.4084167480469,20250225-155359
244,18446744073709551615,0,0.5888671875,652.351318359375,705.4552001953125,75.82369995117188,37.870513916015625,20250225-155359
244,18446744073709551615,0,0.7099609375,664.4309692382812,420.422607421875,142.50169372558594,160.22671508789062,20250225-155359
244,18446744073709551615,0,0.794921875,629.7996826171875,196.28860473632812,253.4432373046875,340.6202087402344,20250225-155359
244,18446744073709551615,0,0.806640625,645.2322998046875,553.6903076171875,159.05625915527344,178.0455322265625,20250225-155359
244,18446744073709551615,0,0.916015625,448.1751708984375,1.97406005859375,465.5894775390625,619.703369140625,20250225-155359
244,18446744073709551615,0,0.92724609375,98.71733093261719,439.29766845703125,1208.653076171875,967.5260009765625,20250225-155359
245,18446744073709551615,0,0.273681640625,856.171875,1866.07958984375,53.0830078125,222.89950561523438,20250225-155359
245,18446744073709551615,0,0.43505859375,615.9180908203125,1651.431884765625,267.42645263671875,454.2340393066406,20250225-155359
245,18446744073709551615,0,0.59716796875,652.3416748046875,705.4960327148438,75.8829345703125,38.88482666015625,20250225-155359
245,18446744073709551615,0,0.60205078125,622.4785766601562,1375.3201904296875,200.934814453125,282.0597839355469,20250225-155359
245,18446744073709551615,0,0.712890625,664.4208984375,423.50482177734375,140.22560119628906,161.69174194335938,20250225-155359
245,18446744073709551615,0,0.80810546875,644.6775512695312,553.4156494140625,159.27850341796875,178.24154663085938,20250225-155359
245,18446744073709551615,0,0.81298828125,629.9551391601562,194.5883331298828,254.2924346923828,339.8081359863281,20250225-155359
245,18446744073709551615,0,0.91650390625,446.457275390625,1.9520416259765625,466.77655029296875,621.670166015625,20250225-155359
245,18446744073709551615,0,0.9248046875,99.72052001953125,438.75555419921875,1207.5794677734375,966.740478515625,20250225-155359
246,18446744073709551615,0,0.4677734375,616.5192260742188,1651.603271484375,267.25726318359375,453.8656311035156,20250225-155359
246,18446744073709551615,0,0.6279296875,651.3718872070312,705.34765625,76.89743041992188,39.958648681640625,20250225-155359
246,18446744073709551615,0,0.65771484375,623.2603759765625,1375.6875,204.30340576171875,287.55377197265625,20250225-155359
246,18446744073709551615,0,0.71484375,664.680908203125,425.4830017089844,133.6648406982422,160.70169067382812,20250225-155359
246,18446744073709551615,0,0.79736328125,645.1492309570312,553.6737670898438,159.3420867919922,177.8521728515625,20250225-155359
246,18446744073709551615,0,0.80078125,630.0682983398438,195.89781188964844,253.92645263671875,339.37353515625,20250225-155359
246,18446744073709551615,0,0.9140625,445.8885498046875,1.772186279296875,467.118896484375,622.3831787109375,20250225-155359
246,18446744073709551615,0,0.92578125,99.32546997070312,437.4429931640625,1210.684814453125,967.160888671875,20250225-155359
247,18446744073709551615,0,0.2666015625,849.6263427734375,1864.1920166015625,54.9122314453125,230.06195068359375,20250225-155359
247,18446744073709551615,0,0.46875,616.3097534179688,1651.989501953125,267.14208984375,453.36181640625,20250225-155359
247,18446744073709551615,0,0.61669921875,623.3721313476562,1374.5576171875,202.623046875,281.9753723144531,20250225-155359
247,18446744073709551615,0,0.6259765625,650.630126953125,704.6541748046875,78.96688842773438,40.203277587890625,20250225-155359
247,18446744073709551615,0,0.6689453125,665.3171997070312,419.7635192871094,141.1124725341797,162.07479858398438,20250225-155359
247,18446744073709551615,0,0.7890625,645.1483154296875,553.135986328125,161.71824645996094,177.42105102539062,20250225-155359
247,18446744073709551615,0,0.80419921875,629.8895874023438,195.71173095703125,253.81993103027344,338.044189453125,20250225-155359
247,18446744073709551615,0,0.9169921875,448.55438232421875,1.97698974609375,466.46466064453125,619.19482421875,20250225-155359
247,18446744073709551615,0,0.92626953125,96.8038330078125,437.65631103515625,1210.132568359375,969.76904296875,20250225-155359
248,18446744073709551615,0,0.277587890625,661.123046875,1684.3428955078125,83.66217041015625,86.25750732421875,20250225-155359
248,18446744073709551615,0,0.556640625,616.0067138671875,1651.884521484375,266.759765625,453.7188720703125,20250225-155359
248,18446744073709551615,0,0.61767578125,650.2223510742188,703.384521484375,81.64581298828125,41.394012451171875,20250225-155359
248,18446744073709551615,0,0.67138671875,621.8399047851562,1374.5797119140625,204.1915283203125,287.8896789550781,20250225-155359
248,18446744073709551615,0,0.68603515625,664.4197998046875,418.76953125,144.1896514892578,162.66458129882812,20250225-155359
248,18446744073709551615,0,0.79736328125,645.2312622070312,552.930419921875,160.318359375,176.83731079101562,20250225-155359
248,18446744073709551615,0,0.80419921875,629.5404052734375,195.60333251953125,254.48062133789062,338.3930969238281,20250225-155359
248,18446744073709551615,0,0.9140625,446.45416259765625,1.583221435546875,467.5130310058594,622.092529296875,20250225-155359
248,18446744073709551615,0,0.9248046875,92.247802734375,436.41009521484375,1213.7720947265625,974.7804565429688,20250225-155359
249,18446744073709551615,0,0.234375,849.3989868164062,1861.4110107421875,57.96661376953125,225.79852294921875,20250225-155359
249,18446744073709551615,0,0.56884765625,615.0382690429688,1652.7930908203125,266.0826416015625,454.4761962890625,20250225-155359
249,18446744073709551615,0,0.57861328125,650.0842895507812,703.9212646484375,81.04339599609375,41.547454833984375,20250225-155359
249,18446744073709551615,0,0.65234375,621.6956176757812,1375.972412109375,205.7237548828125,288.8792724609375,20250225-155359
249,18446744073709551615,0,0.67138671875,663.2085571289062,423.06243896484375,141.169189453125,161.78549194335938,20250225-155359
249,18446744073709551615,0,0.77197265625,644.8297119140625,551.9169921875,161.4185028076172,177.50125122070312,20250225-155359
249,18446744073709551615,0,0.8486328125,629.3878784179688,194.9949188232422,258.15106201171875,335.0313720703125,20250225-155359
249,18446744073709551615,0,0.916015625,446.64202880859375,1.77227783203125,466.4403991699219,621.677734375,20250225-155359
249,18446744073709551615,0,0.92822265625,82.2008056640625,437.08502197265625,1214.145751953125,984.76025390625,20250225-155359
250,18446744073709551615,0,0.36669921875,616.1937255859375,1648.852294921875,268.68035888671875,330.41363525390625,20250225-155359
250,18446744073709551615,0,0.408203125,847.4430541992188,1861.833251953125,57.42572021484375,227.75262451171875,20250225-155359
250,18446744073709551615,0,0.6376953125,622.1678466796875,1378.407470703125,202.36285400390625,288.3327941894531,20250225-155359
250,18446744073709551615,0,0.65234375,650.3995971679688,703.9769897460938,80.90185546875,41.584991455078125,20250225-155359
250,18446744073709551615,0,0.6533203125,663.763916015625,418.8487243652344,144.77041625976562,160.29171752929688,20250225-155359
250,18446744073709551615,0,0.732421875,644.9959716796875,551.3963623046875,161.12608337402344,177.65066528320312,20250225-155359
250,18446744073709551615,0,0.80517578125,630.239990234375,193.82400512695312,257.12109375,336.06683349609375,20250225-155359
250,18446744073709551615,0,0.91796875,446.45068359375,1.9602813720703125,466.4249267578125,621.9046630859375,20250225-155359
250,18446744073709551615,0,0.92919921875,82.96188354492188,436.29913330078125,1212.044921875,983.9738159179688,20250225-155359
251,18446744073709551615,0,0.259765625,847.286376953125,1859.5751953125,59.71124267578125,227.7498779296875,20250225-155359
251,18446744073709551615,0,0.537109375,616.3436279296875,1651.160888671875,267.9422607421875,453.1358642578125,20250225-155359
251,18446744073709551615,0,0.57080078125,622.5472412109375,1375.598876953125,204.7283935546875,290.7547302246094,20250225-155359
251,18446744073709551615,0,0.61962890625,650.8405151367188,703.7889404296875,80.61181640625,41.66143798828125,20250225-155359
251,18446744073709551615,0,0.69091796875,665.0615844726562,421.7306213378906,140.09793090820312,158.55706787109375,20250225-155359
251,18446744073709551615,0,0.6943359375,645.3132934570312,549.271728515625,162.98497009277344,176.62014770507812,20250225-155359
251,18446744073709551615,0,0.9140625,446.44903564453125,1.77337646484375,467.4758605957031,622.1255493164062,20250225-155359
251,18446744073709551615,0,0.93115234375,81.21112060546875,437.67095947265625,1210.12255859375,985.8832397460938,20250225-155359
252,18446744073709551615,0,0.2069091796875,660.9168090820312,1675.058349609375,93.96954345703125,96.40081787109375,20250225-155359
252,18446744073709551615,0,0.304931640625,846.760986328125,1858.9918212890625,60.27117919921875,228.52642822265625,20250225-155359
252,18446744073709551615,0,0.4140625,615.0386962890625,1649.9637451171875,267.6221923828125,316.2037353515625,20250225-155359
252,18446744073709551615,0,0.552734375,644.984130859375,546.6549682617188,165.2864227294922,177.8887939453125,20250225-155359
252,18446744073709551615,0,0.6142578125,650.87646484375,703.6434326171875,79.8182373046875,41.6678466796875,20250225-155359
252,18446744073709551615,0,0.62451171875,621.9922485351562,1374.50732421875,205.6644287109375,292.0159606933594,20250225-155359
252,18446744073709551615,0,0.712890625,664.6739501953125,420.4893493652344,141.45437622070312,155.18499755859375,20250225-155359
252,18446744073709551615,0,0.91259765625,446.26666259765625,1.77099609375,467.3070373535156,621.888671875,20250225-155359
252,18446744073709551615,0,0.931640625,82.33351135253906,437.5989990234375,1210.6893310546875,984.383056640625,20250225-155359
253,18446744073709551615,0,0.24658203125,661.4007568359375,1680.820556640625,88.084716796875,90.93081665039062,20250225-155359
253,18446744073709551615,0,0.269775390625,831.2010498046875,1859.447021484375,59.6890869140625,247.01715087890625,20250225-155359
253,18446744073709551615,0,0.5400390625,616.3071899414062,1651.2762451171875,267.64361572265625,453.3355407714844,20250225-155359
253,18446744073709551615,0,0.5537109375,623.1553955078125,1372.8896484375,207.54400634765625,293.68505859375,20250225-155359
253,18446744073709551615,0,0.59619140625,644.4054565429688,538.9856567382812,173.69100952148438,178.5040283203125,20250225-155359
253,18446744073709551615,0,0.6279296875,650.6643676757812,703.7840576171875,78.55636596679688,41.103790283203125,20250225-155359
253,18446744073709551615,0,0.70068359375,664.6063842773438,419.11395263671875,141.37339782714844,156.23245239257812,20250225-155359
253,18446744073709551615,0,0.916015625,445.7017822265625,1.5861968994140625,467.13067626953125,622.4196166992188,20250225-155359
253,18446744073709551615,0,0.93017578125,89.53912353515625,437.5513916015625,1211.5927734375,977.5048828125,20250225-155359
254,18446744073709551615,0,0.2509765625,661.5126342773438,1675.9676513671875,92.96905517578125,94.64401245117188,20250225-155359
254,18446744073709551615,0,0.259033203125,822.8814697265625,1857.0142822265625,62.11907958984375,255.58456420898438,20250225-155359
254,18446744073709551615,0,0.37744140625,615.725830078125,1649.3206787109375,269.67755126953125,451.5791931152344,20250225-155359
254,18446744073709551615,0,0.5361328125,623.19873046875,1375.97314453125,206.76177978515625,294.9566345214844,20250225-155359
254,18446744073709551615,0,0.55908203125,652.2884521484375,703.35546875,76.86941528320312,39.620361328125,20250225-155359
254,18446744073709551615,0,0.611328125,644.962890625,543.6290283203125,167.88079833984375,177.92083740234375,20250225-155359
254,18446744073709551615,0,0.66455078125,664.2205810546875,417.81317138671875,152.44459533691406,158.96951293945312,20250225-155359
254,18446744073709551615,0,0.91357421875,447.81390380859375,1.9822540283203125,468.08209228515625,620.1795654296875,20250225-155359
254,18446744073709551615,0,0.92626953125,87.76812744140625,437.3623046875,1212.9620361328125,979.0131225585938,20250225-155359
255,18446744073709551615,0,0.2322998046875,661.444580078125,1679.3924560546875,89.49114990234375,88.19366455078125,20250225-155400
255,18446744073709551615,0,0.34765625,836.7833251953125,1856.1925048828125,63.163330078125,238.502197265625,20250225-155400
255,18446744073709551615,0,0.376708984375,615.5006103515625,1648.634521484375,267.242431640625,194.05599975585938,20250225-155400
255,18446744073709551615,0,0.443603515625,622.7403564453125,1372.3736572265625,207.83935546875,288.39239501953125,20250225-155400
255,18446744073709551615,0,0.525390625,652.807861328125,701.1333618164062,77.97637939453125,38.8809814453125,20250225-155400
255,18446744073709551615,0,0.62255859375,664.216064453125,417.5446472167969,151.59530639648438,159.98968505859375,20250225-155400
255,18446744073709551615,0,0.66259765625,645.2012329101562,545.1524658203125,167.27691650390625,176.76589965820312,20250225-155400
255,18446744073709551615,0,0.9150390625,446.0771484375,1.5851898193359375,467.68316650390625,622.2100830078125,20250225-155400
255,18446744073709551615,0,0.92236328125,101.42097473144531,437.592041015625,1210.2484130859375,965.086669921875,20250225-155400
256,18446744073709551615,0,0.236572265625,661.2035522460938,1682.010498046875,86.48858642578125,88.09872436523438,20250225-155400
256,18446744073709551615,0,0.346923828125,615.9644165039062,1649.3316650390625,266.49517822265625,189.04083251953125,20250225-155400
256,18446744073709551615,0,0.444580078125,838.3856201171875,1856.12841796875,63.20965576171875,236.876220703125,20250225-155400
256,18446744073709551615,0,0.48828125,652.5849609375,700.91259765625,77.39703369140625,39.397064208984375,20250225-155400
256,18446744073709551615,0,0.4990234375,623.9060668945312,1376.658203125,204.15692138671875,289.6559143066406,20250225-155400
256,18446744073709551615,0,0.5078125,665.1564331054688,419.57373046875,142.49803161621094,158.4385986328125,20250225-155400
256,18446744073709551615,0,0.62158203125,644.72216796875,545.8643188476562,166.1188201904297,177.6910400390625,20250225-155400
256,18446744073709551615,0,0.9150390625,445.1348876953125,1.5820770263671875,467.68939208984375,623.2150268554688,20250225-155400
256,18446744073709551615,0,0.923828125,89.65122985839844,437.344482421875,1213.40771484375,977.24560546875,20250225-155400
257,18446744073709551615,0,0.22265625,662.4563598632812,1683.337890625,85.1407470703125,83.82046508789062,20250225-155400
257,18446744073709551615,0,0.350341796875,615.391845703125,1649.02587890625,267.42608642578125,232.6285400390625,20250225-155400
257,18446744073709551615,0,0.441650390625,837.9918212890625,1857.4632568359375,61.87353515625,237.10491943359375,20250225-155400
257,18446744073709551615,0,0.5029296875,624.2488403320312,1377.7320556640625,202.7691650390625,287.8978271484375,20250225-155400
257,18446744073709551615,0,0.5166015625,650.643310546875,698.3160400390625,78.00201416015625,42.446685791015625,20250225-155400
257,18446744073709551615,0,0.529296875,644.5676879882812,548.6859130859375,161.85580444335938,176.11642456054688,20250225-155400
257,18446744073709551615,0,0.548828125,664.39599609375,415.19598388671875,114.1842041015625,159.01895141601562,20250225-155400
257,18446744073709551615,0,0.91748046875,443.4327392578125,1.772918701171875,466.4414978027344,624.4815673828125,20250225-155400
257,18446744073709551615,0,0.9296875,87.59770202636719,437.13775634765625,1213.142333984375,979.244384765625,20250225-155400
258,18446744073709551615,0,0.263671875,661.4159545898438,1684.640625,83.6839599609375,85.55117797851562,20250225-155400
258,18446744073709551615,0,0.37841796875,616.0065307617188,1650.2677001953125,268.88836669921875,453.60992431640625,20250225-155400
258,18446744073709551615,0,0.4091796875,839.00537109375,1855.6629638671875,63.582275390625,235.57186889648438,20250225-155400
258,18446744073709551615,0,0.458984375,665.5211791992188,422.7745361328125,148.39389038085938,158.93161010742188,20250225-155400
258,18446744073709551615,0,0.494140625,624.3287353515625,1377.173828125,202.07977294921875,289.658203125,20250225-155400
258,18446744073709551615,0,0.5078125,650.8197021484375,699.1937255859375,76.67230224609375,42.86865234375,20250225-155400
258,18446744073709551615,0,0.62060546875,645.794189453125,549.602294921875,162.31800842285156,172.354248046875,20250225-155400
258,18446744073709551615,0,0.916015625,445.35223388671875,1.42364501953125,466.86346435546875,622.325927734375,20250225-155400
258,18446744073709551615,0,0.927734375,94.63943481445312,435.7327880859375,1215.260986328125,972.23583984375,20250225-155400
259,18446744073709551615,0,0.296630859375,660.5980224609375,1685.9794921875,81.331787109375,86.25439453125,20250225-155400
259,18446744073709551615,0,0.3583984375,650.67822265625,699.5330200195312,76.55694580078125,42.5328369140625,20250225-155400
259,18446744073709551615,0,0.39990234375,615.1085815429688,1649.4730224609375,267.30889892578125,245.6162109375,20250225-155400
259,18446744073709551615,0,0.43212890625,839.8134155273438,1856.2532958984375,63.09356689453125,235.02969360351562,20250225-155400
259,18446744073709551615,0,0.513671875,623.8526611328125,1378.1220703125,203.1357421875,291.47039794921875,20250225-155400
259,18446744073709551615,0,0.62158203125,664.2171020507812,439.3519592285156,144.53338623046875,161.177490234375,20250225-155400
259,18446744073709551615,0,0.7041015625,644.9324340820312,550.4196166992188,161.18614196777344,174.88421630859375,20250225-155400
259,18446744073709551615,0,0.912109375,443.6186828613281,1.5854644775390625,466.29205322265625,624.7860717773438,20250225-155400
259,18446744073709551615,0,0.9267578125,89.99647521972656,436.10650634765625,1214.853759765625,976.663330078125,20250225-155400
260,18446744073709551615,0,0.248046875,661.270751953125,1686.11572265625,81.2786865234375,86.35116577148438,20250225-155400
260,18446744073709551615,0,0.3583984375,616.271240234375,1647.9993896484375,269.17474365234375,319.98431396484375,20250225-155400
260,18446744073709551615,0,0.416748046875,650.55029296875,698.913330078125,76.77914428710938,42.757415771484375,20250225-155400
260,18446744073709551615,0,0.438720703125,836.6607055664062,1855.954833984375,63.302490234375,238.46017456054688,20250225-155400
260,18446744073709551615,0,0.62451171875,622.7867431640625,1375.64990234375,205.29290771484375,288.8760681152344,20250225-155400
260,18446744073709551615,0,0.74072265625,663.4348754882812,437.513427734375,146.97665405273438,161.66546630859375,20250225-155400
260,18446744073709551615,0,0.7705078125,645.5716552734375,550.1881103515625,160.00515747070312,174.59555053710938,20250225-155400
260,18446744073709551615,0,0.90673828125,441.54840087890625,1.398101806640625,467.0336608886719,627.1495361328125,20250225-155400
260,18446744073709551615,0,0.92529296875,92.4730224609375,436.23870849609375,1214.7724609375,974.1978149414062,20250225-155400
261,18446744073709551615,0,0.2120361328125,661.8883666992188,1682.3203125,86.10516357421875,88.67752075195312,20250225-155400
261,18446744073709551615,0,0.303955078125,650.4234619140625,698.9024658203125,76.75149536132812,42.6676025390625,20250225-155400
261,18446744073709551615,0,0.42822265625,615.966552734375,1648.4110107421875,269.14324951171875,321.16571044921875,20250225-155400
261,18446744073709551615,0,0.47265625,837.3284912109375,1856.325927734375,62.9322509765625,237.63262939453125,20250225-155400
261,18446744073709551615,0,0.5263671875,622.6224975585938,1374.6806640625,203.978759765625,286.49560546875,20250225-155400
261,18446744073709551615,0,0.626953125,663.2539672851562,434.7675476074219,143.63543701171875,161.22894287109375,20250225-155400
261,18446744073709551615,0,0.70556640625,644.6568603515625,549.4583740234375,160.86428833007812,176.82962036132812,20250225-155400
261,18446744073709551615,0,0.8486328125,629.5521240234375,194.94442749023438,256.91986083984375,334.7471923828125,20250225-155400
261,18446744073709551615,0,0.916015625,439.271484375,1.5938873291015625,467.73699951171875,629.0936279296875,20250225-155400
261,18446744073709551615,0,0.92724609375,88.93450927734375,435.49249267578125,1214.44921875,977.9593505859375,20250225-155400
262,18446744073709551615,0,0.235107421875,662.1124877929688,1684.5809326171875,83.75152587890625,86.08950805664062,20250225-155400
262,18446744073709551615,0,0.445556640625,837.8851318359375,1855.773193359375,63.66357421875,237.23062133789062,20250225-155400
262,18446744073709551615,0,0.448486328125,622.496826171875,1375.1488037109375,203.92236328125,283.61370849609375,20250225-155400
262,18446744073709551615,0,0.449462890625,615.9794921875,1648.2451171875,269.5927734375,321.13824462890625,20250225-155400
262,18446744073709551615,0,0.46484375,650.0773315429688,698.955322265625,77.39556884765625,41.791259765625,20250225-155400
262,18446744073709551615,0,0.62060546875,663.6681518554688,422.6847839355469,147.56996154785156,161.22518920898438,20250225-155400
262,18446744073709551615,0,0.6767578125,645.1390380859375,549.6215209960938,160.05862426757812,176.27801513671875,20250225-155400
262,18446744073709551615,0,0.80615234375,629.87841796875,196.30279541015625,257.12615966796875,335.5231018066406,20250225-155400
262,18446744073709551615,0,0.9140625,438.3551330566406,1.585418701171875,467.3712158203125,629.247802734375,20250225-155400
262,18446744073709551615,0,0.93017578125,89.59455871582031,436.11651611328125,1212.3131103515625,977.4375,20250225-155400
263,18446744073709551615,0,0.203125,661.9802856445312,1685.505615234375,83.34283447265625,84.80044555664062,20250225-155400
263,18446744073709551615,0,0.393310546875,838.0995483398438,1856.533935546875,62.8245849609375,236.93746948242188,20250225-155400
263,18446744073709551615,0,0.39990234375,615.3741455078125,1650.4189453125,268.80267333984375,454.62359619140625,20250225-155400
263,18446744073709551615,0,0.43212890625,650.944091796875,699.392578125,76.22332763671875,41.794921875,20250225-155400
263,18446744073709551615,0,0.450439453125,622.5239868164062,1375.8892822265625,203.154052734375,280.1941223144531,20250225-155400
263,18446744073709551615,0,0.62890625,664.538818359375,422.9043273925781,142.78125,159.16177368164062,20250225-155400
263,18446744073709551615,0,0.75830078125,645.0650024414062,549.3897705078125,159.8832550048828,176.50863647460938,20250225-155400
263,18446744073709551615,0,0.80908203125,630.139892578125,196.4607696533203,260.362548828125,336.11187744140625,20250225-155400
263,18446744073709551615,0,0.9150390625,437.24249267578125,1.57598876953125,467.7821044921875,630.9681396484375,20250225-155400
263,18446744073709551615,0,0.9306640625,89.36256408691406,435.32537841796875,1214.06103515625,977.4781494140625,20250225-155400
264,18446744073709551615,0,0.404541015625,838.0303955078125,1855.45166015625,63.810791015625,236.72003173828125,20250225-155400
264,18446744073709551615,0,0.45703125,616.0120849609375,1650.8704833984375,268.28778076171875,452.9813232421875,20250225-155400
264,18446744073709551615,0,0.5,650.4761962890625,699.566650390625,76.65325927734375,42.4017333984375,20250225-155400
264,18446744073709551615,0,0.5390625,624.1550903320312,1375.796142578125,204.01556396484375,288.15106201171875,20250225-155400
264,18446744073709551615,0,0.71484375,664.574951171875,418.8306884765625,143.86514282226562,159.78057861328125,20250225-155400
264,18446744073709551615,0,0.77392578125,645.1433715820312,549.302001953125,160.95396423339844,176.96072387695312,20250225-155400
264,18446744073709551615,0,0.8173828125,635.0494995117188,195.54359436035156,260.971923828125,338.0807189941406,20250225-155400
264,18446744073709551615,0,0.91650390625,436.8775634765625,1.764129638671875,467.3934631347656,631.0419921875,20250225-155400
264,18446744073709551615,0,0.9287109375,94.48869323730469,435.58843994140625,1213.7801513671875,972.3680419921875,20250225-155400
265,18446744073709551615,0,0.2017822265625,661.44091796875,1682.9970703125,86.0621337890625,88.0557861328125,20250225-155400
265,18446744073709551615,0,0.400634765625,837.2400512695312,1855.592529296875,63.7650146484375,237.7862548828125,20250225-155400
265,18446744073709551615,0,0.451416015625,615.8215942382812,1651.5673828125,267.35101318359375,453.6422424316406,20250225-155400
265,18446744073709551615,0,0.552734375,650.2377319335938,701.310791015625,76.1015625,43.01953125,20250225-155400
265,18446744073709551615,0,0.638671875,623.0350341796875,1375.0830078125,204.18658447265625,286.99676513671875,20250225-155400
265,18446744073709551615,0,0.70166015625,664.38720703125,418.82861328125,142.17572021484375,159.15756225585938,20250225-155400
265,18446744073709551615,0,0.7646484375,644.413818359375,549.2874755859375,161.02386474609375,177.32391357421875,20250225-155400
265,18446744073709551615,0,0.8388671875,629.2996215820312,195.66407775878906,257.8922424316406,335.6675720214844,20250225-155400
265,18446744073709551615,0,0.916015625,436.496337890625,1.949432373046875,467.0589294433594,631.5650024414062,20250225-155400
265,18446744073709551615,0,0.92822265625,96.43698120117188,435.2801513671875,1215.9254150390625,970.1845092773438,20250225-155400
266,18446744073709551615,0,0.2186279296875,662.10791015625,1683.098876953125,85.09954833984375,87.72409057617188,20250225-155400
266,18446744073709551615,0,0.375732421875,615.6813354492188,1652.6986083984375,266.4180908203125,454.63165283203125,20250225-155400
266,18446744073709551615,0,0.42724609375,838.0259399414062,1856.5777587890625,62.76873779296875,237.16415405273438,20250225-155400
266,18446744073709551615,0,0.56298828125,663.3777465820312,421.05670166015625,139.52064514160156,156.43679809570312,20250225-155400
266,18446744073709551615,0,0.56494140625,650.1216430664062,700.492431640625,78.4134521484375,43.101837158203125,20250225-155400
266,18446744073709551615,0,0.59814453125,622.5096435546875,1373.3236083984375,204.7100830078125,285.38067626953125,20250225-155400
266,18446744073709551615,0,0.61328125,644.3416748046875,548.1815185546875,161.83676147460938,177.0091552734375,20250225-155400
266,18446744073709551615,0,0.84521484375,629.4649658203125,196.03468322753906,256.589111328125,332.7104187011719,20250225-155400
266,18446744073709551615,0,0.91552734375,435.0387268066406,1.57012939453125,467.0423583984375,633.410888671875,20250225-155400
266,18446744073709551615,0,0.92724609375,96.2808837890625,433.8489990234375,1216.522705078125,970.494140625,20250225-155400
267,18446744073709551615,0,0.435791015625,836.477783203125,1856.802978515625,62.654296875,238.88909912109375,20250225-155400
267,18446744073709551615,0,0.446533203125,615.6879272460938,1652.5506591796875,266.54095458984375,454.3414306640625,20250225-155400
267,18446744073709551615,0,0.53515625,649.8680419921875,698.9661254882812,79.81365966796875,42.689666748046875,20250225-155400
267,18446744073709551615,0,0.56787109375,622.5673828125,1373.881103515625,205.99273681640625,287.16046142578125,20250225-155400
267,18446744073709551615,0,0.6875,664.119873046875,417.91790771484375,142.58148193359375,159.35440063476562,20250225-155400
267,18446744073709551615,0,0.7373046875,644.4164428710938,549.2909545898438,159.26417541503906,176.49810791015625,20250225-155400
267,18446744073709551615,0,0.84521484375,629.4658813476562,198.8382568359375,252.42288208007812,335.24102783203125,20250225-155400
267,18446744073709551615,0,0.91650390625,433.76751708984375,1.5758056640625,467.79437255859375,634.4354248046875,20250225-155400
267,18446744073709551615,0,0.92529296875,96.48568725585938,433.6190185546875,1217.4210205078125,970.3040771484375,20250225-155400
268,18446744073709551615,0,0.376708984375,614.6861572265625,1650.510498046875,266.16558837890625,226.46905517578125,20250225-155400
268,18446744073709551615,0,0.450439453125,837.1924438476562,1856.7169189453125,62.64276123046875,237.92056274414062,20250225-155400
268,18446744073709551615,0,0.533203125,623.9974365234375,1374.81494140625,205.82830810546875,287.8651428222656,20250225-155400
268,18446744073709551615,0,0.640625,651.8153686523438,701.05908203125,79.73858642578125,40.54339599609375,20250225-155400
268,18446744073709551615,0,0.66357421875,664.90283203125,417.19207763671875,144.2860107421875,159.46490478515625,20250225-155400
268,18446744073709551615,0,0.66552734375,644.9880981445312,548.3171997070312,159.48330688476562,176.3331298828125,20250225-155400
268,18446744073709551615,0,0.8408203125,629.6380004882812,198.83885192871094,256.162841796875,343.2027282714844,20250225-155400
268,18446744073709551615,0,0.91259765625,435.0277404785156,1.38006591796875,469.0454406738281,633.4266357421875,20250225-155400
268,18446744073709551615,0,0.9267578125,91.81745910644531,433.89178466796875,1216.2861328125,975.10107421875,20250225-155400
269,18446744073709551615,0,0.2100830078125,661.4302368164062,1685.939208984375,81.49090576171875,85.91702270507812,20250225-155400
269,18446744073709551615,0,0.3857421875,615.5480346679688,1650.17431640625,268.80230712890625,454.6951904296875,20250225-155400
269,18446744073709551615,0,0.42529296875,836.419189453125,1856.64990234375,62.70831298828125,238.60968017578125,20250225-155400
269,18446744073709551615,0,0.5380859375,622.6591796875,1374.7547607421875,205.546142578125,283.393798828125,20250225-155400
269,18446744073709551615,0,0.63525390625,652.7288818359375,701.5009765625,79.62313842773438,40.207763671875,20250225-155400
269,18446744073709551615,0,0.67578125,664.7371826171875,417.8421936035156,147.30075073242188,161.02899169921875,20250225-155400
269,18446744073709551615,0,0.77587890625,645.0576782226562,549.092529296875,158.79904174804688,175.93844604492188,20250225-155400
269,18446744073709551615,0,0.8408203125,629.6412963867188,198.7565460205078,257.0292663574219,346.3889465332031,20250225-155400
269,18446744073709551615,0,0.9130859375,434.861572265625,1.5737457275390625,469.22955322265625,633.0377197265625,20250225-155400
269,18446744073709551615,0,0.92919921875,88.73043823242188,436.9962158203125,1213.3472900390625,978.340576171875,20250225-155400
270,18446744073709551615,0,0.273681640625,661.4053344726562,1687.38427734375,79.75872802734375,85.66644287109375,20250225-155400
270,18446744073709551615,0,0.39990234375,835.5796508789062,1856.5477294921875,62.81195068359375,239.35848999023438,20250225-155400
270,18446744073709551615,0,0.454345703125,615.8757934570312,1650.076416015625,269.0240478515625,453.5792541503906,20250225-155400
270,18446744073709551615,0,0.61767578125,652.865478515625,703.3024291992188,78.81271362304688,39.49530029296875,20250225-155400
270,18446744073709551615,0,0.640625,622.613525390625,1375.94775390625,205.28192138671875,288.6763916015625,20250225-155400
270,18446744073709551615,0,0.70654296875,664.298583984375,418.1234436035156,143.42330932617188,161.70703125,20250225-155400
270,18446744073709551615,0,0.7822265625,645.2177124023438,549.219970703125,160.90667724609375,176.81808471679688,20250225-155400
270,18446744073709551615,0,0.830078125,629.3750610351562,197.79144287109375,259.2849426269531,343.6447448730469,20250225-155400
270,18446744073709551615,0,0.91064453125,432.69085693359375,1.379791259765625,469.56817626953125,635.287841796875,20250225-155400
270,18446744073709551615,0,0.92529296875,102.2750244140625,434.65460205078125,1215.670166015625,964.6204833984375,20250225-155400
271,18446744073709551615,0,0.22607421875,661.2930908203125,1686.814208984375,80.959716796875,86.37496948242188,20250225-155400
271,18446744073709551615,0,0.385009765625,615.375732421875,1649.5601806640625,269.40911865234375,454.1510009765625,20250225-155400
271,18446744073709551615,0,0.414794921875,836.7892456054688,1857.0135498046875,62.33514404296875,238.23294067382812,20250225-155400
271,18446744073709551615,0,0.46484375,622.6126098632812,1373.77392578125,206.13189697265625,286.0600891113281,20250225-155400
271,18446744073709551615,0,0.5322265625,663.9834594726562,425.5461730957031,139.9470977783203,160.78317260742188,20250225-155400
271,18446744073709551615,0,0.6591796875,653.3587646484375,704.1754150390625,79.42117309570312,37.438568115234375,20250225-155400
271,18446744073709551615,0,0.6826171875,645.3841552734375,548.094482421875,162.4471893310547,176.14764404296875,20250225-155400
271,18446744073709551615,0,0.794921875,629.0821533203125,200.95065307617188,249.34327697753906,337.37109375,20250225-155400
271,18446744073709551615,0,0.91650390625,434.6817626953125,1.582763671875,467.3755187988281,632.8428955078125,20250225-155400
271,18446744073709551615,0,0.92431640625,100.39398193359375,434.203125,1215.8543701171875,966.3429565429688,20250225-155400
272,18446744073709551615,0,0.218017578125,661.3782348632812,1686.7115478515625,81.26312255859375,85.2769775390625,20250225-155400
272,18446744073709551615,0,0.376708984375,615.2728271484375,1648.182861328125,269.09014892578125,316.7784118652344,20250225-155400
272,18446744073709551615,0,0.43505859375,836.8341064453125,1856.764892578125,62.57537841796875,238.19219970703125,20250225-155400
272,18446744073709551615,0,0.53515625,622.1603393554688,1370.379150390625,208.32293701171875,284.2533874511719,20250225-155400
272,18446744073709551615,0,0.640625,663.683349609375,421.8045959472656,142.7490692138672,160.99594116210938,20250225-155400
272,18446744073709551615,0,0.6689453125,653.7405395507812,705.7164916992188,77.9871826171875,36.646087646484375,20250225-155400
272,18446744073709551615,0,0.69677734375,645.6978759765625,548.0381469726562,162.40736389160156,175.78948974609375,20250225-155400
272,18446744073709551615,0,0.83544921875,628.7312622070312,202.2220916748047,249.67002868652344,344.7609558105469,20250225-155400
272,18446744073709551615,0,0.91796875,433.96875,1.76385498046875,466.661865234375,633.1162109375,20250225-155400
272,18446744073709551615,0,0.92333984375,102.344970703125,434.20208740234375,1216.2960205078125,964.5743408203125,20250225-155400
273,18446744073709551615,0,0.272705078125,661.3232421875,1684.9482421875,82.33026123046875,85.45458984375,20250225-155400
273,18446744073709551615,0,0.4111328125,836.6121826171875,1856.314697265625,63.0443115234375,238.4197998046875,20250225-155400
273,18446744073709551615,0,0.43017578125,615.9805297851562,1650.06494140625,269.0504150390625,453.1512451171875,20250225-155400
273,18446744073709551615,0,0.4951171875,623.6771850585938,1374.228271484375,209.64715576171875,291.8769836425781,20250225-155400
273,18446744073709551615,0,0.57861328125,664.24951171875,430.2122802734375,139.07162475585938,159.42984008789062,20250225-155400
273,18446744073709551615,0,0.64794921875,653.8775024414062,706.5942993164062,79.622314453125,36.567169189453125,20250225-155400
273,18446744073709551615,0,0.68017578125,645.7705078125,548.1157836914062,163.29286193847656,175.7314453125,20250225-155400
273,18446744073709551615,0,0.82861328125,628.4280395507812,202.34051513671875,250.72164916992188,344.91815185546875,20250225-155400
273,18446744073709551615,0,0.91796875,434.1485595703125,1.571502685546875,468.6795959472656,633.3994140625,20250225-155400
273,18446744073709551615,0,0.92578125,93.72038269042969,434.40234375,1216.161865234375,973.04443359375,20250225-155400
274,18446744073709551615,0,0.26513671875,660.6185302734375,1686.8668212890625,79.68731689453125,91.33163452148438,20250225-155400
274,18446744073709551615,0,0.369384765625,614.8692626953125,1648.912353515625,267.96148681640625,255.027099609375,20250225-155400
274,18446744073709551615,0,0.38037109375,622.6294555664062,1373.26806640625,207.20196533203125,289.4200744628906,20250225-155400
274,18446744073709551615,0,0.455078125,836.5233764648438,1855.9053955078125,63.448974609375,238.50814819335938,20250225-155400
274,18446744073709551615,0,0.63427734375,654.134033203125,707.5445556640625,79.50540161132812,36.364654541015625,20250225-155400
274,18446744073709551615,0,0.658203125,664.6453857421875,423.3948974609375,145.85769653320312,161.30538940429688,20250225-155400
274,18446744073709551615,0,0.7392578125,646.669189453125,548.192138671875,163.19297790527344,176.1932373046875,20250225-155400
274,18446744073709551615,0,0.82080078125,628.3507690429688,204.0977783203125,249.703125,346.2089538574219,20250225-155400
274,18446744073709551615,0,0.91796875,435.59527587890625,1.5734710693359375,468.11566162109375,631.7578125,20250225-155400
274,18446744073709551615,0,0.92529296875,85.3985595703125,434.79547119140625,1215.76953125,981.3784790039062,20250225-155400
275,18446744073709551615,0,0.223388671875,661.4910278320312,1685.4129638671875,82.8046875,85.39581298828125,20250225-155400
275,18446744073709551615,0,0.36474609375,615.3499145507812,1649.416259765625,269.61749267578125,455.0943603515625,20250225-155400
275,18446744073709551615,0,0.401611328125,836.5918579101562,1855.3388671875,64.029052734375,238.28329467773438,20250225-155400
275,18446744073709551615,0,0.57080078125,622.2496948242188,1372.1810302734375,208.43499755859375,296.1025085449219,20250225-155400
275,18446744073709551615,0,0.60595703125,646.4534912109375,547.7049560546875,163.46617126464844,176.66702270507812,20250225-155400
275,18446744073709551615,0,0.630859375,654.5033569335938,708.00146484375,80.53326416015625,36.552520751953125,20250225-155400
275,18446744073709551615,0,0.64404296875,664.1669311523438,421.00616455078125,144.4493865966797,159.66366577148438,20250225-155400
275,18446744073709551615,0,0.8349609375,627.5289916992188,204.23455810546875,251.37835693359375,351.7627258300781,20250225-155400
275,18446744073709551615,0,0.9189453125,433.789306640625,1.5702667236328125,468.647216796875,633.3646240234375,20250225-155400
275,18446744073709551615,0,0.9228515625,84.43299865722656,433.26397705078125,1218.275634765625,982.42236328125,20250225-155400
276,18446744073709551615,0,0.2239990234375,661.3815307617188,1685.73046875,82.01495361328125,84.62777709960938,20250225-155400
276,18446744073709551615,0,0.400634765625,836.9782104492188,1854.948974609375,64.4124755859375,238.07025146484375,20250225-155400
276,18446744073709551615,0,0.4599609375,615.685546875,1650.65185546875,268.44964599609375,453.93182373046875,20250225-155400
276,18446744073709551615,0,0.478515625,622.4317626953125,1371.7547607421875,209.7183837890625,292.93341064453125,20250225-155400
276,18446744073709551615,0,0.57373046875,654.845703125,707.7003173828125,81.72628784179688,38.073486328125,20250225-155400
276,18446744073709551615,0,0.7138671875,664.168212890625,417.2994689941406,145.9698944091797,160.78582763671875,20250225-155400
276,18446744073709551615,0,0.78271484375,646.3818969726562,549.0140991210938,162.0867462158203,175.8907470703125,20250225-155400
276,18446744073709551615,0,0.826171875,626.6240234375,203.62220764160156,250.14418029785156,341.9359130859375,20250225-155400
276,18446744073709551615,0,0.91650390625,434.139404296875,1.3847808837890625,467.91387939453125,633.187744140625,20250225-155400
276,18446744073709551615,0,0.92578125,84.50028991699219,434.85626220703125,1216.109375,982.352783203125,20250225-155400
277,18446744073709551615,0,0.2421875,661.3570556640625,1685.894775390625,81.697265625,84.82562255859375,20250225-155400
277,18446744073709551615,0,0.393310546875,837.4808349609375,1854.845703125,64.5223388671875,237.4698486328125,20250225-155400
277,18446744073709551615,0,0.412109375,615.9864501953125,1650.9180908203125,268.20245361328125,454.03271484375,20250225-155400
277,18446744073709551615,0,0.48828125,622.997314453125,1374.149169921875,210.1527099609375,298.5422058105469,20250225-155400
277,18446744073709551615,0,0.6298828125,655.3533325195312,711.4461669921875,79.5406494140625,35.052703857421875,20250225-155400
277,18446744073709551615,0,0.72412109375,664.6282958984375,415.20941162109375,145.4981231689453,160.42913818359375,20250225-155400
277,18446744073709551615,0,0.75634765625,646.1515502929688,548.5479736328125,163.8072509765625,176.56732177734375,20250225-155400
277,18446744073709551615,0,0.83837890625,626.4635009765625,203.07550048828125,246.47964477539062,339.75531005859375,20250225-155400
277,18446744073709551615,0,0.91796875,433.0602722167969,1.7593231201171875,469.5541076660156,634.3077392578125,20250225-155400
277,18446744073709551615,0,0.923828125,81.10281372070312,433.612060546875,1216.9478759765625,985.8074340820312,20250225-155400
278,18446744073709551615,0,0.2239990234375,661.1519165039062,1682.73193359375,85.60382080078125,87.55361938476562,20250225-155400
278,18446744073709551615,0,0.39501953125,614.7507934570312,1649.527587890625,267.06243896484375,244.65866088867188,20250225-155400
278,18446744073709551615,0,0.42529296875,836.8723754882812,1853.7205810546875,65.62445068359375,237.990234375,20250225-155400
278,18446744073709551615,0,0.5234375,664.3770751953125,420.5697326660156,139.76751708984375,126.05419921875,20250225-155400
278,18446744073709551615,0,0.5244140625,623.468994140625,1374.4443359375,208.1656494140625,290.8420715332031,20250225-155400
278,18446744073709551615,0,0.6123046875,655.639892578125,713.06005859375,78.92706298828125,34.03509521484375,20250225-155400
278,18446744073709551615,0,0.7529296875,646.3632202148438,548.76904296875,165.12103271484375,176.408203125,20250225-155400
278,18446744073709551615,0,0.83935546875,626.4655151367188,202.76756286621094,247.22776794433594,339.3344421386719,20250225-155400
278,18446744073709551615,0,0.92041015625,433.24383544921875,1.57562255859375,468.81500244140625,633.7137451171875,20250225-155400
278,18446744073709551615,0,0.9228515625,95.82843017578125,435.95562744140625,1215.8726806640625,971.0048217773438,20250225-155400
279,18446744073709551615,0,0.201171875,660.7542724609375,1685.7718505859375,82.67120361328125,86.47265625,20250225-155400
279,18446744073709551615,0,0.42919921875,614.9207153320312,1648.5772705078125,267.55023193359375,215.61099243164062,20250225-155400
279,18446744073709551615,0,0.43115234375,835.182861328125,1853.626708984375,65.8106689453125,239.68130493164062,20250225-155400
279,18446744073709551615,0,0.57861328125,622.573974609375,1371.2091064453125,210.920654296875,287.8348388671875,20250225-155400
279,18446744073709551615,0,0.6376953125,655.5195922851562,713.631103515625,79.06256103515625,35.38751220703125,20250225-155400
279,18446744073709551615,0,0.76220703125,664.9290161132812,417.5404357910156,143.3632049560547,160.6212158203125,20250225-155400
279,18446744073709551615,0,0.8056640625,645.9766845703125,549.2483520507812,164.45745849609375,176.55010986328125,20250225-155400
279,18446744073709551615,0,0.83837890625,626.5361938476562,202.69180297851562,250.1220703125,343.1077880859375,20250225-155400
279,18446744073709551615,0,0.91943359375,434.86651611328125,1.56939697265625,468.85638427734375,632.3604736328125,20250225-155400
279,18446744073709551615,0,0.92626953125,92.48675537109375,436.69573974609375,1214.300048828125,974.4625854492188,20250225-155400
280,18446744073709551615,0,0.202392578125,661.5723876953125,1682.749755859375,86.0767822265625,85.23980712890625,20250225-155400
280,18446744073709551615,0,0.3896484375,614.7515258789062,1649.0936279296875,267.22430419921875,243.17587280273438,20250225-155400
280,18446744073709551615,0,0.440673828125,835.3809814453125,1854.392578125,64.95703125,239.58041381835938,20250225-155400
280,18446744073709551615,0,0.58203125,622.5101318359375,1373.706787109375,207.92266845703125,289.4564208984375,20250225-155400
280,18446744073709551615,0,0.64599609375,655.3980712890625,713.7740478515625,81.72528076171875,35.78521728515625,20250225-155400
280,18446744073709551615,0,0.72119140625,665.6141967773438,428.9989013671875,137.10438537597656,160.23330688476562,20250225-155400
280,18446744073709551615,0,0.80126953125,646.4381103515625,547.5350341796875,165.89108276367188,175.73153686523438,20250225-155400
280,18446744073709551615,0,0.84228515625,626.8588256835938,201.84278869628906,251.5067138671875,345.99517822265625,20250225-155400
280,18446744073709551615,0,0.91748046875,436.6932678222656,1.571502685546875,469.0108337402344,630.708984375,20250225-155400
280,18446744073709551615,0,0.923828125,89.75482177734375,436.32183837890625,1215.03515625,977.135009765625,20250225-155400
281,18446744073709551615,0,0.37744140625,615.5738525390625,1647.2252197265625,270.4112548828125,311.0212097167969,20250225-155400
281,18446744073709551615,0,0.440673828125,623.6282958984375,1374.896240234375,210.10638427734375,293.10699462890625,20250225-155400
281,18446744073709551615,0,0.5166015625,836.2452392578125,1854.1812744140625,65.14654541015625,238.71286010742188,20250225-155400
281,18446744073709551615,0,0.5556640625,664.71923828125,431.9259338378906,138.3720703125,162.536865234375,20250225-155400
281,18446744073709551615,0,0.61669921875,655.3606567382812,713.7362060546875,82.19110107421875,35.592681884765625,20250225-155400
281,18446744073709551615,0,0.7392578125,646.138671875,548.6109008789062,164.70904541015625,176.224365234375,20250225-155400
281,18446744073709551615,0,0.81396484375,626.6127319335938,202.27047729492188,251.82728576660156,341.76177978515625,20250225-155400
281,18446744073709551615,0,0.9208984375,436.31414794921875,1.401947021484375,469.1930236816406,631.294677734375,20250225-155400
281,18446744073709551615,0,0.92236328125,82.93972778320312,435.41241455078125,1216.0546875,983.6929321289062,20250225-155400
282,18446744073709551615,0,0.391357421875,615.8038330078125,1647.569091796875,269.783203125,312.3258361816406,20250225-155400
282,18446744073709551615,0,0.462890625,624.1856689453125,1376.0511474609375,207.9990234375,289.0081787109375,20250225-155400
282,18446744073709551615,0,0.513671875,835.0682373046875,1854.4365234375,64.9969482421875,239.97555541992188,20250225-155400
282,18446744073709551615,0,0.6279296875,664.6690063476562,428.7735900878906,140.50254821777344,162.2545166015625,20250225-155400
282,18446744073709551615,0,0.63427734375,655.2813720703125,713.3930053710938,82.9566650390625,36.46270751953125,20250225-155400
282,18446744073709551615,0,0.689453125,646.4485473632812,547.704833984375,165.42979431152344,176.00875854492188,20250225-155400
282,18446744073709551615,0,0.8349609375,626.4642333984375,202.31007385253906,254.0830078125,348.20361328125,20250225-155400
282,18446744073709551615,0,0.9169921875,437.417724609375,1.5791015625,469.8928527832031,630.1737060546875,20250225-155400
282,18446744073709551615,0,0.92529296875,85.81292724609375,434.88031005859375,1216.336669921875,980.9871826171875,20250225-155400
283,18446744073709551615,0,0.390380859375,615.66650390625,1647.6654052734375,269.88153076171875,313.658935546875,20250225-155400
283,18446744073709551615,0,0.4619140625,622.6217651367188,1373.6971435546875,206.3880615234375,284.7000732421875,20250225-155400
283,18446744073709551615,0,0.4970703125,835.8985595703125,1854.834228515625,64.59979248046875,238.97003173828125,20250225-155400
283,18446744073709551615,0,0.6494140625,655.16162109375,713.4944458007812,82.67138671875,36.372161865234375,20250225-155400
283,18446744073709551615,0,0.68603515625,664.5157470703125,428.1354675292969,140.3433380126953,161.01837158203125,20250225-155400
283,18446744073709551615,0,0.7861328125,646.8905639648438,548.5556030273438,164.52667236328125,175.57461547851562,20250225-155400
283,18446744073709551615,0,0.85546875,627.1011962890625,200.24853515625,247.4429168701172,335.553955078125,20250225-155400
283,18446744073709551615,0,0.916015625,437.4320068359375,1.5760345458984375,469.928466796875,630.2462768554688,20250225-155400
283,18446744073709551615,0,0.92626953125,80.65388488769531,436.8343505859375,1211.468505859375,986.287353515625,20250225-155400
284,18446744073709551615,0,0.2274169921875,660.8204956054688,1686.024169921875,81.51031494140625,87.580078125,20250225-155400
284,18446744073709551615,0,0.415771484375,615.6926879882812,1649.50048828125,269.67205810546875,454.64483642578125,20250225-155400
284,18446744073709551615,0,0.48046875,835.7340087890625,1854.3988037109375,64.9423828125,239.03182983398438,20250225-155400
284,18446744073709551615,0,0.48828125,623.4054565429688,1374.3541259765625,205.9581298828125,285.1566467285156,20250225-155400
284,18446744073709551615,0,0.63525390625,646.8251953125,547.9195556640625,165.0428009033203,176.75537109375,20250225-155400
284,18446744073709551615,0,0.642578125,664.9959716796875,420.54144287109375,144.49676513671875,160.24969482421875,20250225-155400
284,18446744073709551615,0,0.6533203125,655.1603393554688,712.7601318359375,82.93588256835938,37.176544189453125,20250225-155400
284,18446744073709551615,0,0.84521484375,626.6969604492188,199.15475463867188,252.83560180664062,344.5697937011719,20250225-155400
284,18446744073709551615,0,0.916015625,439.6632385253906,1.57818603515625,468.645263671875,628.0338134765625,20250225-155400
284,18446744073709551615,0,0.92919921875,91.30828857421875,435.19097900390625,1213.42138671875,975.35595703125,20250225-155400
285,18446744073709551615,0,0.234375,661.2009887695312,1685.417724609375,81.73846435546875,86.65310668945312,20250225-155401
285,18446744073709551615,0,0.382080078125,616.1687622070312,1649.4027099609375,269.753173828125,453.8008117675781,20250225-155401
285,18446744073709551615,0,0.4580078125,835.41259765625,1854.1497802734375,65.18206787109375,239.35546875,20250225-155401
285,18446744073709551615,0,0.56103515625,623.2637329101562,1376.6436767578125,204.65167236328125,290.0018005371094,20250225-155401
285,18446744073709551615,0,0.56396484375,664.4185180664062,419.5704345703125,148.05587768554688,160.59255981445312,20250225-155401
285,18446744073709551615,0,0.609375,646.8984375,547.785400390625,165.4420623779297,175.99209594726562,20250225-155401
285,18446744073709551615,0,0.61669921875,654.5407104492188,712.9775390625,82.806884765625,37.3736572265625,20250225-155401
285,18446744073709551615,0,0.84912109375,627.1036376953125,198.53402709960938,249.92385864257812,338.1843566894531,20250225-155401
285,18446744073709551615,0,0.9140625,443.98828125,1.3901824951171875,466.8446044921875,624.0492553710938,20250225-155401
285,18446744073709551615,0,0.92626953125,88.6820068359375,435.39837646484375,1213.9193115234375,977.9229125976562,20250225-155401
286,18446744073709551615,0,0.230224609375,660.491455078125,1686.6873779296875,79.31597900390625,91.40249633789062,20250225-155401
286,18446744073709551615,0,0.361083984375,615.2188110351562,1649.531982421875,267.15838623046875,229.39041137695312,20250225-155401
286,18446744073709551615,0,0.48046875,835.8045043945312,1854.3797607421875,65.04986572265625,239.06350708007812,20250225-155401
286,18446744073709551615,0,0.52734375,622.813232421875,1375.1510009765625,204.9342041015625,289.18194580078125,20250225-155401
286,18446744073709551615,0,0.609375,654.3160400390625,713.4281616210938,82.78802490234375,37.223236083984375,20250225-155401
286,18446744073709551615,0,0.69580078125,664.1962280273438,425.367919921875,143.73284912109375,161.84500122070312,20250225-155401
286,18446744073709551615,0,0.7822265625,646.9722290039062,549.3994140625,163.84707641601562,175.83865356445312,20250225-155401
286,18446744073709551615,0,0.84912109375,627.357421875,196.5688934326172,254.24588012695312,341.9102783203125,20250225-155401
286,18446744073709551615,0,0.916015625,445.3165283203125,1.5771331787109375,465.9298095703125,622.78125,20250225-155401
286,18446744073709551615,0,0.92529296875,94.2901611328125,437.7791748046875,1211.720458984375,972.4524536132812,20250225-155401
287,18446744073709551615,0,0.352294921875,660.2719116210938,1687.5545654296875,78.14154052734375,91.11868286132812,20250225-155401
287,18446744073709551615,0,0.47265625,615.1481323242188,1651.916259765625,266.9571533203125,312.8458557128906,20250225-155401
287,18446744073709551615,0,0.4970703125,622.5682373046875,1372.92333984375,207.7408447265625,286.6519775390625,20250225-155401
287,18446744073709551615,0,0.5146484375,835.0065307617188,1854.1871337890625,65.24212646484375,240.05410766601562,20250225-155401
287,18446744073709551615,0,0.62451171875,653.81396484375,714.5498046875,81.6097412109375,37.914276123046875,20250225-155401
287,18446744073709551615,0,0.642578125,664.0555419921875,431.3614196777344,139.16473388671875,160.54742431640625,20250225-155401
287,18446744073709551615,0,0.75341796875,628.2767333984375,194.3133544921875,259.55767822265625,331.333740234375,20250225-155401
287,18446744073709551615,0,0.77783203125,647.0315551757812,549.014404296875,166.56610107421875,175.52114868164062,20250225-155401
287,18446744073709551615,0,0.9052734375,448.5479736328125,2.03338623046875,464.5456237792969,619.8239135742188,20250225-155401
287,18446744073709551615,0,0.92724609375,88.26287841796875,437.3843994140625,1212.2830810546875,978.6817016601562,20250225-155401
288,18446744073709551615,0,0.2998046875,661.319580078125,1686.7935791015625,79.71734619140625,86.457275390625,20250225-155401
288,18446744073709551615,0,0.4140625,615.89794921875,1646.7579345703125,270.40081787109375,312.7576904296875,20250225-155401
288,18446744073709551615,0,0.451416015625,622.625244140625,1374.624267578125,205.24163818359375,284.3293762207031,20250225-155401
288,18446744073709551615,0,0.525390625,835.4677734375,1855.0045166015625,64.32659912109375,239.3975830078125,20250225-155401
288,18446744073709551615,0,0.5927734375,664.7490234375,429.78076171875,139.689697265625,162.70962524414062,20250225-155401
288,18446744073709551615,0,0.62060546875,653.6431274414062,715.0742797851562,81.4493408203125,37.879302978515625,20250225-155401
288,18446744073709551615,0,0.77685546875,647.4684448242188,548.1947021484375,166.86181640625,175.26278686523438,20250225-155401
288,18446744073709551615,0,0.83740234375,628.1002807617188,196.2583465576172,255.15225219726562,333.71337890625,20250225-155401
288,18446744073709551615,0,0.9140625,447.9517822265625,1.2110595703125,463.71514892578125,620.7555541992188,20250225-155401
288,18446744073709551615,0,0.92724609375,90.56021118164062,436.69830322265625,1213.4912109375,976.3130493164062,20250225-155401
289,18446744073709551615,0,0.326904296875,660.9429931640625,1686.1373291015625,81.09979248046875,86.01361083984375,20250225-155401
289,18446744073709551615,0,0.381103515625,616.2280883789062,1648.41357421875,269.0189208984375,312.3186950683594,20250225-155401
289,18446744073709551615,0,0.521484375,835.7061767578125,1854.486572265625,64.82666015625,239.23681640625,20250225-155401
289,18446744073709551615,0,0.650390625,622.9868774414062,1373.28125,210.16204833984375,288.66650390625,20250225-155401
289,18446744073709551615,0,0.65673828125,653.4160766601562,716.5509033203125,80.87228393554688,37.781707763671875,20250225-155401
289,18446744073709551615,0,0.69921875,664.6012573242188,425.9773864746094,147.69676208496094,161.30960083007812,20250225-155401
289,18446744073709551615,0,0.81005859375,646.6478271484375,548.906982421875,166.16152954101562,175.77630615234375,20250225-155401
289,18446744073709551615,0,0.8447265625,628.783447265625,198.00389099121094,253.3710479736328,339.8441162109375,20250225-155401
289,18446744073709551615,0,0.90966796875,450.4339599609375,1.41522216796875,466.850341796875,617.617431640625,20250225-155401
289,18446744073709551615,0,0.9306640625,83.15304565429688,436.41815185546875,1214.0908203125,983.865966796875,20250225-155401
290,18446744073709551615,0,0.242919921875,661.1597900390625,1684.443359375,83.9359130859375,87.71786499023438,20250225-155401
290,18446744073709551615,0,0.375732421875,616.3436279296875,1650.8624267578125,268.04901123046875,453.135498046875,20250225-155401
290,18446744073709551615,0,0.4794921875,833.718994140625,1853.733642578125,65.6890869140625,241.4091796875,20250225-155401
290,18446744073709551615,0,0.60302734375,623.3294677734375,1373.4898681640625,208.56591796875,291.0927429199219,20250225-155401
290,18446744073709551615,0,0.6396484375,653.4786987304688,716.4107666015625,82.2257080078125,37.660125732421875,20250225-155401
290,18446744073709551615,0,0.71630859375,664.6452026367188,423.6105651855469,148.7248992919922,160.97406005859375,20250225-155401
290,18446744073709551615,0,0.8076171875,646.6494140625,549.1866455078125,165.65858459472656,175.65060424804688,20250225-155401
290,18446744073709551615,0,0.85546875,629.1273193359375,197.48162841796875,251.10731506347656,338.84490966796875,20250225-155401
290,18446744073709551615,0,0.91748046875,451.1443176269531,1.76715087890625,461.6307678222656,616.9412841796875,20250225-155401
290,18446744073709551615,0,0.931640625,81.33526611328125,438.700927734375,1211.521728515625,985.7748413085938,20250225-155401
291,18446744073709551615,0,0.422607421875,616.4467163085938,1648.2601318359375,268.90374755859375,303.6429748535156,20250225-155401
291,18446744073709551615,0,0.501953125,833.7298583984375,1854.162841796875,65.2503662109375,241.13067626953125,20250225-155401
291,18446744073709551615,0,0.642578125,653.2868041992188,717.5443725585938,81.78094482421875,37.5765380859375,20250225-155401
291,18446744073709551615,0,0.66259765625,623.616943359375,1371.61474609375,209.01068115234375,288.8426513671875,20250225-155401
291,18446744073709551615,0,0.7216796875,664.4656982421875,415.4156494140625,152.17483520507812,162.5474853515625,20250225-155401
291,18446744073709551615,0,0.783203125,647.1705322265625,549.1229248046875,165.87322998046875,174.8177490234375,20250225-155401
291,18446744073709551615,0,0.80615234375,630.0555419921875,195.52743530273438,251.32008361816406,336.69873046875,20250225-155401
291,18446744073709551615,0,0.9208984375,452.05426025390625,1.3976898193359375,460.9951171875,615.7662353515625,20250225-155401
291,18446744073709551615,0,0.92578125,94.35296630859375,437.229248046875,1214.425048828125,972.5938110351562,20250225-155401
292,18446744073709551615,0,0.20947265625,661.1687622070312,1680.3876953125,88.0975341796875,88.25006103515625,20250225-155401
292,18446744073709551615,0,0.316650390625,616.1356201171875,1649.68505859375,267.55096435546875,299.5853576660156,20250225-155401
292,18446744073709551615,0,0.4921875,832.7865600585938,1854.041015625,65.36993408203125,241.99337768554688,20250225-155401
292,18446744073709551615,0,0.62890625,623.1718139648438,1371.653076171875,210.06463623046875,290.0658874511719,20250225-155401
292,18446744073709551615,0,0.6748046875,653.316650390625,717.636962890625,81.46371459960938,37.87646484375,20250225-155401
292,18446744073709551615,0,0.67919921875,664.8367309570312,414.77520751953125,149.04391479492188,160.05825805664062,20250225-155401
292,18446744073709551615,0,0.78515625,647.0883178710938,549.6431884765625,165.0267791748047,175.14129638671875,20250225-155401
292,18446744073709551615,0,0.91796875,450.7745361328125,1.78125,460.4693298339844,616.5078125,20250225-155401
292,18446744073709551615,0,0.93115234375,80.70941162109375,437.773681640625,1214.021484375,986.47265625,20250225-155401
293,18446744073709551615,0,0.25537109375,661.705810546875,1685.27880859375,81.931640625,85.27120971679688,20250225-155401
293,18446744073709551615,0,0.346923828125,615.9175415039062,1649.5594482421875,267.568359375,299.0845642089844,20250225-155401
293,18446744073709551615,0,0.359375,832.4247436523438,1851.2281494140625,68.25677490234375,242.40902709960938,20250225-155401
293,18446744073709551615,0,0.60009765625,663.8080444335938,417.1083984375,144.61280822753906,161.24899291992188,20250225-155401
293,18446744073709551615,0,0.64404296875,653.3801879882812,717.4791259765625,82.213623046875,37.887176513671875,20250225-155401
293,18446744073709551615,0,0.650390625,622.5714111328125,1374.0926513671875,208.6270751953125,291.0552062988281,20250225-155401
293,18446744073709551615,0,0.68359375,646.8026733398438,547.9444580078125,166.259033203125,175.83251953125,20250225-155401
293,18446744073709551615,0,0.7958984375,629.6202392578125,196.4989013671875,251.26739501953125,334.9904479980469,20250225-155401
293,18446744073709551615,0,0.91943359375,452.05206298828125,1.5990142822265625,459.11712646484375,616.40234375,20250225-155401
293,18446744073709551615,0,0.92919921875,84.9049072265625,435.4332275390625,1215.8310546875,982.3046264648438,20250225-155401
294,18446744073709551615,0,0.24072265625,660.9710083007812,1685.04931640625,82.80120849609375,86.3294677734375,20250225-155401
294,18446744073709551615,0,0.35302734375,615.1387939453125,1651.315185546875,264.9400634765625,185.17510986328125,20250225-155401
294,18446744073709551615,0,0.38671875,829.787109375,1851.448486328125,68.0357666015625,245.06442260742188,20250225-155401
294,18446744073709551615,0,0.4853515625,622.1984252929688,1371.9620361328125,206.8333740234375,282.7559509277344,20250225-155401
294,18446744073709551615,0,0.6533203125,653.6083374023438,716.6233520507812,82.9259033203125,36.8822021484375,20250225-155401
294,18446744073709551615,0,0.69287109375,663.840087890625,417.9209289550781,143.97047424316406,162.52743530273438,20250225-155401
294,18446744073709551615,0,0.736328125,647.1778564453125,547.6261596679688,166.2572479248047,175.73739624023438,20250225-155401
294,18446744073709551615,0,0.8056640625,629.77880859375,194.79034423828125,250.66969299316406,334.087646484375,20250225-155401
294,18446744073709551615,0,0.91748046875,454.0632019042969,1.4088134765625,460.762939453125,614.4845581054688,20250225-155401
294,18446744073709551615,0,0.92919921875,87.5159912109375,435.76678466796875,1214.1529541015625,979.7171630859375,20250225-155401
295,18446744073709551615,0,0.2127685546875,660.6595458984375,1685.6004638671875,80.70062255859375,92.326904296875,20250225-155401
295,18446744073709551615,0,0.36376953125,831.4718017578125,1851.8828125,67.5098876953125,243.45794677734375,20250225-155401
295,18446744073709551615,0,0.384033203125,616.723388671875,1653.090576171875,263.2877197265625,208.65042114257812,20250225-155401
295,18446744073709551615,0,0.5458984375,622.74755859375,1372.3905029296875,207.51031494140625,285.7912902832031,20250225-155401
295,18446744073709551615,0,0.63427734375,654.358154296875,717.946533203125,82.33731079101562,36.097686767578125,20250225-155401
295,18446744073709551615,0,0.65673828125,664.4896240234375,417.4519958496094,141.7635040283203,160.37493896484375,20250225-155401
295,18446744073709551615,0,0.6826171875,646.9620361328125,547.859130859375,166.16102600097656,176.5045166015625,20250225-155401
295,18446744073709551615,0,0.7958984375,629.6262817382812,195.94052124023438,251.0390625,337.1139221191406,20250225-155401
295,18446744073709551615,0,0.9189453125,455.1545104980469,1.59613037109375,460.5760803222656,613.083251953125,20250225-155401
295,18446744073709551615,0,0.9306640625,104.5543212890625,436.4522705078125,1211.1199951171875,962.190673828125,20250225-155401
296,18446744073709551615,0,0.235107421875,660.0426635742188,1686.158203125,80.43804931640625,93.36163330078125,20250225-155401
296,18446744073709551615,0,0.388671875,617.6427612304688,1652.3111572265625,262.8570556640625,199.89999389648438,20250225-155401
296,18446744073709551615,0,0.48046875,830.5328369140625,1851.322265625,68.15423583984375,244.34454345703125,20250225-155401
296,18446744073709551615,0,0.51171875,664.0816040039062,418.8709716796875,139.8145294189453,160.10458374023438,20250225-155401
296,18446744073709551615,0,0.59619140625,648.5262451171875,550.2094116210938,164.6107177734375,177.0208740234375,20250225-155401
296,18446744073709551615,0,0.6396484375,623.811767578125,1373.5455322265625,212.8157958984375,292.7130432128906,20250225-155401
296,18446744073709551615,0,0.650390625,655.645751953125,718.4722900390625,83.5916748046875,35.483367919921875,20250225-155401
296,18446744073709551615,0,0.779296875,629.7877807617188,195.5034942626953,252.3094024658203,337.4526672363281,20250225-155401
296,18446744073709551615,0,0.9150390625,454.25811767578125,1.582122802734375,462.75042724609375,614.2503662109375,20250225-155401
296,18446744073709551615,0,0.92822265625,89.84976196289062,434.18878173828125,1216.695556640625,977.3448486328125,20250225-155401
297,18446744073709551615,0,0.5009765625,623.8547973632812,1373.044921875,204.3760986328125,280.3027038574219,20250225-155401
297,18446744073709551615,0,0.517578125,830.7423706054688,1849.4608154296875,69.92340087890625,243.96890258789062,20250225-155401
297,18446744073709551615,0,0.56201171875,615.771240234375,1649.892333984375,264.5782470703125,176.19580078125,20250225-155401
297,18446744073709551615,0,0.6611328125,664.7653198242188,418.644287109375,142.3190460205078,160.6944580078125,20250225-155401
297,18446744073709551615,0,0.6953125,655.40380859375,719.376708984375,82.7501220703125,35.8128662109375,20250225-155401
297,18446744073709551615,0,0.7099609375,647.4710083007812,548.0191040039062,166.48521423339844,175.56362915039062,20250225-155401
297,18446744073709551615,0,0.91259765625,456.7452392578125,1.5860595703125,461.3562927246094,612.1846923828125,20250225-155401
297,18446744073709551615,0,0.927734375,89.7015380859375,434.01544189453125,1216.9560546875,977.486572265625,20250225-155401
298,18446744073709551615,0,0.2193603515625,661.4417724609375,1685.572998046875,82.8892822265625,86.94680786132812,20250225-155401
298,18446744073709551615,0,0.42822265625,828.9671630859375,1847.8992919921875,71.46478271484375,245.96603393554688,20250225-155401
298,18446744073709551615,0,0.43115234375,617.18408203125,1651.1396484375,263.26629638671875,184.83343505859375,20250225-155401
298,18446744073709551615,0,0.529296875,623.595703125,1373.1324462890625,205.07427978515625,284.89691162109375,20250225-155401
298,18446744073709551615,0,0.68505859375,665.3365478515625,417.5123291015625,144.06976318359375,159.3958740234375,20250225-155401
298,18446744073709551615,0,0.68603515625,655.6065673828125,720.012451171875,82.32110595703125,35.734588623046875,20250225-155401
298,18446744073709551615,0,0.73193359375,647.6914672851562,547.820068359375,167.59950256347656,175.41586303710938,20250225-155401
298,18446744073709551615,0,0.9140625,456.2171630859375,1.581207275390625,461.37213134765625,612.567138671875,20250225-155401
298,18446744073709551615,0,0.9287109375,82.1455078125,434.20843505859375,1216.5589599609375,984.8911743164062,20250225-155401
299,18446744073709551615,0,0.42626953125,827.4464721679688,1848.4921875,70.9793701171875,247.77777099609375,20250225-155401
299,18446744073709551615,0,0.5146484375,616.8748168945312,1651.03271484375,264.71832275390625,230.00582885742188,20250225-155401
299,18446744073709551615,0,0.6142578125,624.5,1374.19580078125,205.7603759765625,287.44775390625,20250225-155401
299,18446744073709551615,0,0.681640625,655.40478515625,719.818115234375,82.67568969726562,36.0904541015625,20250225-155401
299,18446744073709551615,0,0.70166015625,665.2692260742188,419.0050964355469,142.3997039794922,161.06442260742188,20250225-155401
299,18446744073709551615,0,0.7548828125,647.5447998046875,547.4098510742188,166.67733764648438,175.48910522460938,20250225-155401
299,18446744073709551615,0,0.91162109375,455.14764404296875,1.390045166015625,461.89581298828125,613.701416015625,20250225-155401
299,18446744073709551615,0,0.93212890625,84.81857299804688,434.79229736328125,1217.2467041015625,982.343994140625,20250225-155401
300,18446744073709551615,0,0.256103515625,660.7977905273438,1686.0545654296875,80.36883544921875,92.16915893554688,20250225-155401
300,18446744073709551615,0,0.393310546875,824.8130493164062,1848.966064453125,70.50677490234375,250.1268310546875,20250225-155401
300,18446744073709551615,0,0.4794921875,617.1655883789062,1652.24365234375,262.7655029296875,239.4276123046875,20250225-155401
300,18446744073709551615,0,0.6611328125,623.6541137695312,1374.352783203125,209.10919189453125,290.5225524902344,20250225-155401
300,18446744073709551615,0,0.68505859375,655.4042358398438,719.7544555664062,82.86099243164062,35.91741943359375,20250225-155401
300,18446744073709551615,0,0.71142578125,664.5598754882812,417.51617431640625,144.0025634765625,161.37689208984375,20250225-155401
300,18446744073709551615,0,0.77734375,647.6810302734375,547.5394287109375,166.65847778320312,175.35195922851562,20250225-155401
300,18446744073709551615,0,0.90966796875,455.86285400390625,1.7655487060546875,462.07177734375,612.9755859375,20250225-155401
300,18446744073709551615,0,0.93017578125,79.65115356445312,434.671875,1217.3682861328125,987.5738525390625,20250225-155401
301,18446744073709551615,0,0.242919921875,661.3922119140625,1685.06396484375,82.57855224609375,85.0675048828125,20250225-155401
301,18446744073709551615,0,0.4140625,824.9441528320312,1846.8760986328125,72.5701904296875,250.16336059570312,20250225-155401
301,18446744073709551615,0,0.5419921875,616.31103515625,1649.50927734375,268.0616455078125,241.10247802734375,20250225-155401
301,18446744073709551615,0,0.64697265625,623.7192993164062,1374.9005126953125,207.93310546875,290.4229431152344,20250225-155401
301,18446744073709551615,0,0.67333984375,655.4437866210938,719.3724365234375,83.6942138671875,36.332611083984375,20250225-155401
301,18446744073709551615,0,0.7001953125,665.322021484375,417.9672546386719,143.08644104003906,160.74627685546875,20250225-155401
301,18446744073709551615,0,0.74755859375,647.7116088867188,548.0416259765625,164.977294921875,177.927978515625,20250225-155401
301,18446744073709551615,0,0.9111328125,456.3963317871094,1.7653656005859375,461.687744140625,612.1728515625,20250225-155401
301,18446744073709551615,0,0.931640625,83.1533203125,435.055419921875,1216.56005859375,983.88134765625,20250225-155401
302,18446744073709551615,0,0.2274169921875,661.4302368164062,1682.9124755859375,85.270751953125,89.16329956054688,20250225-155401
302,18446744073709551615,0,0.4140625,823.0746459960938,1846.27001953125,73.26654052734375,252.0113525390625,20250225-155401
302,18446744073709551615,0,0.5458984375,617.11083984375,1649.92919921875,265.4417724609375,226.05349731445312,20250225-155401
302,18446744073709551615,0,0.61767578125,624.946044921875,1374.1798095703125,209.5250244140625,292.2158203125,20250225-155401
302,18446744073709551615,0,0.68017578125,655.3623046875,718.885986328125,83.9468994140625,36.294158935546875,20250225-155401
302,18446744073709551615,0,0.69775390625,665.45654296875,418.9053955078125,141.7606201171875,160.61801147460938,20250225-155401
302,18446744073709551615,0,0.744140625,647.8338623046875,548.7379150390625,164.17698669433594,178.095703125,20250225-155401
302,18446744073709551615,0,0.91064453125,458.47650146484375,1.5723724365234375,461.381103515625,610.0618286132812,20250225-155401
302,18446744073709551615,0,0.931640625,90.94647216796875,435.03070068359375,1216.3795166015625,976.0219116210938,20250225-155401
303,18446744073709551615,0,0.272705078125,661.682861328125,1685.350341796875,82.833251953125,84.30340576171875,20250225-155401
303,18446744073709551615,0,0.4931640625,822.5897827148438,1846.566162109375,72.8873291015625,252.59683227539062,20250225-155401
303,18446744073709551615,0,0.5234375,625.3771362304688,1377.955322265625,206.22125244140625,296.498291015625,20250225-155401
303,18446744073709551615,0,0.59716796875,616.6387939453125,1650.802001953125,264.32135009765625,238.34005737304688,20250225-155401
303,18446744073709551615,0,0.67919921875,664.3214721679688,419.3408203125,147.75604248046875,161.98361206054688,20250225-155401
303,18446744073709551615,0,0.68017578125,655.3247680664062,718.8739013671875,82.76641845703125,36.147491455078125,20250225-155401
303,18446744073709551615,0,0.767578125,648.03515625,547.4720458984375,166.37548828125,174.99948120117188,20250225-155401
303,18446744073709551615,0,0.91357421875,458.1474609375,1.575164794921875,461.0702819824219,610.328369140625,20250225-155401
303,18446744073709551615,0,0.9306640625,86.8077392578125,434.6392822265625,1215.9495849609375,980.5118408203125,20250225-155401
304,18446744073709551615,0,0.294921875,661.3588256835938,1685.612548828125,82.11566162109375,84.73361206054688,20250225-155401
304,18446744073709551615,0,0.440673828125,823.1896362304688,1845.92138671875,73.4384765625,252.25350952148438,20250225-155401
304,18446744073709551615,0,0.51953125,617.208984375,1650.6207275390625,262.266357421875,224.37762451171875,20250225-155401
304,18446744073709551615,0,0.6103515625,623.9095458984375,1374.617431640625,206.761962890625,290.4256896972656,20250225-155401
304,18446744073709551615,0,0.6689453125,655.1636352539062,717.7672119140625,83.4114990234375,36.297821044921875,20250225-155401
304,18446744073709551615,0,0.7421875,664.8995361328125,420.182373046875,141.6430206298828,161.22482299804688,20250225-155401
304,18446744073709551615,0,0.8125,648.1235961914062,548.6004028320312,165.58584594726562,174.86709594726562,20250225-155401
304,18446744073709551615,0,0.91357421875,458.85443115234375,1.762298583984375,460.91107177734375,609.7188720703125,20250225-155401
304,18446744073709551615,0,0.92822265625,84.26472473144531,436.67999267578125,1215.4976806640625,982.7076416015625,20250225-155401
305,18446744073709551615,0,0.306640625,819.4991455078125,1847.600830078125,71.95843505859375,255.79962158203125,20250225-155401
305,18446744073709551615,0,0.32080078125,662.0817260742188,1684.5933837890625,83.7154541015625,85.63632202148438,20250225-155401
305,18446744073709551615,0,0.56787109375,624.104736328125,1374.060791015625,207.632080078125,283.5024719238281,20250225-155401
305,18446744073709551615,0,0.57666015625,615.9705810546875,1649.3287353515625,268.04058837890625,235.3406982421875,20250225-155401
305,18446744073709551615,0,0.6103515625,664.027587890625,425.27490234375,145.92933654785156,162.71383666992188,20250225-155401
305,18446744073709551615,0,0.6494140625,655.121826171875,717.6805419921875,82.7398681640625,36.29608154296875,20250225-155401
305,18446744073709551615,0,0.74462890625,647.5420532226562,547.3372192382812,166.65792846679688,174.9825439453125,20250225-155401
305,18446744073709551615,0,0.91064453125,459.016845703125,1.38134765625,461.5516357421875,609.85791015625,20250225-155401
305,18446744073709551615,0,0.92724609375,82.300048828125,435.54974365234375,1215.80712890625,984.6622924804688,20250225-155401
306,18446744073709551615,0,0.2568359375,662.3637084960938,1682.823974609375,85.9017333984375,84.4112548828125,20250225-155401
306,18446744073709551615,0,0.498046875,624.3101806640625,1373.630126953125,207.05181884765625,283.16290283203125,20250225-155401
306,18446744073709551615,0,0.57470703125,616.4271240234375,1650.5225830078125,264.50079345703125,222.00942993164062,20250225-155401
306,18446744073709551615,0,0.60302734375,817.94189453125,1846.56396484375,72.79833984375,257.0760498046875,20250225-155401
306,18446744073709551615,0,0.6591796875,654.9310913085938,719.2696533203125,81.94985961914062,36.9488525390625,20250225-155401
306,18446744073709551615,0,0.673828125,664.6494140625,432.1024475097656,139.23944091796875,162.07278442382812,20250225-155401
306,18446744073709551615,0,0.77783203125,647.751708984375,546.3290405273438,167.81597900390625,174.55499267578125,20250225-155401
306,18446744073709551615,0,0.91357421875,459.53558349609375,1.5662384033203125,460.4085693359375,608.9393310546875,20250225-155401
306,18446744073709551615,0,0.9287109375,78.40713500976562,437.02996826171875,1212.747802734375,988.6056518554688,20250225-155401
307,18446744073709551615,0,0.291015625,661.1603393554688,1687.2242431640625,80.01690673828125,89.35757446289062,20250225-155401
307,18446744073709551615,0,0.46875,818.3582763671875,1847.6839599609375,71.71307373046875,255.69854736328125,20250225-155401
307,18446744073709551615,0,0.5390625,625.9486083984375,1376.883544921875,205.102294921875,286.53826904296875,20250225-155401
307,18446744073709551615,0,0.56884765625,616.0673217773438,1648.78857421875,267.772705078125,234.39450073242188,20250225-155401
307,18446744073709551615,0,0.6591796875,655.1246337890625,719.7845458984375,82.27706909179688,36.968353271484375,20250225-155401
307,18446744073709551615,0,0.67822265625,663.4925537109375,429.06243896484375,142.14825439453125,163.20904541015625,20250225-155401
307,18446744073709551615,0,0.77880859375,647.7973022460938,546.55224609375,167.052978515625,175.45220947265625,20250225-155401
307,18446744073709551615,0,0.916015625,459.013916015625,1.572418212890625,460.5684814453125,609.7398681640625,20250225-155401
307,18446744073709551615,0,0.92724609375,80.84014892578125,437.6597900390625,1212.072998046875,986.1172485351562,20250225-155401
308,18446744073709551615,0,0.250244140625,661.107177734375,1686.9248046875,79.85595703125,89.75115966796875,20250225-155401
308,18446744073709551615,0,0.474609375,817.2293701171875,1848.960693359375,70.443603515625,256.72100830078125,20250225-155401
308,18446744073709551615,0,0.5029296875,624.7686767578125,1372.646728515625,208.35443115234375,280.9983215332031,20250225-155401
308,18446744073709551615,0,0.67822265625,655.2848510742188,719.6431274414062,83.02606201171875,36.645721435546875,20250225-155401
308,18446744073709551615,0,0.69287109375,614.9199829101562,1648.9229736328125,265.50238037109375,231.37921142578125,20250225-155401
308,18446744073709551615,0,0.7255859375,662.3218994140625,435.914306640625,137.64669799804688,163.62579345703125,20250225-155401
308,18446744073709551615,0,0.806640625,648.98291015625,546.4144287109375,167.44647216796875,173.91961669921875,20250225-155401
308,18446744073709551615,0,0.91748046875,460.547607421875,1.3825836181640625,460.662109375,608.1718139648438,20250225-155401
308,18446744073709551615,0,0.92822265625,84.86920166015625,437.69512939453125,1211.1434326171875,982.1339721679688,20250225-155401
309,18446744073709551615,0,0.2783203125,661.7960815429688,1685.044189453125,82.03656005859375,83.20925903320312,20250225-155401
309,18446744073709551615,0,0.394287109375,820.0995483398438,1849.853271484375,69.5299072265625,254.67013549804688,20250225-155401
309,18446744073709551615,0,0.454345703125,624.4569091796875,1370.62548828125,208.78509521484375,215.27178955078125,20250225-155401
309,18446744073709551615,0,0.6142578125,615.29345703125,1647.692138671875,267.000732421875,236.32635498046875,20250225-155401
309,18446744073709551615,0,0.66552734375,655.3650512695312,719.557373046875,83.36325073242188,37.091949462890625,20250225-155401
309,18446744073709551615,0,0.69677734375,661.857177734375,429.8294677734375,142.11685180664062,164.5484619140625,20250225-155401
309,18446744073709551615,0,0.8017578125,648.5167236328125,546.667724609375,167.73907470703125,174.73773193359375,20250225-155401
309,18446744073709551615,0,0.91162109375,461.0475769042969,1.190093994140625,460.1523742675781,607.7858276367188,20250225-155401
309,18446744073709551615,0,0.931640625,82.68447875976562,437.97821044921875,1210.489501953125,984.3197021484375,20250225-155401
310,18446744073709551615,0,0.3115234375,659.9893798828125,1686.402587890625,78.9459228515625,92.07888793945312,20250225-155401
310,18446744073709551615,0,0.359375,816.7761840820312,1851.010498046875,68.484375,256.8706970214844,20250225-155401
310,18446744073709551615,0,0.43017578125,614.5303955078125,1646.7117919921875,268.316162109375,226.15264892578125,20250225-155401
310,18446744073709551615,0,0.438720703125,624.3737182617188,1368.95166015625,209.88446044921875,209.1177978515625,20250225-155401
310,18446744073709551615,0,0.6669921875,655.484619140625,719.5908203125,83.45114135742188,36.680419921875,20250225-155401
310,18446744073709551615,0,0.7001953125,661.714599609375,425.8814697265625,144.95205688476562,164.60440063476562,20250225-155401
310,18446744073709551615,0,0.79443359375,648.7327880859375,547.4345703125,167.17579650878906,174.51608276367188,20250225-155401
310,18446744073709551615,0,0.9140625,461.5484619140625,1.5749359130859375,460.44061279296875,606.7640991210938,20250225-155401
310,18446744073709551615,0,0.9267578125,89.22560119628906,439.19757080078125,1210.072265625,977.983154296875,20250225-155401
311,18446744073709551615,0,0.296630859375,661.777099609375,1687.712158203125,76.20703125,83.3902587890625,20250225-155401
311,18446744073709551615,0,0.4091796875,614.219970703125,1644.255615234375,271.30517578125,235.48123168945312,20250225-155401
311,18446744073709551615,0,0.42333984375,815.6854248046875,1851.649169921875,67.8402099609375,259.34033203125,20250225-155401
311,18446744073709551615,0,0.455078125,625.4745483398438,1374.829345703125,205.34014892578125,287.3894348144531,20250225-155401
311,18446744073709551615,0,0.6767578125,655.3245849609375,719.7340087890625,83.21182250976562,36.483306884765625,20250225-155401
311,18446744073709551615,0,0.75634765625,661.0887451171875,427.6894226074219,137.173095703125,165.0765380859375,20250225-155401
311,18446744073709551615,0,0.76416015625,647.6026611328125,548.8304443359375,164.6245880126953,178.31845092773438,20250225-155401
311,18446744073709551615,0,0.916015625,461.48583984375,1.45111083984375,460.38079833984375,606.5597534179688,20250225-155401
311,18446744073709551615,0,0.92529296875,90.84297180175781,437.414794921875,1211.87939453125,976.34033203125,20250225-155401
312,18446744073709551615,0,0.276611328125,661.17724609375,1687.52587890625,78.0889892578125,84.36859130859375,20250225-155401
312,18446744073709551615,0,0.333740234375,818.7570190429688,1851.796875,67.59429931640625,256.163818359375,20250225-155401
312,18446744073709551615,0,0.486328125,624.1752319335938,1370.3740234375,210.28839111328125,281.3101501464844,20250225-155401
312,18446744073709551615,0,0.56884765625,612.10791015625,1646.321044921875,273.10638427734375,457.740234375,20250225-155401
312,18446744073709551615,0,0.673828125,655.4859619140625,720.131591796875,83.20559692382812,36.35284423828125,20250225-155401
312,18446744073709551615,0,0.755859375,660.7205200195312,424.8548583984375,134.5916290283203,163.69473266601562,20250225-155401
312,18446744073709551615,0,0.7919921875,648.1337890625,548.56689453125,166.40386962890625,175.92755126953125,20250225-155401
312,18446744073709551615,0,0.91796875,462.7940368652344,1.2660369873046875,460.5755310058594,604.9685668945312,20250225-155401
312,18446744073709551615,0,0.92529296875,87.43341064453125,438.261474609375,1211.1683349609375,979.6162719726562,20250225-155401
313,18446744073709551615,0,0.21337890625,660.6822509765625,1683.05859375,80.34210205078125,87.18649291992188,20250225-155401
313,18446744073709551615,0,0.4619140625,608.8727416992188,1644.7203369140625,273.88970947265625,258.3029479980469,20250225-155401
313,18446744073709551615,0,0.4677734375,624.24462890625,1371.96826171875,208.755615234375,279.6867370605469,20250225-155401
313,18446744073709551615,0,0.4892578125,813.8871459960938,1851.69580078125,67.79058837890625,260.7864990234375,20250225-155401
313,18446744073709551615,0,0.66796875,655.44580078125,720.55322265625,82.70571899414062,36.702301025390625,20250225-155401
313,18446744073709551615,0,0.732421875,660.9365844726562,421.40093994140625,138.06893920898438,163.03610229492188,20250225-155401
313,18446744073709551615,0,0.7744140625,647.9967041015625,548.064697265625,168.3563690185547,175.13772583007812,20250225-155401
313,18446744073709551615,0,0.91552734375,464.529052734375,1.077484130859375,460.40179443359375,603.7648315429688,20250225-155401
313,18446744073709551615,0,0.93017578125,93.44760131835938,438.24835205078125,1211.6136474609375,973.7847290039062,20250225-155401
314,18446744073709551615,0,0.322509765625,663.1693725585938,1682.4971923828125,77.87091064453125,85.40615844726562,20250225-155401
314,18446744073709551615,0,0.439697265625,813.0284423828125,1851.872314453125,67.44818115234375,261.74249267578125,20250225-155401
314,18446744073709551615,0,0.447509765625,624.4224243164062,1372.12255859375,208.30572509765625,226.97396850585938,20250225-155401
314,18446744073709551615,0,0.4609375,608.2884521484375,1650.1259765625,268.68145751953125,257.88922119140625,20250225-155401
314,18446744073709551615,0,0.6826171875,655.60693359375,720.0741577148438,82.9522705078125,36.445587158203125,20250225-155401
314,18446744073709551615,0,0.75048828125,660.9724731445312,421.0315246582031,136.67404174804688,163.8504638671875,20250225-155401
314,18446744073709551615,0,0.80322265625,647.7744140625,548.5255126953125,167.6404266357422,175.634033203125,20250225-155401
314,18446744073709551615,0,0.91796875,464.05828857421875,1.269561767578125,460.5423889160156,603.9759521484375,20250225-155401
314,18446744073709551615,0,0.92822265625,90.35453796386719,437.69964599609375,1212.9935302734375,976.951904296875,20250225-155401
315,18446744073709551615,0,0.302490234375,661.932861328125,1683.26220703125,70.18707275390625,82.90237426757812,20250225-155401
315,18446744073709551615,0,0.441650390625,624.3129272460938,1373.30810546875,207.60516357421875,281.3471374511719,20250225-155401
315,18446744073709551615,0,0.6376953125,810.2371215820312,1849.661376953125,69.7042236328125,264.3322448730469,20250225-155401
315,18446744073709551615,0,0.65771484375,608.200439453125,1642.6805419921875,275.01983642578125,240.32867431640625,20250225-155401
315,18446744073709551615,0,0.67236328125,655.5648193359375,720.2576904296875,82.35488891601562,36.449249267578125,20250225-155401
315,18446744073709551615,0,0.751953125,660.826904296875,423.76190185546875,136.02749633789062,164.37716674804688,20250225-155401
315,18446744073709551615,0,0.7958984375,647.5498046875,549.672119140625,168.44998168945312,174.70294189453125,20250225-155401
315,18446744073709551615,0,0.91845703125,463.1195068359375,1.26617431640625,460.7441711425781,605.2300415039062,20250225-155401
315,18446744073709551615,0,0.9287109375,82.95808410644531,437.2857666015625,1213.51611328125,984.34130859375,20250225-155401
316,18446744073709551615,0,0.313232421875,659.7921752929688,1688.509521484375,62.9033203125,84.476806640625,20250225-155402
316,18446744073709551615,0,0.422607421875,623.9307861328125,1373.943603515625,206.2979736328125,284.8052673339844,20250225-155402
316,18446744073709551615,0,0.61328125,816.4865112304688,1849.092529296875,70.37548828125,258.0982360839844,20250225-155402
316,18446744073709551615,0,0.6669921875,655.77099609375,720.006103515625,82.54403686523438,36.0963134765625,20250225-155402
316,18446744073709551615,0,0.7490234375,660.4476318359375,424.2059326171875,136.32545471191406,164.99688720703125,20250225-155402
316,18446744073709551615,0,0.76953125,606.4962158203125,1641.1885986328125,276.37994384765625,238.37301635742188,20250225-155402
316,18446744073709551615,0,0.7900390625,647.40673828125,549.9007568359375,167.3009033203125,175.38299560546875,20250225-155402
316,18446744073709551615,0,0.91748046875,464.1038818359375,1.2616424560546875,460.75384521484375,604.3302612304688,20250225-155402
316,18446744073709551615,0,0.9248046875,101.97207641601562,438.37225341796875,1210.214599609375,964.7464599609375,20250225-155402
317,18446744073709551615,0,0.21337890625,659.7713012695312,1688.189697265625,60.608642578125,82.04580688476562,20250225-155402
317,18446744073709551615,0,0.5185546875,625.4507446289062,1374.9312744140625,207.33709716796875,293.7693786621094,20250225-155402
317,18446744073709551615,0,0.6279296875,818.2252807617188,1848.4482421875,71.09381103515625,256.0897521972656,20250225-155402
317,18446744073709551615,0,0.673828125,655.934814453125,719.5653076171875,82.07574462890625,35.6678466796875,20250225-155402
317,18446744073709551615,0,0.6982421875,605.4554443359375,1640.9033203125,243.61981201171875,173.9564208984375,20250225-155402
317,18446744073709551615,0,0.7138671875,660.1285400390625,419.51153564453125,142.38327026367188,165.51589965820312,20250225-155402
317,18446744073709551615,0,0.73388671875,647.1763916015625,549.2554931640625,167.82568359375,175.55731201171875,20250225-155402
317,18446744073709551615,0,0.9140625,464.09637451171875,1.258575439453125,461.0702819824219,604.8121337890625,20250225-155402
317,18446744073709551615,0,0.92919921875,77.99203491210938,437.36846923828125,1213.869384765625,989.1795043945312,20250225-155402
318,18446744073709551615,0,0.21337890625,659.1871948242188,1688.7646484375,57.8455810546875,82.87765502929688,20250225-155402
318,18446744073709551615,0,0.505859375,624.954345703125,1373.2855224609375,210.82672119140625,294.54949951171875,20250225-155402
318,18446744073709551615,0,0.64599609375,655.9758911132812,718.931884765625,81.96890258789062,35.316009521484375,20250225-155402
318,18446744073709551615,0,0.70751953125,659.8128662109375,422.923095703125,141.67868041992188,166.5999755859375,20250225-155402
318,18446744073709551615,0,0.708984375,814.5780029296875,1845.132568359375,74.20037841796875,260.2640075683594,20250225-155402
318,18446744073709551615,0,0.74609375,604.2802734375,1638.20361328125,249.34588623046875,170.52694702148438,20250225-155402
318,18446744073709551615,0,0.75341796875,647.176025390625,549.0994873046875,167.68565368652344,175.55245971679688,20250225-155402
318,18446744073709551615,0,0.91552734375,465.79266357421875,1.0740509033203125,460.5923767089844,602.7806396484375,20250225-155402
318,18446744073709551615,0,0.92919921875,90.60195922851562,438.2396240234375,1213.3897705078125,976.204833984375,20250225-155402
319,18446744073709551615,0,0.4140625,625.40283203125,1376.5455322265625,207.6478271484375,295.177734375,20250225-155402
319,18446744073709551615,0,0.6298828125,655.93505859375,718.8707275390625,80.65484619140625,35.705841064453125,20250225-155402
319,18446744073709551615,0,0.669921875,659.7989501953125,430.10467529296875,135.21954345703125,165.17074584960938,20250225-155402
319,18446744073709551615,0,0.6806640625,810.3195190429688,1844.600830078125,74.92694091796875,264.4318542480469,20250225-155402
319,18446744073709551615,0,0.69091796875,647.3309326171875,548.881591796875,168.10629272460938,175.3648681640625,20250225-155402
319,18446744073709551615,0,0.833984375,604.198974609375,1639.59619140625,247.44140625,171.66622924804688,20250225-155402
319,18446744073709551615,0,0.91845703125,465.00311279296875,1.06842041015625,461.5641174316406,603.5684814453125,20250225-155402
319,18446744073709551615,0,0.93017578125,85.1590576171875,438.70928955078125,1210.650146484375,981.9288940429688,20250225-155402
320,18446744073709551615,0,0.470703125,625.7550659179688,1377.856689453125,202.7362060546875,299.5324401855469,20250225-155402
320,18446744073709551615,0,0.650390625,655.6869506835938,718.143798828125,81.38177490234375,35.130523681640625,20250225-155402
320,18446744073709551615,0,0.65478515625,812.163330078125,1845.082275390625,74.2650146484375,262.691162109375,20250225-155402
320,18446744073709551615,0,0.6943359375,659.3414306640625,434.41064453125,129.82708740234375,165.851806640625,20250225-155402
320,18446744073709551615,0,0.73486328125,646.9578857421875,549.9955444335938,167.4521942138672,175.4443359375,20250225-155402
320,18446744073709551615,0,0.841796875,604.1656494140625,1640.1806640625,261.267333984375,172.50814819335938,20250225-155402
320,18446744073709551615,0,0.91943359375,465.7496337890625,1.07611083984375,462.2432556152344,602.943603515625,20250225-155402
320,18446744073709551615,0,0.927734375,84.43194580078125,437.62255859375,1210.6834716796875,982.6986694335938,20250225-155402
321,18446744073709551615,0,0.43212890625,625.6097412109375,1375.7083740234375,205.9976806640625,302.0921630859375,20250225-155402
321,18446744073709551615,0,0.638671875,658.9169311523438,434.6400146484375,131.1658172607422,164.99954223632812,20250225-155402
321,18446744073709551615,0,0.65576171875,655.688232421875,717.2169189453125,82.41311645507812,35.289276123046875,20250225-155402
321,18446744073709551615,0,0.68408203125,789.8624267578125,1845.13916015625,74.3104248046875,285.2010498046875,20250225-155402
321,18446744073709551615,0,0.73876953125,646.5943603515625,549.1929931640625,169.4740447998047,175.8387451171875,20250225-155402
321,18446744073709551615,0,0.84521484375,604.1035766601562,1638.760498046875,268.64208984375,177.60269165039062,20250225-155402
321,18446744073709551615,0,0.92041015625,470.05645751953125,1.26068115234375,461.4190979003906,598.5986328125,20250225-155402
321,18446744073709551615,0,0.923828125,82.47615051269531,436.4969482421875,1212.031494140625,984.7939453125,20250225-155402
322,18446744073709551615,0,0.478515625,626.1604614257812,1378.089111328125,202.538818359375,294.109130859375,20250225-155402
322,18446744073709551615,0,0.6298828125,658.8367919921875,432.1258850097656,134.63072204589844,165.8975830078125,20250225-155402
322,18446744073709551615,0,0.63232421875,655.283935546875,717.9334716796875,81.55801391601562,35.155792236328125,20250225-155402
322,18446744073709551615,0,0.64892578125,815.092529296875,1847.3485107421875,72.20562744140625,259.8100891113281,20250225-155402
322,18446744073709551615,0,0.7568359375,645.9010620117188,550.0557861328125,167.86143493652344,176.3353271484375,20250225-155402
322,18446744073709551615,0,0.81884765625,603.4506225585938,1638.9803466796875,272.737060546875,226.36669921875,20250225-155402
322,18446744073709551615,0,0.9189453125,469.65362548828125,1.0659027099609375,461.4212646484375,599.3848876953125,20250225-155402
322,18446744073709551615,0,0.92529296875,85.994384765625,436.15283203125,1211.8553466796875,981.4462280273438,20250225-155402
323,18446744073709551615,0,0.509765625,625.549072265625,1376.314697265625,203.031005859375,294.6645812988281,20250225-155402
323,18446744073709551615,0,0.625,655.283935546875,718.060302734375,81.25625610351562,34.88946533203125,20250225-155402
323,18446744073709551615,0,0.6279296875,658.6898803710938,432.83258056640625,135.99842834472656,166.39572143554688,20250225-155402
323,18446744073709551615,0,0.6611328125,817.6649169921875,1846.96337890625,72.387451171875,257.30108642578125,20250225-155402
323,18446744073709551615,0,0.75341796875,646.2083740234375,550.3174438476562,168.7111358642578,175.72027587890625,20250225-155402
323,18446744073709551615,0,0.83544921875,604.1002807617188,1635.470703125,280.27001953125,239.764892578125,20250225-155402
323,18446744073709551615,0,0.91748046875,470.064697265625,1.255462646484375,461.7285461425781,598.985595703125,20250225-155402
323,18446744073709551615,0,0.92919921875,84.333984375,435.83868408203125,1212.8704833984375,983.155517578125,20250225-155402
324,18446744073709551615,0,0.5458984375,657.9786987304688,434.54595947265625,134.13308715820312,166.575439453125,20250225-155402
324,18446744073709551615,0,0.626953125,655.3233032226562,717.3956909179688,81.83056640625,34.97772216796875,20250225-155402
324,18446744073709551615,0,0.642578125,819.2135009765625,1848.427001953125,70.83270263671875,255.74917602539062,20250225-155402
324,18446744073709551615,0,0.662109375,624.0838623046875,1374.402099609375,208.6688232421875,295.9715881347656,20250225-155402
324,18446744073709551615,0,0.7490234375,646.2123413085938,550.2227783203125,168.4555206298828,175.84451293945312,20250225-155402
324,18446744073709551615,0,0.84228515625,604.765625,1634.7103271484375,284.11376953125,239.4737548828125,20250225-155402
324,18446744073709551615,0,0.9189453125,475.36285400390625,1.068511962890625,462.092041015625,594.0003662109375,20250225-155402
324,18446744073709551615,0,0.927734375,79.616455078125,436.20684814453125,1213.17724609375,987.7505493164062,20250225-155402
325,18446744073709551615,0,0.52734375,657.9882202148438,434.46331787109375,133.70535278320312,167.0943603515625,20250225-155402
325,18446744073709551615,0,0.533203125,626.1253051757812,1373.781982421875,207.75531005859375,291.1716613769531,20250225-155402
325,18446744073709551615,0,0.61962890625,655.16455078125,718.0853271484375,81.4947509765625,34.382720947265625,20250225-155402
325,18446744073709551615,0,0.642578125,816.8106689453125,1848.3577880859375,70.98779296875,258.140625,20250225-155402
325,18446744073709551615,0,0.71533203125,646.2899780273438,550.2700805664062,169.03582763671875,175.74783325195312,20250225-155402
325,18446744073709551615,0,0.83642578125,605.887939453125,1634.7813720703125,284.058837890625,233.48812866210938,20250225-155402
325,18446744073709551615,0,0.91943359375,476.3529052734375,0.8884735107421875,464.2747802734375,592.9744262695312,20250225-155402
325,18446744073709551615,0,0.92919921875,79.85906982421875,438.301025390625,1209.813720703125,987.4257202148438,20250225-155402
326,18446744073709551615,0,0.4873046875,626.3637084960938,1375.543212890625,206.1075439453125,294.50811767578125,20250225-155402
326,18446744073709551615,0,0.6162109375,655.2840576171875,718.296630859375,81.14053344726562,33.9254150390625,20250225-155402
326,18446744073709551615,0,0.61669921875,658.2041015625,433.90966796875,134.7806396484375,167.58920288085938,20250225-155402
326,18446744073709551615,0,0.65771484375,813.280029296875,1849.0968017578125,70.25335693359375,261.47479248046875,20250225-155402
326,18446744073709551615,0,0.79052734375,646.286376953125,550.6759643554688,169.7805633544922,175.99639892578125,20250225-155402
326,18446744073709551615,0,0.87451171875,606.44287109375,1632.001708984375,286.951171875,227.9014892578125,20250225-155402
326,18446744073709551615,0,0.91943359375,475.99530029296875,1.067047119140625,463.9595947265625,593.8969116210938,20250225-155402
326,18446744073709551615,0,0.93017578125,90.3914794921875,439.1004638671875,1207.113037109375,976.6944580078125,20250225-155402
327,18446744073709551615,0,0.332763671875,658.6865844726562,438.3205261230469,89.27000427246094,97.0557861328125,20250225-155402
327,18446744073709551615,0,0.447509765625,811.0601806640625,1849.6666259765625,69.68170166015625,263.77239990234375,20250225-155402
327,18446744073709551615,0,0.5146484375,625.6475830078125,1376.5517578125,205.5472412109375,291.3999938964844,20250225-155402
327,18446744073709551615,0,0.62451171875,655.285400390625,718.033447265625,81.27813720703125,34.070892333984375,20250225-155402
327,18446744073709551615,0,0.71923828125,645.2772216796875,550.6700439453125,169.6724853515625,176.16494750976562,20250225-155402
327,18446744073709551615,0,0.86572265625,606.262451171875,1631.986328125,287.34521484375,233.07421875,20250225-155402
327,18446744073709551615,0,0.92041015625,476.33990478515625,1.0623779296875,464.6083984375,593.281005859375,20250225-155402
327,18446744073709551615,0,0.93017578125,84.43959045410156,437.452880859375,1209.966064453125,982.758544921875,20250225-155402
328,18446744073709551615,0,0.351318359375,656.533447265625,425.7301025390625,141.64956665039062,165.12881469726562,20250225-155402
328,18446744073709551615,0,0.38671875,811.93798828125,1849.6728515625,69.756591796875,263.0792541503906,20250225-155402
328,18446744073709551615,0,0.470703125,624.1087646484375,1373.1976318359375,206.6044921875,218.03411865234375,20250225-155402
328,18446744073709551615,0,0.61865234375,645.66845703125,549.772216796875,172.2520294189453,176.8070068359375,20250225-155402
328,18446744073709551615,0,0.63232421875,655.2052001953125,718.49560546875,80.72543334960938,33.376556396484375,20250225-155402
328,18446744073709551615,0,0.82958984375,630.104736328125,213.2344207763672,244.6984405517578,338.11962890625,20250225-155402
328,18446744073709551615,0,0.85791015625,605.751708984375,1630.2718505859375,288.88385009765625,239.75729370117188,20250225-155402
328,18446744073709551615,0,0.91552734375,478.3931579589844,0.8678741455078125,466.21673583984375,591.6207275390625,20250225-155402
328,18446744073709551615,0,0.92919921875,80.18174743652344,436.94091796875,1211.3232421875,987.2039794921875,20250225-155402
329,18446744073709551615,0,0.384033203125,809.05224609375,1850.3369140625,69.0552978515625,265.1651916503906,20250225-155402
329,18446744073709551615,0,0.412109375,623.9747314453125,1375.187255859375,204.954345703125,285.728759765625,20250225-155402
329,18446744073709551615,0,0.5830078125,658.71533203125,431.9691467285156,138.3918914794922,167.2774658203125,20250225-155402
329,18446744073709551615,0,0.625,655.3639526367188,719.0018920898438,80.23507690429688,33.106475830078125,20250225-155402
329,18446744073709551615,0,0.70654296875,645.5952758789062,550.17529296875,171.1603546142578,176.94195556640625,20250225-155402
329,18446744073709551615,0,0.84716796875,626.3073120117188,216.51800537109375,240.92349243164062,336.3703308105469,20250225-155402
329,18446744073709551615,0,0.865234375,605.8855590820312,1629.961669921875,289.4718017578125,237.39239501953125,20250225-155402
329,18446744073709551615,0,0.91748046875,480.56396484375,1.363677978515625,469.5828552246094,587.9849853515625,20250225-155402
329,18446744073709551615,0,0.9287109375,83.77780151367188,438.07672119140625,1210.5166015625,983.69384765625,20250225-155402
330,18446744073709551615,0,0.42333984375,624.30029296875,1371.2508544921875,208.8929443359375,218.35299682617188,20250225-155402
330,18446744073709551615,0,0.462890625,809.115234375,1850.057373046875,69.47406005859375,265.7167053222656,20250225-155402
330,18446744073709551615,0,0.607421875,655.1259155273438,718.503173828125,80.61447143554688,33.412811279296875,20250225-155402
330,18446744073709551615,0,0.65478515625,658.5078735351562,435.2597351074219,137.03778076171875,167.54608154296875,20250225-155402
330,18446744073709551615,0,0.7421875,646.2844848632812,551.8055419921875,170.2141571044922,176.55093383789062,20250225-155402
330,18446744073709551615,0,0.83447265625,625.443115234375,219.0438995361328,241.50416564941406,334.49725341796875,20250225-155402
330,18446744073709551615,0,0.86669921875,606.3030395507812,1629.93701171875,289.943115234375,240.12405395507812,20250225-155402
330,18446744073709551615,0,0.9189453125,480.7533874511719,1.3675689697265625,474.07537841796875,588.1935424804688,20250225-155402
330,18446744073709551615,0,0.93017578125,93.84690856933594,441.64801025390625,1204.613037109375,973.1231689453125,20250225-155402
331,18446744073709551615,0,0.454345703125,625.24365234375,1371.2449951171875,210.4024658203125,285.9165344238281,20250225-155402
331,18446744073709551615,0,0.478515625,812.3067626953125,1851.2314453125,68.22271728515625,262.7318115234375,20250225-155402
331,18446744073709551615,0,0.61669921875,655.3233642578125,719.1168823242188,79.84396362304688,33.006591796875,20250225-155402
331,18446744073709551615,0,0.68017578125,658.0457763671875,440.4115905761719,132.8228302001953,167.876220703125,20250225-155402
331,18446744073709551615,0,0.78271484375,646.5953369140625,554.7513427734375,167.82705688476562,175.49560546875,20250225-155402
331,18446744073709551615,0,0.8388671875,626.2794799804688,225.98721313476562,236.7593994140625,328.15740966796875,20250225-155402
331,18446744073709551615,0,0.8681640625,607.2222290039062,1629.0574951171875,290.9425048828125,242.85708618164062,20250225-155402
331,18446744073709551615,0,0.91650390625,483.4430236816406,1.5509033203125,475.0267639160156,586.2207641601562,20250225-155402
331,18446744073709551615,0,0.92919921875,87.11654663085938,439.75689697265625,1207.799072265625,980.0604858398438,20250225-155402
332,18446744073709551615,0,0.451416015625,624.6919555664062,1372.387451171875,206.93829345703125,218.85516357421875,20250225-155402
332,18446744073709551615,0,0.5107421875,812.6731567382812,1853.02880859375,66.43084716796875,262.3486633300781,20250225-155402
332,18446744073709551615,0,0.55078125,658.4117431640625,440.37890625,132.1479034423828,167.5916748046875,20250225-155402
332,18446744073709551615,0,0.6142578125,655.2057495117188,719.58935546875,79.3524169921875,33.649658203125,20250225-155402
332,18446744073709551615,0,0.7490234375,645.6849975585938,554.9132080078125,167.5916290283203,176.203857421875,20250225-155402
332,18446744073709551615,0,0.8330078125,626.7469482421875,228.67327880859375,230.33065795898438,323.63360595703125,20250225-155402
332,18446744073709551615,0,0.86083984375,608.0364990234375,1628.3455810546875,291.6544189453125,245.43804931640625,20250225-155402
332,18446744073709551615,0,0.92041015625,483.02398681640625,1.1773223876953125,475.7643127441406,586.27001953125,20250225-155402
332,18446744073709551615,0,0.93115234375,92.33216857910156,441.69451904296875,1205.7930908203125,974.517333984375,20250225-155402
333,18446744073709551615,0,0.367431640625,812.6515502929688,1856.5301513671875,62.95880126953125,262.06512451171875,20250225-155402
333,18446744073709551615,0,0.51953125,624.2459106445312,1374.2677001953125,206.7183837890625,286.8598937988281,20250225-155402
333,18446744073709551615,0,0.57177734375,655.1663818359375,719.3245239257812,78.71246337890625,33.2918701171875,20250225-155402
333,18446744073709551615,0,0.70751953125,657.8421020507812,439.06365966796875,134.89512634277344,167.0240478515625,20250225-155402
333,18446744073709551615,0,0.79248046875,645.3594360351562,553.3267822265625,171.73214721679688,174.16305541992188,20250225-155402
333,18446744073709551615,0,0.83544921875,626.0438232421875,236.148193359375,226.38400268554688,312.7424011230469,20250225-155402
333,18446744073709551615,0,0.8447265625,607.2775268554688,1629.0296630859375,290.9703369140625,256.20556640625,20250225-155402
333,18446744073709551615,0,0.91650390625,484.22021484375,0.9716033935546875,477.88397216796875,585.81689453125,20250225-155402
333,18446744073709551615,0,0.931640625,90.32684326171875,443.86029052734375,1202.52783203125,976.604736328125,20250225-155402
334,18446744073709551615,0,0.281494140625,815.9320678710938,1857.796630859375,61.5787353515625,258.9245910644531,20250225-155402
334,18446744073709551615,0,0.454345703125,624.6309814453125,1374.683349609375,205.739501953125,284.55029296875,20250225-155402
334,18446744073709551615,0,0.509765625,658.5830078125,433.0756530761719,137.73861694335938,165.21807861328125,20250225-155402
334,18446744073709551615,0,0.5380859375,655.0057983398438,719.8914794921875,77.99533081054688,32.867523193359375,20250225-155402
334,18446744073709551615,0,0.7490234375,644.9146728515625,558.5914306640625,168.2281951904297,174.69607543945312,20250225-155402
334,18446744073709551615,0,0.84375,607.566650390625,1628.514892578125,291.48504638671875,263.1019592285156,20250225-155402
334,18446744073709551615,0,0.8525390625,625.5243530273438,239.96640014648438,223.72146606445312,309.3094482421875,20250225-155402
334,18446744073709551615,0,0.91796875,483.30047607421875,1.181396484375,477.9912414550781,587.341064453125,20250225-155402
334,18446744073709551615,0,0.9306640625,85.74082946777344,443.29229736328125,1203.356201171875,981.30615234375,20250225-155402
335,18446744073709551615,0,0.537109375,817.6094970703125,1858.19091796875,61.19293212890625,257.0820007324219,20250225-155402
335,18446744073709551615,0,0.541015625,655.4417724609375,719.9837646484375,77.445556640625,32.6473388671875,20250225-155402
335,18446744073709551615,0,0.5458984375,625.9552001953125,1376.109130859375,205.53497314453125,293.23992919921875,20250225-155402
335,18446744073709551615,0,0.56005859375,658.5106201171875,427.07049560546875,141.29718017578125,164.96218872070312,20250225-155402
335,18446744073709551615,0,0.76416015625,644.0980224609375,559.296875,167.1657257080078,174.38397216796875,20250225-155402
335,18446744073709551615,0,0.8134765625,608.1875610351562,1628.2291259765625,291.7708740234375,278.9268493652344,20250225-155402
335,18446744073709551615,0,0.85400390625,625.6697387695312,243.50958251953125,223.12046813964844,304.8573303222656,20250225-155402
335,18446744073709551615,0,0.92041015625,484.2242431640625,1.1552581787109375,479.6847839355469,585.8946533203125,20250225-155402
335,18446744073709551615,0,0.93115234375,87.24815368652344,441.86419677734375,1204.0206298828125,979.7061767578125,20250225-155402
336,18446744073709551615,0,0.4130859375,822.8622436523438,1861.26513671875,58.0689697265625,251.7059326171875,20250225-155402
336,18446744073709551615,0,0.53125,625.9659423828125,1378.513916015625,202.44140625,290.04876708984375,20250225-155402
336,18446744073709551615,0,0.55078125,655.3650512695312,721.5274658203125,75.44696044921875,33.4390869140625,20250225-155402
336,18446744073709551615,0,0.60302734375,658.6393432617188,439.95648193359375,134.7740478515625,165.2530517578125,20250225-155402
336,18446744073709551615,0,0.7607421875,644.628662109375,553.2310791015625,173.94204711914062,174.84878540039062,20250225-155402
336,18446744073709551615,0,0.84765625,628.0301513671875,247.70663452148438,217.93702697753906,297.720703125,20250225-155402
336,18446744073709551615,0,0.8486328125,608.073486328125,1629.9891357421875,290.0108642578125,284.4500427246094,20250225-155402
336,18446744073709551615,0,0.9248046875,486.463623046875,0.955078125,481.9607849121094,583.5895385742188,20250225-155402
336,18446744073709551615,0,0.9306640625,84.69456481933594,437.4228515625,1207.5772705078125,982.1890869140625,20250225-155402
337,18446744073709551615,0,0.313232421875,684.2518310546875,483.8753356933594,94.73652648925781,141.18365478515625,20250225-155402
337,18446744073709551615,0,0.323486328125,820.6349487304688,1863.2822265625,56.2174072265625,251.43063354492188,20250225-155402
337,18446744073709551615,0,0.444580078125,658.8997802734375,435.8295593261719,94.80244445800781,164.7374267578125,20250225-155402
337,18446744073709551615,0,0.448486328125,655.8480834960938,724.3087158203125,73.05075073242188,32.908905029296875,20250225-155402
337,18446744073709551615,0,0.4736328125,625.4725341796875,1373.73876953125,206.4437255859375,286.0690612792969,20250225-155402
337,18446744073709551615,0,0.75,644.1487426757812,548.353515625,186.5643768310547,178.21847534179688,20250225-155402
337,18446744073709551615,0,0.83349609375,609.4960327148438,1628.7513427734375,290.25421142578125,288.0628967285156,20250225-155402
337,18446744073709551615,0,0.84228515625,628.14501953125,251.7081298828125,215.34603881835938,293.17913818359375,20250225-155402
337,18446744073709551615,0,0.92041015625,486.83953857421875,0.9538421630859375,485.78997802734375,583.4862670898438,20250225-155402
337,18446744073709551615,0,0.9306640625,94.02836608886719,440.140869140625,1205.361083984375,972.9327392578125,20250225-155402
338,18446744073709551615,0,0.2998046875,675.825927734375,499.85467529296875,80.68821716308594,151.23101806640625,20250225-155402
338,18446744073709551615,0,0.315673828125,826.7982177734375,1866.4830322265625,52.76934814453125,248.41058349609375,20250225-155402
338,18446744073709551615,0,0.4130859375,656.7306518554688,726.3687744140625,71.47412109375,30.861785888671875,20250225-155402
338,18446744073709551615,0,0.509765625,625.1473388671875,1374.536865234375,205.103759765625,216.98382568359375,20250225-155402
338,18446744073709551615,0,0.57568359375,658.2610473632812,423.40740966796875,104.35807800292969,163.98385620117188,20250225-155402
338,18446744073709551615,0,0.6943359375,643.0607299804688,559.376953125,179.0629119873047,173.1339111328125,20250225-155402
338,18446744073709551615,0,0.83447265625,609.18408203125,1629.45556640625,289.53497314453125,291.866455078125,20250225-155402
338,18446744073709551615,0,0.84912109375,627.97509765625,255.7559051513672,212.67608642578125,289.3377685546875,20250225-155402
338,18446744073709551615,0,0.9208984375,486.71978759765625,1.1483001708984375,488.273193359375,583.1903076171875,20250225-155402
338,18446744073709551615,0,0.927734375,89.26547241210938,437.3133544921875,1207.804443359375,977.48291015625,20250225-155402
339,18446744073709551615,0,0.38671875,656.201416015625,727.755615234375,69.37353515625,31.79315185546875,20250225-155402
339,18446744073709551615,0,0.446533203125,833.9979858398438,1869.3134765625,50.21209716796875,240.6324462890625,20250225-155402
339,18446744073709551615,0,0.4814453125,623.742919921875,1372.9625244140625,206.8919677734375,216.08358764648438,20250225-155402
339,18446744073709551615,0,0.521484375,641.1564331054688,580.0753784179688,166.06695556640625,168.683349609375,20250225-155402
339,18446744073709551615,0,0.58154296875,657.4092407226562,418.69793701171875,106.85142517089844,167.52630615234375,20250225-155402
339,18446744073709551615,0,0.8466796875,627.4531860351562,258.6459045410156,209.98919677734375,281.3192138671875,20250225-155402
339,18446744073709551615,0,0.8515625,608.0997314453125,1628.30029296875,290.594970703125,295.1151123046875,20250225-155402
339,18446744073709551615,0,0.921875,490.09661865234375,0.937591552734375,486.7486267089844,580.4580078125,20250225-155402
339,18446744073709551615,0,0.9267578125,88.21540832519531,436.236328125,1211.2950439453125,978.5361328125,20250225-155402
340,18446744073709551615,0,0.329345703125,656.3365478515625,727.8316650390625,69.86572265625,31.071533203125,20250225-155402
340,18446744073709551615,0,0.390380859375,639.9549560546875,585.0811157226562,164.63172912597656,161.8685302734375,20250225-155402
340,18446744073709551615,0,0.405517578125,835.7609252929688,1871.4700927734375,48.01959228515625,238.08187866210938,20250225-155402
340,18446744073709551615,0,0.494140625,624.8201293945312,1375.225341796875,210.3812255859375,292.4817810058594,20250225-155402
340,18446744073709551615,0,0.60107421875,657.8501586914062,416.4277038574219,109.50411987304688,167.20706176757812,20250225-155402
340,18446744073709551615,0,0.8486328125,626.1055297851562,257.5975341796875,211.46282958984375,283.19586181640625,20250225-155402
340,18446744073709551615,0,0.85888671875,607.9552001953125,1628.835693359375,290.058837890625,293.30548095703125,20250225-155402
340,18446744073709551615,0,0.921875,488.763427734375,1.1422576904296875,488.49237060546875,581.8862915039062,20250225-155402
340,18446744073709551615,0,0.9287109375,81.5009765625,436.56976318359375,1213.712646484375,985.6820068359375,20250225-155402
341,18446744073709551615,0,0.374755859375,655.9481201171875,732.294921875,63.41436767578125,31.17132568359375,20250225-155402
341,18446744073709551615,0,0.38037109375,837.6253051757812,1874.1053466796875,45.39056396484375,237.2142333984375,20250225-155402
341,18446744073709551615,0,0.4833984375,624.7379150390625,1370.89453125,210.6112060546875,284.6756286621094,20250225-155402
341,18446744073709551615,0,0.58154296875,641.4102172851562,583.9569091796875,164.7880096435547,156.44522094726562,20250225-155402
341,18446744073709551615,0,0.6689453125,658.0133056640625,415.75732421875,108.96414184570312,166.97726440429688,20250225-155402
341,18446744073709551615,0,0.8505859375,627.9973754882812,268.71478271484375,200.02267456054688,284.8179016113281,20250225-155402
341,18446744073709551615,0,0.8603515625,608.3054809570312,1629.13916015625,289.84625244140625,299.4998474121094,20250225-155402
341,18446744073709551615,0,0.9228515625,491.64862060546875,1.1353912353515625,489.0238037109375,579.350341796875,20250225-155402
341,18446744073709551615,0,0.92724609375,80.20285034179688,436.8314208984375,1211.96826171875,986.9718017578125,20250225-155402
342,18446744073709551615,0,0.4091796875,847.7847290039062,1876.00146484375,43.58642578125,226.45193481445312,20250225-155402
342,18446744073709551615,0,0.4599609375,642.4118041992188,588.96826171875,184.72219848632812,150.4683837890625,20250225-155402
342,18446744073709551615,0,0.5400390625,624.6143188476562,1369.2205810546875,213.5679931640625,283.7842712402344,20250225-155402
342,18446744073709551615,0,0.65673828125,659.2646484375,414.0733337402344,113.18408203125,166.72000122070312,20250225-155402
342,18446744073709551615,0,0.82666015625,629.4142456054688,268.40338134765625,200.6114501953125,285.16571044921875,20250225-155402
342,18446744073709551615,0,0.8623046875,608.9769287109375,1629.254150390625,289.631103515625,297.8594970703125,20250225-155402
342,18446744073709551615,0,0.92138671875,494.6195983886719,1.1687164306640625,488.9783935546875,576.7357177734375,20250225-155402
342,18446744073709551615,0,0.92626953125,76.43893432617188,436.3828125,1212.6416015625,990.5614013671875,20250225-155402
343,18446744073709551615,0,0.3896484375,847.6155395507812,1877.857177734375,41.64312744140625,226.02951049804688,20250225-155402
343,18446744073709551615,0,0.529296875,625.0078125,1368.6441650390625,212.369384765625,212.00894165039062,20250225-155402
343,18446744073709551615,0,0.55908203125,642.3599853515625,601.4288330078125,166.87289428710938,145.89569091796875,20250225-155402
343,18446744073709551615,0,0.66015625,659.326171875,419.9250183105469,108.89625549316406,166.52517700195312,20250225-155402
343,18446744073709551615,0,0.82958984375,610.0546875,1628.297607421875,291.702392578125,300.8836669921875,20250225-155402
343,18446744073709551615,0,0.83203125,628.3027954101562,274.0860595703125,195.2570343017578,287.4861145019531,20250225-155402
343,18446744073709551615,0,0.923828125,498.03076171875,0.9364013671875,487.0564270019531,573.5562744140625,20250225-155402
343,18446744073709551615,0,0.9248046875,78.03314208984375,436.7803955078125,1210.71240234375,988.9473266601562,20250225-155402
344,18446744073709551615,0,0.32763671875,851.2388305664062,1878.919677734375,40.676513671875,222.66000366210938,20250225-155402
344,18446744073709551615,0,0.442626953125,624.6359252929688,1371.40869140625,209.79345703125,211.44012451171875,20250225-155402
344,18446744073709551615,0,0.5205078125,640.646484375,584.1011352539062,196.0133056640625,156.1527099609375,20250225-155402
344,18446744073709551615,0,0.62158203125,658.552490234375,416.34149169921875,111.15472412109375,166.34967041015625,20250225-155402
344,18446744073709551615,0,0.8291015625,628.98046875,279.29547119140625,189.81504821777344,280.0124816894531,20250225-155402
344,18446744073709551615,0,0.83056640625,609.069580078125,1626.9539794921875,293.0460205078125,300.8822937011719,20250225-155402
344,18446744073709551615,0,0.921875,88.70654296875,433.8785400390625,1215.75732421875,978.25048828125,20250225-155402
344,18446744073709551615,0,0.9267578125,498.54473876953125,0.8113861083984375,490.9827880859375,572.779052734375,20250225-155402
345,18446744073709551615,0,0.313232421875,858.9959106445312,1880.082763671875,39.4888916015625,214.98953247070312,20250225-155403
345,18446744073709551615,0,0.583984375,625.299072265625,1377.7203369140625,205.98944091796875,291.1087646484375,20250225-155403
345,18446744073709551615,0,0.6298828125,640.1204223632812,572.6226806640625,217.27999877929688,162.36593627929688,20250225-155403
345,18446744073709551615,0,0.63427734375,658.3856201171875,414.83734130859375,113.73765563964844,166.41357421875,20250225-155403
345,18446744073709551615,0,0.81396484375,608.5927734375,1629.6533203125,290.3466796875,301.234130859375,20250225-155403
345,18446744073709551615,0,0.84814453125,629.8690185546875,282.6587219238281,187.45962524414062,276.099609375,20250225-155403
345,18446744073709551615,0,0.923828125,84.57843017578125,435.1307373046875,1214.0225830078125,982.2628784179688,20250225-155403
345,18446744073709551615,0,0.92724609375,498.71484375,0.988037109375,491.47845458984375,572.7347412109375,20250225-155403
346,18446744073709551615,0,0.26123046875,853.1002807617188,1878.7313232421875,40.8621826171875,220.27102661132812,20250225-155403
346,18446744073709551615,0,0.61767578125,623.6500244140625,1373.64208984375,215.564208984375,295.153564453125,20250225-155403
346,18446744073709551615,0,0.64892578125,658.7828979492188,415.1835021972656,116.33395385742188,166.68612670898438,20250225-155403
346,18446744073709551615,0,0.66455078125,639.8926391601562,575.126708984375,216.57046508789062,164.02999877929688,20250225-155403
346,18446744073709551615,0,0.80126953125,609.9432373046875,1631.1683349609375,288.8316650390625,301.21051025390625,20250225-155403
346,18446744073709551615,0,0.8369140625,630.7977905273438,283.71392822265625,186.39317321777344,270.6473693847656,20250225-155403
346,18446744073709551615,0,0.92431640625,81.51828002929688,432.2083740234375,1216.3406982421875,985.12060546875,20250225-155403
346,18446744073709551615,0,0.93017578125,499.1635437011719,0.989593505859375,492.8115234375,571.6353149414062,20250225-155403
347,18446744073709551615,0,0.2288818359375,857.15185546875,1879.37890625,40.289794921875,215.88034057617188,20250225-155403
347,18446744073709551615,0,0.4833984375,625.7931518554688,1372.12939453125,214.75872802734375,295.5663757324219,20250225-155403
347,18446744073709551615,0,0.68017578125,639.9644775390625,564.5657958984375,227.62728881835938,168.4771728515625,20250225-155403
347,18446744073709551615,0,0.70068359375,659.8280029296875,415.009765625,115.72393798828125,165.804931640625,20250225-155403
347,18446744073709551615,0,0.8193359375,633.5987548828125,285.07177734375,184.53945922851562,269.8605651855469,20250225-155403
347,18446744073709551615,0,0.822265625,610.385986328125,1630.462646484375,289.537353515625,298.15869140625,20250225-155403
347,18446744073709551615,0,0.92236328125,84.85565185546875,430.35205078125,1217.41943359375,981.7921142578125,20250225-155403
347,18446744073709551615,0,0.92626953125,498.6661376953125,0.811798095703125,493.04058837890625,572.6361694335938,20250225-155403
348,18446744073709551615,0,0.28369140625,854.8177490234375,1879.4560546875,40.11712646484375,218.69439697265625,20250225-155403
348,18446744073709551615,0,0.447509765625,625.3890380859375,1367.82421875,214.707275390625,284.8237609863281,20250225-155403
348,18446744073709551615,0,0.65771484375,639.1473999023438,542.7451171875,249.10400390625,173.44711303710938,20250225-155403
348,18446744073709551615,0,0.69287109375,660.5736694335938,412.6645202636719,121.7384033203125,164.76333618164062,20250225-155403
348,18446744073709551615,0,0.77734375,631.3380126953125,282.50579833984375,188.4165802001953,272.10589599609375,20250225-155403
348,18446744073709551615,0,0.79833984375,610.9682006835938,1631.2518310546875,288.7481689453125,299.16632080078125,20250225-155403
348,18446744073709551615,0,0.92138671875,88.26727294921875,429.25250244140625,1219.430908203125,978.6586303710938,20250225-155403
348,18446744073709551615,0,0.92431640625,499.610595703125,0.737548828125,491.2515563964844,572.5927734375,20250225-155403
349,18446744073709551615,0,0.307373046875,853.1700439453125,1880.0408935546875,39.542724609375,220.25967407226562,20250225-155403
349,18446744073709551615,0,0.6689453125,625.2861328125,1375.1121826171875,213.14849853515625,289.1915588378906,20250225-155403
349,18446744073709551615,0,0.72021484375,659.55029296875,416.291748046875,127.81645202636719,165.44284057617188,20250225-155403
349,18446744073709551615,0,0.78271484375,638.1353759765625,521.4592895507812,269.5220947265625,183.07415771484375,20250225-155403
349,18446744073709551615,0,0.80419921875,610.730712890625,1631.8046875,288.19537353515625,298.55859375,20250225-155403
349,18446744073709551615,0,0.82177734375,633.157470703125,289.55755615234375,178.5051727294922,264.4230651855469,20250225-155403
349,18446744073709551615,0,0.9189453125,91.81539916992188,427.8658447265625,1220.7374267578125,975.0639038085938,20250225-155403
349,18446744073709551615,0,0.9267578125,498.85107421875,0.920013427734375,492.0270080566406,574.04150390625,20250225-155403
350,18446744073709551615,0,0.3583984375,849.1052856445312,1877.2796630859375,42.30450439453125,224.20742797851562,20250225-155403
350,18446744073709551615,0,0.62255859375,624.5755004882812,1374.8876953125,213.3955078125,289.6191101074219,20250225-155403
350,18446744073709551615,0,0.6689453125,658.5236206054688,417.553466796875,129.45181274414062,163.90914916992188,20250225-155403
350,18446744073709551615,0,0.80322265625,633.5787963867188,289.85809326171875,177.6682891845703,260.28826904296875,20250225-155403
350,18446744073709551615,0,0.8134765625,610.4782104492188,1629.71630859375,290.28369140625,298.468505859375,20250225-155403
350,18446744073709551615,0,0.8154296875,638.5941162109375,545.5496826171875,247.37191772460938,171.550048828125,20250225-155403
350,18446744073709551615,0,0.9228515625,81.82470703125,429.63983154296875,1219.031982421875,985.1303100585938,20250225-155403
350,18446744073709551615,0,0.9287109375,497.3529052734375,1.0031890869140625,494.82806396484375,573.563232421875,20250225-155403
351,18446744073709551615,0,0.2861328125,638.6819458007812,633.885009765625,157.28329467773438,83.16311645507812,20250225-155403
351,18446744073709551615,0,0.37841796875,843.254150390625,1877.1778564453125,42.31951904296875,229.84396362304688,20250225-155403
351,18446744073709551615,0,0.65771484375,624.6148681640625,1370.85791015625,215.6378173828125,290.7560119628906,20250225-155403
351,18446744073709551615,0,0.68505859375,660.318603515625,413.89068603515625,138.0464630126953,163.61434936523438,20250225-155403
351,18446744073709551615,0,0.81298828125,634.8158569335938,290.83612060546875,177.1197967529297,258.2688903808594,20250225-155403
351,18446744073709551615,0,0.822265625,637.9363403320312,541.6285400390625,249.8419189453125,174.6558837890625,20250225-155403
351,18446744073709551615,0,0.8349609375,610.3348388671875,1629.350830078125,290.649169921875,298.5194091796875,20250225-155403
351,18446744073709551615,0,0.923828125,82.72705078125,429.27252197265625,1219.2421875,984.142822265625,20250225-155403
351,18446744073709551615,0,0.92822265625,495.3621826171875,0.9907379150390625,495.54620361328125,575.941650390625,20250225-155403
352,18446744073709551615,0,0.281494140625,638.1480102539062,636.9439697265625,155.92501831054688,85.84634399414062,20250225-155403
352,18446744073709551615,0,0.359375,840.578369140625,1875.5830078125,43.80523681640625,234.64654541015625,20250225-155403
352,18446744073709551615,0,0.5888671875,626.200927734375,1367.109375,218.31683349609375,284.2220764160156,20250225-155403
352,18446744073709551615,0,0.69189453125,661.3392333984375,413.5181579589844,141.374267578125,162.37893676757812,20250225-155403
352,18446744073709551615,0,0.80859375,638.3924560546875,541.133056640625,252.26724243164062,177.48779296875,20250225-155403
352,18446744073709551615,0,0.81591796875,633.4605102539062,289.7581787109375,178.326416015625,258.6587219238281,20250225-155403
352,18446744073709551615,0,0.84033203125,610.5459594726562,1631.060791015625,288.93914794921875,295.94146728515625,20250225-155403
352,18446744073709551615,0,0.92236328125,84.34675598144531,427.89056396484375,1220.615966796875,982.297119140625,20250225-155403
352,18446744073709551615,0,0.93115234375,497.7242431640625,1.1908721923828125,495.3089599609375,573.7591552734375,20250225-155403
353,18446744073709551615,0,0.384033203125,840.9759521484375,1874.231689453125,45.36566162109375,233.38623046875,20250225-155403
353,18446744073709551615,0,0.65234375,625.7949829101562,1368.7060546875,218.49627685546875,289.22552490234375,20250225-155403
353,18446744073709551615,0,0.79296875,633.8753662109375,289.0653991699219,179.41433715820312,256.19842529296875,20250225-155403
353,18446744073709551615,0,0.802734375,661.7213745117188,412.95758056640625,145.8750457763672,162.933837890625,20250225-155403
353,18446744073709551615,0,0.83642578125,638.5030517578125,545.8466796875,247.04891967773438,175.04379272460938,20250225-155403
353,18446744073709551615,0,0.83837890625,610.5151977539062,1633.8570556640625,286.10247802734375,296.85791015625,20250225-155403
353,18446744073709551615,0,0.92041015625,85.17050170898438,426.2335205078125,1220.5030517578125,981.7401123046875,20250225-155403
353,18446744073709551615,0,0.92919921875,497.84527587890625,0.818756103515625,494.65704345703125,573.4505615234375,20250225-155403
354,18446744073709551615,0,0.2193603515625,637.5509033203125,640.214111328125,156.37655639648438,80.71490478515625,20250225-155403
354,18446744073709551615,0,0.345947265625,835.9588623046875,1873.956298828125,45.41619873046875,238.92251586914062,20250225-155403
354,18446744073709551615,0,0.662109375,625.4562377929688,1370.9022216796875,217.203369140625,289.8091735839844,20250225-155403
354,18446744073709551615,0,0.76123046875,661.2463989257812,410.54248046875,148.79727172851562,162.59930419921875,20250225-155403
354,18446744073709551615,0,0.79833984375,634.2523193359375,290.93609619140625,176.88519287109375,256.50164794921875,20250225-155403
354,18446744073709551615,0,0.83837890625,637.47021484375,547.1732177734375,251.3115234375,174.9869384765625,20250225-155403
354,18446744073709551615,0,0.84765625,610.5025634765625,1634.15771484375,284.63470458984375,296.1924133300781,20250225-155403
354,18446744073709551615,0,0.91796875,84.52359008789062,435.69281005859375,1204.830322265625,981.9091186523438,20250225-155403
354,18446744073709551615,0,0.92919921875,498.5855712890625,1.0268096923828125,495.82391357421875,573.018798828125,20250225-155403
355,18446744073709551615,0,0.303955078125,836.50634765625,1869.507568359375,49.9951171875,236.09921264648438,20250225-155403
355,18446744073709551615,0,0.3310546875,638.2867431640625,641.439453125,156.73013305664062,83.1068115234375,20250225-155403
355,18446744073709551615,0,0.66552734375,624.2499389648438,1370.4189453125,219.65423583984375,287.9691467285156,20250225-155403
355,18446744073709551615,0,0.72314453125,659.0390625,410.56439208984375,152.36782836914062,163.51968383789062,20250225-155403
355,18446744073709551615,0,0.822265625,637.5699462890625,550.0654907226562,249.09100341796875,175.03756713867188,20250225-155403
355,18446744073709551615,0,0.8251953125,634.2394409179688,291.7510986328125,175.3201904296875,255.25588989257812,20250225-155403
355,18446744073709551615,0,0.8408203125,610.345458984375,1632.964599609375,285.92706298828125,295.3775939941406,20250225-155403
355,18446744073709551615,0,0.92333984375,81.67021179199219,428.25439453125,1220.5799560546875,985.4959716796875,20250225-155403
355,18446744073709551615,0,0.9306640625,498.1318359375,1.195220947265625,494.3030090332031,573.6329956054688,20250225-155403
356,18446744073709551615,0,0.323486328125,637.7821655273438,642.5687255859375,157.43069458007812,82.36257934570312,20250225-155403
356,18446744073709551615,0,0.414794921875,832.6961059570312,1871.0775146484375,48.32501220703125,242.55963134765625,20250225-155403
356,18446744073709551615,0,0.58984375,625.36376953125,1370.9300537109375,219.5343017578125,290.59130859375,20250225-155403
356,18446744073709551615,0,0.74072265625,661.1888427734375,412.47930908203125,149.06190490722656,162.13201904296875,20250225-155403
356,18446744073709551615,0,0.82373046875,635.2733154296875,292.80780029296875,176.04464721679688,256.31982421875,20250225-155403
356,18446744073709551615,0,0.82958984375,637.0096435546875,552.2928466796875,248.39126586914062,175.38858032226562,20250225-155403
356,18446744073709551615,0,0.84033203125,609.999755859375,1637.4364013671875,282.28399658203125,295.5621643066406,20250225-155403
356,18446744073709551615,0,0.92333984375,85.36065673828125,426.25323486328125,1221.08544921875,981.6895751953125,20250225-155403
356,18446744073709551615,0,0.9326171875,498.06756591796875,1.0245208740234375,494.77020263671875,573.3939208984375,20250225-155403
357,18446744073709551615,0,0.27978515625,638.0489501953125,642.7146606445312,157.4945068359375,83.77706909179688,20250225-155403
357,18446744073709551615,0,0.439697265625,832.5855102539062,1872.3153076171875,47.0064697265625,242.7293701171875,20250225-155403
357,18446744073709551615,0,0.662109375,625.676513671875,1371.61376953125,214.5142822265625,291.8663635253906,20250225-155403
357,18446744073709551615,0,0.7421875,660.2637939453125,414.9469299316406,148.2781219482422,162.94683837890625,20250225-155403
357,18446744073709551615,0,0.822265625,610.551513671875,1634.434814453125,285.27392578125,296.10369873046875,20250225-155403
357,18446744073709551615,0,0.82763671875,637.195556640625,550.3719482421875,250.51034545898438,177.90435791015625,20250225-155403
357,18446744073709551615,0,0.8330078125,635.00537109375,292.97344970703125,176.40943908691406,255.74917602539062,20250225-155403
357,18446744073709551615,0,0.9228515625,91.53762817382812,428.02130126953125,1219.755615234375,975.3590698242188,20250225-155403
357,18446744073709551615,0,0.93359375,498.79266357421875,0.840545654296875,495.1585693359375,572.7554931640625,20250225-155403
358,18446744073709551615,0,0.448486328125,831.8688354492188,1871.502197265625,47.81982421875,243.04092407226562,20250225-155404
358,18446744073709551615,0,0.462890625,637.7828979492188,645.556396484375,155.25027465820312,79.29318237304688,20250225-155404
358,18446744073709551615,0,0.650390625,625.76220703125,1369.076171875,216.31787109375,291.576416015625,20250225-155404
358,18446744073709551615,0,0.7734375,661.8438720703125,411.88128662109375,150.29273986816406,162.18154907226562,20250225-155404
358,18446744073709551615,0,0.80322265625,637.56494140625,553.689208984375,249.07131958007812,176.22125244140625,20250225-155404
358,18446744073709551615,0,0.80517578125,634.6707763671875,291.64068603515625,178.3479766845703,257.8641357421875,20250225-155404
358,18446744073709551615,0,0.82666015625,610.5692138671875,1634.5654296875,285.3160400390625,291.37298583984375,20250225-155404
358,18446744073709551615,0,0.9228515625,85.92196655273438,426.20819091796875,1222.6593017578125,981.0031127929688,20250225-155404
358,18446744073709551615,0,0.93115234375,498.963134765625,1.018524169921875,494.8017578125,572.7566528320312,20250225-155404
