frame_num,object_id,class_id,confidence,top,left,width,height,timestamp
3603,18446744073709551615,0,0.4130859375,674.3021850585938,962.4345703125,30.817108154296875,65.59817504882812,20250225-154854
3603,18446744073709551615,0,0.43017578125,659.8258056640625,1567.992919921875,113.78997802734375,110.83721923828125,20250225-154854
3603,18446744073709551615,0,0.611328125,679.6301879882812,755.20703125,73.28521728515625,94.83956909179688,20250225-154854
3603,18446744073709551615,0,0.658203125,616.3826904296875,1187.50732421875,305.4286193847656,380.69091796875,20250225-154854
3603,18446744073709551615,0,0.6748046875,661.2368774414062,885.359375,83.813232421875,110.22280883789062,20250225-154854
3603,18446744073709551615,0,0.7001953125,695.1357421875,830.1807861328125,76.05972290039062,104.38330078125,20250225-154854
3603,18446744073709551615,0,0.70751953125,678.5108642578125,506.96453857421875,102.9437255859375,115.57809448242188,20250225-154854
3603,18446744073709551615,0,0.71484375,617.3662719726562,1569.8397216796875,350.1602783203125,349.56298828125,20250225-154854
3603,18446744073709551615,0,0.73583984375,726.323974609375,1449.0986328125,63.676025390625,51.052734375,20250225-154854
3603,18446744073709551615,0,0.77783203125,661.4344482421875,325.9269104003906,159.42279052734375,162.36080932617188,20250225-154854
3603,18446744073709551615,0,0.78515625,619.4108276367188,528.1458740234375,256.7359313964844,285.1698303222656,20250225-154854
3603,18446744073709551615,0,0.9033203125,567.57080078125,0.7469329833984375,451.07861328125,503.8311767578125,20250225-154854
3603,18446744073709551615,0,0.9384765625,280.7456359863281,601.6345825195312,907.017333984375,789.5293579101562,20250225-154854
3604,18446744073709551615,0,0.392333984375,673.7215576171875,962.0196533203125,31.573883056640625,64.5845947265625,20250225-154854
3604,18446744073709551615,0,0.494140625,659.177490234375,1568.13427734375,113.25933837890625,111.62814331054688,20250225-154854
3604,18446744073709551615,0,0.64794921875,679.4468994140625,754.8075561523438,73.56266784667969,94.87811279296875,20250225-154854
3604,18446744073709551615,0,0.66552734375,617.0176391601562,1572.21533203125,347.1328125,345.6413269042969,20250225-154854
3604,18446744073709551615,0,0.68603515625,661.9229736328125,887.3161010742188,84.83065795898438,108.59857177734375,20250225-154854
3604,18446744073709551615,0,0.69921875,694.2188720703125,830.335693359375,80.16842651367188,108.82232666015625,20250225-154854
3604,18446744073709551615,0,0.70751953125,677.8343505859375,506.74951171875,103.85870361328125,117.4837646484375,20250225-154854
3604,18446744073709551615,0,0.73486328125,617.4342041015625,1186.73779296875,308.76580810546875,398.26629638671875,20250225-154854
3604,18446744073709551615,0,0.75634765625,726.1499633789062,1448.9697265625,63.621826171875,51.80511474609375,20250225-154854
3604,18446744073709551615,0,0.765625,659.2274780273438,324.5649719238281,160.435546875,165.69140625,20250225-154854
3604,18446744073709551615,0,0.767578125,619.2344970703125,528.37646484375,259.5897216796875,284.8334655761719,20250225-154854
3604,18446744073709551615,0,0.90283203125,568.06884765625,0.9321441650390625,450.77349853515625,503.411865234375,20250225-154854
3604,18446744073709551615,0,0.93994140625,282.649658203125,599.89453125,908.6065063476562,788.5977172851562,20250225-154854
3605,18446744073709551615,0,0.33544921875,659.4010620117188,1568.0482177734375,113.48236083984375,111.13348388671875,20250225-154854
3605,18446744073709551615,0,0.381103515625,674.1289672851562,963.57421875,29.503143310546875,63.783966064453125,20250225-154854
3605,18446744073709551615,0,0.64892578125,678.6458129882812,754.41796875,75.8463134765625,95.41488647460938,20250225-154854
3605,18446744073709551615,0,0.64892578125,661.0836181640625,890.3717651367188,83.3096923828125,109.47024536132812,20250225-154854
3605,18446744073709551615,0,0.68359375,694.6495971679688,831.1272583007812,78.47616577148438,107.68515014648438,20250225-154854
3605,18446744073709551615,0,0.7001953125,678.008056640625,506.471923828125,105.90275573730469,118.37997436523438,20250225-154854
3605,18446744073709551615,0,0.70654296875,726.2521362304688,1448.262451171875,63.841094970703125,51.826995849609375,20250225-154854
3605,18446744073709551615,0,0.73388671875,616.6417236328125,1569.43212890625,350.50616455078125,351.41162109375,20250225-154854
3605,18446744073709551615,0,0.73388671875,658.6915283203125,325.1272888183594,160.05477905273438,166.30929565429688,20250225-154854
3605,18446744073709551615,0,0.75341796875,619.2160034179688,529.25830078125,261.6943359375,283.3625793457031,20250225-154854
3605,18446744073709551615,0,0.7919921875,616.96875,1194.86328125,298.00360107421875,376.5794677734375,20250225-154854
3605,18446744073709551615,0,0.89892578125,567.6934204101562,0.92816162109375,451.02410888671875,503.42120361328125,20250225-154854
3605,18446744073709551615,0,0.9404296875,280.404296875,599.4471435546875,908.65576171875,790.8167724609375,20250225-154854
3606,18446744073709551615,0,0.453369140625,659.415771484375,1567.929443359375,112.8731689453125,111.53192138671875,20250225-154854
3606,18446744073709551615,0,0.63232421875,693.636962890625,831.0653686523438,80.14187622070312,109.3355712890625,20250225-154854
3606,18446744073709551615,0,0.6396484375,661.167724609375,892.3167114257812,84.67556762695312,111.5716552734375,20250225-154854
3606,18446744073709551615,0,0.66259765625,679.5602416992188,755.5321044921875,71.55148315429688,93.53457641601562,20250225-154854
3606,18446744073709551615,0,0.673828125,678.6036987304688,506.23974609375,105.92884826660156,118.98953247070312,20250225-154854
3606,18446744073709551615,0,0.68505859375,726.3013916015625,1447.88623046875,65.93408203125,53.138397216796875,20250225-154854
3606,18446744073709551615,0,0.72412109375,616.9508056640625,1570.691162109375,349.13800048828125,352.0044250488281,20250225-154854
3606,18446744073709551615,0,0.7392578125,618.7007446289062,528.384521484375,286.3216552734375,287.2496337890625,20250225-154854
3606,18446744073709551615,0,0.7685546875,657.2938842773438,325.6971130371094,160.26416015625,168.03048706054688,20250225-154854
3606,18446744073709551615,0,0.791015625,617.1198120117188,1184.054931640625,306.2897644042969,365.01361083984375,20250225-154854
3606,18446744073709551615,0,0.900390625,567.4237060546875,0.5592498779296875,450.7974853515625,504.3175964355469,20250225-154854
3606,18446744073709551615,0,0.939453125,278.07733154296875,599.439697265625,908.6061401367188,793.2960205078125,20250225-154854
3607,18446744073709551615,0,0.223388671875,673.2982177734375,963.1726684570312,30.703125,67.13589477539062,20250225-154854
3607,18446744073709551615,0,0.337158203125,659.7394409179688,1567.6087646484375,112.93560791015625,110.58050537109375,20250225-154854
3607,18446744073709551615,0,0.6435546875,660.321533203125,892.7681884765625,87.01593017578125,111.62466430664062,20250225-154854
3607,18446744073709551615,0,0.65673828125,679.5626220703125,755.08837890625,72.29855346679688,93.83999633789062,20250225-154854
3607,18446744073709551615,0,0.6689453125,679.2264404296875,506.81805419921875,105.16268920898438,116.01763916015625,20250225-154854
3607,18446744073709551615,0,0.7099609375,694.4019775390625,830.33203125,78.86929321289062,108.77508544921875,20250225-154854
3607,18446744073709551615,0,0.751953125,619.0160522460938,528.5348510742188,272.2279357910156,287.3696594238281,20250225-154854
3607,18446744073709551615,0,0.77978515625,726.4850463867188,1447.023193359375,66.95681762695312,52.351593017578125,20250225-154854
3607,18446744073709551615,0,0.78076171875,618.4671630859375,1182.10498046875,310.3845520019531,363.50390625,20250225-154854
3607,18446744073709551615,0,0.798828125,616.6294555664062,1567.604736328125,352.395263671875,352.3211975097656,20250225-154854
3607,18446744073709551615,0,0.8017578125,656.4369506835938,324.9136962890625,161.594970703125,168.5760498046875,20250225-154854
3607,18446744073709551615,0,0.90283203125,567.1590576171875,0.93896484375,450.15911865234375,504.56488037109375,20250225-154854
3607,18446744073709551615,0,0.94189453125,279.1236877441406,599.5973510742188,908.2999877929688,792.2122192382812,20250225-154854
3608,18446744073709551615,0,0.27197265625,659.860107421875,1568.098388671875,112.10321044921875,110.3536376953125,20250225-154854
3608,18446744073709551615,0,0.56005859375,620.1121215820312,1189.8160400390625,306.3500061035156,362.1429748535156,20250225-154854
3608,18446744073709551615,0,0.62353515625,692.9177856445312,827.5885620117188,87.0772705078125,111.69927978515625,20250225-154854
3608,18446744073709551615,0,0.6318359375,660.3989868164062,893.3831176757812,87.12149047851562,110.38055419921875,20250225-154854
3608,18446744073709551615,0,0.6533203125,679.4628295898438,755.4788208007812,71.20646667480469,94.02365112304688,20250225-154854
3608,18446744073709551615,0,0.7001953125,726.252685546875,1447.9268798828125,64.95098876953125,51.385528564453125,20250225-154854
3608,18446744073709551615,0,0.7080078125,679.351318359375,506.25750732421875,103.74412536621094,115.55484008789062,20250225-154854
3608,18446744073709551615,0,0.76904296875,619.3591918945312,528.7080688476562,280.63018798828125,285.1517028808594,20250225-154854
3608,18446744073709551615,0,0.8017578125,616.57470703125,1569.522216796875,350.0595703125,341.5882873535156,20250225-154854
3608,18446744073709551615,0,0.8134765625,656.1727294921875,324.9915771484375,160.84207153320312,168.67922973632812,20250225-154854
3608,18446744073709551615,0,0.89892578125,566.2267456054688,0.94427490234375,449.8926086425781,505.6304626464844,20250225-154854
3608,18446744073709551615,0,0.94091796875,277.72503662109375,600.5411987304688,906.45263671875,793.3309936523438,20250225-154854
3609,18446744073709551615,0,0.2005615234375,590.9912109375,165.05966186523438,164.13719177246094,350.9186096191406,20250225-154854
3609,18446744073709551615,0,0.291015625,660.0853271484375,1568.088134765625,111.48651123046875,110.03933715820312,20250225-154854
3609,18446744073709551615,0,0.6435546875,659.977294921875,894.4257202148438,86.13693237304688,111.07965087890625,20250225-154854
3609,18446744073709551615,0,0.66455078125,693.7738037109375,829.302734375,81.7694091796875,110.91256713867188,20250225-154854
3609,18446744073709551615,0,0.69189453125,680.7698974609375,755.3043823242188,67.4249267578125,92.12457275390625,20250225-154854
3609,18446744073709551615,0,0.70166015625,680.2236328125,505.9324951171875,105.46348571777344,113.80279541015625,20250225-154854
3609,18446744073709551615,0,0.74755859375,725.861328125,1446.49560546875,66.77178955078125,51.7049560546875,20250225-154854
3609,18446744073709551615,0,0.767578125,619.0506591796875,528.2990112304688,262.7606506347656,285.0594177246094,20250225-154854
3609,18446744073709551615,0,0.7861328125,618.3109130859375,1207.853515625,285.2293395996094,370.1103515625,20250225-154854
3609,18446744073709551615,0,0.8173828125,616.9385375976562,1568.58056640625,351.41949462890625,351.0581359863281,20250225-154854
3609,18446744073709551615,0,0.826171875,655.93359375,324.89117431640625,159.16983032226562,169.15621948242188,20250225-154854
3609,18446744073709551615,0,0.89453125,565.5611572265625,0.93896484375,451.48712158203125,506.47998046875,20250225-154854
3609,18446744073709551615,0,0.93896484375,275.5362548828125,600.17431640625,905.7861328125,794.7037353515625,20250225-154854
3610,18446744073709551615,0,0.458984375,660.036865234375,1568.167236328125,111.46893310546875,110.90130615234375,20250225-154854
3610,18446744073709551615,0,0.6123046875,725.965087890625,1446.8359375,65.54818725585938,52.00762939453125,20250225-154854
3610,18446744073709551615,0,0.61962890625,693.44287109375,825.75,88.28118896484375,109.56939697265625,20250225-154854
3610,18446744073709551615,0,0.63330078125,658.9876098632812,893.2904663085938,85.06842041015625,113.82723999023438,20250225-154854
3610,18446744073709551615,0,0.68603515625,681.380859375,755.6986694335938,67.89436340332031,91.71798706054688,20250225-154854
3610,18446744073709551615,0,0.71142578125,679.5880737304688,506.03741455078125,105.67959594726562,116.62490844726562,20250225-154854
3610,18446744073709551615,0,0.744140625,618.6293334960938,528.2379150390625,260.1882019042969,286.1562194824219,20250225-154854
3610,18446744073709551615,0,0.7529296875,617.4713134765625,1198.7333984375,293.7375183105469,364.2857666015625,20250225-154854
3610,18446744073709551615,0,0.767578125,617.1402587890625,1569.20947265625,350.79052734375,348.2109375,20250225-154854
3610,18446744073709551615,0,0.82275390625,655.7620849609375,325.61138916015625,159.60739135742188,167.97344970703125,20250225-154854
3610,18446744073709551615,0,0.8935546875,565.8416748046875,0.93292236328125,452.0589294433594,506.08795166015625,20250225-154854
3610,18446744073709551615,0,0.93896484375,273.2778625488281,600.376220703125,905.9243774414062,797.0637817382812,20250225-154854
3611,18446744073709551615,0,0.203125,592.5375366210938,174.03811645507812,154.0530548095703,345.31402587890625,20250225-154854
3611,18446744073709551615,0,0.3896484375,659.8699951171875,1567.66748046875,112.2117919921875,110.71719360351562,20250225-154854
3611,18446744073709551615,0,0.5166015625,694.0098266601562,830.9964599609375,82.8607177734375,108.87844848632812,20250225-154854
3611,18446744073709551615,0,0.61962890625,680.537841796875,755.7125244140625,74.900390625,93.43936157226562,20250225-154854
3611,18446744073709551615,0,0.626953125,726.0660400390625,1445.4891357421875,66.94573974609375,51.2625732421875,20250225-154854
3611,18446744073709551615,0,0.65478515625,657.8250732421875,893.90185546875,86.49005126953125,113.17218017578125,20250225-154854
3611,18446744073709551615,0,0.71240234375,679.9561767578125,506.7906188964844,112.76683044433594,115.72943115234375,20250225-154854
3611,18446744073709551615,0,0.7578125,618.6671142578125,528.4713134765625,264.568359375,286.03399658203125,20250225-154854
3611,18446744073709551615,0,0.76708984375,617.375244140625,1186.7197265625,303.3576965332031,359.4927978515625,20250225-154854
3611,18446744073709551615,0,0.8154296875,616.685302734375,1568.939208984375,351.060791015625,348.3285827636719,20250225-154854
3611,18446744073709551615,0,0.81640625,655.7828369140625,331.6463928222656,153.74295043945312,168.230712890625,20250225-154854
3611,18446744073709551615,0,0.89306640625,564.8710327148438,0.7471160888671875,453.66107177734375,507.17816162109375,20250225-154854
3611,18446744073709551615,0,0.9365234375,274.92486572265625,600.339111328125,906.0426635742188,795.5079345703125,20250225-154854
3612,18446744073709551615,0,0.35400390625,659.839599609375,1567.6124267578125,112.05999755859375,109.8460693359375,20250225-154854
3612,18446744073709551615,0,0.454345703125,726.1361083984375,1444.4666748046875,67.85833740234375,51.1212158203125,20250225-154854
3612,18446744073709551615,0,0.61865234375,693.47900390625,826.6470336914062,85.76449584960938,107.9091796875,20250225-154854
3612,18446744073709551615,0,0.658203125,658.3419189453125,894.3030395507812,86.36306762695312,113.62591552734375,20250225-154854
3612,18446744073709551615,0,0.67236328125,681.0053100585938,755.57470703125,72.36419677734375,91.48443603515625,20250225-154854
3612,18446744073709551615,0,0.7177734375,679.8328857421875,507.65478515625,107.502685546875,116.09271240234375,20250225-154854
3612,18446744073709551615,0,0.7734375,654.4008178710938,326.45025634765625,158.39666748046875,171.509765625,20250225-154854
3612,18446744073709551615,0,0.7890625,617.9668579101562,1184.7421875,306.6056213378906,357.3820495605469,20250225-154854
3612,18446744073709551615,0,0.79443359375,618.511962890625,529.0751953125,270.41015625,283.75726318359375,20250225-154854
3612,18446744073709551615,0,0.82177734375,616.619384765625,1568.7440185546875,351.20343017578125,344.06048583984375,20250225-154854
3612,18446744073709551615,0,0.896484375,565.30810546875,0.7498626708984375,452.52923583984375,506.3243408203125,20250225-154854
3612,18446744073709551615,0,0.9375,273.673828125,598.23779296875,909.778564453125,797.69677734375,20250225-154854
3613,18446744073709551615,0,0.373779296875,659.6370849609375,1567.5589599609375,112.10723876953125,110.48629760742188,20250225-154854
3613,18446744073709551615,0,0.412109375,692.5061645507812,823.43359375,91.97772216796875,111.22769165039062,20250225-154854
3613,18446744073709551615,0,0.541015625,726.16064453125,1443.5294189453125,69.82196044921875,56.109375,20250225-154854
3613,18446744073709551615,0,0.66796875,658.4844970703125,894.24169921875,85.81951904296875,113.810302734375,20250225-154854
3613,18446744073709551615,0,0.67236328125,680.9105224609375,756.239013671875,71.73371887207031,92.28369140625,20250225-154854
3613,18446744073709551615,0,0.71044921875,617.2435302734375,1184.19775390625,307.0212707519531,365.4356689453125,20250225-154854
3613,18446744073709551615,0,0.72509765625,679.87939453125,507.73101806640625,103.18093872070312,117.51846313476562,20250225-154854
3613,18446744073709551615,0,0.7841796875,618.6986083984375,528.548095703125,277.1873474121094,283.44305419921875,20250225-154854
3613,18446744073709551615,0,0.8056640625,616.8614501953125,1567.922607421875,352.077392578125,348.7733459472656,20250225-154854
3613,18446744073709551615,0,0.818359375,653.1238403320312,326.7348327636719,158.59408569335938,172.37484741210938,20250225-154854
3613,18446744073709551615,0,0.896484375,567.0408325195312,0.552337646484375,453.0882568359375,504.6603698730469,20250225-154854
3613,18446744073709551615,0,0.93798828125,273.7652893066406,600.1107788085938,906.583740234375,796.9063110351562,20250225-154854
3614,18446744073709551615,0,0.2166748046875,594.1673583984375,177.51951599121094,151.0312957763672,347.597900390625,20250225-154854
3614,18446744073709551615,0,0.3056640625,660.4757080078125,1566.46875,112.05523681640625,110.62490844726562,20250225-154854
3614,18446744073709551615,0,0.5478515625,725.6685791015625,1443.368896484375,69.96707153320312,55.38775634765625,20250225-154854
3614,18446744073709551615,0,0.64599609375,682.1224365234375,755.662841796875,74.53166198730469,89.97280883789062,20250225-154854
3614,18446744073709551615,0,0.6494140625,693.4984130859375,821.6026611328125,90.03213500976562,107.35812377929688,20250225-154854
3614,18446744073709551615,0,0.65673828125,659.1439819335938,893.057373046875,86.19570922851562,113.71829223632812,20250225-154854
3614,18446744073709551615,0,0.68359375,617.1036376953125,1192.43115234375,295.5727844238281,353.15350341796875,20250225-154854
3614,18446744073709551615,0,0.6943359375,680.215576171875,508.2950134277344,106.05235290527344,115.99063110351562,20250225-154854
3614,18446744073709551615,0,0.77978515625,618.61669921875,528.2196044921875,285.724365234375,282.0898132324219,20250225-154854
3614,18446744073709551615,0,0.7890625,616.7935180664062,1567.2030029296875,352.7969970703125,345.100341796875,20250225-154854
3614,18446744073709551615,0,0.826171875,653.8756713867188,325.73651123046875,159.65658569335938,171.71878051757812,20250225-154854
3614,18446744073709551615,0,0.89306640625,567.9422607421875,0.548858642578125,453.061767578125,503.92877197265625,20250225-154854
3614,18446744073709551615,0,0.9375,276.9573974609375,600.2608032226562,907.598876953125,793.6834716796875,20250225-154854
3615,18446744073709551615,0,0.28857421875,624.3583374023438,188.1614990234375,139.2626495361328,319.27642822265625,20250225-154854
3615,18446744073709551615,0,0.35498046875,659.6043701171875,1567.336669921875,111.72564697265625,110.7744140625,20250225-154854
3615,18446744073709551615,0,0.5859375,725.738525390625,1442.9659423828125,70.18203735351562,54.2874755859375,20250225-154854
3615,18446744073709551615,0,0.61962890625,659.1566162109375,893.959716796875,85.46804809570312,112.90667724609375,20250225-154854
3615,18446744073709551615,0,0.66015625,683.114501953125,755.3253173828125,72.04541015625,89.40005493164062,20250225-154854
3615,18446744073709551615,0,0.68994140625,693.9545288085938,829.6891479492188,84.18695068359375,107.56796264648438,20250225-154854
3615,18446744073709551615,0,0.69677734375,618.2056274414062,1182.1968994140625,310.55255126953125,367.1042175292969,20250225-154854
3615,18446744073709551615,0,0.7041015625,681.7193603515625,508.0147705078125,108.41954040527344,114.14593505859375,20250225-154854
3615,18446744073709551615,0,0.783203125,618.3151245117188,528.8212280273438,290.12054443359375,283.8747253417969,20250225-154854
3615,18446744073709551615,0,0.794921875,652.9410400390625,323.99713134765625,162.0846405029297,172.60858154296875,20250225-154854
3615,18446744073709551615,0,0.8232421875,616.6799926757812,1567.5296630859375,352.4703369140625,348.6882019042969,20250225-154854
3615,18446744073709551615,0,0.89794921875,567.66064453125,0.7467498779296875,453.271728515625,504.2900390625,20250225-154854
3615,18446744073709551615,0,0.9404296875,279.38433837890625,600.421142578125,906.6198120117188,791.1117553710938,20250225-154854
3616,18446744073709551615,0,0.250244140625,616.5357666015625,191.13082885742188,137.96963500976562,325.64520263671875,20250225-154854
3616,18446744073709551615,0,0.4130859375,659.6845092773438,1566.8909912109375,111.95269775390625,111.16415405273438,20250225-154854
3616,18446744073709551615,0,0.6103515625,725.7374267578125,1443.4366455078125,69.98089599609375,54.434967041015625,20250225-154854
3616,18446744073709551615,0,0.62353515625,658.9081420898438,893.7850341796875,84.92971801757812,113.184814453125,20250225-154854
3616,18446744073709551615,0,0.67919921875,683.5286865234375,754.9901733398438,77.2518310546875,89.33724975585938,20250225-154854
3616,18446744073709551615,0,0.69287109375,695.033203125,826.6854858398438,82.87857055664062,105.49081420898438,20250225-154854
3616,18446744073709551615,0,0.6982421875,618.6279296875,1190.493896484375,311.130615234375,363.82781982421875,20250225-154854
3616,18446744073709551615,0,0.70263671875,682.23046875,508.44891357421875,106.65696716308594,112.67312622070312,20250225-154854
3616,18446744073709551615,0,0.76904296875,618.7098388671875,528.736083984375,278.0079345703125,283.43023681640625,20250225-154854
3616,18446744073709551615,0,0.783203125,616.5338745117188,1567.426513671875,352.57342529296875,347.4461975097656,20250225-154854
3616,18446744073709551615,0,0.8056640625,653.6156616210938,334.6822509765625,151.44332885742188,171.79953002929688,20250225-154854
3616,18446744073709551615,0,0.89599609375,567.9307250976562,0.5538482666015625,452.9316101074219,503.67242431640625,20250225-154854
3616,18446744073709551615,0,0.94189453125,277.95721435546875,600.0152587890625,906.7113647460938,792.7510986328125,20250225-154854
3617,18446744073709551615,0,0.2568359375,618.5820922851562,187.42176818847656,140.50131225585938,325.6204833984375,20250225-154854
3617,18446744073709551615,0,0.27978515625,659.920654296875,1567.2923583984375,111.69195556640625,110.2144775390625,20250225-154854
3617,18446744073709551615,0,0.607421875,660.0463256835938,896.5909423828125,85.19137573242188,108.72463989257812,20250225-154854
3617,18446744073709551615,0,0.64892578125,692.9439697265625,828.362548828125,85.4937744140625,104.76992797851562,20250225-154854
3617,18446744073709551615,0,0.650390625,725.6385498046875,1444.28076171875,68.28369140625,52.800018310546875,20250225-154854
3617,18446744073709551615,0,0.67333984375,619.7257690429688,1184.3536376953125,316.0934143066406,364.4801330566406,20250225-154854
3617,18446744073709551615,0,0.71240234375,682.5546875,508.387451171875,106.46200561523438,114.3519287109375,20250225-154854
3617,18446744073709551615,0,0.71533203125,682.5140991210938,755.6861572265625,76.53900146484375,90.96890258789062,20250225-154854
3617,18446744073709551615,0,0.787109375,618.14208984375,528.5648803710938,297.0564880371094,285.5565490722656,20250225-154854
3617,18446744073709551615,0,0.822265625,652.8367309570312,328.02545166015625,159.03903198242188,172.47006225585938,20250225-154854
3617,18446744073709551615,0,0.83203125,616.9425659179688,1566.1461181640625,353.8538818359375,350.6839599609375,20250225-154854
3617,18446744073709551615,0,0.8994140625,567.5491333007812,0.5644683837890625,453.43408203125,504.07232666015625,20250225-154854
3617,18446744073709551615,0,0.94189453125,278.04425048828125,599.953857421875,907.2410888671875,792.62548828125,20250225-154854
3618,18446744073709551615,0,0.33447265625,660.0924682617188,1567.1033935546875,111.96405029296875,110.30648803710938,20250225-154854
3618,18446744073709551615,0,0.6298828125,659.521484375,898.0751953125,84.40219116210938,111.2215576171875,20250225-154854
3618,18446744073709551615,0,0.6513671875,692.631103515625,824.5462646484375,97.88177490234375,106.001220703125,20250225-154854
3618,18446744073709551615,0,0.66015625,725.7724609375,1445.73583984375,66.579345703125,52.96929931640625,20250225-154854
3618,18446744073709551615,0,0.712890625,683.2611694335938,508.145263671875,109.50100708007812,112.20547485351562,20250225-154854
3618,18446744073709551615,0,0.7216796875,621.6703491210938,1190.6214599609375,300.1768798828125,311.0131530761719,20250225-154854
3618,18446744073709551615,0,0.72802734375,682.7640380859375,755.068115234375,75.56167602539062,90.14620971679688,20250225-154854
3618,18446744073709551615,0,0.76123046875,618.2919921875,527.4490356445312,286.45550537109375,285.89996337890625,20250225-154854
3618,18446744073709551615,0,0.8076171875,652.64501953125,332.6226501464844,153.07778930664062,173.51925659179688,20250225-154854
3618,18446744073709551615,0,0.8291015625,616.6043701171875,1566.3409423828125,353.6590576171875,348.3320617675781,20250225-154854
3618,18446744073709551615,0,0.89599609375,566.3885498046875,0.91937255859375,453.0204162597656,505.13946533203125,20250225-154854
3618,18446744073709551615,0,0.93798828125,276.29864501953125,598.2117919921875,910.1363525390625,794.9503784179688,20250225-154854
3619,18446744073709551615,0,0.20947265625,595.3350219726562,176.7471466064453,151.9658966064453,344.8973693847656,20250225-154854
3619,18446744073709551615,0,0.3876953125,659.5155029296875,1567.5223388671875,111.97796630859375,111.02618408203125,20250225-154854
3619,18446744073709551615,0,0.56298828125,725.7753295898438,1446.581298828125,65.61227416992188,52.498992919921875,20250225-154854
3619,18446744073709551615,0,0.63232421875,692.075439453125,819.0906372070312,97.60006713867188,106.30718994140625,20250225-154854
3619,18446744073709551615,0,0.64501953125,659.7796630859375,897.9973754882812,84.74478149414062,110.56494140625,20250225-154854
3619,18446744073709551615,0,0.6982421875,683.8621215820312,508.8818664550781,110.10969543457031,111.31622314453125,20250225-154854
3619,18446744073709551615,0,0.72021484375,683.1476440429688,755.0702514648438,77.07270812988281,90.18576049804688,20250225-154854
3619,18446744073709551615,0,0.7470703125,618.627197265625,528.0840454101562,284.5462646484375,285.560302734375,20250225-154854
3619,18446744073709551615,0,0.7568359375,621.1920166015625,1197.134033203125,293.1693420410156,320.771484375,20250225-154854
3619,18446744073709551615,0,0.7958984375,616.9601440429688,1567.75048828125,352.24951171875,350.9160461425781,20250225-154854
3619,18446744073709551615,0,0.81982421875,653.1209716796875,329.475341796875,155.78683471679688,173.0474853515625,20250225-154854
3619,18446744073709551615,0,0.8974609375,566.7775268554688,0.93475341796875,453.07647705078125,504.548583984375,20250225-154854
3619,18446744073709551615,0,0.939453125,273.21240234375,598.51123046875,910.6283569335938,797.9481811523438,20250225-154854
3620,18446744073709551615,0,0.5068359375,660.112060546875,1567.32861328125,111.86114501953125,111.0347900390625,20250225-154854
3620,18446744073709551615,0,0.58984375,726.031005859375,1444.321533203125,67.91473388671875,52.17095947265625,20250225-154854
3620,18446744073709551615,0,0.64404296875,660.1043701171875,898.4949951171875,84.07122802734375,111.03497314453125,20250225-154854
3620,18446744073709551615,0,0.66015625,692.6246337890625,825.7948608398438,95.22802734375,105.29974365234375,20250225-154854
3620,18446744073709551615,0,0.67724609375,684.4478759765625,508.1417541503906,107.04368591308594,109.82913208007812,20250225-154854
3620,18446744073709551615,0,0.681640625,621.74755859375,1203.191650390625,281.4388732910156,271.89715576171875,20250225-154854
3620,18446744073709551615,0,0.69091796875,683.4913330078125,752.6725463867188,79.39933776855469,89.96749877929688,20250225-154854
3620,18446744073709551615,0,0.75146484375,618.8388061523438,527.8602905273438,264.4951171875,287.98699951171875,20250225-154854
3620,18446744073709551615,0,0.78857421875,653.883544921875,333.0391845703125,152.18472290039062,173.13409423828125,20250225-154854
3620,18446744073709551615,0,0.7958984375,616.9150390625,1569.376220703125,350.62371826171875,351.4544677734375,20250225-154854
3620,18446744073709551615,0,0.89892578125,567.5575561523438,0.5493621826171875,454.0994567871094,503.9090881347656,20250225-154854
3620,18446744073709551615,0,0.943359375,272.5892028808594,598.7876586914062,909.9889526367188,798.9669799804688,20250225-154854
3621,18446744073709551615,0,0.4599609375,659.947509765625,1566.854736328125,112.4835205078125,111.465087890625,20250225-154854
3621,18446744073709551615,0,0.509765625,726.0994262695312,1446.583984375,65.7425537109375,52.077301025390625,20250225-154854
3621,18446744073709551615,0,0.60498046875,693.717041015625,817.8689575195312,99.27145385742188,102.90499877929688,20250225-154854
3621,18446744073709551615,0,0.630859375,660.394775390625,897.690673828125,85.8299560546875,113.60586547851562,20250225-154854
3621,18446744073709551615,0,0.65380859375,618.4469604492188,1190.451904296875,287.6107177734375,272.0126037597656,20250225-154854
3621,18446744073709551615,0,0.68994140625,683.966064453125,508.97662353515625,107.97024536132812,111.216796875,20250225-154854
3621,18446744073709551615,0,0.70068359375,683.253662109375,752.510986328125,75.1695556640625,89.69540405273438,20250225-154854
3621,18446744073709551615,0,0.779296875,618.809326171875,528.1620483398438,282.2918701171875,286.06219482421875,20250225-154854
3621,18446744073709551615,0,0.779296875,653.7101440429688,332.139892578125,153.30642700195312,173.48062133789062,20250225-154854
3621,18446744073709551615,0,0.830078125,616.7706298828125,1567.307373046875,352.692626953125,351.0572204589844,20250225-154854
3621,18446744073709551615,0,0.8974609375,567.9388427734375,0.7277069091796875,453.75848388671875,503.70758056640625,20250225-154854
3621,18446744073709551615,0,0.9423828125,270.3760986328125,599.367919921875,909.01025390625,801.1836547851562,20250225-154854
3622,18446744073709551615,0,0.356689453125,659.9247436523438,1567.005615234375,111.70770263671875,109.991455078125,20250225-154854
3622,18446744073709551615,0,0.5947265625,619.3383178710938,1204.607666015625,294.3520202636719,342.70843505859375,20250225-154854
3622,18446744073709551615,0,0.60498046875,660.5076904296875,898.1764526367188,84.66860961914062,112.6827392578125,20250225-154854
3622,18446744073709551615,0,0.68017578125,726.1554565429688,1444.5556640625,68.15084838867188,53.5433349609375,20250225-154854
3622,18446744073709551615,0,0.6953125,683.1632080078125,508.6373291015625,105.84599304199219,110.57052612304688,20250225-154854
3622,18446744073709551615,0,0.69580078125,682.3875732421875,754.2101440429688,77.79931640625,90.52056884765625,20250225-154854
3622,18446744073709551615,0,0.7001953125,691.6422729492188,817.69775390625,104.476318359375,105.49676513671875,20250225-154854
3622,18446744073709551615,0,0.77880859375,618.898681640625,528.418701171875,281.3350524902344,285.3922119140625,20250225-154854
3622,18446744073709551615,0,0.796875,653.2197875976562,328.8692626953125,158.60391235351562,172.83187866210938,20250225-154854
3622,18446744073709551615,0,0.822265625,616.3404541015625,1566.8056640625,353.1943359375,349.95867919921875,20250225-154854
3622,18446744073709551615,0,0.900390625,567.1707763671875,0.54327392578125,453.61700439453125,504.47003173828125,20250225-154854
3622,18446744073709551615,0,0.94189453125,281.71624755859375,599.5487060546875,910.0045166015625,789.9356689453125,20250225-154854
3623,18446744073709551615,0,0.247314453125,610.3275146484375,182.47438049316406,145.93873596191406,329.56512451171875,20250225-154854
3623,18446744073709551615,0,0.43505859375,659.6127319335938,1567.18359375,112.03033447265625,111.22329711914062,20250225-154854
3623,18446744073709551615,0,0.556640625,725.7509765625,1445.25634765625,67.31185913085938,52.837921142578125,20250225-154854
3623,18446744073709551615,0,0.5859375,660.6474609375,897.4773559570312,85.42263793945312,112.46438598632812,20250225-154854
3623,18446744073709551615,0,0.6396484375,618.1367797851562,1194.156005859375,288.2369384765625,279.9006042480469,20250225-154854
3623,18446744073709551615,0,0.66796875,682.8305053710938,506.3829345703125,111.01661682128906,112.47482299804688,20250225-154854
3623,18446744073709551615,0,0.68017578125,682.9345092773438,754.2177734375,78.30546569824219,89.55569458007812,20250225-154854
3623,18446744073709551615,0,0.705078125,692.718017578125,819.9373168945312,99.4251708984375,106.4468994140625,20250225-154854
3623,18446744073709551615,0,0.765625,653.0348510742188,336.7135314941406,150.92178344726562,173.230224609375,20250225-154854
3623,18446744073709551615,0,0.76904296875,618.8067626953125,529.4322509765625,280.68914794921875,285.6072692871094,20250225-154854
3623,18446744073709551615,0,0.79443359375,616.3883056640625,1569.593017578125,350.088134765625,340.8318786621094,20250225-154854
3623,18446744073709551615,0,0.8994140625,567.5535278320312,0.55517578125,453.2568054199219,504.0520935058594,20250225-154854
3623,18446744073709551615,0,0.94189453125,281.2541198730469,599.7119750976562,909.8358764648438,790.3822631835938,20250225-154854
3624,18446744073709551615,0,0.4677734375,659.6290283203125,1566.576171875,112.6190185546875,111.04403686523438,20250225-154854
3624,18446744073709551615,0,0.537109375,618.1074829101562,1196.31982421875,302.44537353515625,283.3662414550781,20250225-154854
3624,18446744073709551615,0,0.60595703125,660.6002197265625,898.1317749023438,84.69662475585938,112.22671508789062,20250225-154854
3624,18446744073709551615,0,0.638671875,725.3633422851562,1445.359619140625,68.45297241210938,54.4705810546875,20250225-154854
3624,18446744073709551615,0,0.681640625,682.598876953125,507.32244873046875,108.11146545410156,112.24978637695312,20250225-154854
3624,18446744073709551615,0,0.6826171875,693.0067749023438,820.6087646484375,99.7705078125,105.23831176757812,20250225-154854
3624,18446744073709551615,0,0.72705078125,682.724853515625,754.2987060546875,76.42826843261719,90.13265991210938,20250225-154854
3624,18446744073709551615,0,0.78662109375,652.1405639648438,325.8739013671875,160.98275756835938,173.85159301757812,20250225-154854
3624,18446744073709551615,0,0.7939453125,616.6210327148438,1567.7706298828125,352.1048583984375,348.78717041015625,20250225-154854
3624,18446744073709551615,0,0.82421875,618.730712890625,528.6875610351562,299.8940734863281,283.86199951171875,20250225-154854
3624,18446744073709551615,0,0.89892578125,568.06494140625,0.7374114990234375,453.40936279296875,503.5855407714844,20250225-154854
3624,18446744073709551615,0,0.94140625,277.029052734375,601.4271240234375,905.7630615234375,794.2584228515625,20250225-154854
3625,18446744073709551615,0,0.202392578125,603.3206176757812,178.3892822265625,150.10279846191406,337.5718688964844,20250225-154854
3625,18446744073709551615,0,0.3486328125,659.7279052734375,1566.63525390625,112.382080078125,110.97528076171875,20250225-154854
3625,18446744073709551615,0,0.5087890625,618.7827758789062,1189.488037109375,310.0447082519531,326.41717529296875,20250225-154854
3625,18446744073709551615,0,0.625,660.54931640625,897.9567260742188,84.5782470703125,111.17376708984375,20250225-154854
3625,18446744073709551615,0,0.6435546875,725.9357299804688,1446.45751953125,65.97116088867188,53.18463134765625,20250225-154854
3625,18446744073709551615,0,0.67578125,693.6304321289062,821.3526611328125,97.9013671875,104.4462890625,20250225-154854
3625,18446744073709551615,0,0.67724609375,682.6895751953125,508.16827392578125,106.90567016601562,113.485107421875,20250225-154854
3625,18446744073709551615,0,0.7177734375,683.281005859375,753.9409790039062,76.40020751953125,90.265869140625,20250225-154854
3625,18446744073709551615,0,0.76416015625,653.2103271484375,345.0179748535156,143.26205444335938,172.6109619140625,20250225-154854
3625,18446744073709551615,0,0.8076171875,618.3958740234375,528.6527709960938,296.771484375,284.2982482910156,20250225-154854
3625,18446744073709551615,0,0.81005859375,616.4681396484375,1566.91845703125,353.08154296875,349.5838623046875,20250225-154854
3625,18446744073709551615,0,0.89697265625,568.5677490234375,0.7297210693359375,453.19537353515625,503.10772705078125,20250225-154854
3625,18446744073709551615,0,0.94384765625,273.65185546875,599.2622680664062,908.7709350585938,798.182373046875,20250225-154854
3626,18446744073709551615,0,0.3701171875,660.195556640625,1566.258056640625,113.1591796875,110.46945190429688,20250225-154855
3626,18446744073709551615,0,0.5087890625,618.4588623046875,1192.39990234375,308.05535888671875,290.64459228515625,20250225-154855
3626,18446744073709551615,0,0.626953125,660.4998779296875,898.0512084960938,83.67086791992188,113.08309936523438,20250225-154855
3626,18446744073709551615,0,0.62890625,725.8035888671875,1445.4063720703125,67.52151489257812,54.359619140625,20250225-154855
3626,18446744073709551615,0,0.6748046875,693.6681518554688,820.1991577148438,98.69686889648438,103.60812377929688,20250225-154855
3626,18446744073709551615,0,0.6748046875,684.1224975585938,754.9783325195312,75.23872375488281,88.34280395507812,20250225-154855
3626,18446744073709551615,0,0.69189453125,682.7404174804688,507.4748840332031,107.139404296875,112.68667602539062,20250225-154855
3626,18446744073709551615,0,0.7568359375,653.2098999023438,342.615478515625,144.4771270751953,172.91024780273438,20250225-154855
3626,18446744073709551615,0,0.796875,618.7267456054688,528.07470703125,293.726806640625,283.1498107910156,20250225-154855
3626,18446744073709551615,0,0.8369140625,616.5294799804688,1566.104736328125,353.895263671875,352.1473388671875,20250225-154855
3626,18446744073709551615,0,0.89599609375,569.0674438476562,0.920745849609375,452.5205383300781,502.8768310546875,20250225-154855
3626,18446744073709551615,0,0.94482421875,279.23876953125,599.091796875,907.4580688476562,792.5315551757812,20250225-154855
3627,18446744073709551615,0,0.2783203125,603.9614868164062,183.08990478515625,145.28150939941406,335.90093994140625,20250225-154855
3627,18446744073709551615,0,0.319091796875,656.8320922851562,1353.6796875,133.2982177734375,246.85464477539062,20250225-154855
3627,18446744073709551615,0,0.4794921875,618.896484375,1200.57275390625,224.0438232421875,242.8055419921875,20250225-154855
3627,18446744073709551615,0,0.4833984375,659.8905029296875,1566.760009765625,113.04345703125,111.1885986328125,20250225-154855
3627,18446744073709551615,0,0.61767578125,726.1671752929688,1447.31884765625,65.25640869140625,51.268707275390625,20250225-154855
3627,18446744073709551615,0,0.6591796875,661.2412719726562,899.148193359375,81.7115478515625,112.03289794921875,20250225-154855
3627,18446744073709551615,0,0.6748046875,684.9252319335938,756.4312133789062,69.37554931640625,87.52871704101562,20250225-154855
3627,18446744073709551615,0,0.681640625,692.1384887695312,820.7899169921875,100.34381103515625,107.89974975585938,20250225-154855
3627,18446744073709551615,0,0.68994140625,682.7470703125,507.287841796875,107.37400817871094,112.53607177734375,20250225-154855
3627,18446744073709551615,0,0.75439453125,653.1649169921875,344.6589050292969,143.46292114257812,173.53729248046875,20250225-154855
3627,18446744073709551615,0,0.79443359375,616.4675903320312,1569.33251953125,350.66748046875,351.0319519042969,20250225-154855
3627,18446744073709551615,0,0.8056640625,618.6483764648438,527.9437866210938,294.9309997558594,283.9463195800781,20250225-154855
3627,18446744073709551615,0,0.8935546875,569.880615234375,0.738555908203125,453.31439208984375,501.9667053222656,20250225-154855
3627,18446744073709551615,0,0.9423828125,281.1145935058594,598.38916015625,908.0242309570312,790.658935546875,20250225-154855
3628,18446744073709551615,0,0.26513671875,606.3057861328125,181.95790100097656,146.59304809570312,334.7000427246094,20250225-154855
3628,18446744073709551615,0,0.5341796875,724.9374389648438,1444.921875,69.40768432617188,55.0850830078125,20250225-154855
3628,18446744073709551615,0,0.56494140625,659.898193359375,1567.27978515625,112.00927734375,111.4072265625,20250225-154855
3628,18446744073709551615,0,0.62158203125,660.4354248046875,897.2449951171875,83.19891357421875,114.22137451171875,20250225-154855
3628,18446744073709551615,0,0.6533203125,692.4618530273438,826.3638916015625,94.0111083984375,106.74929809570312,20250225-154855
3628,18446744073709551615,0,0.69189453125,622.473876953125,1183.80126953125,301.8705139160156,282.169921875,20250225-154855
3628,18446744073709551615,0,0.6943359375,685.141845703125,757.28564453125,71.12677001953125,88.14532470703125,20250225-154855
3628,18446744073709551615,0,0.70166015625,682.644287109375,507.0845031738281,106.69239807128906,111.41427612304688,20250225-154855
3628,18446744073709551615,0,0.759765625,616.13525390625,1570.9573974609375,349.0426025390625,351.1787109375,20250225-154855
3628,18446744073709551615,0,0.7724609375,652.6441650390625,338.5559387207031,147.85165405273438,173.67791748046875,20250225-154855
3628,18446744073709551615,0,0.80126953125,618.4365234375,527.744140625,295.8816833496094,282.1610412597656,20250225-154855
3628,18446744073709551615,0,0.8955078125,568.5408325195312,0.7346649169921875,452.14569091796875,503.4956359863281,20250225-154855
3628,18446744073709551615,0,0.9423828125,279.7723388671875,597.6405029296875,909.7384643554688,791.7291870117188,20250225-154855
3629,18446744073709551615,0,0.2783203125,591.1995849609375,170.059326171875,158.0470733642578,348.2601013183594,20250225-154855
3629,18446744073709551615,0,0.53125,659.8200073242188,1566.88330078125,112.60968017578125,111.60488891601562,20250225-154855
3629,18446744073709551615,0,0.5400390625,619.711669921875,1197.101806640625,302.2176818847656,295.2697448730469,20250225-154855
3629,18446744073709551615,0,0.61962890625,660.7265625,897.6654052734375,82.675048828125,113.13134765625,20250225-154855
3629,18446744073709551615,0,0.67041015625,684.7906494140625,755.69970703125,73.3231201171875,87.88742065429688,20250225-154855
3629,18446744073709551615,0,0.67138671875,690.7003784179688,827.572509765625,94.87225341796875,108.7027587890625,20250225-154855
3629,18446744073709551615,0,0.712890625,682.4571533203125,507.67144775390625,106.67811584472656,112.5040283203125,20250225-154855
3629,18446744073709551615,0,0.73193359375,616.1460571289062,1571.62451171875,348.37554931640625,350.27545166015625,20250225-154855
3629,18446744073709551615,0,0.7529296875,725.1160888671875,1444.605224609375,69.16690063476562,53.542236328125,20250225-154855
3629,18446744073709551615,0,0.76953125,653.1806030273438,335.95904541015625,151.1886749267578,173.59002685546875,20250225-154855
3629,18446744073709551615,0,0.78271484375,618.6126708984375,528.52734375,289.9178466796875,282.9381408691406,20250225-154855
3629,18446744073709551615,0,0.8974609375,568.4124755859375,0.7413482666015625,452.80596923828125,503.5388488769531,20250225-154855
3629,18446744073709551615,0,0.94287109375,278.5309753417969,598.6378784179688,906.7952270507812,792.462890625,20250225-154855
3630,18446744073709551615,0,0.269775390625,606.4762573242188,180.878662109375,148.0325927734375,333.2298889160156,20250225-154855
3630,18446744073709551615,0,0.5048828125,660.0723876953125,1566.91259765625,112.26708984375,111.2845458984375,20250225-154855
3630,18446744073709551615,0,0.62060546875,661.0559692382812,898.1077880859375,82.562255859375,111.54364013671875,20250225-154855
3630,18446744073709551615,0,0.6376953125,724.9208984375,1443.7100830078125,70.91629028320312,53.86358642578125,20250225-154855
3630,18446744073709551615,0,0.640625,622.9857788085938,1196.780517578125,286.11785888671875,281.3526306152344,20250225-154855
3630,18446744073709551615,0,0.6669921875,684.9285278320312,755.117919921875,74.7967529296875,87.67236328125,20250225-154855
3630,18446744073709551615,0,0.70654296875,688.7726440429688,828.759033203125,100.3447265625,113.33734130859375,20250225-154855
3630,18446744073709551615,0,0.71630859375,681.95068359375,507.7786560058594,105.8360595703125,112.33181762695312,20250225-154855
3630,18446744073709551615,0,0.73046875,653.2098999023438,352.472412109375,134.96360778808594,173.26858520507812,20250225-154855
3630,18446744073709551615,0,0.779296875,616.2581176757812,1569.2724609375,350.7275390625,350.3026428222656,20250225-154855
3630,18446744073709551615,0,0.79296875,618.3755493164062,527.368896484375,282.6986389160156,280.27825927734375,20250225-154855
3630,18446744073709551615,0,0.896484375,567.7853393554688,0.5554962158203125,453.02362060546875,504.0801086425781,20250225-154855
3630,18446744073709551615,0,0.9443359375,278.0269775390625,598.466796875,906.8583984375,792.9841918945312,20250225-154855
3631,18446744073709551615,0,0.2568359375,591.6473388671875,172.61575317382812,155.90846252441406,347.715087890625,20250225-154855
3631,18446744073709551615,0,0.587890625,660.1904296875,1566.9085693359375,112.412841796875,111.11947631835938,20250225-154855
3631,18446744073709551615,0,0.62255859375,660.9180908203125,898.65966796875,81.891357421875,111.97412109375,20250225-154855
3631,18446744073709551615,0,0.69580078125,686.0923461914062,756.4368896484375,73.34674072265625,86.87081909179688,20250225-154855
3631,18446744073709551615,0,0.7138671875,725.4462890625,1444.4139404296875,69.28115844726562,53.1925048828125,20250225-154855
3631,18446744073709551615,0,0.72021484375,681.9476318359375,507.2110290527344,105.64846801757812,112.6812744140625,20250225-154855
3631,18446744073709551615,0,0.75,653.0315551757812,338.1358642578125,149.69143676757812,172.79214477539062,20250225-154855
3631,18446744073709551615,0,0.75048828125,689.2232666015625,829.9304809570312,93.9371337890625,112.3385009765625,20250225-154855
3631,18446744073709551615,0,0.76220703125,616.5223388671875,1571.173828125,348.826171875,350.466796875,20250225-154855
3631,18446744073709551615,0,0.77587890625,618.2949829101562,527.4832763671875,272.4503173828125,281.2636413574219,20250225-154855
3631,18446744073709551615,0,0.78662109375,622.5075073242188,1196.3779296875,280.73492431640625,278.8880310058594,20250225-154855
3631,18446744073709551615,0,0.8974609375,567.2711791992188,0.7447357177734375,453.23614501953125,504.4860534667969,20250225-154855
3631,18446744073709551615,0,0.9443359375,276.848876953125,596.8634033203125,910.025390625,794.7227783203125,20250225-154855
3632,18446744073709551615,0,0.263671875,590.0875854492188,167.8310546875,160.09449768066406,348.03204345703125,20250225-154855
3632,18446744073709551615,0,0.552734375,660.437744140625,1567.12353515625,112.957763671875,110.8092041015625,20250225-154855
3632,18446744073709551615,0,0.56103515625,661.3026123046875,898.0911865234375,82.47235107421875,112.30673217773438,20250225-154855
3632,18446744073709551615,0,0.66796875,685.7789306640625,755.7503051757812,75.90742492675781,86.7235107421875,20250225-154855
3632,18446744073709551615,0,0.67333984375,653.755126953125,339.4892578125,148.408447265625,172.0008544921875,20250225-154855
3632,18446744073709551615,0,0.7255859375,682.1251831054688,507.0167541503906,111.62164306640625,111.64736938476562,20250225-154855
3632,18446744073709551615,0,0.72705078125,616.5858154296875,1572.01806640625,347.98187255859375,350.8348388671875,20250225-154855
3632,18446744073709551615,0,0.73095703125,622.8724365234375,1200.7698974609375,280.06439208984375,280.73785400390625,20250225-154855
3632,18446744073709551615,0,0.74853515625,725.3118896484375,1444.9683837890625,68.48281860351562,53.410675048828125,20250225-154855
3632,18446744073709551615,0,0.77978515625,689.7625122070312,830.8276977539062,90.681884765625,111.17404174804688,20250225-154855
3632,18446744073709551615,0,0.7939453125,618.7761840820312,526.94775390625,278.0801696777344,277.87591552734375,20250225-154855
3632,18446744073709551615,0,0.89599609375,567.0135498046875,0.9285736083984375,452.9052734375,504.8070373535156,20250225-154855
3632,18446744073709551615,0,0.94580078125,275.4144287109375,596.5352172851562,910.850830078125,796.2379760742188,20250225-154855
3633,18446744073709551615,0,0.2744140625,601.2659912109375,179.89022827148438,148.54165649414062,336.2123107910156,20250225-154855
3633,18446744073709551615,0,0.4931640625,660.0318603515625,1567.439208984375,113.011962890625,111.369873046875,20250225-154855
3633,18446744073709551615,0,0.58056640625,661.6614990234375,899.2523193359375,80.7454833984375,111.84732055664062,20250225-154855
3633,18446744073709551615,0,0.6259765625,685.8118896484375,754.8903198242188,76.44255065917969,86.49517822265625,20250225-154855
3633,18446744073709551615,0,0.72265625,616.5010986328125,1572.628173828125,347.37176513671875,351.05950927734375,20250225-154855
3633,18446744073709551615,0,0.7255859375,679.884521484375,506.991943359375,107.09925842285156,113.2811279296875,20250225-154855
3633,18446744073709551615,0,0.74462890625,689.1223754882812,831.335693359375,91.9449462890625,114.31375122070312,20250225-154855
3633,18446744073709551615,0,0.74609375,724.9906005859375,1444.0155029296875,68.96090698242188,54.21533203125,20250225-154855
3633,18446744073709551615,0,0.7607421875,619.8182373046875,1200.761962890625,289.6597595214844,342.70550537109375,20250225-154855
3633,18446744073709551615,0,0.779296875,653.506103515625,362.3149108886719,124.21572875976562,171.91314697265625,20250225-154855
3633,18446744073709551615,0,0.79052734375,618.4462280273438,526.8760986328125,257.8226623535156,278.9912109375,20250225-154855
3633,18446744073709551615,0,0.900390625,567.4015502929688,0.7403411865234375,452.87060546875,504.1458435058594,20250225-154855
3633,18446744073709551615,0,0.94482421875,275.853515625,596.6819458007812,910.5521850585938,795.61669921875,20250225-154855
3634,18446744073709551615,0,0.2120361328125,603.7357177734375,182.72315979003906,145.88121032714844,332.50048828125,20250225-154855
3634,18446744073709551615,0,0.494140625,659.6826782226562,900.394287109375,79.193115234375,118.19229125976562,20250225-154855
3634,18446744073709551615,0,0.544921875,659.7000732421875,1567.1707763671875,112.53277587890625,111.61441040039062,20250225-154855
3634,18446744073709551615,0,0.6298828125,685.5904541015625,754.8594360351562,77.03338623046875,87.31246948242188,20250225-154855
3634,18446744073709551615,0,0.6943359375,724.7184448242188,1442.622802734375,70.91436767578125,54.006683349609375,20250225-154855
3634,18446744073709551615,0,0.705078125,616.7406005859375,1573.0830078125,346.91693115234375,351.7103576660156,20250225-154855
3634,18446744073709551615,0,0.7080078125,620.0476684570312,1201.311279296875,288.0312194824219,339.7978820800781,20250225-154855
3634,18446744073709551615,0,0.71484375,686.914306640625,832.090576171875,91.80038452148438,115.09249877929688,20250225-154855
3634,18446744073709551615,0,0.72265625,679.7968139648438,506.9861755371094,106.85105895996094,114.56826782226562,20250225-154855
3634,18446744073709551615,0,0.7255859375,653.108642578125,355.2391357421875,132.08404541015625,172.842041015625,20250225-154855
3634,18446744073709551615,0,0.77685546875,617.9932250976562,527.4816284179688,257.404541015625,279.43634033203125,20250225-154855
3634,18446744073709551615,0,0.8974609375,567.4149169921875,0.9129180908203125,452.7909851074219,504.14117431640625,20250225-154855
3634,18446744073709551615,0,0.94482421875,271.0040588378906,596.092041015625,911.1373901367188,800.6189575195312,20250225-154855
3635,18446744073709551615,0,0.2186279296875,602.0081176757812,185.69198608398438,142.97747802734375,334.1040344238281,20250225-154855
3635,18446744073709551615,0,0.4580078125,659.19140625,897.798583984375,81.988037109375,123.551513671875,20250225-154855
3635,18446744073709551615,0,0.5458984375,659.3924560546875,1567.16650390625,112.2864990234375,112.0367431640625,20250225-154855
3635,18446744073709551615,0,0.67041015625,620.2164306640625,1200.8675537109375,288.4559326171875,338.48529052734375,20250225-154855
3635,18446744073709551615,0,0.67578125,688.9140625,831.8199462890625,92.12210083007812,115.97222900390625,20250225-154855
3635,18446744073709551615,0,0.6806640625,685.794921875,755.8405151367188,77.07110595703125,86.630126953125,20250225-154855
3635,18446744073709551615,0,0.72021484375,679.7891845703125,507.7786865234375,108.44110107421875,114.90362548828125,20250225-154855
3635,18446744073709551615,0,0.72119140625,725.28369140625,1441.5992431640625,71.436767578125,53.686431884765625,20250225-154855
3635,18446744073709551615,0,0.74560546875,616.8275756835938,1571.839599609375,348.160400390625,352.7555236816406,20250225-154855
3635,18446744073709551615,0,0.7470703125,653.8656005859375,358.10693359375,129.0615692138672,171.91543579101562,20250225-154855
3635,18446744073709551615,0,0.76123046875,618.2213745117188,527.8609619140625,255.27822875976562,279.8445739746094,20250225-154855
3635,18446744073709551615,0,0.896484375,566.6193237304688,0.9131927490234375,453.15362548828125,505.2483215332031,20250225-154855
3635,18446744073709551615,0,0.9443359375,276.6742858886719,596.5603637695312,910.5435791015625,794.9022216796875,20250225-154855
3636,18446744073709551615,0,0.256103515625,604.2454833984375,181.6252899169922,146.8080596923828,333.0398254394531,20250225-154855
3636,18446744073709551615,0,0.420654296875,659.0996704101562,872.1447143554688,107.78164672851562,138.15811157226562,20250225-154855
3636,18446744073709551615,0,0.478515625,659.947998046875,1567.048095703125,112.28668212890625,110.99798583984375,20250225-154855
3636,18446744073709551615,0,0.55712890625,725.8888549804688,1444.882568359375,67.31634521484375,51.716583251953125,20250225-154855
3636,18446744073709551615,0,0.6162109375,685.8088989257812,832.4639282226562,92.85983276367188,120.64096069335938,20250225-154855
3636,18446744073709551615,0,0.6279296875,623.096923828125,1192.3502197265625,294.6497497558594,293.15496826171875,20250225-154855
3636,18446744073709551615,0,0.6953125,685.6514282226562,755.54736328125,80.10589599609375,87.66220092773438,20250225-154855
3636,18446744073709551615,0,0.73095703125,679.44970703125,506.9696044921875,110.55793762207031,114.327392578125,20250225-154855
3636,18446744073709551615,0,0.759765625,653.7760620117188,362.5296325683594,124.3882827758789,172.67074584960938,20250225-154855
3636,18446744073709551615,0,0.765625,618.2200927734375,528.080322265625,262.8254699707031,280.0002136230469,20250225-154855
3636,18446744073709551615,0,0.77587890625,616.8372802734375,1571.5784912109375,348.1146240234375,347.0936279296875,20250225-154855
3636,18446744073709551615,0,0.896484375,567.150146484375,0.9281158447265625,453.01043701171875,504.6199951171875,20250225-154855
3636,18446744073709551615,0,0.9453125,278.211669921875,598.5859985351562,907.2762451171875,792.7423095703125,20250225-154855
3637,18446744073709551615,0,0.2166748046875,606.6654052734375,182.2574920654297,146.37535095214844,330.8374328613281,20250225-154855
3637,18446744073709551615,0,0.5830078125,660.1358642578125,1567.631103515625,111.415283203125,111.22384643554688,20250225-154855
3637,18446744073709551615,0,0.630859375,662.062744140625,833.3267211914062,146.11697387695312,144.84228515625,20250225-154855
3637,18446744073709551615,0,0.63720703125,685.7572631835938,754.595458984375,80.40962219238281,88.90365600585938,20250225-154855
3637,18446744073709551615,0,0.71044921875,653.9895629882812,363.577880859375,123.96469116210938,172.92453002929688,20250225-154855
3637,18446744073709551615,0,0.71533203125,617.3001708984375,1577.342529296875,342.65753173828125,349.6138000488281,20250225-154855
3637,18446744073709551615,0,0.7373046875,679.2079467773438,506.731201171875,110.08460998535156,115.00552368164062,20250225-154855
3637,18446744073709551615,0,0.7568359375,624.0752563476562,1198.2044677734375,288.482666015625,278.4115905761719,20250225-154855
3637,18446744073709551615,0,0.759765625,725.6444091796875,1443.730712890625,69.28024291992188,53.374420166015625,20250225-154855
3637,18446744073709551615,0,0.767578125,618.6077270507812,527.6522827148438,258.7408447265625,278.3579406738281,20250225-154855
3637,18446744073709551615,0,0.89697265625,567.289306640625,0.9208831787109375,453.0268249511719,504.5202941894531,20250225-154855
3637,18446744073709551615,0,0.94482421875,280.0135803222656,596.1155395507812,910.6512451171875,791.6585083007812,20250225-154855
3638,18446744073709551615,0,0.2315673828125,608.2540283203125,183.7364044189453,144.92852783203125,329.2651062011719,20250225-154855
3638,18446744073709551615,0,0.5302734375,660.2514038085938,1566.475341796875,112.7574462890625,110.89151000976562,20250225-154855
3638,18446744073709551615,0,0.5927734375,686.1256713867188,753.9021606445312,80.8238525390625,88.11209106445312,20250225-154855
3638,18446744073709551615,0,0.63427734375,662.4248657226562,833.675048828125,145.538818359375,143.82907104492188,20250225-154855
3638,18446744073709551615,0,0.66796875,725.4098510742188,1444.2205810546875,68.69357299804688,53.337982177734375,20250225-154855
3638,18446744073709551615,0,0.6748046875,617.0137939453125,1573.9500732421875,346.0499267578125,351.2666015625,20250225-154855
3638,18446744073709551615,0,0.68359375,653.3048095703125,344.87896728515625,142.70663452148438,173.62591552734375,20250225-154855
3638,18446744073709551615,0,0.73388671875,625.072021484375,1201.4871826171875,286.2850341796875,278.6678466796875,20250225-154855
3638,18446744073709551615,0,0.73583984375,679.369873046875,506.5572509765625,109.41476440429688,115.30316162109375,20250225-154855
3638,18446744073709551615,0,0.78857421875,617.6685791015625,527.7438354492188,256.71990966796875,278.16796875,20250225-154855
3638,18446744073709551615,0,0.89697265625,567.281982421875,0.9190521240234375,452.95281982421875,504.4660949707031,20250225-154855
3638,18446744073709551615,0,0.94482421875,276.8973388671875,597.884765625,906.1755981445312,794.088134765625,20250225-154855
3639,18446744073709551615,0,0.259033203125,603.768310546875,182.54168701171875,146.0481719970703,335.16302490234375,20250225-154855
3639,18446744073709551615,0,0.48828125,660.0642700195312,1567.0147705078125,111.8682861328125,110.53509521484375,20250225-154855
3639,18446744073709551615,0,0.61328125,725.2122802734375,1441.208251953125,71.64111328125,56.398956298828125,20250225-154855
3639,18446744073709551615,0,0.630859375,623.1156005859375,1201.6129150390625,277.80120849609375,282.6645812988281,20250225-154855
3639,18446744073709551615,0,0.69580078125,662.3578491210938,834.5421752929688,144.95388793945312,142.71405029296875,20250225-154855
3639,18446744073709551615,0,0.69921875,685.929931640625,755.5357666015625,78.94619750976562,87.13815307617188,20250225-154855
3639,18446744073709551615,0,0.72314453125,652.9552001953125,365.8050537109375,120.8448715209961,173.73953247070312,20250225-154855
3639,18446744073709551615,0,0.72412109375,679.6690063476562,508.4250183105469,108.38960266113281,115.70187377929688,20250225-154855
3639,18446744073709551615,0,0.7490234375,617.0637817382812,1570.21435546875,349.78564453125,352.9877014160156,20250225-154855
3639,18446744073709551615,0,0.76220703125,618.0340576171875,527.5657958984375,255.70394897460938,277.8944091796875,20250225-154855
3639,18446744073709551615,0,0.89892578125,567.2722778320312,0.924591064453125,452.82379150390625,504.4505310058594,20250225-154855
3639,18446744073709551615,0,0.94384765625,279.4915466308594,595.9364013671875,909.5198364257812,792.0611572265625,20250225-154855
3640,18446744073709551615,0,0.20556640625,604.053955078125,184.72311401367188,143.90354919433594,335.09033203125,20250225-154855
3640,18446744073709551615,0,0.416748046875,659.9796752929688,1566.8173828125,111.837890625,110.47494506835938,20250225-154855
3640,18446744073709551615,0,0.5458984375,726.2203369140625,1441.2384033203125,70.71148681640625,55.3890380859375,20250225-154855
3640,18446744073709551615,0,0.70751953125,685.801025390625,754.0338134765625,79.94677734375,87.49191284179688,20250225-154855
3640,18446744073709551615,0,0.72509765625,679.5858764648438,508.13543701171875,108.15847778320312,115.32723999023438,20250225-154855
3640,18446744073709551615,0,0.73193359375,662.5572509765625,835.2266235351562,144.15673828125,142.79837036132812,20250225-154855
3640,18446744073709551615,0,0.75439453125,624.7364501953125,1199.0445556640625,275.258056640625,275.4283447265625,20250225-154855
3640,18446744073709551615,0,0.7685546875,618.286865234375,528.2662353515625,259.66259765625,278.9454345703125,20250225-154855
3640,18446744073709551615,0,0.7685546875,651.7919311523438,366.7441711425781,119.9113540649414,174.72482299804688,20250225-154855
3640,18446744073709551615,0,0.80322265625,617.6275634765625,1568.1566162109375,351.6390380859375,350.203125,20250225-154855
3640,18446744073709551615,0,0.89501953125,566.890869140625,0.91973876953125,453.1445617675781,504.72894287109375,20250225-154855
3640,18446744073709551615,0,0.94384765625,275.9844970703125,596.1189575195312,910.169677734375,795.6405029296875,20250225-154855
3641,18446744073709551615,0,0.5439453125,660.0510864257812,1566.779296875,112.10504150390625,110.7703857421875,20250225-154855
3641,18446744073709551615,0,0.6591796875,623.7665405273438,1201.076416015625,275.9043273925781,278.4394226074219,20250225-154855
3641,18446744073709551615,0,0.6884765625,725.3807373046875,1437.0281982421875,74.33505249023438,55.8936767578125,20250225-154855
3641,18446744073709551615,0,0.712890625,617.1295166015625,1570.689697265625,349.28082275390625,349.04608154296875,20250225-154855
3641,18446744073709551615,0,0.71875,685.7448120117188,755.09912109375,81.0263671875,87.66439819335938,20250225-154855
3641,18446744073709551615,0,0.71875,678.1206665039062,508.02593994140625,108.62557983398438,116.20147705078125,20250225-154855
3641,18446744073709551615,0,0.728515625,662.6676635742188,835.282470703125,143.9945068359375,144.21981811523438,20250225-154855
3641,18446744073709551615,0,0.7490234375,618.6785888671875,527.6868896484375,257.18096923828125,279.1692810058594,20250225-154855
3641,18446744073709551615,0,0.7724609375,653.1915283203125,366.1400146484375,119.84239196777344,174.39605712890625,20250225-154855
3641,18446744073709551615,0,0.8974609375,567.15283203125,0.5463409423828125,453.83807373046875,504.40997314453125,20250225-154855
3641,18446744073709551615,0,0.94482421875,277.01953125,598.1524658203125,905.5999145507812,794.0820922851562,20250225-154855
3642,18446744073709551615,0,0.42626953125,660.2796630859375,1566.73583984375,112.34326171875,110.425048828125,20250225-154855
3642,18446744073709551615,0,0.60107421875,725.3760986328125,1438.90087890625,73.73236083984375,57.03662109375,20250225-154855
3642,18446744073709551615,0,0.72021484375,625.7147827148438,1196.449951171875,287.6012878417969,276.2548828125,20250225-154855
3642,18446744073709551615,0,0.7265625,685.7420654296875,755.4025268554688,80.87530517578125,88.08590698242188,20250225-154855
3642,18446744073709551615,0,0.73388671875,677.3873291015625,507.45306396484375,109.414306640625,117.36447143554688,20250225-154855
3642,18446744073709551615,0,0.767578125,662.3080444335938,835.66162109375,143.7652587890625,141.47488403320312,20250225-154855
3642,18446744073709551615,0,0.7744140625,618.06884765625,528.0975952148438,258.33453369140625,279.3340759277344,20250225-154855
3642,18446744073709551615,0,0.7861328125,617.9476318359375,1568.361328125,351.54473876953125,349.9871520996094,20250225-154855
3642,18446744073709551615,0,0.8056640625,653.2780151367188,366.4233093261719,118.96419525146484,173.74163818359375,20250225-154855
3642,18446744073709551615,0,0.89892578125,567.2845458984375,0.918365478515625,452.9967041015625,504.25506591796875,20250225-154855
3642,18446744073709551615,0,0.94482421875,279.8074035644531,597.905029296875,905.9849853515625,791.297607421875,20250225-154855
3643,18446744073709551615,0,0.2247314453125,600.2706298828125,183.86260986328125,145.10293579101562,339.6367492675781,20250225-154855
3643,18446744073709551615,0,0.515625,660.0130004882812,1567.322021484375,111.64874267578125,111.23153686523438,20250225-154855
3643,18446744073709551615,0,0.59814453125,622.1043701171875,1201.593017578125,277.6531677246094,283.222412109375,20250225-154855
3643,18446744073709551615,0,0.6298828125,726.440185546875,1442.53662109375,69.52276611328125,55.200714111328125,20250225-154855
3643,18446744073709551615,0,0.712890625,617.0203857421875,1569.66357421875,350.33642578125,346.5685729980469,20250225-154855
3643,18446744073709551615,0,0.72705078125,676.4849853515625,507.3769226074219,107.49293518066406,116.646240234375,20250225-154855
3643,18446744073709551615,0,0.72802734375,685.5604248046875,755.7633056640625,80.10882568359375,87.93658447265625,20250225-154855
3643,18446744073709551615,0,0.75439453125,662.4563598632812,836.6861572265625,142.86932373046875,141.38333129882812,20250225-154855
3643,18446744073709551615,0,0.76953125,653.8035888671875,367.2000732421875,120.25213623046875,172.3751220703125,20250225-154855
3643,18446744073709551615,0,0.77392578125,618.52490234375,529.5203247070312,257.1266784667969,276.4508056640625,20250225-154855
3643,18446744073709551615,0,0.89892578125,568.1689453125,0.9187774658203125,453.15765380859375,503.5917663574219,20250225-154855
3643,18446744073709551615,0,0.9453125,278.63092041015625,597.74169921875,905.96044921875,792.498779296875,20250225-154855
3644,18446744073709551615,0,0.25244140625,599.9986572265625,180.11810302734375,148.2612762451172,340.06365966796875,20250225-154855
3644,18446744073709551615,0,0.4951171875,659.6998901367188,1566.924072265625,112.01806640625,111.12002563476562,20250225-154855
3644,18446744073709551615,0,0.61767578125,726.0441284179688,1441.298828125,70.66607666015625,57.095489501953125,20250225-154855
3644,18446744073709551615,0,0.72509765625,685.153076171875,754.564453125,79.656005859375,87.6243896484375,20250225-154855
3644,18446744073709551615,0,0.72802734375,617.0709228515625,1570.4373779296875,349.458251953125,347.04949951171875,20250225-154855
3644,18446744073709551615,0,0.73486328125,675.8065795898438,508.603271484375,105.82786560058594,118.30352783203125,20250225-154855
3644,18446744073709551615,0,0.75439453125,652.31396484375,366.816162109375,120.26229858398438,174.62741088867188,20250225-154855
3644,18446744073709551615,0,0.7548828125,619.1687622070312,528.3070678710938,263.3299255371094,276.0354309082031,20250225-154855
3644,18446744073709551615,0,0.76708984375,625.7001342773438,1200.287841796875,272.4330139160156,276.0919189453125,20250225-154855
3644,18446744073709551615,0,0.77392578125,662.49462890625,836.8575439453125,142.35708618164062,138.6741943359375,20250225-154855
3644,18446744073709551615,0,0.89208984375,567.5474853515625,0.7326507568359375,453.3088073730469,504.57952880859375,20250225-154855
3644,18446744073709551615,0,0.94287109375,276.7572326660156,597.5733642578125,907.1531982421875,794.2871704101562,20250225-154855
3645,18446744073709551615,0,0.261962890625,605.418701171875,179.80224609375,148.54930114746094,334.798095703125,20250225-154855
3645,18446744073709551615,0,0.49609375,659.484130859375,1566.90673828125,112.56610107421875,111.27685546875,20250225-154855
3645,18446744073709551615,0,0.6083984375,725.7621459960938,1442.3016357421875,70.46548461914062,55.814208984375,20250225-154855
3645,18446744073709551615,0,0.70068359375,652.215576171875,365.23236083984375,122.4056167602539,174.34954833984375,20250225-154855
3645,18446744073709551615,0,0.712890625,617.3746948242188,1573.109619140625,346.67999267578125,347.5565185546875,20250225-154855
3645,18446744073709551615,0,0.71484375,625.8411865234375,1201.284423828125,279.24444580078125,278.34393310546875,20250225-154855
3645,18446744073709551615,0,0.71923828125,685.29345703125,754.749755859375,79.86676025390625,88.18551635742188,20250225-154855
3645,18446744073709551615,0,0.73583984375,619.0160522460938,529.1852416992188,252.58950805664062,274.8650207519531,20250225-154855
3645,18446744073709551615,0,0.73876953125,675.8171997070312,508.65838623046875,105.86677551269531,117.76492309570312,20250225-154855
3645,18446744073709551615,0,0.77099609375,660.5103149414062,840.33837890625,138.66165161132812,138.5452880859375,20250225-154855
3645,18446744073709551615,0,0.89306640625,567.5308227539062,0.72308349609375,453.3680419921875,504.3743591308594,20250225-154855
3645,18446744073709551615,0,0.9453125,272.266845703125,595.3042602539062,910.2821044921875,799.5311279296875,20250225-154855
3646,18446744073709551615,0,0.2294921875,600.5355224609375,180.99270629882812,147.30807495117188,339.33966064453125,20250225-154855
3646,18446744073709551615,0,0.406494140625,659.1976318359375,1566.61474609375,113.19873046875,111.10025024414062,20250225-154855
3646,18446744073709551615,0,0.57666015625,726.3306884765625,1441.6014404296875,71.02340698242188,55.88470458984375,20250225-154855
3646,18446744073709551615,0,0.66650390625,624.353271484375,1189.058837890625,289.2930908203125,280.0294189453125,20250225-154855
3646,18446744073709551615,0,0.7294921875,619.2388916015625,528.5828247070312,257.6503601074219,274.9377136230469,20250225-154855
3646,18446744073709551615,0,0.73583984375,685.0079956054688,754.3387451171875,80.16751098632812,87.54776000976562,20250225-154855
3646,18446744073709551615,0,0.7431640625,676.381103515625,507.9976501464844,106.2733154296875,117.51177978515625,20250225-154855
3646,18446744073709551615,0,0.74755859375,652.6660766601562,366.43829345703125,120.74052429199219,174.02536010742188,20250225-154855
3646,18446744073709551615,0,0.75927734375,661.7972412109375,837.9635009765625,141.768310546875,138.629150390625,20250225-154855
3646,18446744073709551615,0,0.76220703125,617.26611328125,1569.900146484375,349.49615478515625,340.79132080078125,20250225-154855
3646,18446744073709551615,0,0.89404296875,567.5421752929688,0.909759521484375,453.37335205078125,504.6248474121094,20250225-154855
3646,18446744073709551615,0,0.94482421875,278.540771484375,597.5579223632812,906.0939331054688,792.5696411132812,20250225-154855
3647,18446744073709551615,0,0.230224609375,600.7805786132812,182.8589630126953,145.26219177246094,340.694091796875,20250225-154855
3647,18446744073709551615,0,0.32861328125,659.1817016601562,1566.6064453125,112.90484619140625,111.12039184570312,20250225-154855
3647,18446744073709551615,0,0.60693359375,726.477294921875,1442.276611328125,70.86868286132812,55.3974609375,20250225-154855
3647,18446744073709551615,0,0.7001953125,685.5167236328125,753.8001708984375,81.87396240234375,88.70947265625,20250225-154855
3647,18446744073709551615,0,0.7294921875,678.8300170898438,505.9212341308594,107.92144775390625,115.96041870117188,20250225-154855
3647,18446744073709551615,0,0.73095703125,626.105712890625,1176.9541015625,301.5326843261719,279.00714111328125,20250225-154855
3647,18446744073709551615,0,0.76123046875,617.8787841796875,1569.884765625,349.6842041015625,338.8059997558594,20250225-154855
3647,18446744073709551615,0,0.76416015625,662.6385498046875,838.3065185546875,141.36767578125,136.96096801757812,20250225-154855
3647,18446744073709551615,0,0.77685546875,618.8314819335938,528.4384765625,270.9487609863281,273.6181640625,20250225-154855
3647,18446744073709551615,0,0.77783203125,652.8605346679688,366.53021240234375,119.77143859863281,173.69320678710938,20250225-154855
3647,18446744073709551615,0,0.8896484375,567.2911376953125,0.717132568359375,453.0792236328125,504.60223388671875,20250225-154855
3647,18446744073709551615,0,0.9453125,278.50006103515625,597.5700073242188,905.7244262695312,792.6016845703125,20250225-154855
3648,18446744073709551615,0,0.250244140625,602.28857421875,183.66845703125,144.55926513671875,339.636474609375,20250225-154855
3648,18446744073709551615,0,0.4892578125,726.330078125,1441.5531005859375,71.69659423828125,55.305908203125,20250225-154855
3648,18446744073709551615,0,0.4970703125,659.8367919921875,1566.667236328125,112.89459228515625,110.92181396484375,20250225-154855
3648,18446744073709551615,0,0.693359375,622.9002685546875,1184.0565185546875,290.478515625,280.5702209472656,20250225-154855
3648,18446744073709551615,0,0.69580078125,682.8046875,754.832275390625,80.09330749511719,93.42141723632812,20250225-154855
3648,18446744073709551615,0,0.71044921875,653.600830078125,365.70391845703125,120.58895874023438,172.42868041992188,20250225-154855
3648,18446744073709551615,0,0.74072265625,678.5952758789062,506.74658203125,107.15176391601562,115.890380859375,20250225-154855
3648,18446744073709551615,0,0.7626953125,618.3616333007812,1569.523681640625,350.328369140625,341.7146301269531,20250225-154855
3648,18446744073709551615,0,0.77099609375,662.0244140625,837.7040405273438,142.22836303710938,138.89309692382812,20250225-154855
3648,18446744073709551615,0,0.81005859375,618.7838745117188,528.30810546875,288.9471130371094,276.6502990722656,20250225-154855
3648,18446744073709551615,0,0.8896484375,567.5392456054688,0.9109039306640625,453.75665283203125,504.46160888671875,20250225-154855
3648,18446744073709551615,0,0.9453125,274.24053955078125,595.6207275390625,909.8433837890625,797.5052490234375,20250225-154855
3649,18446744073709551615,0,0.281494140625,601.6885986328125,185.120361328125,142.95748901367188,340.2556457519531,20250225-154855
3649,18446744073709551615,0,0.439697265625,725.580078125,1437.114501953125,77.50936889648438,68.17437744140625,20250225-154855
3649,18446744073709551615,0,0.537109375,659.381103515625,1567.01513671875,112.01806640625,111.05007934570312,20250225-154855
3649,18446744073709551615,0,0.6884765625,682.2863159179688,752.812744140625,83.07051086425781,92.46524047851562,20250225-154855
3649,18446744073709551615,0,0.70654296875,622.9635009765625,1189.6240234375,285.6849060058594,281.41717529296875,20250225-154855
3649,18446744073709551615,0,0.71484375,617.5797729492188,1571.2796630859375,348.7203369140625,343.8974304199219,20250225-154855
3649,18446744073709551615,0,0.73388671875,618.3931274414062,527.80126953125,261.071044921875,276.5538024902344,20250225-154855
3649,18446744073709551615,0,0.73388671875,676.3818969726562,507.8675537109375,104.8114013671875,114.79586791992188,20250225-154855
3649,18446744073709551615,0,0.787109375,662.3009033203125,838.6939086914062,140.95587158203125,138.23648071289062,20250225-154855
3649,18446744073709551615,0,0.798828125,653.0454711914062,367.5548400878906,119.28616333007812,173.21548461914062,20250225-154855
3649,18446744073709551615,0,0.892578125,567.1497802734375,0.5338897705078125,454.0198059082031,504.9810791015625,20250225-154855
3649,18446744073709551615,0,0.9453125,273.53436279296875,597.8508911132812,906.1951904296875,797.420654296875,20250225-154855
3650,18446744073709551615,0,0.286865234375,602.4000244140625,185.72012329101562,142.42730712890625,338.8271484375,20250225-154855
3650,18446744073709551615,0,0.4638671875,659.6951904296875,1566.77099609375,113.0181884765625,110.7901611328125,20250225-154855
3650,18446744073709551615,0,0.482421875,724.898681640625,1437.6932373046875,77.41973876953125,77.85662841796875,20250225-154855
3650,18446744073709551615,0,0.70556640625,679.9541015625,752.0366821289062,84.18731689453125,96.38653564453125,20250225-154855
3650,18446744073709551615,0,0.7177734375,676.7733764648438,507.0308532714844,104.91668701171875,115.60226440429688,20250225-154855
3650,18446744073709551615,0,0.74755859375,623.294677734375,1189.592529296875,288.82763671875,277.13800048828125,20250225-154855
3650,18446744073709551615,0,0.7685546875,619.2625122070312,528.640380859375,257.1036071777344,275.77606201171875,20250225-154855
3650,18446744073709551615,0,0.77587890625,661.8030395507812,839.1602783203125,139.84982299804688,137.73513793945312,20250225-154855
3650,18446744073709551615,0,0.79296875,654.0620727539062,367.4541015625,119.54791259765625,172.3743896484375,20250225-154855
3650,18446744073709551615,0,0.79931640625,616.921142578125,1569.97265625,349.51190185546875,341.5465393066406,20250225-154855
3650,18446744073709551615,0,0.89404296875,566.4944458007812,0.9236297607421875,454.3795166015625,505.5482482910156,20250225-154855
3650,18446744073709551615,0,0.94482421875,276.3999938964844,595.3212890625,909.806396484375,795.2237548828125,20250225-154855
3651,18446744073709551615,0,0.280517578125,607.9799194335938,189.68246459960938,138.61610412597656,331.9351501464844,20250225-154855
3651,18446744073709551615,0,0.3583984375,659.4832763671875,1566.6456298828125,112.93084716796875,110.45553588867188,20250225-154855
3651,18446744073709551615,0,0.541015625,724.6528930664062,1439.5587158203125,75.84164428710938,60.73883056640625,20250225-154855
3651,18446744073709551615,0,0.66357421875,678.7510986328125,750.8010864257812,85.3487548828125,100.83718872070312,20250225-154855
3651,18446744073709551615,0,0.67822265625,623.6453857421875,1196.857421875,288.81170654296875,281.795654296875,20250225-154855
3651,18446744073709551615,0,0.68505859375,676.0185546875,508.0536804199219,105.54071044921875,114.72271728515625,20250225-154855
3651,18446744073709551615,0,0.7578125,653.4156494140625,367.3819274902344,119.9596939086914,172.73565673828125,20250225-154855
3651,18446744073709551615,0,0.76123046875,619.5509033203125,528.3828735351562,255.7364501953125,276.8155517578125,20250225-154855
3651,18446744073709551615,0,0.78125,661.9189453125,839.0630493164062,139.80404663085938,137.80023193359375,20250225-154855
3651,18446744073709551615,0,0.806640625,617.1826171875,1568.617919921875,351.0545654296875,341.0643310546875,20250225-154855
3651,18446744073709551615,0,0.896484375,567.1598510742188,0.7381439208984375,453.9112548828125,504.55242919921875,20250225-154855
3651,18446744073709551615,0,0.9453125,278.56988525390625,595.1155395507812,909.509033203125,792.7379150390625,20250225-154855
3652,18446744073709551615,0,0.28466796875,603.0914306640625,184.4342041015625,143.79705810546875,336.823974609375,20250225-154855
3652,18446744073709551615,0,0.458984375,659.6599731445312,1567.2666015625,112.5985107421875,111.32766723632812,20250225-154855
3652,18446744073709551615,0,0.5302734375,724.9310302734375,1438.9896240234375,75.62246704101562,59.485015869140625,20250225-154855
3652,18446744073709551615,0,0.56201171875,678.5799560546875,750.8311157226562,85.775390625,101.62811279296875,20250225-154855
3652,18446744073709551615,0,0.638671875,625.3271484375,1191.2406005859375,292.7917785644531,280.7373962402344,20250225-154855
3652,18446744073709551615,0,0.69287109375,676.0684204101562,507.0707702636719,106.81201171875,115.79379272460938,20250225-154855
3652,18446744073709551615,0,0.75146484375,654.065185546875,367.8943786621094,118.69869232177734,172.20721435546875,20250225-154855
3652,18446744073709551615,0,0.78271484375,619.2947387695312,527.997802734375,257.81158447265625,275.8186340332031,20250225-154855
3652,18446744073709551615,0,0.783203125,616.9945678710938,1570.9090576171875,348.57623291015625,342.5555419921875,20250225-154855
3652,18446744073709551615,0,0.79052734375,662.68896484375,840.0379638671875,137.93609619140625,136.81951904296875,20250225-154855
3652,18446744073709551615,0,0.896484375,567.7880859375,0.737548828125,454.66583251953125,504.0332336425781,20250225-154855
3652,18446744073709551615,0,0.9453125,276.9890441894531,596.4651489257812,904.834716796875,793.7283325195312,20250225-154855
3653,18446744073709551615,0,0.234375,606.7249145507812,186.93646240234375,141.666748046875,333.71649169921875,20250225-154855
3653,18446744073709551615,0,0.381103515625,659.6478881835938,1566.845703125,112.4205322265625,110.95724487304688,20250225-154855
3653,18446744073709551615,0,0.5478515625,724.9019775390625,1437.66259765625,76.57196044921875,61.12957763671875,20250225-154855
3653,18446744073709551615,0,0.56298828125,678.496826171875,750.9137573242188,85.81123352050781,102.66485595703125,20250225-154855
3653,18446744073709551615,0,0.6982421875,676.6988525390625,506.7645263671875,106.33795166015625,117.15829467773438,20250225-154855
3653,18446744073709551615,0,0.7001953125,653.6900024414062,365.8067321777344,121.17901611328125,171.11224365234375,20250225-154855
3653,18446744073709551615,0,0.74755859375,626.6519165039062,1192.19189453125,287.17254638671875,272.1059875488281,20250225-154855
3653,18446744073709551615,0,0.77392578125,619.18115234375,527.6771850585938,255.270263671875,274.97552490234375,20250225-154855
3653,18446744073709551615,0,0.796875,662.7955322265625,841.1693115234375,136.76422119140625,135.55389404296875,20250225-154855
3653,18446744073709551615,0,0.82763671875,617.244140625,1569.6002197265625,349.98046875,342.6763916015625,20250225-154855
3653,18446744073709551615,0,0.89599609375,568.4161376953125,0.732696533203125,453.60906982421875,503.36334228515625,20250225-154855
3653,18446744073709551615,0,0.94482421875,283.171630859375,593.5171508789062,909.0340576171875,788.3759765625,20250225-154855
3654,18446744073709551615,0,0.24072265625,604.5516357421875,185.6746826171875,143.02090454101562,335.5809631347656,20250225-154855
3654,18446744073709551615,0,0.294921875,659.2838745117188,1566.48779296875,113.552490234375,111.29635620117188,20250225-154855
3654,18446744073709551615,0,0.48828125,724.96533203125,1437.959716796875,76.850830078125,64.2132568359375,20250225-154855
3654,18446744073709551615,0,0.58203125,678.52880859375,751.578857421875,85.58047485351562,102.8353271484375,20250225-154855
3654,18446744073709551615,0,0.61962890625,653.7315673828125,366.7539367675781,120.3021240234375,171.11865234375,20250225-154855
3654,18446744073709551615,0,0.638671875,624.7344360351562,1185.399658203125,284.61383056640625,274.9122619628906,20250225-154855
3654,18446744073709551615,0,0.71533203125,676.4349365234375,507.0202331542969,105.98515319824219,117.30267333984375,20250225-154855
3654,18446744073709551615,0,0.76953125,619.4556884765625,528.279541015625,273.7072448730469,275.0825500488281,20250225-154855
3654,18446744073709551615,0,0.80126953125,661.1618041992188,840.1173095703125,138.506103515625,137.81405639648438,20250225-154855
3654,18446744073709551615,0,0.814453125,617.241943359375,1567.78955078125,351.6068115234375,343.2014465332031,20250225-154855
3654,18446744073709551615,0,0.8955078125,567.79833984375,0.913238525390625,453.5284423828125,504.2784118652344,20250225-154855
3654,18446744073709551615,0,0.94873046875,286.75177001953125,596.217529296875,904.458251953125,784.0673217773438,20250225-154855
3655,18446744073709551615,0,0.3896484375,659.9456176757812,1566.435546875,113.6414794921875,110.97189331054688,20250225-154855
3655,18446744073709551615,0,0.5498046875,679.5838623046875,752.8569946289062,83.6678466796875,101.6539306640625,20250225-154855
3655,18446744073709551615,0,0.56787109375,724.75048828125,1438.2509765625,76.50521850585938,59.598724365234375,20250225-154855
3655,18446744073709551615,0,0.63330078125,624.7254638671875,1190.541748046875,286.3926086425781,277.36669921875,20250225-154855
3655,18446744073709551615,0,0.6884765625,676.4996337890625,507.9467468261719,105.02668762207031,118.84652709960938,20250225-154855
3655,18446744073709551615,0,0.72265625,619.710205078125,529.5819091796875,259.6201171875,278.6377258300781,20250225-154855
3655,18446744073709551615,0,0.75048828125,653.8564453125,367.95263671875,117.81976318359375,172.71029663085938,20250225-154855
3655,18446744073709551615,0,0.7744140625,662.584228515625,840.1153564453125,138.4119873046875,137.95458984375,20250225-154855
3655,18446744073709551615,0,0.77880859375,614.978759765625,1569.1373291015625,350.35858154296875,343.2723083496094,20250225-154855
3655,18446744073709551615,0,0.89697265625,568.3211669921875,0.7301788330078125,453.57623291015625,503.18792724609375,20250225-154855
3655,18446744073709551615,0,0.94677734375,285.1313781738281,597.114990234375,904.1173095703125,785.6636352539062,20250225-154855
3656,18446744073709551615,0,0.2315673828125,604.963623046875,186.92701721191406,141.1782989501953,335.4348449707031,20250225-154856
3656,18446744073709551615,0,0.33642578125,659.3790283203125,1566.4892578125,113.02752685546875,111.589599609375,20250225-154856
3656,18446744073709551615,0,0.5419921875,680.7418212890625,753.349609375,83.97125244140625,99.25936889648438,20250225-154856
3656,18446744073709551615,0,0.67041015625,626.845703125,1188.7376708984375,298.18963623046875,280.30517578125,20250225-154856
3656,18446744073709551615,0,0.689453125,676.4998779296875,507.4942932128906,105.73054504394531,119.055908203125,20250225-154856
3656,18446744073709551615,0,0.7001953125,724.1705322265625,1440.2420654296875,74.94186401367188,54.843017578125,20250225-154856
3656,18446744073709551615,0,0.74755859375,619.263427734375,527.82568359375,257.7982177734375,280.7489318847656,20250225-154856
3656,18446744073709551615,0,0.76220703125,661.909912109375,839.787353515625,140.1434326171875,139.1656494140625,20250225-154856
3656,18446744073709551615,0,0.77587890625,653.4620361328125,368.3979187011719,118.3293685913086,173.62271118164062,20250225-154856
3656,18446744073709551615,0,0.8134765625,614.60888671875,1568.162109375,351.41876220703125,344.5705261230469,20250225-154856
3656,18446744073709551615,0,0.8974609375,568.0616455078125,0.734710693359375,453.75860595703125,503.62591552734375,20250225-154856
3656,18446744073709551615,0,0.9462890625,286.7691650390625,597.87353515625,904.42236328125,784.1630859375,20250225-154856
3657,18446744073709551615,0,0.264404296875,608.759033203125,188.990234375,139.24266052246094,330.56396484375,20250225-154856
3657,18446744073709551615,0,0.56982421875,683.2645263671875,753.3203125,83.40060424804688,96.02490234375,20250225-154856
3657,18446744073709551615,0,0.64892578125,623.42529296875,1188.3350830078125,299.3947448730469,327.64471435546875,20250225-154856
3657,18446744073709551615,0,0.6689453125,677.2066040039062,507.0594177246094,106.07835388183594,117.94839477539062,20250225-154856
3657,18446744073709551615,0,0.71240234375,619.451904296875,527.7618408203125,256.3248596191406,282.65130615234375,20250225-154856
3657,18446744073709551615,0,0.7392578125,724.1431884765625,1441.68115234375,73.35379028320312,55.08892822265625,20250225-154856
3657,18446744073709551615,0,0.76220703125,654.383056640625,368.8067321777344,117.84695434570312,171.88861083984375,20250225-154856
3657,18446744073709551615,0,0.767578125,661.4763793945312,838.5809326171875,142.97744750976562,140.56036376953125,20250225-154856
3657,18446744073709551615,0,0.833984375,613.8685302734375,1567.5347900390625,352.03070068359375,343.5999755859375,20250225-154856
3657,18446744073709551615,0,0.8974609375,568.2965698242188,0.73846435546875,453.46685791015625,503.420654296875,20250225-154856
3657,18446744073709551615,0,0.94580078125,283.2875061035156,594.5193481445312,911.726806640625,788.1033325195312,20250225-154856
3658,18446744073709551615,0,0.302490234375,607.1861572265625,185.57981872558594,142.71038818359375,331.8424987792969,20250225-154856
3658,18446744073709551615,0,0.587890625,683.6998901367188,753.268310546875,83.97866821289062,98.78292846679688,20250225-154856
3658,18446744073709551615,0,0.65673828125,678.189453125,507.4283752441406,105.9906005859375,115.54779052734375,20250225-154856
3658,18446744073709551615,0,0.689453125,624.0946044921875,1183.496826171875,301.7749328613281,285.57257080078125,20250225-154856
3658,18446744073709551615,0,0.68994140625,724.4769287109375,1441.24462890625,74.45343017578125,54.42333984375,20250225-154856
3658,18446744073709551615,0,0.73193359375,619.5494384765625,528.3799438476562,257.908447265625,283.3417053222656,20250225-154856
3658,18446744073709551615,0,0.765625,661.9493408203125,840.2833251953125,141.96075439453125,140.44866943359375,20250225-154856
3658,18446744073709551615,0,0.775390625,655.0517578125,369.0559387207031,117.80538940429688,171.14593505859375,20250225-154856
3658,18446744073709551615,0,0.83642578125,613.167236328125,1566.6103515625,352.68310546875,345.388916015625,20250225-154856
3658,18446744073709551615,0,0.9013671875,567.7879028320312,0.7406158447265625,452.80078125,504.0967712402344,20250225-154856
3658,18446744073709551615,0,0.94482421875,279.100341796875,594.5015258789062,911.9943237304688,792.4801025390625,20250225-154856
3659,18446744073709551615,0,0.30322265625,608.719482421875,188.1316680908203,140.06813049316406,330.42901611328125,20250225-154856
3659,18446744073709551615,0,0.541015625,684.2779541015625,753.102783203125,82.86456298828125,95.20257568359375,20250225-154856
3659,18446744073709551615,0,0.65673828125,724.2738647460938,1439.75,75.5020751953125,55.903656005859375,20250225-154856
3659,18446744073709551615,0,0.6806640625,618.4140014648438,527.6407470703125,258.54730224609375,288.1264343261719,20250225-154856
3659,18446744073709551615,0,0.681640625,677.4503173828125,507.0409240722656,107.35423278808594,116.59689331054688,20250225-154856
3659,18446744073709551615,0,0.7265625,654.5836181640625,368.04669189453125,118.09849548339844,171.79559326171875,20250225-154856
3659,18446744073709551615,0,0.728515625,626.3326416015625,1184.9375,301.6886901855469,280.93377685546875,20250225-154856
3659,18446744073709551615,0,0.76220703125,662.3102416992188,838.2222290039062,145.15365600585938,142.69253540039062,20250225-154856
3659,18446744073709551615,0,0.8330078125,613.1943969726562,1566.8463134765625,352.4622802734375,344.7059326171875,20250225-154856
3659,18446744073709551615,0,0.8984375,568.4205322265625,0.7414398193359375,453.257568359375,503.48089599609375,20250225-154856
3659,18446744073709551615,0,0.94287109375,281.0941162109375,595.92822265625,911.1796875,790.4930419921875,20250225-154856
3660,18446744073709551615,0,0.316650390625,659.7423706054688,1566.5972900390625,113.79107666015625,111.10336303710938,20250225-154856
3660,18446744073709551615,0,0.322509765625,601.9886474609375,184.261474609375,143.70407104492188,338.5931396484375,20250225-154856
3660,18446744073709551615,0,0.57275390625,684.1787109375,753.55224609375,83.205322265625,95.23562622070312,20250225-154856
3660,18446744073709551615,0,0.61669921875,724.6197509765625,1440.812255859375,75.77801513671875,56.041900634765625,20250225-154856
3660,18446744073709551615,0,0.6669921875,626.62109375,1193.208251953125,291.9194641113281,278.082275390625,20250225-154856
3660,18446744073709551615,0,0.66796875,676.5679931640625,508.32794189453125,106.10137939453125,114.70404052734375,20250225-154856
3660,18446744073709551615,0,0.7373046875,654.35009765625,369.9041748046875,116.111572265625,172.57333374023438,20250225-154856
3660,18446744073709551615,0,0.7626953125,661.4577026367188,839.1513671875,145.6922607421875,143.59890747070312,20250225-154856
3660,18446744073709551615,0,0.76953125,618.7373046875,528.4873046875,263.2330627441406,289.209228515625,20250225-154856
3660,18446744073709551615,0,0.80517578125,612.5164794921875,1566.1614990234375,353.3470458984375,345.54547119140625,20250225-154856
3660,18446744073709551615,0,0.8974609375,567.9146118164062,0.9285736083984375,453.1213073730469,504.17193603515625,20250225-154856
3660,18446744073709551615,0,0.9423828125,274.71826171875,598.6591186523438,908.5486450195312,795.9078369140625,20250225-154856
3661,18446744073709551615,0,0.21533203125,659.56640625,1567.42041015625,112.9423828125,110.08392333984375,20250225-154856
3661,18446744073709551615,0,0.301513671875,607.7048950195312,184.49581909179688,143.0496063232422,330.8022766113281,20250225-154856
3661,18446744073709551615,0,0.56884765625,682.6138916015625,753.26220703125,83.66455078125,97.75991821289062,20250225-154856
3661,18446744073709551615,0,0.62353515625,724.5946655273438,1440.5877685546875,75.33847045898438,54.840087890625,20250225-154856
3661,18446744073709551615,0,0.6396484375,623.248291015625,1195.4075927734375,291.3585205078125,308.007568359375,20250225-154856
3661,18446744073709551615,0,0.6826171875,676.2974853515625,507.4201354980469,108.9180908203125,117.74258422851562,20250225-154856
3661,18446744073709551615,0,0.71923828125,661.70263671875,839.103515625,145.93899536132812,143.77880859375,20250225-154856
3661,18446744073709551615,0,0.72119140625,618.71240234375,528.21728515625,259.48773193359375,285.25634765625,20250225-154856
3661,18446744073709551615,0,0.76220703125,654.26513671875,370.056396484375,116.7737045288086,172.29849243164062,20250225-154856
3661,18446744073709551615,0,0.8173828125,611.971435546875,1566.235595703125,353.3477783203125,347.2158508300781,20250225-154856
3661,18446744073709551615,0,0.896484375,568.046630859375,0.5468902587890625,453.6519775390625,503.9751892089844,20250225-154856
3661,18446744073709551615,0,0.93994140625,277.38702392578125,597.3869018554688,914.6396484375,793.6814575195312,20250225-154856
3662,18446744073709551615,0,0.275146484375,605.0401611328125,184.9278564453125,143.12393188476562,333.5378723144531,20250225-154856
3662,18446744073709551615,0,0.556640625,682.9764404296875,753.22216796875,82.56362915039062,95.61209106445312,20250225-154856
3662,18446744073709551615,0,0.66455078125,625.9253540039062,1192.513671875,292.8973388671875,282.0442199707031,20250225-154856
3662,18446744073709551615,0,0.6748046875,675.8682861328125,506.3323974609375,109.71464538574219,116.29998779296875,20250225-154856
3662,18446744073709551615,0,0.68017578125,724.7125244140625,1442.0703125,74.01754760742188,54.3343505859375,20250225-154856
3662,18446744073709551615,0,0.732421875,619.723388671875,529.200927734375,252.68536376953125,282.15435791015625,20250225-154856
3662,18446744073709551615,0,0.7607421875,654.0155639648438,369.8114929199219,116.55159759521484,172.83453369140625,20250225-154856
3662,18446744073709551615,0,0.76708984375,661.2589111328125,838.7158813476562,145.71258544921875,145.93212890625,20250225-154856
3662,18446744073709551615,0,0.7841796875,611.701904296875,1565.279296875,354.720703125,352.1941223144531,20250225-154856
3662,18446744073709551615,0,0.8974609375,568.1768188476562,0.735076904296875,453.42413330078125,503.8677978515625,20250225-154856
3662,18446744073709551615,0,0.93994140625,275.1834716796875,598.3780517578125,911.8798828125,795.516357421875,20250225-154856
3663,18446744073709551615,0,0.2281494140625,604.3775024414062,178.74595642089844,150.44297790527344,334.82537841796875,20250225-154856
3663,18446744073709551615,0,0.541015625,624.8369750976562,1190.7216796875,307.9600524902344,317.303466796875,20250225-154856
3663,18446744073709551615,0,0.609375,683.8682861328125,754.720458984375,81.5511474609375,91.746826171875,20250225-154856
3663,18446744073709551615,0,0.6689453125,675.9466552734375,505.3021545410156,109.96517944335938,115.65811157226562,20250225-154856
3663,18446744073709551615,0,0.7265625,654.3418579101562,369.54412841796875,117.28038024902344,172.12893676757812,20250225-154856
3663,18446744073709551615,0,0.7265625,724.7067260742188,1442.218017578125,73.64447021484375,54.202972412109375,20250225-154856
3663,18446744073709551615,0,0.7529296875,618.985595703125,528.0469970703125,252.36456298828125,279.28106689453125,20250225-154856
3663,18446744073709551615,0,0.759765625,661.4742431640625,838.6181030273438,144.32803344726562,145.6494140625,20250225-154856
3663,18446744073709551615,0,0.76220703125,611.8538818359375,1565.20654296875,354.791748046875,336.1348571777344,20250225-154856
3663,18446744073709551615,0,0.8974609375,568.42431640625,0.54071044921875,453.55010986328125,503.70904541015625,20250225-154856
3663,18446744073709551615,0,0.94091796875,278.2944030761719,595.7315673828125,915.1609497070312,792.145751953125,20250225-154856
3664,18446744073709551615,0,0.219970703125,607.777587890625,185.4540252685547,143.2181854248047,332.8746643066406,20250225-154856
3664,18446744073709551615,0,0.2213134765625,660.4161987304688,1564.1466064453125,117.47332763671875,110.64193725585938,20250225-154856
3664,18446744073709551615,0,0.2371826171875,673.8861694335938,970.7073974609375,29.98370361328125,72.5540771484375,20250225-154856
3664,18446744073709551615,0,0.56494140625,724.893310546875,1441.0987548828125,74.6795654296875,56.928497314453125,20250225-154856
3664,18446744073709551615,0,0.638671875,676.2584838867188,506.1394958496094,108.72578430175781,115.34024047851562,20250225-154856
3664,18446744073709551615,0,0.66015625,683.6671142578125,753.41015625,83.4847412109375,92.74484252929688,20250225-154856
3664,18446744073709551615,0,0.681640625,624.2587890625,1194.934814453125,291.857666015625,328.2008056640625,20250225-154856
3664,18446744073709551615,0,0.705078125,654.1427001953125,369.35296630859375,117.24586486816406,172.52435302734375,20250225-154856
3664,18446744073709551615,0,0.7138671875,611.3543701171875,1564.295654296875,355.294921875,308.1100158691406,20250225-154856
3664,18446744073709551615,0,0.73095703125,619.1727905273438,528.4436645507812,262.35113525390625,279.3049621582031,20250225-154856
3664,18446744073709551615,0,0.76220703125,661.90625,840.5035400390625,142.37860107421875,142.72467041015625,20250225-154856
3664,18446744073709551615,0,0.8974609375,568.0596313476562,0.5407562255859375,453.4134521484375,503.9792175292969,20250225-154856
3664,18446744073709551615,0,0.94091796875,276.3604431152344,594.7234497070312,915.1928100585938,793.9784545898438,20250225-154856
3665,18446744073709551615,0,0.26806640625,608.0282592773438,186.33267211914062,142.30450439453125,332.4652404785156,20250225-154856
3665,18446744073709551615,0,0.57275390625,724.775390625,1440.198486328125,76.153564453125,56.8568115234375,20250225-154856
3665,18446744073709551615,0,0.61865234375,683.2373046875,752.1179809570312,82.25592041015625,94.41558837890625,20250225-154856
3665,18446744073709551615,0,0.63232421875,676.1531982421875,504.99041748046875,109.89234924316406,116.26583862304688,20250225-154856
3665,18446744073709551615,0,0.638671875,624.1536254882812,1195.763671875,287.80975341796875,297.8887939453125,20250225-154856
3665,18446744073709551615,0,0.6767578125,654.1875,368.2744140625,119.00999450683594,172.46145629882812,20250225-154856
3665,18446744073709551615,0,0.75830078125,619.292724609375,528.3037109375,250.44058227539062,264.9407043457031,20250225-154856
3665,18446744073709551615,0,0.7890625,661.7708129882812,839.224365234375,143.96905517578125,142.9478759765625,20250225-154856
3665,18446744073709551615,0,0.82568359375,610.9956665039062,1562.9443359375,357.02874755859375,355.0036926269531,20250225-154856
3665,18446744073709551615,0,0.8994140625,568.2991943359375,0.734344482421875,453.66357421875,503.73651123046875,20250225-154856
3665,18446744073709551615,0,0.9404296875,273.7562255859375,589.865966796875,921.848876953125,796.4412231445312,20250225-154856
3666,18446744073709551615,0,0.20556640625,674.2706298828125,973.3042602539062,28.672119140625,70.7109375,20250225-154856
3666,18446744073709551615,0,0.2330322265625,609.3477172851562,184.9956512451172,143.5160675048828,331.8146667480469,20250225-154856
3666,18446744073709551615,0,0.5341796875,724.2182006835938,1441.5738525390625,74.6773681640625,56.789886474609375,20250225-154856
3666,18446744073709551615,0,0.63232421875,676.4284057617188,505.6776123046875,109.2264404296875,115.40927124023438,20250225-154856
3666,18446744073709551615,0,0.640625,624.1235961914062,1194.479248046875,290.63836669921875,312.7125549316406,20250225-154856
3666,18446744073709551615,0,0.68017578125,683.5133056640625,752.2357788085938,82.51423645019531,92.96420288085938,20250225-154856
3666,18446744073709551615,0,0.6826171875,653.9415283203125,368.4708251953125,118.46859741210938,173.232421875,20250225-154856
3666,18446744073709551615,0,0.77783203125,619.134521484375,527.147216796875,249.11544799804688,263.650634765625,20250225-154856
3666,18446744073709551615,0,0.78857421875,660.53857421875,840.7780151367188,142.423828125,142.19952392578125,20250225-154856
3666,18446744073709551615,0,0.826171875,611.0172729492188,1561.979248046875,358.02081298828125,357.0315856933594,20250225-154856
3666,18446744073709551615,0,0.8984375,567.5564575195312,0.7320098876953125,453.3714599609375,504.23272705078125,20250225-154856
3666,18446744073709551615,0,0.94091796875,275.1002197265625,583.4222412109375,927.7437744140625,795.0135498046875,20250225-154856
3667,18446744073709551615,0,0.21142578125,674.9073486328125,973.059326171875,29.263916015625,68.13748168945312,20250225-154856
3667,18446744073709551615,0,0.234375,606.0576782226562,182.62155151367188,145.80230712890625,335.1427001953125,20250225-154856
3667,18446744073709551615,0,0.39990234375,658.940185546875,1564.703125,116.590576171875,112.3773193359375,20250225-154856
3667,18446744073709551615,0,0.615234375,678.6551513671875,505.51544189453125,109.6783447265625,113.40115356445312,20250225-154856
3667,18446744073709551615,0,0.61669921875,724.683837890625,1442.67724609375,73.95693969726562,53.250457763671875,20250225-154856
3667,18446744073709551615,0,0.65771484375,624.828369140625,1197.077392578125,289.63458251953125,310.37457275390625,20250225-154856
3667,18446744073709551615,0,0.72265625,683.0943603515625,752.079833984375,82.85453796386719,94.54147338867188,20250225-154856
3667,18446744073709551615,0,0.72412109375,653.1860961914062,369.68121337890625,117.2746810913086,174.07882690429688,20250225-154856
3667,18446744073709551615,0,0.751953125,619.0885620117188,527.024658203125,256.6687316894531,254.00811767578125,20250225-154856
3667,18446744073709551615,0,0.77734375,611.6195068359375,1566.2603759765625,353.63543701171875,354.7115478515625,20250225-154856
3667,18446744073709551615,0,0.77734375,661.4225463867188,839.5894775390625,143.69503784179688,140.71206665039062,20250225-154856
3667,18446744073709551615,0,0.896484375,567.8131713867188,0.7283935546875,453.44598388671875,504.0057678222656,20250225-154856
3667,18446744073709551615,0,0.93505859375,274.6625061035156,575.1476440429688,935.3241577148438,795.1510620117188,20250225-154856
3668,18446744073709551615,0,0.20751953125,659.452880859375,1566.0283203125,116.3668212890625,111.04769897460938,20250225-154856
3668,18446744073709551615,0,0.21728515625,675.0836791992188,969.9281616210938,32.329925537109375,71.88821411132812,20250225-154856
3668,18446744073709551615,0,0.325927734375,616.2645263671875,187.06837463378906,140.9901580810547,326.1394958496094,20250225-154856
3668,18446744073709551615,0,0.64404296875,678.8424682617188,505.7731018066406,109.67976379394531,112.83847045898438,20250225-154856
3668,18446744073709551615,0,0.64892578125,654.4998779296875,367.82733154296875,119.7506103515625,171.56423950195312,20250225-154856
3668,18446744073709551615,0,0.67724609375,626.2276611328125,1194.963134765625,303.506103515625,333.74432373046875,20250225-154856
3668,18446744073709551615,0,0.67724609375,725.4677124023438,1446.008056640625,70.16079711914062,53.47027587890625,20250225-154856
3668,18446744073709551615,0,0.69677734375,683.1505737304688,751.9061889648438,82.88264465332031,94.7724609375,20250225-154856
3668,18446744073709551615,0,0.7607421875,619.092041015625,527.5003051757812,254.68716430664062,257.57666015625,20250225-154856
3668,18446744073709551615,0,0.7724609375,662.3203125,838.8746337890625,144.51699829101562,138.82553100585938,20250225-154856
3668,18446744073709551615,0,0.806640625,611.4840087890625,1562.964111328125,357.035888671875,354.903076171875,20250225-154856
3668,18446744073709551615,0,0.900390625,567.6560668945312,0.929168701171875,452.8873291015625,504.26458740234375,20250225-154856
3668,18446744073709551615,0,0.93603515625,275.37890625,573.2604370117188,936.1131591796875,794.6385498046875,20250225-154856
3669,18446744073709551615,0,0.259765625,674.5224609375,968.337158203125,32.968048095703125,77.13619995117188,20250225-154856
3669,18446744073709551615,0,0.56787109375,725.710693359375,1442.8387451171875,72.70550537109375,57.113250732421875,20250225-154856
3669,18446744073709551615,0,0.63427734375,654.692138671875,368.3336181640625,119.5066909790039,171.44769287109375,20250225-154856
3669,18446744073709551615,0,0.65478515625,678.3158569335938,505.9620666503906,109.68685913085938,112.65380859375,20250225-154856
3669,18446744073709551615,0,0.70263671875,683.0960083007812,751.4686889648438,82.55474853515625,93.56881713867188,20250225-154856
3669,18446744073709551615,0,0.71044921875,624.3709716796875,1195.8912353515625,291.57659912109375,320.1605529785156,20250225-154856
3669,18446744073709551615,0,0.73486328125,619.0288696289062,528.0140380859375,257.43768310546875,255.51425170898438,20250225-154856
3669,18446744073709551615,0,0.79443359375,662.3739013671875,838.8275146484375,143.880615234375,140.62152099609375,20250225-154856
3669,18446744073709551615,0,0.83154296875,611.4710083007812,1567.2257080078125,352.7742919921875,355.2439270019531,20250225-154856
3669,18446744073709551615,0,0.900390625,567.93212890625,0.9166717529296875,453.1800842285156,503.858642578125,20250225-154856
3669,18446744073709551615,0,0.93896484375,275.94482421875,573.0651245117188,935.900390625,794.151123046875,20250225-154856
3670,18446744073709551615,0,0.2108154296875,612.9442749023438,181.73281860351562,147.16616821289062,326.6728820800781,20250225-154856
3670,18446744073709551615,0,0.241455078125,675.0926513671875,970.9134521484375,29.537933349609375,65.85470581054688,20250225-154856
3670,18446744073709551615,0,0.32080078125,660.6566162109375,1562.7366943359375,119.5107421875,110.52072143554688,20250225-154856
3670,18446744073709551615,0,0.607421875,725.34423828125,1441.54052734375,74.67471313476562,55.06402587890625,20250225-154856
3670,18446744073709551615,0,0.65771484375,675.8410034179688,505.7652282714844,109.69340515136719,116.58755493164062,20250225-154856
3670,18446744073709551615,0,0.66796875,683.6705932617188,752.638427734375,84.64215087890625,91.96261596679688,20250225-154856
3670,18446744073709551615,0,0.6767578125,624.7115478515625,1191.54345703125,286.3883972167969,275.4678039550781,20250225-154856
3670,18446744073709551615,0,0.73095703125,619.39599609375,528.5816650390625,262.2528076171875,255.23199462890625,20250225-154856
3670,18446744073709551615,0,0.7421875,653.7196655273438,369.617431640625,117.88449096679688,174.19107055664062,20250225-154856
3670,18446744073709551615,0,0.78271484375,611.8119506835938,1564.6439208984375,354.87542724609375,346.1304016113281,20250225-154856
3670,18446744073709551615,0,0.798828125,660.7066040039062,839.9104614257812,144.05621337890625,140.79537963867188,20250225-154856
3670,18446744073709551615,0,0.90283203125,567.2880859375,0.545013427734375,454.20587158203125,504.80474853515625,20250225-154856
3670,18446744073709551615,0,0.9404296875,274.650634765625,573.8309326171875,933.8633422851562,795.37646484375,20250225-154856
3671,18446744073709551615,0,0.20947265625,602.79052734375,181.0224151611328,147.44924926757812,337.18743896484375,20250225-154856
3671,18446744073709551615,0,0.3603515625,660.5458374023438,1562.3192138671875,119.98443603515625,109.82565307617188,20250225-154856
3671,18446744073709551615,0,0.6103515625,682.0546875,751.3235473632812,86.61836242675781,106.33328247070312,20250225-154856
3671,18446744073709551615,0,0.66015625,624.1597900390625,1192.835205078125,305.53253173828125,325.1041259765625,20250225-154856
3671,18446744073709551615,0,0.6767578125,653.00830078125,367.1671142578125,120.0677490234375,173.23992919921875,20250225-154856
3671,18446744073709551615,0,0.69287109375,675.7677612304688,506.260986328125,109.52632141113281,116.65969848632812,20250225-154856
3671,18446744073709551615,0,0.72265625,725.0072021484375,1449.05224609375,67.22222900390625,52.176727294921875,20250225-154856
3671,18446744073709551615,0,0.74072265625,611.586181640625,1564.04345703125,355.5025634765625,347.5330810546875,20250225-154856
3671,18446744073709551615,0,0.74609375,618.8485107421875,527.749267578125,262.5401916503906,261.5318298339844,20250225-154856
3671,18446744073709551615,0,0.8154296875,659.5929565429688,838.4591064453125,145.560791015625,142.20401000976562,20250225-154856
3671,18446744073709551615,0,0.8984375,567.0435791015625,0.532745361328125,454.0382995605469,504.8851318359375,20250225-154856
3671,18446744073709551615,0,0.9384765625,275.1025085449219,573.6513061523438,932.9448852539062,794.5294189453125,20250225-154856
3672,18446744073709551615,0,0.201171875,595.897705078125,169.00128173828125,159.8225555419922,346.9303894042969,20250225-154856
3672,18446744073709551615,0,0.286865234375,661.0865478515625,1566.2735595703125,116.60284423828125,108.90756225585938,20250225-154856
3672,18446744073709551615,0,0.48046875,725.3758544921875,1441.4227294921875,74.73275756835938,55.045166015625,20250225-154856
3672,18446744073709551615,0,0.56201171875,682.2132568359375,751.4635009765625,86.0855712890625,106.481689453125,20250225-154856
3672,18446744073709551615,0,0.6298828125,624.4923095703125,1192.148193359375,306.63922119140625,319.38336181640625,20250225-154856
3672,18446744073709551615,0,0.6611328125,675.5897827148438,506.7190246582031,107.46583557128906,115.27615356445312,20250225-154856
3672,18446744073709551615,0,0.73486328125,618.71484375,529.0709228515625,262.3072814941406,262.1164855957031,20250225-154856
3672,18446744073709551615,0,0.7548828125,652.667236328125,370.2600402832031,118.13232421875,173.91064453125,20250225-154856
3672,18446744073709551615,0,0.77392578125,611.3494262695312,1561.6790771484375,358.3209228515625,356.9043273925781,20250225-154856
3672,18446744073709551615,0,0.81689453125,660.0368041992188,836.595703125,146.94314575195312,147.69534301757812,20250225-154856
3672,18446744073709551615,0,0.89892578125,566.2362670898438,0.9140625,452.8226623535156,505.918212890625,20250225-154856
3672,18446744073709551615,0,0.9365234375,274.0650329589844,574.6224975585938,932.3466796875,795.7333374023438,20250225-154856
3673,18446744073709551615,0,0.56103515625,726.8765869140625,1442.64599609375,73.57672119140625,52.00360107421875,20250225-154856
3673,18446744073709551615,0,0.587890625,624.1071166992188,1196.4404296875,301.7304382324219,318.5360412597656,20250225-154856
3673,18446744073709551615,0,0.6494140625,676.5031127929688,506.214111328125,109.02195739746094,113.55825805664062,20250225-154856
3673,18446744073709551615,0,0.68701171875,683.3941040039062,751.7039184570312,85.02360534667969,92.71481323242188,20250225-154856
3673,18446744073709551615,0,0.705078125,654.284912109375,348.9533996582031,138.95236206054688,172.80670166015625,20250225-154856
3673,18446744073709551615,0,0.7822265625,618.927978515625,528.9820556640625,280.52215576171875,264.5915222167969,20250225-154856
3673,18446744073709551615,0,0.7880859375,610.7645874023438,1562.38525390625,357.61468505859375,355.4208068847656,20250225-154856
3673,18446744073709551615,0,0.822265625,661.056396484375,838.82275390625,143.4744873046875,141.35211181640625,20250225-154856
3673,18446744073709551615,0,0.89892578125,567.16064453125,0.89044189453125,452.8977355957031,505.1312255859375,20250225-154856
3673,18446744073709551615,0,0.93603515625,277.8044128417969,572.8763427734375,932.6949462890625,793.3231201171875,20250225-154856
3674,18446744073709551615,0,0.57568359375,624.3235473632812,1196.329833984375,300.9163513183594,315.7092590332031,20250225-154856
3674,18446744073709551615,0,0.65234375,679.1109008789062,506.09600830078125,109.18272399902344,113.46743774414062,20250225-154856
3674,18446744073709551615,0,0.68701171875,682.6146240234375,750.32958984375,84.98126220703125,96.0985107421875,20250225-154856
3674,18446744073709551615,0,0.69580078125,727.3828125,1443.955078125,72.48284912109375,52.506317138671875,20250225-154856
3674,18446744073709551615,0,0.75927734375,618.715576171875,528.9195556640625,271.237060546875,265.95025634765625,20250225-154856
3674,18446744073709551615,0,0.775390625,654.0272827148438,354.20794677734375,133.52944946289062,172.4058837890625,20250225-154856
3674,18446744073709551615,0,0.794921875,661.992431640625,839.7354125976562,141.5892333984375,142.3487548828125,20250225-154856
3674,18446744073709551615,0,0.82763671875,609.5013427734375,1563.2208251953125,355.9720458984375,348.0649108886719,20250225-154856
3674,18446744073709551615,0,0.89599609375,567.4189453125,0.902801513671875,452.45904541015625,504.7569580078125,20250225-154856
3674,18446744073709551615,0,0.9365234375,275.56170654296875,574.9960327148438,931.8693237304688,795.4801025390625,20250225-154856
3675,18446744073709551615,0,0.56982421875,623.438232421875,1195.676513671875,301.63458251953125,313.4466247558594,20250225-154856
3675,18446744073709551615,0,0.62158203125,683.0028076171875,750.2010498046875,83.91815185546875,96.07232666015625,20250225-154856
3675,18446744073709551615,0,0.67236328125,679.7733154296875,508.17315673828125,106.19338989257812,110.42413330078125,20250225-154856
3675,18446744073709551615,0,0.73486328125,727.0614624023438,1447.818115234375,69.9580078125,51.968170166015625,20250225-154856
3675,18446744073709551615,0,0.74853515625,653.9086303710938,351.7326965332031,134.02981567382812,172.50576782226562,20250225-154856
3675,18446744073709551615,0,0.759765625,619.2039184570312,530.4105224609375,256.5744323730469,266.29669189453125,20250225-154856
3675,18446744073709551615,0,0.81103515625,661.998291015625,838.8865356445312,142.67514038085938,142.36614990234375,20250225-154856
3675,18446744073709551615,0,0.8583984375,607.30078125,1560.1593017578125,359.8406982421875,360.36181640625,20250225-154856
3675,18446744073709551615,0,0.89892578125,567.697509765625,0.5267486572265625,453.38348388671875,504.48101806640625,20250225-154856
3675,18446744073709551615,0,0.9365234375,282.52490234375,574.6547241210938,931.8484497070312,788.7030029296875,20250225-154856
3676,18446744073709551615,0,0.2069091796875,646.6906127929688,1342.258544921875,125.10507202148438,242.83035278320312,20250225-154856
3676,18446744073709551615,0,0.381103515625,727.352294921875,1437.8516845703125,78.67840576171875,84.16607666015625,20250225-154856
3676,18446744073709551615,0,0.4970703125,624.2322998046875,1201.66552734375,222.31539916992188,240.92962646484375,20250225-154856
3676,18446744073709551615,0,0.61669921875,682.4190673828125,749.752685546875,88.10321044921875,124.58468627929688,20250225-154856
3676,18446744073709551615,0,0.69580078125,678.848876953125,506.6905517578125,106.72654724121094,112.2337646484375,20250225-154856
3676,18446744073709551615,0,0.76220703125,651.6470947265625,364.3437805175781,124.0158920288086,173.1954345703125,20250225-154856
3676,18446744073709551615,0,0.7939453125,618.472412109375,526.1834106445312,255.74295043945312,262.74481201171875,20250225-154856
3676,18446744073709551615,0,0.822265625,660.7498168945312,837.543212890625,144.287109375,143.485107421875,20250225-154856
3676,18446744073709551615,0,0.86083984375,603.415283203125,1560.7877197265625,358.51849365234375,360.71502685546875,20250225-154856
3676,18446744073709551615,0,0.89794921875,566.6488037109375,0.71026611328125,453.05682373046875,505.13360595703125,20250225-154856
3676,18446744073709551615,0,0.9375,279.232421875,572.701904296875,934.1310424804688,791.871826171875,20250225-154856
3677,18446744073709551615,0,0.447509765625,726.5751342773438,1441.1676025390625,75.20635986328125,51.64984130859375,20250225-154856
3677,18446744073709551615,0,0.56787109375,625.2154541015625,1200.3123779296875,298.5502624511719,318.9319152832031,20250225-154856
3677,18446744073709551615,0,0.591796875,676.988525390625,508.36834716796875,104.19483947753906,112.83746337890625,20250225-154856
3677,18446744073709551615,0,0.62353515625,682.3467407226562,750.772705078125,86.86138916015625,121.77932739257812,20250225-154856
3677,18446744073709551615,0,0.765625,617.985107421875,527.4224853515625,256.9272766113281,263.35308837890625,20250225-154856
3677,18446744073709551615,0,0.76708984375,650.94140625,329.4643859863281,158.73379516601562,172.55950927734375,20250225-154856
3677,18446744073709551615,0,0.8173828125,659.9664306640625,838.3756713867188,142.22836303710938,144.814453125,20250225-154856
3677,18446744073709551615,0,0.81884765625,597.8511962890625,1561.071533203125,358.42877197265625,358.735107421875,20250225-154856
3677,18446744073709551615,0,0.90087890625,566.7826538085938,0.535491943359375,454.0419921875,504.8148193359375,20250225-154856
3677,18446744073709551615,0,0.93798828125,275.9821472167969,572.4912109375,932.174560546875,794.9967041015625,20250225-154856
3678,18446744073709551615,0,0.552734375,625.358642578125,1197.8594970703125,276.5508728027344,266.4897766113281,20250225-154856
3678,18446744073709551615,0,0.5947265625,683.5003051757812,750.6364135742188,87.46257019042969,100.7618408203125,20250225-154856
3678,18446744073709551615,0,0.66015625,678.2684326171875,505.89239501953125,107.00202941894531,112.78225708007812,20250225-154856
3678,18446744073709551615,0,0.673828125,726.58154296875,1448.7911376953125,67.99200439453125,49.068603515625,20250225-154856
3678,18446744073709551615,0,0.7470703125,618.618896484375,526.8491821289062,259.21746826171875,265.7104797363281,20250225-154856
3678,18446744073709551615,0,0.775390625,652.6441040039062,328.1201477050781,160.47528076171875,169.47967529296875,20250225-154856
3678,18446744073709551615,0,0.80078125,660.8084106445312,838.070068359375,143.00527954101562,144.81655883789062,20250225-154856
3678,18446744073709551615,0,0.86572265625,594.2931518554688,1561.261474609375,358.2352294921875,368.7545471191406,20250225-154856
3678,18446744073709551615,0,0.9013671875,566.9188842773438,0.711822509765625,453.4937744140625,504.91937255859375,20250225-154856
3678,18446744073709551615,0,0.94091796875,281.6194152832031,572.5550537109375,930.0831298828125,789.1851196289062,20250225-154856
3679,18446744073709551615,0,0.552734375,625.0966796875,1198.794189453125,295.2917175292969,274.4307861328125,20250225-154856
3679,18446744073709551615,0,0.63720703125,683.4805908203125,751.729736328125,83.46427917480469,96.9100341796875,20250225-154856
3679,18446744073709551615,0,0.716796875,654.0208740234375,325.574951171875,163.2759246826172,171.04623413085938,20250225-154856
3679,18446744073709551615,0,0.7392578125,678.9959106445312,507.1222229003906,106.11259460449219,112.19686889648438,20250225-154856
3679,18446744073709551615,0,0.77734375,727.4952392578125,1450.512451171875,67.13031005859375,51.36639404296875,20250225-154856
3679,18446744073709551615,0,0.78271484375,619.3562622070312,530.1055908203125,257.9281311035156,264.4951171875,20250225-154856
3679,18446744073709551615,0,0.82275390625,662.0868530273438,836.8778686523438,144.11801147460938,140.42074584960938,20250225-154856
3679,18446744073709551615,0,0.876953125,589.9282836914062,1561.339599609375,358.17498779296875,371.8737487792969,20250225-154856
3679,18446744073709551615,0,0.8994140625,567.554443359375,0.715484619140625,453.5708312988281,504.86810302734375,20250225-154856
3679,18446744073709551615,0,0.94140625,277.22186279296875,572.526123046875,932.0681762695312,793.985595703125,20250225-154856
3680,18446744073709551615,0,0.60302734375,625.4051513671875,1195.970947265625,280.8243713378906,273.7592468261719,20250225-154856
3680,18446744073709551615,0,0.658203125,682.7486572265625,751.4529418945312,87.38983154296875,100.74856567382812,20250225-154856
3680,18446744073709551615,0,0.72265625,653.9646606445312,335.23175048828125,152.90664672851562,172.23037719726562,20250225-154856
3680,18446744073709551615,0,0.73046875,679.0746459960938,507.1763916015625,106.79562377929688,111.61203002929688,20250225-154856
3680,18446744073709551615,0,0.76611328125,727.34033203125,1448.001708984375,69.15399169921875,52.05084228515625,20250225-154856
3680,18446744073709551615,0,0.77392578125,620.1768798828125,527.5247802734375,261.95159912109375,264.135498046875,20250225-154856
3680,18446744073709551615,0,0.80908203125,662.4164428710938,839.1110229492188,141.46664428710938,142.53744506835938,20250225-154856
3680,18446744073709551615,0,0.88330078125,586.6702880859375,1561.27099609375,358.3297119140625,375.16168212890625,20250225-154856
3680,18446744073709551615,0,0.8974609375,568.5648193359375,0.9001922607421875,452.82830810546875,503.4824523925781,20250225-154856
3680,18446744073709551615,0,0.943359375,277.762939453125,573.7353515625,928.7382202148438,792.6295166015625,20250225-154856
3681,18446744073709551615,0,0.583984375,683.316650390625,750.9381103515625,88.20748901367188,105.6727294921875,20250225-154856
3681,18446744073709551615,0,0.60595703125,727.7272338867188,1443.50390625,72.90682983398438,51.7880859375,20250225-154856
3681,18446744073709551615,0,0.6953125,624.6721801757812,1194.203369140625,273.01080322265625,272.8627624511719,20250225-154856
3681,18446744073709551615,0,0.72705078125,678.6121826171875,507.6045227050781,106.37718200683594,111.659912109375,20250225-154856
3681,18446744073709551615,0,0.73095703125,654.5256958007812,340.32672119140625,148.07223510742188,170.4715576171875,20250225-154856
3681,18446744073709551615,0,0.79736328125,619.69580078125,527.380859375,255.47323608398438,261.816650390625,20250225-154856
3681,18446744073709551615,0,0.80517578125,662.2648315429688,839.863037109375,141.29544067382812,143.82769775390625,20250225-154856
3681,18446744073709551615,0,0.84423828125,585.1483154296875,1560.70703125,358.9530029296875,371.5593566894531,20250225-154856
3681,18446744073709551615,0,0.8974609375,568.4322509765625,0.70880126953125,452.42596435546875,503.7979431152344,20250225-154856
3681,18446744073709551615,0,0.94482421875,279.39276123046875,570.364990234375,933.3812255859375,791.4655151367188,20250225-154856
3682,18446744073709551615,0,0.2127685546875,649.7147827148438,222.43807983398438,105.1208267211914,294.7405700683594,20250225-154856
3682,18446744073709551615,0,0.2509765625,698.0595703125,1789.63671875,72.8983154296875,76.35543823242188,20250225-154856
3682,18446744073709551615,0,0.58154296875,726.178466796875,1446.500732421875,69.402099609375,49.23193359375,20250225-154856
3682,18446744073709551615,0,0.61669921875,682.6543579101562,750.671142578125,87.84626770019531,100.53067016601562,20250225-154856
3682,18446744073709551615,0,0.6669921875,623.43017578125,1197.282958984375,279.9591064453125,284.1783142089844,20250225-154856
3682,18446744073709551615,0,0.6982421875,676.8718872070312,508.3040771484375,106.10147094726562,114.51983642578125,20250225-154856
3682,18446744073709551615,0,0.705078125,654.5179443359375,345.180419921875,144.06019592285156,169.54339599609375,20250225-154856
3682,18446744073709551615,0,0.76220703125,617.600830078125,526.0435180664062,265.32073974609375,262.60125732421875,20250225-154856
3682,18446744073709551615,0,0.830078125,660.0294189453125,839.0593872070312,140.91448974609375,146.826416015625,20250225-154856
3682,18446744073709551615,0,0.85888671875,580.7406005859375,1560.192138671875,359.551025390625,376.01953125,20250225-154856
3682,18446744073709551615,0,0.8974609375,567.299072265625,0.70550537109375,453.5355224609375,505.01531982421875,20250225-154856
3682,18446744073709551615,0,0.9423828125,273.51800537109375,569.27001953125,934.188720703125,797.529052734375,20250225-154856
3683,18446744073709551615,0,0.2379150390625,626.0406494140625,213.73704528808594,113.53003692626953,319.51153564453125,20250225-154856
3683,18446744073709551615,0,0.59375,682.4189453125,751.5331420898438,87.72344970703125,99.755126953125,20250225-154856
3683,18446744073709551615,0,0.6279296875,726.1824951171875,1449.024658203125,66.73800659179688,48.1314697265625,20250225-154856
3683,18446744073709551615,0,0.69677734375,676.6876831054688,508.63299560546875,104.701171875,113.84317016601562,20250225-154856
3683,18446744073709551615,0,0.7255859375,653.9957885742188,341.84765625,146.72726440429688,170.20889282226562,20250225-154856
3683,18446744073709551615,0,0.75341796875,624.5388793945312,1198.036376953125,277.5121765136719,275.8418884277344,20250225-154856
3683,18446744073709551615,0,0.77587890625,618.5110473632812,528.2188720703125,256.6425476074219,259.0209045410156,20250225-154856
3683,18446744073709551615,0,0.8203125,660.1861572265625,838.9601440429688,140.92794799804688,146.724609375,20250225-154856
3683,18446744073709551615,0,0.87744140625,576.7666015625,1560.7957763671875,358.62286376953125,385.33831787109375,20250225-154856
3683,18446744073709551615,0,0.89892578125,567.2949829101562,0.5225372314453125,453.98492431640625,504.8326721191406,20250225-154856
3683,18446744073709551615,0,0.9423828125,277.3309326171875,570.6333618164062,933.2977294921875,792.4921875,20250225-154856
3684,18446744073709551615,0,0.5859375,727.0745849609375,1440.0537109375,76.33685302734375,53.64678955078125,20250225-154856
3684,18446744073709551615,0,0.6123046875,682.887451171875,751.7796020507812,89.225830078125,107.68991088867188,20250225-154856
3684,18446744073709551615,0,0.703125,623.928955078125,1198.007080078125,276.9740295410156,277.62689208984375,20250225-154856
3684,18446744073709551615,0,0.7041015625,679.4322509765625,505.90814208984375,107.77294921875,111.09375,20250225-154856
3684,18446744073709551615,0,0.7265625,654.7442626953125,344.226806640625,146.18319702148438,171.0523681640625,20250225-154856
3684,18446744073709551615,0,0.79638671875,618.027099609375,521.55078125,262.7282409667969,263.230224609375,20250225-154856
3684,18446744073709551615,0,0.798828125,661.7017822265625,840.497314453125,139.73538208007812,143.87924194335938,20250225-154856
3684,18446744073709551615,0,0.8623046875,574.7188110351562,1561.1553955078125,358.449462890625,384.06939697265625,20250225-154856
3684,18446744073709551615,0,0.900390625,567.3006591796875,0.9133758544921875,453.2398681640625,504.9841003417969,20250225-154856
3684,18446744073709551615,0,0.94189453125,278.01434326171875,570.55615234375,932.8837280273438,791.6976928710938,20250225-154856
3685,18446744073709551615,0,0.509765625,627.0269165039062,1200.2579345703125,297.2940673828125,320.5996398925781,20250225-154856
3685,18446744073709551615,0,0.630859375,683.095703125,751.4080810546875,86.36572265625,94.6834716796875,20250225-154856
3685,18446744073709551615,0,0.70556640625,679.7191772460938,507.14630126953125,108.0281982421875,110.51925659179688,20250225-154856
3685,18446744073709551615,0,0.7294921875,727.9959716796875,1448.3984375,69.0611572265625,51.32171630859375,20250225-154856
3685,18446744073709551615,0,0.75439453125,619.0940551757812,526.822509765625,258.8658142089844,258.7348937988281,20250225-154856
3685,18446744073709551615,0,0.77197265625,654.9759521484375,327.2661437988281,163.42172241210938,168.70596313476562,20250225-154856
3685,18446744073709551615,0,0.80029296875,662.7410888671875,838.0093994140625,142.05047607421875,143.98928833007812,20250225-154856
3685,18446744073709551615,0,0.89306640625,573.9120483398438,1562.096435546875,357.6046142578125,388.6515197753906,20250225-154856
3685,18446744073709551615,0,0.89990234375,569.0533447265625,0.529449462890625,453.21197509765625,502.957763671875,20250225-154856
3685,18446744073709551615,0,0.9423828125,279.20947265625,570.5701904296875,934.8019409179688,792.009521484375,20250225-154856
3686,18446744073709551615,0,0.62353515625,683.2445068359375,751.2695922851562,87.13334655761719,95.72634887695312,20250225-154857
3686,18446744073709551615,0,0.6298828125,625.8907470703125,1198.3021240234375,272.79254150390625,273.4364318847656,20250225-154857
3686,18446744073709551615,0,0.70263671875,679.8008422851562,506.4262390136719,107.06318664550781,111.30294799804688,20250225-154857
3686,18446744073709551615,0,0.7431640625,727.6260986328125,1446.614990234375,71.42962646484375,51.22979736328125,20250225-154857
3686,18446744073709551615,0,0.751953125,655.802490234375,338.92230224609375,152.10147094726562,169.69564819335938,20250225-154857
3686,18446744073709551615,0,0.7548828125,618.919189453125,526.3306884765625,262.0859069824219,258.73736572265625,20250225-154857
3686,18446744073709551615,0,0.7880859375,661.8696899414062,837.3836059570312,143.55029296875,144.094482421875,20250225-154857
3686,18446744073709551615,0,0.88623046875,570.3451538085938,1560.538330078125,358.97735595703125,394.6495056152344,20250225-154857
3686,18446744073709551615,0,0.896484375,568.0751953125,0.526519775390625,453.61279296875,504.1110534667969,20250225-154857
3686,18446744073709551615,0,0.94287109375,276.5074768066406,571.0277099609375,932.41552734375,793.5648193359375,20250225-154857
3687,18446744073709551615,0,0.2081298828125,608.7339477539062,187.406982421875,140.75582885742188,334.7119445800781,20250225-154857
3687,18446744073709551615,0,0.42919921875,726.88330078125,1437.462158203125,79.96847534179688,59.309326171875,20250225-154857
3687,18446744073709551615,0,0.62060546875,682.762939453125,751.5917358398438,85.93414306640625,103.7080078125,20250225-154857
3687,18446744073709551615,0,0.6611328125,624.6146850585938,1199.2291259765625,270.14044189453125,273.6156005859375,20250225-154857
3687,18446744073709551615,0,0.728515625,679.7107543945312,507.3950500488281,106.80409240722656,111.13064575195312,20250225-154857
3687,18446744073709551615,0,0.77099609375,655.1614379882812,345.43389892578125,144.53746032714844,168.85272216796875,20250225-154857
3687,18446744073709551615,0,0.80126953125,617.806396484375,529.3745727539062,253.616455078125,261.2830810546875,20250225-154857
3687,18446744073709551615,0,0.82373046875,660.705322265625,835.2321166992188,145.8321533203125,146.44985961914062,20250225-154857
3687,18446744073709551615,0,0.89599609375,567.4345703125,0.5261077880859375,453.120361328125,504.9810791015625,20250225-154857
3687,18446744073709551615,0,0.904296875,567.0847778320312,1560.641845703125,358.88671875,397.84808349609375,20250225-154857
3687,18446744073709551615,0,0.94580078125,280.19677734375,571.133056640625,931.7664184570312,789.8029174804688,20250225-154857
3688,18446744073709551615,0,0.381103515625,726.693359375,1437.332275390625,78.31777954101562,60.425537109375,20250225-154857
3688,18446744073709551615,0,0.5546875,624.9195556640625,1194.572265625,272.63433837890625,271.85137939453125,20250225-154857
3688,18446744073709551615,0,0.64794921875,682.844970703125,752.99267578125,84.33251953125,93.67813110351562,20250225-154857
3688,18446744073709551615,0,0.70263671875,654.2283935546875,338.86492919921875,151.24569702148438,169.30462646484375,20250225-154857
3688,18446744073709551615,0,0.71044921875,676.834228515625,508.1220703125,105.95640563964844,113.69329833984375,20250225-154857
3688,18446744073709551615,0,0.79443359375,661.2744140625,834.7098999023438,145.69573974609375,146.50790405273438,20250225-154857
3688,18446744073709551615,0,0.81396484375,617.528564453125,527.5626220703125,258.5613098144531,261.25506591796875,20250225-154857
3688,18446744073709551615,0,0.87255859375,564.1593017578125,1561.10888671875,358.795166015625,399.0926513671875,20250225-154857
3688,18446744073709551615,0,0.89501953125,566.927490234375,0.519287109375,454.27203369140625,505.189453125,20250225-154857
3688,18446744073709551615,0,0.94384765625,279.2621154785156,571.497314453125,930.0772705078125,790.9427490234375,20250225-154857
3689,18446744073709551615,0,0.4560546875,625.2279052734375,1202.1905517578125,295.51263427734375,314.3625183105469,20250225-154857
3689,18446744073709551615,0,0.5068359375,727.2066650390625,1441.96533203125,73.22323608398438,51.595458984375,20250225-154857
3689,18446744073709551615,0,0.67724609375,682.56591796875,754.342041015625,83.95870971679688,93.23089599609375,20250225-154857
3689,18446744073709551615,0,0.7265625,654.3033447265625,338.75201416015625,151.66937255859375,169.6988525390625,20250225-154857
3689,18446744073709551615,0,0.732421875,678.153564453125,507.7634582519531,106.14385986328125,112.08984375,20250225-154857
3689,18446744073709551615,0,0.810546875,661.05908203125,835.11767578125,144.5299072265625,146.52593994140625,20250225-154857
3689,18446744073709551615,0,0.82373046875,618.0206298828125,526.576416015625,259.6852111816406,260.98443603515625,20250225-154857
3689,18446744073709551615,0,0.89697265625,566.3915405273438,0.7148895263671875,453.376708984375,505.9192199707031,20250225-154857
3689,18446744073709551615,0,0.90380859375,563.0813598632812,1560.9232177734375,358.88763427734375,400.379150390625,20250225-154857
3689,18446744073709551615,0,0.9423828125,282.75640869140625,568.5834350585938,932.0745849609375,788.5601806640625,20250225-154857
3690,18446744073709551615,0,0.20556640625,585.7531127929688,175.73751831054688,151.77671813964844,355.66314697265625,20250225-154857
3690,18446744073709551615,0,0.60205078125,682.822265625,755.360595703125,82.0513916015625,90.96487426757812,20250225-154857
3690,18446744073709551615,0,0.611328125,624.5282592773438,1202.992431640625,282.89849853515625,327.1665344238281,20250225-154857
3690,18446744073709551615,0,0.67822265625,655.1431274414062,334.4201354980469,156.13772583007812,169.54513549804688,20250225-154857
3690,18446744073709551615,0,0.73486328125,727.1065673828125,1444.3017578125,73.47994995117188,51.24298095703125,20250225-154857
3690,18446744073709551615,0,0.74169921875,679.02392578125,507.13824462890625,106.57612609863281,111.08734130859375,20250225-154857
3690,18446744073709551615,0,0.79736328125,618.3370971679688,524.8231201171875,265.3537902832031,262.6769714355469,20250225-154857
3690,18446744073709551615,0,0.79736328125,662.411376953125,834.177978515625,145.15328979492188,145.8651123046875,20250225-154857
3690,18446744073709551615,0,0.89892578125,566.779541015625,0.721527099609375,452.94830322265625,505.25189208984375,20250225-154857
3690,18446744073709551615,0,0.89990234375,562.4534912109375,1560.2398681640625,359.48583984375,401.50634765625,20250225-154857
3690,18446744073709551615,0,0.94189453125,278.7286376953125,571.3897705078125,927.7706909179688,791.1110229492188,20250225-154857
3691,18446744073709551615,0,0.2166748046875,594.4429321289062,179.82179260253906,147.94436645507812,346.79058837890625,20250225-154857
3691,18446744073709551615,0,0.393310546875,683.2003784179688,755.837646484375,81.30908203125,90.81930541992188,20250225-154857
3691,18446744073709551615,0,0.625,626.5164184570312,1201.8834228515625,272.44024658203125,275.3250732421875,20250225-154857
3691,18446744073709551615,0,0.73486328125,662.5953369140625,834.65380859375,143.74365234375,145.53533935546875,20250225-154857
3691,18446744073709551615,0,0.75048828125,727.505126953125,1444.60791015625,72.30734252929688,51.807952880859375,20250225-154857
3691,18446744073709551615,0,0.755859375,654.782958984375,335.44647216796875,155.13665771484375,170.68157958984375,20250225-154857
3691,18446744073709551615,0,0.76220703125,678.8311767578125,506.78375244140625,107.00930786132812,111.4691162109375,20250225-154857
3691,18446744073709551615,0,0.77392578125,618.9970092773438,527.174560546875,261.99774169921875,260.4769592285156,20250225-154857
3691,18446744073709551615,0,0.87158203125,561.7044067382812,1559.338623046875,360.19921875,403.45166015625,20250225-154857
3691,18446744073709551615,0,0.9013671875,567.562255859375,0.54254150390625,453.4227294921875,504.59747314453125,20250225-154857
3691,18446744073709551615,0,0.943359375,277.777587890625,572.1941528320312,927.1834716796875,791.9133911132812,20250225-154857
3692,18446744073709551615,0,0.2493896484375,586.464111328125,173.7733154296875,153.98936462402344,353.603759765625,20250225-154857
3692,18446744073709551615,0,0.368408203125,677.3721313476562,754.8597412109375,82.96659851074219,96.80831909179688,20250225-154857
3692,18446744073709551615,0,0.6494140625,726.9847412109375,1449.4119873046875,67.80239868164062,51.103179931640625,20250225-154857
3692,18446744073709551615,0,0.67919921875,623.7108764648438,1199.0540771484375,286.0489196777344,326.28021240234375,20250225-154857
3692,18446744073709551615,0,0.73095703125,654.5568237304688,336.0492248535156,154.82559204101562,170.43072509765625,20250225-154857
3692,18446744073709551615,0,0.74072265625,678.7518310546875,506.4190979003906,106.9962158203125,111.00457763671875,20250225-154857
3692,18446744073709551615,0,0.77734375,661.1693115234375,834.6183471679688,142.90576171875,145.91354370117188,20250225-154857
3692,18446744073709551615,0,0.787109375,619.0145874023438,523.8784790039062,281.01251220703125,258.8341369628906,20250225-154857
3692,18446744073709551615,0,0.89697265625,568.0588989257812,0.53961181640625,453.405517578125,504.3598937988281,20250225-154857
3692,18446744073709551615,0,0.89697265625,561.5414428710938,1558.7823486328125,360.9525146484375,400.94659423828125,20250225-154857
3692,18446744073709551615,0,0.94140625,281.96453857421875,571.99560546875,928.771728515625,787.681640625,20250225-154857
3693,18446744073709551615,0,0.265869140625,669.5491333007812,1163.7449951171875,82.9918212890625,138.13870239257812,20250225-154857
3693,18446744073709551615,0,0.301513671875,649.6558227539062,744.0146484375,94.5142822265625,129.80841064453125,20250225-154857
3693,18446744073709551615,0,0.59716796875,726.8790893554688,1444.152099609375,72.93118286132812,51.26971435546875,20250225-154857
3693,18446744073709551615,0,0.6884765625,623.3142700195312,1198.468505859375,288.8097839355469,340.4292297363281,20250225-154857
3693,18446744073709551615,0,0.736328125,678.792236328125,507.24224853515625,105.82589721679688,110.98736572265625,20250225-154857
3693,18446744073709551615,0,0.7705078125,654.3931274414062,336.031494140625,153.8917236328125,170.52786254882812,20250225-154857
3693,18446744073709551615,0,0.77783203125,617.5402221679688,525.7633056640625,276.15545654296875,259.4786682128906,20250225-154857
3693,18446744073709551615,0,0.80810546875,660.6813354492188,835.26123046875,140.5960693359375,145.78628540039062,20250225-154857
3693,18446744073709551615,0,0.89892578125,558.8336181640625,1559.4583740234375,360.45281982421875,402.863525390625,20250225-154857
3693,18446744073709551615,0,0.90087890625,566.9320678710938,0.7181396484375,452.65155029296875,505.5421142578125,20250225-154857
3693,18446744073709551615,0,0.9423828125,278.2398376464844,571.7785034179688,928.7199096679688,791.62060546875,20250225-154857
3694,18446744073709551615,0,0.55078125,649.3653564453125,738.2481079101562,99.42022705078125,128.05682373046875,20250225-154857
3694,18446744073709551615,0,0.57373046875,726.7635498046875,1443.8310546875,73.48187255859375,51.00860595703125,20250225-154857
3694,18446744073709551615,0,0.5869140625,625.6034545898438,1202.378173828125,294.0267333984375,332.7666320800781,20250225-154857
3694,18446744073709551615,0,0.72314453125,654.3528442382812,337.73773193359375,152.8377685546875,170.45919799804688,20250225-154857
3694,18446744073709551615,0,0.74609375,678.5692749023438,506.687255859375,106.54463195800781,111.7012939453125,20250225-154857
3694,18446744073709551615,0,0.7646484375,618.3878173828125,527.205810546875,276.3479919433594,259.9292907714844,20250225-154857
3694,18446744073709551615,0,0.79248046875,661.114013671875,835.2005615234375,140.37945556640625,144.0421142578125,20250225-154857
3694,18446744073709551615,0,0.8701171875,557.4556274414062,1559.9384765625,359.74639892578125,399.96807861328125,20250225-154857
3694,18446744073709551615,0,0.89990234375,564.8886108398438,0.7168121337890625,449.943359375,507.9141540527344,20250225-154857
3694,18446744073709551615,0,0.94189453125,277.634033203125,570.8992919921875,929.3609619140625,793.5360717773438,20250225-154857
3695,18446744073709551615,0,0.282958984375,672.4835205078125,1161.220947265625,72.49978637695312,134.68890380859375,20250225-154857
3695,18446744073709551615,0,0.6259765625,649.5001831054688,738.9039306640625,98.16874694824219,122.95733642578125,20250225-154857
3695,18446744073709551615,0,0.68603515625,626.7760620117188,1200.7510986328125,287.61859130859375,333.7215270996094,20250225-154857
3695,18446744073709551615,0,0.71923828125,727.1442260742188,1443.84228515625,74.01791381835938,51.848785400390625,20250225-154857
3695,18446744073709551615,0,0.7490234375,679.9669189453125,507.83599853515625,105.06179809570312,109.85394287109375,20250225-154857
3695,18446744073709551615,0,0.75341796875,655.1514892578125,332.70086669921875,157.45738220214844,170.40692138671875,20250225-154857
3695,18446744073709551615,0,0.7568359375,660.7531127929688,833.317626953125,138.6463623046875,147.02645874023438,20250225-154857
3695,18446744073709551615,0,0.8076171875,619.6124267578125,524.6220703125,289.4372863769531,259.8463439941406,20250225-154857
3695,18446744073709551615,0,0.814453125,558.6963500976562,1561.1337890625,358.57012939453125,382.1685791015625,20250225-154857
3695,18446744073709551615,0,0.890625,565.1793823242188,1.2645263671875,451.06610107421875,506.28314208984375,20250225-154857
3695,18446744073709551615,0,0.9423828125,275.8803405761719,572.4276123046875,925.21728515625,793.8623657226562,20250225-154857
3696,18446744073709551615,0,0.271240234375,616.2031860351562,206.98330688476562,120.1007080078125,330.2275085449219,20250225-154857
3696,18446744073709551615,0,0.2783203125,671.5843505859375,1159.970458984375,75.43341064453125,135.9949951171875,20250225-154857
3696,18446744073709551615,0,0.607421875,649.8951416015625,739.1673583984375,97.58601379394531,122.501220703125,20250225-154857
3696,18446744073709551615,0,0.63330078125,727.7916870117188,1442.363525390625,74.76663208007812,52.1220703125,20250225-154857
3696,18446744073709551615,0,0.7080078125,627.0333251953125,1206.968994140625,286.6461181640625,330.7004699707031,20250225-154857
3696,18446744073709551615,0,0.72314453125,680.0145263671875,506.96246337890625,106.28096008300781,110.07568359375,20250225-154857
3696,18446744073709551615,0,0.76123046875,655.645751953125,341.5470886230469,148.11721801757812,169.24227905273438,20250225-154857
3696,18446744073709551615,0,0.775390625,661.320556640625,834.1695556640625,137.59396362304688,147.83743286132812,20250225-154857
3696,18446744073709551615,0,0.79248046875,620.1815185546875,524.0158081054688,284.12969970703125,256.09918212890625,20250225-154857
3696,18446744073709551615,0,0.85009765625,557.9716186523438,1564.528564453125,355.471435546875,402.06884765625,20250225-154857
3696,18446744073709551615,0,0.88720703125,564.5791625976562,1.0984954833984375,451.2257995605469,507.74322509765625,20250225-154857
3696,18446744073709551615,0,0.94189453125,275.82733154296875,569.956298828125,927.979248046875,795.034423828125,20250225-154857
3697,18446744073709551615,0,0.462890625,671.7392578125,1159.2998046875,75.54913330078125,134.89297485351562,20250225-154857
3697,18446744073709551615,0,0.56689453125,649.6290893554688,739.950927734375,97.63554382324219,124.5955810546875,20250225-154857
3697,18446744073709551615,0,0.6103515625,727.033447265625,1441.818359375,75.9832763671875,50.808380126953125,20250225-154857
3697,18446744073709551615,0,0.705078125,661.4342651367188,832.9698486328125,135.20736694335938,147.65231323242188,20250225-154857
3697,18446744073709551615,0,0.732421875,679.7152099609375,505.6971130371094,107.23709106445312,111.09979248046875,20250225-154857
3697,18446744073709551615,0,0.75439453125,655.5466918945312,339.160888671875,150.98634338378906,169.437744140625,20250225-154857
3697,18446744073709551615,0,0.7578125,624.5645141601562,1200.870361328125,289.1620788574219,335.0433654785156,20250225-154857
3697,18446744073709551615,0,0.75927734375,557.352783203125,1566.1710205078125,353.8289794921875,397.133056640625,20250225-154857
3697,18446744073709551615,0,0.7919921875,619.3049926757812,526.3553466796875,282.2449035644531,256.6755065917969,20250225-154857
3697,18446744073709551615,0,0.89013671875,563.589111328125,0.910308837890625,448.8218994140625,508.9486999511719,20250225-154857
3697,18446744073709551615,0,0.94091796875,275.1460876464844,571.0814208984375,923.9100952148438,794.468994140625,20250225-154857
3698,18446744073709551615,0,0.416748046875,670.6276245117188,1162.4991455078125,74.2686767578125,132.72134399414062,20250225-154857
3698,18446744073709551615,0,0.56494140625,650.1432495117188,740.0897216796875,97.0645751953125,123.27786254882812,20250225-154857
3698,18446744073709551615,0,0.6689453125,726.6597900390625,1447.1485595703125,69.27227783203125,48.10198974609375,20250225-154857
3698,18446744073709551615,0,0.7177734375,678.4559326171875,507.29315185546875,106.86387634277344,112.02548217773438,20250225-154857
3698,18446744073709551615,0,0.73876953125,655.4430541992188,339.87969970703125,149.78726196289062,168.48129272460938,20250225-154857
3698,18446744073709551615,0,0.74462890625,557.43212890625,1563.6112060546875,356.08685302734375,400.2286376953125,20250225-154857
3698,18446744073709551615,0,0.75634765625,624.4698486328125,1204.2998046875,285.32135009765625,340.125,20250225-154857
3698,18446744073709551615,0,0.76123046875,660.2565307617188,833.335693359375,134.07037353515625,149.47796630859375,20250225-154857
3698,18446744073709551615,0,0.7939453125,618.6150512695312,527.9540405273438,283.0165100097656,255.00247192382812,20250225-154857
3698,18446744073709551615,0,0.89306640625,564.2766723632812,1.1001434326171875,450.2311706542969,507.8572998046875,20250225-154857
3698,18446744073709551615,0,0.94140625,272.1149597167969,570.6597290039062,924.7684936523438,797.4613037109375,20250225-154857
3699,18446744073709551615,0,0.5068359375,648.6220703125,742.28955078125,94.61027526855469,129.7225341796875,20250225-154857
3699,18446744073709551615,0,0.5234375,671.0231323242188,1156.963134765625,78.90097045898438,133.494140625,20250225-154857
3699,18446744073709551615,0,0.544921875,726.737060546875,1448.5440673828125,67.38427734375,47.79400634765625,20250225-154857
3699,18446744073709551615,0,0.66455078125,624.774169921875,1200.844482421875,286.26617431640625,332.7558288574219,20250225-154857
3699,18446744073709551615,0,0.70654296875,678.5665283203125,507.26934814453125,106.92352294921875,112.0546875,20250225-154857
3699,18446744073709551615,0,0.728515625,655.3156127929688,332.3839416503906,157.74142456054688,167.97354125976562,20250225-154857
3699,18446744073709551615,0,0.75048828125,618.5989379882812,529.229736328125,281.58343505859375,255.26898193359375,20250225-154857
3699,18446744073709551615,0,0.7568359375,659.787841796875,834.0785522460938,132.44302368164062,148.5120849609375,20250225-154857
3699,18446744073709551615,0,0.86767578125,557.9891967773438,1568.103759765625,351.89630126953125,401.6583251953125,20250225-154857
3699,18446744073709551615,0,0.89111328125,565.8023071289062,1.0982666015625,450.34442138671875,506.4491271972656,20250225-154857
3699,18446744073709551615,0,0.94580078125,271.6241455078125,568.778564453125,925.8453369140625,798.4033813476562,20250225-154857
3700,18446744073709551615,0,0.219970703125,778.024658203125,1852.4176025390625,67.14422607421875,295.7798767089844,20250225-154857
3700,18446744073709551615,0,0.501953125,671.4188232421875,1157.164794921875,79.28585815429688,136.84597778320312,20250225-154857
3700,18446744073709551615,0,0.57080078125,726.87939453125,1441.408935546875,75.94573974609375,51.755859375,20250225-154857
3700,18446744073709551615,0,0.63330078125,650.00244140625,741.5604858398438,96.00640869140625,124.42373657226562,20250225-154857
3700,18446744073709551615,0,0.7080078125,624.9131469726562,1202.738525390625,286.68475341796875,333.8826599121094,20250225-154857
3700,18446744073709551615,0,0.712890625,679.4276733398438,506.6073303222656,106.88731384277344,111.53265380859375,20250225-154857
3700,18446744073709551615,0,0.72802734375,655.9733276367188,341.62908935546875,148.48574829101562,168.51022338867188,20250225-154857
3700,18446744073709551615,0,0.76953125,659.927001953125,834.5513916015625,131.5418701171875,148.04425048828125,20250225-154857
3700,18446744073709551615,0,0.8125,618.792724609375,527.462890625,291.6199035644531,254.55670166015625,20250225-154857
3700,18446744073709551615,0,0.8388671875,561.0741577148438,1566.968994140625,349.25885009765625,335.829345703125,20250225-154857
3700,18446744073709551615,0,0.89453125,565.5338745117188,0.7222137451171875,449.1669921875,506.8311767578125,20250225-154857
3700,18446744073709551615,0,0.943359375,273.6427917480469,569.1442260742188,924.860595703125,796.2659912109375,20250225-154857
3701,18446744073709551615,0,0.2568359375,590.7467651367188,179.6697998046875,147.81748962402344,350.27362060546875,20250225-154857
3701,18446744073709551615,0,0.27978515625,783.8875122070312,1838.79638671875,80.62225341796875,291.5262451171875,20250225-154857
3701,18446744073709551615,0,0.5517578125,672.3519287109375,1162.6351318359375,74.97006225585938,134.7894287109375,20250225-154857
3701,18446744073709551615,0,0.595703125,726.5381469726562,1442.2049560546875,75.87496948242188,52.261138916015625,20250225-154857
3701,18446744073709551615,0,0.65478515625,625.4249267578125,1205.7139892578125,280.18890380859375,326.34283447265625,20250225-154857
3701,18446744073709551615,0,0.69775390625,650.6209716796875,738.9521484375,97.43115234375,124.72952270507812,20250225-154857
3701,18446744073709551615,0,0.703125,656.0361328125,344.6879577636719,145.58938598632812,166.66085815429688,20250225-154857
3701,18446744073709551615,0,0.72119140625,679.793701171875,505.0837097167969,108.52409362792969,110.96548461914062,20250225-154857
3701,18446744073709551615,0,0.73095703125,660.747314453125,833.9000244140625,131.18490600585938,146.62353515625,20250225-154857
3701,18446744073709551615,0,0.76220703125,561.417724609375,1567.0869140625,343.0660400390625,329.94891357421875,20250225-154857
3701,18446744073709551615,0,0.85498046875,618.859130859375,525.7227172851562,302.50213623046875,255.67401123046875,20250225-154857
3701,18446744073709551615,0,0.896484375,567.5126953125,0.9097137451171875,449.03912353515625,504.7641906738281,20250225-154857
3701,18446744073709551615,0,0.9443359375,273.32647705078125,569.5690307617188,924.3218994140625,796.6177368164062,20250225-154857
3702,18446744073709551615,0,0.361083984375,772.9971313476562,1835.594970703125,83.7996826171875,301.6929931640625,20250225-154857
3702,18446744073709551615,0,0.454345703125,671.7207641601562,1155.6708984375,80.21237182617188,134.84188842773438,20250225-154857
3702,18446744073709551615,0,0.537109375,651.14208984375,738.2400512695312,99.2783203125,125.39923095703125,20250225-154857
3702,18446744073709551615,0,0.61962890625,726.6102905273438,1443.7862548828125,74.16696166992188,50.87548828125,20250225-154857
3702,18446744073709551615,0,0.7041015625,679.5917358398438,506.09796142578125,106.77658081054688,111.17156982421875,20250225-154857
3702,18446744073709551615,0,0.728515625,656.3221435546875,346.291015625,144.4990997314453,167.29367065429688,20250225-154857
3702,18446744073709551615,0,0.7490234375,617.596435546875,524.2149658203125,257.1114807128906,255.4248046875,20250225-154857
3702,18446744073709551615,0,0.767578125,626.9520263671875,1203.7093505859375,289.9259948730469,331.6062927246094,20250225-154857
3702,18446744073709551615,0,0.783203125,660.7944946289062,832.6456298828125,132.84173583984375,148.244384765625,20250225-154857
3702,18446744073709551615,0,0.859375,560.8676147460938,1569.3702392578125,336.293701171875,321.95452880859375,20250225-154857
3702,18446744073709551615,0,0.8984375,567.6491088867188,1.09661865234375,449.35931396484375,504.4837646484375,20250225-154857
3702,18446744073709551615,0,0.943359375,273.9957275390625,569.504638671875,924.99609375,795.9054565429688,20250225-154857
3703,18446744073709551615,0,0.259033203125,586.1350708007812,179.9556427001953,147.38754272460938,353.4503173828125,20250225-154857
3703,18446744073709551615,0,0.422607421875,769.3635864257812,1821.09375,98.4085693359375,305.7131652832031,20250225-154857
3703,18446744073709551615,0,0.490234375,672.7329711914062,1156.752197265625,79.32083129882812,133.88607788085938,20250225-154857
3703,18446744073709551615,0,0.55908203125,652.5853271484375,738.1333618164062,99.51484680175781,120.76922607421875,20250225-154857
3703,18446744073709551615,0,0.68701171875,726.6857299804688,1444.580810546875,73.78573608398438,50.880157470703125,20250225-154857
3703,18446744073709551615,0,0.73486328125,679.7138671875,507.780029296875,104.95115661621094,110.05142211914062,20250225-154857
3703,18446744073709551615,0,0.7490234375,627.260009765625,1206.216064453125,288.2622985839844,334.2160949707031,20250225-154857
3703,18446744073709551615,0,0.75341796875,661.2589111328125,832.2683715820312,133.03829956054688,147.4119873046875,20250225-154857
3703,18446744073709551615,0,0.76904296875,655.7308959960938,348.1068115234375,142.2444305419922,167.34576416015625,20250225-154857
3703,18446744073709551615,0,0.80029296875,617.2911987304688,524.2491455078125,300.1022644042969,256.4329833984375,20250225-154857
3703,18446744073709551615,0,0.859375,558.6544189453125,1572.160888671875,323.304931640625,321.10491943359375,20250225-154857
3703,18446744073709551615,0,0.89892578125,566.2093505859375,0.90911865234375,449.82958984375,506.2039489746094,20250225-154857
3703,18446744073709551615,0,0.94482421875,273.84228515625,568.9965209960938,924.416015625,796.3165283203125,20250225-154857
3704,18446744073709551615,0,0.451416015625,672.2671508789062,1154.2149658203125,82.60821533203125,137.35546875,20250225-154857
3704,18446744073709551615,0,0.4580078125,654.1345825195312,732.7047119140625,106.07858276367188,123.36007690429688,20250225-154857
3704,18446744073709551615,0,0.4970703125,769.1303100585938,1810.8900146484375,108.2017822265625,305.6950378417969,20250225-154857
3704,18446744073709551615,0,0.57568359375,726.9566650390625,1442.266357421875,75.62722778320312,50.92291259765625,20250225-154857
3704,18446744073709551615,0,0.740234375,627.0352783203125,1203.0113525390625,291.1846618652344,332.52630615234375,20250225-154857
3704,18446744073709551615,0,0.7529296875,679.34375,508.1268310546875,104.04743957519531,109.948974609375,20250225-154857
3704,18446744073709551615,0,0.76953125,655.8510131835938,350.2767028808594,140.45968627929688,167.34173583984375,20250225-154857
3704,18446744073709551615,0,0.77197265625,661.5692138671875,832.4410400390625,133.14212036132812,147.35733032226562,20250225-154857
3704,18446744073709551615,0,0.8076171875,615.3944091796875,523.092529296875,308.2449645996094,260.4760437011719,20250225-154857
3704,18446744073709551615,0,0.896484375,566.6533813476562,0.9417572021484375,450.70452880859375,504.0772705078125,20250225-154857
3704,18446744073709551615,0,0.90673828125,558.1541748046875,1572.9327392578125,322.0751953125,321.0772705078125,20250225-154857
3704,18446744073709551615,0,0.94482421875,271.82403564453125,570.57568359375,922.571044921875,798.6126708984375,20250225-154857
3705,18446744073709551615,0,0.250244140625,628.212890625,225.54177856445312,102.23968505859375,316.9631652832031,20250225-154857
3705,18446744073709551615,0,0.43408203125,672.6968994140625,1158.5677490234375,76.81951904296875,134.918701171875,20250225-154857
3705,18446744073709551615,0,0.546875,726.8778076171875,1439.655029296875,78.50180053710938,52.132232666015625,20250225-154857
3705,18446744073709551615,0,0.63525390625,660.2869262695312,743.1259765625,94.14848327636719,116.47897338867188,20250225-154857
3705,18446744073709551615,0,0.66259765625,770.3069458007812,1799.85693359375,119.14306640625,305.7206726074219,20250225-154857
3705,18446744073709551615,0,0.7099609375,626.7903442382812,1200.0166015625,292.7630310058594,330.5598449707031,20250225-154857
3705,18446744073709551615,0,0.736328125,679.6815185546875,507.40411376953125,102.14016723632812,109.21234130859375,20250225-154857
3705,18446744073709551615,0,0.7734375,655.7984619140625,350.0834655761719,140.34329223632812,167.21401977539062,20250225-154857
3705,18446744073709551615,0,0.775390625,661.1126708984375,833.52978515625,131.58517456054688,147.09613037109375,20250225-154857
3705,18446744073709551615,0,0.8525390625,615.4608764648438,523.724365234375,307.44635009765625,258.2666931152344,20250225-154857
3705,18446744073709551615,0,0.900390625,564.203125,0.5364990234375,451.5147399902344,508.31048583984375,20250225-154857
3705,18446744073709551615,0,0.9130859375,556.2550048828125,1575.159912109375,317.49609375,321.5079345703125,20250225-154857
3705,18446744073709551615,0,0.94189453125,273.95361328125,569.8367309570312,923.02734375,797.4083862304688,20250225-154857
3706,18446744073709551615,0,0.22607421875,634.86181640625,226.8431854248047,101.40328216552734,311.36846923828125,20250225-154857
3706,18446744073709551615,0,0.4765625,673.3958129882812,1158.4111328125,77.2884521484375,133.481689453125,20250225-154857
3706,18446744073709551615,0,0.55810546875,760.4249267578125,1788.228515625,130.86932373046875,313.2464904785156,20250225-154857
3706,18446744073709551615,0,0.5830078125,726.799560546875,1441.6695556640625,76.61837768554688,51.74359130859375,20250225-154857
3706,18446744073709551615,0,0.62255859375,626.9879150390625,1204.948486328125,287.75738525390625,331.2853088378906,20250225-154857
3706,18446744073709551615,0,0.73193359375,680.1776123046875,506.5912170410156,102.15916442871094,109.11712646484375,20250225-154857
3706,18446744073709551615,0,0.74072265625,650.7771606445312,743.3331298828125,92.5546875,125.71563720703125,20250225-154857
3706,18446744073709551615,0,0.75830078125,660.7721557617188,834.1007080078125,132.38626098632812,147.73141479492188,20250225-154857
3706,18446744073709551615,0,0.7919921875,655.828857421875,342.4314880371094,148.14175415039062,167.75729370117188,20250225-154857
3706,18446744073709551615,0,0.86474609375,614.6874389648438,524.4600219726562,307.43408203125,259.8657531738281,20250225-154857
3706,18446744073709551615,0,0.89501953125,564.1951904296875,0.725921630859375,450.9803466796875,508.32696533203125,20250225-154857
3706,18446744073709551615,0,0.90283203125,556.0582275390625,1575.1640625,314.31536865234375,316.6234130859375,20250225-154857
3706,18446744073709551615,0,0.94287109375,276.4126281738281,571.012451171875,922.728515625,794.7978515625,20250225-154857
3707,18446744073709551615,0,0.312255859375,626.7372436523438,216.35179138183594,111.45352935791016,319.8950500488281,20250225-154858
3707,18446744073709551615,0,0.490234375,756.4542846679688,1775.7630615234375,143.18060302734375,320.13134765625,20250225-154858
3707,18446744073709551615,0,0.4990234375,673.4990234375,1159.1492919921875,76.48077392578125,134.2672119140625,20250225-154858
3707,18446744073709551615,0,0.673828125,662.63525390625,834.7783813476562,133.53744506835938,145.64703369140625,20250225-154858
3707,18446744073709551615,0,0.67724609375,679.6734008789062,506.16357421875,99.31494140625,109.30343627929688,20250225-154858
3707,18446744073709551615,0,0.72021484375,638.9653930664062,738.4557495117188,99.5020751953125,136.138916015625,20250225-154858
3707,18446744073709551615,0,0.7216796875,627.076416015625,1205.1932373046875,288.1458435058594,335.31884765625,20250225-154858
3707,18446744073709551615,0,0.744140625,726.8404541015625,1446.100830078125,72.57449340820312,50.430999755859375,20250225-154858
3707,18446744073709551615,0,0.7890625,655.7362060546875,343.2078857421875,147.2087860107422,167.11807250976562,20250225-154858
3707,18446744073709551615,0,0.87109375,615.003662109375,522.4608154296875,305.23553466796875,260.5873718261719,20250225-154858
3707,18446744073709551615,0,0.89404296875,553.9588623046875,1574.9912109375,310.32220458984375,265.0751037597656,20250225-154858
3707,18446744073709551615,0,0.89501953125,563.7387084960938,0.716400146484375,451.3673400878906,509.156982421875,20250225-154858
3707,18446744073709551615,0,0.94189453125,272.55364990234375,571.6701049804688,922.2425537109375,798.216064453125,20250225-154858
3708,18446744073709551615,0,0.26513671875,610.8773803710938,207.92568969726562,119.90018463134766,336.2480163574219,20250225-154859
3708,18446744073709551615,0,0.454345703125,672.8010864257812,1160.297119140625,74.353271484375,133.84039306640625,20250225-154859
3708,18446744073709551615,0,0.65771484375,627.3321533203125,730.0322875976562,104.92204284667969,146.60137939453125,20250225-154859
3708,18446744073709551615,0,0.66552734375,754.6184692382812,1764.35888671875,154.4710693359375,320.6751708984375,20250225-154859
3708,18446744073709551615,0,0.6943359375,726.6767578125,1445.612060546875,72.45840454101562,50.826507568359375,20250225-154859
3708,18446744073709551615,0,0.70166015625,626.60498046875,1201.568115234375,291.34112548828125,332.67132568359375,20250225-154859
3708,18446744073709551615,0,0.703125,679.6723022460938,505.7509460449219,98.6729736328125,106.93112182617188,20250225-154859
3708,18446744073709551615,0,0.7255859375,660.94140625,834.8973999023438,134.61117553710938,146.5279541015625,20250225-154859
3708,18446744073709551615,0,0.7939453125,655.8319702148438,344.8741455078125,145.36798095703125,168.03167724609375,20250225-154859
3708,18446744073709551615,0,0.84716796875,612.4707641601562,517.1470947265625,318.563232421875,264.4307556152344,20250225-154859
3708,18446744073709551615,0,0.89013671875,552.6085205078125,1577.1357421875,304.81182861328125,249.47735595703125,20250225-154859
3708,18446744073709551615,0,0.8974609375,563.586181640625,0.7126007080078125,452.6376953125,509.0896911621094,20250225-154859
3708,18446744073709551615,0,0.93896484375,274.0972900390625,573.8091430664062,920.403076171875,797.0833740234375,20250225-154859
3709,18446744073709551615,0,0.357666015625,610.88671875,194.58645629882812,133.31103515625,335.2176818847656,20250225-154900
3709,18446744073709551615,0,0.412109375,672.3092651367188,1159.931396484375,75.19647216796875,135.36776733398438,20250225-154900
3709,18446744073709551615,0,0.5341796875,679.505859375,503.666748046875,98.73541259765625,107.11917114257812,20250225-154900
3709,18446744073709551615,0,0.57666015625,625.3104858398438,718.6947021484375,115.97543334960938,149.10195922851562,20250225-154900
3709,18446744073709551615,0,0.66796875,627.488525390625,1206.0316162109375,288.10235595703125,331.6923522949219,20250225-154900
3709,18446744073709551615,0,0.6806640625,726.7168579101562,1442.005615234375,75.99160766601562,51.588592529296875,20250225-154900
3709,18446744073709551615,0,0.75439453125,726.32373046875,1661.242919921875,257.5506591796875,347.83135986328125,20250225-154900
3709,18446744073709551615,0,0.7578125,660.0791015625,834.8981323242188,136.7420654296875,148.19503784179688,20250225-154900
3709,18446744073709551615,0,0.7958984375,655.7373046875,347.52862548828125,142.7292938232422,167.75308227539062,20250225-154900
3709,18446744073709551615,0,0.80810546875,612.0792236328125,515.1047973632812,315.40411376953125,264.5467529296875,20250225-154900
3709,18446744073709551615,0,0.88818359375,564.0258178710938,0.1886444091796875,452.71990966796875,508.2772521972656,20250225-154900
3709,18446744073709551615,0,0.90283203125,550.435302734375,1576.6923828125,298.3740234375,238.23046875,20250225-154900
3709,18446744073709551615,0,0.94384765625,275.89453125,574.6807861328125,919.61279296875,793.787109375,20250225-154900
3710,18446744073709551615,0,0.2379150390625,622.6565551757812,207.5071563720703,120.08800506591797,324.01849365234375,20250225-154901
3710,18446744073709551615,0,0.29248046875,667.9832153320312,737.5828857421875,95.6114501953125,106.97625732421875,20250225-154901
3710,18446744073709551615,0,0.312255859375,672.4326782226562,1160.827392578125,74.99945068359375,135.09649658203125,20250225-154901
3710,18446744073709551615,0,0.39892578125,679.9909057617188,504.68243408203125,95.17616271972656,107.51925659179688,20250225-154901
3710,18446744073709551615,0,0.63525390625,716.476318359375,1750.887451171875,167.68212890625,357.9024353027344,20250225-154901
3710,18446744073709551615,0,0.6884765625,627.6659545898438,1204.0218505859375,290.32452392578125,334.8533020019531,20250225-154901
3710,18446744073709551615,0,0.72119140625,727.0616455078125,1446.107177734375,71.71353149414062,50.716094970703125,20250225-154901
3710,18446744073709551615,0,0.7607421875,660.7359008789062,835.2236938476562,138.16900634765625,146.8590087890625,20250225-154901
3710,18446744073709551615,0,0.7861328125,655.382080078125,334.5804138183594,155.50759887695312,166.54000854492188,20250225-154901
3710,18446744073709551615,0,0.794921875,608.9674072265625,512.4644165039062,316.738037109375,270.8399963378906,20250225-154901
3710,18446744073709551615,0,0.896484375,564.2742919921875,0.56103515625,452.1372985839844,507.4815673828125,20250225-154901
3710,18446744073709551615,0,0.8994140625,550.0841674804688,1575.15185546875,296.5543212890625,232.01925659179688,20250225-154901
3710,18446744073709551615,0,0.9443359375,277.1761779785156,575.4915771484375,920.870361328125,792.5103149414062,20250225-154901
3711,18446744073709551615,0,0.272705078125,628.48974609375,224.84925842285156,103.01683044433594,317.0660705566406,20250225-154902
3711,18446744073709551615,0,0.316650390625,671.8505859375,1161.3204345703125,75.21835327148438,138.81362915039062,20250225-154902
3711,18446744073709551615,0,0.39697265625,677.9197998046875,507.1295166015625,92.24835205078125,109.78317260742188,20250225-154902
3711,18446744073709551615,0,0.458984375,667.0682373046875,731.9214477539062,101.285888671875,108.38973999023438,20250225-154902
3711,18446744073709551615,0,0.58056640625,726.9526977539062,1444.0255126953125,73.63897705078125,50.6810302734375,20250225-154902
3711,18446744073709551615,0,0.6123046875,709.6343994140625,1746.7540283203125,171.66522216796875,362.88958740234375,20250225-154902
3711,18446744073709551615,0,0.6611328125,627.990966796875,1206.164794921875,289.8697814941406,329.6860656738281,20250225-154902
3711,18446744073709551615,0,0.7578125,660.2252197265625,836.140380859375,140.2939453125,144.2823486328125,20250225-154902
3711,18446744073709551615,0,0.78125,654.9306640625,337.3540344238281,152.95260620117188,166.89239501953125,20250225-154902
3711,18446744073709551615,0,0.79052734375,607.8822021484375,513.0125732421875,324.1037292480469,273.0966796875,20250225-154902
3711,18446744073709551615,0,0.896484375,548.1346435546875,1575.00634765625,295.7713623046875,230.15524291992188,20250225-154902
3711,18446744073709551615,0,0.9013671875,565.5162963867188,0.3701934814453125,451.8095703125,506.2763671875,20250225-154902
3711,18446744073709551615,0,0.9423828125,276.58538818359375,576.1031494140625,921.4729614257812,793.194580078125,20250225-154902
3712,18446744073709551615,0,0.5078125,687.23876953125,762.6719360351562,73.78422546386719,91.16464233398438,20250225-154903
3712,18446744073709551615,0,0.552734375,675.5106811523438,1160.720703125,74.66830444335938,133.27056884765625,20250225-154903
3712,18446744073709551615,0,0.673828125,651.8646240234375,371.5867919921875,117.30196380615234,171.54354858398438,20250225-154903
3712,18446744073709551615,0,0.712890625,653.5556030273438,674.236328125,114.79641723632812,137.31134033203125,20250225-154903
3712,18446744073709551615,0,0.7255859375,727.0811767578125,1453.057373046875,65.2591552734375,47.11029052734375,20250225-154903
3712,18446744073709551615,0,0.744140625,626.0242919921875,1206.5020751953125,286.77813720703125,333.25250244140625,20250225-154903
3712,18446744073709551615,0,0.8349609375,708.31201171875,1740.08251953125,179.208251953125,359.1420593261719,20250225-154903
3712,18446744073709551615,0,0.85009765625,655.9312744140625,834.2086181640625,135.8250732421875,153.05621337890625,20250225-154903
3712,18446744073709551615,0,0.8505859375,568.7733764648438,1.128936767578125,427.79229736328125,505.6811828613281,20250225-154903
3712,18446744073709551615,0,0.88623046875,598.3436279296875,1565.405517578125,258.7269287109375,174.4420166015625,20250225-154903
3712,18446744073709551615,0,0.90283203125,586.361572265625,465.7979736328125,319.4901123046875,294.1665344238281,20250225-154903
3712,18446744073709551615,0,0.94677734375,271.06475830078125,573.2169189453125,919.474365234375,798.9021606445312,20250225-154903
3713,18446744073709551615,0,0.320068359375,684.774169921875,901.6682739257812,38.52777099609375,52.580291748046875,20250225-154904
3713,18446744073709551615,0,0.59375,677.1128540039062,951.18310546875,40.963348388671875,92.83273315429688,20250225-154904
3713,18446744073709551615,0,0.64404296875,748.4188842773438,1764.40283203125,154.2337646484375,324.36126708984375,20250225-154904
3713,18446744073709551615,0,0.669921875,728.6455078125,1453.948974609375,63.2852783203125,46.103759765625,20250225-154904
3713,18446744073709551615,0,0.7734375,653.8763427734375,359.1246337890625,128.93312072753906,173.1064453125,20250225-154904
3713,18446744073709551615,0,0.78662109375,649.4205322265625,705.7484130859375,131.4499053955078,157.2608642578125,20250225-154904
3713,18446744073709551615,0,0.80517578125,603.5765991210938,1561.14697265625,289.85980224609375,206.35784912109375,20250225-154904
3713,18446744073709551615,0,0.85400390625,656.9766845703125,831.984130859375,119.25823974609375,149.8780517578125,20250225-154904
3713,18446744073709551615,0,0.90673828125,569.827880859375,488.9881896972656,298.9503479003906,321.84393310546875,20250225-154904
3713,18446744073709551615,0,0.93115234375,580.1011962890625,0.7869873046875,471.5832824707031,491.90899658203125,20250225-154904
3713,18446744073709551615,0,0.93798828125,277.1463317871094,578.5523071289062,961.182861328125,790.9149169921875,20250225-154904
3714,18446744073709551615,0,0.39990234375,724.0491943359375,1441.63427734375,61.012847900390625,53.844818115234375,20250225-154905
3714,18446744073709551615,0,0.638671875,625.938232421875,1226.935546875,261.83953857421875,326.241943359375,20250225-154905
3714,18446744073709551615,0,0.66650390625,752.4299926757812,1767.626953125,151.0946044921875,321.7174987792969,20250225-154905
3714,18446744073709551615,0,0.74755859375,652.3742065429688,366.280517578125,122.39447021484375,172.82766723632812,20250225-154905
3714,18446744073709551615,0,0.7880859375,647.9661254882812,719.9104614257812,109.1597900390625,136.64071655273438,20250225-154905
3714,18446744073709551615,0,0.80126953125,567.803466796875,489.47332763671875,302.967041015625,333.6815185546875,20250225-154905
3714,18446744073709551615,0,0.810546875,674.2041015625,948.0640869140625,76.54476928710938,103.52984619140625,20250225-154905
3714,18446744073709551615,0,0.84912109375,654.5857543945312,833.9044189453125,118.86593627929688,139.93496704101562,20250225-154905
3714,18446744073709551615,0,0.8642578125,598.6400756835938,1565.043701171875,286.0169677734375,217.09304809570312,20250225-154905
3714,18446744073709551615,0,0.900390625,624.8662719726562,55.9412956237793,273.1167297363281,327.6622009277344,20250225-154905
3714,18446744073709551615,0,0.9453125,274.10906982421875,592.4888305664062,941.0125122070312,795.533935546875,20250225-154905
3715,18446744073709551615,0,0.28466796875,820.15771484375,1880.4320068359375,39.0904541015625,255.08441162109375,20250225-154906
3715,18446744073709551615,0,0.43115234375,722.9020385742188,1439.4188232421875,60.56488037109375,54.81829833984375,20250225-154906
3715,18446744073709551615,0,0.451416015625,652.1070556640625,367.3505859375,119.26611328125,144.39248657226562,20250225-154906
3715,18446744073709551615,0,0.513671875,688.6400146484375,900.9241333007812,64.97103881835938,92.3206787109375,20250225-154906
3715,18446744073709551615,0,0.640625,663.560546875,825.5062255859375,129.39019775390625,129.49053955078125,20250225-154906
3715,18446744073709551615,0,0.69091796875,627.3065185546875,1226.4349365234375,261.1588439941406,303.7987976074219,20250225-154906
3715,18446744073709551615,0,0.6982421875,652.1768798828125,719.915283203125,105.484130859375,133.3956298828125,20250225-154906
3715,18446744073709551615,0,0.79736328125,674.310791015625,954.72216796875,75.66641235351562,101.46469116210938,20250225-154906
3715,18446744073709551615,0,0.8173828125,570.1380615234375,490.7716369628906,302.4063720703125,327.2749328613281,20250225-154906
3715,18446744073709551615,0,0.84326171875,602.1066284179688,1566.682861328125,348.169189453125,357.4521789550781,20250225-154906
3715,18446744073709551615,0,0.9267578125,573.7706909179688,0.4134063720703125,475.19183349609375,497.18975830078125,20250225-154906
3715,18446744073709551615,0,0.94482421875,274.309326171875,592.529052734375,939.2120361328125,795.224853515625,20250225-154906
3716,18446744073709551615,0,0.382080078125,825.7666625976562,1877.69384765625,41.849853515625,250.8299560546875,20250225-154907
3716,18446744073709551615,0,0.515625,623.2913818359375,1262.5877685546875,167.2928466796875,139.51290893554688,20250225-154907
3716,18446744073709551615,0,0.61328125,654.7783813476562,346.60516357421875,142.3292999267578,171.04669189453125,20250225-154907
3716,18446744073709551615,0,0.64697265625,722.1007690429688,1444.4609375,60.48468017578125,52.547698974609375,20250225-154907
3716,18446744073709551615,0,0.8076171875,605.2615356445312,1565.6484375,348.49346923828125,355.527099609375,20250225-154907
3716,18446744073709551615,0,0.8681640625,570.2785034179688,494.3301086425781,218.5919952392578,254.84701538085938,20250225-154907
3716,18446744073709551615,0,0.90771484375,560.8670654296875,0.88916015625,423.7149353027344,511.3289794921875,20250225-154907
3716,18446744073709551615,0,0.916015625,18.037490844726562,420.73150634765625,1184.3228759765625,1051.5010986328125,20250225-154907
3717,18446744073709551615,0,0.2017822265625,721.4122314453125,1461.492431640625,45.328125,49.037841796875,20250225-154908
3717,18446744073709551615,0,0.23583984375,829.4869995117188,1872.199951171875,47.23846435546875,246.19088745117188,20250225-154908
3717,18446744073709551615,0,0.46484375,650.1769409179688,365.311279296875,122.6117935180664,161.44161987304688,20250225-154908
3717,18446744073709551615,0,0.72314453125,569.8137817382812,502.06146240234375,191.9498291015625,223.55355834960938,20250225-154908
3717,18446744073709551615,0,0.8408203125,597.90087890625,1553.4100341796875,364.09423828125,362.70941162109375,20250225-154908
3717,18446744073709551615,0,0.88720703125,564.8245239257812,1.2082672119140625,437.94586181640625,507.1644287109375,20250225-154908
3717,18446744073709551615,0,0.9345703125,6.8957061767578125,437.16094970703125,1138.6611328125,1060.0616455078125,20250225-154908
3718,18446744073709551615,0,0.3701171875,624.27197265625,152.44715881347656,177.1370086669922,318.10400390625,20250225-154909
3718,18446744073709551615,0,0.388671875,850.4749145507812,1866.937255859375,52.6131591796875,225.0908203125,20250225-154909
3718,18446744073709551615,0,0.437744140625,653.7266235351562,337.3276672363281,149.53933715820312,175.07986450195312,20250225-154909
3718,18446744073709551615,0,0.441650390625,570.65185546875,557.4593505859375,115.89990234375,64.79434204101562,20250225-154909
3718,18446744073709551615,0,0.64404296875,693.9266967773438,1758.57275390625,95.74200439453125,102.68710327148438,20250225-154909
3718,18446744073709551615,0,0.87744140625,593.26318359375,1525.120849609375,391.72247314453125,343.9433898925781,20250225-154909
3718,18446744073709551615,0,0.8837890625,565.4247436523438,1.262969970703125,382.561767578125,506.4280700683594,20250225-154909
3718,18446744073709551615,0,0.931640625,3.62109375,347.07672119140625,1231.072265625,1066.888671875,20250225-154909
3719,18446744073709551615,0,0.2081298828125,695.9813232421875,1786.78955078125,74.5799560546875,88.68008422851562,20250225-154910
3719,18446744073709551615,0,0.3857421875,833.7501220703125,1863.8199462890625,55.75872802734375,240.33966064453125,20250225-154910
3719,18446744073709551615,0,0.65478515625,598.2288208007812,1561.97900390625,351.939697265625,261.77838134765625,20250225-154910
3719,18446744073709551615,0,0.71630859375,655.39208984375,382.05352783203125,94.56541442871094,109.1810302734375,20250225-154910
3719,18446744073709551615,0,0.92333984375,375.25048828125,0.76611328125,427.3458251953125,695.1298828125,20250225-154910
3719,18446744073709551615,0,0.9267578125,6.9641876220703125,366.25531005859375,1187.483642578125,1061.4715576171875,20250225-154910
3720,18446744073709551615,0,0.272705078125,567.4030151367188,497.0478515625,197.74118041992188,237.21817016601562,20250225-154911
3720,18446744073709551615,0,0.419677734375,840.19287109375,1869.0970458984375,50.1727294921875,235.427490234375,20250225-154911
3720,18446744073709551615,0,0.5439453125,659.1588134765625,378.3428649902344,103.57827758789062,106.65719604492188,20250225-154911
3720,18446744073709551615,0,0.57568359375,722.0406494140625,1457.6495361328125,46.053863525390625,52.472900390625,20250225-154911
3720,18446744073709551615,0,0.78271484375,568.3721923828125,570.892333984375,122.03759765625,115.1253662109375,20250225-154911
3720,18446744073709551615,0,0.8291015625,628.8721923828125,38.08094787597656,288.907470703125,235.560791015625,20250225-154911
3720,18446744073709551615,0,0.88037109375,601.045166015625,1563.183349609375,355.7113037109375,355.4505615234375,20250225-154911
3720,18446744073709551615,0,0.923828125,2.5716705322265625,413.8795166015625,1120.294189453125,1067.6810302734375,20250225-154911
3721,18446744073709551615,0,0.2220458984375,819.8388061523438,1666.4805908203125,250.86822509765625,255.1658935546875,20250225-154912
3721,18446744073709551615,0,0.254638671875,690.8287353515625,1769.0732421875,143.82275390625,230.84683227539062,20250225-154912
3721,18446744073709551615,0,0.30078125,840.6529541015625,1869.6177978515625,49.8662109375,233.8707275390625,20250225-154912
3721,18446744073709551615,0,0.444580078125,659.415771484375,378.4748229980469,103.1769790649414,104.74053955078125,20250225-154912
3721,18446744073709551615,0,0.45703125,721.1607666015625,1450.09765625,56.36920166015625,52.28265380859375,20250225-154912
3721,18446744073709551615,0,0.810546875,569.7529907226562,569.6749877929688,130.27725219726562,93.28070068359375,20250225-154912
3721,18446744073709551615,0,0.841796875,607.9031982421875,1557.797119140625,359.48876953125,347.8239440917969,20250225-154912
3721,18446744073709551615,0,0.88134765625,629.5534057617188,9.143600463867188,321.81866455078125,342.64910888671875,20250225-154912
3721,18446744073709551615,0,0.93896484375,2.0011138916015625,396.12286376953125,1154.82958984375,1066.0565185546875,20250225-154912
3722,18446744073709551615,0,0.3603515625,695.1553344726562,1769.0906982421875,94.308837890625,98.34201049804688,20250225-154913
3722,18446744073709551615,0,0.37109375,823.430419921875,1870.63623046875,48.743408203125,252.43460083007812,20250225-154913
3722,18446744073709551615,0,0.541015625,660.4985961914062,361.8399658203125,119.11605834960938,103.86740112304688,20250225-154913
3722,18446744073709551615,0,0.65380859375,569.192138671875,493.3697204589844,204.82456970214844,234.6002197265625,20250225-154913
3722,18446744073709551615,0,0.8203125,607.3868408203125,1555.1341552734375,335.02020263671875,339.790283203125,20250225-154913
3722,18446744073709551615,0,0.91943359375,478.7413330078125,0.5306854248046875,489.0745849609375,592.80029296875,20250225-154913
3722,18446744073709551615,0,0.935546875,5.24102783203125,435.7408447265625,1184.79638671875,1061.8846435546875,20250225-154913
3723,18446744073709551615,0,0.201171875,693.4260864257812,1768.017578125,86.39794921875,96.81536865234375,20250225-154914
3723,18446744073709551615,0,0.26513671875,827.4424438476562,1870.1650390625,49.2205810546875,248.62765502929688,20250225-154914
3723,18446744073709551615,0,0.30908203125,693.6604614257812,1759.20703125,134.52227783203125,210.69845581054688,20250225-154914
3723,18446744073709551615,0,0.5146484375,627.1309814453125,17.705772399902344,131.83740234375,179.23443603515625,20250225-154914
3723,18446744073709551615,0,0.587890625,697.1376342773438,1465.261962890625,69.5672607421875,76.9420166015625,20250225-154914
3723,18446744073709551615,0,0.7626953125,610.1288452148438,1554.31884765625,339.88330078125,329.3702087402344,20250225-154914
3723,18446744073709551615,0,0.81640625,568.8211669921875,504.6910400390625,195.8363800048828,258.9784240722656,20250225-154914
3723,18446744073709551615,0,0.87841796875,525.9043579101562,0.83880615234375,523.6939697265625,546.0781860351562,20250225-154914
3723,18446744073709551615,0,0.943359375,2.5033721923828125,462.4569091796875,1131.914794921875,1064.9835205078125,20250225-154914
3724,18446744073709551615,0,0.57958984375,695.9725341796875,1757.7454833984375,84.05584716796875,70.57882690429688,20250225-154915
3724,18446744073709551615,0,0.611328125,660.166015625,386.4818115234375,95.01361083984375,104.353271484375,20250225-154915
3724,18446744073709551615,0,0.8203125,611.4318237304688,1553.824462890625,227.449951171875,164.30392456054688,20250225-154915
3724,18446744073709551615,0,0.84912109375,655.5772705078125,1667.0855712890625,251.42376708984375,413.8731994628906,20250225-154915
3724,18446744073709551615,0,0.87255859375,570.1397094726562,500.07147216796875,210.16905212402344,256.6171875,20250225-154915
3724,18446744073709551615,0,0.9326171875,460.850830078125,1.093505859375,546.4619750976562,608.33935546875,20250225-154915
3724,18446744073709551615,0,0.94482421875,0.0,524.228759765625,1106.18017578125,1072.89501953125,20250225-154915
3725,18446744073709551615,0,0.32421875,691.63330078125,1743.0758056640625,74.76837158203125,74.72726440429688,20250225-154916
3725,18446744073709551615,0,0.546875,660.904296875,326.2262268066406,167.88497924804688,164.73797607421875,20250225-154916
3725,18446744073709551615,0,0.71240234375,294.59368896484375,1326.6888427734375,592.385009765625,771.758056640625,20250225-154916
3725,18446744073709551615,0,0.7822265625,611.4481201171875,1555.23046875,223.55072021484375,164.19891357421875,20250225-154916
3725,18446744073709551615,0,0.87353515625,569.6173095703125,500.20794677734375,213.403564453125,256.1831359863281,20250225-154916
3725,18446744073709551615,0,0.93212890625,328.5238037109375,1.12701416015625,523.127197265625,740.1740112304688,20250225-154916
3725,18446744073709551615,0,0.93505859375,0.0,536.33642578125,1056.367919921875,1072.974609375,20250225-154916
3726,18446744073709551615,0,0.484375,656.1204833984375,374.6827697753906,112.57589721679688,169.0850830078125,20250225-154917
3726,18446744073709551615,0,0.57568359375,697.3569946289062,1746.7119140625,96.60955810546875,74.65667724609375,20250225-154917
3726,18446744073709551615,0,0.79736328125,617.9152221679688,1615.245849609375,157.60162353515625,154.9976806640625,20250225-154917
3726,18446744073709551615,0,0.8369140625,674.8609619140625,1690.2099609375,228.15692138671875,395.27252197265625,20250225-154917
3726,18446744073709551615,0,0.86083984375,570.86865234375,490.3618469238281,223.62615966796875,255.72152709960938,20250225-154917
3726,18446744073709551615,0,0.89404296875,1.592010498046875,537.1983032226562,1212.11181640625,1064.609619140625,20250225-154917
3726,18446744073709551615,0,0.93310546875,469.2828369140625,0.9052734375,503.0859375,602.4378662109375,20250225-154917
3727,18446744073709551615,0,0.4091796875,698.1683349609375,1741.9892578125,96.39056396484375,71.33139038085938,20250225-154918
3727,18446744073709551615,0,0.59814453125,654.4330444335938,337.8095703125,149.0372772216797,170.92987060546875,20250225-154918
3727,18446744073709551615,0,0.6083984375,615.2968139648438,1618.773681640625,162.169921875,158.28945922851562,20250225-154918
3727,18446744073709551615,0,0.8486328125,676.2738647460938,1677.9283447265625,240.4859619140625,393.580078125,20250225-154918
3727,18446744073709551615,0,0.87890625,572.4468383789062,480.10418701171875,230.24331665039062,254.57308959960938,20250225-154918
3727,18446744073709551615,0,0.923828125,312.30926513671875,1.87554931640625,541.659912109375,757.7825317382812,20250225-154918
3727,18446744073709551615,0,0.93701171875,1.539459228515625,548.79443359375,1165.365234375,1068.177978515625,20250225-154918
3728,18446744073709551615,0,0.5078125,696.9287109375,1765.0147705078125,73.66644287109375,72.88064575195312,20250225-154919
3728,18446744073709551615,0,0.716796875,605.3325805664062,1607.548828125,159.57147216796875,169.31515502929688,20250225-154919
3728,18446744073709551615,0,0.810546875,572.0096435546875,464.9132080078125,244.5662841796875,254.6510009765625,20250225-154919
3728,18446744073709551615,0,0.8427734375,676.635498046875,1679.26904296875,238.9075927734375,392.6031188964844,20250225-154919
3728,18446744073709551615,0,0.93408203125,0.34478759765625,549.9638671875,1170.519287109375,1065.090087890625,20250225-154919
3728,18446744073709551615,0,0.93994140625,351.0017395019531,0.72235107421875,586.1961669921875,718.6737670898438,20250225-154919
3729,18446744073709551615,0,0.57373046875,608.5775146484375,1629.556640625,163.90960693359375,167.47503662109375,20250225-154920
3729,18446744073709551615,0,0.57958984375,696.6201782226562,1765.201416015625,73.871337890625,68.20028686523438,20250225-154920
3729,18446744073709551615,0,0.6689453125,654.1278076171875,327.8348388671875,160.50039672851562,171.615234375,20250225-154920
3729,18446744073709551615,0,0.8525390625,675.2418823242188,1680.39208984375,238.0330810546875,394.7941589355469,20250225-154920
3729,18446744073709551615,0,0.880859375,570.82177734375,479.1739196777344,227.60398864746094,255.74093627929688,20250225-154920
3729,18446744073709551615,0,0.9033203125,369.228515625,1.593475341796875,509.37396240234375,698.837646484375,20250225-154920
3729,18446744073709551615,0,0.92822265625,2.719940185546875,540.5158081054688,1182.424560546875,1064.29638671875,20250225-154920
3730,18446744073709551615,0,0.5869140625,697.5654296875,1746.157958984375,93.885498046875,73.0557861328125,20250225-154921
3730,18446744073709551615,0,0.7177734375,615.7278442382812,1624.6380615234375,151.97882080078125,158.49444580078125,20250225-154921
3730,18446744073709551615,0,0.7177734375,652.9237060546875,385.65582275390625,102.66329956054688,172.31716918945312,20250225-154921
3730,18446744073709551615,0,0.83154296875,575.4069213867188,461.06982421875,241.8182830810547,251.73550415039062,20250225-154921
3730,18446744073709551615,0,0.85791015625,677.0994873046875,1682.6385498046875,235.73529052734375,392.0854797363281,20250225-154921
3730,18446744073709551615,0,0.927734375,1.1689453125,568.6350708007812,1152.9949951171875,1064.6934814453125,20250225-154921
3730,18446744073709551615,0,0.93603515625,359.41864013671875,1.6944580078125,583.603515625,709.3265380859375,20250225-154921
3731,18446744073709551615,0,0.69677734375,614.5865478515625,1658.300537109375,162.0267333984375,160.31112670898438,20250225-154922
3731,18446744073709551615,0,0.765625,658.2921752929688,328.24432373046875,159.16421508789062,166.94577026367188,20250225-154922
3731,18446744073709551615,0,0.87744140625,577.0133056640625,479.15863037109375,212.26112365722656,249.75860595703125,20250225-154922
3731,18446744073709551615,0,0.87890625,675.6450805664062,1674.75537109375,243.469482421875,391.9229736328125,20250225-154922
3731,18446744073709551615,0,0.90576171875,362.89013671875,1.821990966796875,504.5478515625,707.6889038085938,20250225-154922
3731,18446744073709551615,0,0.9228515625,3.56854248046875,543.9476318359375,1161.132568359375,1063.46484375,20250225-154922
3732,18446744073709551615,0,0.505859375,660.3587036132812,333.4927978515625,155.10574340820312,164.56137084960938,20250225-154923
3732,18446744073709551615,0,0.544921875,696.0321044921875,1762.2513427734375,78.70880126953125,69.56854248046875,20250225-154923
3732,18446744073709551615,0,0.68359375,610.1577758789062,1631.23486328125,157.9478759765625,164.25704956054688,20250225-154923
3732,18446744073709551615,0,0.87255859375,350.5015869140625,1.4776611328125,566.1522216796875,717.3685913085938,20250225-154923
3732,18446744073709551615,0,0.8759765625,677.1941528320312,1676.7301025390625,241.6746826171875,390.5613098144531,20250225-154923
3732,18446744073709551615,0,0.88427734375,577.6265258789062,479.0487060546875,215.24826049804688,248.39456176757812,20250225-154923
3732,18446744073709551615,0,0.92578125,5.7676849365234375,558.7769775390625,1137.7998046875,1060.8017578125,20250225-154923
3733,18446744073709551615,0,0.732421875,661.0248413085938,340.59619140625,147.75576782226562,164.63882446289062,20250225-154924
3733,18446744073709551615,0,0.798828125,617.5682373046875,1681.7296142578125,193.00927734375,157.431884765625,20250225-154924
3733,18446744073709551615,0,0.87158203125,676.9354248046875,1676.6634521484375,241.73712158203125,391.09185791015625,20250225-154924
3733,18446744073709551615,0,0.88671875,576.9329223632812,477.27093505859375,218.74639892578125,249.38058471679688,20250225-154924
3733,18446744073709551615,0,0.93701171875,3.341766357421875,548.4043579101562,1153.5596923828125,1063.403564453125,20250225-154924
3733,18446744073709551615,0,0.9375,357.3702392578125,1.4983978271484375,526.8046875,712.9300537109375,20250225-154924
3734,18446744073709551615,0,0.393310546875,681.8827514648438,1795.1656494140625,72.31695556640625,77.10653686523438,20250225-154925
3734,18446744073709551615,0,0.67138671875,659.945068359375,345.91595458984375,142.56253051757812,165.0985107421875,20250225-154925
3734,18446744073709551615,0,0.71044921875,620.8714599609375,1648.92041015625,156.93841552734375,153.32858276367188,20250225-154925
3734,18446744073709551615,0,0.8818359375,676.7783203125,1683.4287109375,234.993896484375,391.8102722167969,20250225-154925
3734,18446744073709551615,0,0.8857421875,577.464111328125,475.166015625,221.90423583984375,248.84976196289062,20250225-154925
3734,18446744073709551615,0,0.9326171875,6.33929443359375,557.9635620117188,1161.3740234375,1060.4937744140625,20250225-154925
3734,18446744073709551615,0,0.93603515625,365.66455078125,0.748992919921875,518.56884765625,704.0505981445312,20250225-154925
3735,18446744073709551615,0,0.458984375,617.80810546875,1671.58837890625,146.375244140625,167.29623413085938,20250225-154926
3735,18446744073709551615,0,0.5830078125,680.5508422851562,1743.7027587890625,175.76934814453125,381.0163879394531,20250225-154926
3735,18446744073709551615,0,0.66650390625,655.9068603515625,694.4632568359375,64.83306884765625,90.25863647460938,20250225-154926
3735,18446744073709551615,0,0.73193359375,662.5896606445312,342.4820251464844,145.19970703125,165.09915161132812,20250225-154926
3735,18446744073709551615,0,0.8310546875,584.3448486328125,159.5836181640625,195.29278564453125,246.96652221679688,20250225-154926
3735,18446744073709551615,0,0.859375,578.5762939453125,473.279296875,255.54446411132812,354.95159912109375,20250225-154926
3735,18446744073709551615,0,0.91064453125,388.48681640625,1.3654632568359375,484.6881103515625,682.8717041015625,20250225-154926
3735,18446744073709551615,0,0.921875,0.0,648.1915283203125,1185.346435546875,1070.3734130859375,20250225-154926
3736,18446744073709551615,0,0.693359375,446.9842529296875,0.5802154541015625,448.04876708984375,623.72119140625,20250225-154927
3736,18446744073709551615,0,0.70654296875,681.5802612304688,1775.299072265625,143.97198486328125,385.89715576171875,20250225-154927
3736,18446744073709551615,0,0.71240234375,609.6011352539062,1687.8116455078125,146.85845947265625,169.04708862304688,20250225-154927
3736,18446744073709551615,0,0.75439453125,659.7130737304688,329.3692932128906,156.99655151367188,165.56689453125,20250225-154927
3736,18446744073709551615,0,0.7958984375,652.8450927734375,697.57275390625,71.1829833984375,101.91448974609375,20250225-154927
3736,18446744073709551615,0,0.83544921875,577.268310546875,476.1785888671875,284.0169677734375,415.50860595703125,20250225-154927
3736,18446744073709551615,0,0.87353515625,579.2645874023438,58.460792541503906,284.46539306640625,273.9033508300781,20250225-154927
3736,18446744073709551615,0,0.93994140625,0.0,681.5205688476562,1161.998779296875,1074.352294921875,20250225-154927
3737,18446744073709551615,0,0.67041015625,660.9625854492188,334.9820251464844,152.9912109375,163.9830322265625,20250225-154928
3737,18446744073709551615,0,0.68701171875,655.6922607421875,703.6778564453125,67.71707153320312,96.75045776367188,20250225-154928
3737,18446744073709551615,0,0.7080078125,678.5839233398438,1760.222900390625,159.20526123046875,386.1632080078125,20250225-154928
3737,18446744073709551615,0,0.77734375,616.2073974609375,1686.4222412109375,146.82513427734375,176.8399658203125,20250225-154928
3737,18446744073709551615,0,0.8623046875,577.9453125,477.9737548828125,257.1660461425781,359.78265380859375,20250225-154928
3737,18446744073709551615,0,0.92919921875,381.17559814453125,0.93255615234375,527.6273193359375,689.21337890625,20250225-154928
3737,18446744073709551615,0,0.935546875,0.0,642.814453125,1203.2080078125,1070.5484619140625,20250225-154928
3738,18446744073709551615,0,0.304931640625,697.09716796875,1782.802490234375,64.743896484375,83.52932739257812,20250225-154929
3738,18446744073709551615,0,0.5869140625,660.456787109375,714.0184936523438,64.14129638671875,94.8251953125,20250225-154929
3738,18446744073709551615,0,0.6298828125,615.7681274414062,1680.0091552734375,166.39874267578125,211.4088134765625,20250225-154929
3738,18446744073709551615,0,0.66455078125,713.3845825195312,1761.7269287109375,157.69244384765625,357.42498779296875,20250225-154929
3738,18446744073709551615,0,0.74560546875,489.89263916015625,0.539520263671875,455.5272216796875,582.828857421875,20250225-154929
3738,18446744073709551615,0,0.7529296875,660.7809448242188,331.92889404296875,155.73599243164062,166.21023559570312,20250225-154929
3738,18446744073709551615,0,0.859375,577.890625,474.570556640625,260.92333984375,391.2733154296875,20250225-154929
3738,18446744073709551615,0,0.873046875,584.068115234375,70.10737609863281,284.0953369140625,268.14990234375,20250225-154929
3738,18446744073709551615,0,0.94384765625,6.1766510009765625,655.4974365234375,1168.106689453125,1061.908447265625,20250225-154929
3739,18446744073709551615,0,0.39794921875,695.7493286132812,1782.3006591796875,70.75103759765625,85.36505126953125,20250225-154930
3739,18446744073709551615,0,0.5322265625,615.2656860351562,1678.0859375,139.7947998046875,163.26150512695312,20250225-154930
3739,18446744073709551615,0,0.55078125,657.7179565429688,712.595947265625,55.80999755859375,92.8828125,20250225-154930
3739,18446744073709551615,0,0.662109375,657.093505859375,343.8821105957031,142.18142700195312,168.32318115234375,20250225-154930
3739,18446744073709551615,0,0.787109375,722.6217041015625,1765.6796875,153.7239990234375,349.77996826171875,20250225-154930
3739,18446744073709551615,0,0.85302734375,576.267578125,476.41656494140625,252.57916259765625,396.85162353515625,20250225-154930
3739,18446744073709551615,0,0.9267578125,400.10980224609375,0.929534912109375,538.0116577148438,669.9661865234375,20250225-154930
3739,18446744073709551615,0,0.931640625,8.505020141601562,645.5054931640625,1169.4444580078125,1059.1087646484375,20250225-154930
3740,18446744073709551615,0,0.302490234375,695.8865966796875,1779.115478515625,67.8101806640625,84.126708984375,20250225-154931
3740,18446744073709551615,0,0.42431640625,658.751708984375,715.0742797851562,58.84368896484375,85.8720703125,20250225-154931
3740,18446744073709551615,0,0.59619140625,615.3191528320312,1679.7294921875,160.546142578125,166.4293212890625,20250225-154931
3740,18446744073709551615,0,0.611328125,567.3577880859375,476.0834655761719,263.51947021484375,404.5637512207031,20250225-154931
3740,18446744073709551615,0,0.66650390625,657.355224609375,347.1974182128906,140.80685424804688,168.22879028320312,20250225-154931
3740,18446744073709551615,0,0.76953125,720.4288330078125,1763.35205078125,156.0911865234375,351.1271667480469,20250225-154931
3740,18446744073709551615,0,0.8515625,592.125,120.23881530761719,238.18775939941406,241.02511596679688,20250225-154931
3740,18446744073709551615,0,0.89501953125,434.1375732421875,0.52532958984375,483.68609619140625,638.2509155273438,20250225-154931
3740,18446744073709551615,0,0.93798828125,6.4837188720703125,651.8535766601562,1156.84716796875,1061.5997314453125,20250225-154931
3741,18446744073709551615,0,0.2393798828125,695.83447265625,1782.6090087890625,67.078125,85.9024658203125,20250225-154932
3741,18446744073709551615,0,0.253173828125,684.5364990234375,489.3185119628906,103.02891540527344,104.30584716796875,20250225-154932
3741,18446744073709551615,0,0.416748046875,661.790771484375,713.289306640625,55.34381103515625,82.68997192382812,20250225-154932
3741,18446744073709551615,0,0.546875,616.3445434570312,1677.49755859375,144.5584716796875,162.84146118164062,20250225-154932
3741,18446744073709551615,0,0.65576171875,658.5569458007812,362.83978271484375,102.3394775390625,103.20584106445312,20250225-154932
3741,18446744073709551615,0,0.7919921875,721.859619140625,1765.35791015625,154.0166015625,350.9499206542969,20250225-154932
3741,18446744073709551615,0,0.83984375,568.8179931640625,474.16680908203125,266.41082763671875,385.54302978515625,20250225-154932
3741,18446744073709551615,0,0.8427734375,593.5032348632812,160.38427734375,201.1988983154297,234.90884399414062,20250225-154932
3741,18446744073709551615,0,0.91845703125,419.44427490234375,1.5158843994140625,492.78045654296875,652.8396606445312,20250225-154932
3741,18446744073709551615,0,0.9375,3.8591766357421875,647.6724243164062,1159.7567138671875,1062.8331298828125,20250225-154932
3742,18446744073709551615,0,0.5517578125,662.1602783203125,703.4254150390625,66.99160766601562,84.02151489257812,20250225-154933
3742,18446744073709551615,0,0.68994140625,658.0418701171875,368.5499267578125,96.86691284179688,103.58056640625,20250225-154933
3742,18446744073709551615,0,0.80029296875,602.728271484375,1681.111328125,161.9871826171875,172.82455444335938,20250225-154933
3742,18446744073709551615,0,0.826171875,723.8886108398438,1765.76806640625,153.58282470703125,348.82122802734375,20250225-154933
3742,18446744073709551615,0,0.83984375,569.079345703125,476.90679931640625,258.67962646484375,385.9229736328125,20250225-154933
3742,18446744073709551615,0,0.93798828125,5.97491455078125,648.7474365234375,1155.4486083984375,1060.911376953125,20250225-154933
3742,18446744073709551615,0,0.94091796875,345.33416748046875,1.8662109375,540.9248657226562,722.6826782226562,20250225-154933
3743,18446744073709551615,0,0.25830078125,693.670166015625,1771.3509521484375,63.4130859375,40.9281005859375,20250225-154934
3743,18446744073709551615,0,0.71630859375,657.4868774414062,371.00811767578125,94.83343505859375,103.8629150390625,20250225-154934
3743,18446744073709551615,0,0.79052734375,723.6608276367188,1767.957275390625,151.44818115234375,349.9016418457031,20250225-154934
3743,18446744073709551615,0,0.849609375,597.7344360351562,1640.513916015625,217.48388671875,189.36062622070312,20250225-154934
3743,18446744073709551615,0,0.86279296875,566.1641845703125,475.7117614746094,252.49072265625,388.7237548828125,20250225-154934
3743,18446744073709551615,0,0.92822265625,1.61297607421875,639.1865844726562,1164.2435302734375,1066.638671875,20250225-154934
3743,18446744073709551615,0,0.9287109375,377.9161376953125,1.7845916748046875,531.1842041015625,689.9366455078125,20250225-154934
3744,18446744073709551615,0,0.282958984375,696.2455444335938,1765.927490234375,99.1204833984375,110.06597900390625,20250225-154935
3744,18446744073709551615,0,0.64501953125,768.9796142578125,1809.4676513671875,109.54705810546875,305.7975769042969,20250225-154935
3744,18446744073709551615,0,0.70556640625,608.37060546875,1656.0889892578125,207.43011474609375,202.85833740234375,20250225-154935
3744,18446744073709551615,0,0.75634765625,659.346435546875,373.525634765625,92.43521118164062,104.0350341796875,20250225-154935
3744,18446744073709551615,0,0.87255859375,569.6824951171875,472.8042297363281,238.58688354492188,258.2677917480469,20250225-154935
3744,18446744073709551615,0,0.87841796875,418.25189208984375,1.1277923583984375,595.9284057617188,651.0008544921875,20250225-154935
3744,18446744073709551615,0,0.9130859375,3.1366424560546875,595.7349243164062,1221.6005859375,1065.7093505859375,20250225-154935
3745,18446744073709551615,0,0.4873046875,657.7177734375,386.0565490722656,83.220703125,103.12307739257812,20250225-154936
3745,18446744073709551615,0,0.552734375,610.5258178710938,1667.681640625,192.2530517578125,217.1685791015625,20250225-154936
3745,18446744073709551615,0,0.56298828125,765.2808837890625,1804.0594482421875,114.70733642578125,308.0404357910156,20250225-154936
3745,18446744073709551615,0,0.86328125,568.30517578125,472.5311279296875,242.33624267578125,290.6924743652344,20250225-154936
3745,18446744073709551615,0,0.9306640625,2.4920654296875,594.3812255859375,1247.2166748046875,1068.528564453125,20250225-154936
3745,18446744073709551615,0,0.93994140625,511.149169921875,0.72344970703125,561.8017578125,559.438232421875,20250225-154936
3746,18446744073709551615,0,0.5478515625,661.7432861328125,368.0992431640625,100.54044342041016,101.89892578125,20250225-154937
3746,18446744073709551615,0,0.69189453125,609.322265625,1647.21240234375,241.43865966796875,212.72836303710938,20250225-154937
3746,18446744073709551615,0,0.7431640625,757.83544921875,1802.782958984375,116.6143798828125,317.408203125,20250225-154937
3746,18446744073709551615,0,0.86474609375,569.4984741210938,475.34552001953125,253.87344360351562,382.0247497558594,20250225-154937
3746,18446744073709551615,0,0.92626953125,0.0,639.0599365234375,1137.5712890625,1072.088134765625,20250225-154937
3746,18446744073709551615,0,0.93701171875,508.5670166015625,0.5303192138671875,525.4976806640625,563.1117553710938,20250225-154937
3747,18446744073709551615,0,0.375732421875,752.4039916992188,1787.41748046875,131.3170166015625,321.9195556640625,20250225-154938
3747,18446744073709551615,0,0.5947265625,629.8780517578125,1284.553955078125,157.84002685546875,103.13735961914062,20250225-154938
3747,18446744073709551615,0,0.67236328125,602.9862060546875,1572.3837890625,281.553955078125,195.20361328125,20250225-154938
3747,18446744073709551615,0,0.72802734375,710.0399780273438,1451.7779541015625,66.34735107421875,67.76797485351562,20250225-154938
3747,18446744073709551615,0,0.8232421875,136.85504150390625,342.56982421875,1216.93408203125,932.5301513671875,20250225-154938
3748,18446744073709551615,0,0.299072265625,746.4166259765625,1787.38330078125,132.1058349609375,325.2598571777344,20250225-154939
3748,18446744073709551615,0,0.313232421875,706.5294799804688,1442.34423828125,81.05401611328125,71.84307861328125,20250225-154939
3748,18446744073709551615,0,0.43212890625,630.1329345703125,1295.3199462890625,145.79708862304688,78.80136108398438,20250225-154939
3748,18446744073709551615,0,0.60205078125,661.8869018554688,369.2412109375,97.75703430175781,101.03164672851562,20250225-154939
3748,18446744073709551615,0,0.74560546875,605.0364990234375,1565.9285888671875,293.8531494140625,185.84619140625,20250225-154939
3748,18446744073709551615,0,0.91455078125,515.4232177734375,0.912689208984375,526.3609619140625,555.2935791015625,20250225-154939
3748,18446744073709551615,0,0.93505859375,156.0425262451172,484.62078857421875,1005.0322265625,914.247802734375,20250225-154939
3749,18446744073709551615,0,0.367431640625,710.8441772460938,1438.76904296875,52.421630859375,70.25363159179688,20250225-154940
3749,18446744073709551615,0,0.444580078125,642.5590209960938,817.1900634765625,78.59381103515625,42.095855712890625,20250225-154940
3749,18446744073709551615,0,0.4755859375,745.711181640625,1789.13916015625,130.25537109375,327.5947265625,20250225-154940
3749,18446744073709551615,0,0.5830078125,632.849853515625,1271.892578125,183.910400390625,119.29293823242188,20250225-154940
3749,18446744073709551615,0,0.63623046875,659.6676025390625,709.8289794921875,71.22518920898438,86.82586669921875,20250225-154940
3749,18446744073709551615,0,0.66650390625,660.7005615234375,373.07269287109375,94.8091049194336,103.053955078125,20250225-154940
3749,18446744073709551615,0,0.7255859375,569.2154541015625,553.5985107421875,165.5525665283203,184.00341796875,20250225-154940
3749,18446744073709551615,0,0.77197265625,602.759765625,1566.966064453125,286.57049560546875,200.16943359375,20250225-154940
3749,18446744073709551615,0,0.8173828125,151.60340881347656,506.5938720703125,1021.3170776367188,915.435791015625,20250225-154940
3749,18446744073709551615,0,0.85009765625,515.1209106445312,0.974212646484375,531.234619140625,554.1907958984375,20250225-154940
3750,18446744073709551615,0,0.39697265625,659.852783203125,708.5989379882812,64.78536987304688,48.994537353515625,20250225-154941
3750,18446744073709551615,0,0.43115234375,747.5643310546875,1789.6695556640625,129.91278076171875,324.6202697753906,20250225-154941
3750,18446744073709551615,0,0.48046875,664.3458251953125,1574.0518798828125,110.17181396484375,109.13580322265625,20250225-154941
3750,18446744073709551615,0,0.537109375,609.0302124023438,1667.9344482421875,187.48590087890625,194.03732299804688,20250225-154941
3750,18446744073709551615,0,0.58203125,663.0452270507812,374.35321044921875,93.77689361572266,100.32110595703125,20250225-154941
3750,18446744073709551615,0,0.6259765625,629.9086303710938,1273.6854248046875,154.49066162109375,84.10098266601562,20250225-154941
3750,18446744073709551615,0,0.6611328125,704.5922241210938,1441.895263671875,81.59097290039062,78.265869140625,20250225-154941
3750,18446744073709551615,0,0.87353515625,571.9183959960938,472.31768798828125,247.3260498046875,255.62796020507812,20250225-154941
3750,18446744073709551615,0,0.93212890625,513.2530517578125,0.519195556640625,531.1292724609375,558.5035400390625,20250225-154941
3750,18446744073709551615,0,0.93994140625,66.03135681152344,595.5518188476562,961.1202392578125,1003.3839111328125,20250225-154941
3751,18446744073709551615,0,0.34521484375,657.4850463867188,376.218017578125,100.62249755859375,103.0623779296875,20250225-154942
3751,18446744073709551615,0,0.422607421875,746.1141357421875,1788.896484375,129.99041748046875,329.0993957519531,20250225-154942
3751,18446744073709551615,0,0.72412109375,569.4819946289062,553.6650390625,156.48875427246094,164.03439331054688,20250225-154942
3751,18446744073709551615,0,0.74755859375,605.8643188476562,1657.780029296875,202.53662109375,202.10311889648438,20250225-154942
3751,18446744073709551615,0,0.88818359375,4.8834228515625,328.89007568359375,1353.0435791015625,1065.28759765625,20250225-154942
3751,18446744073709551615,0,0.9287109375,510.39788818359375,0.5384674072265625,398.193115234375,561.3431396484375,20250225-154942
3752,18446744073709551615,0,0.4580078125,754.310302734375,1789.141357421875,129.7760009765625,321.11114501953125,20250225-154943
3752,18446744073709551615,0,0.5068359375,612.908203125,1672.761474609375,189.24261474609375,201.82113647460938,20250225-154943
3752,18446744073709551615,0,0.56591796875,665.4814453125,1573.8314208984375,112.150634765625,108.83139038085938,20250225-154943
3752,18446744073709551615,0,0.77197265625,664.4615478515625,346.3636169433594,146.05587768554688,164.45095825195312,20250225-154943
3752,18446744073709551615,0,0.8671875,572.6689453125,485.00958251953125,214.16830444335938,256.4358215332031,20250225-154943
3752,18446744073709551615,0,0.93701171875,1.44342041015625,493.60601806640625,1077.150390625,1066.3963623046875,20250225-154943
3752,18446744073709551615,0,0.9404296875,520.8026733398438,0.409698486328125,517.8070678710938,550.2577514648438,20250225-154943
3753,18446744073709551615,0,0.304931640625,707.6998901367188,1426.315185546875,88.0535888671875,120.635009765625,20250225-154944
3753,18446744073709551615,0,0.4677734375,748.1856079101562,1789.4813232421875,129.478271484375,323.9915771484375,20250225-154944
3753,18446744073709551615,0,0.607421875,664.202392578125,1569.0274658203125,114.54510498046875,109.4373779296875,20250225-154944
3753,18446744073709551615,0,0.65380859375,572.0306396484375,552.9178466796875,151.91281127929688,141.56982421875,20250225-154944
3753,18446744073709551615,0,0.67041015625,657.5249633789062,348.46417236328125,182.89077758789062,168.68536376953125,20250225-154944
3753,18446744073709551615,0,0.73193359375,610.224609375,1669.9603271484375,192.38616943359375,203.21401977539062,20250225-154944
3753,18446744073709551615,0,0.93505859375,10.001083374023438,457.3619384765625,1116.138916015625,1059.78662109375,20250225-154944
3753,18446744073709551615,0,0.93701171875,516.699951171875,0.423065185546875,491.4742126464844,554.0432739257812,20250225-154944
3754,18446744073709551615,0,0.3486328125,707.7203979492188,1438.9130859375,54.430938720703125,65.8692626953125,20250225-154945
3754,18446744073709551615,0,0.47265625,664.7290649414062,1572.732421875,111.9884033203125,108.49026489257812,20250225-154945
3754,18446744073709551615,0,0.6142578125,662.7526245117188,434.6806640625,112.40798950195312,164.8875732421875,20250225-154945
3754,18446744073709551615,0,0.6748046875,746.8546142578125,1789.91796875,129.4822998046875,326.3030090332031,20250225-154945
3754,18446744073709551615,0,0.6943359375,611.3953857421875,1571.0654296875,282.40997314453125,201.18338012695312,20250225-154945
3754,18446744073709551615,0,0.86083984375,572.9769287109375,472.6949462890625,233.438232421875,255.51663208007812,20250225-154945
3754,18446744073709551615,0,0.9287109375,13.335067749023438,522.01171875,1144.250244140625,1057.125,20250225-154945
3754,18446744073709551615,0,0.9345703125,514.8396606445312,0.5229949951171875,525.0975952148438,557.837646484375,20250225-154945
3755,18446744073709551615,0,0.515625,610.8176879882812,1670.395751953125,185.16357421875,202.49771118164062,20250225-154946
3755,18446744073709551615,0,0.59716796875,665.0004272460938,1587.28369140625,103.2227783203125,107.86441040039062,20250225-154946
3755,18446744073709551615,0,0.736328125,657.5088500976562,391.5962219238281,147.04930114746094,169.40908813476562,20250225-154946
3755,18446744073709551615,0,0.74072265625,747.1979370117188,1790.1046142578125,129.2794189453125,327.889892578125,20250225-154946
3755,18446744073709551615,0,0.86669921875,572.6870727539062,476.1141357421875,229.63156127929688,254.84518432617188,20250225-154946
3755,18446744073709551615,0,0.9150390625,0.0,528.0073852539062,1248.4822998046875,1071.4105224609375,20250225-154946
3755,18446744073709551615,0,0.93505859375,511.363037109375,0.5237274169921875,507.2798767089844,560.3897705078125,20250225-154946
3756,18446744073709551615,0,0.57763671875,664.4078979492188,389.9444580078125,133.00552368164062,158.19717407226562,20250225-154947
3756,18446744073709551615,0,0.5927734375,665.09326171875,1582.8599853515625,108.77435302734375,107.27828979492188,20250225-154947
3756,18446744073709551615,0,0.6611328125,612.034423828125,1584.60205078125,272.11248779296875,196.42877197265625,20250225-154947
3756,18446744073709551615,0,0.72705078125,747.65478515625,1790.2379150390625,129.12762451171875,325.7047119140625,20250225-154947
3756,18446744073709551615,0,0.869140625,572.956787109375,475.45660400390625,235.12010192871094,256.2820129394531,20250225-154947
3756,18446744073709551615,0,0.892578125,12.17431640625,601.4027709960938,1154.730224609375,1057.3575439453125,20250225-154947
3756,18446744073709551615,0,0.93896484375,514.327880859375,0.3304595947265625,539.3368530273438,558.2239379882812,20250225-154947
3757,18446744073709551615,0,0.4599609375,665.7196655273438,1571.673583984375,118.525634765625,107.4345703125,20250225-154948
3757,18446744073709551615,0,0.5908203125,664.368896484375,375.7549743652344,148.85354614257812,130.38583374023438,20250225-154948
3757,18446744073709551615,0,0.66015625,747.7493896484375,1790.0863037109375,129.36676025390625,325.07794189453125,20250225-154948
3757,18446744073709551615,0,0.72265625,612.185546875,1572.4537353515625,283.20574951171875,198.02069091796875,20250225-154948
3757,18446744073709551615,0,0.873046875,572.7491455078125,475.2208251953125,235.20126342773438,254.18344116210938,20250225-154948
3757,18446744073709551615,0,0.9306640625,0.0,567.1532592773438,1150.19482421875,1071.1168212890625,20250225-154948
3757,18446744073709551615,0,0.93408203125,509.77166748046875,0.53594970703125,511.2155456542969,562.3606567382812,20250225-154948
3758,18446744073709551615,0,0.2666015625,664.5692138671875,1579.8673095703125,122.898193359375,109.37841796875,20250225-154949
3758,18446744073709551615,0,0.611328125,668.00830078125,370.59368896484375,154.68814086914062,138.65945434570312,20250225-154949
3758,18446744073709551615,0,0.6513671875,746.6222534179688,1790.025146484375,129.38946533203125,325.6629638671875,20250225-154949
3758,18446744073709551615,0,0.6982421875,622.4719848632812,1579.9552001953125,288.7730712890625,192.51434326171875,20250225-154949
3758,18446744073709551615,0,0.8662109375,577.9052124023438,192.04238891601562,190.38345336914062,260.4436340332031,20250225-154949
3758,18446744073709551615,0,0.8720703125,573.841552734375,477.8980407714844,232.56129455566406,253.44863891601562,20250225-154949
3758,18446744073709551615,0,0.927734375,520.357177734375,0.8724517822265625,507.49560546875,549.5413818359375,20250225-154949
3758,18446744073709551615,0,0.9443359375,7.32952880859375,539.457275390625,1028.722412109375,1062.7650146484375,20250225-154949
3759,18446744073709551615,0,0.36669921875,582.862548828125,186.92678833007812,96.70967102050781,138.29351806640625,20250225-154950
3759,18446744073709551615,0,0.443603515625,708.4923706054688,1449.239501953125,73.79104614257812,70.59970092773438,20250225-154950
3759,18446744073709551615,0,0.63525390625,669.5394287109375,370.08477783203125,153.41770935058594,155.81094360351562,20250225-154950
3759,18446744073709551615,0,0.7177734375,748.58984375,1788.885498046875,129.9276123046875,326.553955078125,20250225-154950
3759,18446744073709551615,0,0.82080078125,582.3175048828125,188.86343383789062,189.89266967773438,252.89511108398438,20250225-154950
3759,18446744073709551615,0,0.833984375,608.8438110351562,1572.5848388671875,294.1695556640625,186.52047729492188,20250225-154950
3759,18446744073709551615,0,0.875,574.4379272460938,477.4251708984375,231.0509490966797,253.03958129882812,20250225-154950
3759,18446744073709551615,0,0.93212890625,522.7950439453125,0.723175048828125,523.7730102539062,548.4922485351562,20250225-154950
3759,18446744073709551615,0,0.9423828125,8.431365966796875,535.1200561523438,1087.8056640625,1061.497802734375,20250225-154950
3760,18446744073709551615,0,0.256103515625,665.3373413085938,1572.28369140625,111.5277099609375,107.90689086914062,20250225-154951
3760,18446744073709551615,0,0.58056640625,707.5970458984375,1439.586181640625,87.849609375,70.86199951171875,20250225-154951
3760,18446744073709551615,0,0.6298828125,661.0702514648438,369.19110107421875,154.94668579101562,145.836181640625,20250225-154951
3760,18446744073709551615,0,0.6376953125,749.9967041015625,1789.341796875,129.57293701171875,325.24749755859375,20250225-154951
3760,18446744073709551615,0,0.6416015625,584.3701171875,176.8017120361328,106.58476257324219,137.47137451171875,20250225-154951
3760,18446744073709551615,0,0.75146484375,610.1263427734375,1571.2020263671875,288.37884521484375,200.7491455078125,20250225-154951
3760,18446744073709551615,0,0.82373046875,583.4771118164062,176.01914978027344,203.6136016845703,250.4622802734375,20250225-154951
3760,18446744073709551615,0,0.87353515625,573.8394775390625,479.99481201171875,229.22964477539062,253.9420166015625,20250225-154951
3760,18446744073709551615,0,0.923828125,534.0679321289062,0.90252685546875,517.47900390625,536.6651611328125,20250225-154951
3760,18446744073709551615,0,0.94775390625,4.797821044921875,527.8311767578125,1074.834228515625,1065.559814453125,20250225-154951
3761,18446744073709551615,0,0.455078125,585.3275756835938,181.9039306640625,98.40811157226562,133.20364379882812,20250225-154952
3761,18446744073709551615,0,0.4912109375,615.233642578125,1578.896484375,275.5960693359375,197.1778564453125,20250225-154952
3761,18446744073709551615,0,0.546875,748.9484252929688,1791.3134765625,128.18170166015625,324.08660888671875,20250225-154952
3761,18446744073709551615,0,0.57275390625,705.86328125,1450.04052734375,78.96249389648438,69.9627685546875,20250225-154952
3761,18446744073709551615,0,0.60107421875,665.7463989257812,1573.6761474609375,109.44635009765625,107.64358520507812,20250225-154952
3761,18446744073709551615,0,0.73876953125,658.5443115234375,361.81201171875,159.25762939453125,169.95437622070312,20250225-154952
3761,18446744073709551615,0,0.8134765625,584.293212890625,183.46514892578125,197.07421875,255.624755859375,20250225-154952
3761,18446744073709551615,0,0.86865234375,575.0670166015625,473.03155517578125,233.4221649169922,253.28173828125,20250225-154952
3761,18446744073709551615,0,0.9287109375,528.848876953125,0.915618896484375,518.1773071289062,542.509765625,20250225-154952
3761,18446744073709551615,0,0.9453125,6.052734375,534.5416259765625,1062.3995361328125,1063.5706787109375,20250225-154952
3762,18446744073709551615,0,0.33642578125,587.505615234375,185.67849731445312,94.960693359375,133.27157592773438,20250225-154953
3762,18446744073709551615,0,0.415771484375,627.5196533203125,1409.5262451171875,115.75726318359375,133.01385498046875,20250225-154953
3762,18446744073709551615,0,0.6591796875,747.2960815429688,1789.5517578125,129.7767333984375,324.9910583496094,20250225-154953
3762,18446744073709551615,0,0.7177734375,674.215576171875,385.2375183105469,134.93243408203125,150.67282104492188,20250225-154953
3762,18446744073709551615,0,0.8173828125,611.2393798828125,1569.62158203125,285.6181640625,204.27676391601562,20250225-154953
3762,18446744073709551615,0,0.845703125,587.0110473632812,187.44735717773438,193.54660034179688,253.05020141601562,20250225-154953
3762,18446744073709551615,0,0.87060546875,575.6434936523438,474.8359680175781,240.53558349609375,252.14675903320312,20250225-154953
3762,18446744073709551615,0,0.93212890625,525.3510131835938,0.7200164794921875,522.5285034179688,546.0718994140625,20250225-154953
3762,18446744073709551615,0,0.93896484375,25.582763671875,546.5480346679688,1102.42138671875,1043.916259765625,20250225-154953
