frame_num,object_id,class_id,confidence,top,left,width,height,timestamp
3883,18446744073709551615,0,0.37939453125,630.4656372070312,1293.6444091796875,222.38525390625,189.27685546875,20250225-155154
3883,18446744073709551615,0,0.4072265625,649.3692626953125,407.2789306640625,138.3570098876953,177.17990112304688,20250225-155154
3883,18446744073709551615,0,0.60595703125,664.086181640625,1692.2596435546875,160.17095947265625,112.73565673828125,20250225-155154
3883,18446744073709551615,0,0.6767578125,797.5096435546875,1797.3709716796875,122.11981201171875,276.0374450683594,20250225-155154
3883,18446744073709551615,0,0.8330078125,632.250732421875,501.8086853027344,200.38787841796875,196.12362670898438,20250225-155154
3883,18446744073709551615,0,0.921875,513.9942626953125,1.279449462890625,474.6025390625,556.0413208007812,20250225-155154
3883,18446744073709551615,0,0.94482421875,143.455078125,539.094482421875,1013.8963623046875,925.7142333984375,20250225-155154
3884,18446744073709551615,0,0.453369140625,689.7183837890625,1808.311767578125,107.1793212890625,211.17242431640625,20250225-155155
3884,18446744073709551615,0,0.58984375,654.2389526367188,419.5904846191406,90.29173278808594,99.7734375,20250225-155155
3884,18446744073709551615,0,0.6103515625,644.20654296875,1689.966064453125,153.69268798828125,129.7998046875,20250225-155155
3884,18446744073709551615,0,0.640625,797.302734375,1801.878173828125,117.1146240234375,278.151123046875,20250225-155155
3884,18446744073709551615,0,0.81005859375,612.297119140625,185.54478454589844,168.7609100341797,288.064453125,20250225-155155
3884,18446744073709551615,0,0.8974609375,513.7613525390625,1.0880126953125,414.2879333496094,556.3472900390625,20250225-155155
3884,18446744073709551615,0,0.9248046875,9.156875610351562,352.065673828125,1281.145263671875,1059.552978515625,20250225-155155
3885,18446744073709551615,0,0.5009765625,652.3985595703125,1683.078369140625,208.94805908203125,278.0294494628906,20250225-155156
3885,18446744073709551615,0,0.5908203125,684.736083984375,1802.1697998046875,116.99542236328125,386.203857421875,20250225-155156
3885,18446744073709551615,0,0.626953125,648.847412109375,420.63397216796875,133.54348754882812,125.09298706054688,20250225-155156
3885,18446744073709551615,0,0.6318359375,625.1519165039062,1276.304931640625,248.55001831054688,173.33633422851562,20250225-155156
3885,18446744073709551615,0,0.705078125,626.7586669921875,496.69244384765625,185.93197631835938,199.75140380859375,20250225-155156
3885,18446744073709551615,0,0.84375,613.1284790039062,170.4689178466797,183.9990997314453,283.6908874511719,20250225-155156
3885,18446744073709551615,0,0.88818359375,515.4337158203125,0.8798675537109375,445.29608154296875,555.36767578125,20250225-155156
3885,18446744073709551615,0,0.93212890625,50.3408203125,398.89849853515625,1223.0654296875,1017.7357177734375,20250225-155156
3886,18446744073709551615,0,0.37109375,623.773681640625,1274.9483642578125,244.58990478515625,169.06997680664062,20250225-155157
3886,18446744073709551615,0,0.46875,659.4633178710938,1675.491455078125,163.6234130859375,114.26980590820312,20250225-155157
3886,18446744073709551615,0,0.525390625,653.255859375,415.6831970214844,146.8358917236328,119.32736206054688,20250225-155157
3886,18446744073709551615,0,0.5869140625,792.325927734375,1800.3973388671875,119.10333251953125,281.5827941894531,20250225-155157
3886,18446744073709551615,0,0.70751953125,625.447265625,544.583251953125,131.4217529296875,122.46780395507812,20250225-155157
3886,18446744073709551615,0,0.8994140625,514.3840942382812,1.2685546875,439.1670227050781,555.3067016601562,20250225-155157
3886,18446744073709551615,0,0.9130859375,59.88395690917969,390.79669189453125,1227.923583984375,1006.85302734375,20250225-155157
3887,18446744073709551615,0,0.401611328125,654.437255859375,1406.890380859375,110.58407592773438,138.09429931640625,20250225-155158
3887,18446744073709551615,0,0.414794921875,625.1921997070312,1275.2669677734375,189.61972045898438,127.02182006835938,20250225-155158
3887,18446744073709551615,0,0.56884765625,646.4796752929688,402.7590637207031,141.0945281982422,157.2333984375,20250225-155158
3887,18446744073709551615,0,0.60205078125,690.0379638671875,1874.8714599609375,44.47833251953125,112.468505859375,20250225-155158
3887,18446744073709551615,0,0.74169921875,614.1406860351562,1579.1005859375,311.300537109375,269.56805419921875,20250225-155158
3887,18446744073709551615,0,0.744140625,797.279296875,1794.6148681640625,124.812744140625,276.8193054199219,20250225-155158
3887,18446744073709551615,0,0.84521484375,514.2158203125,1.0038299560546875,447.63580322265625,555.329833984375,20250225-155158
3887,18446744073709551615,0,0.8935546875,71.49334716796875,402.78265380859375,1217.208984375,996.2594604492188,20250225-155158
3888,18446744073709551615,0,0.281494140625,670.35205078125,512.9758911132812,69.75054931640625,153.8646240234375,20250225-155159
3888,18446744073709551615,0,0.30810546875,664.2723999023438,1586.578125,149.59771728515625,107.77285766601562,20250225-155159
3888,18446744073709551615,0,0.5439453125,668.8846435546875,342.0612487792969,180.52413940429688,155.96823120117188,20250225-155159
3888,18446744073709551615,0,0.5927734375,626.8714599609375,1286.0350341796875,183.22567749023438,116.27444458007812,20250225-155159
3888,18446744073709551615,0,0.67236328125,688.750244140625,1781.6513671875,137.28717041015625,383.6806640625,20250225-155159
3888,18446744073709551615,0,0.849609375,514.2299194335938,1.2117919921875,445.8036804199219,555.651123046875,20250225-155159
3888,18446744073709551615,0,0.86669921875,76.487548828125,403.35150146484375,1227.109619140625,990.9944458007812,20250225-155159
3889,18446744073709551615,0,0.218017578125,663.8578491210938,1586.4765625,144.2559814453125,108.20388793945312,20250225-155200
3889,18446744073709551615,0,0.241455078125,687.1814575195312,1695.5269775390625,206.47650146484375,133.4798583984375,20250225-155200
3889,18446744073709551615,0,0.5224609375,673.3925170898438,390.37957763671875,144.06143188476562,148.9046630859375,20250225-155200
3889,18446744073709551615,0,0.57568359375,690.3268432617188,1817.594970703125,101.836669921875,380.44317626953125,20250225-155200
3889,18446744073709551615,0,0.67724609375,627.4436645507812,1284.1341552734375,190.45916748046875,120.14959716796875,20250225-155200
3889,18446744073709551615,0,0.85400390625,514.7266845703125,1.1867523193359375,442.984619140625,555.549072265625,20250225-155200
3889,18446744073709551615,0,0.876953125,75.3336181640625,374.553955078125,1253.364013671875,992.6160278320312,20250225-155200
3890,18446744073709551615,0,0.204345703125,821.11376953125,1859.02294921875,60.3984375,253.54605102539062,20250225-155201
3890,18446744073709551615,0,0.3720703125,673.0457153320312,1784.8370361328125,134.4664306640625,396.0790100097656,20250225-155201
3890,18446744073709551615,0,0.42919921875,664.53955078125,1579.3472900390625,106.808349609375,107.30108642578125,20250225-155201
3890,18446744073709551615,0,0.509765625,626.0457763671875,1663.9912109375,148.380615234375,147.56817626953125,20250225-155201
3890,18446744073709551615,0,0.56689453125,625.6763305664062,1285.7303466796875,185.35427856445312,118.57461547851562,20250225-155201
3890,18446744073709551615,0,0.7255859375,675.0260009765625,397.89544677734375,140.5286865234375,150.35989379882812,20250225-155201
3890,18446744073709551615,0,0.88916015625,80.19818115234375,393.638671875,1240.44091796875,987.15673828125,20250225-155201
3890,18446744073709551615,0,0.89599609375,508.828857421875,0.9069671630859375,433.1684875488281,564.1019897460938,20250225-155201
3891,18446744073709551615,0,0.2958984375,620.4373168945312,1617.02197265625,289.04241943359375,272.35308837890625,20250225-155202
3891,18446744073709551615,0,0.438720703125,800.9558715820312,1840.6417236328125,78.66851806640625,273.6712646484375,20250225-155202
3891,18446744073709551615,0,0.67041015625,629.770751953125,506.8480224609375,191.9179229736328,195.5797119140625,20250225-155202
3891,18446744073709551615,0,0.693359375,627.7465209960938,1284.603515625,214.27615356445312,151.78536987304688,20250225-155202
3891,18446744073709551615,0,0.76220703125,675.3418579101562,393.5372314453125,143.44482421875,149.04043579101562,20250225-155202
3891,18446744073709551615,0,0.9091796875,506.79144287109375,0.9242706298828125,462.3276672363281,563.96240234375,20250225-155202
3891,18446744073709551615,0,0.921875,57.907562255859375,430.31378173828125,1200.472900390625,1008.8322143554688,20250225-155202
3892,18446744073709551615,0,0.2193603515625,667.8956909179688,451.9558410644531,247.60812377929688,363.71539306640625,20250225-155203
3892,18446744073709551615,0,0.251708984375,677.2417602539062,1793.8857421875,125.09600830078125,245.38632202148438,20250225-155203
3892,18446744073709551615,0,0.341552734375,664.5961303710938,1585.70361328125,109.42987060546875,107.44033813476562,20250225-155203
3892,18446744073709551615,0,0.515625,626.7376098632812,1290.120849609375,182.00006103515625,125.45700073242188,20250225-155203
3892,18446744073709551615,0,0.5263671875,791.8201904296875,1840.0491943359375,79.41192626953125,283.8490905761719,20250225-155203
3892,18446744073709551615,0,0.5390625,628.353515625,524.2337646484375,179.3678741455078,195.93630981445312,20250225-155203
3892,18446744073709551615,0,0.66650390625,650.2730712890625,1663.040771484375,166.072265625,124.80258178710938,20250225-155203
3892,18446744073709551615,0,0.69677734375,646.9876098632812,346.9591369628906,199.35891723632812,176.71737670898438,20250225-155203
3892,18446744073709551615,0,0.89111328125,507.9462890625,0.8510284423828125,465.7003173828125,564.2193603515625,20250225-155203
3892,18446744073709551615,0,0.92041015625,56.93962097167969,437.2474365234375,1189.8072509765625,1010.127685546875,20250225-155203
3893,18446744073709551615,0,0.294189453125,677.4186401367188,1797.3607177734375,121.55126953125,252.89007568359375,20250225-155204
3893,18446744073709551615,0,0.5068359375,631.0736083984375,502.5440368652344,199.65682983398438,192.65020751953125,20250225-155204
3893,18446744073709551615,0,0.5322265625,633.7540283203125,1585.2257080078125,242.38385009765625,138.83688354492188,20250225-155204
3893,18446744073709551615,0,0.57470703125,626.9312744140625,1290.3857421875,223.07876586914062,155.9754638671875,20250225-155204
3893,18446744073709551615,0,0.65234375,792.6307983398438,1840.6842041015625,78.71099853515625,282.6720886230469,20250225-155204
3893,18446744073709551615,0,0.67578125,659.54248046875,335.0419616699219,214.15414428710938,165.9638671875,20250225-155204
3893,18446744073709551615,0,0.9111328125,505.174072265625,1.0458984375,461.852294921875,564.935546875,20250225-155204
3893,18446744073709551615,0,0.91943359375,61.69395446777344,440.413330078125,1186.761474609375,1005.7646484375,20250225-155204
3894,18446744073709551615,0,0.271240234375,641.1712646484375,1651.544677734375,267.556640625,289.34674072265625,20250225-155205
3894,18446744073709551615,0,0.374755859375,665.1925048828125,1587.44677734375,107.78173828125,105.7635498046875,20250225-155205
3894,18446744073709551615,0,0.43212890625,640.4287719726562,1681.736572265625,147.14630126953125,133.49459838867188,20250225-155205
3894,18446744073709551615,0,0.4990234375,627.7757568359375,1283.531005859375,190.74755859375,118.95574951171875,20250225-155205
3894,18446744073709551615,0,0.583984375,664.4071655273438,332.1927185058594,169.14382934570312,162.29818725585938,20250225-155205
3894,18446744073709551615,0,0.6103515625,792.286376953125,1840.9683837890625,78.42608642578125,283.0159606933594,20250225-155205
3894,18446744073709551615,0,0.8779296875,507.21148681640625,1.1854248046875,411.5430908203125,563.0037841796875,20250225-155205
3894,18446744073709551615,0,0.89208984375,77.27540588378906,338.57464599609375,1295.7154541015625,991.5596923828125,20250225-155205
3895,18446744073709551615,0,0.220703125,668.1183471679688,1445.8406982421875,109.7010498046875,108.87789916992188,20250225-155206
3895,18446744073709551615,0,0.273681640625,644.4139404296875,1665.6031494140625,253.87371826171875,301.7958984375,20250225-155206
3895,18446744073709551615,0,0.374755859375,664.7130126953125,1587.01416015625,113.67919921875,106.7867431640625,20250225-155206
3895,18446744073709551615,0,0.4951171875,643.9608764648438,1680.906982421875,148.387939453125,130.8021240234375,20250225-155206
3895,18446744073709551615,0,0.525390625,627.9838256835938,1283.485595703125,208.37969970703125,143.98342895507812,20250225-155206
3895,18446744073709551615,0,0.62060546875,793.1661987304688,1841.03466796875,78.375,281.984619140625,20250225-155206
3895,18446744073709551615,0,0.7265625,662.9315185546875,364.1034851074219,138.57293701171875,162.89263916015625,20250225-155206
3895,18446744073709551615,0,0.72802734375,513.6514892578125,0.729766845703125,408.5527038574219,556.138671875,20250225-155206
3895,18446744073709551615,0,0.8916015625,78.5064697265625,334.76654052734375,1300.5450439453125,989.5977172851562,20250225-155206
3896,18446744073709551615,0,0.23583984375,669.29443359375,1804.100830078125,113.334228515625,289.05047607421875,20250225-155207
3896,18446744073709551615,0,0.417724609375,664.505615234375,1590.1256103515625,109.81512451171875,107.1668701171875,20250225-155207
3896,18446744073709551615,0,0.498046875,793.7655029296875,1841.917724609375,77.480712890625,281.66802978515625,20250225-155207
3896,18446744073709551615,0,0.537109375,644.619873046875,1682.4840087890625,143.52081298828125,131.07943725585938,20250225-155207
3896,18446744073709551615,0,0.68994140625,655.64501953125,346.3072814941406,165.95590209960938,170.90936279296875,20250225-155207
3896,18446744073709551615,0,0.69091796875,630.1254272460938,1281.8443603515625,197.16009521484375,125.51303100585938,20250225-155207
3896,18446744073709551615,0,0.73388671875,506.53399658203125,0.5876312255859375,418.5301208496094,564.52587890625,20250225-155207
3896,18446744073709551615,0,0.830078125,683.7339477539062,1458.22998046875,104.06488037109375,89.33084106445312,20250225-155207
3896,18446744073709551615,0,0.87255859375,67.7633056640625,334.94256591796875,1299.768310546875,1000.7627563476562,20250225-155207
3897,18446744073709551615,0,0.276611328125,629.2415771484375,1591.401611328125,328.244384765625,306.5874938964844,20250225-155208
3897,18446744073709551615,0,0.43017578125,666.6648559570312,1584.0985107421875,104.50616455078125,105.618896484375,20250225-155208
3897,18446744073709551615,0,0.486328125,630.0734252929688,1674.6478271484375,149.28863525390625,144.76620483398438,20250225-155208
3897,18446744073709551615,0,0.62255859375,794.3944702148438,1841.04296875,78.35595703125,280.7368469238281,20250225-155208
3897,18446744073709551615,0,0.62451171875,644.1119384765625,393.1606750488281,143.5085906982422,179.42083740234375,20250225-155208
3897,18446744073709551615,0,0.69091796875,628.424560546875,1286.7872314453125,181.32595825195312,108.59243774414062,20250225-155208
3897,18446744073709551615,0,0.7099609375,687.2403564453125,1459.718505859375,99.5416259765625,86.1192626953125,20250225-155208
3897,18446744073709551615,0,0.7177734375,631.8217163085938,503.7455749511719,128.74232482910156,193.06805419921875,20250225-155208
3897,18446744073709551615,0,0.89208984375,504.00494384765625,0.8411407470703125,455.3822937011719,566.9095458984375,20250225-155208
3897,18446744073709551615,0,0.91455078125,59.5469970703125,400.6435546875,1232.82275390625,1008.3262939453125,20250225-155208
3898,18446744073709551615,0,0.346923828125,691.183837890625,1758.768798828125,154.5054931640625,138.1702880859375,20250225-155209
3898,18446744073709551615,0,0.35302734375,683.0473022460938,1470.6514892578125,85.87554931640625,92.99075317382812,20250225-155209
3898,18446744073709551615,0,0.56298828125,694.4577026367188,1880.2335205078125,39.082763671875,115.48745727539062,20250225-155209
3898,18446744073709551615,0,0.5927734375,648.4524536132812,359.2789611816406,170.18551635742188,175.79562377929688,20250225-155209
3898,18446744073709551615,0,0.60595703125,629.9287719726562,521.409423828125,128.408203125,149.70840454101562,20250225-155209
3898,18446744073709551615,0,0.638671875,628.9052124023438,1289.1142578125,223.03903198242188,338.4599304199219,20250225-155209
3898,18446744073709551615,0,0.64794921875,795.1314697265625,1842.199951171875,77.10333251953125,280.29949951171875,20250225-155209
3898,18446744073709551615,0,0.65478515625,612.588623046875,1560.3563232421875,338.9952392578125,303.06939697265625,20250225-155209
3898,18446744073709551615,0,0.90283203125,503.59112548828125,0.939605712890625,431.81573486328125,568.8030395507812,20250225-155209
3898,18446744073709551615,0,0.91064453125,48.4921875,415.8441467285156,1101.271728515625,1017.8887939453125,20250225-155209
3899,18446744073709551615,0,0.265869140625,694.2555541992188,1892.928955078125,26.3814697265625,69.16159057617188,20250225-155210
3899,18446744073709551615,0,0.279052734375,628.1864013671875,363.69683837890625,303.9456481933594,443.71435546875,20250225-155210
3899,18446744073709551615,0,0.368408203125,693.3356323242188,1762.734375,45.46820068359375,75.48147583007812,20250225-155210
3899,18446744073709551615,0,0.39990234375,682.5899047851562,1464.048095703125,94.52105712890625,96.96762084960938,20250225-155210
3899,18446744073709551615,0,0.498046875,632.1558837890625,530.80517578125,134.84500122070312,125.278564453125,20250225-155210
3899,18446744073709551615,0,0.5,797.4949951171875,1840.6629638671875,78.50262451171875,279.30706787109375,20250225-155210
3899,18446744073709551615,0,0.81298828125,650.6127319335938,392.0946350097656,152.8794708251953,174.11343383789062,20250225-155210
3899,18446744073709551615,0,0.826171875,627.1221313476562,1281.1944580078125,221.46844482421875,344.0651550292969,20250225-155210
3899,18446744073709551615,0,0.84912109375,616.8594360351562,1564.2667236328125,246.7803955078125,158.373046875,20250225-155210
3899,18446744073709551615,0,0.89306640625,508.40313720703125,0.91552734375,391.81109619140625,560.89990234375,20250225-155210
3899,18446744073709551615,0,0.9072265625,49.55278015136719,378.77960205078125,1076.6275634765625,1017.9759521484375,20250225-155210
3900,18446744073709551615,0,0.445556640625,631.8777465820312,365.9306945800781,319.3719177246094,439.3457336425781,20250225-155211
3900,18446744073709551615,0,0.4755859375,803.4640502929688,1840.0953369140625,79.2886962890625,272.7044677734375,20250225-155211
3900,18446744073709551615,0,0.498046875,629.9666748046875,536.5303955078125,150.29251098632812,125.40911865234375,20250225-155211
3900,18446744073709551615,0,0.6533203125,648.6917724609375,382.7596435546875,129.01144409179688,177.82122802734375,20250225-155211
3900,18446744073709551615,0,0.79052734375,604.3547973632812,1565.865234375,327.73443603515625,278.9581604003906,20250225-155211
3900,18446744073709551615,0,0.8115234375,629.66064453125,1279.803466796875,234.04568481445312,339.8074951171875,20250225-155211
3900,18446744073709551615,0,0.87890625,509.8490295410156,1.2956085205078125,391.1952209472656,559.4782104492188,20250225-155211
3900,18446744073709551615,0,0.91259765625,37.173980712890625,389.19610595703125,1057.521240234375,1031.56591796875,20250225-155211
3901,18446744073709551615,0,0.4560546875,794.9688720703125,1841.46728515625,77.997802734375,280.7243957519531,20250225-155212
3901,18446744073709551615,0,0.556640625,607.5087890625,1568.831298828125,333.3900146484375,348.9189147949219,20250225-155212
3901,18446744073709551615,0,0.57470703125,658.2559814453125,164.85438537597656,189.0937042236328,242.43255615234375,20250225-155212
3901,18446744073709551615,0,0.68408203125,641.2723388671875,369.68609619140625,139.23797607421875,183.84951782226562,20250225-155212
3901,18446744073709551615,0,0.79052734375,625.77099609375,1284.444091796875,218.6337890625,336.353759765625,20250225-155212
3901,18446744073709551615,0,0.87255859375,628.3899536132812,390.56549072265625,309.41912841796875,437.8686218261719,20250225-155212
3901,18446744073709551615,0,0.89306640625,521.058837890625,1.4862213134765625,404.90380859375,548.6583251953125,20250225-155212
3901,18446744073709551615,0,0.91357421875,37.70123291015625,409.00054931640625,1092.979248046875,1031.694580078125,20250225-155212
3902,18446744073709551615,0,0.250244140625,680.4702758789062,412.2832946777344,379.94586181640625,393.4888000488281,20250225-155213
3902,18446744073709551615,0,0.351318359375,612.4046630859375,1570.2952880859375,330.75201416015625,317.360595703125,20250225-155213
3902,18446744073709551615,0,0.39599609375,664.8455200195312,1569.57958984375,118.9346923828125,108.68692016601562,20250225-155213
3902,18446744073709551615,0,0.4111328125,658.1390991210938,1400.722412109375,124.8636474609375,163.89779663085938,20250225-155213
3902,18446744073709551615,0,0.42529296875,625.5869750976562,1285.051513671875,181.54586791992188,154.87271118164062,20250225-155213
3902,18446744073709551615,0,0.4921875,657.3057861328125,161.49951171875,192.48001098632812,240.8228759765625,20250225-155213
3902,18446744073709551615,0,0.58056640625,663.516357421875,456.4289245605469,89.74992370605469,134.98635864257812,20250225-155213
3902,18446744073709551615,0,0.595703125,778.0852661132812,1841.758056640625,77.829345703125,298.0870056152344,20250225-155213
3902,18446744073709551615,0,0.65771484375,628.298583984375,530.7720947265625,184.644287109375,163.40560913085938,20250225-155213
3902,18446744073709551615,0,0.8994140625,20.528961181640625,465.70147705078125,1130.1419677734375,1046.529541015625,20250225-155213
3902,18446744073709551615,0,0.90234375,525.0214233398438,1.467498779296875,444.513427734375,544.986328125,20250225-155213
3903,18446744073709551615,0,0.219970703125,692.9525756835938,1858.611083984375,60.76904296875,172.59860229492188,20250225-155214
3903,18446744073709551615,0,0.42919921875,662.3366088867188,162.52816772460938,190.86456298828125,239.04208374023438,20250225-155214
3903,18446744073709551615,0,0.4658203125,630.4623413085938,1289.538330078125,243.51351928710938,168.45840454101562,20250225-155214
3903,18446744073709551615,0,0.62255859375,801.895751953125,1842.7445068359375,76.68072509765625,271.5458679199219,20250225-155214
3903,18446744073709551615,0,0.72265625,654.4890747070312,351.3997497558594,171.98727416992188,171.84347534179688,20250225-155214
3903,18446744073709551615,0,0.82373046875,606.5256958007812,1559.474853515625,357.54290771484375,272.6856994628906,20250225-155214
3903,18446744073709551615,0,0.873046875,632.9085693359375,506.01873779296875,194.81666564941406,194.99652099609375,20250225-155214
3903,18446744073709551615,0,0.9033203125,524.2960205078125,1.65545654296875,462.0916442871094,545.6255493164062,20250225-155214
3903,18446744073709551615,0,0.94091796875,62.56182861328125,471.25982666015625,1120.00439453125,1005.3380126953125,20250225-155214
3904,18446744073709551615,0,0.206298828125,678.322265625,699.2836303710938,58.00291442871094,22.328704833984375,20250225-155215
3904,18446744073709551615,0,0.26123046875,660.796142578125,175.66943359375,179.11924743652344,244.99374389648438,20250225-155215
3904,18446744073709551615,0,0.287841796875,647.712890625,1386.62353515625,61.5362548828125,96.26458740234375,20250225-155215
3904,18446744073709551615,0,0.515625,618.9362182617188,1270.79833984375,178.20684814453125,120.13311767578125,20250225-155215
3904,18446744073709551615,0,0.6103515625,795.1109619140625,1841.2994384765625,78.15948486328125,280.9335021972656,20250225-155215
3904,18446744073709551615,0,0.681640625,609.6948852539062,1562.84033203125,343.78509521484375,318.91259765625,20250225-155215
3904,18446744073709551615,0,0.79833984375,681.6427001953125,1439.663818359375,100.72265625,109.24072265625,20250225-155215
3904,18446744073709551615,0,0.865234375,654.31982421875,379.26629638671875,164.70535278320312,170.3829345703125,20250225-155215
3904,18446744073709551615,0,0.86962890625,629.5120239257812,506.7288818359375,197.88198852539062,196.14743041992188,20250225-155215
3904,18446744073709551615,0,0.89306640625,497.96099853515625,1.07464599609375,432.3954162597656,573.4822998046875,20250225-155215
3904,18446744073709551615,0,0.93505859375,59.738616943359375,440.23974609375,1173.917724609375,1007.841064453125,20250225-155215
3905,18446744073709551615,0,0.32177734375,644.7482299804688,1411.4813232421875,97.43307495117188,140.25933837890625,20250225-155216
3905,18446744073709551615,0,0.46484375,691.6810302734375,1853.6942138671875,65.4766845703125,108.614501953125,20250225-155216
3905,18446744073709551615,0,0.5302734375,618.4616088867188,1282.712646484375,208.22909545898438,160.94256591796875,20250225-155216
3905,18446744073709551615,0,0.57373046875,686.9371948242188,1495.9317626953125,80.074951171875,88.36459350585938,20250225-155216
3905,18446744073709551615,0,0.60107421875,664.503173828125,1579.0469970703125,138.542724609375,107.26263427734375,20250225-155216
3905,18446744073709551615,0,0.642578125,680.4299926757812,581.56640625,55.75813293457031,95.20156860351562,20250225-155216
3905,18446744073709551615,0,0.6982421875,793.4181518554688,1841.3265380859375,78.120849609375,282.3371887207031,20250225-155216
3905,18446744073709551615,0,0.73583984375,640.5217895507812,402.2789611816406,200.2393798828125,189.04165649414062,20250225-155216
3905,18446744073709551615,0,0.7607421875,628.1760864257812,1699.45458984375,190.37457275390625,310.5850524902344,20250225-155216
3905,18446744073709551615,0,0.86767578125,605.9657592773438,160.40884399414062,195.30995178222656,293.6712341308594,20250225-155216
3905,18446744073709551615,0,0.92822265625,498.919189453125,0.40283203125,430.00250244140625,572.6763916015625,20250225-155216
3905,18446744073709551615,0,0.93359375,48.319061279296875,431.71051025390625,1180.4168701171875,1019.3677368164062,20250225-155216
3906,18446744073709551615,0,0.329345703125,690.2373046875,1857.9056396484375,61.33502197265625,151.2081298828125,20250225-155217
3906,18446744073709551615,0,0.54296875,612.72314453125,1571.3507080078125,321.06298828125,318.05145263671875,20250225-155217
3906,18446744073709551615,0,0.61865234375,621.879638671875,1281.76708984375,213.64370727539062,162.42013549804688,20250225-155217
3906,18446744073709551615,0,0.65478515625,795.219970703125,1840.7281494140625,78.4932861328125,280.4989013671875,20250225-155217
3906,18446744073709551615,0,0.703125,678.815185546875,573.4242553710938,55.5794677734375,87.3072509765625,20250225-155217
3906,18446744073709551615,0,0.73193359375,685.575439453125,1497.83984375,70.039306640625,84.58016967773438,20250225-155217
3906,18446744073709551615,0,0.73779296875,637.9971923828125,388.8380126953125,212.84385681152344,189.37591552734375,20250225-155217
3906,18446744073709551615,0,0.87255859375,607.0198974609375,162.39239501953125,194.33505249023438,295.658935546875,20250225-155217
3906,18446744073709551615,0,0.92578125,498.51654052734375,0.60003662109375,432.76202392578125,572.7496337890625,20250225-155217
3906,18446744073709551615,0,0.931640625,40.229644775390625,426.5943603515625,1183.134033203125,1027.189697265625,20250225-155217
3907,18446744073709551615,0,0.62890625,611.9496459960938,1573.3056640625,314.5931396484375,175.39608764648438,20250225-155218
3907,18446744073709551615,0,0.6298828125,795.482666015625,1840.46484375,78.91278076171875,280.7318115234375,20250225-155218
3907,18446744073709551615,0,0.662109375,622.7422485351562,1286.679931640625,209.63919067382812,167.34658813476562,20250225-155218
3907,18446744073709551615,0,0.7890625,683.0159912109375,1486.983642578125,82.5380859375,89.37478637695312,20250225-155218
3907,18446744073709551615,0,0.8271484375,665.020263671875,384.6369323730469,156.8228302001953,159.14373779296875,20250225-155218
3907,18446744073709551615,0,0.85791015625,620.35693359375,167.76393127441406,186.17491149902344,281.5989074707031,20250225-155218
3907,18446744073709551615,0,0.86474609375,609.8618774414062,504.43341064453125,213.43382263183594,216.59243774414062,20250225-155218
3907,18446744073709551615,0,0.921875,503.45928955078125,1.2667236328125,436.1053161621094,568.99609375,20250225-155218
3907,18446744073709551615,0,0.9326171875,47.62229919433594,431.99114990234375,1176.099609375,1019.7982177734375,20250225-155218
3908,18446744073709551615,0,0.309814453125,665.8809814453125,1571.55908203125,113.18975830078125,106.60372924804688,20250225-155219
3908,18446744073709551615,0,0.5302734375,622.1915283203125,1285.0118408203125,277.048828125,162.535400390625,20250225-155219
3908,18446744073709551615,0,0.54296875,612.6361083984375,1572.2032470703125,312.9488525390625,173.43658447265625,20250225-155219
3908,18446744073709551615,0,0.63720703125,795.8263549804688,1839.68115234375,79.8797607421875,280.20611572265625,20250225-155219
3908,18446744073709551615,0,0.8232421875,667.6386108398438,369.8228454589844,162.82986450195312,156.53512573242188,20250225-155219
3908,18446744073709551615,0,0.8447265625,626.87841796875,478.95941162109375,222.65281677246094,199.59521484375,20250225-155219
3908,18446744073709551615,0,0.89599609375,582.9483032226562,180.66490173339844,219.8741912841797,320.9206237792969,20250225-155219
3908,18446744073709551615,0,0.92578125,56.217315673828125,422.43841552734375,1188.880126953125,1011.03076171875,20250225-155219
3908,18446744073709551615,0,0.9306640625,501.37554931640625,0.8979949951171875,430.0087890625,570.5381469726562,20250225-155219
3909,18446744073709551615,0,0.4765625,612.1728515625,1572.4306640625,319.4908447265625,174.27511596679688,20250225-155220
3909,18446744073709551615,0,0.5927734375,682.6653442382812,1475.38525390625,92.92987060546875,93.59408569335938,20250225-155220
3909,18446744073709551615,0,0.62451171875,795.0977783203125,1839.9371337890625,79.52508544921875,281.0318298339844,20250225-155220
3909,18446744073709551615,0,0.64501953125,623.9117431640625,1281.3870849609375,210.4599609375,166.80038452148438,20250225-155220
3909,18446744073709551615,0,0.77880859375,671.815185546875,378.9066467285156,162.83413696289062,153.046875,20250225-155220
3909,18446744073709551615,0,0.86865234375,629.045654296875,502.3963623046875,214.7787322998047,196.85330200195312,20250225-155220
3909,18446744073709551615,0,0.90185546875,586.9735107421875,163.39114379882812,227.82151794433594,320.94268798828125,20250225-155220
3909,18446744073709551615,0,0.9287109375,501.0852355957031,1.0843048095703125,429.6579895019531,570.74267578125,20250225-155220
3909,18446744073709551615,0,0.93115234375,48.511138916015625,427.39556884765625,1182.8668212890625,1018.4805908203125,20250225-155220
3910,18446744073709551615,0,0.2213134765625,690.8414306640625,1888.0799560546875,31.32659912109375,104.57427978515625,20250225-155221
3910,18446744073709551615,0,0.640625,797.5299682617188,1839.7236328125,79.73785400390625,278.6772766113281,20250225-155221
3910,18446744073709551615,0,0.658203125,623.22900390625,1287.553466796875,205.3612060546875,163.57342529296875,20250225-155221
3910,18446744073709551615,0,0.73486328125,611.1871948242188,1569.7327880859375,313.4842529296875,178.62149047851562,20250225-155221
3910,18446744073709551615,0,0.76220703125,691.8645629882812,1479.1953125,84.88055419921875,80.81011962890625,20250225-155221
3910,18446744073709551615,0,0.8203125,671.816162109375,383.28851318359375,156.54519653320312,152.72259521484375,20250225-155221
3910,18446744073709551615,0,0.85986328125,626.7918701171875,499.8643798828125,205.63705444335938,198.9298095703125,20250225-155221
3910,18446744073709551615,0,0.86083984375,599.2644653320312,157.3623504638672,219.96844482421875,304.3739318847656,20250225-155221
3910,18446744073709551615,0,0.92626953125,502.28375244140625,1.30023193359375,430.81201171875,569.6373291015625,20250225-155221
3910,18446744073709551615,0,0.92919921875,49.94805908203125,427.58514404296875,1179.256591796875,1017.1424560546875,20250225-155221
3911,18446744073709551615,0,0.2193603515625,690.8322143554688,1886.208984375,33.15289306640625,105.44833374023438,20250225-155222
3911,18446744073709551615,0,0.41015625,607.658447265625,1574.9315185546875,309.90216064453125,183.89263916015625,20250225-155222
3911,18446744073709551615,0,0.66552734375,623.7518310546875,1286.0936279296875,209.96237182617188,170.28497314453125,20250225-155222
3911,18446744073709551615,0,0.689453125,794.256591796875,1839.4068603515625,80.00958251953125,281.6107177734375,20250225-155222
3911,18446744073709551615,0,0.75830078125,691.0177001953125,1489.8328857421875,78.59051513671875,80.24386596679688,20250225-155222
3911,18446744073709551615,0,0.7841796875,647.0255126953125,337.70355224609375,132.09225463867188,178.59036254882812,20250225-155222
3911,18446744073709551615,0,0.8291015625,613.7420654296875,498.0583190917969,201.56451416015625,211.73794555664062,20250225-155222
3911,18446744073709551615,0,0.85791015625,599.3746948242188,154.46031188964844,220.07867431640625,307.5368957519531,20250225-155222
3911,18446744073709551615,0,0.91259765625,502.51904296875,0.941070556640625,430.9684753417969,570.069580078125,20250225-155222
3911,18446744073709551615,0,0.93310546875,40.718902587890625,429.28240966796875,1176.8507080078125,1026.37109375,20250225-155222
3912,18446744073709551615,0,0.65673828125,796.3965454101562,1835.945068359375,83.37652587890625,279.75732421875,20250225-155223
3912,18446744073709551615,0,0.6748046875,622.986328125,1289.1318359375,205.82986450195312,159.08413696289062,20250225-155223
3912,18446744073709551615,0,0.6982421875,601.3955078125,1569.944091796875,346.83013916015625,196.61480712890625,20250225-155223
3912,18446744073709551615,0,0.75146484375,694.5437622070312,1489.4483642578125,73.6900634765625,75.48248291015625,20250225-155223
3912,18446744073709551615,0,0.8251953125,649.3568115234375,362.83135986328125,147.78836059570312,177.173583984375,20250225-155223
3912,18446744073709551615,0,0.83837890625,616.7389526367188,504.2156066894531,212.91650390625,208.68722534179688,20250225-155223
3912,18446744073709551615,0,0.89599609375,488.781005859375,1.2819671630859375,438.60870361328125,581.813720703125,20250225-155223
3912,18446744073709551615,0,0.90576171875,585.852783203125,201.0266876220703,201.62484741210938,301.75927734375,20250225-155223
3912,18446744073709551615,0,0.9267578125,40.37086486816406,422.6982421875,1189.21533203125,1026.451904296875,20250225-155223
3913,18446744073709551615,0,0.219970703125,689.833740234375,1884.009765625,35.3865966796875,70.93276977539062,20250225-155224
3913,18446744073709551615,0,0.59912109375,623.398193359375,1288.193359375,202.53140258789062,164.25494384765625,20250225-155224
3913,18446744073709551615,0,0.6416015625,605.1641845703125,1566.70458984375,336.5712890625,326.1763916015625,20250225-155224
3913,18446744073709551615,0,0.6806640625,796.7836303710938,1836.339111328125,83.08209228515625,279.4419250488281,20250225-155224
3913,18446744073709551615,0,0.76220703125,664.7916870117188,374.05426025390625,160.22341918945312,160.4512939453125,20250225-155224
3913,18446744073709551615,0,0.79052734375,686.53515625,1476.658203125,89.766357421875,86.09912109375,20250225-155224
3913,18446744073709551615,0,0.8017578125,578.2833251953125,123.5797119140625,294.6048583984375,350.3152770996094,20250225-155224
3913,18446744073709551615,0,0.82861328125,618.617919921875,498.81866455078125,223.24781799316406,205.48919677734375,20250225-155224
3913,18446744073709551615,0,0.92626953125,45.37568664550781,418.70123291015625,1192.289306640625,1021.4014892578125,20250225-155224
3914,18446744073709551615,0,0.250244140625,690.0089721679688,1884.793212890625,34.60418701171875,56.036041259765625,20250225-155225
3914,18446744073709551615,0,0.33642578125,613.984130859375,1689.064697265625,223.7373046875,185.38092041015625,20250225-155225
3914,18446744073709551615,0,0.56787109375,787.741455078125,1838.496826171875,80.91888427734375,287.73870849609375,20250225-155225
3914,18446744073709551615,0,0.62255859375,664.782958984375,1573.2747802734375,123.466552734375,108.29718017578125,20250225-155225
3914,18446744073709551615,0,0.72265625,623.0198364257812,1285.0625,246.29873657226562,168.84109497070312,20250225-155225
3914,18446744073709551615,0,0.78857421875,671.7734985351562,378.03057861328125,169.97799682617188,153.42178344726562,20250225-155225
3914,18446744073709551615,0,0.84375,621.8633422851562,501.9590148925781,223.9010467529297,203.59414672851562,20250225-155225
3914,18446744073709551615,0,0.9150390625,512.9452514648438,1.13525390625,419.48553466796875,556.5294189453125,20250225-155225
3914,18446744073709551615,0,0.92626953125,35.32420349121094,421.421142578125,1187.1002197265625,1031.9329833984375,20250225-155225
3915,18446744073709551615,0,0.5048828125,623.8280639648438,1574.855712890625,315.67474365234375,312.1874084472656,20250225-155226
3915,18446744073709551615,0,0.63330078125,791.1509399414062,1842.50244140625,76.98394775390625,283.8155822753906,20250225-155226
3915,18446744073709551615,0,0.673828125,626.7951049804688,507.5343933105469,213.92825317382812,199.65170288085938,20250225-155226
3915,18446744073709551615,0,0.71875,621.9768676757812,1300.773193359375,229.59347534179688,169.92855834960938,20250225-155226
3915,18446744073709551615,0,0.76708984375,668.4576416015625,377.09320068359375,171.77073669433594,157.21014404296875,20250225-155226
3915,18446744073709551615,0,0.91015625,514.1779174804688,0.5972900390625,426.72967529296875,555.7640380859375,20250225-155226
3915,18446744073709551615,0,0.91943359375,54.910858154296875,422.96136474609375,1188.7042236328125,1011.9420776367188,20250225-155226
3916,18446744073709551615,0,0.26806640625,662.02001953125,1568.5009765625,125.265380859375,110.44107055664062,20250225-155227
3916,18446744073709551615,0,0.5283203125,612.9629516601562,1567.5816650390625,348.49493408203125,170.72946166992188,20250225-155227
3916,18446744073709551615,0,0.71240234375,622.0175170898438,1293.291259765625,229.81356811523438,165.70559692382812,20250225-155227
3916,18446744073709551615,0,0.7216796875,791.8040771484375,1814.8216552734375,104.48016357421875,283.88525390625,20250225-155227
3916,18446744073709551615,0,0.76220703125,663.6234741210938,376.65814208984375,163.91427612304688,160.47116088867188,20250225-155227
3916,18446744073709551615,0,0.81689453125,629.2208251953125,511.612060546875,211.79928588867188,190.82684326171875,20250225-155227
3916,18446744073709551615,0,0.9208984375,36.19990539550781,418.88616943359375,1193.7197265625,1030.779052734375,20250225-155227
3916,18446744073709551615,0,0.92724609375,503.362060546875,1.27880859375,428.7569580078125,567.8223266601562,20250225-155227
3917,18446744073709551615,0,0.2998046875,662.702392578125,1570.89794921875,121.7764892578125,109.40625,20250225-155228
3917,18446744073709551615,0,0.60498046875,617.6991577148438,1569.703857421875,298.06732177734375,199.0645751953125,20250225-155228
3917,18446744073709551615,0,0.67822265625,752.5380249023438,1783.0784912109375,136.26983642578125,317.7642517089844,20250225-155228
3917,18446744073709551615,0,0.68994140625,664.4912109375,360.9295654296875,176.74237060546875,159.73727416992188,20250225-155228
3917,18446744073709551615,0,0.6943359375,624.4859619140625,1290.48486328125,232.49441528320312,161.1796875,20250225-155228
3917,18446744073709551615,0,0.82861328125,628.439208984375,510.385498046875,215.68341064453125,193.82794189453125,20250225-155228
3917,18446744073709551615,0,0.91748046875,55.654541015625,410.2843017578125,1201.9954833984375,1010.2091674804688,20250225-155228
3917,18446744073709551615,0,0.919921875,502.73455810546875,1.4487762451171875,425.5296630859375,566.917724609375,20250225-155228
3918,18446744073709551615,0,0.218017578125,693.2164306640625,1747.963623046875,122.2364501953125,106.23202514648438,20250225-155229
3918,18446744073709551615,0,0.226806640625,660.9622192382812,1577.070068359375,114.9188232421875,109.57388305664062,20250225-155229
3918,18446744073709551615,0,0.30908203125,618.3601684570312,1683.7431640625,209.6092529296875,312.2005920410156,20250225-155229
3918,18446744073709551615,0,0.5546875,678.316162109375,1450.039306640625,144.22265625,102.59564208984375,20250225-155229
3918,18446744073709551615,0,0.6689453125,618.1477661132812,1271.244140625,185.53079223632812,118.12747192382812,20250225-155229
3918,18446744073709551615,0,0.74072265625,817.5928344726562,1817.0126953125,101.87274169921875,258.2295227050781,20250225-155229
3918,18446744073709551615,0,0.759765625,661.3511352539062,363.6687927246094,163.40277099609375,163.34976196289062,20250225-155229
3918,18446744073709551615,0,0.81640625,628.6979370117188,509.9235534667969,217.23477172851562,191.15139770507812,20250225-155229
3918,18446744073709551615,0,0.869140625,587.2787475585938,150.3105010986328,218.12416076660156,327.3558654785156,20250225-155229
3918,18446744073709551615,0,0.9189453125,42.143280029296875,409.283935546875,1202.2906494140625,1024.29833984375,20250225-155229
3918,18446744073709551615,0,0.9189453125,504.255615234375,0.958282470703125,435.9306335449219,566.4434814453125,20250225-155229
3919,18446744073709551615,0,0.30810546875,662.5698852539062,1576.3355712890625,112.89605712890625,105.51544189453125,20250225-155230
3919,18446744073709551615,0,0.515625,622.2015380859375,1278.71142578125,185.57711791992188,138.73388671875,20250225-155230
3919,18446744073709551615,0,0.64501953125,647.6630859375,348.654296875,138.04177856445312,177.20626831054688,20250225-155230
3919,18446744073709551615,0,0.65380859375,616.3621826171875,1567.603515625,330.2794189453125,322.85321044921875,20250225-155230
3919,18446744073709551615,0,0.70751953125,810.5987548828125,1821.396240234375,97.68402099609375,265.65655517578125,20250225-155230
3919,18446744073709551615,0,0.72412109375,629.9161376953125,509.6217956542969,215.28890991210938,189.60800170898438,20250225-155230
3919,18446744073709551615,0,0.7841796875,678.84765625,1459.5823974609375,112.09405517578125,99.29791259765625,20250225-155230
3919,18446744073709551615,0,0.8486328125,500.8297119140625,1.1325302124023438,356.7665710449219,568.1053466796875,20250225-155230
3919,18446744073709551615,0,0.921875,52.485992431640625,406.0242919921875,1206.9415283203125,1013.4662475585938,20250225-155230
3920,18446744073709551615,0,0.216064453125,606.4112548828125,205.92745971679688,60.40576171875,121.10842895507812,20250225-155231
3920,18446744073709551615,0,0.241455078125,670.6136474609375,1461.22314453125,100.82940673828125,110.8597412109375,20250225-155231
3920,18446744073709551615,0,0.33544921875,616.14013671875,1573.7940673828125,323.53436279296875,325.51318359375,20250225-155231
3920,18446744073709551615,0,0.453369140625,661.7772216796875,1573.207763671875,118.38592529296875,110.0797119140625,20250225-155231
3920,18446744073709551615,0,0.541015625,656.817626953125,339.5875549316406,164.15591430664062,161.9864501953125,20250225-155231
3920,18446744073709551615,0,0.61767578125,622.572509765625,1290.833984375,193.63934326171875,158.65988159179688,20250225-155231
3920,18446744073709551615,0,0.751953125,805.6043701171875,1812.390869140625,106.506591796875,270.5766906738281,20250225-155231
3920,18446744073709551615,0,0.76953125,629.1051635742188,513.07080078125,213.8840789794922,166.70736694335938,20250225-155231
3920,18446744073709551615,0,0.79248046875,603.672607421875,204.93209838867188,158.75222778320312,302.03594970703125,20250225-155231
3920,18446744073709551615,0,0.91015625,489.38690185546875,0.9412994384765625,431.3348388671875,579.8511962890625,20250225-155231
3920,18446744073709551615,0,0.92626953125,37.89308166503906,408.6226806640625,1203.22265625,1028.6048583984375,20250225-155231
3921,18446744073709551615,0,0.226806640625,617.1959228515625,209.79148864746094,53.605224609375,118.8955078125,20250225-155232
3921,18446744073709551615,0,0.28466796875,663.1011962890625,1571.7821044921875,117.62750244140625,109.6552734375,20250225-155232
3921,18446744073709551615,0,0.4755859375,616.31103515625,1570.55810546875,336.4398193359375,322.3114013671875,20250225-155232
3921,18446744073709551615,0,0.541015625,691.5123291015625,509.23101806640625,81.21441650390625,111.51873779296875,20250225-155232
3921,18446744073709551615,0,0.5537109375,629.3602294921875,521.6588134765625,207.71241760253906,199.03775024414062,20250225-155232
3921,18446744073709551615,0,0.6318359375,625.5844116210938,1286.1158447265625,202.23486328125,158.92794799804688,20250225-155232
3921,18446744073709551615,0,0.673828125,684.4733276367188,1468.321044921875,91.44342041015625,95.06845092773438,20250225-155232
3921,18446744073709551615,0,0.68994140625,673.3890380859375,325.0830993652344,152.95199584960938,152.25741577148438,20250225-155232
3921,18446744073709551615,0,0.7294921875,811.456787109375,1812.574951171875,106.8314208984375,263.10406494140625,20250225-155232
3921,18446744073709551615,0,0.76416015625,613.9310302734375,205.01055908203125,156.37078857421875,293.1358337402344,20250225-155232
3921,18446744073709551615,0,0.90771484375,493.73162841796875,0.7778778076171875,431.4624938964844,575.9871826171875,20250225-155232
3921,18446744073709551615,0,0.9228515625,36.64833068847656,410.58905029296875,1203.766845703125,1030.1114501953125,20250225-155232
3922,18446744073709551615,0,0.313232421875,623.205322265625,214.44253540039062,48.57252502441406,113.94479370117188,20250225-155233
3922,18446744073709551615,0,0.361083984375,695.0943603515625,509.38348388671875,77.75642395019531,111.66311645507812,20250225-155233
3922,18446744073709551615,0,0.403564453125,654.2296142578125,1416.18212890625,72.364013671875,122.44107055664062,20250225-155233
3922,18446744073709551615,0,0.5390625,624.118408203125,1289.7454833984375,154.01504516601562,105.86334228515625,20250225-155233
3922,18446744073709551615,0,0.544921875,679.603271484375,730.7568969726562,45.49346923828125,30.329132080078125,20250225-155233
3922,18446744073709551615,0,0.55908203125,615.5795288085938,1680.409423828125,205.55401611328125,321.0341491699219,20250225-155233
3922,18446744073709551615,0,0.63427734375,684.9195556640625,1468.894287109375,87.82232666015625,94.62020874023438,20250225-155233
3922,18446744073709551615,0,0.72412109375,621.440185546875,208.7855987548828,152.58941650390625,287.0182800292969,20250225-155233
3922,18446744073709551615,0,0.7421875,663.3114624023438,1571.807373046875,118.85430908203125,109.3070068359375,20250225-155233
3922,18446744073709551615,0,0.765625,810.0679321289062,1811.989501953125,107.3485107421875,263.9909362792969,20250225-155233
3922,18446744073709551615,0,0.7734375,667.5250854492188,327.74859619140625,152.05300903320312,157.73153686523438,20250225-155233
3922,18446744073709551615,0,0.83056640625,629.624755859375,518.6253662109375,217.68630981445312,197.18280029296875,20250225-155233
3922,18446744073709551615,0,0.90185546875,496.64630126953125,1.169952392578125,443.6541748046875,572.7368774414062,20250225-155233
3922,18446744073709551615,0,0.93408203125,58.54820251464844,443.38055419921875,1182.5555419921875,1009.951171875,20250225-155233
3923,18446744073709551615,0,0.2049560546875,673.81103515625,1768.411376953125,117.98931884765625,138.3896484375,20250225-155233
3923,18446744073709551615,0,0.33642578125,703.4954223632812,477.72802734375,79.85293579101562,101.6839599609375,20250225-155233
3923,18446744073709551615,0,0.458984375,667.58349609375,1532.213623046875,113.98443603515625,106.44186401367188,20250225-155233
3923,18446744073709551615,0,0.482421875,630.7871704101562,538.8749389648438,167.49105834960938,150.26486206054688,20250225-155233
3923,18446744073709551615,0,0.57763671875,688.3262329101562,1427.7000732421875,84.14373779296875,102.76968383789062,20250225-155233
3923,18446744073709551615,0,0.58056640625,628.68603515625,1250.282958984375,194.83767700195312,154.71102905273438,20250225-155233
3923,18446744073709551615,0,0.5830078125,697.420166015625,1843.187255859375,74.608154296875,108.53073120117188,20250225-155233
3923,18446744073709551615,0,0.63427734375,630.6427001953125,169.82815551757812,151.50100708007812,276.0378112792969,20250225-155233
3923,18446744073709551615,0,0.72705078125,656.395751953125,293.0920715332031,143.36805725097656,174.088623046875,20250225-155233
3923,18446744073709551615,0,0.767578125,618.0792236328125,1535.83740234375,304.9940185546875,318.47259521484375,20250225-155233
3923,18446744073709551615,0,0.80126953125,776.3794555664062,1764.060791015625,155.29339599609375,293.9230041503906,20250225-155233
3923,18446744073709551615,0,0.90869140625,498.74578857421875,0.84466552734375,388.61865234375,569.8521728515625,20250225-155233
3923,18446744073709551615,0,0.923828125,59.75550842285156,368.8309326171875,1211.3690185546875,1006.68896484375,20250225-155233
3924,18446744073709551615,0,0.259765625,675.5103149414062,700.0252685546875,42.83601379394531,24.351287841796875,20250225-155233
3924,18446744073709551615,0,0.303955078125,621.9523315429688,1277.99755859375,316.72796630859375,414.4410095214844,20250225-155233
3924,18446744073709551615,0,0.37744140625,624.9512329101562,1277.21533203125,185.47869873046875,184.9603271484375,20250225-155233
3924,18446744073709551615,0,0.5302734375,615.906005859375,1634.2239990234375,208.24420166015625,321.0705871582031,20250225-155233
3924,18446744073709551615,0,0.5322265625,694.908447265625,1846.771728515625,71.1053466796875,91.67156982421875,20250225-155233
3924,18446744073709551615,0,0.611328125,666.9215698242188,1530.671875,117.97393798828125,105.9755859375,20250225-155233
3924,18446744073709551615,0,0.66650390625,682.1101684570312,1441.654296875,78.3907470703125,89.26913452148438,20250225-155233
3924,18446744073709551615,0,0.7392578125,625.6832885742188,165.9679412841797,153.85020446777344,279.83990478515625,20250225-155233
3924,18446744073709551615,0,0.74755859375,629.0432739257812,539.1807250976562,162.47964477539062,125.05398559570312,20250225-155233
3924,18446744073709551615,0,0.775390625,784.987060546875,1770.3427734375,149.17291259765625,285.3247375488281,20250225-155233
3924,18446744073709551615,0,0.8017578125,658.811279296875,288.1845703125,149.8978271484375,167.02853393554688,20250225-155233
3924,18446744073709551615,0,0.904296875,55.10687255859375,309.0650634765625,1277.9652099609375,1013.8218383789062,20250225-155233
3924,18446744073709551615,0,0.92431640625,496.1232604980469,1.0431976318359375,373.16546630859375,571.6728515625,20250225-155233
3925,18446744073709551615,0,0.4619140625,624.6668701171875,1267.4658203125,181.44497680664062,159.24948120117188,20250225-155233
3925,18446744073709551615,0,0.5556640625,677.474609375,1433.05615234375,73.62460327148438,94.7021484375,20250225-155233
3925,18446744073709551615,0,0.60009765625,587.603759765625,1499.859130859375,338.7293701171875,314.8919677734375,20250225-155233
3925,18446744073709551615,0,0.63330078125,697.320556640625,1732.097412109375,83.9373779296875,96.90939331054688,20250225-155233
3925,18446744073709551615,0,0.67138671875,696.5751342773438,1810.6519775390625,106.77593994140625,125.57015991210938,20250225-155233
3925,18446744073709551615,0,0.78662109375,617.162841796875,157.91241455078125,161.5836181640625,286.8331604003906,20250225-155233
3925,18446744073709551615,0,0.80126953125,662.6504516601562,288.41754150390625,150.61354064941406,163.45083618164062,20250225-155233
3925,18446744073709551615,0,0.81103515625,629.3311157226562,478.9989013671875,220.8526611328125,184.833984375,20250225-155233
3925,18446744073709551615,0,0.81982421875,781.73876953125,1771.8262939453125,147.72125244140625,290.5267639160156,20250225-155233
3925,18446744073709551615,0,0.9072265625,48.13417053222656,318.71392822265625,1266.621337890625,1019.321044921875,20250225-155233
3925,18446744073709551615,0,0.92724609375,495.4595031738281,0.8533401489257812,372.5758972167969,572.5111083984375,20250225-155233
3926,18446744073709551615,0,0.262939453125,614.1943359375,160.57745361328125,56.12409210205078,118.40853881835938,20250225-155233
3926,18446744073709551615,0,0.552734375,626.3556518554688,1268.7454833984375,192.78378295898438,193.29217529296875,20250225-155233
3926,18446744073709551615,0,0.681640625,696.9219360351562,1734.520751953125,77.24542236328125,79.57534790039062,20250225-155233
3926,18446744073709551615,0,0.73193359375,694.9407348632812,1810.761474609375,108.14117431640625,124.46401977539062,20250225-155233
3926,18446744073709551615,0,0.744140625,679.0856323242188,1439.0394287109375,76.78463745117188,92.07650756835938,20250225-155233
3926,18446744073709551615,0,0.755859375,629.3564453125,475.21929931640625,225.64183044433594,181.76861572265625,20250225-155233
3926,18446744073709551615,0,0.7646484375,611.0967407226562,156.72552490234375,162.95973205566406,296.4073791503906,20250225-155233
3926,18446744073709551615,0,0.76708984375,660.204345703125,289.5123291015625,151.47486877441406,164.55020141601562,20250225-155233
3926,18446744073709551615,0,0.81982421875,783.4088745117188,1767.428466796875,151.919677734375,288.3577880859375,20250225-155233
3926,18446744073709551615,0,0.876953125,568.6170043945312,1510.5003662109375,338.2576904296875,337.5670166015625,20250225-155233
3926,18446744073709551615,0,0.916015625,47.432373046875,328.31304931640625,1254.664794921875,1020.0422973632812,20250225-155233
3926,18446744073709551615,0,0.927734375,493.9757080078125,0.8632278442382812,370.3324279785156,573.7355346679688,20250225-155233
3927,18446744073709551615,0,0.42529296875,625.1943969726562,1270.4337158203125,188.00830078125,172.32870483398438,20250225-155233
3927,18446744073709551615,0,0.609375,619.6331176757812,169.181640625,151.0826873779297,289.4521179199219,20250225-155233
3927,18446744073709551615,0,0.673828125,694.5642700195312,1820.930419921875,98.631591796875,128.90267944335938,20250225-155233
3927,18446744073709551615,0,0.69287109375,629.40380859375,466.6995849609375,234.44700622558594,194.2833251953125,20250225-155233
3927,18446744073709551615,0,0.78466796875,652.7623901367188,293.2407531738281,157.95803833007812,169.94247436523438,20250225-155233
3927,18446744073709551615,0,0.78466796875,679.3861083984375,1443.2772216796875,82.2015380859375,92.84024047851562,20250225-155233
3927,18446744073709551615,0,0.8359375,788.1785888671875,1773.7913818359375,145.6395263671875,284.1053466796875,20250225-155233
3927,18446744073709551615,0,0.87060546875,571.55126953125,1527.5416259765625,327.7994384765625,343.5079650878906,20250225-155233
3927,18446744073709551615,0,0.90576171875,55.07661437988281,314.1112060546875,1268.07421875,1012.530029296875,20250225-155233
3927,18446744073709551615,0,0.91015625,493.43756103515625,0.8335189819335938,372.36865234375,574.8982543945312,20250225-155233
3928,18446744073709551615,0,0.48046875,621.1278076171875,177.42056274414062,142.92002868652344,284.5573425292969,20250225-155233
3928,18446744073709551615,0,0.4873046875,625.2815551757812,1271.1796875,187.2095947265625,175.938720703125,20250225-155233
3928,18446744073709551615,0,0.6611328125,694.4981689453125,1821.1630859375,98.39794921875,126.2926025390625,20250225-155233
3928,18446744073709551615,0,0.7470703125,630.25341796875,467.14251708984375,233.65406799316406,194.39923095703125,20250225-155233
3928,18446744073709551615,0,0.79443359375,679.9656372070312,1443.53271484375,82.06365966796875,92.01663208007812,20250225-155233
3928,18446744073709551615,0,0.802734375,649.6466674804688,293.8717346191406,158.88372802734375,172.962158203125,20250225-155233
3928,18446744073709551615,0,0.83203125,786.220458984375,1773.784423828125,145.5531005859375,285.57806396484375,20250225-155233
3928,18446744073709551615,0,0.87548828125,571.1797485351562,1529.078125,327.2300720214844,340.1633605957031,20250225-155233
3928,18446744073709551615,0,0.904296875,489.4632568359375,0.8415756225585938,374.55389404296875,578.7299194335938,20250225-155233
3928,18446744073709551615,0,0.908203125,53.04693603515625,314.96392822265625,1268.432861328125,1014.3601684570312,20250225-155233
3929,18446744073709551615,0,0.2239990234375,664.9976806640625,1529.3250732421875,118.7720947265625,102.60781860351562,20250225-155233
3929,18446744073709551615,0,0.4580078125,622.35498046875,185.75222778320312,134.01112365722656,278.7027282714844,20250225-155233
3929,18446744073709551615,0,0.4716796875,625.5800170898438,1269.423095703125,189.95535278320312,181.1070556640625,20250225-155233
3929,18446744073709551615,0,0.69580078125,694.72265625,1821.5361328125,98.0244140625,125.88070678710938,20250225-155233
3929,18446744073709551615,0,0.74560546875,650.076416015625,290.0538024902344,168.65359497070312,172.14669799804688,20250225-155233
3929,18446744073709551615,0,0.7841796875,630.5198364257812,472.53955078125,226.14500427246094,192.56158447265625,20250225-155233
3929,18446744073709551615,0,0.81640625,680.8295288085938,1444.1358642578125,81.56011962890625,90.78652954101562,20250225-155233
3929,18446744073709551615,0,0.83984375,788.8516845703125,1774.4593505859375,144.96441650390625,283.1455993652344,20250225-155233
3929,18446744073709551615,0,0.87451171875,570.7941284179688,1530.5421142578125,326.3202209472656,344.2094421386719,20250225-155233
3929,18446744073709551615,0,0.91064453125,489.850341796875,0.6743087768554688,376.66119384765625,579.1759033203125,20250225-155233
3929,18446744073709551615,0,0.9140625,49.58482360839844,317.79071044921875,1262.0562744140625,1017.8935546875,20250225-155233
3930,18446744073709551615,0,0.223388671875,717.6776733398438,475.29656982421875,75.99517822265625,106.17709350585938,20250225-155233
3930,18446744073709551615,0,0.24658203125,665.2798461914062,1530.38671875,117.7335205078125,103.03958129882812,20250225-155233
3930,18446744073709551615,0,0.5888671875,624.33984375,1271.388916015625,188.44107055664062,182.94918823242188,20250225-155233
3930,18446744073709551615,0,0.6982421875,694.5884399414062,1824.2640380859375,95.1990966796875,128.0419921875,20250225-155233
3930,18446744073709551615,0,0.708984375,630.9261474609375,475.0257568359375,223.98985290527344,189.09429931640625,20250225-155233
3930,18446744073709551615,0,0.7099609375,649.2317504882812,291.8499755859375,174.09823608398438,175.64437866210938,20250225-155233
3930,18446744073709551615,0,0.78076171875,681.4553833007812,1444.7340087890625,81.56900024414062,91.07327270507812,20250225-155233
3930,18446744073709551615,0,0.8291015625,788.48583984375,1773.884765625,145.64044189453125,284.1770324707031,20250225-155233
3930,18446744073709551615,0,0.86279296875,570.5234375,1533.4141845703125,321.296630859375,350.40728759765625,20250225-155233
3930,18446744073709551615,0,0.89453125,498.8858642578125,0.423980712890625,378.56256103515625,570.5128173828125,20250225-155233
3930,18446744073709551615,0,0.91357421875,51.563507080078125,318.43450927734375,1261.1920166015625,1015.9559326171875,20250225-155233
3931,18446744073709551615,0,0.21533203125,665.1963500976562,1529.302978515625,118.119873046875,102.52423095703125,20250225-155233
3931,18446744073709551615,0,0.2281494140625,754.3802490234375,424.05645751953125,63.87725830078125,71.85269165039062,20250225-155233
3931,18446744073709551615,0,0.30908203125,711.4735107421875,470.8717346191406,81.63404846191406,115.64346313476562,20250225-155233
3931,18446744073709551615,0,0.5283203125,624.447509765625,1272.126220703125,188.62326049804688,183.31961059570312,20250225-155233
3931,18446744073709551615,0,0.64892578125,647.1421508789062,291.7598876953125,167.27407836914062,177.61422729492188,20250225-155233
3931,18446744073709551615,0,0.6884765625,630.6383056640625,546.0872802734375,152.42788696289062,128.18765258789062,20250225-155233
3931,18446744073709551615,0,0.70166015625,694.9616088867188,1823.676513671875,95.7864990234375,127.84945678710938,20250225-155233
3931,18446744073709551615,0,0.798828125,681.5960083007812,1444.3553466796875,80.46322631835938,90.14199829101562,20250225-155233
3931,18446744073709551615,0,0.83447265625,787.743896484375,1773.88916015625,145.63494873046875,284.9242858886719,20250225-155233
3931,18446744073709551615,0,0.8623046875,570.5377807617188,1531.427490234375,326.0701904296875,348.7228088378906,20250225-155233
3931,18446744073709551615,0,0.9091796875,501.48944091796875,0.621185302734375,381.17230224609375,568.3831787109375,20250225-155233
3931,18446744073709551615,0,0.91162109375,56.51582336425781,316.40386962890625,1268.8583984375,1012.281005859375,20250225-155233
3932,18446744073709551615,0,0.2108154296875,663.3621826171875,1527.765625,120.74862670898438,104.70703125,20250225-155233
3932,18446744073709551615,0,0.26123046875,630.45654296875,189.3801727294922,131.99285888671875,260.3291015625,20250225-155233
3932,18446744073709551615,0,0.4873046875,625.504638671875,1272.306396484375,187.7486572265625,179.3115234375,20250225-155233
3932,18446744073709551615,0,0.59619140625,645.8876953125,293.9015808105469,162.86233520507812,180.14208984375,20250225-155233
3932,18446744073709551615,0,0.6884765625,631.2324829101562,539.666015625,158.92153930664062,130.86520385742188,20250225-155233
3932,18446744073709551615,0,0.6982421875,694.6728515625,1823.394287109375,96.06866455078125,125.79336547851562,20250225-155233
3932,18446744073709551615,0,0.78466796875,679.9720458984375,1443.0531005859375,82.37887573242188,91.93130493164062,20250225-155233
3932,18446744073709551615,0,0.82763671875,788.0418090820312,1774.1575927734375,145.266357421875,283.85577392578125,20250225-155233
3932,18446744073709551615,0,0.8701171875,566.2412109375,1527.8165283203125,329.6309509277344,350.1341857910156,20250225-155233
3932,18446744073709551615,0,0.91162109375,46.55845642089844,314.0621337890625,1269.91357421875,1020.7972412109375,20250225-155233
3932,18446744073709551615,0,0.91357421875,503.38714599609375,0.4586334228515625,380.6927185058594,566.788818359375,20250225-155233
3933,18446744073709551615,0,0.262939453125,728.091796875,197.98992919921875,121.65687561035156,159.7415771484375,20250225-155233
3933,18446744073709551615,0,0.58056640625,625.5444946289062,1272.2939453125,187.4813232421875,179.28460693359375,20250225-155233
3933,18446744073709551615,0,0.61328125,631.1739501953125,542.3483276367188,156.0751190185547,128.46826171875,20250225-155233
3933,18446744073709551615,0,0.6611328125,644.7053833007812,296.72613525390625,153.0546112060547,180.128173828125,20250225-155233
3933,18446744073709551615,0,0.681640625,694.0819702148438,1824.998779296875,94.2762451171875,126.59619140625,20250225-155233
3933,18446744073709551615,0,0.802734375,679.7916259765625,1443.064208984375,82.11080932617188,92.860107421875,20250225-155233
3933,18446744073709551615,0,0.83154296875,786.7706298828125,1774.021728515625,145.58807373046875,285.41400146484375,20250225-155233
3933,18446744073709551615,0,0.86767578125,566.3607788085938,1525.1962890625,330.53759765625,347.4623107910156,20250225-155233
3933,18446744073709551615,0,0.90576171875,507.4302978515625,1.0938262939453125,383.734619140625,562.2054443359375,20250225-155233
3933,18446744073709551615,0,0.908203125,47.43086242675781,315.0015869140625,1267.535888671875,1019.716552734375,20250225-155233
3934,18446744073709551615,0,0.5361328125,624.2722778320312,1271.0870361328125,187.04562377929688,174.81655883789062,20250225-155233
3934,18446744073709551615,0,0.67919921875,645.0888061523438,294.00836181640625,149.16490173339844,179.22930908203125,20250225-155233
3934,18446744073709551615,0,0.6875,694.2775268554688,1822.159423828125,97.30682373046875,127.55621337890625,20250225-155233
3934,18446744073709551615,0,0.763671875,631.8394775390625,484.31781005859375,212.0305938720703,183.63189697265625,20250225-155233
3934,18446744073709551615,0,0.77734375,680.096923828125,1443.123046875,80.9168701171875,92.43209838867188,20250225-155233
3934,18446744073709551615,0,0.82763671875,785.56396484375,1773.7210693359375,145.79791259765625,286.81951904296875,20250225-155233
3934,18446744073709551615,0,0.87451171875,565.6231689453125,1523.94580078125,334.4300537109375,349.89605712890625,20250225-155233
3934,18446744073709551615,0,0.89697265625,508.65985107421875,0.84466552734375,384.0934753417969,560.361328125,20250225-155233
3934,18446744073709551615,0,0.90869140625,48.132476806640625,315.98822021484375,1269.4794921875,1019.0714721679688,20250225-155233
3935,18446744073709551615,0,0.261962890625,625.773193359375,185.20416259765625,135.92855834960938,266.0975646972656,20250225-155233
3935,18446744073709551615,0,0.5302734375,626.350341796875,1271.13525390625,187.95510864257812,177.31100463867188,20250225-155233
3935,18446744073709551615,0,0.61865234375,645.629150390625,291.91796875,139.85641479492188,178.96426391601562,20250225-155233
3935,18446744073709551615,0,0.71240234375,631.0667724609375,463.5403747558594,235.11790466308594,187.018798828125,20250225-155233
3935,18446744073709551615,0,0.7138671875,694.734375,1823.1427001953125,96.32098388671875,129.03543090820312,20250225-155233
3935,18446744073709551615,0,0.8056640625,682.3731689453125,1442.6488037109375,80.79537963867188,90.0087890625,20250225-155233
3935,18446744073709551615,0,0.83349609375,788.205322265625,1774.281982421875,145.149169921875,283.9065856933594,20250225-155233
3935,18446744073709551615,0,0.87548828125,565.8872680664062,1522.6336669921875,334.2821044921875,352.36102294921875,20250225-155233
3935,18446744073709551615,0,0.89306640625,511.86492919921875,1.0253448486328125,385.5973205566406,557.18359375,20250225-155233
3935,18446744073709551615,0,0.9052734375,44.137481689453125,316.29931640625,1264.1171875,1022.970703125,20250225-155233
3936,18446744073709551615,0,0.276611328125,699.3199462890625,1755.2391357421875,55.2769775390625,55.39031982421875,20250225-155233
3936,18446744073709551615,0,0.307373046875,616.571044921875,179.68511962890625,142.40916442871094,279.59326171875,20250225-155233
3936,18446744073709551615,0,0.5537109375,645.1783447265625,294.13580322265625,139.29002380371094,179.42990112304688,20250225-155233
3936,18446744073709551615,0,0.6103515625,625.5633544921875,1271.7557373046875,187.10833740234375,180.00009155273438,20250225-155233
3936,18446744073709551615,0,0.69677734375,694.9390869140625,1822.1004638671875,97.3670654296875,129.89474487304688,20250225-155233
3936,18446744073709551615,0,0.755859375,631.06494140625,465.4272766113281,232.97982788085938,189.52743530273438,20250225-155233
3936,18446744073709551615,0,0.7939453125,681.32470703125,1443.5262451171875,79.7508544921875,90.544189453125,20250225-155233
3936,18446744073709551615,0,0.8349609375,788.1051635742188,1774.7501220703125,144.78533935546875,284.48199462890625,20250225-155233
3936,18446744073709551615,0,0.85595703125,514.8206176757812,1.43133544921875,386.4886474609375,554.45849609375,20250225-155233
3936,18446744073709551615,0,0.88427734375,565.90283203125,1521.7423095703125,334.55419921875,347.5172424316406,20250225-155233
3936,18446744073709551615,0,0.9130859375,42.32139587402344,318.08294677734375,1261.689453125,1024.9302978515625,20250225-155233
3937,18446744073709551615,0,0.27587890625,699.7490844726562,1753.1513671875,60.17010498046875,58.114288330078125,20250225-155233
3937,18446744073709551615,0,0.5009765625,642.7459716796875,297.201904296875,135.3676300048828,176.94891357421875,20250225-155233
3937,18446744073709551615,0,0.5068359375,625.2784423828125,1272.151611328125,187.46914672851562,180.48916625976562,20250225-155233
3937,18446744073709551615,0,0.64599609375,609.1373291015625,153.9711456298828,167.88619995117188,289.01129150390625,20250225-155233
3937,18446744073709551615,0,0.71923828125,694.8018798828125,1821.08349609375,98.2862548828125,126.66448974609375,20250225-155233
3937,18446744073709551615,0,0.72119140625,629.6456909179688,469.6802673339844,230.96534729003906,189.22586059570312,20250225-155233
3937,18446744073709551615,0,0.76904296875,680.9661254882812,1443.208251953125,79.17929077148438,90.95736694335938,20250225-155233
3937,18446744073709551615,0,0.8154296875,790.5888061523438,1774.0228271484375,144.96990966796875,283.60107421875,20250225-155233
3937,18446744073709551615,0,0.88232421875,566.3033447265625,1520.28662109375,337.844970703125,347.34210205078125,20250225-155233
3937,18446744073709551615,0,0.88623046875,521.2218017578125,1.048828125,387.712646484375,548.3896484375,20250225-155233
3937,18446744073709551615,0,0.9111328125,44.32237243652344,315.588134765625,1263.60400390625,1023.095947265625,20250225-155233
3938,18446744073709551615,0,0.294189453125,698.2329711914062,1752.4947509765625,52.62506103515625,49.836639404296875,20250225-155233
3938,18446744073709551615,0,0.57568359375,625.6181640625,1270.061279296875,189.49026489257812,188.783203125,20250225-155233
3938,18446744073709551615,0,0.61865234375,642.279541015625,294.9715576171875,134.53079223632812,126.8843994140625,20250225-155233
3938,18446744073709551615,0,0.70068359375,694.6624755859375,1820.99072265625,98.4715576171875,125.02642822265625,20250225-155233
3938,18446744073709551615,0,0.7626953125,606.4141845703125,148.2921142578125,171.3527069091797,292.8485412597656,20250225-155233
3938,18446744073709551615,0,0.7841796875,629.6358642578125,469.9313049316406,232.45321655273438,192.274658203125,20250225-155233
3938,18446744073709551615,0,0.78515625,679.7962646484375,1446.008056640625,77.13015747070312,91.65115356445312,20250225-155233
3938,18446744073709551615,0,0.82275390625,791.3267211914062,1773.8184814453125,145.1748046875,282.2568054199219,20250225-155233
3938,18446744073709551615,0,0.87890625,564.5432739257812,1520.97314453125,337.33062744140625,346.3821716308594,20250225-155233
3938,18446744073709551615,0,0.9013671875,522.3724365234375,1.2637481689453125,386.52288818359375,547.1932373046875,20250225-155233
3938,18446744073709551615,0,0.91064453125,42.9561767578125,317.8641357421875,1262.104248046875,1024.6109619140625,20250225-155233
3939,18446744073709551615,0,0.3857421875,698.3138427734375,1750.1318359375,63.9444580078125,63.9169921875,20250225-155233
3939,18446744073709551615,0,0.609375,626.253662109375,1270.466064453125,188.46267700195312,182.65072631835938,20250225-155233
3939,18446744073709551615,0,0.66552734375,694.576171875,1820.2979736328125,99.169189453125,126.65359497070312,20250225-155233
3939,18446744073709551615,0,0.6875,641.3062133789062,293.54241943359375,136.61952209472656,127.45504760742188,20250225-155233
3939,18446744073709551615,0,0.7685546875,679.9982299804688,1445.9853515625,74.89581298828125,91.83041381835938,20250225-155233
3939,18446744073709551615,0,0.7880859375,630.8382568359375,473.8216552734375,227.47837829589844,186.3629150390625,20250225-155233
3939,18446744073709551615,0,0.80517578125,608.6837768554688,152.2745361328125,167.8172607421875,291.4332275390625,20250225-155233
3939,18446744073709551615,0,0.830078125,789.3847045898438,1774.2191162109375,144.6807861328125,284.0759582519531,20250225-155233
3939,18446744073709551615,0,0.8828125,564.3837890625,1518.5975341796875,335.3050231933594,346.0022277832031,20250225-155233
3939,18446744073709551615,0,0.9111328125,49.0301513671875,316.527099609375,1268.705322265625,1018.67138671875,20250225-155233
3939,18446744073709551615,0,0.9150390625,522.7941284179688,1.0657196044921875,383.1248779296875,546.9061279296875,20250225-155233
3940,18446744073709551615,0,0.30078125,698.2695922851562,1749.8232421875,62.73870849609375,64.1510009765625,20250225-155233
3940,18446744073709551615,0,0.46875,625.9813842773438,1269.400146484375,190.3143310546875,178.38711547851562,20250225-155233
3940,18446744073709551615,0,0.5341796875,641.1392211914062,293.0234375,134.81373596191406,126.06564331054688,20250225-155233
3940,18446744073709551615,0,0.69189453125,694.8956909179688,1817.2884521484375,102.26861572265625,126.04275512695312,20250225-155233
3940,18446744073709551615,0,0.74853515625,681.5491333007812,1442.8916015625,76.08901977539062,89.11285400390625,20250225-155233
3940,18446744073709551615,0,0.7529296875,606.9182739257812,143.41104125976562,176.38751220703125,288.4544677734375,20250225-155233
3940,18446744073709551615,0,0.7822265625,632.0154418945312,470.9761962890625,228.31439208984375,190.41119384765625,20250225-155233
3940,18446744073709551615,0,0.81591796875,789.5747680664062,1773.983642578125,145.0111083984375,284.0856628417969,20250225-155233
3940,18446744073709551615,0,0.8740234375,565.9449462890625,1516.5384521484375,330.8470458984375,343.2307434082031,20250225-155233
3940,18446744073709551615,0,0.9091796875,44.65223693847656,314.61578369140625,1267.8372802734375,1022.8128662109375,20250225-155233
3940,18446744073709551615,0,0.912109375,519.56103515625,1.2479896545410156,381.9500427246094,550.2581176757812,20250225-155233
3941,18446744073709551615,0,0.4619140625,697.2982177734375,1746.6060791015625,66.234375,70.15310668945312,20250225-155233
3941,18446744073709551615,0,0.4755859375,642.05126953125,294.99200439453125,128.8684844970703,121.19686889648438,20250225-155233
3941,18446744073709551615,0,0.66796875,626.36572265625,1271.40234375,187.79598999023438,181.94915771484375,20250225-155233
3941,18446744073709551615,0,0.67919921875,694.6072998046875,1816.2454833984375,103.12298583984375,125.50149536132812,20250225-155233
3941,18446744073709551615,0,0.7431640625,608.2157592773438,142.62451171875,176.8821258544922,284.9779357910156,20250225-155233
3941,18446744073709551615,0,0.7705078125,681.179443359375,1444.4088134765625,75.73434448242188,90.11874389648438,20250225-155233
3941,18446744073709551615,0,0.8056640625,632.480712890625,473.2925720214844,227.0507354736328,189.86141967773438,20250225-155233
3941,18446744073709551615,0,0.82958984375,787.490478515625,1774.7222900390625,144.804931640625,285.1663513183594,20250225-155233
3941,18446744073709551615,0,0.86328125,566.4867553710938,1517.3258056640625,334.9324951171875,344.56695556640625,20250225-155233
3941,18446744073709551615,0,0.90478515625,514.0731811523438,1.2161979675292969,382.9098815917969,555.9190063476562,20250225-155233
3941,18446744073709551615,0,0.9091796875,56.170166015625,313.58074951171875,1270.710205078125,1012.716064453125,20250225-155233
3942,18446744073709551615,0,0.384033203125,696.9193725585938,1742.8582763671875,70.82171630859375,72.3079833984375,20250225-155233
3942,18446744073709551615,0,0.57568359375,600.3290405273438,143.37281799316406,177.47483825683594,291.6101989746094,20250225-155233
3942,18446744073709551615,0,0.6279296875,626.5118408203125,1270.898681640625,188.85067749023438,176.37744140625,20250225-155233
3942,18446744073709551615,0,0.69287109375,694.7634887695312,1815.697021484375,103.2938232421875,123.66384887695312,20250225-155233
3942,18446744073709551615,0,0.705078125,630.2691650390625,481.0794982910156,216.60452270507812,187.869873046875,20250225-155233
3942,18446744073709551615,0,0.74853515625,640.606201171875,291.9320068359375,130.05661010742188,124.72686767578125,20250225-155233
3942,18446744073709551615,0,0.7822265625,680.2955932617188,1445.52587890625,73.15292358398438,90.86764526367188,20250225-155233
3942,18446744073709551615,0,0.83056640625,786.3272705078125,1773.9957275390625,144.9979248046875,287.31683349609375,20250225-155233
3942,18446744073709551615,0,0.841796875,565.2264404296875,1516.016845703125,333.42425537109375,346.5021057128906,20250225-155233
3942,18446744073709551615,0,0.90380859375,511.78070068359375,1.41009521484375,382.73016357421875,557.6807861328125,20250225-155233
3942,18446744073709551615,0,0.91064453125,44.80938720703125,314.4049072265625,1271.1434326171875,1022.7310180664062,20250225-155233
3943,18446744073709551615,0,0.43505859375,592.3084716796875,136.79270935058594,183.23902893066406,302.23443603515625,20250225-155234
3943,18446744073709551615,0,0.4873046875,696.895263671875,1742.1181640625,68.07293701171875,71.852783203125,20250225-155234
3943,18446744073709551615,0,0.6396484375,624.7509155273438,1268.7686767578125,190.11199951171875,172.82546997070312,20250225-155234
3943,18446744073709551615,0,0.66455078125,640.6078491210938,291.4930114746094,131.04061889648438,125.67434692382812,20250225-155234
3943,18446744073709551615,0,0.6943359375,694.5668334960938,1813.8892822265625,104.82293701171875,125.85012817382812,20250225-155234
3943,18446744073709551615,0,0.705078125,629.1091918945312,543.4688720703125,157.29721069335938,130.39599609375,20250225-155234
3943,18446744073709551615,0,0.76953125,679.746826171875,1443.2677001953125,74.88143920898438,90.58822631835938,20250225-155234
3943,18446744073709551615,0,0.83056640625,784.2874145507812,1773.968994140625,144.83642578125,289.1978759765625,20250225-155234
3943,18446744073709551615,0,0.87060546875,567.6132202148438,1513.19189453125,335.0064697265625,344.7378845214844,20250225-155234
3943,18446744073709551615,0,0.90771484375,510.875244140625,1.8361701965332031,381.4200439453125,558.2999267578125,20250225-155234
3943,18446744073709551615,0,0.91357421875,49.56065368652344,316.71343994140625,1265.3529052734375,1018.2410888671875,20250225-155234
3944,18446744073709551615,0,0.55908203125,598.547607421875,145.6046142578125,175.01292419433594,295.7524108886719,20250225-155234
3944,18446744073709551615,0,0.56298828125,696.9754028320312,1741.50732421875,68.983154296875,74.63168334960938,20250225-155234
3944,18446744073709551615,0,0.60302734375,625.6884155273438,1269.2608642578125,190.19622802734375,177.31759643554688,20250225-155234
3944,18446744073709551615,0,0.642578125,639.7738037109375,290.31793212890625,130.33328247070312,126.29754638671875,20250225-155234
3944,18446744073709551615,0,0.72314453125,694.5838623046875,1814.64453125,103.59521484375,125.02981567382812,20250225-155234
3944,18446744073709551615,0,0.73876953125,629.077880859375,540.1185302734375,161.0951385498047,130.82601928710938,20250225-155234
3944,18446744073709551615,0,0.7646484375,679.9118041992188,1441.2059326171875,75.44357299804688,91.13809204101562,20250225-155234
3944,18446744073709551615,0,0.81982421875,784.5620727539062,1773.8272705078125,145.07647705078125,289.3618469238281,20250225-155234
3944,18446744073709551615,0,0.87841796875,567.3160400390625,1513.734130859375,335.03961181640625,346.99932861328125,20250225-155234
3944,18446744073709551615,0,0.89697265625,507.60186767578125,1.636138916015625,385.2710266113281,560.962646484375,20250225-155234
3944,18446744073709551615,0,0.91259765625,53.218231201171875,316.53973388671875,1264.280029296875,1014.6315307617188,20250225-155234
3945,18446744073709551615,0,0.5234375,598.6803588867188,148.76393127441406,171.6840057373047,300.35284423828125,20250225-155234
3945,18446744073709551615,0,0.5849609375,624.9935302734375,1269.47265625,188.23452758789062,173.05059814453125,20250225-155234
3945,18446744073709551615,0,0.61865234375,696.92138671875,1743.377197265625,64.13067626953125,74.07815551757812,20250225-155234
3945,18446744073709551615,0,0.6591796875,630.986572265625,542.7192993164062,156.76478576660156,132.14053344726562,20250225-155234
3945,18446744073709551615,0,0.67333984375,679.9185791015625,1440.407470703125,76.75479125976562,89.92153930664062,20250225-155234
3945,18446744073709551615,0,0.71044921875,694.4089965820312,1812.4163818359375,106.1114501953125,127.75167846679688,20250225-155234
3945,18446744073709551615,0,0.775390625,640.4089965820312,290.54656982421875,126.45693969726562,125.49114990234375,20250225-155234
3945,18446744073709551615,0,0.82958984375,784.5291137695312,1774.0609130859375,144.92962646484375,289.2203063964844,20250225-155234
3945,18446744073709551615,0,0.87939453125,570.9005126953125,1513.668701171875,335.91412353515625,344.6408386230469,20250225-155234
3945,18446744073709551615,0,0.89501953125,508.0374755859375,0.848236083984375,378.21160888671875,562.0709228515625,20250225-155234
3945,18446744073709551615,0,0.91259765625,52.29931640625,316.48809814453125,1265.0438232421875,1015.2951049804688,20250225-155234
3946,18446744073709551615,0,0.5458984375,630.857177734375,484.3407897949219,213.64022827148438,173.5081787109375,20250225-155234
3946,18446744073709551615,0,0.61328125,624.9224853515625,1269.4163818359375,187.5465087890625,175.43582153320312,20250225-155234
3946,18446744073709551615,0,0.61328125,696.641357421875,1742.8714599609375,64.7091064453125,73.46649169921875,20250225-155234
3946,18446744073709551615,0,0.6611328125,639.3338012695312,290.06640625,126.19912719726562,126.03103637695312,20250225-155234
3946,18446744073709551615,0,0.7041015625,680.8756713867188,1441.505615234375,75.4493408203125,88.86941528320312,20250225-155234
3946,18446744073709551615,0,0.71240234375,694.6221313476562,1813.3428955078125,105.93402099609375,126.58099365234375,20250225-155234
3946,18446744073709551615,0,0.7255859375,609.3927612304688,148.35986328125,171.3818817138672,291.7196960449219,20250225-155234
3946,18446744073709551615,0,0.82568359375,785.386962890625,1773.7811279296875,145.11492919921875,288.44476318359375,20250225-155234
3946,18446744073709551615,0,0.87255859375,573.1975708007812,1513.39697265625,336.7657470703125,342.50958251953125,20250225-155234
3946,18446744073709551615,0,0.90673828125,504.74139404296875,1.2289352416992188,374.626220703125,564.7896728515625,20250225-155234
3946,18446744073709551615,0,0.9111328125,49.220123291015625,313.77337646484375,1268.1611328125,1018.4639282226562,20250225-155234
3947,18446744073709551615,0,0.57275390625,630.922119140625,542.447021484375,156.005859375,131.60009765625,20250225-155234
3947,18446744073709551615,0,0.59814453125,697.0386962890625,1741.15576171875,66.61322021484375,71.9505615234375,20250225-155234
3947,18446744073709551615,0,0.62890625,625.2843017578125,1270.2447509765625,188.20504760742188,172.4146728515625,20250225-155234
3947,18446744073709551615,0,0.6943359375,694.6239624023438,1812.39697265625,106.60198974609375,126.40750122070312,20250225-155234
3947,18446744073709551615,0,0.732421875,680.1256713867188,1443.772705078125,73.99868774414062,89.34201049804688,20250225-155234
3947,18446744073709551615,0,0.7392578125,607.552734375,147.47189331054688,172.72654724121094,294.01702880859375,20250225-155234
3947,18446744073709551615,0,0.7529296875,638.8617553710938,290.2421875,124.3472900390625,126.60662841796875,20250225-155234
3947,18446744073709551615,0,0.81982421875,786.4110107421875,1773.3424072265625,145.64923095703125,287.328369140625,20250225-155234
3947,18446744073709551615,0,0.876953125,574.3269653320312,1514.375732421875,338.7088623046875,338.5276794433594,20250225-155234
3947,18446744073709551615,0,0.91455078125,46.21197509765625,314.640380859375,1267.54345703125,1021.3910522460938,20250225-155234
3947,18446744073709551615,0,0.9189453125,504.83935546875,1.0609817504882812,369.999267578125,564.644287109375,20250225-155234
3948,18446744073709551615,0,0.57080078125,624.5484619140625,1270.927490234375,187.68017578125,171.3226318359375,20250225-155234
3948,18446744073709551615,0,0.595703125,696.6549682617188,1744.645751953125,63.21295166015625,72.75411987304688,20250225-155234
3948,18446744073709551615,0,0.62890625,629.7041015625,495.6801452636719,203.47677612304688,169.34811401367188,20250225-155234
3948,18446744073709551615,0,0.7080078125,694.5715942382812,1813.5849609375,104.84637451171875,125.92227172851562,20250225-155234
3948,18446744073709551615,0,0.716796875,638.392822265625,289.3642272949219,126.96171569824219,127.42987060546875,20250225-155234
3948,18446744073709551615,0,0.728515625,679.1006469726562,1442.49853515625,75.37802124023438,91.51400756835938,20250225-155234
3948,18446744073709551615,0,0.76123046875,606.3707885742188,147.99810791015625,172.0126190185547,294.0074157714844,20250225-155234
3948,18446744073709551615,0,0.81982421875,786.103271484375,1773.6240234375,145.9105224609375,286.0199890136719,20250225-155234
3948,18446744073709551615,0,0.87060546875,574.3855590820312,1514.5191650390625,333.068115234375,337.2032775878906,20250225-155234
3948,18446744073709551615,0,0.91357421875,47.958251953125,314.44427490234375,1266.88818359375,1019.8736572265625,20250225-155234
3948,18446744073709551615,0,0.916015625,503.1795959472656,1.0605697631835938,371.900634765625,565.8619995117188,20250225-155234
3949,18446744073709551615,0,0.57080078125,696.4429321289062,1741.681396484375,68.781005859375,72.98876953125,20250225-155234
3949,18446744073709551615,0,0.5927734375,624.817626953125,1270.661865234375,187.52426147460938,173.20147705078125,20250225-155234
3949,18446744073709551615,0,0.662109375,637.0816040039062,292.0910339355469,124.39842224121094,129.16571044921875,20250225-155234
3949,18446744073709551615,0,0.69287109375,629.6749877929688,543.7633056640625,156.48504638671875,130.698486328125,20250225-155234
3949,18446744073709551615,0,0.708984375,678.9841918945312,1442.77001953125,75.52761840820312,91.639892578125,20250225-155234
3949,18446744073709551615,0,0.7373046875,694.2284545898438,1814.21728515625,104.425048828125,118.590087890625,20250225-155234
3949,18446744073709551615,0,0.7548828125,609.0617065429688,150.0250701904297,170.38890075683594,293.66473388671875,20250225-155234
3949,18446744073709551615,0,0.81982421875,789.3409423828125,1773.74560546875,145.64227294921875,281.36920166015625,20250225-155234
3949,18446744073709551615,0,0.83154296875,575.0941162109375,1513.983642578125,355.01788330078125,329.43988037109375,20250225-155234
3949,18446744073709551615,0,0.9091796875,54.356689453125,310.24786376953125,1270.1502685546875,1014.5943603515625,20250225-155234
3949,18446744073709551615,0,0.92041015625,501.93511962890625,1.054229736328125,370.03033447265625,566.8441772460938,20250225-155234
3950,18446744073709551615,0,0.51953125,696.8604125976562,1742.040283203125,66.482666015625,68.60971069335938,20250225-155234
3950,18446744073709551615,0,0.56005859375,624.6884765625,1272.349853515625,183.92202758789062,170.39501953125,20250225-155234
3950,18446744073709551615,0,0.6396484375,637.1925659179688,290.4577331542969,126.79934692382812,128.50396728515625,20250225-155234
3950,18446744073709551615,0,0.642578125,679.6719360351562,1441.809326171875,76.890380859375,92.22683715820312,20250225-155234
3950,18446744073709551615,0,0.6689453125,629.4219360351562,540.2084350585938,159.5555419921875,127.44268798828125,20250225-155234
3950,18446744073709551615,0,0.693359375,607.669921875,149.46743774414062,170.8934783935547,294.5408935546875,20250225-155234
3950,18446744073709551615,0,0.72119140625,694.0698852539062,1812.57861328125,105.24627685546875,121.281005859375,20250225-155234
3950,18446744073709551615,0,0.75341796875,575.7888793945312,1515.0845947265625,362.08154296875,323.26171875,20250225-155234
3950,18446744073709551615,0,0.8193359375,786.0756225585938,1774.17626953125,145.20721435546875,285.01190185546875,20250225-155234
3950,18446744073709551615,0,0.91259765625,44.142242431640625,312.61065673828125,1268.685302734375,1023.4837646484375,20250225-155234
3950,18446744073709551615,0,0.91943359375,501.5299072265625,1.06878662109375,370.778076171875,567.5894775390625,20250225-155234
3951,18446744073709551615,0,0.3603515625,694.6053466796875,1741.3341064453125,133.1839599609375,209.38531494140625,20250225-155234
3951,18446744073709551615,0,0.443603515625,696.7560424804688,1743.5386962890625,62.61785888671875,70.56472778320312,20250225-155234
3951,18446744073709551615,0,0.57080078125,680.0425415039062,1432.0411376953125,88.625244140625,98.76361083984375,20250225-155234
3951,18446744073709551615,0,0.57861328125,624.9548950195312,1272.194580078125,180.6156005859375,168.60800170898438,20250225-155234
3951,18446744073709551615,0,0.60302734375,577.547607421875,1516.7669677734375,360.274658203125,321.1789855957031,20250225-155234
3951,18446744073709551615,0,0.625,607.23193359375,148.21328735351562,172.0853271484375,293.5172424316406,20250225-155234
3951,18446744073709551615,0,0.65771484375,630.898681640625,536.2933349609375,164.46157836914062,132.40164184570312,20250225-155234
3951,18446744073709551615,0,0.6748046875,637.1672973632812,292.50872802734375,125.31770324707031,128.38430786132812,20250225-155234
3951,18446744073709551615,0,0.7216796875,694.380615234375,1820.448486328125,96.37646484375,120.78176879882812,20250225-155234
3951,18446744073709551615,0,0.818359375,788.0934448242188,1773.1337890625,146.323974609375,283.6864929199219,20250225-155234
3951,18446744073709551615,0,0.90966796875,53.43145751953125,311.36572265625,1273.224853515625,1015.5016479492188,20250225-155234
3951,18446744073709551615,0,0.91796875,502.00946044921875,1.0596084594726562,369.80743408203125,566.9503784179688,20250225-155234
3952,18446744073709551615,0,0.2100830078125,653.8507080078125,1380.99072265625,69.61550903320312,128.9197998046875,20250225-155234
3952,18446744073709551615,0,0.445556640625,625.7115478515625,1272.0545654296875,183.37710571289062,175.3165283203125,20250225-155234
3952,18446744073709551615,0,0.544921875,579.4921875,1516.104736328125,321.09613037109375,342.8425598144531,20250225-155234
3952,18446744073709551615,0,0.56689453125,679.8447875976562,1435.296630859375,85.44451904296875,96.132568359375,20250225-155234
3952,18446744073709551615,0,0.60205078125,630.3870849609375,482.85406494140625,216.80548095703125,181.31387329101562,20250225-155234
3952,18446744073709551615,0,0.6494140625,696.8887939453125,1737.543701171875,135.2764892578125,138.42526245117188,20250225-155234
3952,18446744073709551615,0,0.68994140625,610.8447875976562,151.00424194335938,168.30711364746094,290.1023254394531,20250225-155234
3952,18446744073709551615,0,0.7216796875,693.863525390625,1825.0491943359375,92.66766357421875,122.99029541015625,20250225-155234
3952,18446744073709551615,0,0.72509765625,638.3818359375,289.018310546875,127.82991027832031,127.31277465820312,20250225-155234
3952,18446744073709551615,0,0.818359375,786.4758911132812,1771.33544921875,148.112548828125,285.74871826171875,20250225-155234
3952,18446744073709551615,0,0.90966796875,50.86573791503906,315.031494140625,1268.7513427734375,1016.86962890625,20250225-155234
3952,18446744073709551615,0,0.91943359375,502.87701416015625,0.8581466674804688,370.029296875,565.942138671875,20250225-155234
3953,18446744073709551615,0,0.57177734375,625.0424194335938,1272.3212890625,181.84185791015625,170.27105712890625,20250225-155234
3953,18446744073709551615,0,0.60302734375,698.8060913085938,1730.13134765625,144.58465576171875,203.8026123046875,20250225-155234
3953,18446744073709551615,0,0.60498046875,680.5431518554688,1437.80224609375,81.99005126953125,97.27908325195312,20250225-155234
3953,18446744073709551615,0,0.63525390625,612.674560546875,150.85037231445312,168.70773315429688,288.56927490234375,20250225-155234
3953,18446744073709551615,0,0.6435546875,580.4686889648438,1516.08447265625,361.89990234375,334.2589416503906,20250225-155234
3953,18446744073709551615,0,0.65478515625,630.87890625,545.52490234375,155.14842224121094,130.22808837890625,20250225-155234
3953,18446744073709551615,0,0.71875,693.7254638671875,1826.1478271484375,91.75616455078125,123.49502563476562,20250225-155234
3953,18446744073709551615,0,0.74755859375,637.6282958984375,288.28363037109375,127.79896545410156,127.75396728515625,20250225-155234
3953,18446744073709551615,0,0.80517578125,786.2968139648438,1771.3524169921875,148.01934814453125,286.1692199707031,20250225-155234
3953,18446744073709551615,0,0.91064453125,44.30950927734375,315.46820068359375,1268.118408203125,1023.6901245117188,20250225-155234
3953,18446744073709551615,0,0.9208984375,502.50274658203125,0.8561325073242188,371.10491943359375,566.619384765625,20250225-155234
3954,18446744073709551615,0,0.45703125,699.3630981445312,1721.7073974609375,150.83587646484375,203.66720581054688,20250225-155234
3954,18446744073709551615,0,0.56884765625,624.7503662109375,1271.731689453125,186.1812744140625,173.39859008789062,20250225-155234
3954,18446744073709551615,0,0.62451171875,629.3362426757812,496.84405517578125,203.5375213623047,172.89596557617188,20250225-155234
3954,18446744073709551615,0,0.642578125,581.3212280273438,1515.63134765625,358.26123046875,329.4649658203125,20250225-155234
3954,18446744073709551615,0,0.68701171875,692.876220703125,1827.1636962890625,89.37890625,124.94192504882812,20250225-155234
3954,18446744073709551615,0,0.6884765625,680.8665771484375,1440.129150390625,78.75979614257812,90.4742431640625,20250225-155234
3954,18446744073709551615,0,0.708984375,611.0095825195312,150.27056884765625,169.1377410888672,290.5828857421875,20250225-155234
3954,18446744073709551615,0,0.736328125,638.19384765625,287.9117431640625,128.49234008789062,127.710205078125,20250225-155234
3954,18446744073709551615,0,0.806640625,784.0052490234375,1770.373291015625,148.99365234375,287.4670715332031,20250225-155234
3954,18446744073709551615,0,0.90771484375,41.16911315917969,313.472900390625,1268.1837158203125,1026.7781982421875,20250225-155234
3954,18446744073709551615,0,0.92236328125,501.65313720703125,1.062652587890625,371.6996154785156,566.6990966796875,20250225-155234
3955,18446744073709551615,0,0.2088623046875,683.251708984375,1893.8433837890625,25.61480712890625,90.8594970703125,20250225-155234
3955,18446744073709551615,0,0.2127685546875,697.7140502929688,1743.72412109375,60.9517822265625,40.4058837890625,20250225-155234
3955,18446744073709551615,0,0.247314453125,655.6937255859375,1380.129150390625,69.4720458984375,128.8729248046875,20250225-155234
3955,18446744073709551615,0,0.4921875,626.3394775390625,1271.74853515625,183.68911743164062,171.07232666015625,20250225-155234
3955,18446744073709551615,0,0.55712890625,680.40966796875,1438.0888671875,80.952392578125,93.12423706054688,20250225-155234
3955,18446744073709551615,0,0.60400390625,692.965087890625,1828.5098876953125,88.2755126953125,126.1512451171875,20250225-155234
3955,18446744073709551615,0,0.72412109375,629.5728149414062,497.2689208984375,202.22598266601562,169.33987426757812,20250225-155234
3955,18446744073709551615,0,0.728515625,609.3074951171875,150.30958557128906,169.56179809570312,293.32452392578125,20250225-155234
3955,18446744073709551615,0,0.7568359375,638.56787109375,288.285400390625,127.58125305175781,127.2535400390625,20250225-155234
3955,18446744073709551615,0,0.818359375,783.4304809570312,1771.332275390625,148.1392822265625,288.8110656738281,20250225-155234
3955,18446744073709551615,0,0.85546875,583.1781005859375,1515.7869873046875,352.1773681640625,319.414306640625,20250225-155234
3955,18446744073709551615,0,0.908203125,45.50679016113281,313.4827880859375,1269.993408203125,1022.2701416015625,20250225-155234
3955,18446744073709551615,0,0.9248046875,500.88299560546875,1.0535202026367188,369.4879150390625,567.2569580078125,20250225-155234
3956,18446744073709551615,0,0.2386474609375,682.3896484375,1895.134521484375,24.306884765625,92.12677001953125,20250225-155234
3956,18446744073709551615,0,0.2451171875,654.1547241210938,1379.146728515625,71.30667114257812,130.32650756835938,20250225-155234
3956,18446744073709551615,0,0.289306640625,697.7900390625,1747.833251953125,56.302734375,39.250213623046875,20250225-155234
3956,18446744073709551615,0,0.451416015625,626.1976318359375,1271.4085693359375,183.28353881835938,171.6148681640625,20250225-155234
3956,18446744073709551615,0,0.56396484375,679.048583984375,1434.220703125,87.02206420898438,96.3416748046875,20250225-155234
3956,18446744073709551615,0,0.66015625,609.5599365234375,148.91256713867188,171.4957733154297,294.8525390625,20250225-155234
3956,18446744073709551615,0,0.6611328125,693.1063232421875,1828.0023193359375,87.350830078125,125.19744873046875,20250225-155234
3956,18446744073709551615,0,0.68359375,629.75390625,490.4685974121094,207.8279571533203,175.200439453125,20250225-155234
3956,18446744073709551615,0,0.7255859375,638.204345703125,287.71014404296875,127.94064331054688,127.76275634765625,20250225-155234
3956,18446744073709551615,0,0.80419921875,784.4181518554688,1771.5010986328125,147.96533203125,287.8030700683594,20250225-155234
3956,18446744073709551615,0,0.810546875,583.8638305664062,1516.5,349.7911376953125,319.6083984375,20250225-155234
3956,18446744073709551615,0,0.9072265625,45.002288818359375,316.2037353515625,1267.6109619140625,1022.9155883789062,20250225-155234
3956,18446744073709551615,0,0.9228515625,501.0645446777344,1.0770263671875,369.72393798828125,566.8698120117188,20250225-155234
3957,18446744073709551615,0,0.2193603515625,682.310302734375,1897.35888671875,22.0836181640625,92.94900512695312,20250225-155234
3957,18446744073709551615,0,0.235107421875,698.0386962890625,1748.3499755859375,56.021484375,38.03411865234375,20250225-155234
3957,18446744073709551615,0,0.4990234375,624.7635498046875,1270.6119384765625,185.819091796875,171.40365600585938,20250225-155234
3957,18446744073709551615,0,0.62255859375,680.8771362304688,1440.2852783203125,78.92166137695312,91.77227783203125,20250225-155234
3957,18446744073709551615,0,0.65380859375,629.6551513671875,480.9440002441406,216.9368133544922,176.52081298828125,20250225-155234
3957,18446744073709551615,0,0.6953125,694.2504272460938,1830.4083251953125,84.78973388671875,123.15106201171875,20250225-155234
3957,18446744073709551615,0,0.712890625,638.21240234375,289.22674560546875,128.03636169433594,127.38043212890625,20250225-155234
3957,18446744073709551615,0,0.75927734375,611.9908447265625,151.35647583007812,168.20216369628906,290.41644287109375,20250225-155234
3957,18446744073709551615,0,0.8115234375,783.3693237304688,1772.397216796875,146.8853759765625,288.7255554199219,20250225-155234
3957,18446744073709551615,0,0.82763671875,584.2454223632812,1516.30615234375,350.4375915527344,322.21746826171875,20250225-155234
3957,18446744073709551615,0,0.90576171875,43.13140869140625,315.354736328125,1268.364990234375,1024.8240966796875,20250225-155234
3957,18446744073709551615,0,0.92529296875,500.432373046875,1.2458724975585938,370.6880798339844,567.7673950195312,20250225-155234
3958,18446744073709551615,0,0.2147216796875,697.8242797851562,1755.034912109375,48.4544677734375,36.373260498046875,20250225-155234
3958,18446744073709551615,0,0.2274169921875,680.9586181640625,1893.2911376953125,26.103515625,94.79086303710938,20250225-155234
3958,18446744073709551615,0,0.5830078125,624.7225341796875,1270.8018798828125,185.3975830078125,169.56536865234375,20250225-155234
3958,18446744073709551615,0,0.61767578125,680.3585815429688,1439.040283203125,80.0789794921875,92.83383178710938,20250225-155234
3958,18446744073709551615,0,0.6279296875,629.9300537109375,478.3537902832031,221.4598846435547,177.5050048828125,20250225-155234
3958,18446744073709551615,0,0.70654296875,693.0966796875,1831.40380859375,80.4364013671875,124.95849609375,20250225-155234
3958,18446744073709551615,0,0.7431640625,614.3662719726562,150.64862060546875,169.91249084472656,289.7617492675781,20250225-155234
3958,18446744073709551615,0,0.7578125,638.4761352539062,288.5582275390625,130.36138916015625,127.01577758789062,20250225-155234
3958,18446744073709551615,0,0.818359375,783.7285766601562,1771.631103515625,147.73846435546875,288.3899230957031,20250225-155234
3958,18446744073709551615,0,0.83349609375,586.4833374023438,1516.8173828125,345.1260681152344,321.9721984863281,20250225-155234
3958,18446744073709551615,0,0.91259765625,53.465057373046875,314.0284423828125,1267.2645263671875,1015.7728271484375,20250225-155234
3958,18446744073709551615,0,0.9267578125,499.34344482421875,1.059356689453125,370.94525146484375,569.3316650390625,20250225-155234
3959,18446744073709551615,0,0.61962890625,625.9775390625,1271.998046875,183.89126586914062,170.71234130859375,20250225-155234
3959,18446744073709551615,0,0.64697265625,680.72607421875,1440.708251953125,78.68453979492188,92.82366943359375,20250225-155234
3959,18446744073709551615,0,0.6611328125,630.0078735351562,476.02752685546875,223.85302734375,187.23220825195312,20250225-155234
3959,18446744073709551615,0,0.7041015625,611.251953125,149.40560913085938,171.12513732910156,291.91351318359375,20250225-155234
3959,18446744073709551615,0,0.728515625,639.3253784179688,288.74176025390625,129.7415771484375,125.69613647460938,20250225-155234
3959,18446744073709551615,0,0.75048828125,694.1607666015625,1833.8642578125,83.66546630859375,124.4937744140625,20250225-155234
3959,18446744073709551615,0,0.810546875,784.2599487304688,1770.8660888671875,147.951416015625,288.556640625,20250225-155234
3959,18446744073709551615,0,0.82421875,587.140869140625,1517.359375,348.0564880371094,322.6848449707031,20250225-155234
3959,18446744073709551615,0,0.9091796875,53.237274169921875,312.28192138671875,1272.4013671875,1016.0068359375,20250225-155234
3959,18446744073709551615,0,0.92236328125,499.61370849609375,1.0619430541992188,370.80853271484375,568.6217651367188,20250225-155234
3960,18446744073709551615,0,0.2108154296875,697.9824829101562,1759.685791015625,42.01171875,30.853546142578125,20250225-155234
3960,18446744073709551615,0,0.2254638671875,681.1569213867188,1895.2093505859375,24.22906494140625,93.37820434570312,20250225-155234
3960,18446744073709551615,0,0.57275390625,626.3675537109375,1272.2099609375,182.35235595703125,168.52926635742188,20250225-155234
3960,18446744073709551615,0,0.5888671875,680.539306640625,1438.01806640625,81.7833251953125,96.29415893554688,20250225-155234
3960,18446744073709551615,0,0.6513671875,694.1011962890625,1831.8995361328125,85.89495849609375,121.62753295898438,20250225-155234
3960,18446744073709551615,0,0.66259765625,613.885009765625,150.169921875,170.19749450683594,288.2171630859375,20250225-155234
3960,18446744073709551615,0,0.71044921875,630.2904052734375,471.9598388671875,227.21470642089844,186.33810424804688,20250225-155234
3960,18446744073709551615,0,0.7548828125,639.78076171875,287.98193359375,129.99549865722656,124.8687744140625,20250225-155234
3960,18446744073709551615,0,0.8037109375,587.283203125,1517.100341796875,335.78338623046875,316.963623046875,20250225-155234
3960,18446744073709551615,0,0.8359375,784.38916015625,1771.210693359375,148.16143798828125,287.5491943359375,20250225-155234
3960,18446744073709551615,0,0.9091796875,48.3175048828125,317.09014892578125,1268.298583984375,1019.7740478515625,20250225-155234
3960,18446744073709551615,0,0.9228515625,500.42010498046875,1.0555572509765625,371.5269775390625,567.6690673828125,20250225-155234
3961,18446744073709551615,0,0.216064453125,680.1683349609375,1892.646240234375,26.74420166015625,94.46054077148438,20250225-155234
3961,18446744073709551615,0,0.55712890625,679.8763427734375,1437.914306640625,86.54653930664062,92.3023681640625,20250225-155234
3961,18446744073709551615,0,0.57177734375,694.1483154296875,1837.4139404296875,77.62188720703125,121.6666259765625,20250225-155234
3961,18446744073709551615,0,0.5830078125,626.22509765625,1271.530029296875,184.76614379882812,173.10791015625,20250225-155234
3961,18446744073709551615,0,0.6533203125,629.9225463867188,477.6580810546875,225.02650451660156,182.4462890625,20250225-155234
3961,18446744073709551615,0,0.69677734375,611.4717407226562,150.49635314941406,169.8269805908203,290.367919921875,20250225-155234
3961,18446744073709551615,0,0.73046875,587.3779907226562,1519.9512939453125,331.5702209472656,316.4250183105469,20250225-155234
3961,18446744073709551615,0,0.7568359375,640.1436767578125,288.26568603515625,131.0423126220703,124.76394653320312,20250225-155234
3961,18446744073709551615,0,0.81298828125,782.3289184570312,1770.075439453125,149.29925537109375,290.1492004394531,20250225-155234
3961,18446744073709551615,0,0.90673828125,53.431915283203125,313.265625,1271.1708984375,1015.6351318359375,20250225-155234
3961,18446744073709551615,0,0.9267578125,500.50689697265625,1.0615081787109375,371.12677001953125,567.7017822265625,20250225-155234
3962,18446744073709551615,0,0.2315673828125,681.468017578125,1894.6475830078125,24.8001708984375,92.48199462890625,20250225-155234
3962,18446744073709551615,0,0.3720703125,694.1555786132812,1846.7156982421875,64.91510009765625,76.53213500976562,20250225-155234
3962,18446744073709551615,0,0.5830078125,680.0804443359375,1439.2974853515625,85.5809326171875,91.36294555664062,20250225-155234
3962,18446744073709551615,0,0.66015625,625.9784545898438,1271.1181640625,186.76126098632812,177.37728881835938,20250225-155234
3962,18446744073709551615,0,0.66455078125,629.215576171875,477.5847473144531,223.3893585205078,183.40530395507812,20250225-155234
3962,18446744073709551615,0,0.72509765625,587.2166748046875,1522.845458984375,335.8348388671875,318.9302673339844,20250225-155234
3962,18446744073709551615,0,0.7373046875,640.2394409179688,289.904541015625,130.21751403808594,124.2886962890625,20250225-155234
3962,18446744073709551615,0,0.75341796875,614.6826782226562,152.81942749023438,167.53790283203125,288.8492431640625,20250225-155234
3962,18446744073709551615,0,0.7939453125,782.3353271484375,1770.1190185546875,149.274169921875,290.23992919921875,20250225-155234
3962,18446744073709551615,0,0.90673828125,43.13896179199219,316.46173095703125,1266.736328125,1024.764404296875,20250225-155234
3962,18446744073709551615,0,0.92578125,500.165771484375,1.057525634765625,370.52435302734375,568.1076049804688,20250225-155234
3963,18446744073709551615,0,0.2337646484375,687.472900390625,1893.748291015625,25.547607421875,89.79290771484375,20250225-155234
3963,18446744073709551615,0,0.26806640625,664.339599609375,1526.4169921875,116.750244140625,106.44149780273438,20250225-155234
3963,18446744073709551615,0,0.422607421875,694.4334716796875,1845.993896484375,65.99322509765625,82.95428466796875,20250225-155234
3963,18446744073709551615,0,0.548828125,679.9837646484375,1439.92138671875,82.84295654296875,95.65676879882812,20250225-155234
3963,18446744073709551615,0,0.615234375,626.13720703125,1271.3602294921875,184.78939819335938,176.2796630859375,20250225-155234
3963,18446744073709551615,0,0.69580078125,629.8287353515625,478.1957702636719,222.00082397460938,173.18975830078125,20250225-155234
3963,18446744073709551615,0,0.708984375,588.3233642578125,1526.4876708984375,342.4112548828125,304.37127685546875,20250225-155234
3963,18446744073709551615,0,0.74462890625,640.231201171875,288.7713623046875,131.46295166015625,124.59347534179688,20250225-155234
3963,18446744073709551615,0,0.78466796875,780.3689575195312,1770.23681640625,149.1580810546875,291.7629089355469,20250225-155234
3963,18446744073709551615,0,0.796875,616.1553955078125,153.31532287597656,166.3755645751953,286.8203430175781,20250225-155234
3963,18446744073709551615,0,0.90380859375,43.29624938964844,313.3941650390625,1268.171142578125,1024.5340576171875,20250225-155234
3963,18446744073709551615,0,0.9267578125,500.1878356933594,0.8705062866210938,371.0301513671875,567.954345703125,20250225-155234
3964,18446744073709551615,0,0.5322265625,693.361572265625,1842.34765625,73.6710205078125,122.1851806640625,20250225-155234
3964,18446744073709551615,0,0.56689453125,679.2778930664062,1441.4150390625,80.69595336914062,95.13299560546875,20250225-155234
3964,18446744073709551615,0,0.6435546875,626.0595703125,1270.84716796875,187.37384033203125,181.733642578125,20250225-155234
3964,18446744073709551615,0,0.673828125,630.8999633789062,478.171875,221.30438232421875,176.97537231445312,20250225-155234
3964,18446744073709551615,0,0.72802734375,640.7660522460938,287.1982421875,133.4791717529297,122.4547119140625,20250225-155234
3964,18446744073709551615,0,0.77197265625,589.052490234375,1530.84716796875,346.05560302734375,282.202880859375,20250225-155234
3964,18446744073709551615,0,0.78125,615.3689575195312,153.9085235595703,166.4451141357422,288.38507080078125,20250225-155234
3964,18446744073709551615,0,0.79931640625,780.7412109375,1770.060791015625,149.142333984375,291.66375732421875,20250225-155234
3964,18446744073709551615,0,0.90185546875,53.25883483886719,309.2860107421875,1274.82373046875,1015.685302734375,20250225-155234
3964,18446744073709551615,0,0.92431640625,500.45947265625,1.0593338012695312,370.81048583984375,567.5414428710938,20250225-155234
3965,18446744073709551615,0,0.32080078125,665.6790161132812,1530.0318603515625,118.802490234375,105.24838256835938,20250225-155234
3965,18446744073709551615,0,0.51953125,694.4144897460938,1843.872314453125,72.5196533203125,121.65682983398438,20250225-155234
3965,18446744073709551615,0,0.5849609375,681.3348999023438,1442.739013671875,79.538818359375,92.76150512695312,20250225-155234
3965,18446744073709551615,0,0.64501953125,626.132080078125,1271.16015625,187.08279418945312,184.56399536132812,20250225-155234
3965,18446744073709551615,0,0.67578125,630.9990234375,487.0393981933594,212.1972198486328,171.529541015625,20250225-155234
3965,18446744073709551615,0,0.6767578125,589.2368774414062,1534.866455078125,336.42608642578125,275.8124084472656,20250225-155234
3965,18446744073709551615,0,0.7578125,640.3172607421875,287.01416015625,132.7082977294922,124.99777221679688,20250225-155234
3965,18446744073709551615,0,0.7919921875,615.2026977539062,156.2499542236328,163.78041076660156,289.1360778808594,20250225-155234
3965,18446744073709551615,0,0.8017578125,780.9400634765625,1769.5140380859375,149.9886474609375,291.4649963378906,20250225-155234
3965,18446744073709551615,0,0.90087890625,43.13291931152344,313.62725830078125,1270.5772705078125,1024.6417236328125,20250225-155234
3965,18446744073709551615,0,0.92578125,500.01251220703125,0.8694534301757812,370.3126220703125,568.2969970703125,20250225-155234
3966,18446744073709551615,0,0.303955078125,664.8770751953125,1532.96923828125,115.0111083984375,106.00030517578125,20250225-155234
3966,18446744073709551615,0,0.56298828125,694.398681640625,1845.08203125,69.7108154296875,120.70751953125,20250225-155234
3966,18446744073709551615,0,0.56982421875,680.9813232421875,1448.00341796875,75.55014038085938,93.46929931640625,20250225-155234
3966,18446744073709551615,0,0.58154296875,626.0901489257812,1272.076171875,185.96200561523438,183.48843383789062,20250225-155234
3966,18446744073709551615,0,0.7138671875,630.9884033203125,492.3188781738281,207.04623413085938,166.1861572265625,20250225-155234
3966,18446744073709551615,0,0.72705078125,589.072998046875,1537.401123046875,326.9908447265625,275.3253479003906,20250225-155234
3966,18446744073709551615,0,0.7294921875,640.2330322265625,286.4044189453125,133.94320678710938,125.32699584960938,20250225-155234
3966,18446744073709551615,0,0.80126953125,781.44873046875,1770.246826171875,149.05810546875,290.5875549316406,20250225-155234
3966,18446744073709551615,0,0.80810546875,616.2264404296875,157.4201202392578,162.71575927734375,289.04150390625,20250225-155234
3966,18446744073709551615,0,0.90283203125,44.6400146484375,314.3179931640625,1268.3206787109375,1023.012451171875,20250225-155234
3966,18446744073709551615,0,0.9287109375,499.8680419921875,1.0528793334960938,370.7982177734375,568.53076171875,20250225-155234
3967,18446744073709551615,0,0.253173828125,858.3403930664062,1764.598388671875,51.47625732421875,114.43954467773438,20250225-155234
3967,18446744073709551615,0,0.287841796875,664.2371826171875,1534.329833984375,122.67617797851562,106.35369873046875,20250225-155234
3967,18446744073709551615,0,0.5361328125,694.3588256835938,1847.4869384765625,68.43988037109375,120.51553344726562,20250225-155234
3967,18446744073709551615,0,0.56689453125,678.755859375,1440.015380859375,81.81967163085938,96.83056640625,20250225-155234
3967,18446744073709551615,0,0.609375,626.3111572265625,1270.8399658203125,185.56768798828125,176.43960571289062,20250225-155234
3967,18446744073709551615,0,0.7294921875,640.144775390625,287.799560546875,132.5438232421875,125.28076171875,20250225-155234
3967,18446744073709551615,0,0.759765625,630.366943359375,492.13677978515625,206.17529296875,165.22256469726562,20250225-155234
3967,18446744073709551615,0,0.78125,782.4122314453125,1770.645263671875,148.74298095703125,289.5412902832031,20250225-155234
3967,18446744073709551615,0,0.791015625,588.0263671875,1537.8466796875,332.360595703125,280.74005126953125,20250225-155234
3967,18446744073709551615,0,0.791015625,614.69091796875,156.08409118652344,165.013916015625,294.2449951171875,20250225-155234
3967,18446744073709551615,0,0.908203125,47.78375244140625,313.95025634765625,1267.947021484375,1019.8582763671875,20250225-155234
3967,18446744073709551615,0,0.92822265625,500.3111572265625,0.8711471557617188,370.9881286621094,567.84130859375,20250225-155234
3968,18446744073709551615,0,0.24072265625,865.8013916015625,1762.960693359375,51.5628662109375,106.76486206054688,20250225-155234
3968,18446744073709551615,0,0.263671875,663.5846557617188,1536.60791015625,119.596435546875,106.34454345703125,20250225-155234
3968,18446744073709551615,0,0.56298828125,694.3057250976562,1847.41552734375,70.31781005859375,119.30245971679688,20250225-155234
3968,18446744073709551615,0,0.587890625,680.3851318359375,1441.6915283203125,79.67660522460938,94.60427856445312,20250225-155234
3968,18446744073709551615,0,0.63330078125,626.2245483398438,1271.7095947265625,183.74716186523438,176.05508422851562,20250225-155234
3968,18446744073709551615,0,0.7001953125,640.1434936523438,290.09002685546875,130.9958038330078,124.68374633789062,20250225-155234
3968,18446744073709551615,0,0.70556640625,631.0030517578125,496.6322937011719,201.9586944580078,166.5618896484375,20250225-155234
3968,18446744073709551615,0,0.7470703125,782.7350463867188,1771.0682373046875,148.32989501953125,288.4752502441406,20250225-155234
3968,18446744073709551615,0,0.77685546875,587.87255859375,1539.2548828125,327.758056640625,294.4560241699219,20250225-155234
3968,18446744073709551615,0,0.80615234375,613.414306640625,153.65017700195312,168.7952117919922,296.8493957519531,20250225-155234
3968,18446744073709551615,0,0.90673828125,44.13665771484375,314.19146728515625,1271.74072265625,1023.52734375,20250225-155234
3968,18446744073709551615,0,0.92822265625,500.46697998046875,0.8764801025390625,370.66412353515625,567.662353515625,20250225-155234
3969,18446744073709551615,0,0.230224609375,663.9754028320312,1538.9783935546875,116.22161865234375,105.478271484375,20250225-155234
3969,18446744073709551615,0,0.4658203125,626.288330078125,1270.0478515625,186.9862060546875,178.1451416015625,20250225-155234
3969,18446744073709551615,0,0.5126953125,694.2584838867188,1847.294921875,69.1885986328125,120.5731201171875,20250225-155234
3969,18446744073709551615,0,0.65673828125,681.41455078125,1437.7528076171875,81.913330078125,92.30511474609375,20250225-155234
3969,18446744073709551615,0,0.6611328125,630.7320556640625,497.2052307128906,201.09690856933594,171.69735717773438,20250225-155234
3969,18446744073709551615,0,0.66552734375,639.5057373046875,290.9142150878906,130.8863525390625,124.99887084960938,20250225-155234
3969,18446744073709551615,0,0.71142578125,587.2396240234375,1538.7198486328125,330.28399658203125,304.61663818359375,20250225-155234
3969,18446744073709551615,0,0.7900390625,782.9296875,1770.61669921875,148.66900634765625,289.34912109375,20250225-155234
3969,18446744073709551615,0,0.82373046875,613.1625366210938,154.1840057373047,168.27273559570312,295.7963562011719,20250225-155234
3969,18446744073709551615,0,0.90380859375,47.775787353515625,313.74224853515625,1272.609619140625,1019.937744140625,20250225-155234
3969,18446744073709551615,0,0.92626953125,500.94781494140625,1.0552139282226562,370.87298583984375,567.54638671875,20250225-155234
3970,18446744073709551615,0,0.505859375,663.8626708984375,1540.9683837890625,118.4490966796875,106.638427734375,20250225-155234
3970,18446744073709551615,0,0.515625,693.0708618164062,1846.9310302734375,67.59246826171875,121.99191284179688,20250225-155234
3970,18446744073709551615,0,0.552734375,625.8787841796875,1271.2847900390625,184.50595092773438,176.2532958984375,20250225-155234
3970,18446744073709551615,0,0.56103515625,640.1427612304688,290.9762878417969,133.24282836914062,126.07589721679688,20250225-155234
3970,18446744073709551615,0,0.65380859375,681.1453857421875,1439.806396484375,80.6070556640625,93.13082885742188,20250225-155234
3970,18446744073709551615,0,0.67333984375,630.4594116210938,497.7071228027344,199.72576904296875,167.1405029296875,20250225-155234
3970,18446744073709551615,0,0.70654296875,584.8013305664062,1542.22265625,330.75238037109375,350.35198974609375,20250225-155234
3970,18446744073709551615,0,0.78125,781.3641357421875,1769.96337890625,149.46002197265625,291.3080749511719,20250225-155234
3970,18446744073709551615,0,0.802734375,613.5924682617188,153.9858856201172,168.96917724609375,296.61822509765625,20250225-155234
3970,18446744073709551615,0,0.90185546875,43.29400634765625,312.0084228515625,1272.4830322265625,1024.3330078125,20250225-155234
3970,18446744073709551615,0,0.92626953125,500.9593505859375,1.0709381103515625,370.0887451171875,567.350341796875,20250225-155234
3971,18446744073709551615,0,0.2049560546875,615.6158447265625,158.5605926513672,58.06468963623047,118.5889892578125,20250225-155234
3971,18446744073709551615,0,0.482421875,663.5830078125,1541.3507080078125,114.50848388671875,106.25546264648438,20250225-155234
3971,18446744073709551615,0,0.529296875,693.18359375,1848.3369140625,65.27545166015625,119.7432861328125,20250225-155234
3971,18446744073709551615,0,0.62060546875,639.7884521484375,293.00384521484375,130.29359436035156,125.58078002929688,20250225-155234
3971,18446744073709551615,0,0.65673828125,630.4550170898438,493.72442626953125,205.35031127929688,166.73492431640625,20250225-155234
3971,18446744073709551615,0,0.67724609375,626.0498657226562,1271.093017578125,187.68356323242188,182.68551635742188,20250225-155234
3971,18446744073709551615,0,0.7080078125,587.6196899414062,1541.907470703125,330.9693603515625,315.5964660644531,20250225-155234
3971,18446744073709551615,0,0.77197265625,682.3877563476562,1442.0091552734375,77.690185546875,89.57574462890625,20250225-155234
3971,18446744073709551615,0,0.7841796875,781.1304931640625,1770.47607421875,148.92132568359375,291.4532775878906,20250225-155234
3971,18446744073709551615,0,0.8076171875,613.2262573242188,156.02783203125,166.79864501953125,298.4451599121094,20250225-155234
3971,18446744073709551615,0,0.908203125,44.80462646484375,313.853759765625,1272.380126953125,1022.7324829101562,20250225-155234
3971,18446744073709551615,0,0.92919921875,500.23150634765625,1.0621261596679688,370.15521240234375,567.9841918945312,20250225-155234
3972,18446744073709551615,0,0.2166748046875,613.859619140625,155.96466064453125,61.093505859375,122.6319580078125,20250225-155234
3972,18446744073709551615,0,0.368408203125,664.1993408203125,1541.997802734375,115.25555419921875,106.269287109375,20250225-155234
3972,18446744073709551615,0,0.4921875,694.55712890625,1849.3575439453125,66.08660888671875,118.29519653320312,20250225-155234
3972,18446744073709551615,0,0.56005859375,640.23779296875,292.103515625,134.37547302246094,127.28622436523438,20250225-155234
3972,18446744073709551615,0,0.6083984375,625.9703979492188,1271.2874755859375,186.08404541015625,175.22488403320312,20250225-155234
3972,18446744073709551615,0,0.708984375,681.652587890625,1443.1761474609375,76.87490844726562,91.24154663085938,20250225-155234
3972,18446744073709551615,0,0.71533203125,630.9974365234375,492.1915283203125,207.59161376953125,164.62811279296875,20250225-155234
3972,18446744073709551615,0,0.7265625,587.9652099609375,1546.0517578125,329.0189208984375,327.4003601074219,20250225-155234
3972,18446744073709551615,0,0.80322265625,779.542236328125,1770.5247802734375,148.9947509765625,292.4510192871094,20250225-155234
3972,18446744073709551615,0,0.8154296875,611.8695068359375,152.96519470214844,170.52915954589844,298.8028564453125,20250225-155234
3972,18446744073709551615,0,0.9091796875,47.24327087402344,312.46783447265625,1271.552978515625,1020.2684326171875,20250225-155234
3972,18446744073709551615,0,0.927734375,500.99761962890625,1.2536544799804688,369.61956787109375,567.1531982421875,20250225-155234
3973,18446744073709551615,0,0.4755859375,694.7593994140625,1849.797607421875,65.4254150390625,114.73919677734375,20250225-155235
3973,18446744073709551615,0,0.4873046875,662.618408203125,1542.7587890625,116.53985595703125,107.69082641601562,20250225-155235
3973,18446744073709551615,0,0.5439453125,639.86279296875,292.401123046875,135.3262939453125,129.42791748046875,20250225-155235
3973,18446744073709551615,0,0.5888671875,626.22705078125,1271.787841796875,183.58685302734375,166.96124267578125,20250225-155235
3973,18446744073709551615,0,0.6162109375,630.3792114257812,495.714111328125,203.36105346679688,169.616455078125,20250225-155235
3973,18446744073709551615,0,0.69677734375,588.9885864257812,1545.476806640625,331.4322509765625,342.5775146484375,20250225-155235
3973,18446744073709551615,0,0.732421875,681.4610595703125,1442.47607421875,77.32479858398438,91.14395141601562,20250225-155235
3973,18446744073709551615,0,0.78857421875,781.0631103515625,1769.677734375,149.76544189453125,291.1632385253906,20250225-155235
3973,18446744073709551615,0,0.8076171875,612.813720703125,154.73995971679688,169.0465850830078,298.4076232910156,20250225-155235
3973,18446744073709551615,0,0.90771484375,46.53936767578125,312.799072265625,1272.1351318359375,1021.0072631835938,20250225-155235
3973,18446744073709551615,0,0.9296875,501.26220703125,0.8828887939453125,370.002685546875,566.9759521484375,20250225-155235
3974,18446744073709551615,0,0.5009765625,662.3530883789062,1542.298583984375,118.1513671875,108.12039184570312,20250225-155235
3974,18446744073709551615,0,0.50390625,639.6718139648438,291.8897705078125,139.5087432861328,136.93624877929688,20250225-155235
3974,18446744073709551615,0,0.505859375,694.7977294921875,1849.93603515625,65.055908203125,117.35403442382812,20250225-155235
3974,18446744073709551615,0,0.6259765625,626.2036743164062,1271.49267578125,185.1324462890625,176.206787109375,20250225-155235
3974,18446744073709551615,0,0.70751953125,589.83349609375,1545.374267578125,333.08807373046875,372.92266845703125,20250225-155235
3974,18446744073709551615,0,0.716796875,630.7120971679688,539.9005126953125,159.09974670410156,132.68508911132812,20250225-155235
3974,18446744073709551615,0,0.72265625,681.9281616210938,1441.174072265625,78.00924682617188,91.157958984375,20250225-155235
3974,18446744073709551615,0,0.8037109375,779.3408203125,1769.8406982421875,149.666015625,292.4286804199219,20250225-155235
3974,18446744073709551615,0,0.82177734375,612.6763916015625,153.67556762695312,169.75872802734375,296.94927978515625,20250225-155235
3974,18446744073709551615,0,0.90673828125,45.85450744628906,315.13311767578125,1268.8876953125,1021.7940673828125,20250225-155235
3974,18446744073709551615,0,0.93017578125,500.99871826171875,0.8808517456054688,369.315185546875,566.920654296875,20250225-155235
3975,18446744073709551615,0,0.39697265625,663.7340698242188,1542.6990966796875,119.0416259765625,107.20486450195312,20250225-155235
3975,18446744073709551615,0,0.4931640625,695.3619384765625,1850.2188720703125,65.06414794921875,118.3677978515625,20250225-155235
3975,18446744073709551615,0,0.525390625,640.7023315429688,292.17266845703125,144.0006866455078,181.53195190429688,20250225-155235
3975,18446744073709551615,0,0.6533203125,681.5584716796875,1442.37109375,76.55941772460938,91.58880615234375,20250225-155235
3975,18446744073709551615,0,0.6806640625,626.3025512695312,1271.44482421875,184.18963623046875,174.72381591796875,20250225-155235
3975,18446744073709551615,0,0.712890625,588.0234375,1542.9232177734375,338.385498046875,371.63433837890625,20250225-155235
3975,18446744073709551615,0,0.75146484375,630.7474365234375,541.5792236328125,157.66099548339844,129.74111938476562,20250225-155235
3975,18446744073709551615,0,0.7841796875,780.5663452148438,1769.9307861328125,149.609619140625,291.0330505371094,20250225-155235
3975,18446744073709551615,0,0.82373046875,614.4464721679688,154.71400451660156,168.86773681640625,292.8864440917969,20250225-155235
3975,18446744073709551615,0,0.90478515625,42.280517578125,314.80731201171875,1269.12744140625,1025.264404296875,20250225-155235
3975,18446744073709551615,0,0.9287109375,501.125244140625,0.8804168701171875,370.5858154296875,566.947265625,20250225-155235
3976,18446744073709551615,0,0.4599609375,663.302490234375,1543.072998046875,116.13299560546875,107.30126953125,20250225-155235
3976,18446744073709551615,0,0.4853515625,695.233154296875,1849.7750244140625,66.72344970703125,115.08041381835938,20250225-155235
3976,18446744073709551615,0,0.4853515625,640.919921875,294.27191162109375,131.40357971191406,126.88494873046875,20250225-155235
3976,18446744073709551615,0,0.6435546875,592.2672119140625,1544.236083984375,333.64361572265625,349.5413818359375,20250225-155235
3976,18446744073709551615,0,0.6494140625,626.3021850585938,1270.5655517578125,184.6007080078125,170.31747436523438,20250225-155235
3976,18446744073709551615,0,0.650390625,630.71484375,540.4070434570312,158.81890869140625,130.71890258789062,20250225-155235
3976,18446744073709551615,0,0.75146484375,681.4146728515625,1444.0947265625,75.62155151367188,91.05267333984375,20250225-155235
3976,18446744073709551615,0,0.77685546875,779.8985595703125,1769.9886474609375,149.3031005859375,291.95782470703125,20250225-155235
3976,18446744073709551615,0,0.82275390625,613.3564453125,154.08311462402344,170.0742645263672,295.1461486816406,20250225-155235
3976,18446744073709551615,0,0.9013671875,52.87664794921875,310.09954833984375,1277.18896484375,1016.184814453125,20250225-155235
3976,18446744073709551615,0,0.9306640625,501.29150390625,1.0721511840820312,368.71185302734375,566.4398803710938,20250225-155235
3977,18446744073709551615,0,0.5107421875,640.8099975585938,293.82647705078125,143.64015197753906,180.72811889648438,20250225-155235
3977,18446744073709551615,0,0.5283203125,695.2362670898438,1848.667236328125,68.99578857421875,119.3756103515625,20250225-155235
3977,18446744073709551615,0,0.5556640625,663.3380126953125,1542.7335205078125,115.0960693359375,107.3712158203125,20250225-155235
3977,18446744073709551615,0,0.5947265625,626.462890625,1271.2603759765625,183.67913818359375,171.5390625,20250225-155235
3977,18446744073709551615,0,0.6103515625,630.0821533203125,469.43243408203125,229.390869140625,190.57781982421875,20250225-155235
3977,18446744073709551615,0,0.6611328125,593.1996459960938,1544.807373046875,328.4461669921875,345.2252197265625,20250225-155235
3977,18446744073709551615,0,0.75439453125,681.1463623046875,1443.3057861328125,76.424560546875,91.4549560546875,20250225-155235
3977,18446744073709551615,0,0.763671875,780.2645263671875,1769.482177734375,149.90716552734375,291.8565673828125,20250225-155235
3977,18446744073709551615,0,0.83056640625,613.452880859375,156.92044067382812,167.51686096191406,296.0372314453125,20250225-155235
3977,18446744073709551615,0,0.9033203125,42.25689697265625,314.70428466796875,1269.1357421875,1025.4920654296875,20250225-155235
3977,18446744073709551615,0,0.9287109375,501.8997802734375,0.685546875,370.4490966796875,566.1458129882812,20250225-155235
3978,18446744073709551615,0,0.51953125,595.3758544921875,1544.2261962890625,327.50482177734375,347.3748779296875,20250225-155235
3978,18446744073709551615,0,0.56298828125,694.96875,1845.236572265625,73.76824951171875,115.27047729492188,20250225-155235
3978,18446744073709551615,0,0.5869140625,640.8898315429688,294.5491943359375,143.41383361816406,183.28189086914062,20250225-155235
3978,18446744073709551615,0,0.59619140625,626.150146484375,1271.517578125,182.45150756835938,166.4776611328125,20250225-155235
3978,18446744073709551615,0,0.66650390625,662.94189453125,1542.3328857421875,118.77117919921875,107.94873046875,20250225-155235
3978,18446744073709551615,0,0.70556640625,630.5606689453125,478.1598815917969,220.75575256347656,187.00726318359375,20250225-155235
3978,18446744073709551615,0,0.75048828125,681.2883911132812,1443.16943359375,76.42062377929688,91.65023803710938,20250225-155235
3978,18446744073709551615,0,0.77587890625,784.6228637695312,1769.673095703125,149.7506103515625,287.0898742675781,20250225-155235
3978,18446744073709551615,0,0.83837890625,613.2081298828125,156.53164672851562,168.211669921875,296.8601989746094,20250225-155235
3978,18446744073709551615,0,0.90380859375,43.94297790527344,314.111083984375,1269.9949951171875,1023.6566162109375,20250225-155235
3978,18446744073709551615,0,0.9296875,500.8809814453125,1.049835205078125,371.7016906738281,567.3065185546875,20250225-155235
3979,18446744073709551615,0,0.5029296875,639.95556640625,292.9221496582031,137.82962036132812,129.65625,20250225-155235
3979,18446744073709551615,0,0.58203125,663.6258544921875,1541.85498046875,118.77044677734375,107.33734130859375,20250225-155235
3979,18446744073709551615,0,0.60205078125,626.4486083984375,1271.76318359375,182.91064453125,173.72918701171875,20250225-155235
3979,18446744073709551615,0,0.6279296875,695.939697265625,1844.5001220703125,73.30133056640625,118.01605224609375,20250225-155235
3979,18446744073709551615,0,0.662109375,595.5404663085938,1543.9625244140625,332.43072509765625,349.8752746582031,20250225-155235
3979,18446744073709551615,0,0.75146484375,681.2818603515625,1443.2332763671875,76.64822387695312,91.812744140625,20250225-155235
3979,18446744073709551615,0,0.7724609375,630.933837890625,477.414306640625,223.6248779296875,183.80438232421875,20250225-155235
3979,18446744073709551615,0,0.798828125,782.7870483398438,1768.8636474609375,150.06024169921875,290.27032470703125,20250225-155235
3979,18446744073709551615,0,0.83447265625,615.179443359375,155.69390869140625,169.13632202148438,297.1336669921875,20250225-155235
3979,18446744073709551615,0,0.9052734375,51.932373046875,311.1663818359375,1275.8865966796875,1017.460693359375,20250225-155235
3979,18446744073709551615,0,0.93017578125,500.794189453125,1.2379989624023438,369.32037353515625,567.250244140625,20250225-155235
3980,18446744073709551615,0,0.373046875,599.4034423828125,1649.74560546875,226.175537109375,348.5347595214844,20250225-155235
3980,18446744073709551615,0,0.544921875,696.257080078125,1844.4766845703125,72.4090576171875,117.888427734375,20250225-155235
3980,18446744073709551615,0,0.58203125,640.1412353515625,294.64544677734375,132.40823364257812,127.53790283203125,20250225-155235
3980,18446744073709551615,0,0.615234375,626.6900634765625,1271.1304931640625,182.458740234375,169.93048095703125,20250225-155235
3980,18446744073709551615,0,0.64599609375,664.2456665039062,1540.7662353515625,121.88763427734375,107.84930419921875,20250225-155235
3980,18446744073709551615,0,0.7392578125,681.0606079101562,1443.131591796875,77.13592529296875,92.20578002929688,20250225-155235
3980,18446744073709551615,0,0.765625,630.0340576171875,472.81085205078125,227.52035522460938,188.16970825195312,20250225-155235
3980,18446744073709551615,0,0.79736328125,782.2877197265625,1770.550048828125,148.874267578125,289.1911926269531,20250225-155235
3980,18446744073709551615,0,0.833984375,613.7998046875,155.88623046875,168.62850952148438,296.35235595703125,20250225-155235
3980,18446744073709551615,0,0.90576171875,40.79466247558594,312.2462158203125,1270.5047607421875,1026.6328125,20250225-155235
3980,18446744073709551615,0,0.93017578125,501.15252685546875,1.0486221313476562,369.85076904296875,566.8902587890625,20250225-155235
3981,18446744073709551615,0,0.443603515625,641.71826171875,289.83172607421875,139.88099670410156,175.59393310546875,20250225-155235
3981,18446744073709551615,0,0.56201171875,599.7793579101562,1651.613525390625,226.66900634765625,345.2416076660156,20250225-155235
3981,18446744073709551615,0,0.58984375,626.6851806640625,1271.395263671875,183.3017578125,173.935546875,20250225-155235
3981,18446744073709551615,0,0.63330078125,696.3605346679688,1842.992431640625,73.74517822265625,117.46206665039062,20250225-155235
3981,18446744073709551615,0,0.70166015625,664.2599487304688,1540.3787841796875,119.29815673828125,107.15304565429688,20250225-155235
3981,18446744073709551615,0,0.7548828125,680.9315185546875,1443.554443359375,76.49441528320312,91.93679809570312,20250225-155235
3981,18446744073709551615,0,0.806640625,782.6759033203125,1768.908203125,150.0146484375,291.1075744628906,20250225-155235
3981,18446744073709551615,0,0.81884765625,630.4117431640625,468.5616760253906,229.30169677734375,190.9716796875,20250225-155235
3981,18446744073709551615,0,0.82568359375,612.04443359375,155.52398681640625,169.22825622558594,299.10333251953125,20250225-155235
3981,18446744073709551615,0,0.90478515625,37.39082336425781,312.79962158203125,1270.5146484375,1030.259765625,20250225-155235
3981,18446744073709551615,0,0.92919921875,500.899658203125,1.0453948974609375,369.9957275390625,567.418701171875,20250225-155235
3982,18446744073709551615,0,0.444580078125,641.193603515625,294.1119689941406,137.13272094726562,128.39071655273438,20250225-155235
3982,18446744073709551615,0,0.556640625,600.8935546875,1650.9063720703125,226.5941162109375,342.7535705566406,20250225-155235
3982,18446744073709551615,0,0.58154296875,626.3633422851562,1271.3924560546875,183.79403686523438,174.31082153320312,20250225-155235
3982,18446744073709551615,0,0.638671875,696.388671875,1841.0504150390625,77.109375,114.57257080078125,20250225-155235
3982,18446744073709551615,0,0.72021484375,663.9204711914062,1538.9512939453125,118.32330322265625,107.578125,20250225-155235
3982,18446744073709551615,0,0.77587890625,680.7088623046875,1443.7958984375,76.57305908203125,92.12521362304688,20250225-155235
3982,18446744073709551615,0,0.78466796875,784.2449340820312,1768.5377197265625,150.84283447265625,286.8728942871094,20250225-155235
3982,18446744073709551615,0,0.8349609375,611.5587158203125,155.06588745117188,168.66709899902344,299.2599792480469,20250225-155235
3982,18446744073709551615,0,0.85498046875,629.7884521484375,465.21893310546875,234.29296875,194.49188232421875,20250225-155235
3982,18446744073709551615,0,0.90771484375,51.18017578125,309.83587646484375,1272.78466796875,1018.0662231445312,20250225-155235
3982,18446744073709551615,0,0.927734375,500.3182067871094,1.234771728515625,368.9006042480469,568.0043334960938,20250225-155235
3983,18446744073709551615,0,0.421630859375,640.9081420898438,297.0860595703125,138.7357635498047,130.34957885742188,20250225-155235
3983,18446744073709551615,0,0.5830078125,626.3768310546875,1271.2188720703125,182.262451171875,169.22735595703125,20250225-155235
3983,18446744073709551615,0,0.625,601.7510375976562,1541.3369140625,331.97021484375,344.2811279296875,20250225-155235
3983,18446744073709551615,0,0.6513671875,663.7730712890625,1539.6998291015625,114.31988525390625,106.94741821289062,20250225-155235
3983,18446744073709551615,0,0.6767578125,696.9592895507812,1839.158203125,79.55584716796875,114.243896484375,20250225-155235
3983,18446744073709551615,0,0.759765625,681.0119018554688,1443.37158203125,77.24624633789062,92.02899169921875,20250225-155235
3983,18446744073709551615,0,0.80029296875,785.2222900390625,1769.243408203125,150.23638916015625,285.8865966796875,20250225-155235
3983,18446744073709551615,0,0.814453125,630.3601684570312,464.23956298828125,235.87179565429688,195.73397827148438,20250225-155235
3983,18446744073709551615,0,0.82666015625,612.223388671875,156.33120727539062,167.40875244140625,297.913330078125,20250225-155235
3983,18446744073709551615,0,0.9052734375,49.557220458984375,311.080078125,1271.1800537109375,1019.6953125,20250225-155235
3983,18446744073709551615,0,0.92822265625,500.43603515625,1.0498123168945312,369.26336669921875,567.9453735351562,20250225-155235
3984,18446744073709551615,0,0.583984375,640.4998168945312,294.804931640625,134.62326049804688,126.13357543945312,20250225-155235
3984,18446744073709551615,0,0.611328125,603.0963134765625,1648.7545166015625,226.97808837890625,340.36212158203125,20250225-155235
3984,18446744073709551615,0,0.65234375,626.53125,1270.56396484375,184.6871337890625,173.5250244140625,20250225-155235
3984,18446744073709551615,0,0.68505859375,696.6857299804688,1839.77490234375,77.852783203125,116.55917358398438,20250225-155235
3984,18446744073709551615,0,0.744140625,629.1800537109375,474.9006042480469,224.8695831298828,166.24685668945312,20250225-155235
3984,18446744073709551615,0,0.75634765625,664.6492309570312,1538.26318359375,116.90643310546875,107.00692749023438,20250225-155235
3984,18446744073709551615,0,0.78515625,784.5792846679688,1768.2022705078125,151.27093505859375,286.3475646972656,20250225-155235
3984,18446744073709551615,0,0.78515625,681.095947265625,1444.0989990234375,77.01040649414062,91.89669799804688,20250225-155235
3984,18446744073709551615,0,0.8369140625,613.5845947265625,155.3422393798828,167.84275817871094,295.5702209472656,20250225-155235
3984,18446744073709551615,0,0.9072265625,49.209228515625,314.88409423828125,1269.0963134765625,1020.0639038085938,20250225-155235
3984,18446744073709551615,0,0.927734375,500.6455078125,1.060638427734375,369.83380126953125,567.413330078125,20250225-155235
3985,18446744073709551615,0,0.5,602.1948852539062,1646.26025390625,228.26934814453125,366.3467102050781,20250225-155235
3985,18446744073709551615,0,0.55712890625,626.1697998046875,1270.337158203125,186.75320434570312,174.87277221679688,20250225-155235
3985,18446744073709551615,0,0.64794921875,640.50244140625,293.9105529785156,135.24444580078125,126.43121337890625,20250225-155235
3985,18446744073709551615,0,0.67578125,696.912109375,1837.760009765625,77.68634033203125,116.74749755859375,20250225-155235
3985,18446744073709551615,0,0.71533203125,665.1491088867188,1537.93212890625,115.568115234375,105.77059936523438,20250225-155235
3985,18446744073709551615,0,0.77783203125,629.2468872070312,476.0900573730469,223.90892028808594,182.42926025390625,20250225-155235
3985,18446744073709551615,0,0.79638671875,783.9197387695312,1768.62451171875,150.9510498046875,287.32177734375,20250225-155235
3985,18446744073709551615,0,0.80029296875,681.01171875,1444.629638671875,76.32614135742188,91.81494140625,20250225-155235
3985,18446744073709551615,0,0.83447265625,614.1157836914062,157.49771118164062,166.3058624267578,296.4943542480469,20250225-155235
3985,18446744073709551615,0,0.90478515625,49.33978271484375,314.7015380859375,1270.2451171875,1019.7890625,20250225-155235
3985,18446744073709551615,0,0.92919921875,500.92529296875,1.0610504150390625,370.0188903808594,566.9459228515625,20250225-155235
3986,18446744073709551615,0,0.5029296875,602.877197265625,1541.2012939453125,329.9571533203125,349.78509521484375,20250225-155235
3986,18446744073709551615,0,0.57275390625,626.0848388671875,1270.120849609375,186.66485595703125,177.84713745117188,20250225-155235
3986,18446744073709551615,0,0.65771484375,640.3207397460938,293.81561279296875,134.24656677246094,126.92852783203125,20250225-155235
3986,18446744073709551615,0,0.6669921875,697.25244140625,1837.8438720703125,80.02789306640625,115.51913452148438,20250225-155235
3986,18446744073709551615,0,0.66796875,665.501953125,1537.5377197265625,114.79229736328125,105.56698608398438,20250225-155235
3986,18446744073709551615,0,0.67919921875,629.1351928710938,475.95867919921875,224.45599365234375,190.05422973632812,20250225-155235
3986,18446744073709551615,0,0.79638671875,680.880615234375,1444.1881103515625,77.009033203125,91.93093872070312,20250225-155235
3986,18446744073709551615,0,0.806640625,785.0286254882812,1768.499267578125,150.9744873046875,286.2723083496094,20250225-155235
3986,18446744073709551615,0,0.83349609375,613.0501708984375,154.87606811523438,169.1415252685547,297.4559326171875,20250225-155235
3986,18446744073709551615,0,0.90673828125,34.20355224609375,317.373779296875,1265.46484375,1033.4677734375,20250225-155235
3986,18446744073709551615,0,0.92822265625,501.113525390625,0.8799591064453125,369.8194580078125,566.9288330078125,20250225-155235
3987,18446744073709551615,0,0.4931640625,603.0115356445312,1644.33935546875,229.7171630859375,353.2488098144531,20250225-155235
3987,18446744073709551615,0,0.57666015625,628.0714111328125,475.05706787109375,224.552490234375,186.30670166015625,20250225-155235
3987,18446744073709551615,0,0.5830078125,626.0971069335938,1270.10791015625,187.69903564453125,186.22265625,20250225-155235
3987,18446744073709551615,0,0.66259765625,697.6393432617188,1838.0518798828125,79.9134521484375,113.45095825195312,20250225-155235
3987,18446744073709551615,0,0.67822265625,640.1392822265625,294.1868591308594,133.001220703125,125.468994140625,20250225-155235
3987,18446744073709551615,0,0.73388671875,665.0645141601562,1537.932861328125,114.89776611328125,106.42611694335938,20250225-155235
3987,18446744073709551615,0,0.8173828125,783.2766723632812,1768.3765869140625,151.09588623046875,287.6053161621094,20250225-155235
3987,18446744073709551615,0,0.83740234375,613.1237182617188,155.50360107421875,168.37481689453125,295.9010925292969,20250225-155235
3987,18446744073709551615,0,0.83740234375,681.693603515625,1445.5421142578125,76.543212890625,90.63665771484375,20250225-155235
3987,18446744073709551615,0,0.9091796875,51.17408752441406,315.1256103515625,1268.39208984375,1018.062744140625,20250225-155235
3987,18446744073709551615,0,0.9267578125,501.397705078125,0.8748321533203125,370.5802917480469,566.453125,20250225-155235
3988,18446744073709551615,0,0.54296875,626.173828125,1270.05810546875,188.0452880859375,185.93051147460938,20250225-155235
3988,18446744073709551615,0,0.6142578125,602.7994384765625,1539.9913330078125,331.04498291015625,346.0821533203125,20250225-155235
3988,18446744073709551615,0,0.6513671875,664.5371704101562,1537.899169921875,112.8057861328125,105.92697143554688,20250225-155235
3988,18446744073709551615,0,0.67333984375,640.3197021484375,293.81756591796875,132.82301330566406,125.89178466796875,20250225-155235
3988,18446744073709551615,0,0.67919921875,628.203125,476.85809326171875,223.11854553222656,190.37750244140625,20250225-155235
3988,18446744073709551615,0,0.69921875,697.4723510742188,1837.0869140625,78.938232421875,116.03823852539062,20250225-155235
3988,18446744073709551615,0,0.8017578125,681.3242797851562,1444.7674560546875,77.6063232421875,91.15347290039062,20250225-155235
3988,18446744073709551615,0,0.81982421875,782.3193969726562,1768.9171142578125,150.55572509765625,288.6552429199219,20250225-155235
3988,18446744073709551615,0,0.83447265625,614.0819091796875,155.67239379882812,167.43653869628906,293.9339904785156,20250225-155235
3988,18446744073709551615,0,0.90478515625,34.755706787109375,316.6065673828125,1268.15576171875,1032.861328125,20250225-155235
3988,18446744073709551615,0,0.927734375,501.34130859375,0.8701629638671875,369.6614990234375,566.8096923828125,20250225-155235
3989,18446744073709551615,0,0.505859375,625.8224487304688,1270.551025390625,188.269775390625,189.22613525390625,20250225-155235
3989,18446744073709551615,0,0.62060546875,603.3988037109375,1539.178955078125,330.9532470703125,345.1114196777344,20250225-155235
3989,18446744073709551615,0,0.650390625,628.6364135742188,478.567138671875,221.62252807617188,182.77532958984375,20250225-155235
3989,18446744073709551615,0,0.65234375,664.5498046875,1537.0045166015625,113.29119873046875,106.83224487304688,20250225-155235
3989,18446744073709551615,0,0.6982421875,640.5016479492188,295.17547607421875,129.87428283691406,125.37506103515625,20250225-155235
3989,18446744073709551615,0,0.72021484375,697.44140625,1836.70556640625,80.1163330078125,116.08859252929688,20250225-155235
3989,18446744073709551615,0,0.81884765625,782.9088134765625,1768.9150390625,150.5767822265625,287.9908447265625,20250225-155235
3989,18446744073709551615,0,0.82080078125,680.606689453125,1443.6995849609375,78.72967529296875,91.96298217773438,20250225-155235
3989,18446744073709551615,0,0.83203125,614.8511962890625,154.256591796875,169.8317108154297,294.46710205078125,20250225-155235
3989,18446744073709551615,0,0.9091796875,40.182952880859375,318.5028076171875,1264.786865234375,1027.7001953125,20250225-155235
3989,18446744073709551615,0,0.92919921875,501.3230895996094,0.8694992065429688,369.11676025390625,566.9044189453125,20250225-155235
3990,18446744073709551615,0,0.4931640625,626.1472778320312,1270.685791015625,187.20849609375,184.07546997070312,20250225-155235
3990,18446744073709551615,0,0.4990234375,603.4453125,1539.773193359375,330.356689453125,346.7632141113281,20250225-155235
3990,18446744073709551615,0,0.64404296875,628.6959228515625,476.2795715332031,223.22360229492188,184.19769287109375,20250225-155235
3990,18446744073709551615,0,0.66357421875,663.6912231445312,1537.904296875,111.8792724609375,107.03118896484375,20250225-155235
3990,18446744073709551615,0,0.67041015625,640.7781372070312,297.39813232421875,128.19186401367188,125.81158447265625,20250225-155235
3990,18446744073709551615,0,0.72802734375,697.739501953125,1836.7562255859375,80.40911865234375,115.92059326171875,20250225-155235
3990,18446744073709551615,0,0.78515625,680.5673217773438,1444.6064453125,76.6944580078125,91.82583618164062,20250225-155235
3990,18446744073709551615,0,0.82373046875,784.30078125,1769.4598388671875,150.123046875,286.9518127441406,20250225-155235
3990,18446744073709551615,0,0.82763671875,617.016357421875,156.26998901367188,167.82069396972656,294.57952880859375,20250225-155235
3990,18446744073709551615,0,0.908203125,45.1505126953125,317.18121337890625,1263.5145263671875,1022.4188232421875,20250225-155235
3990,18446744073709551615,0,0.9296875,501.0677490234375,0.8709869384765625,369.09954833984375,566.9957885742188,20250225-155235
3991,18446744073709551615,0,0.474609375,603.492919921875,1602.3255615234375,271.37347412109375,353.0602111816406,20250225-155235
3991,18446744073709551615,0,0.5146484375,626.158447265625,1270.626708984375,187.95693969726562,187.29537963867188,20250225-155235
3991,18446744073709551615,0,0.5439453125,629.0552978515625,470.1383056640625,228.6925506591797,184.2520751953125,20250225-155235
3991,18446744073709551615,0,0.6611328125,640.7757568359375,297.1036376953125,126.76652526855469,125.31509399414062,20250225-155235
3991,18446744073709551615,0,0.6689453125,663.9743041992188,1537.7559814453125,113.01580810546875,106.90328979492188,20250225-155235
3991,18446744073709551615,0,0.72021484375,697.5972290039062,1837.236083984375,80.671142578125,116.44674682617188,20250225-155235
3991,18446744073709551615,0,0.7880859375,682.0543212890625,1447.3485107421875,73.94622802734375,90.076904296875,20250225-155235
3991,18446744073709551615,0,0.81982421875,783.5366821289062,1769.218505859375,150.25872802734375,287.6070556640625,20250225-155235
3991,18446744073709551615,0,0.82958984375,618.1521606445312,155.51220703125,167.86875915527344,292.46612548828125,20250225-155235
3991,18446744073709551615,0,0.90478515625,49.04695129394531,314.89306640625,1266.2325439453125,1020.0355224609375,20250225-155235
3991,18446744073709551615,0,0.92919921875,501.9781494140625,0.87066650390625,369.2841796875,566.2918701171875,20250225-155235
3992,18446744073709551615,0,0.533203125,626.3070068359375,1271.8955078125,186.017578125,203.300537109375,20250225-155235
3992,18446744073709551615,0,0.57666015625,603.3577880859375,1540.254150390625,331.2828369140625,349.5209655761719,20250225-155235
3992,18446744073709551615,0,0.61865234375,641.2294921875,296.5140380859375,128.90066528320312,124.79013061523438,20250225-155235
3992,18446744073709551615,0,0.67919921875,629.5065307617188,473.0478515625,226.22483825683594,186.51406860351562,20250225-155235
3992,18446744073709551615,0,0.6943359375,664.7432861328125,1537.4549560546875,112.6929931640625,105.7298583984375,20250225-155235
3992,18446744073709551615,0,0.69677734375,697.5679931640625,1838.2005615234375,80.41534423828125,115.71771240234375,20250225-155235
3992,18446744073709551615,0,0.7919921875,682.0504760742188,1445.3692626953125,75.87139892578125,90.26348876953125,20250225-155235
3992,18446744073709551615,0,0.81982421875,784.0684204101562,1769.4093017578125,150.16168212890625,287.26556396484375,20250225-155235
3992,18446744073709551615,0,0.83642578125,617.965576171875,157.3411407470703,165.97157287597656,293.66143798828125,20250225-155235
3992,18446744073709551615,0,0.90478515625,51.01190185546875,314.303955078125,1266.9796142578125,1018.2099609375,20250225-155235
3992,18446744073709551615,0,0.92822265625,501.67987060546875,0.8580322265625,369.302001953125,566.6163330078125,20250225-155235
3993,18446744073709551615,0,0.2421875,656.8840942382812,1389.0762939453125,64.946044921875,126.91232299804688,20250225-155235
3993,18446744073709551615,0,0.35498046875,626.400146484375,1270.438720703125,188.32699584960938,183.32656860351562,20250225-155235
3993,18446744073709551615,0,0.53125,629.12841796875,538.6906127929688,161.0596160888672,139.00588989257812,20250225-155235
3993,18446744073709551615,0,0.5498046875,603.3286743164062,1639.705810546875,236.66107177734375,368.5423278808594,20250225-155235
3993,18446744073709551615,0,0.68505859375,641.139404296875,295.4804992675781,128.16490173339844,124.69491577148438,20250225-155235
3993,18446744073709551615,0,0.69091796875,697.5697021484375,1838.6279296875,80.1778564453125,114.71429443359375,20250225-155235
3993,18446744073709551615,0,0.72412109375,665.3897094726562,1537.169677734375,114.71905517578125,105.8514404296875,20250225-155235
3993,18446744073709551615,0,0.8115234375,681.5443725585938,1446.585693359375,74.3551025390625,90.46444702148438,20250225-155235
3993,18446744073709551615,0,0.81591796875,784.900634765625,1769.670166015625,149.618408203125,285.9846496582031,20250225-155235
3993,18446744073709551615,0,0.83837890625,617.5125732421875,155.28533935546875,167.59716796875,292.35260009765625,20250225-155235
3993,18446744073709551615,0,0.9013671875,49.82281494140625,313.3231201171875,1268.7314453125,1019.3642578125,20250225-155235
3993,18446744073709551615,0,0.9287109375,501.7159423828125,0.8702545166015625,369.8233642578125,566.5947875976562,20250225-155235
3994,18446744073709551615,0,0.206298828125,656.1512451171875,1388.57958984375,62.903228759765625,125.33038330078125,20250225-155235
3994,18446744073709551615,0,0.453369140625,626.26318359375,1269.822509765625,184.11968994140625,165.52175903320312,20250225-155235
3994,18446744073709551615,0,0.4814453125,629.5294189453125,538.0889892578125,160.54440307617188,139.17828369140625,20250225-155235
3994,18446744073709551615,0,0.56689453125,664.92529296875,1538.169677734375,112.5076904296875,105.4368896484375,20250225-155235
3994,18446744073709551615,0,0.638671875,603.087890625,1539.8096923828125,332.82586669921875,352.6373291015625,20250225-155235
3994,18446744073709551615,0,0.65673828125,698.21630859375,1840.1260986328125,77.44647216796875,115.69857788085938,20250225-155235
3994,18446744073709551615,0,0.72021484375,680.6636352539062,1443.4796142578125,77.30108642578125,91.89852905273438,20250225-155235
3994,18446744073709551615,0,0.73046875,640.95263671875,292.43646240234375,130.55520629882812,125.08108520507812,20250225-155235
3994,18446744073709551615,0,0.8193359375,784.7770385742188,1769.33642578125,150.04119873046875,286.4186096191406,20250225-155235
3994,18446744073709551615,0,0.8427734375,616.8414916992188,154.65887451171875,169.06202697753906,293.2978820800781,20250225-155235
3994,18446744073709551615,0,0.90283203125,47.571258544921875,317.93280029296875,1262.9765625,1020.1505126953125,20250225-155235
3994,18446744073709551615,0,0.92919921875,500.9755554199219,0.6867599487304688,369.0941467285156,567.1994018554688,20250225-155235
3995,18446744073709551615,0,0.470703125,626.5068969726562,1269.5390625,186.17010498046875,174.1109619140625,20250225-155235
3995,18446744073709551615,0,0.5869140625,602.958984375,1540.0177001953125,332.59332275390625,338.0651550292969,20250225-155235
3995,18446744073709551615,0,0.59716796875,664.8671875,1537.5648193359375,112.541748046875,105.57421875,20250225-155235
3995,18446744073709551615,0,0.59912109375,629.34619140625,472.7149658203125,225.67149353027344,155.98150634765625,20250225-155235
3995,18446744073709551615,0,0.69189453125,697.9912109375,1842.286376953125,76.61444091796875,114.9228515625,20250225-155235
3995,18446744073709551615,0,0.73583984375,640.3271484375,292.74896240234375,129.15550231933594,125.87979125976562,20250225-155235
3995,18446744073709551615,0,0.74560546875,681.1115112304688,1445.44677734375,74.79034423828125,91.27606201171875,20250225-155235
3995,18446744073709551615,0,0.81884765625,783.7843017578125,1770.2197265625,149.29248046875,288.2633056640625,20250225-155235
3995,18446744073709551615,0,0.84375,616.9925537109375,153.5566864013672,169.74737548828125,291.992431640625,20250225-155235
3995,18446744073709551615,0,0.90380859375,41.62156677246094,318.728759765625,1263.212890625,1026.1376953125,20250225-155235
3995,18446744073709551615,0,0.92724609375,501.1518859863281,1.0650558471679688,368.941650390625,567.0120849609375,20250225-155235
3996,18446744073709551615,0,0.484375,665.2598876953125,1538.1390380859375,111.34112548828125,104.98672485351562,20250225-155235
3996,18446744073709551615,0,0.5078125,626.3527221679688,1270.31396484375,184.4813232421875,187.77932739257812,20250225-155235
3996,18446744073709551615,0,0.57666015625,698.3062133789062,1844.68798828125,73.15997314453125,116.03530883789062,20250225-155235
3996,18446744073709551615,0,0.681640625,681.03955078125,1447.00830078125,72.61367797851562,91.05349731445312,20250225-155235
3996,18446744073709551615,0,0.6826171875,601.886962890625,1539.2003173828125,332.90020751953125,338.65283203125,20250225-155235
3996,18446744073709551615,0,0.68603515625,639.9744873046875,291.49090576171875,130.5629425048828,126.12863159179688,20250225-155235
3996,18446744073709551615,0,0.73193359375,629.7060546875,472.28045654296875,227.050048828125,159.54620361328125,20250225-155235
3996,18446744073709551615,0,0.80615234375,785.8954467773438,1769.09912109375,150.3731689453125,284.6505432128906,20250225-155235
3996,18446744073709551615,0,0.8359375,617.5178833007812,154.27029418945312,169.23797607421875,291.5038146972656,20250225-155235
3996,18446744073709551615,0,0.90234375,45.832305908203125,317.5081787109375,1263.2109375,1022.3016357421875,20250225-155235
3996,18446744073709551615,0,0.9248046875,501.6459045410156,1.0678253173828125,368.7611083984375,566.7454833984375,20250225-155235
3997,18446744073709551615,0,0.501953125,665.4853515625,1538.8883056640625,109.66827392578125,104.61016845703125,20250225-155235
3997,18446744073709551615,0,0.5029296875,625.954345703125,1270.14111328125,184.95584106445312,191.45526123046875,20250225-155235
3997,18446744073709551615,0,0.56494140625,698.1033325195312,1846.7021484375,71.1990966796875,115.24942016601562,20250225-155235
3997,18446744073709551615,0,0.60205078125,603.9420776367188,1544.4708251953125,332.40618896484375,326.1507568359375,20250225-155235
3997,18446744073709551615,0,0.6123046875,640.8934326171875,291.7576904296875,130.98568725585938,126.670166015625,20250225-155235
3997,18446744073709551615,0,0.6416015625,681.6304321289062,1444.5711669921875,74.78887939453125,90.69744873046875,20250225-155235
3997,18446744073709551615,0,0.80078125,630.595947265625,480.09783935546875,218.68048095703125,157.70672607421875,20250225-155235
3997,18446744073709551615,0,0.806640625,783.0889892578125,1770.3431396484375,149.17987060546875,289.0341796875,20250225-155235
3997,18446744073709551615,0,0.841796875,616.9888916015625,151.31236267089844,172.77223205566406,292.2828369140625,20250225-155235
3997,18446744073709551615,0,0.90478515625,44.81011962890625,318.642333984375,1263.10400390625,1023.0750732421875,20250225-155235
3997,18446744073709551615,0,0.92529296875,501.7618103027344,0.873046875,368.546142578125,566.6991577148438,20250225-155235
3998,18446744073709551615,0,0.449462890625,640.7085571289062,290.5362854003906,139.62432861328125,137.06552124023438,20250225-155235
3998,18446744073709551615,0,0.4794921875,666.383056640625,1538.8289794921875,110.12933349609375,104.17849731445312,20250225-155235
3998,18446744073709551615,0,0.5107421875,698.316162109375,1849.2601318359375,68.36041259765625,114.69195556640625,20250225-155235
3998,18446744073709551615,0,0.5390625,626.0227661132812,1268.328857421875,188.79290771484375,196.41943359375,20250225-155235
3998,18446744073709551615,0,0.607421875,603.6533203125,1541.2093505859375,336.29461669921875,342.5082092285156,20250225-155235
3998,18446744073709551615,0,0.70263671875,683.1414794921875,1444.076904296875,74.9937744140625,88.8402099609375,20250225-155235
3998,18446744073709551615,0,0.802734375,630.0225219726562,479.5924987792969,218.86102294921875,158.00784301757812,20250225-155235
3998,18446744073709551615,0,0.81396484375,781.6876831054688,1770.035888671875,149.48675537109375,289.51190185546875,20250225-155235
3998,18446744073709551615,0,0.83544921875,617.67138671875,152.90625,170.60984802246094,291.00823974609375,20250225-155235
3998,18446744073709551615,0,0.90576171875,43.96064758300781,318.85321044921875,1261.4381103515625,1023.7188720703125,20250225-155235
3998,18446744073709551615,0,0.9267578125,501.58428955078125,0.8731155395507812,367.8330993652344,566.9591064453125,20250225-155235
3999,18446744073709551615,0,0.419677734375,604.0902099609375,1628.6729736328125,254.24835205078125,348.7656555175781,20250225-155235
3999,18446744073709551615,0,0.453369140625,697.1572265625,1851.97265625,66.14959716796875,85.58303833007812,20250225-155235
3999,18446744073709551615,0,0.509765625,640.5137939453125,290.5565185546875,138.82846069335938,138.978515625,20250225-155235
3999,18446744073709551615,0,0.5556640625,665.5098266601562,1539.0172119140625,113.45892333984375,105.26724243164062,20250225-155235
3999,18446744073709551615,0,0.5947265625,626.199462890625,1268.9998779296875,186.4639892578125,186.30084228515625,20250225-155235
3999,18446744073709551615,0,0.63232421875,684.46435546875,1443.76708984375,74.48455810546875,87.02938842773438,20250225-155235
3999,18446744073709551615,0,0.8134765625,784.1196899414062,1770.1875,149.31390380859375,286.5141906738281,20250225-155235
3999,18446744073709551615,0,0.82958984375,629.9291381835938,480.2471008300781,217.7409210205078,159.3233642578125,20250225-155235
3999,18446744073709551615,0,0.83203125,617.477294921875,152.1544189453125,172.0692901611328,292.518310546875,20250225-155235
3999,18446744073709551615,0,0.90087890625,45.5137939453125,314.1732177734375,1266.4888916015625,1021.9434814453125,20250225-155235
3999,18446744073709551615,0,0.9267578125,501.7269287109375,1.0611190795898438,367.3141784667969,566.5784912109375,20250225-155235
4000,18446744073709551615,0,0.525390625,664.3663330078125,1539.90087890625,112.00872802734375,106.2506103515625,20250225-155235
4000,18446744073709551615,0,0.525390625,696.8426513671875,1852.384521484375,62.306396484375,77.9366455078125,20250225-155235
4000,18446744073709551615,0,0.5400390625,641.4325561523438,292.83837890625,143.41575622558594,181.67852783203125,20250225-155235
4000,18446744073709551615,0,0.552734375,625.72412109375,1271.7091064453125,182.79931640625,176.68670654296875,20250225-155235
4000,18446744073709551615,0,0.6259765625,603.3861694335938,1540.9921875,342.4661865234375,358.22662353515625,20250225-155235
4000,18446744073709551615,0,0.63623046875,685.6964111328125,1444.4935302734375,72.57861328125,85.9658203125,20250225-155235
4000,18446744073709551615,0,0.8056640625,629.1357421875,481.1554870605469,216.59536743164062,165.07992553710938,20250225-155235
4000,18446744073709551615,0,0.8134765625,780.7349853515625,1770.3585205078125,149.04620361328125,290.54315185546875,20250225-155235
4000,18446744073709551615,0,0.8369140625,616.8191528320312,152.58522033691406,170.51239013671875,292.7525939941406,20250225-155235
4000,18446744073709551615,0,0.90283203125,48.89973449707031,312.375732421875,1269.637939453125,1018.7874755859375,20250225-155235
4000,18446744073709551615,0,0.92724609375,501.6046142578125,0.8746490478515625,366.79608154296875,566.8569946289062,20250225-155235
4001,18446744073709551615,0,0.3720703125,666.1854858398438,1540.1920166015625,108.16461181640625,103.66049194335938,20250225-155235
4001,18446744073709551615,0,0.5107421875,640.9546508789062,293.6690673828125,135.72413635253906,140.56045532226562,20250225-155235
4001,18446744073709551615,0,0.525390625,696.6926879882812,1852.12353515625,62.28863525390625,72.88577270507812,20250225-155235
4001,18446744073709551615,0,0.548828125,626.197998046875,1271.94140625,183.02691650390625,182.90267944335938,20250225-155235
4001,18446744073709551615,0,0.62158203125,685.69482421875,1443.7108154296875,73.32028198242188,85.77420043945312,20250225-155235
4001,18446744073709551615,0,0.6669921875,603.0928344726562,1538.6180419921875,348.56011962890625,353.37249755859375,20250225-155235
4001,18446744073709551615,0,0.8134765625,782.6978759765625,1770.093017578125,149.3258056640625,288.6839904785156,20250225-155235
4001,18446744073709551615,0,0.82275390625,628.95556640625,479.97381591796875,217.32952880859375,166.86795043945312,20250225-155235
4001,18446744073709551615,0,0.84033203125,616.097900390625,151.33099365234375,173.12722778320312,294.8313903808594,20250225-155235
4001,18446744073709551615,0,0.90478515625,48.142822265625,312.825439453125,1269.3153076171875,1019.6076049804688,20250225-155235
4001,18446744073709551615,0,0.92626953125,501.3658447265625,0.86883544921875,366.13043212890625,567.253662109375,20250225-155235
4002,18446744073709551615,0,0.2783203125,699.1043701171875,1775.826416015625,122.542236328125,116.949462890625,20250225-155235
4002,18446744073709551615,0,0.383056640625,696.8538208007812,1852.5341796875,60.7562255859375,67.07638549804688,20250225-155235
4002,18446744073709551615,0,0.444580078125,665.6654663085938,1540.1209716796875,108.28326416015625,104.37945556640625,20250225-155235
4002,18446744073709551615,0,0.5869140625,625.8905029296875,1271.5438232421875,184.5618896484375,193.59228515625,20250225-155235
4002,18446744073709551615,0,0.5947265625,640.68603515625,296.97613525390625,130.33712768554688,138.10968017578125,20250225-155235
4002,18446744073709551615,0,0.615234375,685.8030395507812,1442.587890625,74.27783203125,85.9566650390625,20250225-155235
4002,18446744073709551615,0,0.66796875,602.86865234375,1553.3902587890625,310.8577880859375,358.9031982421875,20250225-155235
4002,18446744073709551615,0,0.80419921875,780.62109375,1769.234375,150.242431640625,290.2240905761719,20250225-155235
4002,18446744073709551615,0,0.822265625,629.8758544921875,482.3694763183594,217.07675170898438,166.275146484375,20250225-155235
4002,18446744073709551615,0,0.8359375,616.5142822265625,152.1825714111328,172.50718688964844,295.8804931640625,20250225-155235
4002,18446744073709551615,0,0.9033203125,42.47840881347656,309.8748779296875,1270.0799560546875,1025.568603515625,20250225-155235
4002,18446744073709551615,0,0.92724609375,501.1878662109375,0.8730926513671875,365.5096435546875,566.9530029296875,20250225-155235
4003,18446744073709551615,0,0.37939453125,664.7935180664062,1540.107421875,109.58843994140625,106.56234741210938,20250225-155236
4003,18446744073709551615,0,0.43408203125,695.6574096679688,1780.3839111328125,135.04815673828125,122.49774169921875,20250225-155236
4003,18446744073709551615,0,0.50390625,641.3375244140625,298.45709228515625,132.30166625976562,177.78927612304688,20250225-155236
4003,18446744073709551615,0,0.537109375,626.2564086914062,1272.767822265625,185.5975341796875,188.42431640625,20250225-155236
4003,18446744073709551615,0,0.64892578125,687.6448974609375,1442.3099365234375,73.69921875,84.1175537109375,20250225-155236
4003,18446744073709551615,0,0.72705078125,604.5567626953125,1545.926513671875,317.64715576171875,359.9299621582031,20250225-155236
4003,18446744073709551615,0,0.79248046875,782.2706909179688,1769.5770263671875,149.33038330078125,291.1471252441406,20250225-155236
4003,18446744073709551615,0,0.80517578125,629.4402465820312,479.1337890625,220.30947875976562,168.14785766601562,20250225-155236
4003,18446744073709551615,0,0.84521484375,617.2423095703125,151.91342163085938,172.0623321533203,292.4288635253906,20250225-155236
4003,18446744073709551615,0,0.90185546875,39.859588623046875,307.05743408203125,1273.503662109375,1028.026611328125,20250225-155236
4003,18446744073709551615,0,0.92626953125,501.24609375,0.8704147338867188,365.153076171875,567.10595703125,20250225-155236
4004,18446744073709551615,0,0.405517578125,664.0557861328125,1542.2911376953125,105.59967041015625,105.10409545898438,20250225-155236
4004,18446744073709551615,0,0.46484375,692.2431640625,1794.27783203125,123.09521484375,126.31109619140625,20250225-155236
4004,18446744073709551615,0,0.4765625,641.340576171875,295.67108154296875,134.88624572753906,175.792236328125,20250225-155236
4004,18446744073709551615,0,0.61328125,625.96044921875,1272.576171875,186.14511108398438,197.73651123046875,20250225-155236
4004,18446744073709551615,0,0.6533203125,688.3670654296875,1441.9873046875,74.072021484375,84.0838623046875,20250225-155236
4004,18446744073709551615,0,0.7373046875,604.9348754882812,1545.2801513671875,318.92523193359375,352.631103515625,20250225-155236
4004,18446744073709551615,0,0.767578125,629.3170166015625,479.4685363769531,220.01490783691406,169.77969360351562,20250225-155236
4004,18446744073709551615,0,0.77685546875,784.7874755859375,1769.69970703125,149.21319580078125,288.38031005859375,20250225-155236
4004,18446744073709551615,0,0.84765625,617.2999877929688,152.7355194091797,170.80909729003906,292.52142333984375,20250225-155236
4004,18446744073709551615,0,0.90283203125,45.707611083984375,307.67974853515625,1273.866943359375,1022.4466552734375,20250225-155236
4004,18446744073709551615,0,0.927734375,501.4020080566406,0.8666839599609375,367.8966369628906,566.8394165039062,20250225-155236
4005,18446744073709551615,0,0.260498046875,658.210693359375,1390.42919921875,66.1116943359375,133.19265747070312,20250225-155236
4005,18446744073709551615,0,0.341552734375,663.0243530273438,1543.091796875,108.2900390625,96.89959716796875,20250225-155236
4005,18446744073709551615,0,0.403564453125,626.0359497070312,1273.9090576171875,186.05209350585938,200.08016967773438,20250225-155236
4005,18446744073709551615,0,0.4951171875,641.5153198242188,296.0950927734375,134.540771484375,174.47003173828125,20250225-155236
4005,18446744073709551615,0,0.5537109375,685.749755859375,1799.3056640625,119.2869873046875,135.9788818359375,20250225-155236
4005,18446744073709551615,0,0.73388671875,688.2280883789062,1446.309326171875,70.22781372070312,83.39181518554688,20250225-155236
4005,18446744073709551615,0,0.73876953125,628.8012084960938,477.2161865234375,222.75970458984375,170.68341064453125,20250225-155236
4005,18446744073709551615,0,0.76708984375,606.5864868164062,1543.916748046875,319.0799560546875,354.4834899902344,20250225-155236
4005,18446744073709551615,0,0.76904296875,785.5338134765625,1769.4708251953125,149.44171142578125,287.5368347167969,20250225-155236
4005,18446744073709551615,0,0.8388671875,616.5186767578125,151.9757080078125,172.2893829345703,295.7135925292969,20250225-155236
4005,18446744073709551615,0,0.90478515625,43.651611328125,308.7132568359375,1272.709716796875,1024.188232421875,20250225-155236
4005,18446744073709551615,0,0.92822265625,501.3870849609375,0.6847915649414062,367.00860595703125,566.870849609375,20250225-155236
4006,18446744073709551615,0,0.2371826171875,660.2991943359375,1390.927978515625,63.694427490234375,135.46096801757812,20250225-155236
4006,18446744073709551615,0,0.2666015625,686.240966796875,1796.271484375,123.30615234375,130.87060546875,20250225-155236
4006,18446744073709551615,0,0.303955078125,663.9673461914062,1542.3489990234375,106.1583251953125,105.09210205078125,20250225-155236
4006,18446744073709551615,0,0.5263671875,626.2769165039062,1273.3848876953125,184.67706298828125,195.35971069335938,20250225-155236
4006,18446744073709551615,0,0.56689453125,641.7503662109375,294.5235595703125,135.19432067871094,177.51177978515625,20250225-155236
4006,18446744073709551615,0,0.68359375,691.2799072265625,1448.959228515625,66.815185546875,79.48617553710938,20250225-155236
4006,18446744073709551615,0,0.72509765625,606.9581909179688,1543.0806884765625,319.57489013671875,343.406982421875,20250225-155236
4006,18446744073709551615,0,0.76611328125,781.6144409179688,1769.455810546875,149.4554443359375,291.6341857910156,20250225-155236
4006,18446744073709551615,0,0.7841796875,629.61328125,478.0009765625,222.16168212890625,169.59512329101562,20250225-155236
4006,18446744073709551615,0,0.84423828125,616.3721923828125,151.15223693847656,172.24200439453125,293.7118835449219,20250225-155236
4006,18446744073709551615,0,0.90380859375,45.362548828125,307.32843017578125,1273.513916015625,1022.5380249023438,20250225-155236
4006,18446744073709551615,0,0.927734375,501.50079345703125,0.8745574951171875,366.67498779296875,566.5797729492188,20250225-155236
4007,18446744073709551615,0,0.352294921875,608.477783203125,1638.7803955078125,224.159912109375,368.8530578613281,20250225-155236
4007,18446744073709551615,0,0.3701171875,681.2378540039062,1799.351806640625,118.92864990234375,141.51644897460938,20250225-155236
4007,18446744073709551615,0,0.53125,641.9371337890625,295.34674072265625,134.7198028564453,173.455810546875,20250225-155236
4007,18446744073709551615,0,0.5419921875,692.73779296875,1450.1578369140625,64.54779052734375,79.43463134765625,20250225-155236
4007,18446744073709551615,0,0.56103515625,663.7967529296875,1542.756591796875,110.97857666015625,106.4901123046875,20250225-155236
4007,18446744073709551615,0,0.595703125,626.0359497070312,1275.139892578125,180.80575561523438,188.43264770507812,20250225-155236
4007,18446744073709551615,0,0.74560546875,629.318115234375,478.6980285644531,220.4344940185547,169.77035522460938,20250225-155236
4007,18446744073709551615,0,0.7490234375,782.045654296875,1770.4244384765625,149.00244140625,288.4151916503906,20250225-155236
4007,18446744073709551615,0,0.84228515625,616.335693359375,153.59872436523438,170.08482360839844,293.21099853515625,20250225-155236
4007,18446744073709551615,0,0.90478515625,43.14971923828125,309.42498779296875,1270.86083984375,1024.425537109375,20250225-155236
4007,18446744073709551615,0,0.92919921875,501.24462890625,0.869842529296875,366.67291259765625,567.0272216796875,20250225-155236
4008,18446744073709551615,0,0.2401123046875,688.9407348632812,1793.8377685546875,125.95697021484375,131.77532958984375,20250225-155236
4008,18446744073709551615,0,0.4697265625,664.4208984375,1542.5888671875,111.3870849609375,105.40457153320312,20250225-155236
4008,18446744073709551615,0,0.51171875,641.8568115234375,294.7100830078125,134.8206024169922,172.63092041015625,20250225-155236
4008,18446744073709551615,0,0.55810546875,693.279296875,1448.3397216796875,65.920166015625,78.99810791015625,20250225-155236
4008,18446744073709551615,0,0.56103515625,609.3350830078125,1547.206787109375,316.007080078125,358.8146667480469,20250225-155236
4008,18446744073709551615,0,0.6123046875,626.0267944335938,1275.0714111328125,181.50302124023438,188.78512573242188,20250225-155236
4008,18446744073709551615,0,0.74560546875,629.2886352539062,475.56884765625,225.46600341796875,172.55245971679688,20250225-155236
4008,18446744073709551615,0,0.75341796875,781.820068359375,1770.752197265625,148.76788330078125,288.62457275390625,20250225-155236
4008,18446744073709551615,0,0.849609375,617.184814453125,151.92054748535156,172.19998168945312,293.6880798339844,20250225-155236
4008,18446744073709551615,0,0.90673828125,43.990081787109375,308.47845458984375,1269.8118896484375,1023.7922973632812,20250225-155236
4008,18446744073709551615,0,0.9287109375,500.785400390625,0.8720855712890625,367.017822265625,567.52734375,20250225-155236
4009,18446744073709551615,0,0.244384765625,688.2262573242188,1786.3289794921875,129.75933837890625,132.04998779296875,20250225-155236
4009,18446744073709551615,0,0.26513671875,659.915771484375,1384.5927734375,66.36236572265625,133.96206665039062,20250225-155236
4009,18446744073709551615,0,0.4599609375,662.1198120117188,1541.3873291015625,115.34783935546875,108.54904174804688,20250225-155236
4009,18446744073709551615,0,0.5400390625,642.4674682617188,292.59173583984375,136.29835510253906,175.09579467773438,20250225-155236
4009,18446744073709551615,0,0.607421875,610.3505859375,1549.017333984375,314.660888671875,364.4709777832031,20250225-155236
4009,18446744073709551615,0,0.61962890625,691.65869140625,1427.1676025390625,87.59500122070312,139.17572021484375,20250225-155236
4009,18446744073709551615,0,0.62060546875,624.5037231445312,1274.639892578125,175.97543334960938,169.13827514648438,20250225-155236
4009,18446744073709551615,0,0.74609375,782.7623291015625,1770.1256103515625,149.302734375,287.33734130859375,20250225-155236
4009,18446744073709551615,0,0.77197265625,629.9622802734375,479.1961669921875,220.6189727783203,172.45321655273438,20250225-155236
4009,18446744073709551615,0,0.845703125,616.6124267578125,153.3211669921875,170.28282165527344,292.6021728515625,20250225-155236
4009,18446744073709551615,0,0.9052734375,46.768341064453125,307.452392578125,1274.4605712890625,1021.0299682617188,20250225-155236
4009,18446744073709551615,0,0.92822265625,501.1644287109375,0.8673019409179688,367.18096923828125,567.23388671875,20250225-155236
4010,18446744073709551615,0,0.24365234375,691.62890625,1796.56494140625,121.57122802734375,131.78842163085938,20250225-155236
4010,18446744073709551615,0,0.4853515625,611.759765625,1628.0430908203125,234.9298095703125,364.7681579589844,20250225-155236
4010,18446744073709551615,0,0.505859375,695.1036376953125,1449.352294921875,65.31060791015625,77.27801513671875,20250225-155236
4010,18446744073709551615,0,0.517578125,641.9437866210938,293.31927490234375,136.7021484375,167.42138671875,20250225-155236
4010,18446744073709551615,0,0.5419921875,663.9288940429688,1540.683837890625,115.3604736328125,107.03329467773438,20250225-155236
4010,18446744073709551615,0,0.59619140625,625.4761962890625,1274.551025390625,179.88656616210938,185.77899169921875,20250225-155236
4010,18446744073709551615,0,0.7470703125,786.3558349609375,1770.393310546875,149.13226318359375,283.84130859375,20250225-155236
4010,18446744073709551615,0,0.802734375,629.9659423828125,478.43719482421875,222.5482635498047,171.51864624023438,20250225-155236
4010,18446744073709551615,0,0.8447265625,615.6714477539062,151.88711547851562,171.22560119628906,293.0730285644531,20250225-155236
4010,18446744073709551615,0,0.9013671875,48.54620361328125,306.4193115234375,1276.96630859375,1019.4175415039062,20250225-155236
4010,18446744073709551615,0,0.9296875,501.07891845703125,1.0584640502929688,367.15478515625,567.0755615234375,20250225-155236
4011,18446744073709551615,0,0.2330322265625,693.64208984375,1796.00390625,121.086181640625,131.05517578125,20250225-155236
4011,18446744073709551615,0,0.4853515625,611.6958618164062,1555.64501953125,306.96295166015625,360.2937927246094,20250225-155236
4011,18446744073709551615,0,0.498046875,662.4497680664062,1544.0599365234375,114.39312744140625,107.61236572265625,20250225-155236
4011,18446744073709551615,0,0.5478515625,695.771484375,1451.1600341796875,63.554443359375,76.14743041992188,20250225-155236
4011,18446744073709551615,0,0.56494140625,641.7540283203125,294.6680603027344,136.21311950683594,173.49664306640625,20250225-155236
4011,18446744073709551615,0,0.650390625,625.5005493164062,1274.7315673828125,179.91769409179688,189.2244873046875,20250225-155236
4011,18446744073709551615,0,0.755859375,784.260498046875,1770.20654296875,149.22308349609375,286.6897888183594,20250225-155236
4011,18446744073709551615,0,0.81640625,629.8824462890625,479.0981140136719,221.40467834472656,169.66021728515625,20250225-155236
4011,18446744073709551615,0,0.8525390625,614.4847412109375,152.39991760253906,170.58851623535156,294.6448059082031,20250225-155236
4011,18446744073709551615,0,0.9013671875,44.69911193847656,307.99114990234375,1273.7021484375,1023.11279296875,20250225-155236
4011,18446744073709551615,0,0.92822265625,500.4246826171875,0.8684921264648438,367.5023193359375,567.5849609375,20250225-155236
4012,18446744073709551615,0,0.226806640625,693.3469848632812,1798.061279296875,121.63128662109375,128.98672485351562,20250225-155236
4012,18446744073709551615,0,0.254638671875,613.5703125,152.74710083007812,65.9985122680664,126.63958740234375,20250225-155236
4012,18446744073709551615,0,0.442626953125,611.7344970703125,1654.6083984375,208.87957763671875,359.14947509765625,20250225-155236
4012,18446744073709551615,0,0.478515625,694.6923828125,1428.891845703125,87.72354125976562,134.12091064453125,20250225-155236
4012,18446744073709551615,0,0.4990234375,641.9541015625,296.8060302734375,134.47325134277344,165.46453857421875,20250225-155236
4012,18446744073709551615,0,0.5302734375,663.6809692382812,1542.708740234375,118.74609375,107.71636962890625,20250225-155236
4012,18446744073709551615,0,0.6162109375,624.416748046875,1274.67919921875,177.90435791015625,178.90145874023438,20250225-155236
4012,18446744073709551615,0,0.7646484375,786.0028076171875,1770.3974609375,149.0452880859375,284.6707763671875,20250225-155236
4012,18446744073709551615,0,0.79931640625,629.6163940429688,478.2972106933594,222.52976989746094,172.1700439453125,20250225-155236
4012,18446744073709551615,0,0.84228515625,612.9010620117188,150.8188934326172,172.56362915039062,297.1220397949219,20250225-155236
4012,18446744073709551615,0,0.900390625,40.357818603515625,307.4249267578125,1273.622802734375,1027.639892578125,20250225-155236
4012,18446744073709551615,0,0.9267578125,500.7204895019531,0.6870803833007812,367.3293762207031,567.6463623046875,20250225-155236
4013,18446744073709551615,0,0.2393798828125,694.1317749023438,1798.4622802734375,119.7967529296875,130.8621826171875,20250225-155236
4013,18446744073709551615,0,0.4658203125,613.4503784179688,1654.365234375,204.66705322265625,339.41436767578125,20250225-155236
4013,18446744073709551615,0,0.529296875,695.5384521484375,1449.04150390625,65.12429809570312,76.6395263671875,20250225-155236
4013,18446744073709551615,0,0.552734375,625.0955200195312,1274.8448486328125,180.52130126953125,186.04861450195312,20250225-155236
4013,18446744073709551615,0,0.56591796875,642.2096557617188,296.86883544921875,135.05776977539062,174.97494506835938,20250225-155236
4013,18446744073709551615,0,0.5859375,664.8158569335938,1541.692138671875,121.037109375,106.66580200195312,20250225-155236
4013,18446744073709551615,0,0.7578125,786.3294067382812,1770.229248046875,149.29119873046875,284.3605041503906,20250225-155236
4013,18446744073709551615,0,0.79248046875,629.7910766601562,478.67431640625,223.45660400390625,174.98794555664062,20250225-155236
4013,18446744073709551615,0,0.833984375,612.5516967773438,154.15647888183594,170.2809600830078,297.1856689453125,20250225-155236
4013,18446744073709551615,0,0.90087890625,42.83912658691406,310.02081298828125,1271.9521484375,1025.195068359375,20250225-155236
4013,18446744073709551615,0,0.9267578125,501.10986328125,1.060821533203125,367.1495361328125,567.1376953125,20250225-155236
4014,18446744073709551615,0,0.2166748046875,659.6981201171875,1385.98291015625,67.78985595703125,135.573486328125,20250225-155236
4014,18446744073709551615,0,0.219970703125,678.6387939453125,1789.1802978515625,94.830322265625,135.50225830078125,20250225-155236
4014,18446744073709551615,0,0.2493896484375,696.5062866210938,1865.8743896484375,48.8140869140625,75.513427734375,20250225-155236
4014,18446744073709551615,0,0.494140625,625.5406494140625,1275.38623046875,181.55520629882812,189.33819580078125,20250225-155236
4014,18446744073709551615,0,0.5458984375,695.7586669921875,1447.64794921875,66.435791015625,76.55209350585938,20250225-155236
4014,18446744073709551615,0,0.548828125,642.741455078125,299.6046142578125,132.62612915039062,169.58770751953125,20250225-155236
4014,18446744073709551615,0,0.60107421875,613.6468505859375,1655.7689208984375,201.65093994140625,336.7942199707031,20250225-155236
4014,18446744073709551615,0,0.68505859375,665.7247924804688,1542.913818359375,119.80517578125,105.60818481445312,20250225-155236
4014,18446744073709551615,0,0.76904296875,629.0436401367188,479.31298828125,221.92437744140625,175.65884399414062,20250225-155236
4014,18446744073709551615,0,0.78125,788.5314331054688,1769.21044921875,150.298828125,281.9063415527344,20250225-155236
4014,18446744073709551615,0,0.82177734375,614.2352294921875,151.1059112548828,172.97470092773438,295.80487060546875,20250225-155236
4014,18446744073709551615,0,0.89892578125,40.52783203125,308.62176513671875,1272.4566650390625,1027.276611328125,20250225-155236
4014,18446744073709551615,0,0.92724609375,501.6147766113281,0.8729095458984375,367.8232116699219,566.6973266601562,20250225-155236
4015,18446744073709551615,0,0.2017822265625,693.9530639648438,1800.676025390625,119.04620361328125,127.96865844726562,20250225-155236
4015,18446744073709551615,0,0.54296875,613.9381713867188,1656.986572265625,204.08056640625,336.07342529296875,20250225-155236
4015,18446744073709551615,0,0.5498046875,695.728271484375,1447.707763671875,66.744873046875,76.84634399414062,20250225-155236
4015,18446744073709551615,0,0.57275390625,625.4815063476562,1275.3011474609375,180.7803955078125,186.25003051757812,20250225-155236
4015,18446744073709551615,0,0.62890625,642.3836059570312,296.26727294921875,136.4984893798828,175.45513916015625,20250225-155236
4015,18446744073709551615,0,0.70166015625,665.9269409179688,1544.841796875,118.09991455078125,105.32766723632812,20250225-155236
4015,18446744073709551615,0,0.7646484375,789.5180053710938,1768.8511962890625,150.56268310546875,281.1003112792969,20250225-155236
4015,18446744073709551615,0,0.79736328125,614.969970703125,151.54150390625,173.6372833251953,295.3970947265625,20250225-155236
4015,18446744073709551615,0,0.8154296875,629.6141967773438,478.2618713378906,221.79263305664062,177.9906005859375,20250225-155236
4015,18446744073709551615,0,0.8955078125,40.509521484375,310.20355224609375,1274.3873291015625,1027.067138671875,20250225-155236
4015,18446744073709551615,0,0.9248046875,501.235107421875,1.244110107421875,366.7818298339844,566.875,20250225-155236
4016,18446744073709551615,0,0.236572265625,693.978515625,1799.5704345703125,118.47967529296875,130.24703979492188,20250225-155236
4016,18446744073709551615,0,0.272705078125,662.5321655273438,1386.285888671875,67.78793334960938,142.705810546875,20250225-155236
4016,18446744073709551615,0,0.33203125,612.7197875976562,1552.7442626953125,309.30560302734375,335.8506774902344,20250225-155236
4016,18446744073709551615,0,0.4833984375,664.5441284179688,1544.2371826171875,118.58404541015625,106.563720703125,20250225-155236
4016,18446744073709551615,0,0.51171875,695.5791015625,1449.6346435546875,64.49349975585938,76.64813232421875,20250225-155236
4016,18446744073709551615,0,0.5302734375,624.5030517578125,1275.788330078125,178.0345458984375,181.37384033203125,20250225-155236
4016,18446744073709551615,0,0.64892578125,641.294189453125,294.4930114746094,137.51426696777344,179.46661376953125,20250225-155236
4016,18446744073709551615,0,0.763671875,787.1468505859375,1769.4759521484375,150.0263671875,282.8865966796875,20250225-155236
4016,18446744073709551615,0,0.7685546875,629.0531616210938,480.1500244140625,219.61761474609375,174.71749877929688,20250225-155236
4016,18446744073709551615,0,0.798828125,614.2803955078125,150.60498046875,174.27882385253906,296.7768859863281,20250225-155236
4016,18446744073709551615,0,0.8974609375,40.680633544921875,311.29559326171875,1270.243896484375,1026.8521728515625,20250225-155236
4016,18446744073709551615,0,0.9248046875,501.46710205078125,1.0662689208984375,367.290771484375,566.7513427734375,20250225-155236
4017,18446744073709551615,0,0.20947265625,696.5026245117188,1864.4417724609375,53.31134033203125,81.05722045898438,20250225-155236
4017,18446744073709551615,0,0.2315673828125,693.1195678710938,1799.73193359375,118.09808349609375,132.11114501953125,20250225-155236
4017,18446744073709551615,0,0.4677734375,693.1673583984375,1430.58447265625,82.92269897460938,135.22137451171875,20250225-155236
4017,18446744073709551615,0,0.505859375,613.71142578125,1656.2471923828125,202.62506103515625,329.42047119140625,20250225-155236
4017,18446744073709551615,0,0.57080078125,641.95166015625,294.67877197265625,137.8865203857422,169.35415649414062,20250225-155236
4017,18446744073709551615,0,0.57373046875,624.66796875,1276.2398681640625,176.486572265625,173.24835205078125,20250225-155236
4017,18446744073709551615,0,0.5849609375,664.3969116210938,1544.0526123046875,119.44427490234375,106.51107788085938,20250225-155236
4017,18446744073709551615,0,0.75634765625,784.4104614257812,1770.47314453125,148.98138427734375,286.083251953125,20250225-155236
4017,18446744073709551615,0,0.7685546875,628.6188354492188,480.1142578125,220.65316772460938,177.28042602539062,20250225-155236
4017,18446744073709551615,0,0.82177734375,616.0736083984375,153.24130249023438,170.9794464111328,294.40008544921875,20250225-155236
4017,18446744073709551615,0,0.9013671875,40.165008544921875,310.36590576171875,1269.7130126953125,1027.3656005859375,20250225-155236
4017,18446744073709551615,0,0.92724609375,501.8088684082031,0.8777847290039062,367.6745300292969,566.55029296875,20250225-155236
4018,18446744073709551615,0,0.26123046875,693.9878540039062,1799.9637451171875,118.0059814453125,131.19351196289062,20250225-155236
4018,18446744073709551615,0,0.435791015625,612.652587890625,1560.6126708984375,298.724853515625,339.7196044921875,20250225-155236
4018,18446744073709551615,0,0.442626953125,694.82373046875,1443.9718017578125,71.3697509765625,76.317626953125,20250225-155236
4018,18446744073709551615,0,0.55078125,664.3978271484375,1544.4407958984375,118.98907470703125,106.81063842773438,20250225-155236
4018,18446744073709551615,0,0.56689453125,625.5699462890625,1276.321044921875,178.61087036132812,184.38949584960938,20250225-155236
4018,18446744073709551615,0,0.587890625,642.1177978515625,293.39129638671875,138.7006072998047,171.60589599609375,20250225-155236
4018,18446744073709551615,0,0.77783203125,784.4258422851562,1769.7213134765625,149.62408447265625,286.1217956542969,20250225-155236
4018,18446744073709551615,0,0.80322265625,615.770263671875,154.8348388671875,169.94395446777344,296.17071533203125,20250225-155236
4018,18446744073709551615,0,0.8076171875,629.8802490234375,479.30096435546875,221.9150390625,174.1072998046875,20250225-155236
4018,18446744073709551615,0,0.90087890625,40.206390380859375,310.840087890625,1273.244384765625,1027.1552734375,20250225-155236
4018,18446744073709551615,0,0.92431640625,501.86297607421875,0.6904220581054688,367.482666015625,566.3671875,20250225-155236
4019,18446744073709551615,0,0.2005615234375,696.39990234375,1863.3511962890625,55.04241943359375,81.15875244140625,20250225-155236
4019,18446744073709551615,0,0.315673828125,693.7781982421875,1797.6181640625,120.5408935546875,133.2484130859375,20250225-155236
4019,18446744073709551615,0,0.404541015625,613.229736328125,1598.383544921875,259.9215087890625,328.87115478515625,20250225-155236
4019,18446744073709551615,0,0.438720703125,695.4169921875,1445.498046875,68.45700073242188,77.64450073242188,20250225-155236
4019,18446744073709551615,0,0.55712890625,664.860107421875,1544.242431640625,119.7147216796875,106.179931640625,20250225-155236
4019,18446744073709551615,0,0.55712890625,624.6615600585938,1274.8685302734375,178.62387084960938,174.85610961914062,20250225-155236
4019,18446744073709551615,0,0.61669921875,642.9878540039062,292.68475341796875,140.64688110351562,176.18133544921875,20250225-155236
4019,18446744073709551615,0,0.7548828125,783.9061889648438,1769.7132568359375,149.6319580078125,286.5077819824219,20250225-155236
4019,18446744073709551615,0,0.79248046875,630.2235717773438,478.521240234375,221.80197143554688,174.85592651367188,20250225-155236
4019,18446744073709551615,0,0.818359375,615.818603515625,154.19677734375,169.9481964111328,295.56536865234375,20250225-155236
4019,18446744073709551615,0,0.89990234375,51.48600769042969,307.84735107421875,1277.648681640625,1017.3687744140625,20250225-155236
4019,18446744073709551615,0,0.92578125,501.714111328125,0.873046875,367.6652526855469,566.663330078125,20250225-155236
4020,18446744073709551615,0,0.307373046875,692.74951171875,1795.6982421875,123.2021484375,133.99172973632812,20250225-155236
4020,18446744073709551615,0,0.356689453125,613.7227783203125,1561.7838134765625,296.33203125,336.69488525390625,20250225-155236
4020,18446744073709551615,0,0.474609375,694.7059936523438,1433.943115234375,80.59423828125,134.29403686523438,20250225-155236
4020,18446744073709551615,0,0.5556640625,642.4716796875,294.6541442871094,137.85250854492188,174.54885864257812,20250225-155236
4020,18446744073709551615,0,0.57177734375,664.5488891601562,1544.098388671875,119.8575439453125,106.43069458007812,20250225-155236
4020,18446744073709551615,0,0.59716796875,624.740478515625,1274.87890625,177.2384033203125,170.68551635742188,20250225-155236
4020,18446744073709551615,0,0.77587890625,783.7589721679688,1769.987548828125,149.55523681640625,286.3944396972656,20250225-155236
4020,18446744073709551615,0,0.80517578125,616.4600830078125,152.2383270263672,172.02548217773438,291.42462158203125,20250225-155236
4020,18446744073709551615,0,0.806640625,629.4334716796875,477.3349914550781,224.8455047607422,175.46868896484375,20250225-155236
4020,18446744073709551615,0,0.9013671875,45.514068603515625,310.83819580078125,1271.458251953125,1021.9249877929688,20250225-155236
4020,18446744073709551615,0,0.92626953125,502.0806884765625,1.0648269653320312,368.5398864746094,566.4065551757812,20250225-155236
4021,18446744073709551615,0,0.216064453125,678.6908569335938,704.300048828125,51.83038330078125,24.051727294921875,20250225-155236
4021,18446744073709551615,0,0.3251953125,694.3507690429688,1802.507080078125,116.58160400390625,132.78323364257812,20250225-155236
4021,18446744073709551615,0,0.39697265625,611.2443237304688,1614.169677734375,244.3846435546875,367.28082275390625,20250225-155236
4021,18446744073709551615,0,0.490234375,663.8193969726562,1544.0335693359375,118.6322021484375,107.12905883789062,20250225-155236
4021,18446744073709551615,0,0.544921875,625.0079956054688,1274.8653564453125,183.233642578125,192.6533203125,20250225-155236
4021,18446744073709551615,0,0.61767578125,695.7088623046875,1444.677001953125,69.30459594726562,75.63839721679688,20250225-155236
4021,18446744073709551615,0,0.67578125,641.5584716796875,294.35308837890625,138.61770629882812,181.5611572265625,20250225-155236
4021,18446744073709551615,0,0.75830078125,781.5369873046875,1769.801025390625,149.738525390625,288.6929626464844,20250225-155236
4021,18446744073709551615,0,0.80615234375,629.3443603515625,475.7763671875,226.43234252929688,178.497802734375,20250225-155236
4021,18446744073709551615,0,0.81640625,615.45263671875,152.24569702148438,171.60997009277344,292.92681884765625,20250225-155236
4021,18446744073709551615,0,0.90087890625,51.0743408203125,307.32037353515625,1276.409423828125,1017.8109741210938,20250225-155236
4021,18446744073709551615,0,0.92529296875,501.49713134765625,1.0622406005859375,367.29833984375,566.8324584960938,20250225-155236
4022,18446744073709551615,0,0.2220458984375,696.0474243164062,1862.522705078125,54.9547119140625,80.447021484375,20250225-155236
4022,18446744073709551615,0,0.3115234375,694.4652099609375,1805.4384765625,113.2020263671875,130.927001953125,20250225-155236
4022,18446744073709551615,0,0.446533203125,662.5279541015625,1546.2000732421875,116.072021484375,107.43218994140625,20250225-155236
4022,18446744073709551615,0,0.5458984375,625.6265258789062,1273.678466796875,183.73196411132812,190.7384033203125,20250225-155236
4022,18446744073709551615,0,0.59375,696.7015380859375,1445.2900390625,68.7396240234375,74.53546142578125,20250225-155236
4022,18446744073709551615,0,0.625,641.5645751953125,292.6650390625,139.3644561767578,181.03811645507812,20250225-155236
4022,18446744073709551615,0,0.681640625,611.5623779296875,1548.4449462890625,310.13104248046875,351.8954772949219,20250225-155236
4022,18446744073709551615,0,0.78125,782.9462890625,1770.2578125,149.17620849609375,287.17529296875,20250225-155236
4022,18446744073709551615,0,0.78466796875,629.6962280273438,475.7394104003906,226.60414123535156,177.55426025390625,20250225-155236
4022,18446744073709551615,0,0.814453125,616.387451171875,150.86143493652344,172.4485321044922,292.65875244140625,20250225-155236
4022,18446744073709551615,0,0.900390625,47.991302490234375,310.1612548828125,1271.0511474609375,1019.68212890625,20250225-155236
4022,18446744073709551615,0,0.9267578125,501.6756591796875,0.8758621215820312,367.6871643066406,566.6700439453125,20250225-155236
4023,18446744073709551615,0,0.2451171875,662.162841796875,1388.888916015625,65.4993896484375,145.43206787109375,20250225-155236
4023,18446744073709551615,0,0.256103515625,694.70166015625,1807.18505859375,111.48724365234375,131.79180908203125,20250225-155236
4023,18446744073709551615,0,0.43212890625,662.5645751953125,1546.5648193359375,116.17950439453125,107.496826171875,20250225-155236
4023,18446744073709551615,0,0.5166015625,625.9667358398438,1271.9783935546875,183.67575073242188,183.31027221679688,20250225-155236
4023,18446744073709551615,0,0.5302734375,696.8618774414062,1441.04736328125,72.57513427734375,74.54562377929688,20250225-155236
4023,18446744073709551615,0,0.548828125,642.3955078125,298.06695556640625,134.63031005859375,176.0885009765625,20250225-155236
4023,18446744073709551615,0,0.57373046875,611.6297607421875,1549.8330078125,306.95654296875,346.8999938964844,20250225-155236
4023,18446744073709551615,0,0.759765625,629.51513671875,476.3738708496094,226.6101837158203,176.36270141601562,20250225-155236
4023,18446744073709551615,0,0.77978515625,781.5904541015625,1769.9088134765625,149.52264404296875,288.22265625,20250225-155236
4023,18446744073709551615,0,0.841796875,614.4486694335938,153.3341827392578,170.18553161621094,294.6530456542969,20250225-155236
4023,18446744073709551615,0,0.900390625,54.406951904296875,308.50469970703125,1277.1474609375,1013.3516235351562,20250225-155236
4023,18446744073709551615,0,0.9267578125,501.20068359375,1.253448486328125,366.9811706542969,566.9540405273438,20250225-155236
4024,18446744073709551615,0,0.22265625,696.59619140625,1860.5811767578125,57.29791259765625,75.30624389648438,20250225-155236
4024,18446744073709551615,0,0.2509765625,660.3358154296875,1387.576171875,65.85653686523438,143.244873046875,20250225-155236
4024,18446744073709551615,0,0.3310546875,695.6312255859375,1804.6790771484375,113.91522216796875,132.01931762695312,20250225-155236
4024,18446744073709551615,0,0.43310546875,612.0384521484375,1548.8822021484375,308.470458984375,352.6517028808594,20250225-155236
4024,18446744073709551615,0,0.447509765625,695.4058227539062,1434.9931640625,77.89993286132812,132.08303833007812,20250225-155236
4024,18446744073709551615,0,0.4873046875,663.1619873046875,1546.29638671875,118.25537109375,107.40948486328125,20250225-155236
4024,18446744073709551615,0,0.5478515625,625.6278076171875,1273.265380859375,181.5281982421875,185.06552124023438,20250225-155236
4024,18446744073709551615,0,0.68505859375,642.0800170898438,294.6573486328125,137.4503173828125,183.2362060546875,20250225-155236
4024,18446744073709551615,0,0.77587890625,629.782470703125,474.1718444824219,230.01512145996094,174.21926879882812,20250225-155236
4024,18446744073709551615,0,0.78515625,785.0921630859375,1768.494140625,151.00653076171875,284.98388671875,20250225-155236
4024,18446744073709551615,0,0.83935546875,613.6272583007812,151.5152587890625,172.5132598876953,294.3615417480469,20250225-155236
4024,18446744073709551615,0,0.8994140625,47.25462341308594,310.12481689453125,1271.708251953125,1020.539794921875,20250225-155236
4024,18446744073709551615,0,0.9267578125,500.52410888671875,0.6793899536132812,367.8462219238281,567.692138671875,20250225-155236
4025,18446744073709551615,0,0.289306640625,695.21484375,1796.811767578125,122.0130615234375,131.53683471679688,20250225-155236
4025,18446744073709551615,0,0.29833984375,659.466552734375,1387.31201171875,65.28964233398438,140.73431396484375,20250225-155236
4025,18446744073709551615,0,0.357666015625,612.36181640625,1648.82958984375,208.58935546875,367.7176208496094,20250225-155236
4025,18446744073709551615,0,0.449462890625,694.9205932617188,1434.050048828125,79.16409301757812,136.06448364257812,20250225-155236
4025,18446744073709551615,0,0.5048828125,624.8304443359375,1273.1923828125,179.00967407226562,171.80694580078125,20250225-155236
4025,18446744073709551615,0,0.5517578125,642.635009765625,294.97882080078125,137.69618225097656,176.07440185546875,20250225-155236
4025,18446744073709551615,0,0.6416015625,664.8021240234375,1544.6524658203125,119.99432373046875,106.3538818359375,20250225-155236
4025,18446744073709551615,0,0.75634765625,629.967041015625,473.3492431640625,230.23159790039062,173.4635009765625,20250225-155236
4025,18446744073709551615,0,0.77734375,784.6728515625,1768.7392578125,150.6756591796875,285.61376953125,20250225-155236
4025,18446744073709551615,0,0.8232421875,615.319580078125,153.6623077392578,170.56529235839844,292.8695068359375,20250225-155236
4025,18446744073709551615,0,0.90087890625,46.03582763671875,309.832763671875,1270.4586181640625,1021.5573120117188,20250225-155236
4025,18446744073709551615,0,0.92626953125,500.39996337890625,0.8678512573242188,368.1600036621094,567.6463623046875,20250225-155236
4026,18446744073709551615,0,0.250244140625,615.1484985351562,154.53970336914062,63.53990936279297,120.67172241210938,20250225-155236
4026,18446744073709551615,0,0.257568359375,663.517822265625,1388.32470703125,64.81100463867188,144.50949096679688,20250225-155236
4026,18446744073709551615,0,0.375732421875,612.1866455078125,1658.36328125,198.53173828125,362.181884765625,20250225-155236
4026,18446744073709551615,0,0.422607421875,694.9257202148438,1797.6712646484375,121.22113037109375,132.40182495117188,20250225-155236
4026,18446744073709551615,0,0.482421875,625.7347412109375,1272.6083984375,182.58334350585938,185.81405639648438,20250225-155236
4026,18446744073709551615,0,0.5048828125,696.2312622070312,1444.8887939453125,67.5677490234375,75.08596801757812,20250225-155236
4026,18446744073709551615,0,0.5087890625,643.1575927734375,296.2890625,136.7398681640625,169.22634887695312,20250225-155236
4026,18446744073709551615,0,0.62890625,664.290771484375,1544.54150390625,119.868896484375,106.8607177734375,20250225-155236
4026,18446744073709551615,0,0.76611328125,783.2613525390625,1770.080810546875,149.4503173828125,286.9844970703125,20250225-155236
4026,18446744073709551615,0,0.78076171875,629.7030029296875,475.6855773925781,227.4873046875,165.50408935546875,20250225-155236
4026,18446744073709551615,0,0.83203125,614.700439453125,152.94960021972656,171.5859832763672,295.6238708496094,20250225-155236
4026,18446744073709551615,0,0.90185546875,52.70159912109375,308.416015625,1273.7039794921875,1014.9854736328125,20250225-155236
4026,18446744073709551615,0,0.92724609375,500.7008056640625,0.864715576171875,368.1934509277344,567.574951171875,20250225-155236
4027,18446744073709551615,0,0.218017578125,661.4920654296875,1387.542724609375,66.26321411132812,142.9639892578125,20250225-155236
4027,18446744073709551615,0,0.2386474609375,678.8728637695312,706.2572021484375,51.137237548828125,22.902557373046875,20250225-155236
4027,18446744073709551615,0,0.259033203125,614.1806030273438,154.2194366455078,63.58543395996094,123.43753051757812,20250225-155236
4027,18446744073709551615,0,0.35400390625,612.52197265625,1659.39404296875,197.232421875,360.7144775390625,20250225-155236
4027,18446744073709551615,0,0.440673828125,694.4829711914062,1800.1102294921875,119.19598388671875,132.74276733398438,20250225-155236
4027,18446744073709551615,0,0.4951171875,696.2444458007812,1441.4471435546875,71.3067626953125,75.05923461914062,20250225-155236
4027,18446744073709551615,0,0.5224609375,643.2230224609375,297.370361328125,135.2482452392578,128.48345947265625,20250225-155236
4027,18446744073709551615,0,0.546875,663.5978393554688,1543.4989013671875,121.171875,107.67645263671875,20250225-155236
4027,18446744073709551615,0,0.546875,625.7213745117188,1273.7977294921875,182.13372802734375,185.65081787109375,20250225-155236
4027,18446744073709551615,0,0.77099609375,784.1796875,1770.358154296875,149.068359375,286.16180419921875,20250225-155236
4027,18446744073709551615,0,0.77880859375,629.612548828125,475.2264404296875,227.48753356933594,169.8599853515625,20250225-155236
4027,18446744073709551615,0,0.8369140625,614.1351928710938,152.3577117919922,171.96340942382812,295.8482666015625,20250225-155236
4027,18446744073709551615,0,0.900390625,51.234649658203125,310.329345703125,1270.780517578125,1016.2018432617188,20250225-155236
4027,18446744073709551615,0,0.92822265625,500.43603515625,1.056884765625,368.39215087890625,567.622314453125,20250225-155236
4028,18446744073709551615,0,0.22607421875,678.8373413085938,706.1940307617188,51.25309753417969,22.058074951171875,20250225-155236
4028,18446744073709551615,0,0.330322265625,612.4304809570312,1548.064453125,308.86395263671875,338.9403991699219,20250225-155236
4028,18446744073709551615,0,0.33544921875,693.802734375,1797.596923828125,121.52838134765625,133.91152954101562,20250225-155236
4028,18446744073709551615,0,0.46484375,698.0294189453125,1442.9964599609375,71.18829345703125,73.0048828125,20250225-155236
4028,18446744073709551615,0,0.4814453125,644.521240234375,303.17901611328125,131.953125,168.598388671875,20250225-155236
4028,18446744073709551615,0,0.5048828125,663.4356079101562,1544.1156005859375,121.24859619140625,107.76296997070312,20250225-155236
4028,18446744073709551615,0,0.5400390625,625.7401123046875,1272.83544921875,182.81130981445312,192.62548828125,20250225-155236
4028,18446744073709551615,0,0.74755859375,784.7325439453125,1769.94287109375,149.3851318359375,285.8874206542969,20250225-155236
4028,18446744073709551615,0,0.7548828125,629.614013671875,473.61431884765625,229.21041870117188,167.15350341796875,20250225-155236
4028,18446744073709551615,0,0.841796875,614.8936157226562,152.76727294921875,171.61825561523438,295.5751647949219,20250225-155236
4028,18446744073709551615,0,0.89794921875,53.42047119140625,310.5399169921875,1275.1644287109375,1013.801513671875,20250225-155236
4028,18446744073709551615,0,0.93017578125,500.8985595703125,1.2410659790039062,367.8642272949219,567.16064453125,20250225-155236
4029,18446744073709551615,0,0.2108154296875,662.0101318359375,1388.85791015625,65.088134765625,146.21255493164062,20250225-155236
4029,18446744073709551615,0,0.2315673828125,679.2315673828125,707.4229125976562,49.523529052734375,21.981353759765625,20250225-155236
4029,18446744073709551615,0,0.36474609375,611.857177734375,1651.046630859375,205.49560546875,368.0922546386719,20250225-155236
4029,18446744073709551615,0,0.435791015625,693.8382568359375,1796.792724609375,121.9874267578125,133.30764770507812,20250225-155236
4029,18446744073709551615,0,0.439697265625,699.8148193359375,1442.32666015625,71.8553466796875,71.69778442382812,20250225-155236
4029,18446744073709551615,0,0.533203125,663.9120483398438,1543.254638671875,121.45587158203125,107.0654296875,20250225-155236
4029,18446744073709551615,0,0.5380859375,625.4906616210938,1272.9434814453125,182.5946044921875,188.48007202148438,20250225-155236
4029,18446744073709551615,0,0.55078125,644.0912475585938,297.0520935058594,138.77728271484375,174.44760131835938,20250225-155236
4029,18446744073709551615,0,0.75341796875,629.52783203125,480.621826171875,223.3436737060547,164.253662109375,20250225-155236
4029,18446744073709551615,0,0.77099609375,788.2071533203125,1768.6204833984375,150.78460693359375,282.3878173828125,20250225-155236
4029,18446744073709551615,0,0.8291015625,615.25927734375,153.41201782226562,171.86338806152344,295.75762939453125,20250225-155236
4029,18446744073709551615,0,0.89990234375,47.06355285644531,309.85198974609375,1275.711181640625,1020.4588623046875,20250225-155236
4029,18446744073709551615,0,0.9287109375,501.8627014160156,0.6846542358398438,367.87176513671875,566.411865234375,20250225-155236
4030,18446744073709551615,0,0.204345703125,662.9395751953125,1389.1103515625,64.7838134765625,143.59561157226562,20250225-155236
4030,18446744073709551615,0,0.21337890625,679.1463623046875,707.606201171875,50.09541320800781,22.0528564453125,20250225-155236
4030,18446744073709551615,0,0.349609375,694.2359619140625,1797.3182373046875,121.43389892578125,132.334716796875,20250225-155236
4030,18446744073709551615,0,0.406494140625,611.7406005859375,1554.3599853515625,303.99371337890625,362.524658203125,20250225-155236
4030,18446744073709551615,0,0.441650390625,663.1424560546875,1548.31787109375,116.29815673828125,105.91094970703125,20250225-155236
4030,18446744073709551615,0,0.46875,698.2255859375,1442.364013671875,70.6871337890625,72.4244384765625,20250225-155236
4030,18446744073709551615,0,0.56005859375,625.9581298828125,1273.5965576171875,182.08135986328125,185.06442260742188,20250225-155236
4030,18446744073709551615,0,0.56591796875,644.90625,294.9832763671875,141.84567260742188,174.98281860351562,20250225-155236
4030,18446744073709551615,0,0.7568359375,629.432373046875,476.85516357421875,226.74952697753906,168.18136596679688,20250225-155236
4030,18446744073709551615,0,0.759765625,790.2139892578125,1768.673583984375,150.841552734375,280.33740234375,20250225-155236
4030,18446744073709551615,0,0.83642578125,615.6551513671875,152.38925170898438,172.5340576171875,294.87652587890625,20250225-155236
4030,18446744073709551615,0,0.9013671875,54.54180908203125,310.26177978515625,1273.775146484375,1013.2846069335938,20250225-155236
4030,18446744073709551615,0,0.92822265625,502.2623291015625,0.87469482421875,367.16558837890625,566.009033203125,20250225-155236
4031,18446744073709551615,0,0.345947265625,612.2913208007812,1637.9300537109375,220.91326904296875,366.9949951171875,20250225-155236
4031,18446744073709551615,0,0.376708984375,693.3717041015625,1798.660888671875,120.2816162109375,133.29364013671875,20250225-155236
4031,18446744073709551615,0,0.4931640625,698.67333984375,1441.6988525390625,71.45388793945312,72.65213012695312,20250225-155236
4031,18446744073709551615,0,0.5361328125,663.6112060546875,1543.651611328125,120.6090087890625,107.52786254882812,20250225-155236
4031,18446744073709551615,0,0.55908203125,644.2985229492188,294.0147705078125,142.82496643066406,129.474609375,20250225-155236
4031,18446744073709551615,0,0.56884765625,624.9929809570312,1273.590087890625,180.88623046875,175.0147705078125,20250225-155236
4031,18446744073709551615,0,0.69091796875,628.6497802734375,480.43780517578125,224.13272094726562,165.05081176757812,20250225-155236
4031,18446744073709551615,0,0.7470703125,792.3843383789062,1768.505859375,150.83056640625,278.2332458496094,20250225-155236
4031,18446744073709551615,0,0.8388671875,615.804931640625,152.89114379882812,172.4678192138672,293.6300354003906,20250225-155236
4031,18446744073709551615,0,0.90283203125,55.836181640625,310.672119140625,1268.5799560546875,1011.47607421875,20250225-155236
4031,18446744073709551615,0,0.92919921875,502.308837890625,1.0697250366210938,367.3194885253906,565.8316040039062,20250225-155236
4032,18446744073709551615,0,0.322509765625,692.5427856445312,1795.497802734375,123.091552734375,134.29055786132812,20250225-155236
4032,18446744073709551615,0,0.42333984375,611.4600219726562,1593.995361328125,265.65399169921875,367.2360534667969,20250225-155236
4032,18446744073709551615,0,0.4560546875,700.0548706054688,1436.00634765625,78.60250854492188,122.91357421875,20250225-155236
4032,18446744073709551615,0,0.50390625,661.5223388671875,1545.4302978515625,119.406005859375,108.90701293945312,20250225-155236
4032,18446744073709551615,0,0.56201171875,628.2929077148438,468.0508117675781,235.35438537597656,181.24749755859375,20250225-155236
4032,18446744073709551615,0,0.59375,624.251220703125,1272.96240234375,180.73654174804688,173.99505615234375,20250225-155236
4032,18446744073709551615,0,0.650390625,644.2305908203125,294.06231689453125,142.3087921142578,127.59915161132812,20250225-155236
4032,18446744073709551615,0,0.7607421875,789.8300170898438,1769.2283935546875,150.28070068359375,280.8163146972656,20250225-155236
4032,18446744073709551615,0,0.83642578125,615.11572265625,152.99490356445312,171.9850311279297,294.21148681640625,20250225-155236
4032,18446744073709551615,0,0.89794921875,55.9757080078125,305.6220703125,1277.154541015625,1012.3947143554688,20250225-155236
4032,18446744073709551615,0,0.92724609375,501.0367126464844,0.8677597045898438,367.7067565917969,567.3984375,20250225-155236
4033,18446744073709551615,0,0.21337890625,695.5856323242188,1863.2266845703125,55.494873046875,79.01449584960938,20250225-155237
4033,18446744073709551615,0,0.256103515625,692.1194458007812,1794.015625,124.4853515625,133.51556396484375,20250225-155237
4033,18446744073709551615,0,0.4716796875,661.5283203125,1546.45263671875,117.7130126953125,109.408447265625,20250225-155237
4033,18446744073709551615,0,0.478515625,699.192626953125,1440.3658447265625,73.52828979492188,73.71670532226562,20250225-155237
4033,18446744073709551615,0,0.5029296875,611.6544189453125,1548.54345703125,309.87725830078125,354.604248046875,20250225-155237
4033,18446744073709551615,0,0.5849609375,623.9653930664062,1273.1524658203125,180.57595825195312,170.21163940429688,20250225-155237
4033,18446744073709551615,0,0.60107421875,644.4732666015625,294.85833740234375,142.69949340820312,128.43072509765625,20250225-155237
4033,18446744073709551615,0,0.73779296875,629.279296875,488.85186767578125,213.22764587402344,166.04718017578125,20250225-155237
4033,18446744073709551615,0,0.76611328125,789.7589721679688,1769.004638671875,150.409423828125,280.7802429199219,20250225-155237
4033,18446744073709551615,0,0.83544921875,613.7642211914062,151.32730102539062,173.50936889648438,295.1016540527344,20250225-155237
4033,18446744073709551615,0,0.90283203125,53.03581237792969,309.62005615234375,1271.7744140625,1014.0003662109375,20250225-155237
4033,18446744073709551615,0,0.9267578125,501.243896484375,1.2536087036132812,367.1573791503906,566.9390258789062,20250225-155237
4034,18446744073709551615,0,0.267333984375,692.60498046875,1796.659423828125,122.08740234375,132.93896484375,20250225-155237
4034,18446744073709551615,0,0.39697265625,662.4025268554688,1548.63623046875,114.8876953125,105.87680053710938,20250225-155237
4034,18446744073709551615,0,0.52734375,700.2667236328125,1441.347900390625,72.61093139648438,71.64688110351562,20250225-155237
4034,18446744073709551615,0,0.5517578125,611.7544555664062,1551.552978515625,308.836669921875,363.6900329589844,20250225-155237
4034,18446744073709551615,0,0.60400390625,624.7236328125,1273.32275390625,179.70822143554688,166.11456298828125,20250225-155237
4034,18446744073709551615,0,0.63525390625,644.7249755859375,293.1507568359375,145.66973876953125,125.53765869140625,20250225-155237
4034,18446744073709551615,0,0.75634765625,629.3619384765625,488.5879211425781,214.19851684570312,163.868408203125,20250225-155237
4034,18446744073709551615,0,0.76611328125,787.7697143554688,1768.524658203125,150.8865966796875,282.5497741699219,20250225-155237
4034,18446744073709551615,0,0.83447265625,613.9337158203125,152.42098999023438,172.4939422607422,295.6754150390625,20250225-155237
4034,18446744073709551615,0,0.8984375,48.660552978515625,308.84039306640625,1275.181640625,1018.6563720703125,20250225-155237
4034,18446744073709551615,0,0.92724609375,501.1769714355469,1.0622406005859375,367.8609619140625,567.2085571289062,20250225-155237
4035,18446744073709551615,0,0.2127685546875,696.1001586914062,1864.77392578125,54.17706298828125,78.50308227539062,20250225-155237
4035,18446744073709551615,0,0.417724609375,663.0170288085938,1547.624267578125,114.82269287109375,105.34881591796875,20250225-155237
4035,18446744073709551615,0,0.5419921875,700.4595336914062,1442.04833984375,72.1710205078125,71.81533813476562,20250225-155237
4035,18446744073709551615,0,0.5498046875,611.5797729492188,1552.8306884765625,306.98345947265625,359.9700622558594,20250225-155237
4035,18446744073709551615,0,0.630859375,625.1876220703125,1274.0189208984375,181.89083862304688,182.80673217773438,20250225-155237
4035,18446744073709551615,0,0.74560546875,629.38916015625,491.7106018066406,212.63150024414062,162.05282592773438,20250225-155237
4035,18446744073709551615,0,0.76416015625,647.5017700195312,293.14178466796875,146.855712890625,121.995849609375,20250225-155237
4035,18446744073709551615,0,0.787109375,786.6280517578125,1768.304443359375,151.09735107421875,283.70855712890625,20250225-155237
4035,18446744073709551615,0,0.83447265625,615.8917236328125,153.28561401367188,171.26097106933594,294.02398681640625,20250225-155237
4035,18446744073709551615,0,0.90380859375,46.52540588378906,308.84246826171875,1274.1796875,1021.010009765625,20250225-155237
4035,18446744073709551615,0,0.92578125,500.8897705078125,0.681610107421875,368.04248046875,567.548828125,20250225-155237
4036,18446744073709551615,0,0.3876953125,611.590576171875,1571.4180908203125,287.11395263671875,361.3241271972656,20250225-155237
4036,18446744073709551615,0,0.466796875,663.3707885742188,1546.0023193359375,118.28961181640625,107.03448486328125,20250225-155237
4036,18446744073709551615,0,0.5126953125,699.9633178710938,1440.21533203125,73.91171264648438,72.77206420898438,20250225-155237
4036,18446744073709551615,0,0.57470703125,624.6787719726562,1275.17578125,178.40158081054688,167.72232055664062,20250225-155237
4036,18446744073709551615,0,0.64501953125,628.5999755859375,488.11676025390625,215.7711181640625,166.58258056640625,20250225-155237
4036,18446744073709551615,0,0.74609375,646.0020751953125,292.5885009765625,148.6160430908203,121.55419921875,20250225-155237
4036,18446744073709551615,0,0.76953125,786.357666015625,1769.2064208984375,150.205078125,284.140869140625,20250225-155237
4036,18446744073709551615,0,0.81982421875,614.934814453125,153.0762939453125,171.92953491210938,295.3436279296875,20250225-155237
4036,18446744073709551615,0,0.90625,51.7342529296875,307.88482666015625,1274.1837158203125,1015.856689453125,20250225-155237
4036,18446744073709551615,0,0.9296875,501.131103515625,1.0554428100585938,366.647705078125,567.5875244140625,20250225-155237
4037,18446744073709551615,0,0.24658203125,693.0034790039062,1802.7535400390625,115.48699951171875,133.98275756835938,20250225-155237
4037,18446744073709551615,0,0.4658203125,611.8071899414062,1587.920166015625,270.32373046875,367.30718994140625,20250225-155237
4037,18446744073709551615,0,0.5439453125,662.8119506835938,1544.2686767578125,119.20623779296875,108.73141479492188,20250225-155237
4037,18446744073709551615,0,0.57666015625,625.5452270507812,1275.396240234375,180.1651611328125,179.10452270507812,20250225-155237
4037,18446744073709551615,0,0.61328125,699.8978271484375,1443.533447265625,71.63479614257812,71.6923828125,20250225-155237
4037,18446744073709551615,0,0.66357421875,628.4844360351562,483.3132019042969,221.25123596191406,166.71176147460938,20250225-155237
4037,18446744073709551615,0,0.765625,790.9412841796875,1768.867919921875,150.5321044921875,279.7195129394531,20250225-155237
4037,18446744073709551615,0,0.76904296875,645.7564086914062,294.3863525390625,149.72149658203125,121.69390869140625,20250225-155237
4037,18446744073709551615,0,0.83349609375,614.5083618164062,152.17843627929688,172.2164764404297,293.9369201660156,20250225-155237
4037,18446744073709551615,0,0.9013671875,54.10382080078125,304.943115234375,1277.913818359375,1014.361083984375,20250225-155237
4037,18446744073709551615,0,0.9267578125,500.8326416015625,1.0517349243164062,367.662353515625,567.81201171875,20250225-155237
4038,18446744073709551615,0,0.269775390625,692.765380859375,1801.92041015625,116.11468505859375,134.45745849609375,20250225-155237
4038,18446744073709551615,0,0.419677734375,661.035888671875,1545.5438232421875,117.16204833984375,108.83514404296875,20250225-155237
4038,18446744073709551615,0,0.58056640625,625.5840454101562,1275.158447265625,178.985595703125,167.71792602539062,20250225-155237
4038,18446744073709551615,0,0.60595703125,611.5962524414062,1550.021484375,307.6710205078125,362.3389892578125,20250225-155237
4038,18446744073709551615,0,0.6259765625,699.9677124023438,1444.091064453125,70.98751831054688,71.4927978515625,20250225-155237
4038,18446744073709551615,0,0.65576171875,627.9329223632812,479.205078125,224.30438232421875,164.89407348632812,20250225-155237
4038,18446744073709551615,0,0.73779296875,647.1807861328125,297.5259704589844,149.62966918945312,122.77615356445312,20250225-155237
4038,18446744073709551615,0,0.75048828125,788.5856323242188,1769.0167236328125,150.38909912109375,281.5172424316406,20250225-155237
4038,18446744073709551615,0,0.83349609375,615.3577880859375,152.68528747558594,172.08956909179688,294.4285583496094,20250225-155237
4038,18446744073709551615,0,0.90576171875,50.1181640625,308.83172607421875,1274.686767578125,1016.772216796875,20250225-155237
4038,18446744073709551615,0,0.92822265625,500.6639099121094,1.0570907592773438,367.8359680175781,567.6882934570312,20250225-155237
4039,18446744073709551615,0,0.223388671875,691.6924438476562,1798.8131103515625,118.99676513671875,135.08175659179688,20250225-155237
4039,18446744073709551615,0,0.2486572265625,614.81103515625,155.19439697265625,61.896766662597656,127.12060546875,20250225-155237
4039,18446744073709551615,0,0.403564453125,612.0144653320312,1579.6314697265625,279.81646728515625,360.2687072753906,20250225-155237
4039,18446744073709551615,0,0.513671875,662.2648315429688,1546.1422119140625,116.52813720703125,108.06417846679688,20250225-155237
4039,18446744073709551615,0,0.5185546875,700.6528930664062,1443.4412841796875,72.65213012695312,69.93429565429688,20250225-155237
4039,18446744073709551615,0,0.546875,625.7111206054688,1275.583251953125,179.09188842773438,175.49697875976562,20250225-155237
4039,18446744073709551615,0,0.73486328125,646.8521118164062,296.65936279296875,150.89639282226562,120.37472534179688,20250225-155237
4039,18446744073709551615,0,0.751953125,788.8745727539062,1769.484130859375,150.0208740234375,281.2709655761719,20250225-155237
4039,18446744073709551615,0,0.7568359375,629.3408203125,478.1858825683594,225.05667114257812,166.68759155273438,20250225-155237
4039,18446744073709551615,0,0.82666015625,614.4193725585938,152.2859344482422,171.97512817382812,294.8833923339844,20250225-155237
4039,18446744073709551615,0,0.908203125,50.472381591796875,310.17132568359375,1271.982177734375,1016.3768920898438,20250225-155237
4039,18446744073709551615,0,0.9267578125,501.5621337890625,0.8795700073242188,368.23138427734375,566.453125,20250225-155237
4040,18446744073709551615,0,0.2193603515625,615.33935546875,155.69287109375,62.03638458251953,121.93524169921875,20250225-155237
4040,18446744073709551615,0,0.22265625,691.7411499023438,1791.303955078125,126.475341796875,136.65646362304688,20250225-155237
4040,18446744073709551615,0,0.48828125,614.1619262695312,1655.1837158203125,204.40557861328125,359.22637939453125,20250225-155237
4040,18446744073709551615,0,0.5439453125,625.9509887695312,1275.68701171875,181.42428588867188,179.66500854492188,20250225-155237
4040,18446744073709551615,0,0.62060546875,700.705078125,1446.31591796875,69.67584228515625,70.55007934570312,20250225-155237
4040,18446744073709551615,0,0.6513671875,663.5586547851562,1544.7469482421875,117.6474609375,107.52017211914062,20250225-155237
4040,18446744073709551615,0,0.7431640625,647.5698852539062,296.77899169921875,155.32525634765625,121.4871826171875,20250225-155237
4040,18446744073709551615,0,0.74853515625,785.092529296875,1769.279541015625,150.1270751953125,285.3677673339844,20250225-155237
4040,18446744073709551615,0,0.7919921875,629.8723754882812,476.6840515136719,226.36495971679688,165.86819458007812,20250225-155237
4040,18446744073709551615,0,0.81298828125,615.0772705078125,152.7223358154297,171.40858459472656,295.96197509765625,20250225-155237
4040,18446744073709551615,0,0.90478515625,47.596435546875,310.95306396484375,1271.2305908203125,1019.6233520507812,20250225-155237
4040,18446744073709551615,0,0.92724609375,501.34881591796875,1.0642318725585938,368.7347412109375,566.7506103515625,20250225-155237
4041,18446744073709551615,0,0.2081298828125,692.750244140625,1795.9493408203125,121.8870849609375,134.26272583007812,20250225-155237
4041,18446744073709551615,0,0.442626953125,614.386962890625,1654.132080078125,205.8826904296875,360.5483093261719,20250225-155237
4041,18446744073709551615,0,0.525390625,697.0361938476562,1442.8525390625,71.628662109375,74.85882568359375,20250225-155237
4041,18446744073709551615,0,0.59375,625.9546508789062,1276.2923583984375,179.056640625,171.49392700195312,20250225-155237
4041,18446744073709551615,0,0.6123046875,663.696533203125,1544.8399658203125,117.5914306640625,107.62014770507812,20250225-155237
4041,18446744073709551615,0,0.74609375,783.8287353515625,1768.9910888671875,150.45062255859375,285.92486572265625,20250225-155237
4041,18446744073709551615,0,0.7578125,647.359375,295.66864013671875,158.46473693847656,140.581787109375,20250225-155237
4041,18446744073709551615,0,0.8134765625,629.87890625,474.92724609375,228.2640838623047,169.39947509765625,20250225-155237
4041,18446744073709551615,0,0.82568359375,611.510009765625,154.44093322753906,170.5061798095703,298.30096435546875,20250225-155237
4041,18446744073709551615,0,0.90576171875,43.293731689453125,306.52532958984375,1275.234619140625,1024.109375,20250225-155237
4041,18446744073709551615,0,0.927734375,501.49749755859375,1.052490234375,368.91705322265625,566.62451171875,20250225-155237
4042,18446744073709551615,0,0.27197265625,692.4700927734375,1796.2445068359375,121.83380126953125,135.84393310546875,20250225-155237
4042,18446744073709551615,0,0.436767578125,613.2249755859375,1645.607421875,211.6636962890625,335.5824279785156,20250225-155237
4042,18446744073709551615,0,0.5859375,625.8629150390625,1275.998291015625,180.07205200195312,178.51675415039062,20250225-155237
4042,18446744073709551615,0,0.60595703125,663.156005859375,1544.586181640625,117.40191650390625,108.33187866210938,20250225-155237
4042,18446744073709551615,0,0.6513671875,696.936767578125,1443.6044921875,71.0299072265625,74.67022705078125,20250225-155237
4042,18446744073709551615,0,0.74462890625,784.560791015625,1769.62451171875,149.6700439453125,287.10845947265625,20250225-155237
4042,18446744073709551615,0,0.767578125,648.3138427734375,294.66107177734375,162.94432067871094,118.38995361328125,20250225-155237
4042,18446744073709551615,0,0.81298828125,609.8109741210938,150.2159881591797,173.27735900878906,300.1458435058594,20250225-155237
4042,18446744073709551615,0,0.81396484375,629.09375,476.56549072265625,227.40220642089844,172.482421875,20250225-155237
4042,18446744073709551615,0,0.90673828125,49.0447998046875,307.12933349609375,1275.755859375,1018.0559692382812,20250225-155237
4042,18446744073709551615,0,0.92431640625,501.8903503417969,0.8787689208984375,368.56378173828125,566.1148681640625,20250225-155237
4043,18446744073709551615,0,0.2147216796875,690.806396484375,1793.5616455078125,124.13067626953125,137.04702758789062,20250225-155237
4043,18446744073709551615,0,0.4580078125,661.1661987304688,1545.1453857421875,116.80718994140625,109.493408203125,20250225-155237
4043,18446744073709551615,0,0.474609375,612.4572143554688,1548.5126953125,310.60858154296875,344.1537780761719,20250225-155237
4043,18446744073709551615,0,0.56396484375,696.1666259765625,1434.9063720703125,81.81793212890625,103.31744384765625,20250225-155237
4043,18446744073709551615,0,0.61669921875,624.27685546875,1275.437744140625,176.83282470703125,167.35006713867188,20250225-155237
4043,18446744073709551615,0,0.67333984375,646.5164794921875,293.85760498046875,164.71705627441406,176.39556884765625,20250225-155237
4043,18446744073709551615,0,0.73193359375,784.0962524414062,1769.359130859375,149.94342041015625,287.2960510253906,20250225-155237
4043,18446744073709551615,0,0.7958984375,628.4024047851562,474.6475524902344,228.77490234375,177.012451171875,20250225-155237
4043,18446744073709551615,0,0.8134765625,609.4828491210938,151.6731719970703,171.8404083251953,298.2419128417969,20250225-155237
4043,18446744073709551615,0,0.9072265625,46.04736328125,307.604736328125,1277.649169921875,1021.0365600585938,20250225-155237
4043,18446744073709551615,0,0.9248046875,501.929443359375,0.8700714111328125,367.4776916503906,566.2890014648438,20250225-155237
4044,18446744073709551615,0,0.2493896484375,690.20947265625,1794.062255859375,124.002685546875,137.99002075195312,20250225-155237
4044,18446744073709551615,0,0.4794921875,661.530029296875,1545.558837890625,116.39044189453125,108.70706176757812,20250225-155237
4044,18446744073709551615,0,0.490234375,612.721923828125,1549.3626708984375,308.6627197265625,334.4912109375,20250225-155237
4044,18446744073709551615,0,0.58984375,646.293701171875,294.0969543457031,165.54322814941406,128.32452392578125,20250225-155237
4044,18446744073709551615,0,0.61328125,625.4899291992188,1276.4779052734375,179.47979736328125,177.57815551757812,20250225-155237
4044,18446744073709551615,0,0.61865234375,695.7885131835938,1442.6080322265625,72.71209716796875,75.84658813476562,20250225-155237
4044,18446744073709551615,0,0.751953125,785.174072265625,1769.6649169921875,149.72479248046875,286.21087646484375,20250225-155237
4044,18446744073709551615,0,0.80029296875,629.4427490234375,475.29058837890625,228.99334716796875,177.47607421875,20250225-155237
4044,18446744073709551615,0,0.8330078125,606.6780395507812,152.82049560546875,171.53244018554688,301.862548828125,20250225-155237
4044,18446744073709551615,0,0.9052734375,47.258880615234375,308.102783203125,1276.14306640625,1019.5924072265625,20250225-155237
4044,18446744073709551615,0,0.92431640625,501.4324951171875,0.68609619140625,366.99664306640625,566.6695556640625,20250225-155237
4045,18446744073709551615,0,0.421630859375,662.5008544921875,1545.2874755859375,116.58929443359375,108.1029052734375,20250225-155237
4045,18446744073709551615,0,0.6083984375,625.8528442382812,1276.628173828125,180.267333984375,183.17752075195312,20250225-155237
4045,18446744073709551615,0,0.62890625,613.6812744140625,1547.91943359375,310.33758544921875,341.43145751953125,20250225-155237
4045,18446744073709551615,0,0.6416015625,695.9441528320312,1443.3770751953125,71.6649169921875,75.91928100585938,20250225-155237
4045,18446744073709551615,0,0.72705078125,646.7530517578125,295.6711120605469,164.9227294921875,174.62722778320312,20250225-155237
4045,18446744073709551615,0,0.72802734375,784.279541015625,1770.45263671875,148.85302734375,287.5042419433594,20250225-155237
4045,18446744073709551615,0,0.8056640625,629.6127319335938,476.3213195800781,226.83096313476562,176.76351928710938,20250225-155237
4045,18446744073709551615,0,0.83642578125,605.288330078125,149.63818359375,174.48802185058594,303.891357421875,20250225-155237
4045,18446744073709551615,0,0.90478515625,46.9072265625,307.30096435546875,1274.6356201171875,1020.041015625,20250225-155237
4045,18446744073709551615,0,0.9208984375,500.501220703125,1.23504638671875,366.08782958984375,567.4769287109375,20250225-155237
4046,18446744073709551615,0,0.2186279296875,688.8872680664062,1789.171142578125,129.2471923828125,140.52401733398438,20250225-155237
4046,18446744073709551615,0,0.440673828125,613.5957641601562,1546.9462890625,313.1114501953125,335.61492919921875,20250225-155237
4046,18446744073709551615,0,0.478515625,663.263671875,1545.6522216796875,116.48236083984375,107.2064208984375,20250225-155237
4046,18446744073709551615,0,0.62255859375,624.2426147460938,1276.530517578125,177.8572998046875,169.75296020507812,20250225-155237
4046,18446744073709551615,0,0.6298828125,695.8068237304688,1441.822021484375,73.60134887695312,75.9884033203125,20250225-155237
4046,18446744073709551615,0,0.7138671875,646.7607421875,296.7843933105469,165.3225860595703,173.87722778320312,20250225-155237
4046,18446744073709551615,0,0.72705078125,785.4783325195312,1770.0926513671875,149.21685791015625,286.2173767089844,20250225-155237
4046,18446744073709551615,0,0.81884765625,630.2347412109375,477.009765625,225.97512817382812,173.57803344726562,20250225-155237
4046,18446744073709551615,0,0.84130859375,604.4800415039062,151.1080322265625,172.6412353515625,303.3119201660156,20250225-155237
4046,18446744073709551615,0,0.9033203125,46.92279052734375,307.6959228515625,1275.8646240234375,1020.2889404296875,20250225-155237
4046,18446744073709551615,0,0.9228515625,501.19537353515625,1.05029296875,366.8573913574219,566.7923583984375,20250225-155237
4047,18446744073709551615,0,0.241455078125,688.8085327148438,1793.012451171875,125.2020263671875,140.26235961914062,20250225-155237
4047,18446744073709551615,0,0.403564453125,613.8116455078125,1646.926025390625,211.56317138671875,363.5997619628906,20250225-155237
4047,18446744073709551615,0,0.55712890625,664.0572509765625,1543.438720703125,118.675048828125,107.17428588867188,20250225-155237
4047,18446744073709551615,0,0.6123046875,646.3881225585938,298.83056640625,163.42080688476562,176.02560424804688,20250225-155237
4047,18446744073709551615,0,0.6142578125,624.2675170898438,1276.986083984375,178.20501708984375,170.84353637695312,20250225-155237
4047,18446744073709551615,0,0.66357421875,695.2776489257812,1442.4481201171875,73.28228759765625,76.87637329101562,20250225-155237
4047,18446744073709551615,0,0.72509765625,786.7415771484375,1770.443115234375,148.94989013671875,285.0453186035156,20250225-155237
4047,18446744073709551615,0,0.8232421875,629.0902099609375,478.3182678222656,225.35829162597656,177.37847900390625,20250225-155237
4047,18446744073709551615,0,0.84228515625,604.4320678710938,144.6446533203125,179.54994201660156,299.6097106933594,20250225-155237
4047,18446744073709551615,0,0.9052734375,49.95835876464844,308.9373779296875,1275.79638671875,1017.185302734375,20250225-155237
4047,18446744073709551615,0,0.9228515625,501.5453796386719,1.0594253540039062,368.06683349609375,566.2505493164062,20250225-155237
4048,18446744073709551615,0,0.2166748046875,688.4664916992188,1793.1177978515625,124.48846435546875,141.2794189453125,20250225-155237
4048,18446744073709551615,0,0.42333984375,617.24267578125,1658.061767578125,198.04339599609375,321.5629577636719,20250225-155237
4048,18446744073709551615,0,0.5546875,661.9742431640625,1543.757080078125,118.85906982421875,109.59494018554688,20250225-155237
4048,18446744073709551615,0,0.609375,624.940185546875,1277.4898681640625,180.58419799804688,188.38238525390625,20250225-155237
4048,18446744073709551615,0,0.69091796875,646.1332397460938,298.5676574707031,164.93417358398438,176.31527709960938,20250225-155237
4048,18446744073709551615,0,0.716796875,695.2311401367188,1443.49169921875,72.27529907226562,77.02459716796875,20250225-155237
4048,18446744073709551615,0,0.72412109375,786.498046875,1769.8193359375,149.4832763671875,285.01263427734375,20250225-155237
4048,18446744073709551615,0,0.81298828125,629.4400634765625,476.233154296875,227.2781524658203,175.77420043945312,20250225-155237
4048,18446744073709551615,0,0.8349609375,604.1478881835938,144.04006958007812,180.6591339111328,303.6742858886719,20250225-155237
4048,18446744073709551615,0,0.9091796875,47.08685302734375,309.40045166015625,1271.256103515625,1020.166259765625,20250225-155237
4048,18446744073709551615,0,0.9228515625,500.77130126953125,0.86077880859375,367.6368408203125,567.255615234375,20250225-155237
4049,18446744073709551615,0,0.48046875,617.2014770507812,1657.021728515625,198.3614501953125,319.0081787109375,20250225-155237
4049,18446744073709551615,0,0.56298828125,661.773193359375,1543.840576171875,118.98944091796875,109.70361328125,20250225-155237
4049,18446744073709551615,0,0.57373046875,625.4686279296875,1275.9368896484375,182.95697021484375,184.55474853515625,20250225-155237
4049,18446744073709551615,0,0.6689453125,647.6991577148438,296.6970520019531,169.9464111328125,159.61065673828125,20250225-155237
4049,18446744073709551615,0,0.73193359375,695.2578125,1444.19091796875,71.78842163085938,76.880126953125,20250225-155237
4049,18446744073709551615,0,0.73779296875,785.3697509765625,1769.8392333984375,149.46478271484375,285.9407958984375,20250225-155237
4049,18446744073709551615,0,0.81005859375,629.4362182617188,476.6422119140625,226.67088317871094,174.92605590820312,20250225-155237
4049,18446744073709551615,0,0.84423828125,604.2559814453125,150.5778045654297,172.1507110595703,298.351318359375,20250225-155237
4049,18446744073709551615,0,0.9091796875,43.79466247558594,310.00592041015625,1270.970947265625,1023.48193359375,20250225-155237
4049,18446744073709551615,0,0.92333984375,501.929443359375,1.056976318359375,368.0863342285156,566.056396484375,20250225-155237
4050,18446744073709551615,0,0.2220458984375,687.5474853515625,1789.8863525390625,128.02825927734375,143.28121948242188,20250225-155237
4050,18446744073709551615,0,0.5,617.853515625,1657.625732421875,197.29833984375,317.7352294921875,20250225-155237
4050,18446744073709551615,0,0.55908203125,662.6142578125,1544.795654296875,117.73626708984375,108.859130859375,20250225-155237
4050,18446744073709551615,0,0.56689453125,625.875,1275.3446044921875,183.0823974609375,183.60800170898438,20250225-155237
4050,18446744073709551615,0,0.64892578125,649.541748046875,297.8681945800781,167.63763427734375,170.43319702148438,20250225-155237
4050,18446744073709551615,0,0.6806640625,786.95849609375,1770.139892578125,149.072021484375,284.44757080078125,20250225-155237
4050,18446744073709551615,0,0.7421875,695.3935546875,1444.616455078125,71.53884887695312,76.79644775390625,20250225-155237
4050,18446744073709551615,0,0.8115234375,630.0516357421875,475.0470886230469,228.38099670410156,176.689453125,20250225-155237
4050,18446744073709551615,0,0.8505859375,606.2616577148438,151.12628173828125,171.9258270263672,299.6098937988281,20250225-155237
4050,18446744073709551615,0,0.90576171875,55.98838806152344,307.53741455078125,1273.812744140625,1012.86767578125,20250225-155237
4050,18446744073709551615,0,0.9248046875,501.50738525390625,1.0521926879882812,368.08642578125,566.3323974609375,20250225-155237
4051,18446744073709551615,0,0.2005615234375,685.8314208984375,1788.7421875,129.4493408203125,144.79220581054688,20250225-155237
4051,18446744073709551615,0,0.453369140625,662.3192138671875,1546.3099365234375,115.18450927734375,107.64596557617188,20250225-155237
4051,18446744073709551615,0,0.5,614.0114135742188,1550.511474609375,305.299072265625,336.6411437988281,20250225-155237
4051,18446744073709551615,0,0.57275390625,649.9114379882812,297.728271484375,169.95016479492188,135.58163452148438,20250225-155237
4051,18446744073709551615,0,0.5888671875,625.0903930664062,1274.942626953125,183.16506958007812,189.89016723632812,20250225-155237
4051,18446744073709551615,0,0.68408203125,786.66845703125,1770.00732421875,149.20513916015625,284.747314453125,20250225-155237
4051,18446744073709551615,0,0.712890625,695.0890502929688,1442.9696044921875,72.86544799804688,77.30374145507812,20250225-155237
4051,18446744073709551615,0,0.8251953125,630.226806640625,474.8056640625,228.4998779296875,175.8720703125,20250225-155237
4051,18446744073709551615,0,0.845703125,606.939697265625,146.0323486328125,174.1979217529297,300.1908874511719,20250225-155237
4051,18446744073709551615,0,0.90625,55.974334716796875,306.775634765625,1275.1651611328125,1013.0161743164062,20250225-155237
4051,18446744073709551615,0,0.92724609375,501.4976806640625,1.0507736206054688,367.367919921875,566.304443359375,20250225-155237
4052,18446744073709551615,0,0.4072265625,614.0489501953125,1546.15087890625,311.603759765625,333.25323486328125,20250225-155237
4052,18446744073709551615,0,0.4873046875,663.0106201171875,1545.689208984375,117.3270263671875,107.45095825195312,20250225-155237
4052,18446744073709551615,0,0.59619140625,625.4056396484375,1274.8486328125,182.23269653320312,183.930908203125,20250225-155237
4052,18446744073709551615,0,0.66455078125,785.753173828125,1770.205078125,149.10589599609375,285.2917785644531,20250225-155237
4052,18446744073709551615,0,0.72021484375,649.7548828125,298.8007507324219,169.9977264404297,117.13787841796875,20250225-155237
4052,18446744073709551615,0,0.74072265625,695.1185302734375,1443.7357177734375,72.44998168945312,77.25888061523438,20250225-155237
4052,18446744073709551615,0,0.82666015625,630.3092651367188,474.33636474609375,228.43670654296875,176.08200073242188,20250225-155237
4052,18446744073709551615,0,0.8505859375,606.2118530273438,148.27919006347656,171.2586212158203,299.3788146972656,20250225-155237
4052,18446744073709551615,0,0.91064453125,43.14335632324219,310.275146484375,1272.0267333984375,1024.5465087890625,20250225-155237
4052,18446744073709551615,0,0.9267578125,501.3644714355469,1.0450286865234375,367.8384704589844,566.7035522460938,20250225-155237
4053,18446744073709551615,0,0.4931640625,614.17041015625,1550.122802734375,307.97314453125,324.311279296875,20250225-155237
4053,18446744073709551615,0,0.517578125,662.153564453125,1544.4569091796875,117.87213134765625,108.32061767578125,20250225-155237
4053,18446744073709551615,0,0.59912109375,648.5625,295.3118591308594,173.47824096679688,133.17672729492188,20250225-155237
4053,18446744073709551615,0,0.61669921875,625.5650634765625,1275.0692138671875,182.67233276367188,184.66937255859375,20250225-155237
4053,18446744073709551615,0,0.67333984375,786.9180908203125,1770.529296875,148.7783203125,284.2110900878906,20250225-155237
4053,18446744073709551615,0,0.744140625,695.10498046875,1443.47998046875,72.75540161132812,77.12393188476562,20250225-155237
4053,18446744073709551615,0,0.81640625,629.9564208984375,475.2688293457031,226.9199981689453,176.77056884765625,20250225-155237
4053,18446744073709551615,0,0.85595703125,606.6069946289062,149.31903076171875,170.13217163085938,298.7672424316406,20250225-155237
4053,18446744073709551615,0,0.908203125,44.665557861328125,309.1142578125,1274.754150390625,1022.8170776367188,20250225-155237
4053,18446744073709551615,0,0.92626953125,501.8206787109375,1.0464706420898438,367.5075378417969,566.3677368164062,20250225-155237
4054,18446744073709551615,0,0.4638671875,661.2391357421875,1545.39990234375,116.7802734375,108.82305908203125,20250225-155237
4054,18446744073709551615,0,0.57373046875,649.10009765625,295.2696533203125,176.7216339111328,136.2125244140625,20250225-155237
4054,18446744073709551615,0,0.5830078125,625.7120361328125,1273.99072265625,181.32357788085938,178.80917358398438,20250225-155237
4054,18446744073709551615,0,0.61962890625,613.6041870117188,1552.7889404296875,305.71893310546875,324.79119873046875,20250225-155237
4054,18446744073709551615,0,0.6259765625,667.0908203125,1768.088134765625,150.9462890625,403.31396484375,20250225-155237
4054,18446744073709551615,0,0.6533203125,695.0945434570312,1441.2890625,74.87686157226562,77.26730346679688,20250225-155237
4054,18446744073709551615,0,0.796875,629.2529296875,477.7043151855469,224.3042449951172,177.22384643554688,20250225-155237
4054,18446744073709551615,0,0.86083984375,606.4692993164062,149.6635284423828,169.1607208251953,297.5072937011719,20250225-155237
4054,18446744073709551615,0,0.90771484375,46.913909912109375,309.57696533203125,1273.287841796875,1020.3731689453125,20250225-155237
4054,18446744073709551615,0,0.9267578125,501.3769226074219,1.0472030639648438,367.6761779785156,566.726806640625,20250225-155237
4055,18446744073709551615,0,0.2337646484375,688.0636596679688,1788.4896240234375,128.31536865234375,141.85482788085938,20250225-155237
4055,18446744073709551615,0,0.4814453125,661.507568359375,1544.9190673828125,118.40789794921875,108.81610107421875,20250225-155237
4055,18446744073709551615,0,0.4921875,616.3892211914062,1657.7720947265625,198.37664794921875,325.0956115722656,20250225-155237
4055,18446744073709551615,0,0.57080078125,625.4983520507812,1273.513427734375,183.85464477539062,185.606689453125,20250225-155237
4055,18446744073709551615,0,0.65234375,668.3829345703125,1768.2491455078125,150.97430419921875,402.131103515625,20250225-155237
4055,18446744073709551615,0,0.662109375,650.4922485351562,298.1022644042969,172.69906616210938,171.12808227539062,20250225-155237
4055,18446744073709551615,0,0.6875,695.1822509765625,1444.373779296875,71.96218872070312,76.775390625,20250225-155237
4055,18446744073709551615,0,0.794921875,629.2525634765625,475.57928466796875,226.82373046875,175.37393188476562,20250225-155237
4055,18446744073709551615,0,0.8583984375,606.3978881835938,150.98812866210938,167.7212677001953,297.84429931640625,20250225-155237
4055,18446744073709551615,0,0.908203125,51.7646484375,309.7642822265625,1275.267578125,1015.4580688476562,20250225-155237
4055,18446744073709551615,0,0.92529296875,501.88494873046875,0.679779052734375,366.8832092285156,565.883544921875,20250225-155237
4056,18446744073709551615,0,0.5263671875,614.5325317382812,1653.284912109375,204.1571044921875,336.9485778808594,20250225-155237
4056,18446744073709551615,0,0.57568359375,625.5833129882812,1274.65869140625,184.61801147460938,188.33953857421875,20250225-155237
4056,18446744073709551615,0,0.57666015625,664.089111328125,1544.195068359375,118.1407470703125,107.07421875,20250225-155237
4056,18446744073709551615,0,0.5888671875,652.1244506835938,301.22381591796875,170.63632202148438,171.17477416992188,20250225-155237
4056,18446744073709551615,0,0.65673828125,666.5399780273438,1768.6787109375,150.56048583984375,403.80487060546875,20250225-155237
4056,18446744073709551615,0,0.70166015625,695.4830932617188,1444.8944091796875,71.37277221679688,76.73501586914062,20250225-155237
4056,18446744073709551615,0,0.806640625,629.5178833007812,475.3341064453125,226.9712677001953,177.02865600585938,20250225-155237
4056,18446744073709551615,0,0.85888671875,606.1514282226562,149.62428283691406,169.36769104003906,298.1590576171875,20250225-155237
4056,18446744073709551615,0,0.90673828125,47.62751770019531,308.35211181640625,1276.3721923828125,1019.77734375,20250225-155237
4056,18446744073709551615,0,0.9248046875,500.9594421386719,0.8636627197265625,367.8809814453125,566.9866333007812,20250225-155237
4057,18446744073709551615,0,0.552734375,625.8140258789062,1273.7177734375,184.02017211914062,181.69793701171875,20250225-155237
4057,18446744073709551615,0,0.55712890625,651.2528686523438,300.4187927246094,172.59829711914062,139.66680908203125,20250225-155237
4057,18446744073709551615,0,0.6162109375,664.830810546875,1544.240478515625,118.5318603515625,106.16619873046875,20250225-155237
4057,18446744073709551615,0,0.61962890625,666.8485107421875,1768.864501953125,150.188232421875,404.1155090332031,20250225-155237
4057,18446744073709551615,0,0.62158203125,615.1343994140625,1654.17626953125,204.16973876953125,328.0103759765625,20250225-155237
4057,18446744073709551615,0,0.67919921875,695.3197631835938,1443.486083984375,72.5006103515625,76.79013061523438,20250225-155237
4057,18446744073709551615,0,0.80126953125,629.3457641601562,476.8343505859375,224.81808471679688,172.84625244140625,20250225-155237
4057,18446744073709551615,0,0.8583984375,606.7402954101562,151.36007690429688,167.7591094970703,297.1134338378906,20250225-155237
4057,18446744073709551615,0,0.90478515625,48.33380126953125,307.46734619140625,1277.31591796875,1019.3281860351562,20250225-155237
4057,18446744073709551615,0,0.9248046875,501.6112060546875,1.05267333984375,368.4022216796875,566.37060546875,20250225-155237
4058,18446744073709551615,0,0.5205078125,651.283447265625,300.579833984375,172.5603790283203,169.91683959960938,20250225-155237
4058,18446744073709551615,0,0.5400390625,625.3390502929688,1273.78955078125,185.22610473632812,181.50100708007812,20250225-155237
4058,18446744073709551615,0,0.57763671875,664.675048828125,1543.7742919921875,117.90948486328125,106.47308349609375,20250225-155237
4058,18446744073709551615,0,0.64599609375,788.729248046875,1770.460693359375,148.74810791015625,282.768310546875,20250225-155237
4058,18446744073709551615,0,0.65478515625,613.3648681640625,1653.3863525390625,204.69927978515625,329.7593078613281,20250225-155237
4058,18446744073709551615,0,0.75634765625,695.1666870117188,1444.334228515625,71.98086547851562,76.77392578125,20250225-155237
4058,18446744073709551615,0,0.8134765625,629.7830200195312,474.23126220703125,227.953125,167.73916625976562,20250225-155237
4058,18446744073709551615,0,0.85791015625,606.5476684570312,149.9701385498047,169.15550231933594,298.8454284667969,20250225-155237
4058,18446744073709551615,0,0.91015625,48.69868469238281,308.698974609375,1275.11767578125,1019.058837890625,20250225-155237
4058,18446744073709551615,0,0.92529296875,501.703857421875,0.86865234375,368.22705078125,566.1099853515625,20250225-155237
4059,18446744073709551615,0,0.264404296875,690.0353393554688,1799.0537109375,117.0201416015625,137.50799560546875,20250225-155237
4059,18446744073709551615,0,0.415771484375,612.1587524414062,1609.6611328125,249.298095703125,338.8287048339844,20250225-155237
4059,18446744073709551615,0,0.5146484375,625.1749877929688,1274.5888671875,183.42864990234375,186.70779418945312,20250225-155237
4059,18446744073709551615,0,0.5556640625,662.5726318359375,1543.6094970703125,117.61688232421875,108.15353393554688,20250225-155237
4059,18446744073709551615,0,0.57568359375,652.0292358398438,298.7099609375,175.87994384765625,167.93179321289062,20250225-155237
4059,18446744073709551615,0,0.6611328125,790.6323852539062,1770.338134765625,148.8687744140625,280.7889404296875,20250225-155237
4059,18446744073709551615,0,0.705078125,695.0989379882812,1443.1142578125,73.4849853515625,76.99603271484375,20250225-155237
4059,18446744073709551615,0,0.8115234375,629.6068725585938,475.6980285644531,225.5412139892578,164.132080078125,20250225-155237
4059,18446744073709551615,0,0.8515625,605.7566528320312,150.17581176757812,169.95420837402344,300.3856201171875,20250225-155237
4059,18446744073709551615,0,0.91064453125,49.941741943359375,307.7047119140625,1274.8642578125,1017.4700317382812,20250225-155237
4059,18446744073709551615,0,0.92431640625,501.2866516113281,1.0513458251953125,365.9666748046875,566.4451904296875,20250225-155237
4060,18446744073709551615,0,0.406494140625,612.1140747070312,1650.39697265625,209.86981201171875,362.2436828613281,20250225-155237
4060,18446744073709551615,0,0.4931640625,625.3233032226562,1275.2000732421875,184.7728271484375,186.551513671875,20250225-155237
4060,18446744073709551615,0,0.5380859375,662.9434204101562,1543.1444091796875,118.434814453125,108.031494140625,20250225-155237
4060,18446744073709551615,0,0.703125,788.9490966796875,1770.4749755859375,148.82684326171875,282.27264404296875,20250225-155237
4060,18446744073709551615,0,0.73779296875,652.5221557617188,310.2309875488281,165.03372192382812,168.05227661132812,20250225-155237
4060,18446744073709551615,0,0.740234375,695.20458984375,1445.289306640625,70.9698486328125,76.60968017578125,20250225-155237
4060,18446744073709551615,0,0.8193359375,629.7844848632812,474.4317626953125,226.90516662597656,165.53915405273438,20250225-155237
4060,18446744073709551615,0,0.85009765625,607.1738891601562,150.0564727783203,169.7427215576172,298.4314270019531,20250225-155237
4060,18446744073709551615,0,0.904296875,43.30723571777344,306.74853515625,1276.1466064453125,1024.3707275390625,20250225-155237
4060,18446744073709551615,0,0.9228515625,501.5538024902344,0.8700942993164062,366.4985656738281,566.1055297851562,20250225-155237
4061,18446744073709551615,0,0.484375,612.3621826171875,1550.350341796875,310.46685791015625,340.6544494628906,20250225-155237
4061,18446744073709551615,0,0.5107421875,625.1658325195312,1275.873291015625,179.65164184570312,176.97821044921875,20250225-155237
4061,18446744073709551615,0,0.513671875,662.3564453125,1546.6534423828125,114.16754150390625,108.049072265625,20250225-155237
4061,18446744073709551615,0,0.669921875,694.9873046875,1443.242919921875,73.20639038085938,77.60430908203125,20250225-155237
4061,18446744073709551615,0,0.705078125,787.436279296875,1769.542236328125,149.7645263671875,283.87921142578125,20250225-155237
4061,18446744073709551615,0,0.71923828125,653.307861328125,308.5245361328125,167.82733154296875,169.03500366210938,20250225-155237
4061,18446744073709551615,0,0.79833984375,629.86962890625,473.3646240234375,228.45533752441406,170.91000366210938,20250225-155237
4061,18446744073709551615,0,0.8525390625,606.9179077148438,150.8666534423828,169.01988220214844,299.5661315917969,20250225-155237
4061,18446744073709551615,0,0.90283203125,54.148773193359375,307.1392822265625,1276.661865234375,1013.316650390625,20250225-155237
4061,18446744073709551615,0,0.923828125,502.0638427734375,0.8672103881835938,367.15582275390625,565.78515625,20250225-155237
4062,18446744073709551615,0,0.4853515625,613.8546752929688,1655.548828125,201.9224853515625,324.636474609375,20250225-155237
4062,18446744073709551615,0,0.4853515625,625.8392944335938,1275.9886474609375,183.3980712890625,186.35421752929688,20250225-155237
4062,18446744073709551615,0,0.56591796875,664.5589599609375,1543.9442138671875,117.27008056640625,105.92752075195312,20250225-155237
4062,18446744073709551615,0,0.7373046875,653.2406005859375,306.6166076660156,174.465087890625,168.20745849609375,20250225-155237
4062,18446744073709551615,0,0.75146484375,785.4252319335938,1769.9132080078125,149.38201904296875,286.1450500488281,20250225-155237
4062,18446744073709551615,0,0.77978515625,695.7053833007812,1445.121337890625,71.11431884765625,76.06503295898438,20250225-155237
4062,18446744073709551615,0,0.80517578125,629.604248046875,474.7540283203125,228.0447235107422,171.951416015625,20250225-155237
4062,18446744073709551615,0,0.8466796875,608.34814453125,150.53501892089844,169.57069396972656,299.7953796386719,20250225-155237
4062,18446744073709551615,0,0.90576171875,55.474456787109375,309.25665283203125,1274.3843994140625,1011.6549682617188,20250225-155237
4062,18446744073709551615,0,0.92431640625,501.5064697265625,1.2535629272460938,365.7590637207031,565.9417724609375,20250225-155237
4063,18446744073709551615,0,0.50390625,613.4254150390625,1653.7965087890625,202.79974365234375,320.98077392578125,20250225-155238
4063,18446744073709551615,0,0.5234375,625.7816162109375,1275.304443359375,182.391357421875,188.15267944335938,20250225-155238
4063,18446744073709551615,0,0.59716796875,664.0916748046875,1541.794189453125,118.19366455078125,107.0782470703125,20250225-155238
4063,18446744073709551615,0,0.6767578125,653.6185913085938,314.2569580078125,166.98797607421875,155.84857177734375,20250225-155238
4063,18446744073709551615,0,0.7421875,785.3358764648438,1769.3331298828125,149.97125244140625,286.0705261230469,20250225-155238
4063,18446744073709551615,0,0.7431640625,695.69482421875,1445.190673828125,71.37643432617188,76.07135009765625,20250225-155238
4063,18446744073709551615,0,0.8115234375,629.6130981445312,474.39642333984375,228.53114318847656,177.45529174804688,20250225-155238
4063,18446744073709551615,0,0.8525390625,606.9422607421875,151.26095581054688,169.32833862304688,300.2657775878906,20250225-155238
4063,18446744073709551615,0,0.90478515625,45.33915710449219,308.5426025390625,1275.1959228515625,1021.812744140625,20250225-155238
4063,18446744073709551615,0,0.92431640625,501.6060791015625,1.061187744140625,365.6338806152344,565.959228515625,20250225-155238
4064,18446744073709551615,0,0.53125,662.6949462890625,1541.2027587890625,116.77716064453125,107.54653930664062,20250225-155238
4064,18446744073709551615,0,0.5361328125,625.7943115234375,1273.856201171875,185.57730102539062,195.04541015625,20250225-155238
4064,18446744073709551615,0,0.5478515625,610.9557495117188,1561.322021484375,297.053466796875,322.0697937011719,20250225-155238
4064,18446744073709551615,0,0.74169921875,650.8826293945312,316.59576416015625,167.06048583984375,176.73770141601562,20250225-155238
4064,18446744073709551615,0,0.74560546875,785.8434448242188,1769.2664794921875,150.03094482421875,285.45172119140625,20250225-155238
4064,18446744073709551615,0,0.75146484375,695.7046508789062,1446.023193359375,70.23440551757812,76.17324829101562,20250225-155238
4064,18446744073709551615,0,0.82373046875,630.13916015625,474.7028503417969,227.92698669433594,177.76254272460938,20250225-155238
4064,18446744073709551615,0,0.85302734375,606.825439453125,149.46832275390625,170.67691040039062,299.71636962890625,20250225-155238
4064,18446744073709551615,0,0.90283203125,53.931060791015625,306.0999755859375,1277.754638671875,1014.7247314453125,20250225-155238
4064,18446744073709551615,0,0.923828125,501.77178955078125,1.060455322265625,365.93194580078125,566.1607666015625,20250225-155238
4065,18446744073709551615,0,0.202392578125,688.666259765625,1792.067138671875,117.43560791015625,138.02371215820312,20250225-155238
4065,18446744073709551615,0,0.5,610.966552734375,1548.0589599609375,308.81927490234375,328.6725769042969,20250225-155238
4065,18446744073709551615,0,0.5166015625,663.3880004882812,1541.1639404296875,117.04266357421875,106.60830688476562,20250225-155238
4065,18446744073709551615,0,0.625,625.7338256835938,1273.4080810546875,184.90127563476562,197.76828002929688,20250225-155238
4065,18446744073709551615,0,0.70068359375,786.7960205078125,1769.7806396484375,149.42926025390625,284.51385498046875,20250225-155238
4065,18446744073709551615,0,0.73046875,651.1365966796875,318.8343505859375,165.7836456298828,170.90386962890625,20250225-155238
4065,18446744073709551615,0,0.7490234375,695.7381591796875,1446.74560546875,69.67684936523438,76.07601928710938,20250225-155238
4065,18446744073709551615,0,0.7890625,629.7877807617188,476.0559997558594,226.3340606689453,176.51019287109375,20250225-155238
4065,18446744073709551615,0,0.85498046875,606.531494140625,150.71095275878906,171.1274871826172,301.5498046875,20250225-155238
4065,18446744073709551615,0,0.90625,37.87774658203125,308.63848876953125,1265.832275390625,1029.312744140625,20250225-155238
4065,18446744073709551615,0,0.9228515625,501.6082763671875,0.67803955078125,365.64508056640625,566.275146484375,20250225-155238
4066,18446744073709551615,0,0.521484375,610.603515625,1545.9884033203125,310.85760498046875,330.07635498046875,20250225-155238
4066,18446744073709551615,0,0.533203125,625.2951049804688,1272.631591796875,185.514404296875,207.58639526367188,20250225-155238
4066,18446744073709551615,0,0.58154296875,663.3079833984375,1541.920166015625,115.22222900390625,106.91363525390625,20250225-155238
4066,18446744073709551615,0,0.63720703125,786.0863037109375,1770.3515625,148.95977783203125,285.33563232421875,20250225-155238
4066,18446744073709551615,0,0.736328125,696.070068359375,1445.333740234375,71.65447998046875,76.16766357421875,20250225-155238
4066,18446744073709551615,0,0.7646484375,653.8489379882812,323.3581237792969,163.740966796875,167.53546142578125,20250225-155238
4066,18446744073709551615,0,0.8193359375,629.7901611328125,476.70977783203125,225.8437042236328,177.46774291992188,20250225-155238
4066,18446744073709551615,0,0.85888671875,606.849609375,151.16632080078125,171.25050354003906,301.9289245605469,20250225-155238
4066,18446744073709551615,0,0.90087890625,44.84783935546875,306.5518798828125,1276.921875,1022.3873291015625,20250225-155238
4066,18446744073709551615,0,0.92431640625,501.29718017578125,0.8754501342773438,365.80047607421875,566.880859375,20250225-155238
4067,18446744073709551615,0,0.4873046875,625.8154296875,1271.72216796875,184.6614990234375,184.0426025390625,20250225-155238
4067,18446744073709551615,0,0.498046875,609.5234375,1542.602783203125,314.38934326171875,326.59808349609375,20250225-155238
4067,18446744073709551615,0,0.55712890625,662.157958984375,1542.3409423828125,116.19781494140625,108.00457763671875,20250225-155238
4067,18446744073709551615,0,0.642578125,696.4945678710938,1445.39208984375,71.176025390625,75.59051513671875,20250225-155238
4067,18446744073709551615,0,0.73583984375,783.95361328125,1770.3900146484375,148.915283203125,287.81964111328125,20250225-155238
4067,18446744073709551615,0,0.783203125,654.8211669921875,326.0777587890625,161.51022338867188,167.08099365234375,20250225-155238
4067,18446744073709551615,0,0.8173828125,630.3253784179688,474.14892578125,228.6551513671875,176.71096801757812,20250225-155238
4067,18446744073709551615,0,0.8525390625,607.6122436523438,150.35137939453125,173.07229614257812,300.7304992675781,20250225-155238
4067,18446744073709551615,0,0.900390625,55.991729736328125,305.161376953125,1278.8193359375,1012.4820556640625,20250225-155238
4067,18446744073709551615,0,0.9208984375,502.0745544433594,1.0613021850585938,365.6297607421875,565.8700561523438,20250225-155238
4068,18446744073709551615,0,0.51171875,609.2054443359375,1542.0955810546875,312.58538818359375,332.5093688964844,20250225-155239
4068,18446744073709551615,0,0.5361328125,624.7774658203125,1271.487548828125,183.84228515625,176.38742065429688,20250225-155239
4068,18446744073709551615,0,0.55908203125,662.0606689453125,1540.783935546875,117.52001953125,108.3365478515625,20250225-155239
4068,18446744073709551615,0,0.65478515625,696.1345825195312,1442.15966796875,74.79922485351562,76.06375122070312,20250225-155239
4068,18446744073709551615,0,0.72705078125,782.6412963867188,1770.396240234375,148.81732177734375,288.693603515625,20250225-155239
4068,18446744073709551615,0,0.78662109375,654.0849609375,328.38079833984375,159.35906982421875,165.34799194335938,20250225-155239
4068,18446744073709551615,0,0.81103515625,630.2257080078125,473.2905578613281,230.00990295410156,179.65155029296875,20250225-155239
4068,18446744073709551615,0,0.84814453125,607.486328125,147.6353302001953,175.6494140625,301.67083740234375,20250225-155239
4068,18446744073709551615,0,0.900390625,52.331634521484375,308.36785888671875,1272.2054443359375,1014.6190795898438,20250225-155239
4068,18446744073709551615,0,0.921875,501.79339599609375,0.8733673095703125,366.47247314453125,566.43701171875,20250225-155239
4069,18446744073709551615,0,0.2281494140625,692.368408203125,1826.5107421875,89.61273193359375,137.16229248046875,20250225-155240
4069,18446744073709551615,0,0.5048828125,608.2891845703125,1540.64501953125,313.49615478515625,333.16168212890625,20250225-155240
4069,18446744073709551615,0,0.513671875,661.8510131835938,1540.7113037109375,118.02978515625,109.85696411132812,20250225-155240
4069,18446744073709551615,0,0.56005859375,625.2552490234375,1272.479736328125,185.22555541992188,183.0596923828125,20250225-155240
4069,18446744073709551615,0,0.72021484375,783.8944702148438,1770.4295654296875,148.87939453125,287.34503173828125,20250225-155240
4069,18446744073709551615,0,0.72412109375,696.1459350585938,1445.5477294921875,71.19552612304688,76.15786743164062,20250225-155240
4069,18446744073709551615,0,0.79931640625,654.5302734375,335.5593566894531,153.10647583007812,169.53817749023438,20250225-155240
4069,18446744073709551615,0,0.81884765625,629.6101684570312,473.2357177734375,228.8027801513672,178.97561645507812,20250225-155240
4069,18446744073709551615,0,0.85791015625,607.8103637695312,148.44943237304688,174.42945861816406,301.43572998046875,20250225-155240
4069,18446744073709551615,0,0.900390625,44.6217041015625,305.91180419921875,1278.1025390625,1022.4684448242188,20250225-155240
4069,18446744073709551615,0,0.92138671875,501.08514404296875,1.058441162109375,367.32891845703125,567.0382080078125,20250225-155240
4070,18446744073709551615,0,0.2100830078125,695.723876953125,1855.2161865234375,51.13934326171875,55.934326171875,20250225-155241
4070,18446744073709551615,0,0.2783203125,691.875,1828.854736328125,87.4163818359375,137.59561157226562,20250225-155241
4070,18446744073709551615,0,0.448486328125,662.1857299804688,1537.9736328125,118.540283203125,108.19509887695312,20250225-155241
4070,18446744073709551615,0,0.6318359375,624.2565307617188,1272.593505859375,182.28451538085938,170.05929565429688,20250225-155241
4070,18446744073709551615,0,0.66015625,607.5404052734375,1540.8892822265625,313.96929931640625,330.4844970703125,20250225-155241
4070,18446744073709551615,0,0.71484375,696.2557373046875,1445.244384765625,71.28048706054688,75.7686767578125,20250225-155241
4070,18446744073709551615,0,0.75341796875,783.374755859375,1770.826904296875,148.47601318359375,288.03643798828125,20250225-155241
4070,18446744073709551615,0,0.77783203125,654.3382568359375,335.9696960449219,154.63613891601562,170.181884765625,20250225-155241
4070,18446744073709551615,0,0.806640625,629.2606201171875,475.1112060546875,227.3675537109375,178.78793334960938,20250225-155241
4070,18446744073709551615,0,0.85302734375,607.934326171875,148.7333221435547,174.8895263671875,300.89410400390625,20250225-155241
4070,18446744073709551615,0,0.9013671875,54.275390625,304.97772216796875,1276.825439453125,1014.4000854492188,20250225-155241
4070,18446744073709551615,0,0.9208984375,501.427001953125,0.8729324340820312,369.1014709472656,566.6802978515625,20250225-155241
4071,18446744073709551615,0,0.2127685546875,690.8106079101562,1831.0594482421875,83.38970947265625,138.35128784179688,20250225-155242
4071,18446744073709551615,0,0.4658203125,661.3795166015625,1537.4219970703125,119.53253173828125,109.42977905273438,20250225-155242
4071,18446744073709551615,0,0.56201171875,624.17529296875,1271.04443359375,183.87716674804688,168.04595947265625,20250225-155242
4071,18446744073709551615,0,0.6435546875,606.7875366210938,1541.492919921875,314.2445068359375,344.4708251953125,20250225-155242
4071,18446744073709551615,0,0.71044921875,696.439208984375,1444.298095703125,72.2581787109375,75.61285400390625,20250225-155242
4071,18446744073709551615,0,0.72314453125,783.183837890625,1770.9228515625,148.38226318359375,288.13934326171875,20250225-155242
4071,18446744073709551615,0,0.80517578125,655.4517822265625,329.51666259765625,162.95401000976562,169.54669189453125,20250225-155242
4071,18446744073709551615,0,0.80859375,628.7633056640625,476.309326171875,225.62855529785156,174.81307983398438,20250225-155242
4071,18446744073709551615,0,0.85498046875,607.946533203125,149.77220153808594,173.0986785888672,300.95562744140625,20250225-155242
4071,18446744073709551615,0,0.900390625,52.77214050292969,306.314208984375,1281.09130859375,1015.4674072265625,20250225-155242
4071,18446744073709551615,0,0.92041015625,501.90728759765625,1.0607070922851562,368.0583801269531,566.2803955078125,20250225-155242
4072,18446744073709551615,0,0.417724609375,662.2040405273438,1536.79150390625,119.4429931640625,109.25399780273438,20250225-155243
4072,18446744073709551615,0,0.55078125,607.2116088867188,1544.644775390625,311.82861328125,337.1737060546875,20250225-155243
4072,18446744073709551615,0,0.6396484375,695.4834594726562,1418.9793701171875,98.06689453125,138.8463134765625,20250225-155243
4072,18446744073709551615,0,0.70263671875,624.337646484375,1263.342529296875,187.84744262695312,182.42935180664062,20250225-155243
4072,18446744073709551615,0,0.736328125,783.715576171875,1769.028076171875,150.3779296875,286.94329833984375,20250225-155243
4072,18446744073709551615,0,0.74853515625,627.9176025390625,472.6392517089844,226.6658935546875,180.6090087890625,20250225-155243
4072,18446744073709551615,0,0.77685546875,658.9222412109375,337.80780029296875,156.80227661132812,164.33001708984375,20250225-155243
4072,18446744073709551615,0,0.8310546875,608.26318359375,152.7941436767578,170.382568359375,298.0644836425781,20250225-155243
4072,18446744073709551615,0,0.91259765625,66.4588623046875,324.0421142578125,1234.8914794921875,999.66650390625,20250225-155243
4072,18446744073709551615,0,0.923828125,500.9659423828125,1.0615310668945312,370.8341064453125,566.97021484375,20250225-155243
4073,18446744073709551615,0,0.2069091796875,669.2052612304688,1770.44970703125,113.32672119140625,140.40802001953125,20250225-155244
4073,18446744073709551615,0,0.27587890625,663.8047485351562,1587.6939697265625,63.23748779296875,70.47866821289062,20250225-155244
4073,18446744073709551615,0,0.3583984375,695.6707763671875,1854.6888427734375,57.70770263671875,80.15020751953125,20250225-155244
4073,18446744073709551615,0,0.5556640625,626.0711059570312,1263.474853515625,201.40576171875,207.20626831054688,20250225-155244
4073,18446744073709551615,0,0.7470703125,590.643310546875,1533.1669921875,331.7545166015625,361.0174255371094,20250225-155244
4073,18446744073709551615,0,0.80029296875,782.6546630859375,1769.4730224609375,150.12725830078125,288.39752197265625,20250225-155244
4073,18446744073709551615,0,0.8115234375,705.6256713867188,1483.291748046875,66.41729736328125,66.23464965820312,20250225-155244
4073,18446744073709551615,0,0.81396484375,663.6685791015625,332.3564758300781,172.99154663085938,161.98809814453125,20250225-155244
4073,18446744073709551615,0,0.82080078125,608.9481201171875,156.2157440185547,170.1511688232422,299.9014892578125,20250225-155244
4073,18446744073709551615,0,0.8662109375,627.3890991210938,471.4391784667969,227.6503143310547,193.8013916015625,20250225-155244
4073,18446744073709551615,0,0.91162109375,59.23027038574219,330.76446533203125,1244.018310546875,1007.173095703125,20250225-155244
4073,18446744073709551615,0,0.9208984375,498.4127197265625,1.085357666015625,372.3622741699219,571.3873291015625,20250225-155244
4074,18446744073709551615,0,0.352294921875,667.0609130859375,1536.330322265625,115.4527587890625,103.39627075195312,20250225-155245
4074,18446744073709551615,0,0.50390625,592.9469604492188,1535.6851806640625,344.2689514160156,368.2744445800781,20250225-155245
4074,18446744073709551615,0,0.5458984375,695.2901000976562,1848.5262451171875,68.71636962890625,81.63418579101562,20250225-155245
4074,18446744073709551615,0,0.60205078125,625.56005859375,1264.850830078125,192.205810546875,175.16885375976562,20250225-155245
4074,18446744073709551615,0,0.64501953125,695.057373046875,1444.0733642578125,77.81341552734375,77.58792114257812,20250225-155245
4074,18446744073709551615,0,0.81103515625,782.6866455078125,1767.990478515625,151.56591796875,288.02252197265625,20250225-155245
4074,18446744073709551615,0,0.818359375,660.626220703125,340.9117431640625,150.54562377929688,164.71591186523438,20250225-155245
4074,18446744073709551615,0,0.85400390625,607.0343627929688,155.29847717285156,170.508544921875,300.55426025390625,20250225-155245
4074,18446744073709551615,0,0.86083984375,628.2350463867188,474.9745788574219,225.74107360839844,193.86749267578125,20250225-155245
4074,18446744073709551615,0,0.92041015625,54.9224853515625,334.393798828125,1240.604736328125,1011.6243896484375,20250225-155245
4074,18446744073709551615,0,0.9208984375,497.9560546875,1.035186767578125,376.4488525390625,570.2191162109375,20250225-155245
4075,18446744073709551615,0,0.27587890625,601.4108276367188,145.5209197998047,174.87542724609375,306.7899169921875,20250225-155246
4075,18446744073709551615,0,0.436767578125,695.8099365234375,1847.5594482421875,71.57318115234375,126.57522583007812,20250225-155246
4075,18446744073709551615,0,0.449462890625,612.2332763671875,1620.467529296875,262.7501220703125,355.4925842285156,20250225-155246
4075,18446744073709551615,0,0.474609375,695.1410522460938,1440.757080078125,84.89968872070312,79.83480834960938,20250225-155246
4075,18446744073709551615,0,0.583984375,664.4818725585938,1544.1697998046875,117.89044189453125,106.9119873046875,20250225-155246
4075,18446744073709551615,0,0.6748046875,624.7479858398438,1264.5074462890625,186.53924560546875,162.14337158203125,20250225-155246
4075,18446744073709551615,0,0.796875,783.796875,1768.0869140625,151.4476318359375,287.6766357421875,20250225-155246
4075,18446744073709551615,0,0.826171875,660.5780639648438,337.3984375,154.76651000976562,165.23629760742188,20250225-155246
4075,18446744073709551615,0,0.8603515625,628.482177734375,473.24761962890625,226.02383422851562,194.15313720703125,20250225-155246
4075,18446744073709551615,0,0.9150390625,499.5252685546875,0.6650161743164062,375.33795166015625,569.4268798828125,20250225-155246
4075,18446744073709551615,0,0.9189453125,52.3114013671875,331.2645263671875,1246.6307373046875,1014.4953002929688,20250225-155246
4076,18446744073709551615,0,0.316650390625,692.4446411132812,1432.666015625,87.27392578125,111.88302612304688,20250225-155247
4076,18446744073709551615,0,0.451416015625,611.956787109375,1650.2127685546875,234.64508056640625,361.1075134277344,20250225-155247
4076,18446744073709551615,0,0.4775390625,695.7945556640625,1848.454833984375,66.11846923828125,83.79208374023438,20250225-155247
4076,18446744073709551615,0,0.615234375,664.31298828125,1543.3486328125,120.21240234375,107.25860595703125,20250225-155247
4076,18446744073709551615,0,0.6689453125,624.6546630859375,1263.2603759765625,186.50582885742188,160.8779296875,20250225-155247
4076,18446744073709551615,0,0.78857421875,658.1109008789062,333.6793212890625,140.98086547851562,166.20053100585938,20250225-155247
4076,18446744073709551615,0,0.80322265625,785.1373901367188,1767.9169921875,151.61956787109375,285.8443908691406,20250225-155247
4076,18446744073709551615,0,0.8486328125,628.9458618164062,475.1070556640625,224.1584930419922,184.07794189453125,20250225-155247
4076,18446744073709551615,0,0.90966796875,498.9978332519531,1.0618972778320312,375.3618469238281,570.9803466796875,20250225-155247
4076,18446744073709551615,0,0.9169921875,56.04560852050781,330.8822021484375,1244.4385986328125,1010.8524169921875,20250225-155247
4077,18446744073709551615,0,0.39990234375,663.5614013671875,1545.825439453125,115.8017578125,105.78204345703125,20250225-155248
4077,18446744073709551615,0,0.52734375,628.294921875,1267.5333251953125,197.58554077148438,196.34243774414062,20250225-155248
4077,18446744073709551615,0,0.61328125,695.4306640625,1846.2440185546875,72.77142333984375,123.40191650390625,20250225-155248
4077,18446744073709551615,0,0.650390625,612.736083984375,1549.209228515625,331.0601806640625,348.7709655761719,20250225-155248
4077,18446744073709551615,0,0.8076171875,782.052490234375,1768.8837890625,150.62237548828125,288.95709228515625,20250225-155248
4077,18446744073709551615,0,0.8076171875,667.1614379882812,334.00311279296875,167.8494415283203,157.30911254882812,20250225-155248
4077,18446744073709551615,0,0.85888671875,630.244140625,470.8480224609375,228.4965362548828,189.15325927734375,20250225-155248
4077,18446744073709551615,0,0.90380859375,495.4749755859375,1.2254791259765625,387.96478271484375,573.2111206054688,20250225-155248
4077,18446744073709551615,0,0.91650390625,54.382049560546875,332.53948974609375,1244.6561279296875,1012.3333740234375,20250225-155248
4078,18446744073709551615,0,0.2998046875,697.1057739257812,1755.61376953125,44.68963623046875,44.65374755859375,20250225-155249
4078,18446744073709551615,0,0.5078125,628.55712890625,1272.759765625,192.38104248046875,187.42959594726562,20250225-155249
4078,18446744073709551615,0,0.515625,612.4859619140625,1631.5169677734375,247.09130859375,194.66281127929688,20250225-155249
4078,18446744073709551615,0,0.5419921875,677.153076171875,703.7618408203125,53.29225158691406,29.87896728515625,20250225-155249
4078,18446744073709551615,0,0.5498046875,695.616943359375,1840.8828125,76.2637939453125,115.8599853515625,20250225-155249
4078,18446744073709551615,0,0.71240234375,666.9699096679688,1537.323486328125,119.00518798828125,105.69525146484375,20250225-155249
4078,18446744073709551615,0,0.72412109375,671.8980102539062,345.0791931152344,161.2276611328125,153.81802368164062,20250225-155249
4078,18446744073709551615,0,0.74609375,597.93212890625,195.48916625976562,189.72537231445312,260.74786376953125,20250225-155249
4078,18446744073709551615,0,0.80517578125,780.4129028320312,1765.4315185546875,154.10174560546875,289.6570129394531,20250225-155249
4078,18446744073709551615,0,0.8310546875,630.1640625,469.4631042480469,229.25527954101562,188.16934204101562,20250225-155249
4078,18446744073709551615,0,0.91455078125,45.03126525878906,332.13427734375,1248.5050048828125,1021.70654296875,20250225-155249
4078,18446744073709551615,0,0.93017578125,497.76617431640625,0.9920196533203125,389.2669677734375,571.7432861328125,20250225-155249
4079,18446744073709551615,0,0.32763671875,696.5473022460938,1756.212158203125,44.02642822265625,52.74444580078125,20250225-155250
4079,18446744073709551615,0,0.41015625,613.7603759765625,1540.551025390625,334.8175048828125,328.3450012207031,20250225-155250
4079,18446744073709551615,0,0.447509765625,665.7533569335938,1537.1912841796875,105.59014892578125,105.521484375,20250225-155250
4079,18446744073709551615,0,0.4716796875,678.7752685546875,696.5626831054688,49.77955627441406,25.826751708984375,20250225-155250
4079,18446744073709551615,0,0.66650390625,694.44189453125,1828.841064453125,89.050048828125,124.21710205078125,20250225-155250
4079,18446744073709551615,0,0.67236328125,626.750244140625,1267.7662353515625,197.27590942382812,186.71493530273438,20250225-155250
4079,18446744073709551615,0,0.76611328125,670.056396484375,335.1827392578125,168.76498413085938,156.33984375,20250225-155250
4079,18446744073709551615,0,0.81005859375,784.2154541015625,1765.335205078125,154.10870361328125,285.26275634765625,20250225-155250
4079,18446744073709551615,0,0.85205078125,631.2381591796875,469.236328125,229.8156280517578,187.72705078125,20250225-155250
4079,18446744073709551615,0,0.86083984375,616.012939453125,195.3640594482422,201.61953735351562,231.91744995117188,20250225-155250
4079,18446744073709551615,0,0.9150390625,49.413299560546875,329.942138671875,1249.54638671875,1017.4011840820312,20250225-155250
4079,18446744073709551615,0,0.92919921875,498.59637451171875,0.823883056640625,386.085205078125,570.4553833007812,20250225-155250
4080,18446744073709551615,0,0.2108154296875,696.2940673828125,1756.44873046875,44.19268798828125,45.7196044921875,20250225-155251
4080,18446744073709551615,0,0.388671875,613.9678344726562,1629.359619140625,250.28668212890625,324.352294921875,20250225-155251
4080,18446744073709551615,0,0.57666015625,678.7461547851562,694.9290161132812,49.85325622558594,29.6231689453125,20250225-155251
4080,18446744073709551615,0,0.638671875,666.4691162109375,1537.7530517578125,106.2498779296875,105.30148315429688,20250225-155251
4080,18446744073709551615,0,0.64697265625,694.6986694335938,1834.476318359375,79.565185546875,121.56857299804688,20250225-155251
4080,18446744073709551615,0,0.72705078125,626.939453125,1267.13134765625,194.1470947265625,189.43505859375,20250225-155251
4080,18446744073709551615,0,0.8017578125,670.2313842773438,339.01806640625,165.30386352539062,155.00619506835938,20250225-155251
4080,18446744073709551615,0,0.82421875,781.7748413085938,1767.637939453125,151.7977294921875,288.04083251953125,20250225-155251
4080,18446744073709551615,0,0.86279296875,632.4288940429688,470.1927795410156,228.03062438964844,189.47726440429688,20250225-155251
4080,18446744073709551615,0,0.91552734375,50.32086181640625,333.15289306640625,1244.029052734375,1016.4647827148438,20250225-155251
4080,18446744073709551615,0,0.92529296875,489.410888671875,1.4658966064453125,389.81195068359375,579.2015991210938,20250225-155251
4081,18446744073709551615,0,0.330322265625,695.6680297851562,1755.386474609375,46.0191650390625,48.287384033203125,20250225-155252
4081,18446744073709551615,0,0.385009765625,679.47509765625,692.2542114257812,48.933380126953125,26.2386474609375,20250225-155252
4081,18446744073709551615,0,0.4814453125,665.5958862304688,1538.548095703125,103.85833740234375,105.10830688476562,20250225-155252
4081,18446744073709551615,0,0.546875,614.83447265625,1541.222900390625,334.95318603515625,200.61190795898438,20250225-155252
4081,18446744073709551615,0,0.56494140625,694.0684204101562,1828.045166015625,89.19012451171875,124.08810424804688,20250225-155252
4081,18446744073709551615,0,0.6416015625,627.2067260742188,1273.9735107421875,189.93814086914062,186.33078002929688,20250225-155252
4081,18446744073709551615,0,0.8125,782.3062744140625,1767.0341796875,152.4232177734375,286.83636474609375,20250225-155252
4081,18446744073709551615,0,0.8154296875,669.9058227539062,338.4073486328125,167.24501037597656,154.08883666992188,20250225-155252
4081,18446744073709551615,0,0.83203125,635.4195556640625,470.4535217285156,229.53277587890625,182.06405639648438,20250225-155252
4081,18446744073709551615,0,0.91162109375,57.724273681640625,322.70013427734375,1254.537841796875,1010.6044921875,20250225-155252
4081,18446744073709551615,0,0.916015625,490.70196533203125,1.0784912109375,386.3365173339844,579.3970947265625,20250225-155252
4082,18446744073709551615,0,0.2294921875,695.814208984375,1757.3843994140625,43.33502197265625,52.00048828125,20250225-155253
4082,18446744073709551615,0,0.46875,612.1556396484375,1559.11083984375,317.23150634765625,310.8714294433594,20250225-155253
4082,18446744073709551615,0,0.478515625,679.4679565429688,690.7872314453125,50.925201416015625,25.434722900390625,20250225-155253
4082,18446744073709551615,0,0.482421875,665.7713012695312,1535.727783203125,104.48931884765625,104.641845703125,20250225-155253
4082,18446744073709551615,0,0.66015625,629.222900390625,1269.78173828125,198.5225830078125,189.97384643554688,20250225-155253
4082,18446744073709551615,0,0.6982421875,694.286865234375,1826.7799072265625,91.506591796875,122.94076538085938,20250225-155253
4082,18446744073709551615,0,0.7919921875,633.692626953125,474.4096984863281,221.6894073486328,183.95855712890625,20250225-155253
4082,18446744073709551615,0,0.80322265625,672.198486328125,338.8330993652344,166.11749267578125,152.05325317382812,20250225-155253
4082,18446744073709551615,0,0.82373046875,782.5255737304688,1766.671875,152.85479736328125,287.12567138671875,20250225-155253
4082,18446744073709551615,0,0.9140625,45.04060363769531,327.1563720703125,1251.309814453125,1022.1708984375,20250225-155253
4082,18446744073709551615,0,0.91748046875,492.5358581542969,0.9009246826171875,387.96820068359375,577.513916015625,20250225-155253
