frame_num,object_id,class_id,confidence,top,left,width,height,timestamp
0,18446744073709551615,0,0.21142578125,702.0426025390625,1597.408447265625,82.679443359375,77.07879638671875,20250225-155956
0,18446744073709551615,0,0.447509765625,696.260009765625,1215.7103271484375,65.3785400390625,66.599853515625,20250225-155956
0,18446744073709551615,0,0.5302734375,619.4324340820312,735.8238525390625,124.59979248046875,46.456512451171875,20250225-155956
0,18446744073709551615,0,0.55908203125,638.9928588867188,1332.727783203125,268.05670166015625,328.1628112792969,20250225-155956
0,18446744073709551615,0,0.57958984375,906.599853515625,1808.556884765625,110.55633544921875,172.82272338867188,20250225-155956
0,18446744073709551615,0,0.591796875,700.8424072265625,1518.7979736328125,158.7652587890625,267.7554016113281,20250225-155956
0,18446744073709551615,0,0.60595703125,610.8951416015625,1751.5711669921875,167.76837158203125,455.9737243652344,20250225-155956
0,18446744073709551615,0,0.62890625,657.6710815429688,548.621826171875,82.24685668945312,150.50921630859375,20250225-155956
0,18446744073709551615,0,0.900390625,498.4767150878906,0.751007080078125,525.04931640625,576.0184936523438,20250225-155956
0,18446744073709551615,0,0.92529296875,145.57818603515625,403.413818359375,1176.3804931640625,921.7908325195312,20250225-155956
1,18446744073709551615,0,0.30810546875,703.0557861328125,1598.778076171875,78.48907470703125,76.24044799804688,20250225-155956
1,18446744073709551615,0,0.37841796875,613.7759399414062,1749.2552490234375,169.61700439453125,165.26266479492188,20250225-155956
1,18446744073709551615,0,0.42822265625,658.4227294921875,513.6424560546875,115.96687316894531,164.78604125976562,20250225-155956
1,18446744073709551615,0,0.4892578125,698.5944213867188,1209.620849609375,66.44796752929688,59.772674560546875,20250225-155956
1,18446744073709551615,0,0.5458984375,639.1563720703125,1332.3636474609375,266.314453125,321.4485168457031,20250225-155956
1,18446744073709551615,0,0.57275390625,619.7244873046875,735.8958740234375,122.62454223632812,45.5123291015625,20250225-155956
1,18446744073709551615,0,0.5908203125,701.25634765625,1514.5364990234375,163.01577758789062,265.2744140625,20250225-155956
1,18446744073709551615,0,0.6689453125,909.6787719726562,1809.4815673828125,109.232666015625,168.48806762695312,20250225-155956
1,18446744073709551615,0,0.91064453125,500.0126037597656,0.5489501953125,525.0234375,573.670166015625,20250225-155956
1,18446744073709551615,0,0.93017578125,142.5999755859375,404.40380859375,1178.816162109375,925.4851684570312,20250225-155956
2,18446744073709551615,0,0.2330322265625,703.015869140625,1597.8189697265625,74.60430908203125,77.57217407226562,20250225-155956
2,18446744073709551615,0,0.498046875,639.41455078125,1331.203369140625,263.46258544921875,328.8562316894531,20250225-155956
2,18446744073709551615,0,0.5068359375,610.6865844726562,1755.65625,163.65673828125,455.723876953125,20250225-155956
2,18446744073709551615,0,0.513671875,617.2659301757812,734.580322265625,122.6136474609375,48.717864990234375,20250225-155956
2,18446744073709551615,0,0.5263671875,658.6012573242188,515.1516723632812,115.51959228515625,165.31411743164062,20250225-155956
2,18446744073709551615,0,0.552734375,697.828125,1210.837890625,66.08056640625,61.9149169921875,20250225-155956
2,18446744073709551615,0,0.57080078125,696.6273193359375,1512.820556640625,142.10971069335938,272.9966125488281,20250225-155956
2,18446744073709551615,0,0.61767578125,908.8787841796875,1809.1259765625,109.969482421875,168.7049560546875,20250225-155956
2,18446744073709551615,0,0.88916015625,500.63671875,0.9435882568359375,528.476318359375,574.3906860351562,20250225-155956
2,18446744073709551615,0,0.92626953125,141.7554931640625,400.782470703125,1183.686767578125,925.9008178710938,20250225-155956
3,18446744073709551615,0,0.259765625,610.191650390625,1845.9268798828125,73.04974365234375,167.29165649414062,20250225-155956
3,18446744073709551615,0,0.390380859375,611.1068115234375,1773.6295166015625,145.26654052734375,460.4206237792969,20250225-155956
3,18446744073709551615,0,0.39794921875,641.6839599609375,374.82861328125,164.89370727539062,237.88815307617188,20250225-155956
3,18446744073709551615,0,0.52734375,640.2557373046875,1332.183837890625,264.650390625,312.7594299316406,20250225-155956
3,18446744073709551615,0,0.5341796875,618.251953125,732.3768310546875,126.172119140625,48.484039306640625,20250225-155956
3,18446744073709551615,0,0.55810546875,658.5650024414062,545.57470703125,83.17767333984375,141.05593872070312,20250225-155956
3,18446744073709551615,0,0.56689453125,697.552978515625,1212.4666748046875,64.86566162109375,62.0452880859375,20250225-155956
3,18446744073709551615,0,0.640625,907.3436279296875,1807.2110595703125,111.90435791015625,171.67245483398438,20250225-155956
3,18446744073709551615,0,0.66455078125,700.6477661132812,1519.9862060546875,146.45004272460938,266.4240417480469,20250225-155956
3,18446744073709551615,0,0.9033203125,500.27728271484375,0.7581939697265625,523.0186767578125,575.3302001953125,20250225-155956
3,18446744073709551615,0,0.92919921875,146.1558837890625,405.76312255859375,1173.4573974609375,921.356689453125,20250225-155956
4,18446744073709551615,0,0.37939453125,702.9107666015625,1599.5416259765625,78.9261474609375,76.2674560546875,20250225-155956
4,18446744073709551615,0,0.39794921875,697.897216796875,1514.0230712890625,129.03067016601562,271.66241455078125,20250225-155956
4,18446744073709551615,0,0.4833984375,658.412109375,537.2781982421875,92.59153747558594,142.87335205078125,20250225-155956
4,18446744073709551615,0,0.490234375,641.1348876953125,374.50732421875,164.81198120117188,234.69598388671875,20250225-155956
4,18446744073709551615,0,0.55810546875,603.6791381835938,1754.353515625,165.00439453125,463.0859069824219,20250225-155956
4,18446744073709551615,0,0.58154296875,615.5574951171875,730.60546875,127.333740234375,51.42919921875,20250225-155956
4,18446744073709551615,0,0.5927734375,696.5542602539062,1209.9261474609375,65.442626953125,62.243865966796875,20250225-155956
4,18446744073709551615,0,0.60107421875,638.974365234375,1331.283935546875,273.06353759765625,331.7324523925781,20250225-155956
4,18446744073709551615,0,0.60302734375,907.3533935546875,1810.494140625,108.69744873046875,171.0025634765625,20250225-155956
4,18446744073709551615,0,0.9248046875,500.93170166015625,0.740753173828125,524.7376708984375,573.8897705078125,20250225-155956
4,18446744073709551615,0,0.93359375,146.6979217529297,404.94580078125,1177.529296875,920.771484375,20250225-155956
5,18446744073709551615,0,0.441650390625,697.4734497070312,1508.53662109375,158.56512451171875,266.7248840332031,20250225-155956
5,18446744073709551615,0,0.48046875,638.0858154296875,373.8500061035156,169.5655517578125,241.3663330078125,20250225-155956
5,18446744073709551615,0,0.5087890625,610.1861572265625,1752.7686767578125,166.2513427734375,169.500732421875,20250225-155956
5,18446744073709551615,0,0.5322265625,639.365478515625,1331.786865234375,281.208984375,324.7574157714844,20250225-155956
5,18446744073709551615,0,0.5849609375,696.7000122070312,1208.419189453125,67.927001953125,63.07012939453125,20250225-155956
5,18446744073709551615,0,0.609375,659.3331298828125,547.712158203125,83.49055480957031,137.22280883789062,20250225-155956
5,18446744073709551615,0,0.662109375,614.1736450195312,730.22119140625,126.49044799804688,52.31982421875,20250225-155956
5,18446744073709551615,0,0.69287109375,911.019287109375,1809.50244140625,109.46502685546875,168.07846069335938,20250225-155956
5,18446744073709551615,0,0.9267578125,501.39825439453125,0.5596160888671875,525.6854248046875,574.6571044921875,20250225-155956
5,18446744073709551615,0,0.9326171875,149.44647216796875,403.20391845703125,1179.555419921875,918.3469848632812,20250225-155956
6,18446744073709551615,0,0.234375,703.8162231445312,1597.7193603515625,78.560302734375,75.46170043945312,20250225-155956
6,18446744073709551615,0,0.294921875,631.8821411132812,379.17791748046875,164.1170654296875,243.74716186523438,20250225-155956
6,18446744073709551615,0,0.46875,658.9154663085938,519.5125122070312,110.975830078125,133.131591796875,20250225-155956
6,18446744073709551615,0,0.5166015625,639.717041015625,1331.6337890625,280.20428466796875,330.8139953613281,20250225-155956
6,18446744073709551615,0,0.5205078125,700.9552001953125,1517.3466796875,155.9970703125,268.69390869140625,20250225-155956
6,18446744073709551615,0,0.5361328125,599.1776733398438,1753.35986328125,165.7738037109375,464.4967346191406,20250225-155956
6,18446744073709551615,0,0.5869140625,696.849365234375,1206.070556640625,69.53787231445312,61.9947509765625,20250225-155956
6,18446744073709551615,0,0.662109375,614.5753784179688,729.7808837890625,127.01065063476562,51.340301513671875,20250225-155956
6,18446744073709551615,0,0.6767578125,911.3616943359375,1810.5164794921875,108.4888916015625,167.11203002929688,20250225-155956
6,18446744073709551615,0,0.92236328125,501.60479736328125,0.9447784423828125,528.1492919921875,574.6173095703125,20250225-155956
6,18446744073709551615,0,0.93310546875,145.468505859375,404.80023193359375,1178.87353515625,922.3551635742188,20250225-155956
7,18446744073709551615,0,0.5146484375,701.59130859375,1518.675048828125,157.11392211914062,264.09649658203125,20250225-155956
7,18446744073709551615,0,0.57373046875,638.2304077148438,1331.691162109375,283.748291015625,331.0989074707031,20250225-155956
7,18446744073709551615,0,0.58056640625,611.3952026367188,1750.8720703125,168.2076416015625,459.06903076171875,20250225-155956
7,18446744073709551615,0,0.6103515625,697.8310546875,1207.35400390625,68.99148559570312,62.42047119140625,20250225-155956
7,18446744073709551615,0,0.65234375,658.55419921875,549.0146484375,81.99879455566406,138.34158325195312,20250225-155956
7,18446744073709551615,0,0.67822265625,910.4826049804688,1810.7255859375,108.0501708984375,167.8641357421875,20250225-155956
7,18446744073709551615,0,0.67822265625,613.8528442382812,729.8968505859375,126.92889404296875,52.488555908203125,20250225-155956
7,18446744073709551615,0,0.708984375,638.6398315429688,376.2684326171875,165.61253356933594,234.11471557617188,20250225-155956
7,18446744073709551615,0,0.92431640625,501.1962890625,0.73516845703125,524.2899169921875,573.7255859375,20250225-155956
7,18446744073709551615,0,0.93310546875,147.44869995117188,403.6907958984375,1180.7464599609375,920.1846313476562,20250225-155956
8,18446744073709551615,0,0.21337890625,704.0372314453125,1597.7537841796875,81.79339599609375,76.63229370117188,20250225-155956
8,18446744073709551615,0,0.448486328125,637.9366455078125,378.13763427734375,163.79910278320312,237.62677001953125,20250225-155956
8,18446744073709551615,0,0.501953125,659.03662109375,540.950439453125,90.67442321777344,135.3614501953125,20250225-155956
8,18446744073709551615,0,0.56005859375,601.5245361328125,1748.344482421875,170.78704833984375,461.7794494628906,20250225-155956
8,18446744073709551615,0,0.56396484375,702.4616088867188,1517.1474609375,158.6905517578125,265.8384704589844,20250225-155956
8,18446744073709551615,0,0.58984375,697.32421875,1207.0791015625,69.264404296875,63.576324462890625,20250225-155956
8,18446744073709551615,0,0.64404296875,639.6690673828125,1331.20166015625,269.902587890625,326.1578063964844,20250225-155956
8,18446744073709551615,0,0.66552734375,910.4251098632812,1810.0389404296875,108.791015625,168.19528198242188,20250225-155956
8,18446744073709551615,0,0.6806640625,614.0361328125,728.7886962890625,127.72412109375,52.046905517578125,20250225-155956
8,18446744073709551615,0,0.92822265625,501.3896484375,0.5496368408203125,525.955078125,573.8092041015625,20250225-155956
8,18446744073709551615,0,0.93310546875,149.46812438964844,404.32122802734375,1179.0281982421875,917.923095703125,20250225-155956
9,18446744073709551615,0,0.505859375,658.25537109375,538.8214111328125,92.08346557617188,134.94168090820312,20250225-155956
9,18446744073709551615,0,0.544921875,696.6810302734375,1206.0986328125,69.08358764648438,63.049072265625,20250225-155956
9,18446744073709551615,0,0.552734375,701.4957275390625,1515.4932861328125,155.3646240234375,268.8518371582031,20250225-155956
9,18446744073709551615,0,0.60595703125,617.3177490234375,732.1669921875,127.17572021484375,50.382110595703125,20250225-155956
9,18446744073709551615,0,0.6494140625,639.8864135742188,1332.134765625,269.19818115234375,326.6941223144531,20250225-155956
9,18446744073709551615,0,0.6533203125,909.4676513671875,1809.626220703125,109.24383544921875,169.47207641601562,20250225-155956
9,18446744073709551615,0,0.6591796875,611.035400390625,1748.2353515625,170.64495849609375,459.993896484375,20250225-155956
9,18446744073709551615,0,0.7041015625,639.55029296875,384.4265441894531,157.65321350097656,231.70220947265625,20250225-155956
9,18446744073709551615,0,0.927734375,501.122314453125,0.359527587890625,522.7901000976562,572.5054321289062,20250225-155956
9,18446744073709551615,0,0.9326171875,151.68365478515625,404.29290771484375,1175.2646484375,915.8446655273438,20250225-155956
10,18446744073709551615,0,0.218017578125,700.6517944335938,1591.55859375,85.35955810546875,129.32418823242188,20250225-155956
10,18446744073709551615,0,0.501953125,696.80712890625,1508.025146484375,154.45458984375,274.3547058105469,20250225-155956
10,18446744073709551615,0,0.509765625,658.34912109375,521.3508911132812,109.56568908691406,134.58700561523438,20250225-155956
10,18446744073709551615,0,0.55078125,696.018798828125,1206.7493896484375,69.071044921875,63.6324462890625,20250225-155956
10,18446744073709551615,0,0.6103515625,639.3078002929688,1330.7333984375,274.08819580078125,327.9461975097656,20250225-155956
10,18446744073709551615,0,0.626953125,617.734130859375,733.3619995117188,127.17585754394531,50.455169677734375,20250225-155956
10,18446744073709551615,0,0.6416015625,610.0361938476562,1750.55322265625,168.5211181640625,460.7412414550781,20250225-155956
10,18446744073709551615,0,0.650390625,640.7865600585938,389.725341796875,153.2413787841797,230.80545043945312,20250225-155956
10,18446744073709551615,0,0.66552734375,909.6705322265625,1810.8548583984375,108.02069091796875,169.16427612304688,20250225-155956
10,18446744073709551615,0,0.9267578125,501.0040283203125,0.36456298828125,524.5841064453125,573.2161865234375,20250225-155956
10,18446744073709551615,0,0.9326171875,150.3739013671875,404.38201904296875,1175.490478515625,917.0174560546875,20250225-155956
11,18446744073709551615,0,0.260498046875,700.7164306640625,1590.8038330078125,84.66485595703125,124.11410522460938,20250225-155956
11,18446744073709551615,0,0.30810546875,701.7947387695312,1518.762939453125,148.59072875976562,265.4568786621094,20250225-155956
11,18446744073709551615,0,0.494140625,659.099365234375,518.046630859375,113.07669067382812,132.35504150390625,20250225-155956
11,18446744073709551615,0,0.529296875,619.6156005859375,735.1382446289062,123.84027099609375,46.87042236328125,20250225-155956
11,18446744073709551615,0,0.552734375,695.7572021484375,1206.3123779296875,69.14089965820312,64.1630859375,20250225-155956
11,18446744073709551615,0,0.64404296875,637.8751831054688,1331.5986328125,292.300048828125,332.2588806152344,20250225-155956
11,18446744073709551615,0,0.64892578125,610.9622802734375,1748.5426025390625,170.53143310546875,460.10321044921875,20250225-155956
11,18446744073709551615,0,0.6533203125,910.4188842773438,1810.51025390625,108.3687744140625,168.19821166992188,20250225-155956
11,18446744073709551615,0,0.669921875,638.8067626953125,387.9103088378906,155.35130310058594,232.08929443359375,20250225-155956
11,18446744073709551615,0,0.92626953125,500.7041015625,0.3632354736328125,525.43408203125,573.7012939453125,20250225-155956
11,18446744073709551615,0,0.93310546875,146.72817993164062,404.032470703125,1174.70263671875,920.879150390625,20250225-155956
12,18446744073709551615,0,0.21337890625,701.0882568359375,1593.8814697265625,81.2962646484375,125.94287109375,20250225-155956
12,18446744073709551615,0,0.5,696.665283203125,1512.23388671875,146.69549560546875,272.13116455078125,20250225-155956
12,18446744073709551615,0,0.517578125,638.1721801757812,1331.4407958984375,288.3336181640625,332.2255554199219,20250225-155956
12,18446744073709551615,0,0.529296875,609.59033203125,1751.0980224609375,168.19171142578125,454.12774658203125,20250225-155956
12,18446744073709551615,0,0.5390625,621.995849609375,741.156494140625,119.21026611328125,46.95758056640625,20250225-155956
12,18446744073709551615,0,0.5498046875,658.953369140625,551.1195068359375,79.9478759765625,137.53646850585938,20250225-155956
12,18446744073709551615,0,0.57080078125,696.1036376953125,1208.13232421875,67.48114013671875,64.56683349609375,20250225-155956
12,18446744073709551615,0,0.67138671875,909.9283447265625,1810.8907470703125,108.03753662109375,168.73452758789062,20250225-155956
12,18446744073709551615,0,0.72021484375,640.799560546875,386.0378723144531,156.9898223876953,228.66311645507812,20250225-155956
12,18446744073709551615,0,0.92724609375,501.93621826171875,0.736541748046875,523.429443359375,571.6353149414062,20250225-155956
12,18446744073709551615,0,0.931640625,152.42788696289062,403.07464599609375,1175.8355712890625,915.1197509765625,20250225-155956
13,18446744073709551615,0,0.36669921875,621.7765502929688,744.0206909179688,117.2347412109375,48.647735595703125,20250225-155956
13,18446744073709551615,0,0.4658203125,659.2058715820312,524.6962890625,106.49180603027344,136.46063232421875,20250225-155956
13,18446744073709551615,0,0.5048828125,697.7279663085938,1511.0673828125,155.98883056640625,272.7183837890625,20250225-155956
13,18446744073709551615,0,0.552734375,638.5984497070312,1329.658935546875,287.62701416015625,333.3344421386719,20250225-155956
13,18446744073709551615,0,0.5869140625,695.9595947265625,1207.754638671875,68.81341552734375,66.61798095703125,20250225-155956
13,18446744073709551615,0,0.60595703125,609.098388671875,1748.572265625,170.75372314453125,455.8883056640625,20250225-155956
13,18446744073709551615,0,0.65380859375,640.7448120117188,384.9412536621094,158.4503173828125,228.52102661132812,20250225-155956
13,18446744073709551615,0,0.658203125,911.0975341796875,1810.01904296875,108.9056396484375,167.6883544921875,20250225-155956
13,18446744073709551615,0,0.927734375,501.77801513671875,0.5528411865234375,524.6156005859375,572.5875244140625,20250225-155956
13,18446744073709551615,0,0.93017578125,151.30169677734375,403.5355224609375,1176.0596923828125,915.7556762695312,20250225-155956
14,18446744073709551615,0,0.48046875,700.7979125976562,1517.5206298828125,154.188720703125,271.70599365234375,20250225-155956
14,18446744073709551615,0,0.4921875,622.346435546875,742.0419921875,120.08285522460938,46.33905029296875,20250225-155956
14,18446744073709551615,0,0.5419921875,659.1542358398438,548.091064453125,83.70867919921875,135.86444091796875,20250225-155956
14,18446744073709551615,0,0.5517578125,640.0616455078125,1332.739501953125,269.71856689453125,333.7048645019531,20250225-155956
14,18446744073709551615,0,0.5859375,608.488037109375,1747.1802978515625,172.14129638671875,456.0172119140625,20250225-155956
14,18446744073709551615,0,0.61328125,695.8575439453125,1207.769775390625,68.79647827148438,66.45767211914062,20250225-155956
14,18446744073709551615,0,0.638671875,909.714111328125,1809.734619140625,109.19036865234375,168.92623901367188,20250225-155956
14,18446744073709551615,0,0.66455078125,641.7039184570312,385.7568054199219,156.98153686523438,226.93954467773438,20250225-155956
14,18446744073709551615,0,0.92919921875,501.19647216796875,0.55059814453125,524.5830078125,573.1917724609375,20250225-155956
14,18446744073709551615,0,0.93212890625,148.71734619140625,402.460693359375,1175.6641845703125,918.6055297851562,20250225-155956
15,18446744073709551615,0,0.529296875,659.4691772460938,548.3894653320312,82.7918701171875,135.5540771484375,20250225-155956
15,18446744073709551615,0,0.55078125,622.25830078125,743.34521484375,118.64501953125,45.695892333984375,20250225-155956
15,18446744073709551615,0,0.552734375,700.0914306640625,1517.416015625,153.68618774414062,270.5650634765625,20250225-155956
15,18446744073709551615,0,0.56591796875,607.8228149414062,1746.5540771484375,172.382080078125,172.16015625,20250225-155956
15,18446744073709551615,0,0.5830078125,695.3098754882812,1208.36083984375,68.78585815429688,67.16317749023438,20250225-155956
15,18446744073709551615,0,0.595703125,644.3031005859375,389.8517761230469,152.86944580078125,225.65469360351562,20250225-155956
15,18446744073709551615,0,0.60693359375,638.5691528320312,1332.07666015625,269.78741455078125,331.69464111328125,20250225-155956
15,18446744073709551615,0,0.6767578125,911.3963623046875,1809.2801513671875,109.71551513671875,164.256591796875,20250225-155956
15,18446744073709551615,0,0.93017578125,150.38021850585938,402.3621826171875,1178.776611328125,916.9154663085938,20250225-155956
15,18446744073709551615,0,0.93115234375,501.4833068847656,0.5532989501953125,524.7353515625,573.1036376953125,20250225-155956
16,18446744073709551615,0,0.498046875,700.16845703125,1518.3409423828125,153.175048828125,269.90386962890625,20250225-155956
16,18446744073709551615,0,0.5068359375,621.746337890625,742.54345703125,119.08222961425781,45.469757080078125,20250225-155956
16,18446744073709551615,0,0.5546875,640.921630859375,386.59478759765625,154.8526611328125,228.11114501953125,20250225-155956
16,18446744073709551615,0,0.55810546875,659.1298828125,549.7291259765625,82.40263366699219,138.22842407226562,20250225-155956
16,18446744073709551615,0,0.609375,695.21630859375,1208.7763671875,67.885986328125,66.78286743164062,20250225-155956
16,18446744073709551615,0,0.61328125,638.4391479492188,1330.4930419921875,274.30938720703125,331.401123046875,20250225-155956
16,18446744073709551615,0,0.63525390625,608.0634155273438,1752.366943359375,166.93377685546875,457.3290710449219,20250225-155956
16,18446744073709551615,0,0.6611328125,910.412109375,1811.7081298828125,107.16741943359375,168.0867919921875,20250225-155956
16,18446744073709551615,0,0.9326171875,500.84637451171875,0.744598388671875,525.6080322265625,573.9581909179688,20250225-155956
16,18446744073709551615,0,0.93310546875,147.80804443359375,403.1378173828125,1179.805908203125,919.4144897460938,20250225-155956
17,18446744073709551615,0,0.4794921875,699.5848388671875,1517.49853515625,153.78964233398438,271.5500793457031,20250225-155956
17,18446744073709551615,0,0.5205078125,639.0466918945312,1329.533447265625,272.87896728515625,333.20233154296875,20250225-155956
17,18446744073709551615,0,0.5244140625,623.8526611328125,745.0936279296875,116.98503112792969,44.24395751953125,20250225-155956
17,18446744073709551615,0,0.544921875,640.5252685546875,385.31927490234375,156.56121826171875,229.3330078125,20250225-155956
17,18446744073709551615,0,0.57080078125,659.34228515625,552.2026977539062,80.27485656738281,138.8272705078125,20250225-155956
17,18446744073709551615,0,0.59814453125,695.3029174804688,1209.038818359375,68.04437255859375,67.56353759765625,20250225-155956
17,18446744073709551615,0,0.6083984375,910.611328125,1809.7294921875,109.09259033203125,167.61172485351562,20250225-155956
17,18446744073709551615,0,0.66015625,608.6658325195312,1749.83203125,169.29290771484375,457.78399658203125,20250225-155956
17,18446744073709551615,0,0.931640625,146.53990173339844,402.6793212890625,1181.593994140625,920.9619140625,20250225-155956
17,18446744073709551615,0,0.931640625,501.4783630371094,0.55975341796875,524.9899291992188,573.4453125,20250225-155956
18,18446744073709551615,0,0.42333984375,642.7236328125,389.37249755859375,153.02760314941406,232.26187133789062,20250225-155956
18,18446744073709551615,0,0.4912109375,639.2828979492188,1330.7962646484375,281.770751953125,330.33380126953125,20250225-155956
18,18446744073709551615,0,0.4921875,660.6966552734375,525.6903076171875,106.21426391601562,137.58453369140625,20250225-155956
18,18446744073709551615,0,0.5302734375,697.0838012695312,1207.838134765625,67.81796264648438,64.05816650390625,20250225-155956
18,18446744073709551615,0,0.548828125,609.71337890625,1754.3697509765625,164.94580078125,454.3184509277344,20250225-155956
18,18446744073709551615,0,0.57080078125,699.8746948242188,1519.2215576171875,152.70932006835938,267.7028503417969,20250225-155956
18,18446744073709551615,0,0.60302734375,624.7261962890625,747.310791015625,115.26960754394531,43.884246826171875,20250225-155956
18,18446744073709551615,0,0.650390625,910.5529174804688,1810.6834716796875,108.23492431640625,168.11993408203125,20250225-155956
18,18446744073709551615,0,0.9306640625,149.4451904296875,401.5718994140625,1179.008056640625,917.91650390625,20250225-155956
18,18446744073709551615,0,0.93212890625,502.1640930175781,0.928619384765625,525.6240234375,573.1219482421875,20250225-155956
19,18446744073709551615,0,0.4619140625,661.576171875,524.982666015625,107.66107177734375,148.19284057617188,20250225-155956
19,18446744073709551615,0,0.498046875,640.2097778320312,1330.796630859375,267.05126953125,330.0553894042969,20250225-155956
19,18446744073709551615,0,0.5478515625,625.615234375,746.654541015625,115.97969055175781,43.04461669921875,20250225-155956
19,18446744073709551615,0,0.548828125,647.018310546875,388.7192687988281,153.9891357421875,227.2620849609375,20250225-155956
19,18446744073709551615,0,0.5869140625,696.369384765625,1209.739501953125,66.81893920898438,67.112548828125,20250225-155956
19,18446744073709551615,0,0.6083984375,608.729736328125,1753.948486328125,165.4024658203125,456.8074035644531,20250225-155956
19,18446744073709551615,0,0.6123046875,698.97216796875,1516.604248046875,152.46615600585938,269.694580078125,20250225-155956
19,18446744073709551615,0,0.640625,910.7384033203125,1810.7021484375,108.1728515625,167.53170776367188,20250225-155956
19,18446744073709551615,0,0.92822265625,154.85494995117188,402.60443115234375,1176.48291015625,912.1986694335938,20250225-155956
19,18446744073709551615,0,0.93212890625,501.80401611328125,0.5603485107421875,524.7687377929688,573.03173828125,20250225-155956
20,18446744073709551615,0,0.451416015625,694.5379028320312,1506.16162109375,149.4796142578125,275.26483154296875,20250225-155956
20,18446744073709551615,0,0.49609375,645.3576049804688,387.9333801269531,153.9553985595703,228.12295532226562,20250225-155956
20,18446744073709551615,0,0.5361328125,660.7366943359375,549.82763671875,82.77735900878906,134.68487548828125,20250225-155956
20,18446744073709551615,0,0.5537109375,625.3037109375,747.240478515625,115.34152221679688,42.732879638671875,20250225-155956
20,18446744073709551615,0,0.56298828125,695.8610229492188,1209.6329345703125,66.790283203125,67.16519165039062,20250225-155956
20,18446744073709551615,0,0.57080078125,638.6354370117188,1330.2919921875,289.17572021484375,333.2361145019531,20250225-155956
20,18446744073709551615,0,0.611328125,608.080810546875,1750.3560791015625,168.9722900390625,457.73016357421875,20250225-155956
20,18446744073709551615,0,0.63427734375,908.9811401367188,1810.396728515625,108.6998291015625,169.32504272460938,20250225-155956
20,18446744073709551615,0,0.92919921875,154.28018188476562,403.5162353515625,1177.8533935546875,912.8618774414062,20250225-155956
20,18446744073709551615,0,0.931640625,501.76849365234375,0.7613067626953125,525.4802856445312,573.59130859375,20250225-155956
21,18446744073709551615,0,0.4990234375,697.5184936523438,1511.7484130859375,159.2783203125,273.51470947265625,20250225-155956
21,18446744073709551615,0,0.5537109375,639.047607421875,1331.4796142578125,267.980712890625,327.14666748046875,20250225-155956
21,18446744073709551615,0,0.55810546875,645.7564086914062,390.73974609375,151.5449981689453,226.83700561523438,20250225-155956
21,18446744073709551615,0,0.56494140625,624.40625,745.8352661132812,117.6470947265625,43.505859375,20250225-155956
21,18446744073709551615,0,0.57373046875,695.3572998046875,1211.436767578125,64.6600341796875,66.34222412109375,20250225-155956
21,18446744073709551615,0,0.63623046875,909.037353515625,1810.4366455078125,108.66741943359375,169.52700805664062,20250225-155956
21,18446744073709551615,0,0.65234375,660.4802856445312,553.2747192382812,78.44540405273438,139.20108032226562,20250225-155956
21,18446744073709551615,0,0.67041015625,608.0701904296875,1750.26123046875,169.26287841796875,458.36773681640625,20250225-155956
21,18446744073709551615,0,0.927734375,150.91763305664062,401.701171875,1178.498779296875,916.1321411132812,20250225-155956
21,18446744073709551615,0,0.9296875,501.8331298828125,0.755950927734375,525.556396484375,573.0316772460938,20250225-155956
22,18446744073709551615,0,0.474609375,696.9570922851562,1513.3626708984375,155.71435546875,273.4258117675781,20250225-155956
22,18446744073709551615,0,0.5205078125,643.7444458007812,389.2125549316406,153.6367950439453,231.17770385742188,20250225-155956
22,18446744073709551615,0,0.533203125,623.9527587890625,746.5654907226562,118.4674072265625,43.820892333984375,20250225-155956
22,18446744073709551615,0,0.5498046875,637.6717529296875,1330.767822265625,289.13323974609375,335.8878479003906,20250225-155956
22,18446744073709551615,0,0.57080078125,695.8467407226562,1209.12353515625,66.88916015625,65.72726440429688,20250225-155956
22,18446744073709551615,0,0.63525390625,660.7765502929688,553.05810546875,78.90646362304688,136.12930297851562,20250225-155956
22,18446744073709551615,0,0.6416015625,907.6594848632812,1811.491455078125,107.616943359375,170.62655639648438,20250225-155956
22,18446744073709551615,0,0.6669921875,607.212890625,1755.3037109375,164.0262451171875,459.4237976074219,20250225-155956
22,18446744073709551615,0,0.9228515625,160.03953552246094,402.22833251953125,1176.0794677734375,907.10009765625,20250225-155956
22,18446744073709551615,0,0.92822265625,501.9158935546875,0.942626953125,525.112060546875,573.21630859375,20250225-155956
23,18446744073709551615,0,0.46875,661.1715087890625,523.763427734375,107.79377746582031,140.17813110351562,20250225-155956
23,18446744073709551615,0,0.48046875,638.9678955078125,1329.87646484375,285.73004150390625,332.0782470703125,20250225-155956
23,18446744073709551615,0,0.5107421875,624.9276123046875,748.7177124023438,115.51702880859375,43.82574462890625,20250225-155956
23,18446744073709551615,0,0.5263671875,694.3584594726562,1507.9737548828125,149.34603881835938,275.9255676269531,20250225-155956
23,18446744073709551615,0,0.544921875,695.3439331054688,1211.283935546875,64.91610717773438,68.31637573242188,20250225-155956
23,18446744073709551615,0,0.55908203125,646.1068725585938,392.48291015625,150.53123474121094,233.40994262695312,20250225-155956
23,18446744073709551615,0,0.57568359375,609.5077514648438,1753.900634765625,165.405029296875,454.2415466308594,20250225-155956
23,18446744073709551615,0,0.64794921875,911.3113403320312,1811.4290771484375,107.44921875,166.81375122070312,20250225-155956
23,18446744073709551615,0,0.923828125,158.01242065429688,400.50201416015625,1180.90673828125,908.89599609375,20250225-155956
23,18446744073709551615,0,0.92431640625,502.740234375,0.558197021484375,525.38330078125,571.901611328125,20250225-155956
24,18446744073709551615,0,0.2744140625,682.31103515625,1326.2127685546875,57.244720458984375,97.0052490234375,20250225-155956
24,18446744073709551615,0,0.45703125,696.5696411132812,1210.252197265625,65.819091796875,67.379150390625,20250225-155956
24,18446744073709551615,0,0.5078125,698.57666015625,1519.236572265625,146.0841064453125,268.62982177734375,20250225-155956
24,18446744073709551615,0,0.537109375,625.8792114257812,746.5667114257812,116.45585632324219,42.65460205078125,20250225-155956
24,18446744073709551615,0,0.56005859375,641.8023681640625,1333.518310546875,272.6195068359375,332.54461669921875,20250225-155956
24,18446744073709551615,0,0.63525390625,609.5084838867188,1755.9466552734375,163.39691162109375,457.1558532714844,20250225-155956
24,18446744073709551615,0,0.63525390625,662.0762329101562,550.5576782226562,81.86627197265625,143.70181274414062,20250225-155956
24,18446744073709551615,0,0.64892578125,910.4840698242188,1811.11376953125,107.6729736328125,167.90560913085938,20250225-155956
24,18446744073709551615,0,0.66650390625,647.2630004882812,393.8006286621094,149.81629943847656,234.72262573242188,20250225-155956
24,18446744073709551615,0,0.9208984375,502.45550537109375,0.7510528564453125,523.9873046875,571.642578125,20250225-155956
24,18446744073709551615,0,0.927734375,150.37179565429688,400.51678466796875,1181.719482421875,916.9520874023438,20250225-155956
25,18446744073709551615,0,0.3486328125,696.4411010742188,1515.720458984375,157.52407836914062,276.3526611328125,20250225-155956
25,18446744073709551615,0,0.5078125,661.5225830078125,526.5117797851562,104.54763793945312,148.502197265625,20250225-155956
25,18446744073709551615,0,0.51953125,625.6726684570312,748.896728515625,115.7911376953125,42.714569091796875,20250225-155956
25,18446744073709551615,0,0.5224609375,695.93115234375,1209.966552734375,65.92172241210938,67.62222290039062,20250225-155956
25,18446744073709551615,0,0.533203125,639.736083984375,1329.643798828125,286.9215087890625,332.9797668457031,20250225-155956
25,18446744073709551615,0,0.5927734375,605.8433837890625,1757.6728515625,161.684326171875,461.807373046875,20250225-155956
25,18446744073709551615,0,0.6279296875,909.75146484375,1810.5391845703125,108.60919189453125,168.66000366210938,20250225-155956
25,18446744073709551615,0,0.73193359375,647.8077392578125,397.79644775390625,145.4956512451172,230.28131103515625,20250225-155956
25,18446744073709551615,0,0.91796875,500.5008544921875,0.5496368408203125,524.773193359375,572.5662841796875,20250225-155956
25,18446744073709551615,0,0.93212890625,149.09051513671875,402.65692138671875,1175.9205322265625,918.1611328125,20250225-155956
26,18446744073709551615,0,0.267333984375,681.7708740234375,1324.8416748046875,50.706390380859375,92.06964111328125,20250225-155957
26,18446744073709551615,0,0.5087890625,696.7852783203125,1221.98779296875,52.695556640625,65.260986328125,20250225-155957
26,18446744073709551615,0,0.51953125,697.4990844726562,1517.291748046875,154.7706298828125,271.12353515625,20250225-155957
26,18446744073709551615,0,0.55712890625,624.2340087890625,749.6471557617188,114.84210205078125,43.600616455078125,20250225-155957
26,18446744073709551615,0,0.56103515625,638.3139038085938,1334.4501953125,262.17425537109375,322.159423828125,20250225-155957
26,18446744073709551615,0,0.630859375,647.433837890625,398.6886291503906,142.60272216796875,233.3082275390625,20250225-155957
26,18446744073709551615,0,0.63427734375,661.28515625,552.2421875,79.49185180664062,142.4300537109375,20250225-155957
26,18446744073709551615,0,0.638671875,607.3409423828125,1752.3583984375,167.000244140625,459.15618896484375,20250225-155957
26,18446744073709551615,0,0.64501953125,910.0196533203125,1811.41943359375,107.7301025390625,168.30743408203125,20250225-155957
26,18446744073709551615,0,0.91455078125,497.86724853515625,0.7366790771484375,523.8600463867188,575.1982421875,20250225-155957
26,18446744073709551615,0,0.93310546875,151.27821350097656,402.408935546875,1178.3375244140625,915.769775390625,20250225-155957
27,18446744073709551615,0,0.29345703125,681.7144775390625,1325.4189453125,55.312591552734375,90.03085327148438,20250225-155957
27,18446744073709551615,0,0.3251953125,644.5709838867188,405.33636474609375,133.97007751464844,236.91091918945312,20250225-155957
27,18446744073709551615,0,0.448486328125,624.9406127929688,748.258544921875,116.29971313476562,43.38629150390625,20250225-155957
27,18446744073709551615,0,0.4638671875,696.8994140625,1518.3021240234375,154.560791015625,264.9454650878906,20250225-155957
27,18446744073709551615,0,0.4716796875,696.8402709960938,1219.532470703125,54.7445068359375,63.3138427734375,20250225-155957
27,18446744073709551615,0,0.57958984375,638.2655639648438,1331.6165771484375,269.56951904296875,320.8413391113281,20250225-155957
27,18446744073709551615,0,0.65771484375,907.927001953125,1811.0928955078125,108.01153564453125,170.45278930664062,20250225-155957
27,18446744073709551615,0,0.6767578125,605.4935302734375,1750.7786865234375,168.38360595703125,461.2862548828125,20250225-155957
27,18446744073709551615,0,0.6884765625,660.8395385742188,552.0924072265625,78.89515686035156,141.40017700195312,20250225-155957
27,18446744073709551615,0,0.91748046875,492.422607421875,0.568634033203125,524.744873046875,581.8006591796875,20250225-155957
27,18446744073709551615,0,0.9296875,150.89730834960938,402.8529052734375,1176.8455810546875,916.2416381835938,20250225-155957
28,18446744073709551615,0,0.244384765625,699.760986328125,1597.1656494140625,81.51214599609375,80.64559936523438,20250225-155957
28,18446744073709551615,0,0.2783203125,698.774658203125,1520.97265625,150.30230712890625,268.9149169921875,20250225-155957
28,18446744073709551615,0,0.349609375,681.2202758789062,1324.54833984375,61.07427978515625,96.80648803710938,20250225-155957
28,18446744073709551615,0,0.4814453125,625.72119140625,748.6966552734375,116.0701904296875,42.279327392578125,20250225-155957
28,18446744073709551615,0,0.4951171875,696.5599365234375,1224.045654296875,49.778961181640625,66.30889892578125,20250225-155957
28,18446744073709551615,0,0.544921875,638.6152954101562,1332.47265625,287.6898193359375,333.3615417480469,20250225-155957
28,18446744073709551615,0,0.56689453125,660.3323364257812,549.465087890625,82.51821899414062,137.59341430664062,20250225-155957
28,18446744073709551615,0,0.6435546875,908.698974609375,1811.2576904296875,107.84674072265625,169.48004150390625,20250225-155957
28,18446744073709551615,0,0.658203125,605.61572265625,1754.1031494140625,165.25726318359375,461.5675048828125,20250225-155957
28,18446744073709551615,0,0.91748046875,487.5516357421875,0.7357635498046875,525.471923828125,584.5440673828125,20250225-155957
28,18446744073709551615,0,0.93017578125,160.10801696777344,402.01904296875,1176.807373046875,907.0037841796875,20250225-155957
29,18446744073709551615,0,0.2568359375,682.758544921875,1323.69287109375,60.346435546875,92.92208862304688,20250225-155957
29,18446744073709551615,0,0.320068359375,698.334228515625,1598.2569580078125,76.61334228515625,86.28561401367188,20250225-155957
29,18446744073709551615,0,0.400634765625,690.9574584960938,1509.9429931640625,129.2391357421875,279.1227722167969,20250225-155957
29,18446744073709551615,0,0.4560546875,660.857421875,528.6976318359375,103.1802978515625,144.3101806640625,20250225-155957
29,18446744073709551615,0,0.458984375,696.4165649414062,1221.9483642578125,51.78350830078125,66.72280883789062,20250225-155957
29,18446744073709551615,0,0.4697265625,626.102783203125,748.1175537109375,117.33151245117188,42.16259765625,20250225-155957
29,18446744073709551615,0,0.4814453125,639.7571411132812,1330.415771484375,286.8218994140625,329.9803161621094,20250225-155957
29,18446744073709551615,0,0.63232421875,611.8482055664062,1753.9310302734375,165.16900634765625,459.238037109375,20250225-155957
29,18446744073709551615,0,0.6513671875,908.3411865234375,1811.43603515625,107.66363525390625,170.0760498046875,20250225-155957
29,18446744073709551615,0,0.91259765625,483.08349609375,0.7481689453125,529.4368286132812,591.1887817382812,20250225-155957
29,18446744073709551615,0,0.927734375,155.78150939941406,402.3369140625,1175.5078125,911.5224609375,20250225-155957
30,18446744073709551615,0,0.28466796875,699.8876953125,1596.6435546875,80.562744140625,80.10104370117188,20250225-155957
30,18446744073709551615,0,0.306640625,681.9935302734375,1323.704833984375,65.55386352539062,94.20217895507812,20250225-155957
30,18446744073709551615,0,0.36572265625,693.96533203125,1509.17041015625,139.21197509765625,278.0833740234375,20250225-155957
30,18446744073709551615,0,0.4560546875,696.2327880859375,1221.173583984375,53.20330810546875,66.84759521484375,20250225-155957
30,18446744073709551615,0,0.4970703125,625.7492065429688,747.3606567382812,116.80705261230469,43.004974365234375,20250225-155957
30,18446744073709551615,0,0.57470703125,659.4415283203125,549.4257202148438,82.35704040527344,137.77798461914062,20250225-155957
30,18446744073709551615,0,0.5859375,608.1143188476562,1754.6253662109375,164.7103271484375,458.0518798828125,20250225-155957
30,18446744073709551615,0,0.61865234375,637.6473388671875,1331.031005859375,290.78759765625,333.5914306640625,20250225-155957
30,18446744073709551615,0,0.64404296875,909.8687744140625,1811.293212890625,107.85113525390625,168.1201171875,20250225-155957
30,18446744073709551615,0,0.9208984375,474.36767578125,0.530548095703125,526.9788208007812,598.04150390625,20250225-155957
30,18446744073709551615,0,0.92822265625,152.59881591796875,402.02838134765625,1176.951171875,914.7160034179688,20250225-155957
31,18446744073709551615,0,0.250244140625,698.5270385742188,1519.8804931640625,142.237060546875,268.5970458984375,20250225-155957
31,18446744073709551615,0,0.34423828125,681.7269287109375,1322.0262451171875,67.4710693359375,94.08279418945312,20250225-155957
31,18446744073709551615,0,0.352294921875,700.023193359375,1597.52978515625,80.527587890625,80.25576782226562,20250225-155957
31,18446744073709551615,0,0.436767578125,696.3197021484375,1224.58544921875,50.3551025390625,67.30581665039062,20250225-155957
31,18446744073709551615,0,0.4931640625,610.2291870117188,1756.8035888671875,162.20599365234375,169.01577758789062,20250225-155957
31,18446744073709551615,0,0.5380859375,625.7552490234375,747.494873046875,115.27908325195312,43.490020751953125,20250225-155957
31,18446744073709551615,0,0.5849609375,658.2723999023438,551.0562744140625,81.74299621582031,141.9730224609375,20250225-155957
31,18446744073709551615,0,0.63232421875,638.4609375,1330.7823486328125,294.0875244140625,335.337158203125,20250225-155957
31,18446744073709551615,0,0.6748046875,908.8033447265625,1810.9713134765625,108.01318359375,169.15658569335938,20250225-155957
31,18446744073709551615,0,0.9150390625,467.0987548828125,0.535400390625,525.1896362304688,604.4522705078125,20250225-155957
31,18446744073709551615,0,0.92919921875,154.86492919921875,402.99298095703125,1173.5848388671875,912.10400390625,20250225-155957
32,18446744073709551615,0,0.373779296875,696.1873779296875,1513.9091796875,160.74087524414062,271.88250732421875,20250225-155957
32,18446744073709551615,0,0.373779296875,681.8417358398438,1321.8651123046875,68.25338745117188,98.68084716796875,20250225-155957
32,18446744073709551615,0,0.39599609375,696.58154296875,1221.359130859375,54.130096435546875,65.36810302734375,20250225-155957
32,18446744073709551615,0,0.41015625,604.8491821289062,1758.923095703125,160.3970947265625,459.6451721191406,20250225-155957
32,18446744073709551615,0,0.525390625,625.754638671875,747.18798828125,116.4766845703125,43.20538330078125,20250225-155957
32,18446744073709551615,0,0.56591796875,638.592041015625,1331.157958984375,288.088623046875,331.7372131347656,20250225-155957
32,18446744073709551615,0,0.60205078125,657.5906982421875,551.607177734375,81.82301330566406,144.24838256835938,20250225-155957
32,18446744073709551615,0,0.6689453125,908.4640502929688,1811.25146484375,107.84417724609375,169.47482299804688,20250225-155957
32,18446744073709551615,0,0.9189453125,460.39544677734375,0.76116943359375,534.956298828125,610.7222900390625,20250225-155957
32,18446744073709551615,0,0.92724609375,152.9794921875,404.10662841796875,1173.8623046875,914.148193359375,20250225-155957
33,18446744073709551615,0,0.2037353515625,697.1976928710938,1577.393798828125,99.51416015625,156.95663452148438,20250225-155957
33,18446744073709551615,0,0.361083984375,696.859130859375,1222.2425537109375,63.208648681640625,73.27029418945312,20250225-155957
33,18446744073709551615,0,0.384033203125,681.7637329101562,1321.9171142578125,67.938720703125,96.737548828125,20250225-155957
33,18446744073709551615,0,0.4638671875,694.7634887695312,1507.648193359375,149.0888671875,276.80438232421875,20250225-155957
33,18446744073709551615,0,0.501953125,606.1075439453125,1759.9365234375,159.39971923828125,459.98272705078125,20250225-155957
33,18446744073709551615,0,0.5107421875,625.8165283203125,747.5304565429688,115.510986328125,43.40240478515625,20250225-155957
33,18446744073709551615,0,0.5302734375,638.8840942382812,1329.70458984375,286.61663818359375,330.9919738769531,20250225-155957
33,18446744073709551615,0,0.5341796875,657.7648315429688,544.4503173828125,89.26670837402344,146.42001342773438,20250225-155957
33,18446744073709551615,0,0.68017578125,909.3514404296875,1810.3773193359375,108.60699462890625,168.77252197265625,20250225-155957
33,18446744073709551615,0,0.923828125,453.09027099609375,1.2805938720703125,536.755615234375,619.703125,20250225-155957
33,18446744073709551615,0,0.9306640625,155.599365234375,402.8619384765625,1173.48046875,911.7160034179688,20250225-155957
34,18446744073709551615,0,0.359375,682.5686645507812,1322.3858642578125,67.06631469726562,93.39212036132812,20250225-155957
34,18446744073709551615,0,0.41015625,696.3131103515625,1216.61376953125,63.481201171875,69.4171142578125,20250225-155957
34,18446744073709551615,0,0.5087890625,657.318603515625,531.667236328125,101.08451843261719,152.99404907226562,20250225-155957
34,18446744073709551615,0,0.5224609375,625.899169921875,745.6265869140625,116.83163452148438,43.236236572265625,20250225-155957
34,18446744073709551615,0,0.52734375,697.7457275390625,1512.796630859375,160.06439208984375,271.2598571777344,20250225-155957
34,18446744073709551615,0,0.533203125,607.6353149414062,1756.215087890625,162.92120361328125,457.0831604003906,20250225-155957
34,18446744073709551615,0,0.5478515625,640.393798828125,1330.5362548828125,271.78546142578125,326.59918212890625,20250225-155957
34,18446744073709551615,0,0.6748046875,908.5015869140625,1810.9434814453125,108.03936767578125,169.61398315429688,20250225-155957
34,18446744073709551615,0,0.9296875,446.1566162109375,0.7588348388671875,537.9154052734375,624.2506713867188,20250225-155957
34,18446744073709551615,0,0.9296875,152.21424865722656,403.37255859375,1174.494873046875,915.090087890625,20250225-155957
35,18446744073709551615,0,0.322509765625,682.844970703125,1322.2752685546875,62.23699951171875,97.54861450195312,20250225-155957
35,18446744073709551615,0,0.39794921875,696.8045654296875,1227.5347900390625,57.955078125,72.35202026367188,20250225-155957
35,18446744073709551615,0,0.505859375,604.1749877929688,1755.8023681640625,163.56024169921875,461.3577575683594,20250225-155957
35,18446744073709551615,0,0.5224609375,697.7678833007812,1511.9241943359375,160.985595703125,271.83306884765625,20250225-155957
35,18446744073709551615,0,0.533203125,657.296875,510.3541259765625,123.75517272949219,145.66571044921875,20250225-155957
35,18446744073709551615,0,0.5537109375,625.6865844726562,744.5460205078125,117.99041748046875,43.59063720703125,20250225-155957
35,18446744073709551615,0,0.60693359375,639.7437744140625,1329.361328125,272.79327392578125,328.5647277832031,20250225-155957
35,18446744073709551615,0,0.67724609375,909.0532836914062,1811.0489501953125,107.88336181640625,168.92715454101562,20250225-155957
35,18446744073709551615,0,0.9296875,153.52944946289062,403.881591796875,1174.1326904296875,913.8305053710938,20250225-155957
35,18446744073709551615,0,0.93017578125,439.37677001953125,0.75439453125,541.3538818359375,630.938232421875,20250225-155957
36,18446744073709551615,0,0.36572265625,682.5463256835938,1321.7047119140625,68.56549072265625,97.90814208984375,20250225-155957
36,18446744073709551615,0,0.3876953125,699.0321044921875,1519.5098876953125,151.68896484375,266.17437744140625,20250225-155957
36,18446744073709551615,0,0.444580078125,696.6886596679688,1224.3431396484375,55.60931396484375,70.30288696289062,20250225-155957
36,18446744073709551615,0,0.4990234375,625.8240966796875,745.7069091796875,116.5462646484375,43.596038818359375,20250225-155957
36,18446744073709551615,0,0.5029296875,610.0548706054688,1751.2825927734375,167.742919921875,169.98907470703125,20250225-155957
36,18446744073709551615,0,0.591796875,657.5716552734375,504.22808837890625,130.0982666015625,148.9830322265625,20250225-155957
36,18446744073709551615,0,0.6162109375,637.83837890625,1329.91796875,293.3404541015625,329.6911926269531,20250225-155957
36,18446744073709551615,0,0.681640625,910.4810791015625,1810.279541015625,108.59271240234375,168.15948486328125,20250225-155957
36,18446744073709551615,0,0.92724609375,155.59991455078125,404.55047607421875,1173.8045654296875,911.8824462890625,20250225-155957
36,18446744073709551615,0,0.9345703125,431.18389892578125,0.949859619140625,543.8772583007812,639.7230224609375,20250225-155957
37,18446744073709551615,0,0.37109375,682.0523071289062,1321.3355712890625,68.91421508789062,95.75527954101562,20250225-155957
37,18446744073709551615,0,0.449462890625,696.6121826171875,1224.5068359375,58.9874267578125,70.27825927734375,20250225-155957
37,18446744073709551615,0,0.4716796875,625.5606689453125,745.26220703125,116.58833312988281,43.30755615234375,20250225-155957
37,18446744073709551615,0,0.525390625,696.9973754882812,1512.5079345703125,159.615234375,269.99505615234375,20250225-155957
37,18446744073709551615,0,0.56982421875,639.7175903320312,1330.50390625,270.2493896484375,324.717041015625,20250225-155957
37,18446744073709551615,0,0.59619140625,612.1307373046875,1755.415283203125,163.4794921875,458.9927673339844,20250225-155957
37,18446744073709551615,0,0.638671875,656.5128173828125,501.6357421875,132.16635131835938,144.03131103515625,20250225-155957
37,18446744073709551615,0,0.67041015625,911.2322387695312,1811.343505859375,107.4378662109375,167.55551147460938,20250225-155957
37,18446744073709551615,0,0.92626953125,153.71278381347656,403.8958740234375,1173.1845703125,913.9295654296875,20250225-155957
37,18446744073709551615,0,0.93408203125,421.7999267578125,0.763275146484375,549.0863037109375,648.806884765625,20250225-155957
38,18446744073709551615,0,0.42529296875,682.3097534179688,1321.275634765625,67.83663940429688,96.50244140625,20250225-155957
38,18446744073709551615,0,0.4658203125,626.0978393554688,745.6543579101562,115.49029541015625,42.2471923828125,20250225-155957
38,18446744073709551615,0,0.466796875,696.4141845703125,1225.720458984375,57.240509033203125,71.77377319335938,20250225-155957
38,18446744073709551615,0,0.53515625,607.6917114257812,1757.810302734375,161.48309326171875,458.3663635253906,20250225-155957
38,18446744073709551615,0,0.541015625,696.9992065429688,1511.91796875,161.3104248046875,270.9227600097656,20250225-155957
38,18446744073709551615,0,0.59375,638.83740234375,1332.0069580078125,270.22393798828125,329.8327331542969,20250225-155957
38,18446744073709551615,0,0.609375,655.76806640625,501.406494140625,132.3515167236328,145.177734375,20250225-155957
38,18446744073709551615,0,0.658203125,910.2152099609375,1810.87060546875,107.91668701171875,168.09466552734375,20250225-155957
38,18446744073709551615,0,0.9267578125,156.5603485107422,403.0616455078125,1175.7119140625,910.9859619140625,20250225-155957
38,18446744073709551615,0,0.93212890625,412.7259521484375,0.952880859375,548.3876953125,657.8007202148438,20250225-155957
39,18446744073709551615,0,0.384033203125,699.1796264648438,1518.736328125,150.94354248046875,265.91949462890625,20250225-155957
39,18446744073709551615,0,0.4560546875,682.2943725585938,1321.7647705078125,67.35040283203125,94.6270751953125,20250225-155957
39,18446744073709551615,0,0.4775390625,626.1317138671875,745.067626953125,115.79118347167969,42.618804931640625,20250225-155957
39,18446744073709551615,0,0.4833984375,696.3587646484375,1225.6407470703125,52.3546142578125,68.515869140625,20250225-155957
39,18446744073709551615,0,0.583984375,607.5908203125,1758.758056640625,160.59356689453125,459.9287109375,20250225-155957
39,18446744073709551615,0,0.60400390625,656.2457275390625,498.7923889160156,135.81898498535156,143.98443603515625,20250225-155957
39,18446744073709551615,0,0.61328125,639.6557006835938,1333.05859375,287.525390625,337.206298828125,20250225-155957
39,18446744073709551615,0,0.6416015625,908.8998413085938,1810.53955078125,108.61065673828125,169.1964111328125,20250225-155957
39,18446744073709551615,0,0.9248046875,153.3636474609375,404.4306640625,1172.1588134765625,914.3955688476562,20250225-155957
39,18446744073709551615,0,0.9267578125,404.33770751953125,0.94134521484375,557.0460205078125,666.4124755859375,20250225-155957
40,18446744073709551615,0,0.33642578125,699.1864013671875,1520.9404296875,147.07388305664062,265.3612060546875,20250225-155957
40,18446744073709551615,0,0.43408203125,696.0179443359375,1221.6719970703125,57.492279052734375,69.35421752929688,20250225-155957
40,18446744073709551615,0,0.439697265625,682.3306274414062,1321.311767578125,65.78622436523438,100.04013061523438,20250225-155957
40,18446744073709551615,0,0.449462890625,626.1527099609375,744.541748046875,115.65097045898438,43.072998046875,20250225-155957
40,18446744073709551615,0,0.5478515625,656.0407104492188,509.37139892578125,124.71711730957031,143.04098510742188,20250225-155957
40,18446744073709551615,0,0.57666015625,611.2142944335938,1764.1300048828125,154.8255615234375,460.1520080566406,20250225-155957
40,18446744073709551615,0,0.6103515625,638.052490234375,1331.8831787109375,291.6668701171875,334.08416748046875,20250225-155957
40,18446744073709551615,0,0.62353515625,908.7364501953125,1810.320556640625,108.78662109375,169.25811767578125,20250225-155957
40,18446744073709551615,0,0.9267578125,399.7357177734375,1.131134033203125,557.4351806640625,670.5743408203125,20250225-155957
40,18446744073709551615,0,0.92919921875,150.18145751953125,403.9063720703125,1173.53173828125,917.4999389648438,20250225-155957
41,18446744073709551615,0,0.304931640625,698.5266723632812,1518.802978515625,149.41534423828125,269.3185729980469,20250225-155957
41,18446744073709551615,0,0.42431640625,681.78271484375,1321.3153076171875,66.579345703125,96.3995361328125,20250225-155957
41,18446744073709551615,0,0.458984375,695.5887451171875,1220.646728515625,55.67578125,64.85733032226562,20250225-155957
41,18446744073709551615,0,0.49609375,626.4076538085938,743.831298828125,116.87521362304688,42.18218994140625,20250225-155957
41,18446744073709551615,0,0.587890625,656.2384033203125,506.877197265625,127.12738037109375,143.48236083984375,20250225-155957
41,18446744073709551615,0,0.60693359375,607.6909790039062,1753.9112548828125,165.42132568359375,459.0033874511719,20250225-155957
41,18446744073709551615,0,0.61767578125,638.2415771484375,1329.940185546875,292.26251220703125,333.6140441894531,20250225-155957
41,18446744073709551615,0,0.6435546875,909.0444946289062,1810.1575927734375,108.94976806640625,169.27835083007812,20250225-155957
41,18446744073709551615,0,0.927734375,150.366943359375,404.0009765625,1175.17138671875,917.2871704101562,20250225-155957
41,18446744073709551615,0,0.9287109375,394.6043701171875,0.9445037841796875,559.053955078125,675.8431396484375,20250225-155957
42,18446744073709551615,0,0.21142578125,697.3359375,1582.05908203125,89.666748046875,147.82379150390625,20250225-155957
42,18446744073709551615,0,0.345947265625,699.0040283203125,1516.400634765625,148.63531494140625,272.1111145019531,20250225-155957
42,18446744073709551615,0,0.466796875,695.970458984375,1225.8974609375,49.38409423828125,66.19482421875,20250225-155957
42,18446744073709551615,0,0.46875,681.94189453125,1321.4534912109375,67.991455078125,95.44931030273438,20250225-155957
42,18446744073709551615,0,0.5341796875,626.2191162109375,743.15869140625,117.11860656738281,42.375732421875,20250225-155957
42,18446744073709551615,0,0.58203125,656.0872802734375,505.2256164550781,129.14479064941406,144.07965087890625,20250225-155957
42,18446744073709551615,0,0.5859375,606.50439453125,1753.3341064453125,166.03143310546875,460.594482421875,20250225-155957
42,18446744073709551615,0,0.625,908.9489135742188,1810.5955810546875,108.5057373046875,169.2337646484375,20250225-155957
42,18446744073709551615,0,0.67041015625,637.2476806640625,1329.3782958984375,295.7962646484375,336.32318115234375,20250225-155957
42,18446744073709551615,0,0.9228515625,153.8961181640625,404.87457275390625,1173.7724609375,914.0139770507812,20250225-155957
42,18446744073709551615,0,0.9287109375,390.75604248046875,1.124542236328125,557.3875732421875,679.6358642578125,20250225-155957
43,18446744073709551615,0,0.349609375,698.9056396484375,1519.3726806640625,146.93838500976562,268.55657958984375,20250225-155957
43,18446744073709551615,0,0.394287109375,681.87890625,1321.16259765625,67.2861328125,95.17501831054688,20250225-155957
43,18446744073709551615,0,0.4638671875,626.151611328125,744.5498657226562,115.9324951171875,42.9202880859375,20250225-155957
43,18446744073709551615,0,0.5,696.02490234375,1223.73388671875,51.803558349609375,67.0037841796875,20250225-155957
43,18446744073709551615,0,0.5546875,655.65966796875,501.83135986328125,132.05584716796875,135.76473999023438,20250225-155957
43,18446744073709551615,0,0.60595703125,606.5504150390625,1750.472900390625,168.69635009765625,459.3424072265625,20250225-155957
43,18446744073709551615,0,0.61962890625,637.8621826171875,1327.9954833984375,295.353515625,335.9570617675781,20250225-155957
43,18446744073709551615,0,0.63720703125,909.7088623046875,1810.912353515625,108.1864013671875,168.13275146484375,20250225-155957
43,18446744073709551615,0,0.923828125,156.91754150390625,403.88763427734375,1174.5859375,910.8327026367188,20250225-155957
43,18446744073709551615,0,0.92529296875,388.54669189453125,1.1207427978515625,555.09423828125,681.745849609375,20250225-155957
44,18446744073709551615,0,0.441650390625,681.9310913085938,1320.91015625,67.31790161132812,98.20889282226562,20250225-155957
44,18446744073709551615,0,0.453369140625,626.3267211914062,743.2401733398438,117.33027648925781,42.783233642578125,20250225-155957
44,18446744073709551615,0,0.4765625,697.162353515625,1513.421630859375,156.392578125,273.14263916015625,20250225-155957
44,18446744073709551615,0,0.4765625,696.1583862304688,1224.43896484375,51.090362548828125,66.73040771484375,20250225-155957
44,18446744073709551615,0,0.54296875,639.896484375,1331.654541015625,273.3046875,332.1929626464844,20250225-155957
44,18446744073709551615,0,0.60009765625,655.4346313476562,504.73828125,128.33949279785156,141.87890625,20250225-155957
44,18446744073709551615,0,0.6318359375,908.8379516601562,1810.3974609375,108.70550537109375,169.07308959960938,20250225-155957
44,18446744073709551615,0,0.63525390625,608.48583984375,1751.4869384765625,167.865234375,458.1910400390625,20250225-155957
44,18446744073709551615,0,0.9208984375,154.8739013671875,404.81036376953125,1174.37255859375,912.785888671875,20250225-155957
44,18446744073709551615,0,0.923828125,389.94012451171875,0.9339752197265625,555.5830688476562,679.99951171875,20250225-155957
45,18446744073709551615,0,0.22607421875,697.4192504882812,1586.6817626953125,87.02032470703125,141.59243774414062,20250225-155957
45,18446744073709551615,0,0.403564453125,696.4605712890625,1511.3616943359375,154.0528564453125,274.27789306640625,20250225-155957
45,18446744073709551615,0,0.4130859375,682.155029296875,1321.012939453125,66.78012084960938,96.38607788085938,20250225-155957
45,18446744073709551615,0,0.436767578125,695.8533325195312,1225.052978515625,49.96435546875,66.40145874023438,20250225-155957
45,18446744073709551615,0,0.449462890625,626.5235595703125,743.3856811523438,117.06134033203125,42.09283447265625,20250225-155957
45,18446744073709551615,0,0.5439453125,638.0145263671875,1328.671875,292.1502685546875,333.6492004394531,20250225-155957
45,18446744073709551615,0,0.609375,656.4146118164062,498.72088623046875,134.98365783691406,141.31887817382812,20250225-155957
45,18446744073709551615,0,0.630859375,608.319580078125,1751.65283203125,167.68377685546875,457.6233215332031,20250225-155957
45,18446744073709551615,0,0.63232421875,909.606201171875,1809.8338623046875,109.04022216796875,168.3651123046875,20250225-155957
45,18446744073709551615,0,0.9150390625,155.4463348388672,404.9696044921875,1174.5303955078125,912.4068603515625,20250225-155957
45,18446744073709551615,0,0.91552734375,389.43878173828125,1.1116790771484375,552.2041015625,680.3887939453125,20250225-155957
46,18446744073709551615,0,0.2322998046875,697.4456176757812,1587.59912109375,84.29461669921875,146.43109130859375,20250225-155957
46,18446744073709551615,0,0.362060546875,697.0497436523438,1513.685302734375,153.3929443359375,274.61260986328125,20250225-155957
46,18446744073709551615,0,0.3896484375,626.4288940429688,744.2388916015625,115.68310546875,42.2889404296875,20250225-155957
46,18446744073709551615,0,0.421630859375,681.8609619140625,1320.709228515625,67.88653564453125,98.31527709960938,20250225-155957
46,18446744073709551615,0,0.449462890625,696.0684814453125,1222.4176025390625,52.910247802734375,66.55361938476562,20250225-155957
46,18446744073709551615,0,0.5849609375,638.1996459960938,1328.989990234375,292.96453857421875,335.0061950683594,20250225-155957
46,18446744073709551615,0,0.6142578125,607.8348999023438,1754.60107421875,164.7447509765625,458.83575439453125,20250225-155957
46,18446744073709551615,0,0.625,656.1128540039062,501.6735534667969,131.0339813232422,144.741943359375,20250225-155957
46,18446744073709551615,0,0.63623046875,909.380615234375,1809.754150390625,109.0360107421875,169.11328125,20250225-155957
46,18446744073709551615,0,0.9150390625,151.67921447753906,406.27532958984375,1172.691162109375,915.79833984375,20250225-155957
46,18446744073709551615,0,0.91748046875,390.643798828125,1.1175384521484375,551.1868896484375,679.2833251953125,20250225-155957
47,18446744073709551615,0,0.2386474609375,697.5514526367188,1584.230712890625,88.07684326171875,147.11947631835938,20250225-155957
47,18446744073709551615,0,0.32421875,699.740478515625,1518.9515380859375,149.72012329101562,268.6467590332031,20250225-155957
47,18446744073709551615,0,0.440673828125,626.19873046875,744.2531127929688,115.24909973144531,42.200775146484375,20250225-155957
47,18446744073709551615,0,0.4619140625,695.9562377929688,1225.4410400390625,49.482696533203125,66.34991455078125,20250225-155957
47,18446744073709551615,0,0.4951171875,681.7608642578125,1320.7030029296875,67.87353515625,100.7794189453125,20250225-155957
47,18446744073709551615,0,0.6083984375,605.7423706054688,1752.21533203125,167.32598876953125,460.0350036621094,20250225-155957
47,18446744073709551615,0,0.61865234375,637.8312377929688,1332.750732421875,293.5616455078125,333.9663391113281,20250225-155957
47,18446744073709551615,0,0.6279296875,656.0194702148438,500.8457336425781,132.38099670410156,145.47830200195312,20250225-155957
47,18446744073709551615,0,0.638671875,909.693115234375,1809.71630859375,109.031982421875,168.30963134765625,20250225-155957
47,18446744073709551615,0,0.90771484375,393.58026123046875,0.746429443359375,538.6683349609375,676.6259765625,20250225-155957
47,18446744073709551615,0,0.91748046875,150.01437377929688,405.448974609375,1174.2689208984375,917.725341796875,20250225-155957
48,18446744073709551615,0,0.46875,681.6168823242188,1320.2890625,69.23199462890625,97.98770141601562,20250225-155957
48,18446744073709551615,0,0.46875,626.132080078125,742.9281616210938,116.54988098144531,42.470672607421875,20250225-155957
48,18446744073709551615,0,0.470703125,695.3194580078125,1506.540771484375,148.86968994140625,275.71783447265625,20250225-155957
48,18446744073709551615,0,0.4833984375,696.1451416015625,1226.974853515625,47.535186767578125,65.8480224609375,20250225-155957
48,18446744073709551615,0,0.5537109375,639.5830078125,1331.441650390625,275.47613525390625,328.5949401855469,20250225-155957
48,18446744073709551615,0,0.59814453125,604.214111328125,1754.1866455078125,165.19720458984375,462.80255126953125,20250225-155957
48,18446744073709551615,0,0.6103515625,655.7083740234375,499.55401611328125,133.6351318359375,140.69796752929688,20250225-155957
48,18446744073709551615,0,0.62451171875,907.5089721679688,1810.7054443359375,108.40631103515625,170.48858642578125,20250225-155957
48,18446744073709551615,0,0.89111328125,400.7545166015625,0.7487640380859375,545.5829467773438,669.6151123046875,20250225-155957
48,18446744073709551615,0,0.91162109375,153.5303192138672,405.7730712890625,1172.90771484375,914.0225830078125,20250225-155957
49,18446744073709551615,0,0.310791015625,699.718505859375,1521.2841796875,147.3717041015625,267.9771423339844,20250225-155957
49,18446744073709551615,0,0.454345703125,626.0022583007812,744.1575317382812,114.99128723144531,42.012908935546875,20250225-155957
49,18446744073709551615,0,0.4697265625,696.582275390625,1228.074951171875,46.430419921875,65.16000366210938,20250225-155957
49,18446744073709551615,0,0.521484375,682.0647583007812,1319.9915771484375,69.02957153320312,97.21261596679688,20250225-155957
49,18446744073709551615,0,0.6083984375,638.2139282226562,1330.784912109375,293.12127685546875,334.4061584472656,20250225-155957
49,18446744073709551615,0,0.62158203125,656.091064453125,500.0446472167969,132.5075225830078,143.35162353515625,20250225-155957
49,18446744073709551615,0,0.62255859375,606.56396484375,1752.81005859375,166.52783203125,459.32080078125,20250225-155957
49,18446744073709551615,0,0.63427734375,909.3275756835938,1809.2720947265625,109.52874755859375,168.87387084960938,20250225-155957
49,18446744073709551615,0,0.89306640625,412.71295166015625,0.5601654052734375,534.9754028320312,657.5943603515625,20250225-155957
49,18446744073709551615,0,0.916015625,151.30682373046875,403.73016357421875,1178.255859375,916.411376953125,20250225-155957
50,18446744073709551615,0,0.2509765625,697.6495971679688,1590.3284912109375,81.86993408203125,136.844970703125,20250225-155957
50,18446744073709551615,0,0.323486328125,697.1024780273438,1514.76025390625,153.08926391601562,274.23834228515625,20250225-155957
50,18446744073709551615,0,0.4599609375,696.3642578125,1226.8427734375,47.42669677734375,64.6395263671875,20250225-155957
50,18446744073709551615,0,0.4697265625,626.2494506835938,741.7347412109375,118.34197998046875,41.814056396484375,20250225-155957
50,18446744073709551615,0,0.5146484375,681.97119140625,1319.25732421875,69.4881591796875,98.71902465820312,20250225-155957
50,18446744073709551615,0,0.60595703125,638.4398803710938,1329.556640625,294.7247314453125,334.6255187988281,20250225-155957
50,18446744073709551615,0,0.62060546875,607.7396240234375,1752.05126953125,167.28570556640625,458.3067626953125,20250225-155957
50,18446744073709551615,0,0.6259765625,655.4593505859375,498.06744384765625,134.24331665039062,145.36468505859375,20250225-155957
50,18446744073709551615,0,0.626953125,908.916015625,1809.4625244140625,109.38079833984375,169.2967529296875,20250225-155957
50,18446744073709551615,0,0.88623046875,422.59588623046875,0.947021484375,530.5206298828125,647.515625,20250225-155957
50,18446744073709551615,0,0.919921875,153.35650634765625,403.657470703125,1171.93359375,914.3115234375,20250225-155957
51,18446744073709551615,0,0.47265625,626.5020751953125,742.8297119140625,117.36222839355469,42.01446533203125,20250225-155957
51,18446744073709551615,0,0.4814453125,682.453857421875,1318.862060546875,70.19357299804688,94.90786743164062,20250225-155957
51,18446744073709551615,0,0.4990234375,696.3369140625,1228.9287109375,45.25909423828125,65.06524658203125,20250225-155957
51,18446744073709551615,0,0.53125,698.65283203125,1515.55029296875,155.92913818359375,272.0570068359375,20250225-155957
51,18446744073709551615,0,0.58056640625,639.7572021484375,1331.486083984375,269.16192626953125,328.19622802734375,20250225-155957
51,18446744073709551615,0,0.59375,608.0650634765625,1751.123291015625,168.216064453125,456.4975891113281,20250225-155957
51,18446744073709551615,0,0.63427734375,655.5342407226562,498.036376953125,133.80926513671875,144.65414428710938,20250225-155957
51,18446744073709551615,0,0.64697265625,909.6734619140625,1809.955322265625,108.938232421875,169.00030517578125,20250225-155957
51,18446744073709551615,0,0.8974609375,434.66473388671875,0.752838134765625,516.0576171875,636.0353393554688,20250225-155957
51,18446744073709551615,0,0.92578125,150.93914794921875,404.982421875,1170.3134765625,916.4522094726562,20250225-155957
52,18446744073709551615,0,0.385009765625,697.9222412109375,1512.40673828125,155.91925048828125,273.1500549316406,20250225-155957
52,18446744073709551615,0,0.4697265625,682.2425537109375,1319.100341796875,69.51333618164062,97.18853759765625,20250225-155957
52,18446744073709551615,0,0.4775390625,696.632568359375,1228.578369140625,45.68975830078125,64.3245849609375,20250225-155957
52,18446744073709551615,0,0.4853515625,626.3756103515625,741.1131591796875,119.25860595703125,42.173858642578125,20250225-155957
52,18446744073709551615,0,0.59375,637.6343994140625,1327.6197509765625,294.04339599609375,333.90655517578125,20250225-155957
52,18446744073709551615,0,0.5947265625,655.6962890625,498.9143371582031,132.97979736328125,143.01113891601562,20250225-155957
52,18446744073709551615,0,0.60400390625,607.79296875,1751.7744140625,167.56915283203125,457.5762634277344,20250225-155957
52,18446744073709551615,0,0.63427734375,908.677734375,1810.7373046875,108.42095947265625,169.5369873046875,20250225-155957
52,18446744073709551615,0,0.896484375,439.50787353515625,0.9406585693359375,519.2594604492188,630.88232421875,20250225-155957
52,18446744073709551615,0,0.91650390625,151.69949340820312,406.49468994140625,1176.3109130859375,915.6859130859375,20250225-155957
53,18446744073709551615,0,0.442626953125,626.1593627929688,741.4232177734375,119.20404052734375,42.8331298828125,20250225-155957
53,18446744073709551615,0,0.4609375,682.4807739257812,1318.6552734375,66.03570556640625,102.55123901367188,20250225-155957
53,18446744073709551615,0,0.4609375,697.1127319335938,1228.185546875,45.710540771484375,64.37448120117188,20250225-155957
53,18446744073709551615,0,0.509765625,698.3428344726562,1511.751220703125,159.721435546875,271.0450744628906,20250225-155957
53,18446744073709551615,0,0.5859375,606.6522216796875,1753.4637451171875,165.69891357421875,459.6294250488281,20250225-155957
53,18446744073709551615,0,0.595703125,639.0311279296875,1331.936279296875,272.7381591796875,328.26397705078125,20250225-155957
53,18446744073709551615,0,0.625,655.884765625,498.8052062988281,133.799560546875,145.05816650390625,20250225-155957
53,18446744073709551615,0,0.64501953125,909.5564575195312,1810.3743896484375,108.42498779296875,168.4339599609375,20250225-155957
53,18446744073709551615,0,0.896484375,442.135986328125,0.758148193359375,527.26025390625,628.1810302734375,20250225-155957
53,18446744073709551615,0,0.9150390625,154.68264770507812,405.596923828125,1175.75732421875,912.7005615234375,20250225-155957
54,18446744073709551615,0,0.3896484375,698.3291015625,1513.4461669921875,156.7196044921875,270.2223815917969,20250225-155957
54,18446744073709551615,0,0.422607421875,626.1844482421875,742.1431884765625,118.42684936523438,42.50262451171875,20250225-155957
54,18446744073709551615,0,0.42529296875,682.560791015625,1318.639404296875,69.09365844726562,98.71856689453125,20250225-155957
54,18446744073709551615,0,0.446533203125,696.3021240234375,1227.427490234375,46.386016845703125,64.42538452148438,20250225-155957
54,18446744073709551615,0,0.57763671875,638.8948974609375,1329.126953125,281.95147705078125,330.7524719238281,20250225-155957
54,18446744073709551615,0,0.58203125,655.740234375,500.4554443359375,131.97047424316406,144.81491088867188,20250225-155957
54,18446744073709551615,0,0.5859375,606.8274536132812,1754.400634765625,164.750244140625,459.3965148925781,20250225-155957
54,18446744073709551615,0,0.658203125,909.7247314453125,1810.5546875,108.2794189453125,168.45904541015625,20250225-155957
54,18446744073709551615,0,0.8935546875,439.31890869140625,0.9481201171875,524.9218139648438,631.2056884765625,20250225-155957
54,18446744073709551615,0,0.91552734375,151.32440185546875,404.88348388671875,1173.9913330078125,915.8759765625,20250225-155957
55,18446744073709551615,0,0.2288818359375,701.2569580078125,1597.8837890625,73.11932373046875,81.34222412109375,20250225-155957
55,18446744073709551615,0,0.39697265625,695.71533203125,1502.0762939453125,148.54403686523438,273.9517822265625,20250225-155957
55,18446744073709551615,0,0.447509765625,696.17724609375,1226.417236328125,47.430084228515625,64.67532348632812,20250225-155957
55,18446744073709551615,0,0.4609375,682.4811401367188,1318.3480224609375,70.05642700195312,97.10833740234375,20250225-155957
55,18446744073709551615,0,0.4658203125,626.091552734375,742.2710571289062,118.61247253417969,43.00762939453125,20250225-155957
55,18446744073709551615,0,0.57666015625,638.88427734375,1330.582763671875,284.82769775390625,331.3433532714844,20250225-155957
55,18446744073709551615,0,0.5869140625,655.9634399414062,498.5250549316406,132.59893798828125,142.62991333007812,20250225-155957
55,18446744073709551615,0,0.59619140625,604.2066650390625,1752.4552001953125,166.7039794921875,461.7029113769531,20250225-155957
55,18446744073709551615,0,0.650390625,909.3365478515625,1809.851806640625,108.926513671875,168.76263427734375,20250225-155957
55,18446744073709551615,0,0.90087890625,439.38226318359375,0.0,533.6285400390625,632.65283203125,20250225-155957
55,18446744073709551615,0,0.91845703125,149.47073364257812,404.28240966796875,1175.29150390625,917.8467407226562,20250225-155957
56,18446744073709551615,0,0.43017578125,626.086669921875,742.2522583007812,118.8599853515625,43.154937744140625,20250225-155958
56,18446744073709551615,0,0.441650390625,695.7418212890625,1228.330322265625,45.534393310546875,65.34127807617188,20250225-155958
56,18446744073709551615,0,0.4755859375,682.3511352539062,1318.447509765625,71.0723876953125,94.8497314453125,20250225-155958
56,18446744073709551615,0,0.5205078125,699.7622680664062,1515.3916015625,156.39028930664062,270.9121398925781,20250225-155958
56,18446744073709551615,0,0.53125,656.328369140625,497.8305358886719,134.16307067871094,150.60305786132812,20250225-155958
56,18446744073709551615,0,0.55810546875,607.9647216796875,1752.6383056640625,166.68658447265625,456.4699401855469,20250225-155958
56,18446744073709551615,0,0.59814453125,638.942138671875,1331.047607421875,271.62322998046875,329.28460693359375,20250225-155958
56,18446744073709551615,0,0.6513671875,909.6161499023438,1810.11181640625,108.576416015625,168.26596069335938,20250225-155958
56,18446744073709551615,0,0.8984375,434.4927062988281,0.9438629150390625,527.9180908203125,635.5636596679688,20250225-155958
56,18446744073709551615,0,0.91650390625,151.31488037109375,404.20208740234375,1173.6492919921875,915.8712158203125,20250225-155958
57,18446744073709551615,0,0.2330322265625,701.3486328125,1596.8206787109375,74.0394287109375,80.24725341796875,20250225-155958
57,18446744073709551615,0,0.404541015625,695.8595581054688,1507.6094970703125,144.0428466796875,275.419921875,20250225-155958
57,18446744073709551615,0,0.435791015625,695.7987670898438,1229.806884765625,43.86822509765625,65.46231079101562,20250225-155958
57,18446744073709551615,0,0.45703125,682.2288208007812,1318.7515869140625,69.903076171875,96.4599609375,20250225-155958
57,18446744073709551615,0,0.4619140625,625.80810546875,741.985107421875,119.7066650390625,43.19073486328125,20250225-155958
57,18446744073709551615,0,0.59814453125,637.8175048828125,1327.16162109375,296.41845703125,333.83642578125,20250225-155958
57,18446744073709551615,0,0.61962890625,656.5010375976562,497.6135559082031,133.81466674804688,140.05718994140625,20250225-155958
57,18446744073709551615,0,0.62890625,907.8894653320312,1809.9136962890625,109.24530029296875,170.6956787109375,20250225-155958
57,18446744073709551615,0,0.63525390625,611.4708251953125,1755.7899169921875,163.30938720703125,459.7872619628906,20250225-155958
57,18446744073709551615,0,0.89990234375,431.39556884765625,0.9478912353515625,526.2205810546875,638.7991943359375,20250225-155958
57,18446744073709551615,0,0.92138671875,149.64276123046875,403.24078369140625,1174.4681396484375,917.7672729492188,20250225-155958
58,18446744073709551615,0,0.375732421875,698.7108154296875,1515.4835205078125,150.61953735351562,273.17486572265625,20250225-155958
58,18446744073709551615,0,0.4599609375,695.833984375,1230.01953125,44.024505615234375,64.48773193359375,20250225-155958
58,18446744073709551615,0,0.4697265625,682.771240234375,1318.681884765625,69.1087646484375,94.2451171875,20250225-155958
58,18446744073709551615,0,0.48046875,625.8712158203125,742.6788330078125,118.09689331054688,42.6123046875,20250225-155958
58,18446744073709551615,0,0.548828125,655.5580444335938,497.950927734375,133.7076416015625,141.78195190429688,20250225-155958
58,18446744073709551615,0,0.5546875,637.62158203125,1327.5677490234375,294.1951904296875,335.5342712402344,20250225-155958
58,18446744073709551615,0,0.61767578125,909.4788208007812,1809.770263671875,109.3839111328125,168.90939331054688,20250225-155958
58,18446744073709551615,0,0.65380859375,608.404541015625,1758.018310546875,161.47430419921875,458.88482666015625,20250225-155958
58,18446744073709551615,0,0.8994140625,431.60302734375,0.9467010498046875,523.7210083007812,638.4007568359375,20250225-155958
58,18446744073709551615,0,0.921875,150.3882293701172,404.06060791015625,1175.011962890625,916.7197265625,20250225-155958
59,18446744073709551615,0,0.204345703125,698.93115234375,1590.4522705078125,83.13739013671875,136.70489501953125,20250225-155958
59,18446744073709551615,0,0.33544921875,699.5337524414062,1518.00830078125,150.45062255859375,269.4742126464844,20250225-155958
59,18446744073709551615,0,0.43212890625,626.0242309570312,742.81640625,118.70672607421875,42.716766357421875,20250225-155958
59,18446744073709551615,0,0.446533203125,695.63134765625,1229.423095703125,44.3389892578125,64.9786376953125,20250225-155958
59,18446744073709551615,0,0.4619140625,682.6840209960938,1319.322265625,67.82144165039062,92.29293823242188,20250225-155958
59,18446744073709551615,0,0.5419921875,655.9224243164062,497.4831848144531,134.21287536621094,143.88088989257812,20250225-155958
59,18446744073709551615,0,0.56005859375,609.6959838867188,1755.5687255859375,163.7340087890625,455.8543395996094,20250225-155958
59,18446744073709551615,0,0.64599609375,637.06298828125,1329.1219482421875,295.8387451171875,333.717041015625,20250225-155958
59,18446744073709551615,0,0.64892578125,909.8184814453125,1809.447509765625,109.35369873046875,167.95697021484375,20250225-155958
59,18446744073709551615,0,0.90625,432.83111572265625,1.1325531005859375,525.7625732421875,637.3504028320312,20250225-155958
59,18446744073709551615,0,0.9208984375,150.20416259765625,404.1383056640625,1177.4483642578125,916.89990234375,20250225-155958
60,18446744073709551615,0,0.32763671875,700.5357055664062,1524.217529296875,144.917724609375,266.94287109375,20250225-155958
60,18446744073709551615,0,0.39794921875,683.1681518554688,1319.2550048828125,68.04345703125,94.45504760742188,20250225-155958
60,18446744073709551615,0,0.416748046875,626.4882202148438,744.5503540039062,116.60710144042969,41.95220947265625,20250225-155958
60,18446744073709551615,0,0.4609375,695.8156127929688,1226.6724853515625,47.01361083984375,64.8973388671875,20250225-155958
60,18446744073709551615,0,0.544921875,610.6792602539062,1755.10546875,164.19964599609375,453.96240234375,20250225-155958
60,18446744073709551615,0,0.55810546875,656.234375,497.02471923828125,133.385009765625,145.51080322265625,20250225-155958
60,18446744073709551615,0,0.60595703125,638.0542602539062,1327.3780517578125,295.389404296875,335.2389221191406,20250225-155958
60,18446744073709551615,0,0.65234375,909.6173095703125,1809.280517578125,109.5054931640625,168.4248046875,20250225-155958
60,18446744073709551615,0,0.90185546875,435.02581787109375,1.13726806640625,519.96923828125,634.9520263671875,20250225-155958
60,18446744073709551615,0,0.9228515625,147.8118438720703,405.03021240234375,1177.6424560546875,919.4578857421875,20250225-155958
61,18446744073709551615,0,0.253173828125,542.7301025390625,1896.140625,23.12164306640625,74.48959350585938,20250225-155958
61,18446744073709551615,0,0.418701171875,682.978271484375,1319.2445068359375,69.16397094726562,93.86801147460938,20250225-155958
61,18446744073709551615,0,0.450439453125,696.3063354492188,1223.928466796875,49.65032958984375,64.22113037109375,20250225-155958
61,18446744073709551615,0,0.466796875,700.0118408203125,1519.004150390625,151.2132568359375,269.467529296875,20250225-155958
61,18446744073709551615,0,0.4833984375,626.4906005859375,743.1458129882812,118.37548828125,41.998809814453125,20250225-155958
61,18446744073709551615,0,0.5400390625,610.2595825195312,1754.1807861328125,164.93865966796875,453.8697509765625,20250225-155958
61,18446744073709551615,0,0.59814453125,638.7485961914062,1329.3431396484375,288.3072509765625,331.6101379394531,20250225-155958
61,18446744073709551615,0,0.607421875,656.4471435546875,496.8349914550781,133.18638610839844,141.81866455078125,20250225-155958
61,18446744073709551615,0,0.66650390625,909.6954345703125,1807.7720947265625,111.10235595703125,168.15353393554688,20250225-155958
61,18446744073709551615,0,0.900390625,435.2193603515625,1.127288818359375,523.4730224609375,635.2042236328125,20250225-155958
61,18446744073709551615,0,0.923828125,147.64508056640625,404.0416259765625,1176.159912109375,919.7495727539062,20250225-155958
62,18446744073709551615,0,0.2705078125,543.0408325195312,1895.6689453125,23.54827880859375,72.76730346679688,20250225-155958
62,18446744073709551615,0,0.350341796875,698.8577270507812,1516.5128173828125,148.3948974609375,271.30352783203125,20250225-155958
62,18446744073709551615,0,0.435791015625,683.3161010742188,1319.89697265625,68.11541748046875,92.92620849609375,20250225-155958
62,18446744073709551615,0,0.466796875,696.003662109375,1225.35107421875,48.425537109375,65.19534301757812,20250225-155958
62,18446744073709551615,0,0.51171875,626.3704833984375,743.1719970703125,117.99755859375,42.067657470703125,20250225-155958
62,18446744073709551615,0,0.53515625,657.6209106445312,502.4861755371094,127.4073486328125,140.27279663085938,20250225-155958
62,18446744073709551615,0,0.62255859375,909.7064208984375,1808.4049072265625,110.426513671875,168.06381225585938,20250225-155958
62,18446744073709551615,0,0.62353515625,610.4236450195312,1753.2861328125,166.0294189453125,454.4524841308594,20250225-155958
62,18446744073709551615,0,0.630859375,638.0161743164062,1327.528076171875,294.30706787109375,332.4811706542969,20250225-155958
62,18446744073709551615,0,0.89453125,435.5723876953125,1.12518310546875,517.2681884765625,634.3988037109375,20250225-155958
62,18446744073709551615,0,0.92529296875,148.02044677734375,405.029296875,1177.108154296875,919.4631958007812,20250225-155958
63,18446744073709551615,0,0.2127685546875,698.7002563476562,1587.7734375,87.75311279296875,144.43505859375,20250225-155958
63,18446744073709551615,0,0.23583984375,543.3944091796875,1895.507080078125,23.70831298828125,71.33120727539062,20250225-155958
63,18446744073709551615,0,0.2822265625,700.443603515625,1521.783935546875,146.67828369140625,264.16607666015625,20250225-155958
63,18446744073709551615,0,0.43505859375,682.8557739257812,1319.623291015625,67.61032104492188,90.53219604492188,20250225-155958
63,18446744073709551615,0,0.4697265625,696.07958984375,1227.2821044921875,46.6278076171875,64.90447998046875,20250225-155958
63,18446744073709551615,0,0.4990234375,626.1143188476562,744.325927734375,116.0712890625,41.756927490234375,20250225-155958
63,18446744073709551615,0,0.5390625,656.741455078125,500.6844177246094,129.9803466796875,141.73983764648438,20250225-155958
63,18446744073709551615,0,0.56298828125,610.3604736328125,1755.5518798828125,163.96087646484375,454.6392517089844,20250225-155958
63,18446744073709551615,0,0.65478515625,909.7838745117188,1808.99853515625,109.88031005859375,168.04953002929688,20250225-155958
63,18446744073709551615,0,0.6884765625,637.4637451171875,1328.368408203125,296.0859375,330.1139831542969,20250225-155958
63,18446744073709551615,0,0.9052734375,430.84478759765625,0.756500244140625,521.1219482421875,639.4898071289062,20250225-155958
63,18446744073709551615,0,0.92333984375,148.55218505859375,405.13995361328125,1177.2799072265625,918.71923828125,20250225-155958
64,18446744073709551615,0,0.441650390625,682.6827392578125,1319.2833251953125,68.40023803710938,90.40036010742188,20250225-155958
64,18446744073709551615,0,0.470703125,699.165771484375,1515.08203125,156.02783203125,269.7564697265625,20250225-155958
64,18446744073709551615,0,0.4794921875,655.5752563476562,502.78582763671875,128.4987030029297,140.32681274414062,20250225-155958
64,18446744073709551615,0,0.4814453125,695.8493041992188,1227.861083984375,45.789459228515625,65.21676635742188,20250225-155958
64,18446744073709551615,0,0.5458984375,625.824462890625,744.3989868164062,117.6287841796875,42.855926513671875,20250225-155958
64,18446744073709551615,0,0.57080078125,637.47216796875,1328.23828125,290.0712890625,332.74365234375,20250225-155958
64,18446744073709551615,0,0.60302734375,609.541015625,1750.7281494140625,168.60406494140625,455.2833251953125,20250225-155958
64,18446744073709551615,0,0.62890625,909.9047241210938,1808.529296875,110.3470458984375,167.79977416992188,20250225-155958
64,18446744073709551615,0,0.904296875,434.27728271484375,1.122161865234375,524.3355102539062,636.9730224609375,20250225-155958
64,18446744073709551615,0,0.92431640625,149.82943725585938,405.0230712890625,1177.051513671875,917.372314453125,20250225-155958
65,18446744073709551615,0,0.216064453125,544.5447998046875,1898.4755859375,20.78375244140625,68.9571533203125,20250225-155958
65,18446744073709551615,0,0.38037109375,699.1525268554688,1515.584716796875,155.316650390625,268.8664855957031,20250225-155958
65,18446744073709551615,0,0.437744140625,656.2666625976562,511.17498779296875,119.95120239257812,142.18853759765625,20250225-155958
65,18446744073709551615,0,0.4599609375,682.7191162109375,1319.4818115234375,68.63424682617188,92.29302978515625,20250225-155958
65,18446744073709551615,0,0.5126953125,695.7962036132812,1224.9150390625,48.9180908203125,65.00912475585938,20250225-155958
65,18446744073709551615,0,0.546875,626.00537109375,746.8504028320312,116.18975830078125,43.1700439453125,20250225-155958
65,18446744073709551615,0,0.60302734375,637.4954833984375,1327.26513671875,290.94049072265625,332.5697021484375,20250225-155958
65,18446744073709551615,0,0.61328125,908.0419921875,1809.3145751953125,109.72100830078125,170.72799682617188,20250225-155958
65,18446744073709551615,0,0.6982421875,610.052001953125,1754.1009521484375,165.232177734375,456.5980224609375,20250225-155958
65,18446744073709551615,0,0.900390625,433.1861572265625,1.134246826171875,525.3880004882812,636.9539794921875,20250225-155958
65,18446744073709551615,0,0.9228515625,151.3088836669922,405.52606201171875,1174.6849365234375,915.9071044921875,20250225-155958
66,18446744073709551615,0,0.39990234375,683.0396118164062,1319.5594482421875,68.49069213867188,90.33517456054688,20250225-155958
66,18446744073709551615,0,0.4677734375,695.791748046875,1224.1080322265625,50.101776123046875,65.5107421875,20250225-155958
66,18446744073709551615,0,0.4833984375,699.7305908203125,1518.239501953125,153.36474609375,268.14111328125,20250225-155958
66,18446744073709551615,0,0.5146484375,626.6647338867188,746.2452392578125,116.504150390625,42.7855224609375,20250225-155958
66,18446744073709551615,0,0.529296875,655.8544921875,498.94940185546875,132.00050354003906,145.39178466796875,20250225-155958
66,18446744073709551615,0,0.552734375,610.7530517578125,1754.353515625,164.78759765625,454.1406555175781,20250225-155958
66,18446744073709551615,0,0.57275390625,637.099365234375,1327.5699462890625,290.9022216796875,333.1896057128906,20250225-155958
66,18446744073709551615,0,0.642578125,909.230712890625,1808.7747802734375,110.0174560546875,168.60214233398438,20250225-155958
66,18446744073709551615,0,0.90478515625,433.3356628417969,0.76116943359375,525.4539794921875,637.3291625976562,20250225-155958
66,18446744073709551615,0,0.923828125,152.07101440429688,405.5225830078125,1177.1473388671875,914.9434204101562,20250225-155958
67,18446744073709551615,0,0.307373046875,701.2446899414062,1524.1591796875,144.43212890625,264.8543701171875,20250225-155958
67,18446744073709551615,0,0.37744140625,682.9713134765625,1319.500244140625,68.46945190429688,92.30978393554688,20250225-155958
67,18446744073709551615,0,0.445556640625,696.04541015625,1220.3336181640625,53.718017578125,65.63323974609375,20250225-155958
67,18446744073709551615,0,0.5517578125,626.7425537109375,744.955322265625,118.1026611328125,42.09613037109375,20250225-155958
67,18446744073709551615,0,0.556640625,656.8009643554688,498.287353515625,131.8125,142.51931762695312,20250225-155958
67,18446744073709551615,0,0.6279296875,909.381591796875,1809.1728515625,109.66168212890625,168.35147094726562,20250225-155958
67,18446744073709551615,0,0.63720703125,610.2764892578125,1754.551513671875,164.8125,455.68267822265625,20250225-155958
67,18446744073709551615,0,0.64892578125,638.080810546875,1328.0849609375,295.32989501953125,332.6012878417969,20250225-155958
67,18446744073709551615,0,0.89697265625,433.69903564453125,1.1396026611328125,523.15966796875,636.8665771484375,20250225-155958
67,18446744073709551615,0,0.92041015625,151.69761657714844,405.314208984375,1178.62353515625,915.3511962890625,20250225-155958
68,18446744073709551615,0,0.27978515625,701.2091064453125,1522.857666015625,145.01010131835938,269.00408935546875,20250225-155958
68,18446744073709551615,0,0.367431640625,682.8541259765625,1319.47900390625,70.33145141601562,95.17446899414062,20250225-155958
68,18446744073709551615,0,0.442626953125,696.0148315429688,1219.4263916015625,54.975494384765625,65.8084716796875,20250225-155958
68,18446744073709551615,0,0.4951171875,656.8939208984375,504.223388671875,125.90011596679688,143.34814453125,20250225-155958
68,18446744073709551615,0,0.5068359375,626.623779296875,748.41552734375,115.82194519042969,42.26861572265625,20250225-155958
68,18446744073709551615,0,0.626953125,909.8109741210938,1809.2435302734375,109.63897705078125,168.08367919921875,20250225-155958
68,18446744073709551615,0,0.6435546875,638.4376831054688,1326.9993896484375,296.391357421875,336.18585205078125,20250225-155958
68,18446744073709551615,0,0.64697265625,609.8475952148438,1755.6888427734375,163.679443359375,456.2154235839844,20250225-155958
68,18446744073709551615,0,0.90380859375,432.4580383300781,1.137176513671875,528.6244506835938,637.611328125,20250225-155958
68,18446744073709551615,0,0.91943359375,156.00489807128906,404.54998779296875,1176.1021728515625,911.152587890625,20250225-155958
69,18446744073709551615,0,0.29345703125,701.0894165039062,1523.99951171875,143.0621337890625,265.8746337890625,20250225-155958
69,18446744073709551615,0,0.436767578125,682.6552734375,1319.44384765625,69.29855346679688,93.34506225585938,20250225-155958
69,18446744073709551615,0,0.454345703125,696.2360229492188,1216.660888671875,58.03326416015625,65.13052368164062,20250225-155958
69,18446744073709551615,0,0.5078125,626.6475830078125,748.5971069335938,115.89582824707031,42.10638427734375,20250225-155958
69,18446744073709551615,0,0.537109375,655.9740600585938,497.9931640625,132.37014770507812,143.27444458007812,20250225-155958
69,18446744073709551615,0,0.59912109375,637.8667602539062,1329.1937255859375,292.7255859375,335.2121887207031,20250225-155958
69,18446744073709551615,0,0.62255859375,909.281982421875,1809.7489013671875,108.99591064453125,168.51068115234375,20250225-155958
69,18446744073709551615,0,0.66455078125,610.1629028320312,1753.5919189453125,165.78533935546875,456.3734436035156,20250225-155958
69,18446744073709551615,0,0.8984375,433.159423828125,0.950775146484375,526.0838623046875,636.6546020507812,20250225-155958
69,18446744073709551615,0,0.92041015625,155.7945556640625,404.93994140625,1176.923583984375,911.4768676757812,20250225-155958
70,18446744073709551615,0,0.2274169921875,699.4132690429688,1590.9276123046875,82.1553955078125,142.18569946289062,20250225-155958
70,18446744073709551615,0,0.31396484375,701.205322265625,1522.231689453125,146.45928955078125,268.4349060058594,20250225-155958
70,18446744073709551615,0,0.42529296875,682.6514892578125,1319.6031494140625,68.89251708984375,92.3184814453125,20250225-155958
70,18446744073709551615,0,0.4755859375,626.7540893554688,747.7460327148438,116.27851867675781,41.799407958984375,20250225-155958
70,18446744073709551615,0,0.4833984375,696.4205932617188,1213.1246337890625,61.65435791015625,65.22427368164062,20250225-155958
70,18446744073709551615,0,0.5087890625,655.8934936523438,496.8820495605469,134.02789306640625,141.88650512695312,20250225-155958
70,18446744073709551615,0,0.63330078125,637.2960205078125,1327.5712890625,294.86187744140625,336.9505920410156,20250225-155958
70,18446744073709551615,0,0.638671875,909.5145263671875,1808.793212890625,109.94384765625,168.50857543945312,20250225-155958
70,18446744073709551615,0,0.65771484375,610.23876953125,1751.59619140625,167.5667724609375,455.473388671875,20250225-155958
70,18446744073709551615,0,0.90185546875,433.8153076171875,0.3687286376953125,535.8613891601562,637.406005859375,20250225-155958
70,18446744073709551615,0,0.9169921875,153.1841583251953,404.94287109375,1177.4674072265625,914.091796875,20250225-155958
71,18446744073709551615,0,0.36474609375,701.8844604492188,1523.456298828125,145.7105712890625,266.82861328125,20250225-155958
71,18446744073709551615,0,0.43115234375,683.749755859375,1319.858154296875,68.55523681640625,92.48272705078125,20250225-155958
71,18446744073709551615,0,0.45703125,696.016845703125,1219.04248046875,55.897613525390625,65.981689453125,20250225-155958
71,18446744073709551615,0,0.4716796875,656.8345947265625,503.69970703125,126.89593505859375,143.88299560546875,20250225-155958
71,18446744073709551615,0,0.513671875,626.98046875,748.4088134765625,115.8819580078125,41.6041259765625,20250225-155958
71,18446744073709551615,0,0.5927734375,637.418701171875,1328.8115234375,292.634033203125,335.4873046875,20250225-155958
71,18446744073709551615,0,0.6259765625,909.4923706054688,1808.2554931640625,110.53326416015625,168.5350341796875,20250225-155958
71,18446744073709551615,0,0.626953125,609.9384155273438,1751.0419921875,168.30963134765625,455.18060302734375,20250225-155958
71,18446744073709551615,0,0.9033203125,434.62261962890625,1.15338134765625,531.80615234375,635.3560180664062,20250225-155958
71,18446744073709551615,0,0.921875,153.19308471679688,404.5338134765625,1177.432373046875,914.2642822265625,20250225-155958
72,18446744073709551615,0,0.39794921875,684.2158813476562,1319.951904296875,69.42388916015625,93.83816528320312,20250225-155958
72,18446744073709551615,0,0.45703125,657.0921020507812,515.9586181640625,115.42250061035156,144.29681396484375,20250225-155958
72,18446744073709551615,0,0.46875,695.8282470703125,1216.2945556640625,58.85504150390625,66.09017944335938,20250225-155958
72,18446744073709551615,0,0.4755859375,696.5308227539062,1503.670166015625,161.9571533203125,273.5805358886719,20250225-155958
72,18446744073709551615,0,0.544921875,626.834716796875,748.6552734375,115.601806640625,42.2069091796875,20250225-155958
72,18446744073709551615,0,0.57080078125,637.47998046875,1328.9423828125,288.38140869140625,331.7303466796875,20250225-155958
72,18446744073709551615,0,0.5908203125,610.603271484375,1750.87646484375,168.27850341796875,453.55389404296875,20250225-155958
72,18446744073709551615,0,0.64404296875,909.9816284179688,1808.2137451171875,110.5726318359375,168.06454467773438,20250225-155958
72,18446744073709551615,0,0.90283203125,435.1014404296875,0.18951416015625,538.2103271484375,635.3919677734375,20250225-155958
72,18446744073709551615,0,0.92431640625,148.02182006835938,404.21044921875,1177.160888671875,919.2877807617188,20250225-155958
73,18446744073709551615,0,0.382080078125,700.4738159179688,1518.396484375,154.17388916015625,270.1604919433594,20250225-155958
73,18446744073709551615,0,0.383056640625,683.8824462890625,1319.465087890625,69.3687744140625,91.8848876953125,20250225-155958
73,18446744073709551615,0,0.5048828125,656.7061157226562,499.74114990234375,130.70265197753906,142.6435546875,20250225-155958
73,18446744073709551615,0,0.53515625,696.029296875,1211.47265625,64.24044799804688,66.04733276367188,20250225-155958
73,18446744073709551615,0,0.5380859375,626.9705200195312,748.0286865234375,115.95135498046875,41.7579345703125,20250225-155958
73,18446744073709551615,0,0.61767578125,636.6707153320312,1327.777587890625,294.99041748046875,335.9765625,20250225-155958
73,18446744073709551615,0,0.630859375,909.306640625,1808.83544921875,109.91455078125,168.673828125,20250225-155958
73,18446744073709551615,0,0.66552734375,612.2448120117188,1750.308837890625,168.76849365234375,457.6848449707031,20250225-155958
73,18446744073709551615,0,0.90576171875,434.0401611328125,0.3704681396484375,537.71533203125,636.997802734375,20250225-155958
73,18446744073709551615,0,0.9228515625,151.5226593017578,403.934326171875,1173.603271484375,915.6016845703125,20250225-155958
74,18446744073709551615,0,0.2069091796875,702.8856811523438,1598.324462890625,75.9869384765625,80.98809814453125,20250225-155958
74,18446744073709551615,0,0.349609375,700.93798828125,1518.45458984375,156.40887451171875,268.0899353027344,20250225-155958
74,18446744073709551615,0,0.440673828125,683.666748046875,1319.5390625,69.65982055664062,93.42626953125,20250225-155958
74,18446744073709551615,0,0.45703125,656.4127807617188,511.2041931152344,119.71247863769531,143.11468505859375,20250225-155958
74,18446744073709551615,0,0.54296875,626.9102783203125,747.9267578125,114.78359985351562,41.045928955078125,20250225-155958
74,18446744073709551615,0,0.544921875,696.453125,1209.5218505859375,65.75985717773438,63.85711669921875,20250225-155958
74,18446744073709551615,0,0.60009765625,637.4051513671875,1328.826171875,292.67852783203125,332.6434020996094,20250225-155958
74,18446744073709551615,0,0.615234375,909.2686157226562,1809.040283203125,109.7548828125,168.6470947265625,20250225-155958
74,18446744073709551615,0,0.67724609375,610.1524658203125,1752.630126953125,166.710205078125,456.4836730957031,20250225-155958
74,18446744073709551615,0,0.900390625,435.37353515625,1.3266448974609375,527.2955932617188,634.3738403320312,20250225-155958
74,18446744073709551615,0,0.921875,153.76451110839844,404.0064697265625,1179.6280517578125,913.5234375,20250225-155958
75,18446744073709551615,0,0.39794921875,683.6942138671875,1319.5345458984375,70.44232177734375,94.83444213867188,20250225-155958
75,18446744073709551615,0,0.470703125,700.7265014648438,1518.01123046875,156.54071044921875,268.43499755859375,20250225-155958
75,18446744073709551615,0,0.5078125,696.2568969726562,1213.29736328125,62.769378662109375,63.538787841796875,20250225-155958
75,18446744073709551615,0,0.546875,626.883544921875,748.4508056640625,114.53732299804688,42.19903564453125,20250225-155958
75,18446744073709551615,0,0.57666015625,637.2255249023438,1329.1190185546875,288.465087890625,331.4588928222656,20250225-155958
75,18446744073709551615,0,0.60498046875,656.6519165039062,497.0787048339844,134.40335083007812,138.60910034179688,20250225-155958
75,18446744073709551615,0,0.6123046875,909.333984375,1809.552978515625,109.32861328125,168.6566162109375,20250225-155958
75,18446744073709551615,0,0.68603515625,612.088623046875,1750.364501953125,168.709716796875,457.9976806640625,20250225-155958
75,18446744073709551615,0,0.89697265625,436.11383056640625,1.140472412109375,524.7591552734375,633.3565673828125,20250225-155958
75,18446744073709551615,0,0.921875,150.76290893554688,404.45648193359375,1176.4658203125,916.470703125,20250225-155958
76,18446744073709551615,0,0.2037353515625,702.3927612304688,1597.795166015625,78.58978271484375,77.52392578125,20250225-155958
76,18446744073709551615,0,0.37939453125,701.4556884765625,1519.489013671875,155.46826171875,267.98089599609375,20250225-155958
76,18446744073709551615,0,0.438720703125,683.7930908203125,1319.0994873046875,69.529541015625,94.21444702148438,20250225-155958
76,18446744073709551615,0,0.5205078125,655.8607177734375,500.7078552246094,131.5642547607422,143.50112915039062,20250225-155958
76,18446744073709551615,0,0.5244140625,696.2503051757812,1213.8253173828125,61.881591796875,64.339599609375,20250225-155958
76,18446744073709551615,0,0.5478515625,626.8756713867188,748.4256591796875,115.0601806640625,41.967681884765625,20250225-155958
76,18446744073709551615,0,0.6162109375,909.4947509765625,1808.7227783203125,110.154052734375,168.40914916992188,20250225-155958
76,18446744073709551615,0,0.65576171875,636.6941528320312,1330.8804931640625,291.8961181640625,333.917724609375,20250225-155958
76,18446744073709551615,0,0.662109375,610.0219116210938,1751.1884765625,167.98956298828125,456.37115478515625,20250225-155958
76,18446744073709551615,0,0.908203125,437.9798583984375,0.945556640625,524.786376953125,632.072998046875,20250225-155958
76,18446744073709551615,0,0.92236328125,152.80430603027344,403.49945068359375,1179.16259765625,914.4613037109375,20250225-155958
77,18446744073709551615,0,0.394287109375,684.6714477539062,1319.28466796875,67.70169067382812,94.185791015625,20250225-155958
77,18446744073709551615,0,0.5234375,695.9285888671875,1214.653076171875,61.060272216796875,65.33963012695312,20250225-155958
77,18446744073709551615,0,0.53125,627.2608642578125,747.4949340820312,116.2525634765625,41.47943115234375,20250225-155958
77,18446744073709551615,0,0.56787109375,656.4613037109375,498.80413818359375,132.94729614257812,144.00668334960938,20250225-155958
77,18446744073709551615,0,0.59912109375,701.7086791992188,1516.205322265625,153.02581787109375,266.6366271972656,20250225-155958
77,18446744073709551615,0,0.6142578125,610.6588134765625,1750.811767578125,168.5548095703125,454.654541015625,20250225-155958
77,18446744073709551615,0,0.61767578125,909.460205078125,1808.897705078125,109.8782958984375,168.43359375,20250225-155958
77,18446744073709551615,0,0.6396484375,639.107666015625,1330.6798095703125,269.281494140625,323.2226257324219,20250225-155958
77,18446744073709551615,0,0.90966796875,437.02972412109375,0.9467926025390625,527.1348876953125,633.165283203125,20250225-155958
77,18446744073709551615,0,0.9228515625,152.61996459960938,404.02789306640625,1178.869384765625,914.8035278320312,20250225-155958
78,18446744073709551615,0,0.419677734375,685.495361328125,1319.35009765625,66.22073364257812,95.0123291015625,20250225-155958
78,18446744073709551615,0,0.43505859375,702.1427001953125,1516.2490234375,155.65219116210938,269.6751708984375,20250225-155958
78,18446744073709551615,0,0.5302734375,696.56982421875,1213.931884765625,61.6746826171875,63.486602783203125,20250225-155958
78,18446744073709551615,0,0.5400390625,627.0439453125,747.2711181640625,116.58544921875,41.877044677734375,20250225-155958
78,18446744073709551615,0,0.5849609375,656.578125,500.9716796875,130.56134033203125,139.91592407226562,20250225-155958
78,18446744073709551615,0,0.587890625,611.0245971679688,1752.61083984375,166.74261474609375,453.8293762207031,20250225-155958
78,18446744073709551615,0,0.63525390625,909.7574462890625,1808.515869140625,110.39190673828125,168.39385986328125,20250225-155958
78,18446744073709551615,0,0.63623046875,638.99560546875,1333.438720703125,278.67974853515625,335.3952941894531,20250225-155958
78,18446744073709551615,0,0.9033203125,437.9600830078125,0.9510955810546875,527.29443359375,632.1644897460938,20250225-155958
78,18446744073709551615,0,0.923828125,153.75018310546875,403.89996337890625,1180.291259765625,913.6473999023438,20250225-155958
79,18446744073709551615,0,0.4111328125,684.583251953125,1319.47998046875,67.01431274414062,96.26898193359375,20250225-155958
79,18446744073709551615,0,0.5224609375,702.050537109375,1518.01513671875,153.7261962890625,269.203857421875,20250225-155958
79,18446744073709551615,0,0.5478515625,696.33056640625,1213.364013671875,62.275543212890625,64.15118408203125,20250225-155958
79,18446744073709551615,0,0.55712890625,626.66015625,747.53125,116.20065307617188,42.347808837890625,20250225-155958
79,18446744073709551615,0,0.5908203125,638.8709106445312,1331.9139404296875,273.42279052734375,330.0359802246094,20250225-155958
79,18446744073709551615,0,0.5947265625,656.4168090820312,500.249755859375,131.3148193359375,142.24465942382812,20250225-155958
79,18446744073709551615,0,0.62451171875,610.94384765625,1753.514404296875,165.8294677734375,454.7654113769531,20250225-155958
79,18446744073709551615,0,0.6279296875,910.1387329101562,1809.10693359375,109.76385498046875,167.56585693359375,20250225-155958
79,18446744073709551615,0,0.90771484375,437.2130126953125,1.14093017578125,527.7255859375,632.8262939453125,20250225-155958
79,18446744073709551615,0,0.92431640625,155.05352783203125,402.693603515625,1179.908203125,912.2486572265625,20250225-155958
80,18446744073709551615,0,0.313232421875,702.5447387695312,1515.949462890625,149.12191772460938,265.06182861328125,20250225-155958
80,18446744073709551615,0,0.330322265625,703.0806884765625,1598.303466796875,80.44757080078125,76.1304931640625,20250225-155958
80,18446744073709551615,0,0.405517578125,683.9095458984375,1319.861572265625,64.51437377929688,93.71786499023438,20250225-155958
80,18446744073709551615,0,0.546875,696.455322265625,1211.6304931640625,63.12689208984375,63.47991943359375,20250225-155958
80,18446744073709551615,0,0.56396484375,626.385009765625,747.960693359375,114.17962646484375,42.60369873046875,20250225-155958
80,18446744073709551615,0,0.5830078125,610.6792602539062,1749.7554931640625,169.39068603515625,453.43505859375,20250225-155958
80,18446744073709551615,0,0.591796875,656.288818359375,497.8741149902344,134.7997283935547,137.63406372070312,20250225-155958
80,18446744073709551615,0,0.6279296875,638.0564575195312,1329.5753173828125,291.799072265625,332.2042236328125,20250225-155958
80,18446744073709551615,0,0.63330078125,909.8214111328125,1809.9708251953125,108.8994140625,168.00979614257812,20250225-155958
80,18446744073709551615,0,0.9091796875,437.58819580078125,0.9512786865234375,529.3912353515625,632.48681640625,20250225-155958
80,18446744073709551615,0,0.92578125,152.23681640625,402.41986083984375,1175.757080078125,915.0455932617188,20250225-155958
81,18446744073709551615,0,0.357666015625,684.3345336914062,1319.26513671875,66.381591796875,93.43670654296875,20250225-155958
81,18446744073709551615,0,0.390380859375,702.8712158203125,1598.671142578125,81.1483154296875,77.410400390625,20250225-155958
81,18446744073709551615,0,0.422607421875,696.7919311523438,1507.8819580078125,135.933837890625,271.6595764160156,20250225-155958
81,18446744073709551615,0,0.5380859375,696.5416259765625,1213.7376708984375,60.983184814453125,63.258270263671875,20250225-155958
81,18446744073709551615,0,0.5517578125,656.1784057617188,499.01605224609375,133.14024353027344,139.05908203125,20250225-155958
81,18446744073709551615,0,0.57763671875,626.5252075195312,747.2418212890625,116.07723999023438,42.33251953125,20250225-155958
81,18446744073709551615,0,0.6083984375,637.652099609375,1325.930908203125,292.66094970703125,327.88787841796875,20250225-155958
81,18446744073709551615,0,0.62060546875,610.6695556640625,1751.2510986328125,168.09429931640625,455.09564208984375,20250225-155958
81,18446744073709551615,0,0.6396484375,909.9201049804688,1809.2039794921875,109.58001708984375,167.90798950195312,20250225-155958
81,18446744073709551615,0,0.90673828125,438.70111083984375,0.95819091796875,527.7803955078125,631.0452880859375,20250225-155958
81,18446744073709551615,0,0.92578125,151.67633056640625,404.49151611328125,1178.345947265625,915.7483520507812,20250225-155958
82,18446744073709551615,0,0.241455078125,703.6488037109375,1598.1756591796875,80.1573486328125,77.17950439453125,20250225-155958
82,18446744073709551615,0,0.447509765625,626.90380859375,746.9114379882812,115.52742004394531,41.34649658203125,20250225-155958
82,18446744073709551615,0,0.4609375,685.0940551757812,1318.94091796875,68.388427734375,97.38665771484375,20250225-155958
82,18446744073709551615,0,0.486328125,695.8687744140625,1212.9913330078125,62.1507568359375,65.72186279296875,20250225-155958
82,18446744073709551615,0,0.4970703125,699.0016479492188,1512.63818359375,141.25177001953125,268.6180114746094,20250225-155958
82,18446744073709551615,0,0.53515625,656.3450317382812,502.6139831542969,129.25726318359375,146.34841918945312,20250225-155958
82,18446744073709551615,0,0.56396484375,638.9388427734375,1329.7880859375,285.7657470703125,326.7133483886719,20250225-155958
82,18446744073709551615,0,0.60107421875,610.8748168945312,1752.0516357421875,167.28277587890625,453.8150939941406,20250225-155958
82,18446744073709551615,0,0.64892578125,909.685302734375,1809.196044921875,109.5941162109375,168.41693115234375,20250225-155958
82,18446744073709551615,0,0.90087890625,438.1365966796875,0.94940185546875,526.8939208984375,632.0101318359375,20250225-155958
82,18446744073709551615,0,0.92431640625,154.4867706298828,405.1131591796875,1175.808349609375,913.2099609375,20250225-155958
83,18446744073709551615,0,0.32763671875,703.24609375,1514.1624755859375,143.8875732421875,264.0860595703125,20250225-155958
83,18446744073709551615,0,0.333740234375,703.982666015625,1600.3818359375,74.625,81.11911010742188,20250225-155958
83,18446744073709551615,0,0.415771484375,684.0953979492188,1318.73828125,69.71932983398438,95.1741943359375,20250225-155958
83,18446744073709551615,0,0.45703125,626.8683471679688,746.6469116210938,115.07084655761719,41.2657470703125,20250225-155958
83,18446744073709551615,0,0.5146484375,695.6661987304688,1212.324462890625,62.988372802734375,66.00961303710938,20250225-155958
83,18446744073709551615,0,0.5361328125,657.2056884765625,507.9151611328125,123.97618103027344,138.8397216796875,20250225-155958
83,18446744073709551615,0,0.57861328125,639.335693359375,1328.711669921875,290.03704833984375,328.64483642578125,20250225-155958
83,18446744073709551615,0,0.626953125,907.6089477539062,1809.979248046875,109.18084716796875,169.7545166015625,20250225-155958
83,18446744073709551615,0,0.63525390625,611.0271606445312,1753.4461669921875,165.90234375,454.7692565917969,20250225-155958
83,18446744073709551615,0,0.90283203125,438.71063232421875,1.139923095703125,529.2535400390625,631.0969848632812,20250225-155958
83,18446744073709551615,0,0.92431640625,157.30746459960938,402.2135009765625,1180.519287109375,910.2440185546875,20250225-155958
84,18446744073709551615,0,0.280517578125,701.2640991210938,1516.6251220703125,127.41220092773438,265.17059326171875,20250225-155958
84,18446744073709551615,0,0.43017578125,703.6979370117188,1601.080078125,73.87738037109375,76.91006469726562,20250225-155958
84,18446744073709551615,0,0.438720703125,684.3756103515625,1319.577392578125,70.48727416992188,90.2567138671875,20250225-155958
84,18446744073709551615,0,0.525390625,696.4730224609375,1214.4014892578125,60.10528564453125,63.65057373046875,20250225-155958
84,18446744073709551615,0,0.525390625,627.02001953125,747.4120483398438,115.44685363769531,41.8125,20250225-155958
84,18446744073709551615,0,0.59912109375,610.557861328125,1750.0301513671875,169.33941650390625,454.1055908203125,20250225-155958
84,18446744073709551615,0,0.60009765625,655.9793701171875,499.20123291015625,132.70687866210938,140.3873291015625,20250225-155958
84,18446744073709551615,0,0.638671875,907.899169921875,1810.1806640625,108.92852783203125,169.8109130859375,20250225-155958
84,18446744073709551615,0,0.6884765625,638.6127319335938,1330.5640869140625,295.6607666015625,328.9389953613281,20250225-155958
84,18446744073709551615,0,0.908203125,437.42449951171875,1.520599365234375,524.3651123046875,632.2613525390625,20250225-155958
84,18446744073709551615,0,0.92578125,155.99295043945312,402.794921875,1178.4166259765625,911.4904174804688,20250225-155958
85,18446744073709551615,0,0.299072265625,703.0157470703125,1519.334228515625,152.334228515625,262.98980712890625,20250225-155958
85,18446744073709551615,0,0.306640625,703.3137817382812,1600.18603515625,78.362548828125,75.05172729492188,20250225-155958
85,18446744073709551615,0,0.455078125,654.9808959960938,507.6756591796875,124.31021118164062,144.990234375,20250225-155958
85,18446744073709551615,0,0.458984375,683.2802124023438,1319.7734375,70.17947387695312,92.34255981445312,20250225-155958
85,18446744073709551615,0,0.5478515625,610.275146484375,1752.013916015625,167.30657958984375,453.1209411621094,20250225-155958
85,18446744073709551615,0,0.5498046875,626.5926513671875,747.2882080078125,115.6109619140625,42.2244873046875,20250225-155958
85,18446744073709551615,0,0.55078125,696.3041381835938,1214.114013671875,60.879547119140625,64.03939819335938,20250225-155958
85,18446744073709551615,0,0.61328125,638.433837890625,1328.115234375,289.6556396484375,327.71173095703125,20250225-155958
85,18446744073709551615,0,0.6533203125,910.48583984375,1810.5948486328125,108.29058837890625,167.413330078125,20250225-155958
85,18446744073709551615,0,0.900390625,436.1077880859375,1.3332366943359375,526.990966796875,633.4945678710938,20250225-155958
85,18446744073709551615,0,0.92236328125,156.55059814453125,403.73583984375,1178.551025390625,910.8261108398438,20250225-155958
86,18446744073709551615,0,0.23583984375,701.551025390625,1516.224365234375,139.63467407226562,267.13348388671875,20250225-155959
86,18446744073709551615,0,0.34423828125,703.5430297851562,1599.870849609375,80.712890625,76.68099975585938,20250225-155959
86,18446744073709551615,0,0.39697265625,684.330810546875,1319.5576171875,64.08810424804688,93.37701416015625,20250225-155959
86,18446744073709551615,0,0.53125,655.3621215820312,501.2524108886719,130.8823699951172,143.66473388671875,20250225-155959
86,18446744073709551615,0,0.5361328125,696.0684814453125,1213.44140625,60.668243408203125,64.72540283203125,20250225-155959
86,18446744073709551615,0,0.5498046875,626.9033203125,748.9109497070312,114.29951477050781,41.433380126953125,20250225-155959
86,18446744073709551615,0,0.611328125,637.65576171875,1328.393310546875,294.4530029296875,330.10125732421875,20250225-155959
86,18446744073709551615,0,0.62353515625,909.2078247070312,1808.9073486328125,109.9764404296875,168.8990478515625,20250225-155959
86,18446744073709551615,0,0.6259765625,610.7477416992188,1752.5394287109375,166.79736328125,454.84130859375,20250225-155959
86,18446744073709551615,0,0.8974609375,436.8292236328125,1.1437225341796875,530.5282592773438,633.071533203125,20250225-155959
86,18446744073709551615,0,0.9189453125,152.98777770996094,404.34259033203125,1176.469482421875,914.4290771484375,20250225-155959
87,18446744073709551615,0,0.256103515625,703.1090698242188,1518.1929931640625,147.090087890625,265.9411926269531,20250225-155959
87,18446744073709551615,0,0.3310546875,704.9020385742188,1600.5897216796875,71.10552978515625,74.95193481445312,20250225-155959
87,18446744073709551615,0,0.4140625,684.0823974609375,1319.854248046875,70.14083862304688,91.0704345703125,20250225-155959
87,18446744073709551615,0,0.529296875,696.0089721679688,1213.548583984375,60.853912353515625,64.17727661132812,20250225-155959
87,18446744073709551615,0,0.533203125,626.5927734375,749.0465087890625,113.26675415039062,41.653472900390625,20250225-155959
87,18446744073709551615,0,0.57763671875,638.64013671875,1328.1947021484375,290.392822265625,330.91387939453125,20250225-155959
87,18446744073709551615,0,0.5849609375,656.1873779296875,501.852294921875,130.00076293945312,141.62850952148438,20250225-155959
87,18446744073709551615,0,0.587890625,610.9077758789062,1751.6015625,167.525390625,453.4536437988281,20250225-155959
87,18446744073709551615,0,0.65234375,909.7069702148438,1809.06982421875,109.6658935546875,168.4046630859375,20250225-155959
87,18446744073709551615,0,0.91064453125,436.45953369140625,1.1446380615234375,532.1159057617188,633.67236328125,20250225-155959
87,18446744073709551615,0,0.9248046875,150.94033813476562,403.96868896484375,1179.1014404296875,916.57763671875,20250225-155959
88,18446744073709551615,0,0.33544921875,700.7444458007812,1515.94580078125,150.06353759765625,268.3609313964844,20250225-155959
88,18446744073709551615,0,0.403564453125,685.2835693359375,1319.647216796875,65.20779418945312,95.62371826171875,20250225-155959
88,18446744073709551615,0,0.41015625,703.982666015625,1601.1741943359375,75.29241943359375,77.386962890625,20250225-155959
88,18446744073709551615,0,0.4638671875,627.2012939453125,748.7001953125,114.60800170898438,41.62847900390625,20250225-155959
88,18446744073709551615,0,0.5107421875,696.1378173828125,1213.767822265625,60.88623046875,65.19140625,20250225-155959
88,18446744073709551615,0,0.53125,610.8013916015625,1751.89794921875,167.2430419921875,453.4904479980469,20250225-155959
88,18446744073709551615,0,0.556640625,655.9072265625,503.5517578125,127.29318237304688,142.42886352539062,20250225-155959
88,18446744073709551615,0,0.61767578125,639.0250854492188,1330.61181640625,288.36712646484375,329.05572509765625,20250225-155959
88,18446744073709551615,0,0.669921875,909.0199584960938,1810.0162353515625,108.725830078125,169.36166381835938,20250225-155959
88,18446744073709551615,0,0.90673828125,436.9940185546875,1.1420745849609375,531.6593017578125,632.83154296875,20250225-155959
88,18446744073709551615,0,0.9248046875,150.56735229492188,404.3946533203125,1179.1724853515625,916.7308959960938,20250225-155959
89,18446744073709551615,0,0.21337890625,542.917236328125,1900.537353515625,18.72344970703125,72.39395141601562,20250225-155959
89,18446744073709551615,0,0.2705078125,701.5634765625,1513.4462890625,137.83172607421875,264.6766662597656,20250225-155959
89,18446744073709551615,0,0.375732421875,704.249267578125,1600.74609375,70.805419921875,75.26760864257812,20250225-155959
89,18446744073709551615,0,0.37744140625,684.8285522460938,1319.9644775390625,66.44998168945312,95.57382202148438,20250225-155959
89,18446744073709551615,0,0.4765625,626.1000366210938,748.8968505859375,112.10614013671875,40.9306640625,20250225-155959
89,18446744073709551615,0,0.51953125,655.7255859375,502.1788330078125,128.68798828125,144.32034301757812,20250225-155959
89,18446744073709551615,0,0.5244140625,695.9530029296875,1213.60595703125,61.0982666015625,63.8477783203125,20250225-155959
89,18446744073709551615,0,0.626953125,637.7039794921875,1327.966552734375,294.55499267578125,333.3159484863281,20250225-155959
89,18446744073709551615,0,0.6513671875,909.65673828125,1809.0450439453125,109.6490478515625,168.20562744140625,20250225-155959
89,18446744073709551615,0,0.66650390625,612.3812255859375,1751.0577392578125,168.193359375,457.8849792480469,20250225-155959
89,18446744073709551615,0,0.89501953125,437.3741455078125,1.332000732421875,527.016845703125,632.6568603515625,20250225-155959
89,18446744073709551615,0,0.92138671875,151.88186645507812,403.3267822265625,1178.48388671875,915.3255615234375,20250225-155959
90,18446744073709551615,0,0.30078125,702.1221313476562,1516.3853759765625,156.128173828125,262.2124328613281,20250225-155959
90,18446744073709551615,0,0.35302734375,703.1017456054688,1600.458251953125,80.11614990234375,78.34295654296875,20250225-155959
90,18446744073709551615,0,0.393310546875,683.4856567382812,1319.954833984375,63.791656494140625,94.2608642578125,20250225-155959
90,18446744073709551615,0,0.393310546875,626.15087890625,751.2874755859375,110.19172668457031,40.57763671875,20250225-155959
90,18446744073709551615,0,0.548828125,696.0289306640625,1214.389404296875,60.588775634765625,63.559661865234375,20250225-155959
90,18446744073709551615,0,0.57177734375,638.2955932617188,1325.29345703125,292.30865478515625,326.1207275390625,20250225-155959
90,18446744073709551615,0,0.57470703125,654.4560546875,495.8363342285156,135.4705810546875,147.290771484375,20250225-155959
90,18446744073709551615,0,0.65771484375,908.3270263671875,1810.825927734375,108.330322265625,169.99127197265625,20250225-155959
90,18446744073709551615,0,0.68408203125,611.7767944335938,1749.5263671875,169.3516845703125,458.71746826171875,20250225-155959
90,18446744073709551615,0,0.90185546875,436.6541748046875,1.137542724609375,524.905029296875,633.4056396484375,20250225-155959
90,18446744073709551615,0,0.92041015625,150.37481689453125,403.473388671875,1177.0572509765625,917.2088012695312,20250225-155959
91,18446744073709551615,0,0.2247314453125,703.46484375,1599.674560546875,82.5091552734375,77.12557983398438,20250225-155959
91,18446744073709551615,0,0.444580078125,684.0120849609375,1319.546142578125,67.056884765625,97.37319946289062,20250225-155959
91,18446744073709551615,0,0.4912109375,626.5255737304688,748.961669921875,112.41183471679688,39.6602783203125,20250225-155959
91,18446744073709551615,0,0.5009765625,701.5387573242188,1515.1112060546875,164.97225952148438,267.1080322265625,20250225-155959
91,18446744073709551615,0,0.5439453125,696.4696655273438,1214.731689453125,60.626312255859375,63.624664306640625,20250225-155959
91,18446744073709551615,0,0.55712890625,637.0711669921875,1327.550537109375,285.97869873046875,329.0600280761719,20250225-155959
91,18446744073709551615,0,0.61767578125,611.914794921875,1749.5445556640625,169.53753662109375,457.83453369140625,20250225-155959
91,18446744073709551615,0,0.6533203125,908.5479736328125,1811.0357666015625,108.076904296875,169.71405029296875,20250225-155959
91,18446744073709551615,0,0.65771484375,655.5327758789062,495.81646728515625,135.6521759033203,150.41290283203125,20250225-155959
91,18446744073709551615,0,0.90380859375,437.40582275390625,1.515472412109375,524.5078125,632.5728149414062,20250225-155959
91,18446744073709551615,0,0.92431640625,150.55599975585938,404.45062255859375,1171.639892578125,916.7817993164062,20250225-155959
92,18446744073709551615,0,0.2274169921875,610.603271484375,1846.5743408203125,72.42535400390625,167.99423217773438,20250225-155959
92,18446744073709551615,0,0.418701171875,684.0479736328125,1319.5418701171875,70.7501220703125,98.87466430664062,20250225-155959
92,18446744073709551615,0,0.450439453125,626.9228515625,748.8162841796875,114.35664367675781,41.44976806640625,20250225-155959
92,18446744073709551615,0,0.4921875,702.6758422851562,1519.477783203125,156.64398193359375,264.0157470703125,20250225-155959
92,18446744073709551615,0,0.494140625,637.8017578125,1328.1826171875,287.4697265625,331.0623779296875,20250225-155959
92,18446744073709551615,0,0.544921875,611.89501953125,1754.9462890625,164.20458984375,453.53924560546875,20250225-155959
92,18446744073709551615,0,0.546875,657.6234130859375,499.98724365234375,131.00926208496094,141.75714111328125,20250225-155959
92,18446744073709551615,0,0.56396484375,696.11279296875,1214.447265625,61.139923095703125,65.0130615234375,20250225-155959
92,18446744073709551615,0,0.66650390625,909.4398193359375,1810.184326171875,108.64910888671875,168.7203369140625,20250225-155959
92,18446744073709551615,0,0.90087890625,437.58837890625,0.9493560791015625,521.8897705078125,632.2824096679688,20250225-155959
92,18446744073709551615,0,0.92236328125,150.19143676757812,405.197021484375,1178.1712646484375,917.3424682617188,20250225-155959
93,18446744073709551615,0,0.2017822265625,704.5831298828125,1600.87646484375,72.15765380859375,75.8818359375,20250225-155959
93,18446744073709551615,0,0.385009765625,685.1347045898438,1319.071044921875,63.224578857421875,92.8187255859375,20250225-155959
93,18446744073709551615,0,0.390380859375,627.3451538085938,749.4695434570312,113.6092529296875,40.754608154296875,20250225-155959
93,18446744073709551615,0,0.4658203125,698.9014892578125,1509.0457763671875,153.443115234375,267.0998840332031,20250225-155959
93,18446744073709551615,0,0.521484375,696.7494506835938,1217.16748046875,59.238739013671875,65.52987670898438,20250225-155959
93,18446744073709551615,0,0.59375,657.8404541015625,500.39263916015625,131.23388671875,142.237060546875,20250225-155959
93,18446744073709551615,0,0.61865234375,640.09716796875,1330.35693359375,276.10162353515625,322.1791076660156,20250225-155959
93,18446744073709551615,0,0.6298828125,909.3901977539062,1809.990234375,108.8302001953125,168.87533569335938,20250225-155959
93,18446744073709551615,0,0.7080078125,613.3178100585938,1753.3011474609375,165.80914306640625,457.1531982421875,20250225-155959
93,18446744073709551615,0,0.90087890625,438.73480224609375,1.138275146484375,519.5919189453125,631.0856323242188,20250225-155959
93,18446744073709551615,0,0.923828125,153.35614013671875,405.8887939453125,1172.239990234375,914.5512084960938,20250225-155959
94,18446744073709551615,0,0.2193603515625,610.5076904296875,1844.5037841796875,74.5294189453125,167.46066284179688,20250225-155959
94,18446744073709551615,0,0.39990234375,684.6827392578125,1319.328857421875,64.89898681640625,95.52484130859375,20250225-155959
94,18446744073709551615,0,0.43310546875,627.6535034179688,749.5859375,114.46426391601562,41.264923095703125,20250225-155959
94,18446744073709551615,0,0.5205078125,695.9871826171875,1215.95947265625,60.0904541015625,65.96136474609375,20250225-155959
94,18446744073709551615,0,0.556640625,640.6490478515625,1333.06103515625,266.91741943359375,323.51715087890625,20250225-155959
94,18446744073709551615,0,0.55908203125,657.2708129882812,501.6594543457031,128.7531280517578,145.25592041015625,20250225-155959
94,18446744073709551615,0,0.5849609375,701.33642578125,1516.213134765625,156.34625244140625,267.1679992675781,20250225-155959
94,18446744073709551615,0,0.6142578125,909.2514038085938,1810.704345703125,108.12176513671875,169.06448364257812,20250225-155959
94,18446744073709551615,0,0.61669921875,612.59375,1752.8448486328125,166.64117431640625,454.10302734375,20250225-155959
94,18446744073709551615,0,0.90966796875,438.5694580078125,1.1352081298828125,523.6585693359375,631.1055908203125,20250225-155959
94,18446744073709551615,0,0.92333984375,156.74212646484375,405.95947265625,1173.30517578125,910.9405517578125,20250225-155959
95,18446744073709551615,0,0.201171875,703.0006713867188,1597.825927734375,79.68548583984375,75.65579223632812,20250225-155959
95,18446744073709551615,0,0.43408203125,701.1622314453125,1515.485107421875,159.61175537109375,265.2711181640625,20250225-155959
95,18446744073709551615,0,0.462890625,626.7125244140625,748.7711181640625,115.75309753417969,42.354034423828125,20250225-155959
95,18446744073709551615,0,0.4697265625,684.04443359375,1319.44970703125,69.98831176757812,93.59344482421875,20250225-155959
95,18446744073709551615,0,0.5341796875,696.238037109375,1215.10986328125,60.911590576171875,65.49288940429688,20250225-155959
95,18446744073709551615,0,0.5556640625,657.2548828125,502.55145263671875,128.78919982910156,143.33340454101562,20250225-155959
95,18446744073709551615,0,0.60009765625,636.8927001953125,1330.0491943359375,288.917724609375,331.07281494140625,20250225-155959
95,18446744073709551615,0,0.61767578125,909.677490234375,1810.7032470703125,108.17523193359375,168.25588989257812,20250225-155959
95,18446744073709551615,0,0.6767578125,613.0010375976562,1752.792724609375,166.1748046875,456.98236083984375,20250225-155959
95,18446744073709551615,0,0.90673828125,437.614013671875,1.13580322265625,523.9764404296875,631.9530029296875,20250225-155959
95,18446744073709551615,0,0.9208984375,156.75,404.7445068359375,1176.0091552734375,910.894775390625,20250225-155959
96,18446744073709551615,0,0.250244140625,703.305419921875,1597.80322265625,82.51080322265625,77.34100341796875,20250225-155959
96,18446744073709551615,0,0.375732421875,700.3024291992188,1513.852783203125,160.6710205078125,269.6305847167969,20250225-155959
96,18446744073709551615,0,0.408203125,684.2991943359375,1318.680908203125,66.35678100585938,97.89248657226562,20250225-155959
96,18446744073709551615,0,0.43310546875,695.9322509765625,1224.2105712890625,51.846588134765625,66.9627685546875,20250225-155959
96,18446744073709551615,0,0.439697265625,626.8939208984375,746.7652587890625,117.49346923828125,41.91064453125,20250225-155959
96,18446744073709551615,0,0.55712890625,657.1697387695312,501.18585205078125,129.61468505859375,142.81924438476562,20250225-155959
96,18446744073709551615,0,0.58984375,637.6842041015625,1329.2646484375,289.07080078125,333.3002014160156,20250225-155959
96,18446744073709551615,0,0.6494140625,910.5895385742188,1809.7628173828125,109.02996826171875,167.36123657226562,20250225-155959
96,18446744073709551615,0,0.669921875,612.5180053710938,1751.064453125,167.8450927734375,457.1106262207031,20250225-155959
96,18446744073709551615,0,0.9013671875,437.79071044921875,1.13909912109375,523.5260620117188,631.9169311523438,20250225-155959
96,18446744073709551615,0,0.92431640625,150.7613525390625,406.45001220703125,1175.0322265625,916.7633056640625,20250225-155959
97,18446744073709551615,0,0.27978515625,697.4580688476562,1509.9990234375,148.0279541015625,272.27691650390625,20250225-155959
97,18446744073709551615,0,0.302490234375,702.313232421875,1599.1973876953125,76.41796875,79.89605712890625,20250225-155959
97,18446744073709551615,0,0.436767578125,684.6397705078125,1319.214111328125,68.49041748046875,98.2540283203125,20250225-155959
97,18446744073709551615,0,0.4892578125,627.7181396484375,749.1233520507812,114.58442687988281,41.206512451171875,20250225-155959
97,18446744073709551615,0,0.4951171875,697.3765869140625,1219.73779296875,56.37890625,65.72039794921875,20250225-155959
97,18446744073709551615,0,0.591796875,656.6531982421875,499.9972229003906,130.97195434570312,140.55999755859375,20250225-155959
97,18446744073709551615,0,0.626953125,637.9127197265625,1331.4580078125,290.089599609375,331.5877990722656,20250225-155959
97,18446744073709551615,0,0.64599609375,909.0671997070312,1810.4549560546875,108.69708251953125,169.23202514648438,20250225-155959
97,18446744073709551615,0,0.67236328125,612.5262451171875,1751.417724609375,167.67242431640625,457.3321838378906,20250225-155959
97,18446744073709551615,0,0.90576171875,437.62042236328125,1.512725830078125,522.4940185546875,632.0107421875,20250225-155959
97,18446744073709551615,0,0.92626953125,150.95892333984375,404.68341064453125,1179.142822265625,916.7290649414062,20250225-155959
98,18446744073709551615,0,0.2239990234375,703.40380859375,1598.447021484375,76.9453125,76.99566650390625,20250225-155959
98,18446744073709551615,0,0.443603515625,683.82080078125,1319.01025390625,70.83187866210938,92.78411865234375,20250225-155959
98,18446744073709551615,0,0.4599609375,698.112060546875,1502.7955322265625,163.23202514648438,273.65277099609375,20250225-155959
98,18446744073709551615,0,0.4951171875,697.0006713867188,1219.624755859375,54.65533447265625,65.886474609375,20250225-155959
98,18446744073709551615,0,0.5048828125,627.5484619140625,749.4526977539062,114.36712646484375,41.03814697265625,20250225-155959
98,18446744073709551615,0,0.5849609375,656.8154296875,498.4527282714844,132.3248748779297,141.8485107421875,20250225-155959
98,18446744073709551615,0,0.587890625,637.616455078125,1330.5970458984375,286.0887451171875,331.8979797363281,20250225-155959
98,18446744073709551615,0,0.65576171875,612.1056518554688,1752.5606689453125,166.5135498046875,457.7163391113281,20250225-155959
98,18446744073709551615,0,0.66259765625,909.0151977539062,1809.914306640625,108.8258056640625,169.14175415039062,20250225-155959
98,18446744073709551615,0,0.90771484375,437.4234924316406,1.32110595703125,525.3486328125,632.3941040039062,20250225-155959
98,18446744073709551615,0,0.92626953125,150.57852172851562,405.11187744140625,1177.9765625,917.0782470703125,20250225-155959
99,18446744073709551615,0,0.405517578125,684.6740112304688,1319.0546875,68.69082641601562,95.12594604492188,20250225-155959
99,18446744073709551615,0,0.406494140625,700.35498046875,1513.65087890625,162.270263671875,269.59442138671875,20250225-155959
99,18446744073709551615,0,0.5107421875,697.17578125,1216.563232421875,56.447845458984375,66.0567626953125,20250225-155959
99,18446744073709551615,0,0.5361328125,627.81298828125,749.2890625,114.61834716796875,40.397369384765625,20250225-155959
99,18446744073709551615,0,0.546875,656.9473876953125,500.04693603515625,131.37982177734375,138.509033203125,20250225-155959
99,18446744073709551615,0,0.59619140625,637.8634643554688,1330.575927734375,286.73199462890625,331.799560546875,20250225-155959
99,18446744073709551615,0,0.65771484375,908.354248046875,1809.749755859375,109.39892578125,170.2957763671875,20250225-155959
99,18446744073709551615,0,0.669921875,612.5462646484375,1749.50830078125,169.58770751953125,456.94390869140625,20250225-155959
99,18446744073709551615,0,0.91064453125,437.61199951171875,1.513275146484375,522.7562866210938,631.9765625,20250225-155959
99,18446744073709551615,0,0.92724609375,151.14175415039062,405.31646728515625,1175.6004638671875,916.5064086914062,20250225-155959
100,18446744073709551615,0,0.42822265625,684.5773315429688,1319.068603515625,68.90936279296875,97.37173461914062,20250225-155959
100,18446744073709551615,0,0.501953125,697.5104370117188,1219.8997802734375,52.73858642578125,65.79080200195312,20250225-155959
100,18446744073709551615,0,0.50390625,696.545654296875,1502.3570556640625,160.59878540039062,274.6864013671875,20250225-155959
100,18446744073709551615,0,0.5234375,627.755859375,749.8590087890625,113.37432861328125,40.288421630859375,20250225-155959
100,18446744073709551615,0,0.525390625,656.93310546875,502.2219543457031,129.6610565185547,140.272705078125,20250225-155959
100,18446744073709551615,0,0.5341796875,637.8396606445312,1330.52099609375,284.73797607421875,330.5230407714844,20250225-155959
100,18446744073709551615,0,0.658203125,907.2313842773438,1809.2119140625,109.9910888671875,171.31063842773438,20250225-155959
100,18446744073709551615,0,0.68408203125,612.6846313476562,1749.9510498046875,169.15081787109375,457.0818786621094,20250225-155959
100,18446744073709551615,0,0.9013671875,437.61676025390625,1.51318359375,522.9175415039062,632.021484375,20250225-155959
100,18446744073709551615,0,0.9267578125,147.64942932128906,405.94830322265625,1173.8514404296875,919.9207763671875,20250225-155959
101,18446744073709551615,0,0.2322998046875,699.0078735351562,1589.7894287109375,84.2113037109375,140.38970947265625,20250225-155959
101,18446744073709551615,0,0.333740234375,700.828857421875,1516.0081787109375,148.392333984375,266.178955078125,20250225-155959
101,18446744073709551615,0,0.42822265625,683.6991577148438,1318.839599609375,70.40972900390625,94.60693359375,20250225-155959
101,18446744073709551615,0,0.452392578125,697.0043334960938,1223.0234375,49.7515869140625,65.35263061523438,20250225-155959
101,18446744073709551615,0,0.5244140625,627.8340454101562,748.7792358398438,114.573486328125,40.430145263671875,20250225-155959
101,18446744073709551615,0,0.56005859375,656.0450439453125,498.0352783203125,133.14559936523438,143.9501953125,20250225-155959
101,18446744073709551615,0,0.625,637.0985107421875,1330.451904296875,292.82208251953125,332.9388427734375,20250225-155959
101,18446744073709551615,0,0.650390625,906.3521118164062,1810.263427734375,108.94244384765625,172.30911254882812,20250225-155959
101,18446744073709551615,0,0.6826171875,612.660888671875,1750.5985107421875,168.32757568359375,457.84918212890625,20250225-155959
101,18446744073709551615,0,0.9013671875,437.618408203125,1.511077880859375,522.2986450195312,632.4974365234375,20250225-155959
101,18446744073709551615,0,0.92431640625,151.2974853515625,405.55389404296875,1176.232177734375,916.318359375,20250225-155959
102,18446744073709551615,0,0.42919921875,695.3109741210938,1503.861083984375,151.45550537109375,275.8653259277344,20250225-155959
102,18446744073709551615,0,0.43115234375,683.4554443359375,1319.166015625,70.86474609375,96.09567260742188,20250225-155959
102,18446744073709551615,0,0.48046875,656.4996337890625,503.8761291503906,127.83110046386719,141.3944091796875,20250225-155959
102,18446744073709551615,0,0.49609375,627.6015625,747.6365966796875,116.37419128417969,41.25146484375,20250225-155959
102,18446744073709551615,0,0.5166015625,697.5825805664062,1223.01025390625,48.786163330078125,65.36334228515625,20250225-155959
102,18446744073709551615,0,0.60107421875,637.1070556640625,1329.64306640625,290.224365234375,334.6639709472656,20250225-155959
102,18446744073709551615,0,0.626953125,906.3209228515625,1809.4603271484375,109.74737548828125,172.48699951171875,20250225-155959
102,18446744073709551615,0,0.73095703125,612.8120727539062,1751.0343017578125,168.08697509765625,457.7405090332031,20250225-155959
102,18446744073709551615,0,0.90283203125,436.49871826171875,1.32257080078125,521.69091796875,633.2722778320312,20250225-155959
102,18446744073709551615,0,0.92431640625,150.37380981445312,406.24273681640625,1173.117431640625,917.2271118164062,20250225-155959
103,18446744073709551615,0,0.420654296875,683.7610473632812,1318.94482421875,70.11282348632812,95.16421508789062,20250225-155959
103,18446744073709551615,0,0.48828125,627.8944702148438,746.3029174804688,117.39276123046875,40.543853759765625,20250225-155959
103,18446744073709551615,0,0.4892578125,696.7688598632812,1509.367431640625,149.82339477539062,274.43389892578125,20250225-155959
103,18446744073709551615,0,0.494140625,696.74609375,1225.833740234375,47.044281005859375,66.740478515625,20250225-155959
103,18446744073709551615,0,0.58154296875,636.7364501953125,1329.6923828125,288.15069580078125,336.3943176269531,20250225-155959
103,18446744073709551615,0,0.60107421875,657.1805419921875,498.4320373535156,133.38551330566406,140.77871704101562,20250225-155959
103,18446744073709551615,0,0.64892578125,907.0621948242188,1809.19384765625,109.9127197265625,171.51901245117188,20250225-155959
103,18446744073709551615,0,0.68359375,613.198974609375,1751.79931640625,167.34173583984375,456.869384765625,20250225-155959
103,18446744073709551615,0,0.90576171875,437.22637939453125,1.1372222900390625,522.912353515625,632.6695556640625,20250225-155959
103,18446744073709551615,0,0.92578125,149.64495849609375,406.75213623046875,1175.5836181640625,917.6971435546875,20250225-155959
104,18446744073709551615,0,0.43310546875,683.8800659179688,1318.9991455078125,69.13320922851562,98.32003784179688,20250225-155959
104,18446744073709551615,0,0.449462890625,697.52197265625,1224.9202880859375,48.18035888671875,66.59518432617188,20250225-155959
104,18446744073709551615,0,0.451416015625,694.9678344726562,1506.7744140625,153.43963623046875,276.7552185058594,20250225-155959
104,18446744073709551615,0,0.53125,627.773193359375,747.6871337890625,115.37997436523438,40.91656494140625,20250225-155959
104,18446744073709551615,0,0.57861328125,637.695068359375,1328.9501953125,288.7496337890625,335.64111328125,20250225-155959
104,18446744073709551615,0,0.5869140625,656.8218383789062,500.22930908203125,130.54019165039062,139.20510864257812,20250225-155959
104,18446744073709551615,0,0.65576171875,907.1746215820312,1810.2022705078125,109.0023193359375,171.56753540039062,20250225-155959
104,18446744073709551615,0,0.67138671875,612.2579956054688,1752.5357666015625,166.565185546875,456.96881103515625,20250225-155959
104,18446744073709551615,0,0.90478515625,436.49798583984375,1.135711669921875,521.949951171875,633.4293823242188,20250225-155959
104,18446744073709551615,0,0.9248046875,152.97857666015625,405.8602294921875,1171.89599609375,914.3695678710938,20250225-155959
105,18446744073709551615,0,0.4091796875,698.4530639648438,1515.3779296875,156.2933349609375,273.13201904296875,20250225-155959
105,18446744073709551615,0,0.482421875,684.0126342773438,1318.84423828125,69.72610473632812,99.9971923828125,20250225-155959
105,18446744073709551615,0,0.5009765625,699.8838500976562,1225.8994140625,46.14495849609375,64.41558837890625,20250225-155959
105,18446744073709551615,0,0.509765625,627.6470947265625,745.9222412109375,117.16864013671875,40.578369140625,20250225-155959
105,18446744073709551615,0,0.515625,638.234619140625,1331.1923828125,289.51885986328125,334.4638366699219,20250225-155959
105,18446744073709551615,0,0.62451171875,657.9263916015625,499.47039794921875,131.07485961914062,143.09381103515625,20250225-155959
105,18446744073709551615,0,0.6533203125,905.57275390625,1809.595947265625,109.563720703125,173.25384521484375,20250225-155959
105,18446744073709551615,0,0.67822265625,613.0628662109375,1751.6627197265625,167.45159912109375,456.81353759765625,20250225-155959
105,18446744073709551615,0,0.90966796875,436.4981689453125,1.3251800537109375,517.1366577148438,633.3387451171875,20250225-155959
105,18446744073709551615,0,0.9267578125,153.55824279785156,406.9163818359375,1169.486572265625,913.856689453125,20250225-155959
106,18446744073709551615,0,0.2100830078125,699.5110473632812,1572.516845703125,100.77392578125,155.55093383789062,20250225-155959
106,18446744073709551615,0,0.47265625,695.6189575195312,1505.111328125,151.86172485351562,278.3707580566406,20250225-155959
106,18446744073709551615,0,0.4736328125,683.9993896484375,1318.935546875,71.5426025390625,97.22589111328125,20250225-155959
106,18446744073709551615,0,0.4833984375,699.500244140625,1227.347900390625,44.996337890625,64.58468627929688,20250225-155959
106,18446744073709551615,0,0.5283203125,627.4150390625,745.6259765625,117.59893798828125,41.24652099609375,20250225-155959
106,18446744073709551615,0,0.55908203125,638.6145629882812,1332.660888671875,285.65386962890625,336.79119873046875,20250225-155959
106,18446744073709551615,0,0.58056640625,658.4837036132812,498.0953369140625,133.38674926757812,141.07827758789062,20250225-155959
106,18446744073709551615,0,0.6396484375,906.1840209960938,1810.03662109375,109.1195068359375,172.46502685546875,20250225-155959
106,18446744073709551615,0,0.68603515625,613.0458984375,1752.462158203125,166.48846435546875,456.95526123046875,20250225-155959
106,18446744073709551615,0,0.90966796875,437.4356689453125,1.517669677734375,516.9683837890625,632.60791015625,20250225-155959
106,18446744073709551615,0,0.92333984375,159.57861328125,406.76092529296875,1173.6595458984375,907.92041015625,20250225-155959
107,18446744073709551615,0,0.3486328125,698.4122314453125,1515.347412109375,152.698974609375,274.08087158203125,20250225-155959
107,18446744073709551615,0,0.4990234375,700.6082153320312,1228.090087890625,43.665802001953125,63.473968505859375,20250225-155959
107,18446744073709551615,0,0.501953125,684.3424072265625,1318.5325927734375,69.87881469726562,99.79019165039062,20250225-155959
107,18446744073709551615,0,0.513671875,627.25048828125,745.9363403320312,117.0135498046875,41.142242431640625,20250225-155959
107,18446744073709551615,0,0.609375,657.7489013671875,499.78143310546875,132.08326721191406,145.14633178710938,20250225-155959
107,18446744073709551615,0,0.6279296875,638.0593872070312,1333.869140625,288.9312744140625,337.2609558105469,20250225-155959
107,18446744073709551615,0,0.642578125,905.0824584960938,1810.455322265625,108.75054931640625,173.02633666992188,20250225-155959
107,18446744073709551615,0,0.68359375,613.0404052734375,1750.141845703125,168.996826171875,457.071533203125,20250225-155959
107,18446744073709551615,0,0.9150390625,436.7054443359375,1.13726806640625,520.9420776367188,633.2418823242188,20250225-155959
107,18446744073709551615,0,0.92626953125,159.77334594726562,406.62286376953125,1174.3282470703125,907.9165649414062,20250225-155959
108,18446744073709551615,0,0.4638671875,701.1004028320312,1227.9658203125,43.66644287109375,62.777618408203125,20250225-155959
108,18446744073709551615,0,0.4833984375,627.42333984375,745.115478515625,118.1337890625,41.2137451171875,20250225-155959
108,18446744073709551615,0,0.5166015625,684.0540161132812,1318.7308349609375,70.017333984375,100.60098266601562,20250225-155959
108,18446744073709551615,0,0.51953125,699.30322265625,1516.72802734375,156.8876953125,272.8373107910156,20250225-155959
108,18446744073709551615,0,0.5869140625,640.3536987304688,1336.681640625,266.430908203125,330.3153991699219,20250225-155959
108,18446744073709551615,0,0.6103515625,657.8355102539062,499.0831604003906,133.043701171875,142.46237182617188,20250225-155959
108,18446744073709551615,0,0.6298828125,905.39794921875,1810.24853515625,108.957275390625,173.17959594726562,20250225-155959
108,18446744073709551615,0,0.6943359375,613.3577270507812,1751.8271484375,167.32086181640625,456.5739440917969,20250225-155959
108,18446744073709551615,0,0.90576171875,437.441162109375,1.32659912109375,519.3231811523438,632.1025390625,20250225-155959
108,18446744073709551615,0,0.92333984375,159.02883911132812,408.3350830078125,1168.679931640625,908.548095703125,20250225-155959
109,18446744073709551615,0,0.4619140625,700.6502685546875,1227.014892578125,43.68511962890625,62.65191650390625,20250225-160000
109,18446744073709551615,0,0.4716796875,683.962158203125,1318.7845458984375,70.21572875976562,100.55401611328125,20250225-160000
109,18446744073709551615,0,0.4990234375,627.551513671875,745.54296875,116.63896179199219,40.923065185546875,20250225-160000
109,18446744073709551615,0,0.56494140625,700.0902099609375,1516.064208984375,156.7283935546875,272.19415283203125,20250225-160000
109,18446744073709551615,0,0.5888671875,657.6773071289062,498.69708251953125,132.60694885253906,145.13442993164062,20250225-160000
109,18446744073709551615,0,0.59619140625,639.9797973632812,1335.241455078125,264.16864013671875,328.0388488769531,20250225-160000
109,18446744073709551615,0,0.6396484375,612.9790649414062,1755.4486083984375,164.12164306640625,452.8765869140625,20250225-160000
109,18446744073709551615,0,0.640625,908.36083984375,1810.4146728515625,108.780029296875,169.68072509765625,20250225-160000
109,18446744073709551615,0,0.90478515625,437.986083984375,1.51593017578125,520.9821166992188,631.3624877929688,20250225-160000
109,18446744073709551615,0,0.9248046875,157.53318786621094,406.86474609375,1169.6630859375,909.9971923828125,20250225-160000
110,18446744073709551615,0,0.46875,684.1953735351562,1318.9705810546875,69.25827026367188,98.31234741210938,20250225-160001
110,18446744073709551615,0,0.4716796875,696.1415405273438,1511.630126953125,137.3272705078125,274.20831298828125,20250225-160001
110,18446744073709551615,0,0.474609375,627.890625,745.904052734375,116.97184753417969,40.622955322265625,20250225-160001
110,18446744073709551615,0,0.4912109375,701.4325561523438,1226.3812255859375,44.5880126953125,62.49993896484375,20250225-160001
110,18446744073709551615,0,0.5341796875,638.8074951171875,1332.89111328125,282.79998779296875,332.48052978515625,20250225-160001
110,18446744073709551615,0,0.56982421875,612.9327392578125,1761.931640625,157.623779296875,454.1470642089844,20250225-160001
110,18446744073709551615,0,0.583984375,658.062744140625,500.70465087890625,131.16123962402344,145.37704467773438,20250225-160001
110,18446744073709551615,0,0.63623046875,909.4484252929688,1810.508056640625,108.63372802734375,168.11672973632812,20250225-160001
110,18446744073709551615,0,0.9013671875,438.5321044921875,1.326507568359375,521.5675659179688,631.069580078125,20250225-160001
110,18446744073709551615,0,0.9248046875,154.13470458984375,406.71124267578125,1172.525390625,913.5298461914062,20250225-160001
111,18446744073709551615,0,0.330322265625,700.1658325195312,1521.8468017578125,145.98330688476562,270.4346923828125,20250225-160002
111,18446744073709551615,0,0.435791015625,627.546875,746.0723876953125,116.62921142578125,40.86767578125,20250225-160002
111,18446744073709551615,0,0.4697265625,701.1778564453125,1226.4527587890625,45.208740234375,62.887939453125,20250225-160002
111,18446744073709551615,0,0.4775390625,683.769287109375,1318.9012451171875,68.959716796875,100.26956176757812,20250225-160002
111,18446744073709551615,0,0.5908203125,638.285888671875,1331.40673828125,287.0775146484375,335.4348449707031,20250225-160002
111,18446744073709551615,0,0.640625,657.1539306640625,498.7061462402344,134.17428588867188,140.75885009765625,20250225-160002
111,18446744073709551615,0,0.650390625,908.7892456054688,1810.6256103515625,108.51837158203125,169.22323608398438,20250225-160002
111,18446744073709551615,0,0.67724609375,612.1744995117188,1756.816650390625,162.528076171875,454.3340148925781,20250225-160002
111,18446744073709551615,0,0.90673828125,438.160400390625,1.5138702392578125,524.4728393554688,631.4005737304688,20250225-160002
111,18446744073709551615,0,0.92626953125,149.6770477294922,405.99407958984375,1174.54150390625,917.77880859375,20250225-160002
