frame_num,object_id,class_id,confidence,top,left,width,height,timestamp
0,18446744073709551615,0,0.325927734375,678.533203125,964.314697265625,57.888702392578125,65.46249389648438,20250225-154511
0,18446744073709551615,0,0.42919921875,602.5922241210938,1469.0462646484375,226.53964233398438,243.33132934570312,20250225-154511
0,18446744073709551615,0,0.43115234375,519.7728271484375,1422.044921875,130.39251708984375,274.09368896484375,20250225-154511
0,18446744073709551615,0,0.56103515625,690.0286865234375,751.9586791992188,56.1361083984375,74.889404296875,20250225-154511
0,18446744073709551615,0,0.66015625,685.7052001953125,885.5826416015625,56.373138427734375,68.3814697265625,20250225-154511
0,18446744073709551615,0,0.68701171875,685.60693359375,1711.496826171875,108.439453125,106.1143798828125,20250225-154511
0,18446744073709551615,0,0.7578125,599.3856811523438,541.77197265625,233.33267211914062,284.43896484375,20250225-154511
0,18446744073709551615,0,0.7607421875,624.5863037109375,1234.6474609375,257.11614990234375,282.3474426269531,20250225-154511
0,18446744073709551615,0,0.77392578125,687.5489501953125,1849.662841796875,69.397705078125,109.0733642578125,20250225-154511
0,18446744073709551615,0,0.794921875,774.3426513671875,1781.956298828125,137.5455322265625,298.2769775390625,20250225-154511
0,18446744073709551615,0,0.91650390625,484.304443359375,1.0008087158203125,471.7781066894531,586.1409301757812,20250225-154511
0,18446744073709551615,0,0.9345703125,245.99789428710938,547.7189331054688,1000.6878662109375,822.5183715820312,20250225-154511
1,18446744073709551615,0,0.277587890625,678.327392578125,962.59619140625,58.540283203125,65.65676879882812,20250225-154511
1,18446744073709551615,0,0.43505859375,603.6851806640625,1465.28125,351.03973388671875,353.04656982421875,20250225-154511
1,18446744073709551615,0,0.5322265625,688.958984375,751.5487060546875,56.435302734375,75.34552001953125,20250225-154511
1,18446744073709551615,0,0.5947265625,520.8235473632812,1418.10546875,147.10638427734375,266.138671875,20250225-154511
1,18446744073709551615,0,0.67041015625,686.34814453125,885.56884765625,56.3067626953125,68.1588134765625,20250225-154511
1,18446744073709551615,0,0.6884765625,686.568603515625,1710.28857421875,106.421630859375,105.59234619140625,20250225-154511
1,18446744073709551615,0,0.74560546875,623.7960205078125,1232.432373046875,263.63250732421875,310.16400146484375,20250225-154511
1,18446744073709551615,0,0.76611328125,599.5695190429688,540.848388671875,233.01507568359375,286.15191650390625,20250225-154511
1,18446744073709551615,0,0.8017578125,688.4981689453125,1848.87548828125,70.2403564453125,106.82757568359375,20250225-154511
1,18446744073709551615,0,0.81396484375,774.3773803710938,1782.9188232421875,136.48626708984375,298.3443603515625,20250225-154511
1,18446744073709551615,0,0.90283203125,489.1439208984375,0.9399261474609375,449.793212890625,581.05322265625,20250225-154511
1,18446744073709551615,0,0.931640625,247.49807739257812,551.93994140625,994.679443359375,821.047119140625,20250225-154511
2,18446744073709551615,0,0.272705078125,676.7755737304688,960.2645263671875,58.289794921875,64.19613647460938,20250225-154511
2,18446744073709551615,0,0.315673828125,520.3837280273438,1413.7059326171875,83.0760498046875,254.58013916015625,20250225-154511
2,18446744073709551615,0,0.34521484375,490.89697265625,559.5938720703125,219.06967163085938,189.26760864257812,20250225-154511
2,18446744073709551615,0,0.3486328125,569.4144287109375,1464.59912109375,101.36663818359375,203.29916381835938,20250225-154511
2,18446744073709551615,0,0.6103515625,687.2779541015625,751.399658203125,58.235595703125,77.253662109375,20250225-154511
2,18446744073709551615,0,0.61328125,602.7607421875,1472.84912109375,342.4346923828125,357.7847900390625,20250225-154511
2,18446744073709551615,0,0.66552734375,685.892578125,883.44677734375,58.56427001953125,68.135009765625,20250225-154511
2,18446744073709551615,0,0.67041015625,685.91748046875,1710.370849609375,106.8739013671875,98.28964233398438,20250225-154511
2,18446744073709551615,0,0.75048828125,623.7540893554688,1233.28173828125,262.8661193847656,310.4718933105469,20250225-154511
2,18446744073709551615,0,0.796875,774.1644287109375,1783.857421875,135.47369384765625,299.451416015625,20250225-154511
2,18446744073709551615,0,0.796875,687.0772705078125,1847.4736328125,71.6385498046875,109.59164428710938,20250225-154511
2,18446744073709551615,0,0.80126953125,604.5340576171875,544.1651611328125,225.89511108398438,274.1957702636719,20250225-154511
2,18446744073709551615,0,0.89501953125,493.66021728515625,1.1714630126953125,430.652587890625,576.1585693359375,20250225-154511
2,18446744073709551615,0,0.93408203125,245.06689453125,550.1658325195312,996.5817260742188,823.51318359375,20250225-154511
3,18446744073709551615,0,0.373779296875,490.1115417480469,558.0135498046875,219.20526123046875,196.688232421875,20250225-154511
3,18446744073709551615,0,0.5302734375,601.692626953125,1466.330078125,225.125244140625,232.28585815429688,20250225-154511
3,18446744073709551615,0,0.59375,521.0386962890625,1409.4591064453125,154.9727783203125,265.718994140625,20250225-154511
3,18446744073709551615,0,0.5947265625,684.9537963867188,748.7877197265625,65.40522766113281,79.65811157226562,20250225-154511
3,18446744073709551615,0,0.6279296875,685.1485595703125,884.1015014648438,57.914520263671875,68.2005615234375,20250225-154511
3,18446744073709551615,0,0.65576171875,686.237060546875,1709.2811279296875,119.16119384765625,104.24212646484375,20250225-154511
3,18446744073709551615,0,0.775390625,622.5894775390625,1234.6424560546875,264.4356994628906,321.4053955078125,20250225-154511
3,18446744073709551615,0,0.78466796875,687.3744506835938,1846.456787109375,72.74835205078125,108.75558471679688,20250225-154511
3,18446744073709551615,0,0.8193359375,772.9075927734375,1782.47705078125,136.92333984375,300.74871826171875,20250225-154511
3,18446744073709551615,0,0.82275390625,605.619873046875,542.563720703125,228.7327880859375,274.4398498535156,20250225-154511
3,18446744073709551615,0,0.89501953125,500.22821044921875,1.392608642578125,459.2297058105469,569.5291748046875,20250225-154511
3,18446744073709551615,0,0.93359375,246.91896057128906,550.6832885742188,997.9041137695312,821.6239013671875,20250225-154511
4,18446744073709551615,0,0.257568359375,602.5383911132812,1496.8699951171875,183.63134765625,183.83999633789062,20250225-154511
4,18446744073709551615,0,0.444580078125,567.63818359375,1459.9976806640625,102.6697998046875,223.4443359375,20250225-154511
4,18446744073709551615,0,0.49609375,523.9183959960938,1404.8717041015625,76.7127685546875,228.28976440429688,20250225-154511
4,18446744073709551615,0,0.5224609375,604.9509887695312,1467.9935302734375,351.673828125,354.62786865234375,20250225-154511
4,18446744073709551615,0,0.54296875,688.065185546875,754.0347290039062,56.162841796875,75.58502197265625,20250225-154511
4,18446744073709551615,0,0.62158203125,686.8687133789062,1710.366943359375,110.02716064453125,101.36105346679688,20250225-154511
4,18446744073709551615,0,0.63427734375,686.6656494140625,887.5404052734375,56.917236328125,68.07559204101562,20250225-154511
4,18446744073709551615,0,0.76611328125,624.9427490234375,1235.668212890625,262.306640625,317.7799072265625,20250225-154511
4,18446744073709551615,0,0.79052734375,604.9821166992188,544.2002563476562,226.29217529296875,280.8360900878906,20250225-154511
4,18446744073709551615,0,0.81298828125,688.1087036132812,1847.450439453125,71.6634521484375,107.63461303710938,20250225-154511
4,18446744073709551615,0,0.8251953125,774.4676513671875,1782.8353271484375,136.648681640625,298.953369140625,20250225-154511
4,18446744073709551615,0,0.919921875,508.41009521484375,1.21728515625,472.7304382324219,562.1647338867188,20250225-154511
4,18446744073709551615,0,0.93359375,245.80783081054688,551.4290771484375,999.287841796875,823.5869750976562,20250225-154511
5,18446744073709551615,0,0.449462890625,523.86865234375,1403.1844482421875,159.6024169921875,266.28790283203125,20250225-154511
5,18446744073709551615,0,0.56787109375,603.6655883789062,1467.001953125,219.09658813476562,233.38275146484375,20250225-154511
5,18446744073709551615,0,0.6162109375,684.45068359375,886.5368041992188,58.542388916015625,69.75860595703125,20250225-154511
5,18446744073709551615,0,0.72119140625,685.9491577148438,1709.36279296875,115.32989501953125,103.85293579101562,20250225-154511
5,18446744073709551615,0,0.76416015625,624.1790771484375,1232.209716796875,258.4527282714844,280.85009765625,20250225-154511
5,18446744073709551615,0,0.8037109375,605.5792236328125,539.4278564453125,238.55447387695312,274.61114501953125,20250225-154511
5,18446744073709551615,0,0.80908203125,687.63427734375,1848.287841796875,70.77996826171875,110.236083984375,20250225-154511
5,18446744073709551615,0,0.822265625,774.28662109375,1782.67041015625,136.7200927734375,298.683837890625,20250225-154511
5,18446744073709551615,0,0.919921875,513.6123046875,1.3084716796875,474.2288818359375,557.6885375976562,20250225-154511
5,18446744073709551615,0,0.9365234375,251.50035095214844,547.7362060546875,1000.13818359375,817.70068359375,20250225-154511
6,18446744073709551615,0,0.2294921875,677.8148803710938,937.5250244140625,70.94659423828125,68.98104858398438,20250225-154511
6,18446744073709551615,0,0.59375,603.818115234375,1470.1480712890625,221.70401000976562,225.40328979492188,20250225-154511
6,18446744073709551615,0,0.61328125,684.0721435546875,889.1865234375,59.391632080078125,69.51004028320312,20250225-154511
6,18446744073709551615,0,0.68505859375,685.8365478515625,1709.576904296875,114.1519775390625,103.00588989257812,20250225-154511
6,18446744073709551615,0,0.76611328125,622.645751953125,1230.82666015625,260.9863586425781,299.0049133300781,20250225-154511
6,18446744073709551615,0,0.791015625,522.2958984375,1404.531494140625,156.2142333984375,269.2614440917969,20250225-154511
6,18446744073709551615,0,0.79931640625,490.96234130859375,547.7197265625,237.375732421875,301.5127258300781,20250225-154511
6,18446744073709551615,0,0.806640625,687.580078125,1852.958740234375,66.1131591796875,110.50405883789062,20250225-154511
6,18446744073709551615,0,0.83447265625,775.1636962890625,1783.5106201171875,135.97613525390625,298.084716796875,20250225-154511
6,18446744073709551615,0,0.90869140625,516.7234497070312,1.313507080078125,473.0094909667969,554.304931640625,20250225-154511
6,18446744073709551615,0,0.9365234375,251.11203002929688,549.1973876953125,998.1309814453125,818.3935546875,20250225-154511
7,18446744073709551615,0,0.26806640625,673.7874755859375,938.322509765625,70.0140380859375,71.48428344726562,20250225-154511
7,18446744073709551615,0,0.57275390625,604.3016967773438,1465.5972900390625,226.45761108398438,240.69754028320312,20250225-154511
7,18446744073709551615,0,0.64501953125,685.2908935546875,885.0115356445312,63.453826904296875,69.21047973632812,20250225-154511
7,18446744073709551615,0,0.67822265625,685.1865234375,1710.2911376953125,125.7469482421875,104.18289184570312,20250225-154511
7,18446744073709551615,0,0.7880859375,622.2784423828125,1232.53076171875,257.3375244140625,283.49322509765625,20250225-154511
7,18446744073709551615,0,0.79296875,605.781005859375,541.8558349609375,239.78530883789062,274.6733093261719,20250225-154511
7,18446744073709551615,0,0.79296875,521.9696044921875,1405.140625,157.155029296875,268.0549621582031,20250225-154511
7,18446744073709551615,0,0.8173828125,688.0021362304688,1856.0372314453125,63.17047119140625,107.9344482421875,20250225-154511
7,18446744073709551615,0,0.8486328125,774.177978515625,1783.68603515625,135.8001708984375,299.1595458984375,20250225-154511
7,18446744073709551615,0,0.9072265625,521.3659057617188,1.3192291259765625,473.5465087890625,549.3109130859375,20250225-154511
7,18446744073709551615,0,0.9404296875,252.64242553710938,547.8352661132812,998.0872192382812,816.986572265625,20250225-154511
8,18446744073709551615,0,0.57470703125,685.1130981445312,887.5116577148438,56.374420166015625,68.64193725585938,20250225-154511
8,18446744073709551615,0,0.626953125,605.741455078125,1470.561767578125,220.5743408203125,227.52484130859375,20250225-154511
8,18446744073709551615,0,0.72021484375,685.7975463867188,1709.1295166015625,128.13775634765625,104.6524658203125,20250225-154511
8,18446744073709551615,0,0.779296875,623.3102416992188,1227.871826171875,265.7511291503906,294.0462341308594,20250225-154511
8,18446744073709551615,0,0.7822265625,521.2008056640625,1407.4691162109375,153.9345703125,270.031494140625,20250225-154511
8,18446744073709551615,0,0.78857421875,604.0409545898438,541.6631469726562,250.45513916015625,273.52130126953125,20250225-154511
8,18446744073709551615,0,0.83544921875,687.9124755859375,1854.1358642578125,65.02899169921875,107.918701171875,20250225-154511
8,18446744073709551615,0,0.8447265625,775.6993408203125,1783.3798828125,136.01165771484375,297.71832275390625,20250225-154511
8,18446744073709551615,0,0.89892578125,524.6951293945312,1.329986572265625,470.3126220703125,545.5556030273438,20250225-154511
8,18446744073709551615,0,0.94091796875,250.75131225585938,547.400390625,999.0100708007812,818.7647094726562,20250225-154511
9,18446744073709551615,0,0.2186279296875,664.8426513671875,909.0626220703125,97.9273681640625,87.015380859375,20250225-154511
9,18446744073709551615,0,0.301513671875,684.916015625,891.9150390625,47.66693115234375,68.3433837890625,20250225-154511
9,18446744073709551615,0,0.46875,682.7935180664062,745.8661499023438,65.12260437011719,81.62722778320312,20250225-154511
9,18446744073709551615,0,0.6083984375,605.5587158203125,1471.65576171875,348.65478515625,356.4005126953125,20250225-154511
9,18446744073709551615,0,0.7548828125,686.64892578125,1712.7564697265625,113.53179931640625,104.18939208984375,20250225-154511
9,18446744073709551615,0,0.76708984375,623.9954223632812,1224.804931640625,265.13525390625,294.60552978515625,20250225-154511
9,18446744073709551615,0,0.81298828125,517.6898803710938,1413.6845703125,152.72332763671875,282.5643310546875,20250225-154511
9,18446744073709551615,0,0.81396484375,606.7915649414062,541.0833740234375,239.60604858398438,266.2552185058594,20250225-154511
9,18446744073709551615,0,0.8359375,775.4049072265625,1783.0968017578125,136.389404296875,297.64654541015625,20250225-154511
9,18446744073709551615,0,0.85205078125,687.8094482421875,1853.39208984375,65.82440185546875,109.346923828125,20250225-154511
9,18446744073709551615,0,0.8642578125,516.8109741210938,1.17974853515625,454.6495056152344,553.5999755859375,20250225-154511
9,18446744073709551615,0,0.93212890625,242.92474365234375,548.2714233398438,996.392578125,826.2028198242188,20250225-154511
10,18446744073709551615,0,0.291015625,686.0462036132812,892.8099975585938,45.421600341796875,66.87112426757812,20250225-154511
10,18446744073709551615,0,0.5234375,607.1010131835938,1463.99755859375,227.51531982421875,268.0030517578125,20250225-154511
10,18446744073709551615,0,0.5322265625,683.254150390625,749.5126953125,62.886566162109375,82.78509521484375,20250225-154511
10,18446744073709551615,0,0.75048828125,517.93994140625,1416.2080078125,151.31011962890625,276.13714599609375,20250225-154511
10,18446744073709551615,0,0.755859375,623.86865234375,1224.1912841796875,264.74395751953125,291.7994384765625,20250225-154511
10,18446744073709551615,0,0.75927734375,687.4739990234375,1714.0499267578125,116.98919677734375,106.78326416015625,20250225-154511
10,18446744073709551615,0,0.82080078125,605.3977661132812,540.03564453125,233.70254516601562,271.9820251464844,20250225-154511
10,18446744073709551615,0,0.8369140625,774.3878173828125,1783.2857666015625,136.10797119140625,298.6914367675781,20250225-154511
10,18446744073709551615,0,0.8447265625,688.1013793945312,1853.4298095703125,65.69366455078125,109.31378173828125,20250225-154511
10,18446744073709551615,0,0.85205078125,511.705078125,1.38720703125,426.6501159667969,558.54638671875,20250225-154511
10,18446744073709551615,0,0.93310546875,245.0390167236328,550.051025390625,994.4359130859375,824.113037109375,20250225-154511
11,18446744073709551615,0,0.23095703125,664.181884765625,900.0602416992188,104.7235107421875,88.69189453125,20250225-154511
11,18446744073709551615,0,0.385009765625,685.183837890625,893.28955078125,42.087982177734375,67.00836181640625,20250225-154511
11,18446744073709551615,0,0.4814453125,607.8147583007812,1471.0997314453125,218.1866455078125,265.0367431640625,20250225-154511
11,18446744073709551615,0,0.607421875,683.9351806640625,750.4556884765625,64.40789794921875,81.85317993164062,20250225-154511
11,18446744073709551615,0,0.76123046875,623.231201171875,1225.19287109375,264.51617431640625,303.87744140625,20250225-154511
11,18446744073709551615,0,0.779296875,516.7022094726562,1417.78857421875,151.2392578125,294.3177795410156,20250225-154511
11,18446744073709551615,0,0.79052734375,687.6053466796875,1713.7862548828125,115.98724365234375,105.93997192382812,20250225-154511
11,18446744073709551615,0,0.8232421875,687.598388671875,1853.3681640625,65.7557373046875,110.09893798828125,20250225-154511
11,18446744073709551615,0,0.830078125,605.1572265625,540.657470703125,233.23123168945312,273.7481689453125,20250225-154511
11,18446744073709551615,0,0.8310546875,775.3716430664062,1783.61767578125,135.8660888671875,297.5977478027344,20250225-154511
11,18446744073709551615,0,0.84375,505.51776123046875,1.39910888671875,424.6198425292969,564.1598510742188,20250225-154511
11,18446744073709551615,0,0.9365234375,246.9517822265625,553.910888671875,990.7225341796875,822.2880249023438,20250225-154511
12,18446744073709551615,0,0.21337890625,660.50537109375,896.2238159179688,107.33184814453125,92.42678833007812,20250225-154511
12,18446744073709551615,0,0.29248046875,683.2518310546875,892.9846801757812,41.7352294921875,69.58859252929688,20250225-154511
12,18446744073709551615,0,0.4970703125,608.0985717773438,1472.1845703125,220.26187133789062,265.0741882324219,20250225-154511
12,18446744073709551615,0,0.5888671875,682.6138916015625,749.0748291015625,62.774505615234375,81.89529418945312,20250225-154511
12,18446744073709551615,0,0.75341796875,686.3243408203125,1714.1246337890625,117.2958984375,106.62661743164062,20250225-154511
12,18446744073709551615,0,0.76611328125,622.41650390625,1226.067626953125,260.3978576660156,291.7261962890625,20250225-154511
12,18446744073709551615,0,0.79931640625,514.916015625,1417.3333740234375,153.0296630859375,290.7133483886719,20250225-154511
12,18446744073709551615,0,0.82666015625,603.7128295898438,538.99072265625,233.5191650390625,273.7068786621094,20250225-154511
12,18446744073709551615,0,0.82763671875,775.1986083984375,1783.111083984375,136.3740234375,297.41162109375,20250225-154511
12,18446744073709551615,0,0.8291015625,687.7278442382812,1854.37353515625,64.7969970703125,109.45578002929688,20250225-154511
12,18446744073709551615,0,0.83935546875,499.0169677734375,1.22735595703125,388.9134521484375,570.2808837890625,20250225-154511
12,18446744073709551615,0,0.93701171875,247.56491088867188,551.6898193359375,995.7837524414062,821.9229125976562,20250225-154511
13,18446744073709551615,0,0.202392578125,662.6768188476562,892.9947509765625,117.35302734375,93.22055053710938,20250225-154511
13,18446744073709551615,0,0.35400390625,678.6290283203125,889.8287353515625,47.57464599609375,75.3826904296875,20250225-154511
13,18446744073709551615,0,0.552734375,682.189453125,748.6790771484375,64.98211669921875,82.53854370117188,20250225-154511
13,18446744073709551615,0,0.6884765625,606.720703125,1474.9354248046875,217.248046875,222.71401977539062,20250225-154511
13,18446744073709551615,0,0.71533203125,686.8610229492188,1714.552734375,122.94012451171875,106.89816284179688,20250225-154511
13,18446744073709551615,0,0.787109375,620.846923828125,1225.587890625,268.7624816894531,305.6773681640625,20250225-154511
13,18446744073709551615,0,0.8017578125,490.33062744140625,1.41943359375,391.7912292480469,578.50830078125,20250225-154511
13,18446744073709551615,0,0.80810546875,603.7430419921875,539.9251098632812,234.13311767578125,271.6165466308594,20250225-154511
13,18446744073709551615,0,0.81103515625,774.7196044921875,1783.29052734375,136.1107177734375,297.5087585449219,20250225-154511
13,18446744073709551615,0,0.81103515625,514.247314453125,1419.872802734375,150.52789306640625,290.7426452636719,20250225-154511
13,18446744073709551615,0,0.81982421875,686.9058837890625,1852.93896484375,66.0941162109375,112.25527954101562,20250225-154511
13,18446744073709551615,0,0.9365234375,246.39376831054688,553.1777954101562,993.8448486328125,822.6822509765625,20250225-154511
14,18446744073709551615,0,0.30078125,675.6659545898438,884.0802612304688,56.98187255859375,80.09719848632812,20250225-154511
14,18446744073709551615,0,0.56689453125,682.097900390625,748.6533203125,64.91738891601562,82.58477783203125,20250225-154511
14,18446744073709551615,0,0.59814453125,606.8439331054688,1482.67041015625,210.94198608398438,202.39205932617188,20250225-154511
14,18446744073709551615,0,0.705078125,687.3028564453125,1715.0009765625,118.72393798828125,106.63348388671875,20250225-154511
14,18446744073709551615,0,0.8115234375,605.2304077148438,538.94287109375,236.921630859375,271.83929443359375,20250225-154511
14,18446744073709551615,0,0.8134765625,775.5031127929688,1783.094970703125,136.3040771484375,297.3031311035156,20250225-154511
14,18446744073709551615,0,0.814453125,514.0420532226562,1423.9251708984375,149.8663330078125,290.0666198730469,20250225-154511
14,18446744073709551615,0,0.8154296875,620.677001953125,1224.763427734375,271.37127685546875,312.7244567871094,20250225-154511
14,18446744073709551615,0,0.82421875,687.1651611328125,1854.0611572265625,65.0577392578125,110.46304321289062,20250225-154511
14,18446744073709551615,0,0.908203125,484.5334167480469,1.167205810546875,474.08697509765625,584.5962524414062,20250225-154511
14,18446744073709551615,0,0.9365234375,250.01161193847656,549.3262939453125,996.1814575195312,819.638671875,20250225-154511
15,18446744073709551615,0,0.257568359375,672.246337890625,886.4295043945312,64.76925659179688,83.814697265625,20250225-154511
15,18446744073709551615,0,0.272705078125,593.1520385742188,894.810546875,132.816650390625,163.57296752929688,20250225-154511
15,18446744073709551615,0,0.5419921875,684.0628662109375,749.74267578125,62.90936279296875,81.92779541015625,20250225-154511
15,18446744073709551615,0,0.705078125,607.861083984375,1486.712646484375,209.62152099609375,192.52212524414062,20250225-154511
15,18446744073709551615,0,0.72119140625,688.6798095703125,1714.379638671875,122.7843017578125,105.86801147460938,20250225-154511
15,18446744073709551615,0,0.79296875,514.3634033203125,1420.918701171875,157.5897216796875,294.031494140625,20250225-154511
15,18446744073709551615,0,0.8154296875,686.125732421875,1853.3909912109375,65.99285888671875,112.59136962890625,20250225-154511
15,18446744073709551615,0,0.83056640625,606.5905151367188,539.3441162109375,235.77731323242188,270.2562561035156,20250225-154511
15,18446744073709551615,0,0.8330078125,622.6367797851562,1223.431396484375,274.0810546875,317.2177734375,20250225-154511
15,18446744073709551615,0,0.83642578125,774.164794921875,1785.9854736328125,133.2568359375,296.7103271484375,20250225-154511
15,18446744073709551615,0,0.9130859375,477.73736572265625,1.15814208984375,474.5781555175781,591.80615234375,20250225-154511
15,18446744073709551615,0,0.93505859375,254.361328125,551.9437866210938,994.4987182617188,815.4012451171875,20250225-154511
16,18446744073709551615,0,0.2120361328125,587.4532470703125,894.3060302734375,129.92578125,167.3291015625,20250225-154512
16,18446744073709551615,0,0.3173828125,674.2657470703125,885.9638671875,61.06365966796875,80.79446411132812,20250225-154512
16,18446744073709551615,0,0.53515625,683.5867309570312,750.6671142578125,62.194610595703125,82.16812133789062,20250225-154512
16,18446744073709551615,0,0.5498046875,607.9077758789062,1487.6939697265625,209.04995727539062,201.02444458007812,20250225-154512
16,18446744073709551615,0,0.73876953125,688.2269897460938,1715.90234375,121.524169921875,105.81729125976562,20250225-154512
16,18446744073709551615,0,0.78271484375,513.37646484375,1422.486083984375,157.77374267578125,295.71002197265625,20250225-154512
16,18446744073709551615,0,0.81982421875,687.814453125,1853.922119140625,65.1983642578125,110.65768432617188,20250225-154512
16,18446744073709551615,0,0.8232421875,607.958740234375,539.5991821289062,236.31655883789062,270.52642822265625,20250225-154512
16,18446744073709551615,0,0.8271484375,623.600830078125,1225.2919921875,269.7409973144531,302.91943359375,20250225-154512
16,18446744073709551615,0,0.83447265625,774.1260986328125,1785.5361328125,133.89752197265625,297.4705810546875,20250225-154512
16,18446744073709551615,0,0.8720703125,471.28985595703125,1.1614837646484375,465.3809814453125,598.62255859375,20250225-154512
16,18446744073709551615,0,0.93505859375,249.10546875,550.9742431640625,994.0244750976562,820.7173461914062,20250225-154512
17,18446744073709551615,0,0.201171875,665.6678466796875,889.6258544921875,128.15093994140625,89.45169067382812,20250225-154512
17,18446744073709551615,0,0.591796875,682.5030517578125,750.2423706054688,63.78886413574219,81.7965087890625,20250225-154512
17,18446744073709551615,0,0.63623046875,607.5045776367188,1491.190185546875,206.9879150390625,189.3636474609375,20250225-154512
17,18446744073709551615,0,0.759765625,687.8915405273438,1717.576416015625,120.788818359375,106.11154174804688,20250225-154512
17,18446744073709551615,0,0.8125,513.164794921875,1422.0318603515625,160.9892578125,291.0509033203125,20250225-154512
17,18446744073709551615,0,0.8203125,622.2793579101562,1225.215576171875,271.7763977050781,309.2164306640625,20250225-154512
17,18446744073709551615,0,0.822265625,687.8926391601562,1854.4251708984375,64.69720458984375,110.3470458984375,20250225-154512
17,18446744073709551615,0,0.82666015625,461.42486572265625,1.362579345703125,465.4832763671875,608.0579833984375,20250225-154512
17,18446744073709551615,0,0.83056640625,604.1834106445312,539.8880615234375,235.07647705078125,273.4448547363281,20250225-154512
17,18446744073709551615,0,0.8388671875,773.97216796875,1785.3211669921875,134.20294189453125,297.5587463378906,20250225-154512
17,18446744073709551615,0,0.93505859375,252.65199279785156,550.8072509765625,994.9083251953125,817.1898193359375,20250225-154512
18,18446744073709551615,0,0.202392578125,672.073974609375,884.49169921875,55.1539306640625,83.67709350585938,20250225-154512
18,18446744073709551615,0,0.462890625,607.4674072265625,1493.892578125,205.66680908203125,176.83447265625,20250225-154512
18,18446744073709551615,0,0.56787109375,681.9722900390625,750.736328125,63.74665832519531,82.65536499023438,20250225-154512
18,18446744073709551615,0,0.57470703125,605.9562377929688,1491.0484619140625,340.7416076660156,356.2379150390625,20250225-154512
18,18446744073709551615,0,0.755859375,687.785888671875,1718.958251953125,122.75115966796875,106.44644165039062,20250225-154512
18,18446744073709551615,0,0.76708984375,455.11138916015625,1.2458953857421875,389.0506591796875,614.0648193359375,20250225-154512
18,18446744073709551615,0,0.8154296875,511.6936340332031,1425.3109130859375,161.2481689453125,296.6162109375,20250225-154512
18,18446744073709551615,0,0.822265625,621.8651733398438,1224.01904296875,272.74676513671875,310.9710388183594,20250225-154512
18,18446744073709551615,0,0.8251953125,774.8259887695312,1785.181640625,134.167236328125,296.3015441894531,20250225-154512
18,18446744073709551615,0,0.82666015625,687.592529296875,1854.239501953125,64.83984375,111.091552734375,20250225-154512
18,18446744073709551615,0,0.83935546875,605.13720703125,539.626708984375,233.946533203125,271.5414733886719,20250225-154512
18,18446744073709551615,0,0.9345703125,246.68966674804688,549.4837036132812,996.4595947265625,823.18505859375,20250225-154512
19,18446744073709551615,0,0.4091796875,670.5232543945312,884.66650390625,48.8408203125,85.94577026367188,20250225-154512
19,18446744073709551615,0,0.60205078125,682.32763671875,749.4886474609375,65.561279296875,81.51800537109375,20250225-154512
19,18446744073709551615,0,0.69189453125,608.5512084960938,1493.623779296875,331.57269287109375,345.7122802734375,20250225-154512
19,18446744073709551615,0,0.7255859375,688.0768432617188,1719.52392578125,123.134033203125,106.37905883789062,20250225-154512
19,18446744073709551615,0,0.81640625,511.7354736328125,1427.29052734375,160.2769775390625,292.2351379394531,20250225-154512
19,18446744073709551615,0,0.81884765625,685.9366455078125,1853.408935546875,65.9739990234375,111.4522705078125,20250225-154512
19,18446744073709551615,0,0.82080078125,606.0221557617188,540.4298095703125,234.14236450195312,271.48992919921875,20250225-154512
19,18446744073709551615,0,0.82275390625,775.781982421875,1783.52685546875,136.0506591796875,297.18878173828125,20250225-154512
19,18446744073709551615,0,0.82666015625,622.2479248046875,1224.326416015625,273.25689697265625,310.0557861328125,20250225-154512
19,18446744073709551615,0,0.87744140625,448.294189453125,1.5165939331054688,380.85028076171875,620.7735595703125,20250225-154512
19,18446744073709551615,0,0.93701171875,249.64370727539062,549.0759887695312,997.2185668945312,820.4884643554688,20250225-154512
20,18446744073709551615,0,0.33544921875,667.994873046875,874.2257080078125,57.792938232421875,90.37481689453125,20250225-154512
20,18446744073709551615,0,0.5947265625,683.7335815429688,748.5709838867188,65.29838562011719,80.77688598632812,20250225-154512
20,18446744073709551615,0,0.65576171875,608.1119384765625,1498.330810546875,208.1033935546875,167.74136352539062,20250225-154512
20,18446744073709551615,0,0.78125,689.7518920898438,1719.984375,123.19464111328125,104.23654174804688,20250225-154512
20,18446744073709551615,0,0.8056640625,775.9871826171875,1783.528564453125,135.95782470703125,296.68817138671875,20250225-154512
20,18446744073709551615,0,0.81640625,622.3778686523438,1223.813232421875,275.520263671875,311.820556640625,20250225-154512
20,18446744073709551615,0,0.8193359375,513.168701171875,1427.7498779296875,161.74658203125,295.55548095703125,20250225-154512
20,18446744073709551615,0,0.82666015625,687.0404663085938,1854.060302734375,65.01708984375,110.52493286132812,20250225-154512
20,18446744073709551615,0,0.8271484375,441.706787109375,1.2671356201171875,392.69952392578125,625.46240234375,20250225-154512
20,18446744073709551615,0,0.82861328125,606.2666015625,539.9173583984375,235.90557861328125,270.23052978515625,20250225-154512
20,18446744073709551615,0,0.93505859375,251.15464782714844,549.1256103515625,997.018798828125,818.7359619140625,20250225-154512
21,18446744073709551615,0,0.64892578125,684.9600830078125,750.369140625,63.8309326171875,80.7894287109375,20250225-154512
21,18446744073709551615,0,0.75439453125,607.5924682617188,1505.01611328125,206.95230102539062,167.34347534179688,20250225-154512
21,18446744073709551615,0,0.775390625,690.9472045898438,1721.42578125,121.87774658203125,102.5972900390625,20250225-154512
21,18446744073709551615,0,0.802734375,622.4873657226562,1223.6385498046875,275.85406494140625,313.9327697753906,20250225-154512
21,18446744073709551615,0,0.81884765625,686.291748046875,1854.189697265625,65.14910888671875,112.07675170898438,20250225-154512
21,18446744073709551615,0,0.82275390625,514.17333984375,1431.9832763671875,158.86138916015625,275.1973571777344,20250225-154512
21,18446744073709551615,0,0.82958984375,775.4354248046875,1785.4599609375,133.9683837890625,295.6849365234375,20250225-154512
21,18446744073709551615,0,0.83935546875,606.468505859375,538.78173828125,236.33175659179688,268.3685302734375,20250225-154512
21,18446744073709551615,0,0.8671875,435.90252685546875,1.4514312744140625,388.66070556640625,630.692626953125,20250225-154512
21,18446744073709551615,0,0.93798828125,245.915771484375,549.65625,996.6428833007812,823.7451782226562,20250225-154512
22,18446744073709551615,0,0.26904296875,585.62841796875,879.3089599609375,145.2257080078125,170.11111450195312,20250225-154512
22,18446744073709551615,0,0.2998046875,661.7098388671875,879.6776733398438,51.1787109375,96.03817749023438,20250225-154512
22,18446744073709551615,0,0.56396484375,609.941162109375,1502.3326416015625,322.1148376464844,328.01202392578125,20250225-154512
22,18446744073709551615,0,0.607421875,683.9800415039062,749.431640625,64.17041015625,81.24700927734375,20250225-154512
22,18446744073709551615,0,0.76123046875,690.39990234375,1722.2080078125,123.648193359375,104.00106811523438,20250225-154512
22,18446744073709551615,0,0.80322265625,514.6891479492188,1434.12451171875,159.3358154296875,290.8276062011719,20250225-154512
22,18446744073709551615,0,0.8037109375,621.9285278320312,1223.1201171875,276.0478820800781,314.92950439453125,20250225-154512
22,18446744073709551615,0,0.8115234375,687.4398193359375,1855.0125732421875,64.10943603515625,109.65609741210938,20250225-154512
22,18446744073709551615,0,0.8203125,775.0177001953125,1783.075439453125,136.3165283203125,297.8506164550781,20250225-154512
22,18446744073709551615,0,0.83203125,606.6535034179688,539.3656005859375,233.07467651367188,268.84478759765625,20250225-154512
22,18446744073709551615,0,0.88134765625,426.8348693847656,1.277435302734375,391.6820983886719,639.7122802734375,20250225-154512
22,18446744073709551615,0,0.9365234375,246.07997131347656,550.0059814453125,995.9448852539062,823.862548828125,20250225-154512
23,18446744073709551615,0,0.22265625,684.187255859375,489.99493408203125,106.45870971679688,137.88006591796875,20250225-154512
23,18446744073709551615,0,0.2337646484375,579.6849365234375,941.9511108398438,77.97390747070312,87.63189697265625,20250225-154512
23,18446744073709551615,0,0.337158203125,657.4757080078125,875.8214111328125,50.926025390625,100.595947265625,20250225-154512
23,18446744073709551615,0,0.60693359375,606.6068115234375,1506.083740234375,212.02880859375,168.38360595703125,20250225-154512
23,18446744073709551615,0,0.62451171875,683.4219360351562,751.3511352539062,64.97607421875,80.958984375,20250225-154512
23,18446744073709551615,0,0.7470703125,689.3666381835938,1722.884765625,124.09478759765625,104.19223022460938,20250225-154512
23,18446744073709551615,0,0.794921875,620.634521484375,1220.9219970703125,271.919677734375,312.0678405761719,20250225-154512
23,18446744073709551615,0,0.80126953125,687.2281494140625,1855.5419921875,63.6708984375,110.21182250976562,20250225-154512
23,18446744073709551615,0,0.8056640625,775.0770263671875,1782.725341796875,136.765869140625,297.25103759765625,20250225-154512
23,18446744073709551615,0,0.814453125,511.9976806640625,1437.184814453125,158.08795166015625,269.7133483886719,20250225-154512
23,18446744073709551615,0,0.8193359375,604.8381958007812,538.4715576171875,233.23690795898438,270.9877624511719,20250225-154512
23,18446744073709551615,0,0.8701171875,420.0025634765625,2.21246337890625,398.4832763671875,649.5540161132812,20250225-154512
23,18446744073709551615,0,0.93505859375,246.46371459960938,549.91259765625,997.7252197265625,823.40625,20250225-154512
24,18446744073709551615,0,0.2274169921875,655.4002685546875,857.6513671875,68.44894409179688,105.0780029296875,20250225-154512
24,18446744073709551615,0,0.2281494140625,685.6118774414062,482.7451171875,112.80894470214844,138.00448608398438,20250225-154512
24,18446744073709551615,0,0.56005859375,684.2221069335938,749.4276123046875,63.90325927734375,80.62307739257812,20250225-154512
24,18446744073709551615,0,0.6416015625,607.2434692382812,1513.1748046875,205.8603515625,166.8819580078125,20250225-154512
24,18446744073709551615,0,0.75634765625,690.682373046875,1727.3536376953125,119.68194580078125,103.68695068359375,20250225-154512
24,18446744073709551615,0,0.775390625,621.1334228515625,1223.5751953125,273.0365295410156,306.96881103515625,20250225-154512
24,18446744073709551615,0,0.77880859375,513.1439208984375,1439.4656982421875,158.7205810546875,277.0282287597656,20250225-154512
24,18446744073709551615,0,0.802734375,775.0933837890625,1782.8212890625,136.7633056640625,297.42059326171875,20250225-154512
24,18446744073709551615,0,0.80322265625,685.7909545898438,1855.3428955078125,63.72674560546875,111.40118408203125,20250225-154512
24,18446744073709551615,0,0.81298828125,604.6761474609375,540.5526123046875,231.68682861328125,270.3695068359375,20250225-154512
24,18446744073709551615,0,0.88427734375,412.12884521484375,2.2041778564453125,396.59234619140625,656.087646484375,20250225-154512
24,18446744073709551615,0,0.93359375,238.76458740234375,549.6777954101562,995.9930419921875,830.4776000976562,20250225-154512
25,18446744073709551615,0,0.304931640625,654.214599609375,845.7374267578125,80.092529296875,108.66458129882812,20250225-154512
25,18446744073709551615,0,0.609375,686.65478515625,751.19287109375,62.172271728515625,79.92974853515625,20250225-154512
25,18446744073709551615,0,0.68359375,608.0755004882812,1521.683837890625,199.49111938476562,166.98614501953125,20250225-154512
25,18446744073709551615,0,0.74609375,693.7022094726562,1726.4091796875,123.30010986328125,102.16397094726562,20250225-154512
25,18446744073709551615,0,0.7822265625,687.5694580078125,1855.248779296875,63.81646728515625,110.06918334960938,20250225-154512
25,18446744073709551615,0,0.80517578125,774.8267822265625,1783.9677734375,135.369873046875,298.6904296875,20250225-154512
25,18446744073709551615,0,0.814453125,607.9096069335938,541.8807373046875,233.08200073242188,267.8121643066406,20250225-154512
25,18446744073709551615,0,0.81591796875,622.2059326171875,1222.6531982421875,275.8897705078125,315.5982971191406,20250225-154512
25,18446744073709551615,0,0.8486328125,515.748779296875,1441.89794921875,159.18658447265625,267.3379211425781,20250225-154512
25,18446744073709551615,0,0.88232421875,412.24127197265625,2.00958251953125,395.5141296386719,656.4193115234375,20250225-154512
25,18446744073709551615,0,0.93408203125,241.98248291015625,550.568115234375,995.3909912109375,827.2095336914062,20250225-154512
26,18446744073709551615,0,0.26904296875,651.6135864257812,844.020263671875,83.56668090820312,110.21914672851562,20250225-154512
26,18446744073709551615,0,0.269775390625,722.861572265625,247.85513305664062,122.6348648071289,243.12423706054688,20250225-154512
26,18446744073709551615,0,0.352294921875,691.2469482421875,483.125244140625,111.11444091796875,128.27554321289062,20250225-154512
26,18446744073709551615,0,0.6416015625,685.6419067382812,750.2169189453125,63.21391296386719,80.460205078125,20250225-154512
26,18446744073709551615,0,0.68359375,609.1146240234375,1522.2156982421875,204.22640991210938,165.69415283203125,20250225-154512
26,18446744073709551615,0,0.7841796875,693.96044921875,1726.760009765625,124.409912109375,102.02581787109375,20250225-154512
26,18446744073709551615,0,0.81396484375,774.89599609375,1785.810791015625,133.61187744140625,296.18133544921875,20250225-154512
26,18446744073709551615,0,0.8193359375,621.560791015625,1221.87646484375,277.5788269042969,312.51397705078125,20250225-154512
26,18446744073709551615,0,0.81982421875,687.5181884765625,1854.85693359375,64.25958251953125,110.18215942382812,20250225-154512
26,18446744073709551615,0,0.82568359375,486.11480712890625,534.1577758789062,183.147216796875,300.9493103027344,20250225-154512
26,18446744073709551615,0,0.84521484375,515.1998291015625,1442.88134765625,163.9918212890625,275.7942810058594,20250225-154512
26,18446744073709551615,0,0.87939453125,409.07867431640625,2.00958251953125,393.7841491699219,659.6895751953125,20250225-154512
26,18446744073709551615,0,0.93603515625,241.59686279296875,550.6658935546875,995.6458740234375,827.9110107421875,20250225-154512
27,18446744073709551615,0,0.2193603515625,693.4683837890625,482.4992980957031,114.42732238769531,129.22183227539062,20250225-154512
27,18446744073709551615,0,0.26806640625,588.651123046875,888.8179321289062,130.91299438476562,170.16998291015625,20250225-154512
27,18446744073709551615,0,0.385009765625,647.3054809570312,838.7001953125,90.3218994140625,115.43637084960938,20250225-154512
27,18446744073709551615,0,0.48828125,608.712646484375,1521.089599609375,293.0281677246094,339.333251953125,20250225-154512
27,18446744073709551615,0,0.64794921875,685.6893310546875,751.6485595703125,62.913482666015625,79.54147338867188,20250225-154512
27,18446744073709551615,0,0.73095703125,691.875244140625,1727.6846923828125,122.06488037109375,102.1790771484375,20250225-154512
27,18446744073709551615,0,0.79248046875,686.6017456054688,1855.33251953125,63.73681640625,111.23336791992188,20250225-154512
27,18446744073709551615,0,0.80126953125,621.0368041992188,1220.6324462890625,274.1905517578125,299.28131103515625,20250225-154512
27,18446744073709551615,0,0.81396484375,516.3392944335938,1441.316162109375,167.79052734375,297.4049377441406,20250225-154512
27,18446744073709551615,0,0.814453125,775.13525390625,1786.442626953125,132.889892578125,296.291015625,20250225-154512
27,18446744073709551615,0,0.8173828125,606.3986206054688,541.6846923828125,232.66140747070312,265.1316833496094,20250225-154512
27,18446744073709551615,0,0.86572265625,403.705810546875,2.18096923828125,385.22845458984375,665.5087890625,20250225-154512
27,18446744073709551615,0,0.93603515625,240.22068786621094,554.304931640625,992.2659301757812,829.8643798828125,20250225-154512
28,18446744073709551615,0,0.2037353515625,693.9036254882812,480.39422607421875,117.15998840332031,127.21243286132812,20250225-154512
28,18446744073709551615,0,0.405517578125,644.1053466796875,836.1882934570312,95.28350830078125,120.24032592773438,20250225-154512
28,18446744073709551615,0,0.5263671875,685.166015625,751.0628662109375,66.43478393554688,79.8424072265625,20250225-154512
28,18446744073709551615,0,0.60302734375,609.2232666015625,1526.387451171875,296.34393310546875,339.58465576171875,20250225-154512
28,18446744073709551615,0,0.6943359375,604.1207885742188,206.48606872558594,163.82962036132812,355.67596435546875,20250225-154512
28,18446744073709551615,0,0.74169921875,691.721923828125,1729.3223876953125,123.3724365234375,102.40805053710938,20250225-154512
28,18446744073709551615,0,0.79443359375,685.2540893554688,1854.29150390625,65.0943603515625,112.50750732421875,20250225-154512
28,18446744073709551615,0,0.80126953125,605.0015258789062,542.1754760742188,231.97357177734375,262.3801574707031,20250225-154512
28,18446744073709551615,0,0.80859375,620.7171020507812,1221.36572265625,275.49078369140625,289.8893737792969,20250225-154512
28,18446744073709551615,0,0.8115234375,773.0773315429688,1783.789306640625,135.44696044921875,300.5175476074219,20250225-154512
28,18446744073709551615,0,0.8408203125,515.5376586914062,1442.422607421875,173.64276123046875,276.6367492675781,20250225-154512
28,18446744073709551615,0,0.8603515625,401.57391357421875,1.2783966064453125,381.13372802734375,669.9490356445312,20250225-154512
28,18446744073709551615,0,0.9365234375,239.88478088378906,549.8300170898438,995.8529663085938,830.232421875,20250225-154512
29,18446744073709551615,0,0.35302734375,588.5465698242188,833.5028686523438,180.27896118164062,175.03005981445312,20250225-154512
29,18446744073709551615,0,0.61669921875,685.5188598632812,751.545654296875,66.86288452148438,79.6959228515625,20250225-154512
29,18446744073709551615,0,0.67919921875,598.9661865234375,192.8298797607422,177.27993774414062,368.458740234375,20250225-154512
29,18446744073709551615,0,0.7265625,604.2123413085938,552.151611328125,220.4468994140625,264.29901123046875,20250225-154512
29,18446744073709551615,0,0.75439453125,691.657958984375,1729.516845703125,121.445068359375,101.81982421875,20250225-154512
29,18446744073709551615,0,0.77734375,685.319091796875,1854.643798828125,64.43170166015625,113.48428344726562,20250225-154512
29,18446744073709551615,0,0.79931640625,516.3385620117188,1442.5537109375,172.42144775390625,301.1201477050781,20250225-154512
29,18446744073709551615,0,0.802734375,773.3516235351562,1783.8702392578125,135.52734375,299.52447509765625,20250225-154512
29,18446744073709551615,0,0.814453125,620.4907836914062,1219.904296875,273.6347351074219,288.84063720703125,20250225-154512
29,18446744073709551615,0,0.82763671875,395.83209228515625,1.2779617309570312,374.45343017578125,675.482666015625,20250225-154512
29,18446744073709551615,0,0.833984375,608.5125732421875,1527.68896484375,298.85980224609375,347.6009216308594,20250225-154512
29,18446744073709551615,0,0.939453125,238.300048828125,550.4837036132812,993.7384643554688,831.485595703125,20250225-154512
30,18446744073709551615,0,0.42919921875,589.1407470703125,832.0823364257812,181.96142578125,176.42898559570312,20250225-154512
30,18446744073709551615,0,0.6162109375,686.0202026367188,751.3453369140625,66.12570190429688,80.66976928710938,20250225-154512
30,18446744073709551615,0,0.69775390625,590.3842163085938,169.57640075683594,201.20416259765625,364.89019775390625,20250225-154512
30,18446744073709551615,0,0.72509765625,605.0022583007812,560.1636962890625,212.60513305664062,264.08221435546875,20250225-154512
30,18446744073709551615,0,0.74609375,694.2694091796875,1731.27880859375,120.7086181640625,99.66064453125,20250225-154512
30,18446744073709551615,0,0.77685546875,685.2789916992188,1853.4188232421875,65.92437744140625,113.77120971679688,20250225-154512
30,18446744073709551615,0,0.77734375,517.256103515625,1440.99755859375,174.8492431640625,299.87274169921875,20250225-154512
30,18446744073709551615,0,0.79443359375,773.7500610351562,1784.1983642578125,135.15234375,299.6212463378906,20250225-154512
30,18446744073709551615,0,0.8017578125,398.22930908203125,1.0907135009765625,371.03375244140625,673.70068359375,20250225-154512
30,18446744073709551615,0,0.818359375,620.50830078125,1221.15966796875,271.4731750488281,290.20806884765625,20250225-154512
30,18446744073709551615,0,0.82666015625,610.1695556640625,1532.600830078125,295.89404296875,347.58251953125,20250225-154512
30,18446744073709551615,0,0.9365234375,242.39190673828125,549.4238891601562,995.5805053710938,827.5581665039062,20250225-154512
31,18446744073709551615,0,0.5947265625,686.0626220703125,750.3414916992188,68.6517333984375,81.3460693359375,20250225-154512
31,18446744073709551615,0,0.66650390625,590.5947875976562,831.052001953125,183.43112182617188,175.692626953125,20250225-154512
31,18446744073709551615,0,0.69189453125,592.6053466796875,165.3270721435547,204.8496551513672,359.28057861328125,20250225-154512
31,18446744073709551615,0,0.71533203125,694.9822998046875,1743.174072265625,109.25830078125,99.38104248046875,20250225-154512
31,18446744073709551615,0,0.77587890625,486.91845703125,539.737060546875,184.1088409423828,294.9716491699219,20250225-154512
31,18446744073709551615,0,0.78466796875,517.1927490234375,1440.916015625,173.3038330078125,281.42706298828125,20250225-154512
31,18446744073709551615,0,0.78466796875,686.41943359375,1853.512939453125,65.73193359375,111.703857421875,20250225-154512
31,18446744073709551615,0,0.806640625,612.651123046875,1539.4859619140625,290.2177734375,345.2108459472656,20250225-154512
31,18446744073709551615,0,0.81298828125,776.253662109375,1784.12841796875,135.2750244140625,296.8389587402344,20250225-154512
31,18446744073709551615,0,0.822265625,621.431640625,1216.7354736328125,272.20513916015625,280.443603515625,20250225-154512
31,18446744073709551615,0,0.85400390625,400.3271484375,0.9224166870117188,368.5111083984375,670.95556640625,20250225-154512
31,18446744073709551615,0,0.9365234375,241.93414306640625,549.071044921875,996.0076904296875,827.7017211914062,20250225-154512
32,18446744073709551615,0,0.33203125,662.6083374023438,1565.6129150390625,70.9471435546875,85.41275024414062,20250225-154512
32,18446744073709551615,0,0.65380859375,686.0604858398438,751.3593139648438,66.24687194824219,79.68392944335938,20250225-154512
32,18446744073709551615,0,0.70068359375,695.3939208984375,1757.5367431640625,95.61566162109375,98.51614379882812,20250225-154512
32,18446744073709551615,0,0.7099609375,586.89404296875,828.5125122070312,184.93670654296875,179.18325805664062,20250225-154512
32,18446744073709551615,0,0.76611328125,606.7877197265625,553.4493408203125,219.75448608398438,261.5302734375,20250225-154512
32,18446744073709551615,0,0.78662109375,517.2694091796875,1438.7742919921875,173.814697265625,289.83416748046875,20250225-154512
32,18446744073709551615,0,0.79052734375,686.0736694335938,1854.3607177734375,64.92828369140625,111.82168579101562,20250225-154512
32,18446744073709551615,0,0.81591796875,773.6987915039062,1784.4525146484375,134.88958740234375,299.738525390625,20250225-154512
32,18446744073709551615,0,0.83642578125,621.08203125,1215.1417236328125,279.38763427734375,279.5699157714844,20250225-154512
32,18446744073709551615,0,0.84228515625,612.5809936523438,1545.444580078125,281.79107666015625,341.3038330078125,20250225-154512
32,18446744073709551615,0,0.8466796875,588.7093505859375,156.2471923828125,215.45114135742188,383.7615051269531,20250225-154512
32,18446744073709551615,0,0.9345703125,245.04684448242188,549.1224975585938,996.3187866210938,824.2686767578125,20250225-154512
33,18446744073709551615,0,0.234375,662.2289428710938,1569.1142578125,73.93780517578125,85.78024291992188,20250225-154512
33,18446744073709551615,0,0.63232421875,685.9326782226562,751.1320190429688,67.86323547363281,79.8072509765625,20250225-154512
33,18446744073709551615,0,0.63525390625,584.9690551757812,831.5101318359375,180.20928955078125,178.74215698242188,20250225-154512
33,18446744073709551615,0,0.7177734375,694.2116088867188,1758.812255859375,94.1231689453125,99.54776000976562,20250225-154512
33,18446744073709551615,0,0.7578125,485.1485595703125,548.3732299804688,179.8758087158203,291.9136047363281,20250225-154512
33,18446744073709551615,0,0.7958984375,686.1436157226562,1855.001220703125,64.08380126953125,110.93106079101562,20250225-154512
33,18446744073709551615,0,0.8134765625,516.8265380859375,1441.4931640625,169.59063720703125,297.46453857421875,20250225-154512
33,18446744073709551615,0,0.81689453125,773.72607421875,1783.850830078125,135.54730224609375,299.0993957519531,20250225-154512
33,18446744073709551615,0,0.8271484375,618.577880859375,1219.88134765625,275.9336242675781,283.63916015625,20250225-154512
33,18446744073709551615,0,0.83349609375,611.7841186523438,1552.8182373046875,275.2467041015625,345.7819519042969,20250225-154512
33,18446744073709551615,0,0.86083984375,587.8558959960938,148.80233764648438,222.0076904296875,382.40625,20250225-154512
33,18446744073709551615,0,0.93310546875,251.67645263671875,547.810302734375,997.8896484375,818.2049560546875,20250225-154512
34,18446744073709551615,0,0.220703125,635.1551513671875,827.0455322265625,179.83172607421875,128.10845947265625,20250225-154512
34,18446744073709551615,0,0.285400390625,580.1526489257812,912.2030639648438,86.43804931640625,87.20114135742188,20250225-154512
34,18446744073709551615,0,0.537109375,662.2249755859375,1560.30322265625,81.85015869140625,104.26483154296875,20250225-154512
34,18446744073709551615,0,0.6435546875,694.6415405273438,1757.72509765625,96.26513671875,98.87127685546875,20250225-154512
34,18446744073709551615,0,0.66015625,685.6891479492188,751.2921142578125,70.584228515625,80.60275268554688,20250225-154512
34,18446744073709551615,0,0.7080078125,484.5234375,554.1934814453125,178.28842163085938,293.7104187011719,20250225-154512
34,18446744073709551615,0,0.77978515625,685.397216796875,1854.0179443359375,65.27252197265625,114.58941650390625,20250225-154512
34,18446744073709551615,0,0.80029296875,517.3441772460938,1442.094970703125,165.9781494140625,289.19329833984375,20250225-154512
34,18446744073709551615,0,0.80615234375,618.3138427734375,1217.054443359375,280.1369934082031,305.21429443359375,20250225-154512
34,18446744073709551615,0,0.806640625,774.6287841796875,1785.9180908203125,133.53863525390625,297.3518371582031,20250225-154512
34,18446744073709551615,0,0.8251953125,611.6319580078125,1559.2423095703125,268.0484619140625,350.3136291503906,20250225-154512
34,18446744073709551615,0,0.86279296875,588.708251953125,144.33590698242188,227.65924072265625,377.5477294921875,20250225-154512
34,18446744073709551615,0,0.93212890625,242.7278594970703,547.5176391601562,998.738525390625,827.091796875,20250225-154512
35,18446744073709551615,0,0.28857421875,695.476318359375,854.3713989257812,52.85467529296875,69.16387939453125,20250225-154512
35,18446744073709551615,0,0.3173828125,662.64892578125,1566.0068359375,80.8656005859375,102.39825439453125,20250225-154512
35,18446744073709551615,0,0.6806640625,695.4171142578125,1761.938720703125,91.1455078125,99.73333740234375,20250225-154512
35,18446744073709551615,0,0.69580078125,685.4481201171875,752.7161865234375,67.9595947265625,81.243896484375,20250225-154512
35,18446744073709551615,0,0.77734375,605.0403442382812,558.7626953125,211.98065185546875,261.3258361816406,20250225-154512
35,18446744073709551615,0,0.7890625,685.9716796875,1854.5496826171875,64.83343505859375,111.41702270507812,20250225-154512
35,18446744073709551615,0,0.80126953125,517.6630859375,1441.318115234375,166.87847900390625,281.237548828125,20250225-154512
35,18446744073709551615,0,0.82421875,619.41943359375,1214.708984375,287.48858642578125,328.9450378417969,20250225-154512
35,18446744073709551615,0,0.826171875,772.7579956054688,1786.2989501953125,132.96221923828125,299.4158935546875,20250225-154512
35,18446744073709551615,0,0.84130859375,611.4926147460938,1561.57177734375,265.69903564453125,341.8061828613281,20250225-154512
35,18446744073709551615,0,0.86865234375,589.5556640625,138.25465393066406,234.80767822265625,378.4961242675781,20250225-154512
35,18446744073709551615,0,0.93505859375,246.5841064453125,553.1039428710938,992.314453125,823.0548706054688,20250225-154512
36,18446744073709551615,0,0.4853515625,662.734375,1567.015380859375,81.06005859375,103.38006591796875,20250225-154512
36,18446744073709551615,0,0.66796875,695.1932373046875,1763.830810546875,89.81744384765625,100.99374389648438,20250225-154512
36,18446744073709551615,0,0.681640625,685.922607421875,751.6107788085938,68.255859375,81.27410888671875,20250225-154512
36,18446744073709551615,0,0.7421875,603.4714965820312,562.679443359375,208.12225341796875,263.8539733886719,20250225-154512
36,18446744073709551615,0,0.78662109375,686.1611938476562,1854.17529296875,65.161376953125,111.54254150390625,20250225-154512
36,18446744073709551615,0,0.81298828125,518.2948608398438,1441.555908203125,163.51043701171875,279.59197998046875,20250225-154512
36,18446744073709551615,0,0.82275390625,619.994140625,1218.418701171875,283.1417541503906,328.64794921875,20250225-154512
36,18446744073709551615,0,0.83349609375,771.871826171875,1785.802734375,133.63330078125,300.14794921875,20250225-154512
36,18446744073709551615,0,0.83349609375,613.1851806640625,1572.8642578125,256.75140380859375,333.94683837890625,20250225-154512
36,18446744073709551615,0,0.87646484375,590.7749633789062,134.9192352294922,238.1085205078125,375.9392395019531,20250225-154512
36,18446744073709551615,0,0.9365234375,252.43331909179688,548.4744873046875,996.9766845703125,817.5281982421875,20250225-154512
37,18446744073709551615,0,0.26513671875,637.4971923828125,825.4722290039062,172.76174926757812,130.67120361328125,20250225-154512
37,18446744073709551615,0,0.384033203125,662.3047485351562,1569.572021484375,78.29095458984375,104.84719848632812,20250225-154512
37,18446744073709551615,0,0.60498046875,695.24462890625,1765.792236328125,87.19647216796875,100.5355224609375,20250225-154512
37,18446744073709551615,0,0.68994140625,685.9652709960938,752.380859375,68.282958984375,82.16015625,20250225-154512
37,18446744073709551615,0,0.7822265625,604.0599975585938,553.909423828125,216.50482177734375,260.5998229980469,20250225-154512
37,18446744073709551615,0,0.7861328125,687.25048828125,1855.1942138671875,63.8865966796875,109.587158203125,20250225-154512
37,18446744073709551615,0,0.810546875,620.17431640625,1215.798583984375,285.4882507324219,310.763671875,20250225-154512
37,18446744073709551615,0,0.8203125,518.4570922851562,1440.70361328125,163.94366455078125,270.0506286621094,20250225-154512
37,18446744073709551615,0,0.8349609375,772.2520751953125,1785.48779296875,133.85430908203125,299.9973449707031,20250225-154512
37,18446744073709551615,0,0.85009765625,613.2141723632812,1569.410400390625,260.0130615234375,331.9254455566406,20250225-154512
37,18446744073709551615,0,0.8759765625,590.0308227539062,132.52618408203125,240.15289306640625,377.217041015625,20250225-154512
37,18446744073709551615,0,0.93505859375,245.32374572753906,547.3038940429688,999.0558471679688,824.530517578125,20250225-154512
38,18446744073709551615,0,0.3173828125,639.9017944335938,825.683837890625,105.240966796875,123.89108276367188,20250225-154512
38,18446744073709551615,0,0.352294921875,661.1328735351562,1572.2896728515625,78.9107666015625,105.82809448242188,20250225-154512
38,18446744073709551615,0,0.6953125,685.7801513671875,751.55126953125,68.9820556640625,80.60458374023438,20250225-154512
38,18446744073709551615,0,0.7373046875,694.9700317382812,1766.103515625,86.45855712890625,99.85940551757812,20250225-154512
38,18446744073709551615,0,0.79443359375,686.3325805664062,1854.0670166015625,65.31829833984375,110.028076171875,20250225-154512
38,18446744073709551615,0,0.79638671875,604.8722534179688,547.007080078125,223.88671875,260.5644836425781,20250225-154512
38,18446744073709551615,0,0.8037109375,517.527587890625,1439.5704345703125,164.1192626953125,277.19970703125,20250225-154512
38,18446744073709551615,0,0.8203125,619.3148803710938,1220.14697265625,277.9607849121094,292.8538513183594,20250225-154512
38,18446744073709551615,0,0.84033203125,771.9549560546875,1785.878173828125,133.47125244140625,300.2244873046875,20250225-154512
38,18446744073709551615,0,0.86279296875,612.9342041015625,1568.602294921875,263.31719970703125,330.782958984375,20250225-154512
38,18446744073709551615,0,0.8740234375,590.417724609375,132.16522216796875,240.99769592285156,376.212890625,20250225-154512
38,18446744073709551615,0,0.93408203125,246.25424194335938,546.1681518554688,1000.5787353515625,823.7252197265625,20250225-154512
39,18446744073709551615,0,0.286865234375,660.1754150390625,1579.1480712890625,72.78570556640625,102.24142456054688,20250225-154512
39,18446744073709551615,0,0.462890625,637.531494140625,824.8289794921875,102.62887573242188,123.96890258789062,20250225-154512
39,18446744073709551615,0,0.67578125,685.5987548828125,752.9329833984375,67.49725341796875,80.4056396484375,20250225-154512
39,18446744073709551615,0,0.70068359375,695.450439453125,1766.4931640625,85.69061279296875,99.96533203125,20250225-154512
39,18446744073709551615,0,0.79638671875,686.7659912109375,1855.2257080078125,63.86260986328125,111.05557250976562,20250225-154512
39,18446744073709551615,0,0.79833984375,604.2863159179688,546.4384765625,223.84213256835938,261.4383544921875,20250225-154512
39,18446744073709551615,0,0.798828125,517.6512451171875,1435.94091796875,165.53173828125,288.7034912109375,20250225-154512
39,18446744073709551615,0,0.83203125,619.0418701171875,1219.620849609375,278.21282958984375,292.59869384765625,20250225-154512
39,18446744073709551615,0,0.8349609375,771.7763671875,1785.724609375,133.716796875,300.5926208496094,20250225-154512
39,18446744073709551615,0,0.865234375,612.4451293945312,1573.39697265625,257.631591796875,328.16583251953125,20250225-154512
39,18446744073709551615,0,0.8671875,590.2261962890625,130.48577880859375,242.634521484375,376.1194152832031,20250225-154512
39,18446744073709551615,0,0.93505859375,243.50546264648438,545.9439697265625,1000.1224365234375,826.215087890625,20250225-154512
40,18446744073709551615,0,0.296630859375,638.9293212890625,825.1375122070312,109.24356079101562,124.52142333984375,20250225-154512
40,18446744073709551615,0,0.3720703125,660.7392578125,1578.815673828125,71.8450927734375,101.4664306640625,20250225-154512
40,18446744073709551615,0,0.6689453125,685.8762817382812,752.7781982421875,66.06362915039062,80.02651977539062,20250225-154512
40,18446744073709551615,0,0.6953125,695.1529541015625,1765.902587890625,86.080078125,100.22378540039062,20250225-154512
40,18446744073709551615,0,0.7939453125,686.5369873046875,1854.250732421875,64.881591796875,111.2969970703125,20250225-154512
40,18446744073709551615,0,0.80419921875,604.67431640625,548.8348388671875,219.25369262695312,259.1897277832031,20250225-154512
40,18446744073709551615,0,0.8115234375,517.7993774414062,1434.6884765625,164.53564453125,281.9453430175781,20250225-154512
40,18446744073709551615,0,0.8291015625,619.291259765625,1217.9114990234375,280.554931640625,296.38128662109375,20250225-154512
40,18446744073709551615,0,0.8310546875,772.20703125,1785.8741455078125,133.48260498046875,300.2625732421875,20250225-154512
40,18446744073709551615,0,0.86474609375,590.6019287109375,132.44808959960938,241.01229858398438,376.3832702636719,20250225-154512
40,18446744073709551615,0,0.87646484375,612.322265625,1570.99462890625,262.12353515625,326.7301940917969,20250225-154512
40,18446744073709551615,0,0.9326171875,242.41397094726562,547.1427612304688,998.9262084960938,827.0751342773438,20250225-154512
41,18446744073709551615,0,0.3056640625,660.564208984375,1577.57763671875,72.010986328125,102.59454345703125,20250225-154512
41,18446744073709551615,0,0.442626953125,638.0107421875,823.8784790039062,103.83004760742188,125.5653076171875,20250225-154512
41,18446744073709551615,0,0.65771484375,684.5916137695312,754.8260498046875,65.82279968261719,81.96286010742188,20250225-154512
41,18446744073709551615,0,0.6884765625,695.8225708007812,1765.025634765625,87.5218505859375,99.84072875976562,20250225-154512
41,18446744073709551615,0,0.796875,687.030517578125,1855.0009765625,64.1297607421875,110.6414794921875,20250225-154512
41,18446744073709551615,0,0.80029296875,605.06689453125,548.4036254882812,220.84735107421875,258.4552917480469,20250225-154512
41,18446744073709551615,0,0.80810546875,517.6232299804688,1430.501220703125,165.97430419921875,293.11102294921875,20250225-154512
41,18446744073709551615,0,0.8291015625,619.3167114257812,1215.8984375,285.6997375488281,297.2963562011719,20250225-154512
41,18446744073709551615,0,0.83935546875,772.1661376953125,1785.521240234375,133.922607421875,300.558837890625,20250225-154512
41,18446744073709551615,0,0.8681640625,589.1651000976562,133.30343627929688,240.51365661621094,380.4630432128906,20250225-154512
41,18446744073709551615,0,0.88720703125,610.7237548828125,1572.790283203125,260.269775390625,326.49041748046875,20250225-154512
41,18446744073709551615,0,0.9365234375,242.1647186279297,550.8244018554688,994.477294921875,827.30859375,20250225-154512
42,18446744073709551615,0,0.2005615234375,832.4219970703125,127.85321044921875,229.3630828857422,246.07269287109375,20250225-154512
42,18446744073709551615,0,0.29833984375,661.6338500976562,1578.0869140625,68.6890869140625,102.62347412109375,20250225-154512
42,18446744073709551615,0,0.38671875,505.2476806640625,835.4690551757812,157.82025146484375,254.31106567382812,20250225-154512
42,18446744073709551615,0,0.5830078125,681.626953125,757.6053466796875,62.25617980957031,84.07717895507812,20250225-154512
42,18446744073709551615,0,0.63330078125,695.2799072265625,1762.693115234375,89.96484375,98.93939208984375,20250225-154512
42,18446744073709551615,0,0.7919921875,686.4556274414062,1854.45068359375,64.5875244140625,111.48037719726562,20250225-154512
42,18446744073709551615,0,0.81982421875,517.70361328125,1427.2598876953125,165.79888916015625,285.8335876464844,20250225-154512
42,18446744073709551615,0,0.82275390625,605.555419921875,546.0551147460938,225.80841064453125,257.1272277832031,20250225-154512
42,18446744073709551615,0,0.826171875,773.5347290039062,1785.5343017578125,134.00848388671875,298.74810791015625,20250225-154512
42,18446744073709551615,0,0.830078125,619.3311767578125,1218.2017822265625,283.6575622558594,295.31524658203125,20250225-154512
42,18446744073709551615,0,0.86083984375,591.06591796875,132.5185546875,240.59742736816406,376.3221130371094,20250225-154512
42,18446744073709551615,0,0.8798828125,610.258544921875,1571.0584716796875,263.880615234375,328.4073486328125,20250225-154512
42,18446744073709551615,0,0.935546875,241.99685668945312,549.9922485351562,995.6220703125,827.5973510742188,20250225-154512
43,18446744073709551615,0,0.333740234375,661.61279296875,1578.0673828125,67.54888916015625,103.1473388671875,20250225-154512
43,18446744073709551615,0,0.451416015625,680.6508178710938,757.2028198242188,63.39276123046875,85.4608154296875,20250225-154512
43,18446744073709551615,0,0.6162109375,498.6558837890625,831.7523803710938,161.11843872070312,261.6104736328125,20250225-154512
43,18446744073709551615,0,0.66650390625,695.2342529296875,1764.31884765625,88.6673583984375,101.15744018554688,20250225-154512
43,18446744073709551615,0,0.80322265625,686.719970703125,1854.821533203125,64.3084716796875,110.619873046875,20250225-154512
43,18446744073709551615,0,0.80908203125,604.3493041992188,541.3126220703125,232.95748901367188,260.24267578125,20250225-154512
43,18446744073709551615,0,0.82080078125,619.4644775390625,1218.27001953125,282.6400451660156,303.87139892578125,20250225-154512
43,18446744073709551615,0,0.82666015625,773.0745849609375,1785.865234375,133.5875244140625,299.2854309082031,20250225-154512
43,18446744073709551615,0,0.82958984375,517.0178833007812,1424.8370361328125,163.9442138671875,290.4012451171875,20250225-154512
43,18446744073709551615,0,0.85498046875,591.1397094726562,130.84010314941406,242.98672485351562,378.50848388671875,20250225-154512
43,18446744073709551615,0,0.86376953125,608.9031982421875,1570.95263671875,265.2978515625,330.01849365234375,20250225-154512
43,18446744073709551615,0,0.93505859375,244.5582275390625,547.1552124023438,998.7196655273438,825.0375366210938,20250225-154512
44,18446744073709551615,0,0.322509765625,662.0330200195312,1576.28173828125,65.8194580078125,102.66439819335938,20250225-154512
44,18446744073709551615,0,0.490234375,685.3599243164062,759.0994873046875,59.97688293457031,81.36666870117188,20250225-154512
44,18446744073709551615,0,0.61767578125,499.0267639160156,831.1832885742188,163.42684936523438,263.1265869140625,20250225-154512
44,18446744073709551615,0,0.66015625,695.5402221679688,1763.6063232421875,89.0914306640625,101.05682373046875,20250225-154512
44,18446744073709551615,0,0.75341796875,604.5318603515625,541.9645385742188,231.5269775390625,258.3565979003906,20250225-154512
44,18446744073709551615,0,0.79443359375,686.9368896484375,1854.603515625,64.43206787109375,110.19927978515625,20250225-154512
44,18446744073709551615,0,0.82861328125,774.5828247070312,1786.490966796875,132.8580322265625,298.0390319824219,20250225-154512
44,18446744073709551615,0,0.82861328125,517.0244750976562,1422.588623046875,163.27679443359375,293.1724548339844,20250225-154512
44,18446744073709551615,0,0.83154296875,620.3023681640625,1216.7236328125,283.63275146484375,317.7702941894531,20250225-154512
44,18446744073709551615,0,0.85400390625,591.6198120117188,130.47251892089844,242.63186645507812,379.9291076660156,20250225-154512
44,18446744073709551615,0,0.86572265625,607.5712280273438,1569.2918701171875,267.8609619140625,332.7256164550781,20250225-154512
44,18446744073709551615,0,0.93359375,244.60052490234375,544.4930419921875,1001.3836669921875,824.9631958007812,20250225-154512
45,18446744073709551615,0,0.43017578125,684.2772216796875,759.415771484375,61.232940673828125,82.83087158203125,20250225-154512
45,18446744073709551615,0,0.442626953125,661.2020874023438,1575.310302734375,62.7996826171875,104.19232177734375,20250225-154512
45,18446744073709551615,0,0.68017578125,495.6470947265625,827.6456909179688,166.30984497070312,265.9336853027344,20250225-154512
45,18446744073709551615,0,0.6826171875,695.56005859375,1760.9139404296875,91.2315673828125,98.53546142578125,20250225-154512
45,18446744073709551615,0,0.75830078125,607.235107421875,541.19775390625,232.19375610351562,256.0733642578125,20250225-154512
45,18446744073709551615,0,0.8037109375,687.8836669921875,1854.9869384765625,64.03125,109.4996337890625,20250225-154512
45,18446744073709551615,0,0.83056640625,516.1575927734375,1417.882568359375,163.47381591796875,291.1395263671875,20250225-154512
45,18446744073709551615,0,0.8369140625,773.9525146484375,1786.40234375,133.14697265625,298.38409423828125,20250225-154512
45,18446744073709551615,0,0.8388671875,620.1732788085938,1216.9013671875,285.4062194824219,308.6996154785156,20250225-154512
45,18446744073709551615,0,0.84423828125,608.055419921875,1569.8902587890625,268.9566650390625,333.30670166015625,20250225-154512
45,18446744073709551615,0,0.8583984375,590.7830200195312,130.05972290039062,243.16964721679688,379.1824951171875,20250225-154512
45,18446744073709551615,0,0.93701171875,244.5806121826172,545.310791015625,1000.3566284179688,824.9908447265625,20250225-154512
46,18446744073709551615,0,0.337158203125,661.7506713867188,1571.2020263671875,65.59442138671875,102.71859741210938,20250225-154513
46,18446744073709551615,0,0.5205078125,686.0154418945312,758.28369140625,62.6678466796875,79.71231079101562,20250225-154513
46,18446744073709551615,0,0.64892578125,490.55950927734375,829.5029296875,164.89361572265625,268.9917297363281,20250225-154513
46,18446744073709551615,0,0.67822265625,694.7237548828125,1761.3826904296875,88.92974853515625,99.9144287109375,20250225-154513
46,18446744073709551615,0,0.7490234375,602.8602905273438,542.201904296875,229.57791137695312,258.5510559082031,20250225-154513
46,18446744073709551615,0,0.81298828125,687.9380493164062,1855.254638671875,63.81463623046875,110.10653686523438,20250225-154513
46,18446744073709551615,0,0.81591796875,773.0712890625,1784.4935302734375,134.9351806640625,300.2075500488281,20250225-154513
46,18446744073709551615,0,0.82275390625,619.288330078125,1218.417724609375,283.8783874511719,317.3689270019531,20250225-154513
46,18446744073709551615,0,0.833984375,514.4576416015625,1414.003662109375,164.94305419921875,283.6973876953125,20250225-154513
46,18446744073709551615,0,0.8564453125,606.2422485351562,1569.15673828125,270.39825439453125,336.08258056640625,20250225-154513
46,18446744073709551615,0,0.8720703125,419.11761474609375,0.9137649536132812,343.8765563964844,651.6826171875,20250225-154513
46,18446744073709551615,0,0.9365234375,242.92185974121094,543.5615234375,1002.507568359375,826.5076904296875,20250225-154513
47,18446744073709551615,0,0.21533203125,481.982666015625,608.1597290039062,162.0860595703125,207.57247924804688,20250225-154513
47,18446744073709551615,0,0.28369140625,659.53125,1572.25341796875,64.51739501953125,103.84469604492188,20250225-154513
47,18446744073709551615,0,0.417724609375,684.9920654296875,758.963623046875,61.694915771484375,80.09014892578125,20250225-154513
47,18446744073709551615,0,0.72412109375,693.8552856445312,1762.853759765625,85.9420166015625,101.30465698242188,20250225-154513
47,18446744073709551615,0,0.7333984375,486.9268798828125,825.2784423828125,167.227294921875,258.7185974121094,20250225-154513
47,18446744073709551615,0,0.744140625,603.667236328125,540.9420776367188,234.01336669921875,259.3585510253906,20250225-154513
47,18446744073709551615,0,0.7958984375,686.84326171875,1852.725830078125,66.260009765625,114.69122314453125,20250225-154513
47,18446744073709551615,0,0.81005859375,618.7325439453125,1219.015625,284.2012939453125,330.91644287109375,20250225-154513
47,18446744073709551615,0,0.81396484375,771.4744262695312,1785.498779296875,133.7735595703125,301.0273132324219,20250225-154513
47,18446744073709551615,0,0.82177734375,512.9293212890625,1409.70458984375,169.60272216796875,279.2705383300781,20250225-154513
47,18446744073709551615,0,0.82666015625,605.1293334960938,1568.4920654296875,272.18316650390625,345.3065185546875,20250225-154513
47,18446744073709551615,0,0.8779296875,588.573486328125,123.93438720703125,250.1652374267578,383.69146728515625,20250225-154513
47,18446744073709551615,0,0.9365234375,241.135986328125,544.6143188476562,1001.5155029296875,828.317138671875,20250225-154513
48,18446744073709551615,0,0.313232421875,660.660400390625,1572.0875244140625,63.16021728515625,102.40228271484375,20250225-154513
48,18446744073709551615,0,0.74072265625,694.3005981445312,1761.1116943359375,90.24078369140625,98.8363037109375,20250225-154513
48,18446744073709551615,0,0.77978515625,603.9684448242188,538.1151123046875,234.73580932617188,259.6669921875,20250225-154513
48,18446744073709551615,0,0.78515625,484.648681640625,821.695068359375,168.676025390625,235.65499877929688,20250225-154513
48,18446744073709551615,0,0.8076171875,619.5745239257812,1217.875,283.5839538574219,300.3827819824219,20250225-154513
48,18446744073709551615,0,0.8154296875,687.503173828125,1855.2769775390625,63.79669189453125,111.11068725585938,20250225-154513
48,18446744073709551615,0,0.8271484375,512.5704345703125,1404.4951171875,179.8253173828125,277.72027587890625,20250225-154513
48,18446744073709551615,0,0.82763671875,773.6129150390625,1784.2745361328125,135.0311279296875,299.5997314453125,20250225-154513
48,18446744073709551615,0,0.83544921875,605.37939453125,1567.4454345703125,273.71429443359375,349.12078857421875,20250225-154513
48,18446744073709551615,0,0.87841796875,589.0487060546875,125.15223693847656,249.31466674804688,386.31536865234375,20250225-154513
48,18446744073709551615,0,0.9375,244.37100219726562,549.7937622070312,995.8978271484375,825.0928344726562,20250225-154513
49,18446744073709551615,0,0.282958984375,659.4013671875,1573.3487548828125,66.39385986328125,101.5616455078125,20250225-154513
49,18446744073709551615,0,0.34423828125,685.9573974609375,758.50390625,60.345062255859375,81.64077758789062,20250225-154513
49,18446744073709551615,0,0.7177734375,485.2905578613281,818.0143432617188,171.42919921875,242.6689453125,20250225-154513
49,18446744073709551615,0,0.72314453125,695.6738891601562,1759.402099609375,92.375244140625,97.29080200195312,20250225-154513
49,18446744073709551615,0,0.783203125,606.1115112304688,540.4103393554688,233.91632080078125,259.6153564453125,20250225-154513
49,18446744073709551615,0,0.810546875,687.6949462890625,1855.735595703125,63.2852783203125,110.252197265625,20250225-154513
49,18446744073709551615,0,0.8173828125,620.1882934570312,1219.750244140625,280.1087951660156,305.2315979003906,20250225-154513
49,18446744073709551615,0,0.8271484375,774.6992797851562,1784.2012939453125,135.29498291015625,298.8060607910156,20250225-154513
49,18446744073709551615,0,0.82861328125,604.5408325195312,1566.0216064453125,275.35638427734375,353.083740234375,20250225-154513
49,18446744073709551615,0,0.84814453125,513.9305419921875,1397.5,192.13128662109375,274.97406005859375,20250225-154513
49,18446744073709551615,0,0.87548828125,589.8997192382812,129.31744384765625,245.4180908203125,384.8335876464844,20250225-154513
49,18446744073709551615,0,0.93603515625,245.85008239746094,551.2041625976562,993.6009521484375,823.9207763671875,20250225-154513
50,18446744073709551615,0,0.341552734375,660.5242919921875,1571.32763671875,65.60943603515625,101.28314208984375,20250225-154513
50,18446744073709551615,0,0.57666015625,484.0685119628906,816.7115478515625,170.89883422851562,234.5841064453125,20250225-154513
50,18446744073709551615,0,0.70263671875,605.89501953125,538.0950927734375,237.1109619140625,260.72021484375,20250225-154513
50,18446744073709551615,0,0.7041015625,695.2669677734375,1759.9317626953125,91.89093017578125,97.85247802734375,20250225-154513
50,18446744073709551615,0,0.8173828125,687.4187622070312,1854.8397216796875,64.13287353515625,110.82614135742188,20250225-154513
50,18446744073709551615,0,0.833984375,604.066162109375,1566.7760009765625,274.79718017578125,352.489013671875,20250225-154513
50,18446744073709551615,0,0.8369140625,774.7333374023438,1784.3748779296875,134.93499755859375,298.3100280761719,20250225-154513
50,18446744073709551615,0,0.8408203125,619.85791015625,1217.8956298828125,285.51727294921875,310.47125244140625,20250225-154513
50,18446744073709551615,0,0.86376953125,514.5833129882812,1391.6612548828125,189.1475830078125,272.3731384277344,20250225-154513
50,18446744073709551615,0,0.87841796875,434.29486083984375,0.9310226440429688,331.8160095214844,638.2579345703125,20250225-154513
50,18446744073709551615,0,0.9384765625,241.83705139160156,548.3549194335938,996.954345703125,828.170654296875,20250225-154513
51,18446744073709551615,0,0.448486328125,663.0964965820312,1565.5653076171875,77.25128173828125,103.97589111328125,20250225-154513
51,18446744073709551615,0,0.744140625,692.6119995117188,1757.209716796875,95.12969970703125,100.50851440429688,20250225-154513
51,18446744073709551615,0,0.7626953125,605.4717407226562,540.0031127929688,233.7103271484375,260.6186828613281,20250225-154513
51,18446744073709551615,0,0.76416015625,602.3479614257812,1561.130859375,281.87841796875,356.4886779785156,20250225-154513
51,18446744073709551615,0,0.783203125,480.744873046875,812.3836669921875,178.69976806640625,279.6177062988281,20250225-154513
51,18446744073709551615,0,0.81982421875,774.7298583984375,1783.7801513671875,135.72052001953125,298.0469055175781,20250225-154513
51,18446744073709551615,0,0.82421875,686.8005981445312,1855.21728515625,63.85272216796875,111.41903686523438,20250225-154513
51,18446744073709551615,0,0.833984375,619.2359619140625,1216.648681640625,287.1590881347656,304.8099060058594,20250225-154513
51,18446744073709551615,0,0.83642578125,513.7994384765625,1388.4488525390625,185.033935546875,272.3041076660156,20250225-154513
51,18446744073709551615,0,0.8857421875,436.20904541015625,1.2705459594726562,332.16424560546875,635.2264404296875,20250225-154513
51,18446744073709551615,0,0.939453125,240.35879516601562,551.4120483398438,994.1559448242188,829.5347900390625,20250225-154513
52,18446744073709551615,0,0.32763671875,660.5419921875,1565.2093505859375,73.877197265625,104.76187133789062,20250225-154513
52,18446744073709551615,0,0.7490234375,691.9326171875,1758.41796875,91.880126953125,101.57940673828125,20250225-154513
52,18446744073709551615,0,0.755859375,601.0821533203125,1562.573486328125,278.54443359375,363.43487548828125,20250225-154513
52,18446744073709551615,0,0.76220703125,479.58343505859375,808.876708984375,180.67071533203125,267.1441955566406,20250225-154513
52,18446744073709551615,0,0.775390625,603.3777465820312,541.878173828125,229.68429565429688,257.6276550292969,20250225-154513
52,18446744073709551615,0,0.8115234375,773.8782958984375,1785.85400390625,133.60198974609375,298.22698974609375,20250225-154513
52,18446744073709551615,0,0.81396484375,686.3880615234375,1854.6177978515625,64.35552978515625,112.65060424804688,20250225-154513
52,18446744073709551615,0,0.82421875,512.6004638671875,1383.638671875,182.97198486328125,290.8907775878906,20250225-154513
52,18446744073709551615,0,0.83056640625,618.3739013671875,1217.580322265625,283.4358215332031,313.07684326171875,20250225-154513
52,18446744073709551615,0,0.88525390625,434.45782470703125,1.2733154296875,330.61334228515625,636.1876831054688,20250225-154513
52,18446744073709551615,0,0.93994140625,238.62442016601562,549.784423828125,996.53759765625,831.3006591796875,20250225-154513
53,18446744073709551615,0,0.30078125,661.2178344726562,1567.1484375,78.31988525390625,101.22894287109375,20250225-154513
53,18446744073709551615,0,0.73486328125,479.03411865234375,805.6988525390625,183.50802612304688,252.71749877929688,20250225-154513
53,18446744073709551615,0,0.7470703125,692.4080200195312,1758.921630859375,92.4356689453125,101.4990234375,20250225-154513
53,18446744073709551615,0,0.76220703125,601.4630126953125,1558.18505859375,284.99267578125,354.61578369140625,20250225-154513
53,18446744073709551615,0,0.80126953125,602.1943359375,537.5770263671875,236.81863403320312,260.9799499511719,20250225-154513
53,18446744073709551615,0,0.81982421875,686.37939453125,1854.8525390625,64.175537109375,112.47637939453125,20250225-154513
53,18446744073709551615,0,0.8232421875,511.73126220703125,1376.539306640625,188.56585693359375,282.0899963378906,20250225-154513
53,18446744073709551615,0,0.830078125,774.2400512695312,1783.6717529296875,135.8206787109375,298.6266174316406,20250225-154513
53,18446744073709551615,0,0.83154296875,618.8604125976562,1217.0771484375,283.918212890625,309.5860290527344,20250225-154513
53,18446744073709551615,0,0.88818359375,433.5041198730469,1.0846023559570312,325.5462646484375,637.011474609375,20250225-154513
53,18446744073709551615,0,0.939453125,241.10723876953125,550.0596313476562,996.1675415039062,828.4381713867188,20250225-154513
54,18446744073709551615,0,0.306640625,661.24169921875,1564.5380859375,83.51348876953125,107.110107421875,20250225-154513
54,18446744073709551615,0,0.732421875,480.0799255371094,802.9163818359375,185.49481201171875,251.675537109375,20250225-154513
54,18446744073709551615,0,0.74462890625,692.75390625,1757.8787841796875,95.32928466796875,101.3931884765625,20250225-154513
54,18446744073709551615,0,0.80322265625,687.6119384765625,1855.486083984375,63.53814697265625,111.56991577148438,20250225-154513
54,18446744073709551615,0,0.81396484375,514.4218139648438,1371.8895263671875,184.43865966796875,273.80987548828125,20250225-154513
54,18446744073709551615,0,0.8154296875,603.9398803710938,537.5074462890625,238.81695556640625,261.9385070800781,20250225-154513
54,18446744073709551615,0,0.81884765625,775.2412719726562,1784.4678955078125,134.93756103515625,297.536865234375,20250225-154513
54,18446744073709551615,0,0.81884765625,603.7598876953125,1559.946533203125,283.081787109375,347.97637939453125,20250225-154513
54,18446744073709551615,0,0.8310546875,620.14599609375,1216.2410888671875,284.70245361328125,315.4450378417969,20250225-154513
54,18446744073709551615,0,0.88427734375,435.14703369140625,1.0913314819335938,323.0452575683594,635.564453125,20250225-154513
54,18446744073709551615,0,0.93701171875,243.10968017578125,551.4058837890625,994.8944091796875,826.5889892578125,20250225-154513
55,18446744073709551615,0,0.30322265625,660.8754272460938,1562.91357421875,83.53253173828125,106.6417236328125,20250225-154513
55,18446744073709551615,0,0.75830078125,692.7786865234375,1758.316650390625,95.2965087890625,101.44207763671875,20250225-154513
55,18446744073709551615,0,0.7744140625,481.3699951171875,800.9256591796875,189.61807250976562,270.3321533203125,20250225-154513
55,18446744073709551615,0,0.7822265625,603.5194702148438,1558.5867919921875,284.99542236328125,347.8803405761719,20250225-154513
55,18446744073709551615,0,0.78515625,687.0250854492188,1855.3583984375,63.721435546875,111.84915161132812,20250225-154513
55,18446744073709551615,0,0.81884765625,775.385009765625,1784.02587890625,135.47021484375,297.83660888671875,20250225-154513
55,18446744073709551615,0,0.830078125,620.5955200195312,1219.4228515625,282.8832092285156,317.7192077636719,20250225-154513
55,18446744073709551615,0,0.83447265625,604.1971435546875,537.1854248046875,237.02517700195312,262.0547790527344,20250225-154513
55,18446744073709551615,0,0.83544921875,514.6701049804688,1366.7001953125,190.64520263671875,271.4483642578125,20250225-154513
55,18446744073709551615,0,0.89306640625,434.80133056640625,1.2801589965820312,323.913818359375,636.0953979492188,20250225-154513
55,18446744073709551615,0,0.93994140625,242.73934936523438,552.9171752929688,992.6024780273438,826.9517211914062,20250225-154513
56,18446744073709551615,0,0.42724609375,660.6626586914062,1565.16064453125,81.4478759765625,104.7850341796875,20250225-154513
56,18446744073709551615,0,0.73486328125,692.7636108398438,1759.41748046875,94.283935546875,101.56494140625,20250225-154513
56,18446744073709551615,0,0.75439453125,479.41790771484375,799.55517578125,184.770263671875,241.83746337890625,20250225-154513
56,18446744073709551615,0,0.77880859375,514.7949829101562,1362.5595703125,195.0794677734375,274.0937805175781,20250225-154513
56,18446744073709551615,0,0.80615234375,601.4454345703125,1563.9375,279.42864990234375,348.3915710449219,20250225-154513
56,18446744073709551615,0,0.80908203125,687.0704956054688,1854.701171875,64.3714599609375,111.02517700195312,20250225-154513
56,18446744073709551615,0,0.8173828125,775.2149047851562,1784.02783203125,135.3775634765625,297.8200378417969,20250225-154513
56,18446744073709551615,0,0.82666015625,620.6356201171875,1220.2056884765625,280.3929748535156,307.1542053222656,20250225-154513
56,18446744073709551615,0,0.82763671875,603.46728515625,538.0240478515625,233.42138671875,262.2271728515625,20250225-154513
56,18446744073709551615,0,0.88916015625,431.871826171875,1.2837295532226562,328.8323974609375,639.5582885742188,20250225-154513
56,18446744073709551615,0,0.93896484375,244.3498992919922,550.3304443359375,995.388427734375,825.6368408203125,20250225-154513
57,18446744073709551615,0,0.5322265625,660.6968994140625,1559.73193359375,88.99127197265625,108.93576049804688,20250225-154513
57,18446744073709551615,0,0.73388671875,691.2454833984375,1757.1624755859375,92.47467041015625,101.14443969726562,20250225-154513
57,18446744073709551615,0,0.7578125,477.4670104980469,797.3541870117188,187.9361572265625,264.17926025390625,20250225-154513
57,18446744073709551615,0,0.763671875,686.0454711914062,1854.02294921875,64.968017578125,114.26998901367188,20250225-154513
57,18446744073709551615,0,0.77587890625,514.3233032226562,1360.50732421875,194.5008544921875,269.4452819824219,20250225-154513
57,18446744073709551615,0,0.7841796875,599.4654541015625,1561.455322265625,281.82330322265625,349.17572021484375,20250225-154513
57,18446744073709551615,0,0.7900390625,772.62451171875,1784.1513671875,135.2574462890625,299.87933349609375,20250225-154513
57,18446744073709551615,0,0.82080078125,618.8362426757812,1219.252197265625,281.253662109375,310.3504943847656,20250225-154513
57,18446744073709551615,0,0.8291015625,604.2548217773438,539.770751953125,235.58340454101562,260.4798889160156,20250225-154513
57,18446744073709551615,0,0.896484375,430.1108093261719,0.9925918579101562,332.20330810546875,640.8153076171875,20250225-154513
57,18446744073709551615,0,0.93701171875,243.26678466796875,551.3397216796875,994.1720581054688,826.4710693359375,20250225-154513
58,18446744073709551615,0,0.39697265625,659.6259155273438,1563.521240234375,84.2427978515625,105.51681518554688,20250225-154513
58,18446744073709551615,0,0.7138671875,684.2235107421875,1854.770751953125,64.54833984375,116.67205810546875,20250225-154513
58,18446744073709551615,0,0.7333984375,477.03643798828125,796.4324340820312,179.40463256835938,240.1021728515625,20250225-154513
58,18446744073709551615,0,0.740234375,690.6363525390625,1754.209716796875,93.59857177734375,104.501220703125,20250225-154513
58,18446744073709551615,0,0.79052734375,599.01513671875,1560.5255126953125,280.84771728515625,347.44464111328125,20250225-154513
58,18446744073709551615,0,0.802734375,773.0020751953125,1783.8680419921875,135.54364013671875,299.8590087890625,20250225-154513
58,18446744073709551615,0,0.8056640625,513.2470703125,1359.115234375,192.5006103515625,272.68670654296875,20250225-154513
58,18446744073709551615,0,0.82861328125,606.4544677734375,537.3041381835938,236.6707763671875,258.99462890625,20250225-154513
58,18446744073709551615,0,0.8369140625,619.062744140625,1218.827880859375,281.6802978515625,327.109130859375,20250225-154513
58,18446744073709551615,0,0.88525390625,428.8232116699219,0.9920425415039062,337.1763916015625,642.2904052734375,20250225-154513
58,18446744073709551615,0,0.9365234375,242.72268676757812,549.7252807617188,994.9213256835938,826.6122436523438,20250225-154513
59,18446744073709551615,0,0.2127685546875,688.5838623046875,460.5423889160156,136.87673950195312,134.29037475585938,20250225-154513
59,18446744073709551615,0,0.2371826171875,661.6165771484375,1565.8330078125,80.79254150390625,104.0277099609375,20250225-154513
59,18446744073709551615,0,0.73046875,478.10028076171875,793.8826904296875,193.04379272460938,282.65093994140625,20250225-154513
59,18446744073709551615,0,0.744140625,691.9903564453125,1754.3466796875,99.0662841796875,101.4481201171875,20250225-154513
59,18446744073709551615,0,0.7919921875,686.88232421875,1855.975341796875,63.0545654296875,111.2200927734375,20250225-154513
59,18446744073709551615,0,0.80126953125,773.6162109375,1785.2669677734375,134.255126953125,300.1490478515625,20250225-154513
59,18446744073709551615,0,0.8125,515.10009765625,1356.4266357421875,193.7017822265625,265.095703125,20250225-154513
59,18446744073709551615,0,0.82421875,600.2385864257812,1561.993408203125,280.4146728515625,343.0624694824219,20250225-154513
59,18446744073709551615,0,0.8251953125,619.9764404296875,1220.16650390625,280.5793762207031,320.5047912597656,20250225-154513
59,18446744073709551615,0,0.8271484375,603.5780639648438,539.0128784179688,236.0789794921875,261.7707824707031,20250225-154513
59,18446744073709551615,0,0.89892578125,426.1116943359375,1.2946014404296875,343.43695068359375,643.8261108398438,20250225-154513
59,18446744073709551615,0,0.93505859375,243.2955322265625,547.9850463867188,996.0258178710938,826.6349487304688,20250225-154513
60,18446744073709551615,0,0.3701171875,661.78564453125,1566.013916015625,77.52978515625,102.54153442382812,20250225-154513
60,18446744073709551615,0,0.74169921875,479.35931396484375,794.3067626953125,180.88412475585938,283.5749816894531,20250225-154513
60,18446744073709551615,0,0.7568359375,692.0828247070312,1754.7724609375,94.1173095703125,103.02529907226562,20250225-154513
60,18446744073709551615,0,0.78857421875,687.1195678710938,1856.2034912109375,62.82476806640625,111.54922485351562,20250225-154513
60,18446744073709551615,0,0.791015625,601.289794921875,1560.223388671875,279.50701904296875,342.2212829589844,20250225-154513
60,18446744073709551615,0,0.79833984375,514.4913940429688,1355.6240234375,194.3975830078125,279.55902099609375,20250225-154513
60,18446744073709551615,0,0.806640625,774.0236206054688,1785.0347900390625,134.30767822265625,299.5078125,20250225-154513
60,18446744073709551615,0,0.8134765625,604.878662109375,536.9237060546875,237.8206787109375,261.87176513671875,20250225-154513
60,18446744073709551615,0,0.818359375,620.842529296875,1220.0386962890625,278.2008361816406,303.25579833984375,20250225-154513
60,18446744073709551615,0,0.90185546875,428.55999755859375,0.6999893188476562,352.38726806640625,641.2608642578125,20250225-154513
60,18446744073709551615,0,0.93798828125,243.82489013671875,548.0839233398438,995.832275390625,825.8486938476562,20250225-154513
61,18446744073709551615,0,0.37109375,661.191650390625,1561.1641845703125,86.46441650390625,107.03164672851562,20250225-154513
61,18446744073709551615,0,0.73486328125,478.5128173828125,793.2357788085938,167.86807250976562,284.3382568359375,20250225-154513
61,18446744073709551615,0,0.74853515625,690.939697265625,1753.00048828125,99.4302978515625,101.8330078125,20250225-154513
61,18446744073709551615,0,0.79296875,513.8681030273438,1353.812255859375,197.0709228515625,282.70220947265625,20250225-154513
61,18446744073709551615,0,0.79736328125,687.1616821289062,1855.4183349609375,63.65716552734375,112.64767456054688,20250225-154513
61,18446744073709551615,0,0.80517578125,774.90380859375,1783.8583984375,135.5423583984375,298.0373840332031,20250225-154513
61,18446744073709551615,0,0.8203125,606.1270751953125,539.3446044921875,235.43344116210938,257.8407897949219,20250225-154513
61,18446744073709551615,0,0.8291015625,620.9016723632812,1215.275634765625,284.2676696777344,311.69384765625,20250225-154513
61,18446744073709551615,0,0.84033203125,600.9049072265625,1560.010986328125,280.581298828125,338.3295593261719,20250225-154513
61,18446744073709551615,0,0.90478515625,431.4041748046875,1.0659255981445312,355.17816162109375,637.8338623046875,20250225-154513
61,18446744073709551615,0,0.93798828125,244.37425231933594,548.048095703125,995.9864501953125,825.6309814453125,20250225-154513
62,18446744073709551615,0,0.3603515625,660.1717529296875,1561.3861083984375,82.5966796875,106.55575561523438,20250225-154513
62,18446744073709551615,0,0.75634765625,690.683349609375,1751.6927490234375,99.41455078125,103.23284912109375,20250225-154513
62,18446744073709551615,0,0.775390625,477.30743408203125,792.2935180664062,164.24652099609375,283.4651184082031,20250225-154513
62,18446744073709551615,0,0.7880859375,687.3876953125,1853.15966796875,65.9278564453125,118.3934326171875,20250225-154513
62,18446744073709551615,0,0.81298828125,600.1701049804688,1559.150390625,279.5855712890625,339.89776611328125,20250225-154513
62,18446744073709551615,0,0.81689453125,773.322509765625,1783.475341796875,135.9334716796875,299.93408203125,20250225-154513
62,18446744073709551615,0,0.8173828125,513.4420166015625,1354.9097900390625,195.88751220703125,285.9140625,20250225-154513
62,18446744073709551615,0,0.8232421875,605.539306640625,538.3203125,235.31597900390625,262.8974304199219,20250225-154513
62,18446744073709551615,0,0.8271484375,619.2463989257812,1214.2666015625,284.2034912109375,310.5403747558594,20250225-154513
62,18446744073709551615,0,0.892578125,429.8463134765625,0.8857498168945312,356.8471374511719,638.9097900390625,20250225-154513
62,18446744073709551615,0,0.93798828125,243.64178466796875,545.6202392578125,999.0664672851562,826.0211791992188,20250225-154513
63,18446744073709551615,0,0.356689453125,660.2997436523438,1562.2049560546875,79.85009765625,105.47222900390625,20250225-154513
63,18446744073709551615,0,0.7626953125,689.7800903320312,1751.9970703125,98.38055419921875,102.62704467773438,20250225-154513
63,18446744073709551615,0,0.7841796875,477.51800537109375,791.9584350585938,162.59719848632812,282.5702819824219,20250225-154513
63,18446744073709551615,0,0.7880859375,513.2477416992188,1356.57958984375,195.25946044921875,281.6261901855469,20250225-154513
63,18446744073709551615,0,0.7890625,685.4573974609375,1855.5560302734375,63.47314453125,111.245361328125,20250225-154513
63,18446744073709551615,0,0.802734375,771.1386108398438,1784.2042236328125,135.23345947265625,302.30548095703125,20250225-154513
63,18446744073709551615,0,0.80322265625,618.7864990234375,1213.5064697265625,284.6729736328125,310.852294921875,20250225-154513
63,18446744073709551615,0,0.814453125,599.221435546875,1559.89599609375,277.90118408203125,340.885986328125,20250225-154513
63,18446744073709551615,0,0.82666015625,603.522216796875,539.31787109375,236.55953979492188,262.5306701660156,20250225-154513
63,18446744073709551615,0,0.89013671875,433.54669189453125,1.0680313110351562,359.0228271484375,634.8995361328125,20250225-154513
63,18446744073709551615,0,0.9384765625,243.46380615234375,545.8754272460938,998.8099365234375,826.2434692382812,20250225-154513
64,18446744073709551615,0,0.350341796875,659.5621948242188,1562.536376953125,80.1199951171875,108.47772216796875,20250225-154513
64,18446744073709551615,0,0.7841796875,690.8018188476562,1751.7674560546875,100.84552001953125,102.27841186523438,20250225-154513
64,18446744073709551615,0,0.798828125,686.5036010742188,1856.1416015625,62.940673828125,111.28363037109375,20250225-154513
64,18446744073709551615,0,0.80078125,477.99407958984375,790.9390869140625,160.20904541015625,282.5691833496094,20250225-154513
64,18446744073709551615,0,0.810546875,513.577880859375,1357.98974609375,193.9735107421875,280.3109436035156,20250225-154513
64,18446744073709551615,0,0.8203125,619.8693237304688,1214.2210693359375,285.9853820800781,295.77081298828125,20250225-154513
64,18446744073709551615,0,0.82666015625,770.6478271484375,1785.62548828125,134.0101318359375,301.6051025390625,20250225-154513
64,18446744073709551615,0,0.83203125,604.8513793945312,542.245849609375,232.81961059570312,261.65533447265625,20250225-154513
64,18446744073709551615,0,0.85546875,600.1452026367188,1560.4156494140625,274.6497802734375,333.6849060058594,20250225-154513
64,18446744073709551615,0,0.8984375,435.43890380859375,0.89996337890625,360.79864501953125,633.1928100585938,20250225-154513
64,18446744073709551615,0,0.9384765625,241.99346923828125,549.825439453125,994.8043212890625,827.466796875,20250225-154513
65,18446744073709551615,0,0.33203125,661.1942138671875,1565.3818359375,71.76287841796875,105.26596069335938,20250225-154513
65,18446744073709551615,0,0.7861328125,478.56134033203125,790.2182006835938,160.36349487304688,283.6987609863281,20250225-154513
65,18446744073709551615,0,0.78857421875,691.368896484375,1751.52978515625,98.1053466796875,103.93862915039062,20250225-154513
65,18446744073709551615,0,0.7919921875,687.3422241210938,1856.518798828125,62.5601806640625,111.74029541015625,20250225-154513
65,18446744073709551615,0,0.80419921875,620.9148559570312,1214.3785400390625,283.9423828125,302.82110595703125,20250225-154513
65,18446744073709551615,0,0.8076171875,605.9397583007812,540.2091064453125,233.92739868164062,260.1955261230469,20250225-154513
65,18446744073709551615,0,0.8193359375,514.708740234375,1359.998779296875,191.5946044921875,306.49273681640625,20250225-154513
65,18446744073709551615,0,0.83056640625,772.7001342773438,1786.5150146484375,132.84906005859375,299.7127990722656,20250225-154513
65,18446744073709551615,0,0.8603515625,602.0645141601562,1556.2437744140625,278.09600830078125,332.9366455078125,20250225-154513
65,18446744073709551615,0,0.8896484375,436.6549072265625,0.9029617309570312,362.0474548339844,631.6864013671875,20250225-154513
65,18446744073709551615,0,0.9384765625,244.18414306640625,552.0748291015625,991.954833984375,825.602783203125,20250225-154513
66,18446744073709551615,0,0.74853515625,691.7545166015625,1748.822021484375,103.90374755859375,101.15597534179688,20250225-154513
66,18446744073709551615,0,0.77978515625,514.5126342773438,1360.9925537109375,187.7958984375,298.2113342285156,20250225-154513
66,18446744073709551615,0,0.78857421875,479.46240234375,788.520751953125,162.80712890625,282.5336608886719,20250225-154513
66,18446744073709551615,0,0.80029296875,688.157958984375,1855.9339599609375,63.09283447265625,111.33187866210938,20250225-154513
66,18446744073709551615,0,0.81103515625,606.8719482421875,540.5396728515625,234.65524291992188,258.19024658203125,20250225-154513
66,18446744073709551615,0,0.81591796875,620.5234375,1216.5849609375,279.23529052734375,297.85968017578125,20250225-154513
66,18446744073709551615,0,0.8291015625,774.5524291992188,1783.5985107421875,135.810791015625,298.3838195800781,20250225-154513
66,18446744073709551615,0,0.86669921875,601.5818481445312,1554.197265625,280.2568359375,331.4476318359375,20250225-154513
66,18446744073709551615,0,0.88427734375,436.6175537109375,1.0895919799804688,363.6354064941406,631.950439453125,20250225-154513
66,18446744073709551615,0,0.9384765625,245.0892333984375,551.5145874023438,992.3067626953125,824.7086791992188,20250225-154513
67,18446744073709551615,0,0.201171875,663.5460205078125,1556.3232421875,79.46795654296875,104.92721557617188,20250225-154513
67,18446744073709551615,0,0.7578125,690.3132934570312,1737.11767578125,115.6351318359375,102.82095336914062,20250225-154513
67,18446744073709551615,0,0.7744140625,478.1143798828125,788.037353515625,163.48480224609375,284.5201721191406,20250225-154513
67,18446744073709551615,0,0.779296875,686.5125732421875,1856.4635009765625,62.60980224609375,110.96347045898438,20250225-154513
67,18446744073709551615,0,0.7958984375,606.2581787109375,542.9474487304688,231.61376953125,259.7864685058594,20250225-154513
67,18446744073709551615,0,0.80029296875,513.6740112304688,1362.1962890625,186.8551025390625,307.5978698730469,20250225-154513
67,18446744073709551615,0,0.8203125,770.324951171875,1783.8211669921875,135.6214599609375,303.5233154296875,20250225-154513
67,18446744073709551615,0,0.8251953125,600.0485229492188,1548.762451171875,283.50421142578125,328.51190185546875,20250225-154513
67,18446744073709551615,0,0.826171875,619.6807250976562,1217.22412109375,277.58404541015625,288.9456481933594,20250225-154513
67,18446744073709551615,0,0.9033203125,439.00726318359375,0.901336669921875,361.62896728515625,629.4208374023438,20250225-154513
67,18446744073709551615,0,0.9384765625,244.35113525390625,549.6509399414062,994.825927734375,825.7058715820312,20250225-154513
68,18446744073709551615,0,0.66259765625,477.777099609375,789.5473022460938,164.671875,270.5115051269531,20250225-154513
68,18446744073709551615,0,0.69921875,690.0518798828125,1736.29443359375,114.61376953125,102.603515625,20250225-154513
68,18446744073709551615,0,0.77392578125,685.642578125,1855.2777099609375,63.8009033203125,113.05169677734375,20250225-154513
68,18446744073709551615,0,0.8134765625,513.0050048828125,1362.7796630859375,186.796875,295.25262451171875,20250225-154513
68,18446744073709551615,0,0.81396484375,772.6922607421875,1782.8309326171875,136.48663330078125,300.3379211425781,20250225-154513
68,18446744073709551615,0,0.814453125,619.0248413085938,1216.191162109375,283.17938232421875,315.7797546386719,20250225-154513
68,18446744073709551615,0,0.82177734375,603.4597778320312,540.0360107421875,234.32675170898438,261.48870849609375,20250225-154513
68,18446744073709551615,0,0.8505859375,599.0835571289062,1546.8160400390625,284.69549560546875,329.7733154296875,20250225-154513
68,18446744073709551615,0,0.892578125,439.34710693359375,1.082794189453125,359.15924072265625,629.114501953125,20250225-154513
68,18446744073709551615,0,0.93798828125,241.97511291503906,549.41455078125,995.0202026367188,827.671142578125,20250225-154513
69,18446744073709551615,0,0.67041015625,477.83294677734375,794.358642578125,155.23681640625,283.738037109375,20250225-154513
69,18446744073709551615,0,0.73388671875,690.4092407226562,1736.323974609375,116.325439453125,104.34860229492188,20250225-154513
69,18446744073709551615,0,0.7880859375,686.0670166015625,1856.7872314453125,62.28076171875,110.94488525390625,20250225-154513
69,18446744073709551615,0,0.802734375,603.2250366210938,542.530517578125,231.37472534179688,261.8729553222656,20250225-154513
69,18446744073709551615,0,0.82275390625,618.4638061523438,1216.157958984375,282.6668701171875,317.6637268066406,20250225-154513
69,18446744073709551615,0,0.82421875,771.5348510742188,1783.14794921875,136.1920166015625,301.57232666015625,20250225-154513
69,18446744073709551615,0,0.82666015625,513.4476928710938,1363.8109130859375,185.0775146484375,268.09295654296875,20250225-154513
69,18446744073709551615,0,0.87451171875,598.8660278320312,1546.3251953125,283.1114501953125,323.7618713378906,20250225-154513
69,18446744073709551615,0,0.89013671875,439.5128173828125,1.0875091552734375,356.82806396484375,628.7518310546875,20250225-154513
69,18446744073709551615,0,0.94140625,242.17076110839844,550.3207397460938,994.49267578125,827.618408203125,20250225-154513
70,18446744073709551615,0,0.583984375,478.431884765625,794.65087890625,143.067626953125,284.2911071777344,20250225-154513
70,18446744073709551615,0,0.72705078125,604.0244750976562,538.7718505859375,238.65701293945312,262.3531494140625,20250225-154513
70,18446744073709551615,0,0.7333984375,691.3673095703125,1734.0003662109375,118.68768310546875,103.7757568359375,20250225-154513
70,18446744073709551615,0,0.79638671875,774.68310546875,1783.3018798828125,135.95416259765625,298.6512451171875,20250225-154513
70,18446744073709551615,0,0.79736328125,686.228271484375,1856.4759521484375,62.63873291015625,111.0333251953125,20250225-154513
70,18446744073709551615,0,0.82568359375,620.4684448242188,1215.927734375,282.9568176269531,311.9546813964844,20250225-154513
70,18446744073709551615,0,0.83154296875,515.3541259765625,1365.1373291015625,179.2064208984375,267.5694580078125,20250225-154513
70,18446744073709551615,0,0.87109375,599.529541015625,1545.8076171875,282.3577880859375,318.591796875,20250225-154513
70,18446744073709551615,0,0.8740234375,442.3938903808594,0.90435791015625,355.6781005859375,627.3433227539062,20250225-154513
70,18446744073709551615,0,0.93994140625,242.1544189453125,552.917236328125,991.346923828125,827.6511840820312,20250225-154513
71,18446744073709551615,0,0.541015625,480.28289794921875,794.6592407226562,157.48809814453125,262.6183776855469,20250225-154513
71,18446744073709551615,0,0.7177734375,691.2982177734375,1738.9705810546875,114.05584716796875,103.67477416992188,20250225-154513
71,18446744073709551615,0,0.77978515625,606.495849609375,540.260498046875,235.11813354492188,260.5003967285156,20250225-154513
71,18446744073709551615,0,0.806640625,686.4287109375,1855.269287109375,64.115478515625,110.39199829101562,20250225-154513
71,18446744073709551615,0,0.81640625,773.828369140625,1781.622802734375,137.722412109375,299.41204833984375,20250225-154513
71,18446744073709551615,0,0.82568359375,620.91064453125,1217.45361328125,281.1887512207031,311.5544128417969,20250225-154513
71,18446744073709551615,0,0.8291015625,515.0496826171875,1366.51123046875,181.306640625,283.0923156738281,20250225-154513
71,18446744073709551615,0,0.8720703125,600.0263671875,1545.8818359375,281.833740234375,323.2548522949219,20250225-154513
71,18446744073709551615,0,0.87646484375,440.22308349609375,1.4801559448242188,354.29302978515625,630.944580078125,20250225-154513
71,18446744073709551615,0,0.93896484375,243.81944274902344,553.9906005859375,990.4595947265625,826.194580078125,20250225-154513
72,18446744073709551615,0,0.5146484375,479.9189758300781,795.290771484375,156.32437133789062,228.87176513671875,20250225-154513
72,18446744073709551615,0,0.70654296875,691.103759765625,1732.207275390625,119.80517578125,103.93817138671875,20250225-154513
72,18446744073709551615,0,0.74560546875,482.3903503417969,589.3643798828125,197.33889770507812,289.13909912109375,20250225-154513
72,18446744073709551615,0,0.798828125,773.9144897460938,1779.271728515625,140.16339111328125,298.7284240722656,20250225-154513
72,18446744073709551615,0,0.8115234375,516.4011840820312,1367.015625,182.8963623046875,275.3213195800781,20250225-154513
72,18446744073709551615,0,0.81396484375,687.5235595703125,1855.989990234375,63.17779541015625,108.52423095703125,20250225-154513
72,18446744073709551615,0,0.83056640625,620.3583984375,1221.207275390625,279.2965393066406,317.74822998046875,20250225-154513
72,18446744073709551615,0,0.875,599.306396484375,1550.1591796875,274.105224609375,323.1976318359375,20250225-154513
72,18446744073709551615,0,0.89306640625,440.4868469238281,1.2965927124023438,355.33392333984375,628.907958984375,20250225-154513
72,18446744073709551615,0,0.93798828125,242.53948974609375,550.4530029296875,994.0052490234375,827.0341186523438,20250225-154513
73,18446744073709551615,0,0.5556640625,478.51025390625,798.4429321289062,159.627685546875,212.81936645507812,20250225-154513
73,18446744073709551615,0,0.7392578125,768.7120971679688,1775.88720703125,143.38421630859375,303.2486572265625,20250225-154513
73,18446744073709551615,0,0.75,605.3300170898438,540.5191040039062,233.33285522460938,260.16558837890625,20250225-154513
73,18446744073709551615,0,0.75048828125,690.05810546875,1731.7353515625,119.81488037109375,105.2841796875,20250225-154513
73,18446744073709551615,0,0.79736328125,516.9666137695312,1368.356201171875,177.98162841796875,292.7267761230469,20250225-154513
73,18446744073709551615,0,0.80908203125,686.8668823242188,1854.947021484375,64.27459716796875,107.05938720703125,20250225-154513
73,18446744073709551615,0,0.82861328125,618.5161743164062,1220.785888671875,279.879638671875,323.4366760253906,20250225-154513
73,18446744073709551615,0,0.8330078125,598.1923828125,1548.3350830078125,274.17132568359375,324.7456970214844,20250225-154513
73,18446744073709551615,0,0.89404296875,437.9285888671875,1.083984375,356.6811828613281,630.9387817382812,20250225-154513
73,18446744073709551615,0,0.9365234375,240.75091552734375,549.1605834960938,996.763916015625,828.8347778320312,20250225-154513
74,18446744073709551615,0,0.57763671875,477.32977294921875,798.2076416015625,162.35659790039062,208.69436645507812,20250225-154513
74,18446744073709551615,0,0.73046875,690.0098876953125,1733.0467529296875,118.07464599609375,104.27444458007812,20250225-154513
74,18446744073709551615,0,0.75341796875,766.5514526367188,1773.261474609375,146.17327880859375,305.87567138671875,20250225-154513
74,18446744073709551615,0,0.80078125,605.8840942382812,543.2264404296875,232.53012084960938,259.1997985839844,20250225-154513
74,18446744073709551615,0,0.81982421875,618.7496337890625,1218.97021484375,282.41912841796875,318.0890808105469,20250225-154513
74,18446744073709551615,0,0.8251953125,597.7587890625,1548.050537109375,271.75177001953125,329.0909729003906,20250225-154513
74,18446744073709551615,0,0.82666015625,686.9954223632812,1854.1534423828125,65.11395263671875,106.53762817382812,20250225-154513
74,18446744073709551615,0,0.8349609375,517.473876953125,1368.73486328125,178.90814208984375,259.385009765625,20250225-154513
74,18446744073709551615,0,0.87841796875,435.22723388671875,0.9112472534179688,356.99072265625,633.4212646484375,20250225-154513
74,18446744073709551615,0,0.9404296875,238.81741333007812,548.361572265625,995.6539306640625,831.2955322265625,20250225-154513
75,18446744073709551615,0,0.56494140625,479.1861877441406,798.7739868164062,163.09982299804688,206.89544677734375,20250225-154513
75,18446744073709551615,0,0.71533203125,690.185302734375,1733.34228515625,118.125732421875,106.26516723632812,20250225-154513
75,18446744073709551615,0,0.77783203125,767.8661499023438,1770.693603515625,148.67230224609375,304.4718933105469,20250225-154513
75,18446744073709551615,0,0.79443359375,605.52587890625,543.9732666015625,233.90579223632812,260.23828125,20250225-154513
75,18446744073709551615,0,0.810546875,687.4180297851562,1853.902587890625,65.2730712890625,105.62164306640625,20250225-154513
75,18446744073709551615,0,0.8115234375,519.6602783203125,1368.8994140625,178.0345458984375,270.16973876953125,20250225-154513
75,18446744073709551615,0,0.8193359375,620.3375244140625,1219.0126953125,284.939208984375,325.28924560546875,20250225-154513
75,18446744073709551615,0,0.84716796875,599.1747436523438,1548.148681640625,268.47711181640625,328.1513671875,20250225-154513
75,18446744073709551615,0,0.88818359375,438.110595703125,1.2702713012695312,355.105712890625,630.86376953125,20250225-154513
75,18446744073709551615,0,0.94140625,241.2982177734375,554.433837890625,989.1992797851562,828.6597290039062,20250225-154513
76,18446744073709551615,0,0.6142578125,480.0015563964844,799.8887329101562,161.58673095703125,198.664306640625,20250225-154514
76,18446744073709551615,0,0.7333984375,605.9630126953125,547.5816650390625,228.4932861328125,259.3927917480469,20250225-154514
76,18446744073709551615,0,0.74072265625,690.709716796875,1732.867431640625,117.3980712890625,107.99533081054688,20250225-154514
76,18446744073709551615,0,0.7822265625,767.0643310546875,1767.3828125,151.8782958984375,304.53515625,20250225-154514
76,18446744073709551615,0,0.80419921875,620.7139892578125,1218.070556640625,283.2862243652344,316.0780334472656,20250225-154514
76,18446744073709551615,0,0.81640625,520.9273681640625,1369.127197265625,178.3271484375,289.6202087402344,20250225-154514
76,18446744073709551615,0,0.82421875,688.2003173828125,1854.04052734375,65.177490234375,101.9718017578125,20250225-154514
76,18446744073709551615,0,0.826171875,600.674560546875,1548.0223388671875,266.44427490234375,329.136474609375,20250225-154514
76,18446744073709551615,0,0.8955078125,436.82830810546875,1.0869140625,356.9046630859375,632.3133544921875,20250225-154514
76,18446744073709551615,0,0.94189453125,242.1957550048828,550.6576538085938,992.7661743164062,827.599365234375,20250225-154514
77,18446744073709551615,0,0.64501953125,479.92547607421875,800.3256225585938,164.35867309570312,195.71658325195312,20250225-154514
77,18446744073709551615,0,0.72265625,608.928466796875,548.18408203125,228.58905029296875,256.8955078125,20250225-154514
77,18446744073709551615,0,0.7333984375,767.5296020507812,1764.27978515625,154.98046875,304.16015625,20250225-154514
77,18446744073709551615,0,0.77587890625,690.6732177734375,1732.4952392578125,118.23431396484375,107.82513427734375,20250225-154514
77,18446744073709551615,0,0.7958984375,600.182373046875,1546.9749755859375,265.2216796875,346.7259521484375,20250225-154514
77,18446744073709551615,0,0.80908203125,688.266357421875,1854.4222412109375,64.6988525390625,100.00369262695312,20250225-154514
77,18446744073709551615,0,0.81103515625,620.403076171875,1217.1968994140625,284.2184143066406,323.4227600097656,20250225-154514
77,18446744073709551615,0,0.8291015625,520.4749145507812,1369.181884765625,173.55816650390625,295.3841857910156,20250225-154514
77,18446744073709551615,0,0.88671875,434.98992919921875,1.0920639038085938,361.1387939453125,634.8129272460938,20250225-154514
77,18446744073709551615,0,0.94091796875,244.0198516845703,549.4343872070312,994.4970703125,826.154296875,20250225-154514
78,18446744073709551615,0,0.63525390625,480.04522705078125,609.074462890625,185.39364624023438,284.22821044921875,20250225-154514
78,18446744073709551615,0,0.64794921875,480.26312255859375,803.0264892578125,162.34698486328125,192.77975463867188,20250225-154514
78,18446744073709551615,0,0.7626953125,690.63916015625,1731.2142333984375,118.55877685546875,105.4346923828125,20250225-154514
78,18446744073709551615,0,0.76416015625,767.8994750976562,1763.36376953125,154.6834716796875,304.2940979003906,20250225-154514
78,18446744073709551615,0,0.77197265625,599.7756958007812,1550.82861328125,259.17242431640625,327.7297668457031,20250225-154514
78,18446744073709551615,0,0.79638671875,687.5819091796875,1854.59716796875,64.5194091796875,100.29400634765625,20250225-154514
78,18446744073709551615,0,0.81103515625,606.6802368164062,541.77490234375,231.7723388671875,259.8049621582031,20250225-154514
78,18446744073709551615,0,0.81884765625,520.4666748046875,1369.0718994140625,171.0289306640625,294.8140869140625,20250225-154514
78,18446744073709551615,0,0.8193359375,620.0051879882812,1219.8525390625,282.69158935546875,320.1579895019531,20250225-154514
78,18446744073709551615,0,0.89013671875,432.14849853515625,1.0956802368164062,363.48590087890625,637.1624755859375,20250225-154514
78,18446744073709551615,0,0.93994140625,246.7628173828125,552.9364013671875,992.5014038085938,822.6846313476562,20250225-154514
79,18446744073709551615,0,0.48046875,481.8153991699219,802.9669189453125,162.68838500976562,189.44476318359375,20250225-154514
79,18446744073709551615,0,0.66796875,478.11163330078125,610.6616821289062,180.94647216796875,284.3780822753906,20250225-154514
79,18446744073709551615,0,0.75146484375,767.4320068359375,1759.382080078125,158.87969970703125,304.5949401855469,20250225-154514
79,18446744073709551615,0,0.75146484375,691.18798828125,1742.4619140625,102.7525634765625,103.71487426757812,20250225-154514
79,18446744073709551615,0,0.7548828125,604.6439208984375,543.19677734375,230.28497314453125,263.32012939453125,20250225-154514
79,18446744073709551615,0,0.77685546875,687.4281005859375,1855.537353515625,63.53009033203125,96.70376586914062,20250225-154514
79,18446744073709551615,0,0.81884765625,599.2366333007812,1551.70166015625,257.57244873046875,325.3413391113281,20250225-154514
79,18446744073709551615,0,0.83544921875,520.1964111328125,1367.89453125,167.6239013671875,306.6715393066406,20250225-154514
79,18446744073709551615,0,0.83935546875,619.0150146484375,1219.947509765625,281.38128662109375,322.985595703125,20250225-154514
79,18446744073709551615,0,0.88818359375,426.9697265625,1.0880126953125,366.306884765625,642.8111572265625,20250225-154514
79,18446744073709551615,0,0.93896484375,246.39193725585938,553.2117919921875,993.554443359375,822.9801635742188,20250225-154514
80,18446744073709551615,0,0.48828125,482.2119140625,804.8741455078125,156.73544311523438,188.22793579101562,20250225-154514
80,18446744073709551615,0,0.67236328125,762.1514282226562,1753.264892578125,166.039306640625,310.1524658203125,20250225-154514
80,18446744073709551615,0,0.6806640625,477.82965087890625,611.8271484375,179.91595458984375,284.7453918457031,20250225-154514
80,18446744073709551615,0,0.70068359375,690.9840087890625,1738.8336181640625,107.27362060546875,105.58602905273438,20250225-154514
80,18446744073709551615,0,0.744140625,599.9620971679688,1552.6468505859375,255.2640380859375,299.6012878417969,20250225-154514
80,18446744073709551615,0,0.76953125,688.1561279296875,1856.260498046875,62.8531494140625,95.22052001953125,20250225-154514
80,18446744073709551615,0,0.77392578125,606.7408447265625,544.286376953125,232.10348510742188,260.159912109375,20250225-154514
80,18446744073709551615,0,0.8349609375,619.8484497070312,1216.8157958984375,284.84033203125,320.1409606933594,20250225-154514
80,18446744073709551615,0,0.84228515625,521.1443481445312,1367.827392578125,165.5595703125,308.2867126464844,20250225-154514
80,18446744073709551615,0,0.89501953125,427.40057373046875,1.0803909301757812,367.935302734375,641.94482421875,20250225-154514
80,18446744073709551615,0,0.9384765625,247.47262573242188,558.4764404296875,989.3232421875,822.2078247070312,20250225-154514
81,18446744073709551615,0,0.650390625,479.25787353515625,611.0517578125,182.41058349609375,283.51226806640625,20250225-154514
81,18446744073709551615,0,0.6826171875,600.728759765625,1552.0191650390625,260.64276123046875,270.2518615722656,20250225-154514
81,18446744073709551615,0,0.70751953125,691.20751953125,1737.678466796875,109.8599853515625,104.666748046875,20250225-154514
81,18446744073709551615,0,0.72802734375,761.7821044921875,1752.2889404296875,166.87060546875,306.9028015136719,20250225-154514
81,18446744073709551615,0,0.72802734375,482.31683349609375,807.399169921875,188.1090087890625,282.42205810546875,20250225-154514
81,18446744073709551615,0,0.76123046875,687.7393798828125,1856.3583984375,62.95770263671875,94.74453735351562,20250225-154514
81,18446744073709551615,0,0.78466796875,606.9583740234375,542.7837524414062,232.52554321289062,261.9196472167969,20250225-154514
81,18446744073709551615,0,0.8251953125,522.3012084960938,1366.997802734375,169.068603515625,297.1226806640625,20250225-154514
81,18446744073709551615,0,0.83349609375,619.400390625,1216.99609375,285.661376953125,322.3056335449219,20250225-154514
81,18446744073709551615,0,0.8974609375,426.38323974609375,0.8886566162109375,368.7703857421875,643.641845703125,20250225-154514
81,18446744073709551615,0,0.94140625,248.53839111328125,561.403564453125,987.608642578125,821.0062866210938,20250225-154514
82,18446744073709551615,0,0.681640625,600.5941772460938,1551.51904296875,269.701171875,259.81768798828125,20250225-154514
82,18446744073709551615,0,0.70654296875,479.5126647949219,616.5616455078125,175.8035888671875,279.91552734375,20250225-154514
82,18446744073709551615,0,0.71875,761.1859130859375,1747.4710693359375,170.78997802734375,310.8271179199219,20250225-154514
82,18446744073709551615,0,0.73193359375,687.6904907226562,1855.1649169921875,64.19842529296875,93.399169921875,20250225-154514
82,18446744073709551615,0,0.7431640625,691.2251586914062,1745.836669921875,100.8533935546875,103.22946166992188,20250225-154514
82,18446744073709551615,0,0.76123046875,607.0665283203125,548.91015625,231.34213256835938,263.4136962890625,20250225-154514
82,18446744073709551615,0,0.7734375,482.31683349609375,808.47119140625,178.79901123046875,283.1910095214844,20250225-154514
82,18446744073709551615,0,0.830078125,521.92822265625,1363.6512451171875,170.53280639648438,300.2362060546875,20250225-154514
82,18446744073709551615,0,0.833984375,620.1487426757812,1215.118896484375,287.5335388183594,318.896484375,20250225-154514
82,18446744073709551615,0,0.90478515625,425.8318176269531,1.0675506591796875,368.5300598144531,643.380615234375,20250225-154514
82,18446744073709551615,0,0.94482421875,242.6385498046875,567.1155395507812,983.6458740234375,826.4168701171875,20250225-154514
83,18446744073709551615,0,0.64404296875,478.96710205078125,615.5077514648438,170.90020751953125,271.2479553222656,20250225-154514
83,18446744073709551615,0,0.6767578125,765.5826416015625,1746.010986328125,173.07879638671875,302.4562683105469,20250225-154514
83,18446744073709551615,0,0.6884765625,688.0446166992188,1855.5186767578125,63.58978271484375,91.86392211914062,20250225-154514
83,18446744073709551615,0,0.71923828125,600.0399169921875,1555.0667724609375,252.11480712890625,247.76651000976562,20250225-154514
83,18446744073709551615,0,0.759765625,690.993896484375,1748.816650390625,96.522216796875,103.63723754882812,20250225-154514
83,18446744073709551615,0,0.779296875,481.3343811035156,810.4566650390625,167.77935791015625,283.587890625,20250225-154514
83,18446744073709551615,0,0.7919921875,605.7892456054688,543.169921875,239.35894775390625,265.1131896972656,20250225-154514
83,18446744073709551615,0,0.84033203125,619.263427734375,1214.91064453125,286.1651916503906,322.2411804199219,20250225-154514
83,18446744073709551615,0,0.84326171875,521.6603393554688,1363.359375,165.50125122070312,300.75018310546875,20250225-154514
83,18446744073709551615,0,0.8974609375,425.28973388671875,1.0660171508789062,369.04278564453125,643.6802978515625,20250225-154514
83,18446744073709551615,0,0.94287109375,246.27850341796875,572.0491333007812,979.1292114257812,822.7758178710938,20250225-154514
84,18446744073709551615,0,0.2120361328125,684.4453125,751.6671752929688,69.569091796875,84.12991333007812,20250225-154514
84,18446744073709551615,0,0.4736328125,478.76275634765625,615.960693359375,156.33792114257812,241.7406005859375,20250225-154514
84,18446744073709551615,0,0.4853515625,598.737548828125,1553.8385009765625,254.75738525390625,198.955810546875,20250225-154514
84,18446744073709551615,0,0.66552734375,686.6839599609375,1855.444091796875,63.91552734375,95.60238647460938,20250225-154514
84,18446744073709551615,0,0.68017578125,482.6964111328125,809.318115234375,159.40740966796875,285.1418151855469,20250225-154514
84,18446744073709551615,0,0.73388671875,759.2401123046875,1744.74755859375,173.943603515625,314.5308837890625,20250225-154514
84,18446744073709551615,0,0.7392578125,607.6305541992188,547.2332763671875,235.65829467773438,268.0047912597656,20250225-154514
84,18446744073709551615,0,0.7744140625,691.5657348632812,1749.044677734375,96.31329345703125,103.46511840820312,20250225-154514
84,18446744073709551615,0,0.83447265625,521.2142944335938,1361.738037109375,167.82357788085938,304.609130859375,20250225-154514
84,18446744073709551615,0,0.84765625,618.796875,1212.894775390625,288.69781494140625,322.5233459472656,20250225-154514
84,18446744073709551615,0,0.8671875,589.9920043945312,150.09722900390625,223.20208740234375,380.5395812988281,20250225-154514
84,18446744073709551615,0,0.94189453125,244.01824951171875,580.5851440429688,970.1021118164062,825.5681762695312,20250225-154514
85,18446744073709551615,0,0.5205078125,600.9686279296875,1553.17822265625,199.0301513671875,172.88653564453125,20250225-154514
85,18446744073709551615,0,0.525390625,478.402587890625,618.1517944335938,143.97445678710938,209.91741943359375,20250225-154514
85,18446744073709551615,0,0.638671875,687.3538818359375,1855.4088134765625,63.95050048828125,94.33282470703125,20250225-154514
85,18446744073709551615,0,0.64892578125,685.95703125,751.0090942382812,69.66888427734375,84.23519897460938,20250225-154514
85,18446744073709551615,0,0.6611328125,767.3408203125,1743.8798828125,174.626220703125,306.7885437011719,20250225-154514
85,18446744073709551615,0,0.732421875,691.1004638671875,1743.8455810546875,100.664794921875,105.43597412109375,20250225-154514
85,18446744073709551615,0,0.7744140625,605.92236328125,541.53076171875,240.0010986328125,273.7973327636719,20250225-154514
85,18446744073709551615,0,0.81640625,522.6949462890625,1359.803955078125,166.98284912109375,289.90228271484375,20250225-154514
85,18446744073709551615,0,0.81884765625,423.94775390625,1.096160888671875,471.41314697265625,646.7623291015625,20250225-154514
85,18446744073709551615,0,0.84423828125,619.0285034179688,1213.355224609375,289.13067626953125,322.5674743652344,20250225-154514
85,18446744073709551615,0,0.84912109375,594.4884033203125,148.1769561767578,225.8906707763672,375.80731201171875,20250225-154514
85,18446744073709551615,0,0.93701171875,244.37612915039062,587.7015380859375,963.8300170898438,825.005859375,20250225-154514
86,18446744073709551615,0,0.260498046875,574.8409423828125,811.992431640625,71.3572998046875,102.49383544921875,20250225-154514
86,18446744073709551615,0,0.319091796875,417.134765625,0.6769866943359375,480.0980529785156,651.5479736328125,20250225-154514
86,18446744073709551615,0,0.406494140625,480.31549072265625,617.3325805664062,140.37684631347656,210.87643432617188,20250225-154514
86,18446744073709551615,0,0.5361328125,601.2390747070312,1552.948974609375,224.466064453125,181.36624145507812,20250225-154514
86,18446744073709551615,0,0.5546875,688.34033203125,1857.7203369140625,61.43572998046875,93.5511474609375,20250225-154514
86,18446744073709551615,0,0.66015625,688.4447021484375,751.720703125,69.4178466796875,83.44528198242188,20250225-154514
86,18446744073709551615,0,0.75,748.3330078125,1741.3070068359375,176.99249267578125,324.0907287597656,20250225-154514
86,18446744073709551615,0,0.75439453125,691.6181640625,1748.1302490234375,96.18603515625,107.2232666015625,20250225-154514
86,18446744073709551615,0,0.8115234375,523.3187255859375,1355.53857421875,166.74343872070312,283.8102722167969,20250225-154514
86,18446744073709551615,0,0.8173828125,608.4201049804688,547.530517578125,232.65426635742188,274.6857604980469,20250225-154514
86,18446744073709551615,0,0.83349609375,594.7447509765625,155.99537658691406,217.1429901123047,375.73004150390625,20250225-154514
86,18446744073709551615,0,0.85400390625,619.8663330078125,1215.9686279296875,287.30859375,323.03558349609375,20250225-154514
86,18446744073709551615,0,0.94091796875,243.25222778320312,593.2286987304688,957.5145263671875,826.5128173828125,20250225-154514
87,18446744073709551615,0,0.3720703125,477.7795715332031,462.8264465332031,295.40521240234375,294.52056884765625,20250225-154514
87,18446744073709551615,0,0.5830078125,600.8911743164062,1554.7547607421875,230.051513671875,184.8248291015625,20250225-154514
87,18446744073709551615,0,0.626953125,688.5913696289062,1857.6397705078125,61.72174072265625,91.82638549804688,20250225-154514
87,18446744073709551615,0,0.73486328125,688.5867919921875,750.4542846679688,68.99560546875,84.37875366210938,20250225-154514
87,18446744073709551615,0,0.75048828125,756.2986450195312,1739.219970703125,179.080078125,315.7420349121094,20250225-154514
87,18446744073709551615,0,0.78271484375,610.3480224609375,549.9588623046875,231.66036987304688,273.0929260253906,20250225-154514
87,18446744073709551615,0,0.787109375,692.1470947265625,1749.1175537109375,95.53912353515625,107.24935913085938,20250225-154514
87,18446744073709551615,0,0.8115234375,522.8897094726562,1350.0341796875,168.41162109375,286.8585205078125,20250225-154514
87,18446744073709551615,0,0.83642578125,593.839599609375,154.57009887695312,218.91970825195312,342.0867919921875,20250225-154514
87,18446744073709551615,0,0.86083984375,620.0548095703125,1214.2489013671875,287.7308349609375,322.0117492675781,20250225-154514
87,18446744073709551615,0,0.86669921875,422.2862548828125,1.290252685546875,477.2454528808594,647.5991821289062,20250225-154514
87,18446744073709551615,0,0.94091796875,245.79574584960938,595.4148559570312,954.3292236328125,823.9075927734375,20250225-154514
88,18446744073709551615,0,0.2139892578125,574.0509033203125,813.3563232421875,147.4775390625,200.1251220703125,20250225-154514
88,18446744073709551615,0,0.346923828125,478.5141906738281,463.14886474609375,292.371826171875,299.41973876953125,20250225-154514
88,18446744073709551615,0,0.394287109375,688.767333984375,1860.02685546875,59.0584716796875,87.70706176757812,20250225-154514
88,18446744073709551615,0,0.43017578125,480.9609375,631.4304809570312,123.25076293945312,181.04873657226562,20250225-154514
88,18446744073709551615,0,0.5400390625,601.0830688476562,1556.6114501953125,229.0565185546875,185.9827880859375,20250225-154514
88,18446744073709551615,0,0.72412109375,686.9534912109375,751.82861328125,68.50241088867188,86.26959228515625,20250225-154514
88,18446744073709551615,0,0.75341796875,608.1392211914062,552.6661376953125,229.54055786132812,277.9291076660156,20250225-154514
88,18446744073709551615,0,0.77880859375,691.49951171875,1749.32080078125,94.90045166015625,106.50128173828125,20250225-154514
88,18446744073709551615,0,0.810546875,737.0004272460938,1738.614990234375,180.3753662109375,329.5099182128906,20250225-154514
88,18446744073709551615,0,0.81982421875,521.2897338867188,1349.0302734375,166.21737670898438,291.4669189453125,20250225-154514
88,18446744073709551615,0,0.82763671875,417.41143798828125,0.81060791015625,400.06439208984375,655.24560546875,20250225-154514
88,18446744073709551615,0,0.85107421875,619.686767578125,1212.8072509765625,288.75238037109375,322.0895690917969,20250225-154514
88,18446744073709551615,0,0.9404296875,245.23553466796875,597.23291015625,952.5208740234375,824.0947265625,20250225-154514
89,18446744073709551615,0,0.39990234375,480.77197265625,630.769775390625,119.47540283203125,171.44467163085938,20250225-154514
89,18446744073709551615,0,0.417724609375,479.647705078125,463.6564636230469,289.1329345703125,292.6531677246094,20250225-154514
89,18446744073709551615,0,0.5068359375,600.0774536132812,1556.9853515625,227.87786865234375,187.81146240234375,20250225-154514
89,18446744073709551615,0,0.57470703125,686.818603515625,1856.331787109375,63.0802001953125,92.068359375,20250225-154514
89,18446744073709551615,0,0.6806640625,686.7793579101562,751.0429077148438,68.60270690917969,86.05142211914062,20250225-154514
89,18446744073709551615,0,0.73388671875,692.025146484375,1751.279296875,91.8123779296875,109.37539672851562,20250225-154514
89,18446744073709551615,0,0.77197265625,608.7220458984375,544.6668701171875,238.92745971679688,276.3117370605469,20250225-154514
89,18446744073709551615,0,0.791015625,760.9894409179688,1738.387939453125,179.8282470703125,310.8804016113281,20250225-154514
89,18446744073709551615,0,0.80126953125,519.1043701171875,1345.76025390625,165.608642578125,310.67413330078125,20250225-154514
89,18446744073709551615,0,0.85888671875,618.947509765625,1211.95068359375,289.584228515625,321.57403564453125,20250225-154514
89,18446744073709551615,0,0.896484375,414.39129638671875,1.2076492309570312,356.3141784667969,658.3214111328125,20250225-154514
89,18446744073709551615,0,0.94482421875,244.90219116210938,599.842529296875,949.6279907226562,824.33349609375,20250225-154514
90,18446744073709551615,0,0.36669921875,482.7900695800781,616.360107421875,133.17906188964844,208.10614013671875,20250225-154514
90,18446744073709551615,0,0.548828125,600.6136474609375,1557.947021484375,229.73492431640625,188.93133544921875,20250225-154514
90,18446744073709551615,0,0.5517578125,687.664306640625,1858.21728515625,61.10247802734375,91.20675659179688,20250225-154514
90,18446744073709551615,0,0.70166015625,686.633056640625,751.528564453125,66.601318359375,86.44125366210938,20250225-154514
90,18446744073709551615,0,0.72119140625,691.61572265625,1747.667724609375,95.59185791015625,106.69491577148438,20250225-154514
90,18446744073709551615,0,0.765625,610.245361328125,549.7283935546875,230.36553955078125,276.8016357421875,20250225-154514
90,18446744073709551615,0,0.79638671875,762.6177978515625,1737.8778076171875,180.2501220703125,309.1716613769531,20250225-154514
90,18446744073709551615,0,0.80859375,517.8087158203125,1341.13818359375,166.51959228515625,293.9565124511719,20250225-154514
90,18446744073709551615,0,0.869140625,619.5067138671875,1211.425537109375,291.43487548828125,323.6107177734375,20250225-154514
90,18446744073709551615,0,0.90087890625,407.2357177734375,1.4530792236328125,353.18389892578125,664.8868408203125,20250225-154514
90,18446744073709551615,0,0.94287109375,244.87994384765625,602.4270629882812,946.7931518554688,824.570068359375,20250225-154514
91,18446744073709551615,0,0.42529296875,485.1240234375,619.1677856445312,130.61077880859375,201.54611206054688,20250225-154514
91,18446744073709551615,0,0.5556640625,601.4987182617188,1553.3858642578125,236.33221435546875,187.11740112304688,20250225-154514
91,18446744073709551615,0,0.57373046875,687.6763916015625,1857.5057373046875,61.85723876953125,93.62246704101562,20250225-154514
91,18446744073709551615,0,0.6806640625,688.4994506835938,750.061767578125,69.97439575195312,86.76617431640625,20250225-154514
91,18446744073709551615,0,0.72119140625,600.6315307617188,158.74530029296875,215.6268768310547,364.927001953125,20250225-154514
91,18446744073709551615,0,0.72509765625,692.52685546875,1749.580078125,93.68572998046875,105.61569213867188,20250225-154514
91,18446744073709551615,0,0.77783203125,760.4791259765625,1739.84619140625,178.25811767578125,310.8368225097656,20250225-154514
91,18446744073709551615,0,0.78271484375,609.66943359375,555.6236572265625,223.65701293945312,274.48974609375,20250225-154514
91,18446744073709551615,0,0.787109375,520.7052612304688,1339.50830078125,166.32284545898438,282.7993469238281,20250225-154514
91,18446744073709551615,0,0.8642578125,620.13818359375,1213.252685546875,289.0415954589844,325.0872802734375,20250225-154514
91,18446744073709551615,0,0.896484375,406.23760986328125,1.33685302734375,355.947021484375,664.3648681640625,20250225-154514
91,18446744073709551615,0,0.9453125,246.98854064941406,604.2921752929688,944.6013793945312,822.123046875,20250225-154514
92,18446744073709551615,0,0.250244140625,581.5138549804688,811.07763671875,137.79437255859375,193.05441284179688,20250225-154514
92,18446744073709551615,0,0.404541015625,486.4442138671875,616.94921875,132.03602600097656,204.804931640625,20250225-154514
92,18446744073709551615,0,0.42919921875,688.5269165039062,1856.2921142578125,62.80426025390625,91.48489379882812,20250225-154514
92,18446744073709551615,0,0.6083984375,601.9892578125,1554.4599609375,227.71453857421875,181.50347900390625,20250225-154514
92,18446744073709551615,0,0.7001953125,689.4989013671875,750.6220703125,67.47908020019531,84.19573974609375,20250225-154514
92,18446744073709551615,0,0.70068359375,692.3834838867188,1747.5369873046875,94.93743896484375,107.09390258789062,20250225-154514
92,18446744073709551615,0,0.767578125,602.9453125,165.0997772216797,207.29800415039062,365.8619384765625,20250225-154514
92,18446744073709551615,0,0.7705078125,614.309326171875,556.938232421875,224.205322265625,270.0623474121094,20250225-154514
92,18446744073709551615,0,0.78076171875,745.5135498046875,1739.4862060546875,178.71221923828125,325.88360595703125,20250225-154514
92,18446744073709551615,0,0.80615234375,521.0701904296875,1336.7552490234375,167.33065795898438,289.6870422363281,20250225-154514
92,18446744073709551615,0,0.857421875,620.7718505859375,1212.3359375,290.7959289550781,322.677978515625,20250225-154514
92,18446744073709551615,0,0.8984375,405.51947021484375,1.118499755859375,353.6840515136719,664.7208251953125,20250225-154514
92,18446744073709551615,0,0.94384765625,242.7008056640625,603.1007080078125,944.17822265625,826.5159301757812,20250225-154514
93,18446744073709551615,0,0.260498046875,580.7103271484375,811.3251342773438,136.53817749023438,195.273193359375,20250225-154514
93,18446744073709551615,0,0.57177734375,601.6417236328125,1556.867431640625,231.8316650390625,186.17111206054688,20250225-154514
93,18446744073709551615,0,0.57861328125,687.7769775390625,1856.540771484375,62.87054443359375,92.3719482421875,20250225-154514
93,18446744073709551615,0,0.6103515625,486.7998046875,616.890380859375,132.40699768066406,204.63619995117188,20250225-154514
93,18446744073709551615,0,0.67236328125,686.8524169921875,750.2814331054688,66.75860595703125,88.7486572265625,20250225-154514
93,18446744073709551615,0,0.708984375,692.4111328125,1748.7308349609375,94.9200439453125,104.10067749023438,20250225-154514
93,18446744073709551615,0,0.775390625,611.5279541015625,552.73681640625,228.40997314453125,267.9280700683594,20250225-154514
93,18446744073709551615,0,0.78125,520.5895385742188,1332.8914794921875,171.30926513671875,292.02227783203125,20250225-154514
93,18446744073709551615,0,0.7880859375,763.7032470703125,1738.819580078125,179.3931884765625,307.33795166015625,20250225-154514
93,18446744073709551615,0,0.796875,602.7291870117188,160.5172119140625,213.23062133789062,368.5245666503906,20250225-154514
93,18446744073709551615,0,0.873046875,620.306396484375,1214.493408203125,287.53289794921875,324.3155822753906,20250225-154514
93,18446744073709551615,0,0.9013671875,404.02001953125,1.3351593017578125,354.28692626953125,666.8091430664062,20250225-154514
93,18446744073709551615,0,0.947265625,244.0421905517578,599.9628295898438,948.4828491210938,825.441650390625,20250225-154514
94,18446744073709551615,0,0.56591796875,600.5875854492188,1557.826904296875,254.297607421875,192.76629638671875,20250225-154514
94,18446744073709551615,0,0.65478515625,693.009521484375,1753.674560546875,88.9830322265625,102.89309692382812,20250225-154514
94,18446744073709551615,0,0.66552734375,688.226806640625,1855.966064453125,63.3984375,95.58883666992188,20250225-154514
94,18446744073709551615,0,0.6953125,487.0506591796875,616.465087890625,126.33018493652344,203.87081909179688,20250225-154514
94,18446744073709551615,0,0.71142578125,686.9807739257812,750.34619140625,64.65788269042969,86.71343994140625,20250225-154514
94,18446744073709551615,0,0.7685546875,518.234375,1327.2469482421875,173.97372436523438,292.45330810546875,20250225-154514
94,18446744073709551615,0,0.7705078125,609.6427001953125,550.25537109375,230.6575927734375,267.8896179199219,20250225-154514
94,18446744073709551615,0,0.7724609375,770.0249633789062,1737.876220703125,180.2347412109375,301.1446838378906,20250225-154514
94,18446744073709551615,0,0.81103515625,602.7041015625,166.59439086914062,206.81565856933594,368.27105712890625,20250225-154514
94,18446744073709551615,0,0.86669921875,619.8641967773438,1211.2298583984375,289.803955078125,324.57183837890625,20250225-154514
94,18446744073709551615,0,0.9013671875,403.0608215332031,1.1281356811523438,353.61871337890625,667.1889038085938,20250225-154514
94,18446744073709551615,0,0.94775390625,245.56008911132812,596.9263916015625,950.7293701171875,823.3192749023438,20250225-154514
95,18446744073709551615,0,0.607421875,687.6158447265625,1855.8094482421875,63.5537109375,93.95013427734375,20250225-154514
95,18446744073709551615,0,0.630859375,600.2770385742188,1558.6856689453125,246.64324951171875,196.11685180664062,20250225-154514
95,18446744073709551615,0,0.6494140625,487.0567932128906,618.286376953125,119.36457824707031,195.49676513671875,20250225-154514
95,18446744073709551615,0,0.662109375,687.2158813476562,751.7733154296875,64.03422546386719,87.08596801757812,20250225-154514
95,18446744073709551615,0,0.6806640625,693.4579467773438,1756.445068359375,87.2666015625,102.36959838867188,20250225-154514
95,18446744073709551615,0,0.75439453125,518.2527465820312,1322.943115234375,178.89120483398438,291.0640869140625,20250225-154514
95,18446744073709551615,0,0.7548828125,609.362548828125,544.8511962890625,234.90692138671875,263.64862060546875,20250225-154514
95,18446744073709551615,0,0.791015625,757.0918579101562,1738.459716796875,179.56622314453125,314.2993469238281,20250225-154514
95,18446744073709551615,0,0.81982421875,601.9227905273438,161.5042724609375,210.65386962890625,368.788330078125,20250225-154514
95,18446744073709551615,0,0.86376953125,620.1053466796875,1211.8245849609375,288.7810363769531,325.30792236328125,20250225-154514
95,18446744073709551615,0,0.90283203125,401.5894775390625,1.50494384765625,354.11505126953125,668.62890625,20250225-154514
95,18446744073709551615,0,0.9453125,245.02734375,595.923095703125,951.49951171875,823.7069091796875,20250225-154514
96,18446744073709551615,0,0.4921875,601.2630615234375,1557.6708984375,235.16015625,192.966796875,20250225-154514
96,18446744073709551615,0,0.642578125,688.3189697265625,1855.153564453125,64.16253662109375,93.9444580078125,20250225-154514
96,18446744073709551615,0,0.67333984375,487.5061340332031,616.9962158203125,120.41683959960938,199.626708984375,20250225-154514
96,18446744073709551615,0,0.67919921875,693.3195190429688,1753.7786865234375,90.37188720703125,104.84115600585938,20250225-154514
96,18446744073709551615,0,0.69580078125,687.1151123046875,749.8622436523438,68.65507507324219,88.09552001953125,20250225-154514
96,18446744073709551615,0,0.74609375,517.9212646484375,1315.5341796875,183.84292602539062,287.2811279296875,20250225-154514
96,18446744073709551615,0,0.76416015625,610.5906372070312,543.1162109375,235.79196166992188,260.77386474609375,20250225-154514
96,18446744073709551615,0,0.80029296875,764.5116577148438,1739.9637451171875,178.34161376953125,307.5244445800781,20250225-154514
96,18446744073709551615,0,0.8251953125,603.6280517578125,164.8388671875,208.65811157226562,368.7307434082031,20250225-154514
96,18446744073709551615,0,0.86376953125,620.9463500976562,1211.5426025390625,288.8528137207031,325.7513122558594,20250225-154514
96,18446744073709551615,0,0.89697265625,401.71966552734375,1.46484375,355.1582336425781,668.420166015625,20250225-154514
96,18446744073709551615,0,0.94384765625,246.84979248046875,595.254150390625,948.7225341796875,821.8740234375,20250225-154514
97,18446744073709551615,0,0.56005859375,601.5662841796875,1555.040283203125,223.856689453125,178.5743408203125,20250225-154514
97,18446744073709551615,0,0.62451171875,490.10687255859375,616.2890625,120.25552368164062,200.78338623046875,20250225-154514
97,18446744073709551615,0,0.66455078125,689.0022583007812,750.458984375,67.84716796875,86.2503662109375,20250225-154514
97,18446744073709551615,0,0.69091796875,692.54736328125,1749.895751953125,94.44598388671875,104.65090942382812,20250225-154514
97,18446744073709551615,0,0.708984375,687.8016357421875,1856.118896484375,63.29205322265625,96.10208129882812,20250225-154514
97,18446744073709551615,0,0.73095703125,518.5885009765625,1310.42578125,184.814208984375,277.2352294921875,20250225-154514
97,18446744073709551615,0,0.7392578125,604.4351806640625,166.862060546875,204.34359741210938,365.3746032714844,20250225-154514
97,18446744073709551615,0,0.77197265625,612.1360473632812,553.1494140625,225.52679443359375,259.1186828613281,20250225-154514
97,18446744073709551615,0,0.80078125,768.7613525390625,1742.0372314453125,176.35235595703125,303.1024475097656,20250225-154514
97,18446744073709551615,0,0.8681640625,621.4861450195312,1214.442626953125,286.1651916503906,322.9340515136719,20250225-154514
97,18446744073709551615,0,0.88134765625,395.00482177734375,1.5823287963867188,359.831298828125,674.7980346679688,20250225-154514
97,18446744073709551615,0,0.94580078125,244.970947265625,595.14404296875,947.8580932617188,823.9209594726562,20250225-154514
98,18446744073709551615,0,0.53515625,601.5859375,1555.5947265625,229.116943359375,181.43829345703125,20250225-154514
98,18446744073709551615,0,0.60302734375,490.29400634765625,617.2219848632812,117.09251403808594,195.09310913085938,20250225-154514
98,18446744073709551615,0,0.6494140625,688.1854248046875,1855.7596435546875,63.601318359375,93.66650390625,20250225-154514
98,18446744073709551615,0,0.65478515625,688.3187255859375,751.7833251953125,66.95260620117188,87.86087036132812,20250225-154514
98,18446744073709551615,0,0.66796875,604.2674560546875,166.22793579101562,205.61105346679688,362.07879638671875,20250225-154514
98,18446744073709551615,0,0.73779296875,692.4153442382812,1752.5595703125,90.61761474609375,105.36721801757812,20250225-154514
98,18446744073709551615,0,0.7578125,611.3033447265625,552.12939453125,226.26388549804688,257.0478515625,20250225-154514
98,18446744073709551615,0,0.7958984375,757.39306640625,1740.7635498046875,177.4541015625,314.10369873046875,20250225-154514
98,18446744073709551615,0,0.86328125,390.99151611328125,1.3958816528320312,363.51666259765625,679.2845458984375,20250225-154514
98,18446744073709551615,0,0.8720703125,621.5344848632812,1212.1768798828125,287.7916259765625,324.7004699707031,20250225-154514
98,18446744073709551615,0,0.94287109375,243.0933837890625,595.4529418945312,946.9656372070312,826.0596313476562,20250225-154514
99,18446744073709551615,0,0.2958984375,583.6309204101562,813.9354858398438,120.57861328125,189.71209716796875,20250225-154514
99,18446744073709551615,0,0.5,601.166015625,1557.5621337890625,236.82952880859375,193.59320068359375,20250225-154514
99,18446744073709551615,0,0.5068359375,658.098388671875,169.90753173828125,201.6222381591797,310.04718017578125,20250225-154514
99,18446744073709551615,0,0.62255859375,687.0910034179688,751.8599853515625,65.27984619140625,87.18466186523438,20250225-154514
99,18446744073709551615,0,0.70556640625,688.1442260742188,1855.8299560546875,63.529541015625,94.46630859375,20250225-154514
99,18446744073709551615,0,0.7099609375,692.2840576171875,1751.0914306640625,92.42816162109375,104.02542114257812,20250225-154514
99,18446744073709551615,0,0.71484375,612.6377563476562,554.738037109375,223.8438720703125,259.03216552734375,20250225-154514
99,18446744073709551615,0,0.73193359375,490.3839111328125,618.25830078125,115.45806884765625,194.32882690429688,20250225-154514
99,18446744073709551615,0,0.751953125,517.753662109375,1301.484130859375,186.35943603515625,285.9862060546875,20250225-154514
99,18446744073709551615,0,0.7548828125,766.7611083984375,1742.4547119140625,175.7545166015625,305.17034912109375,20250225-154514
99,18446744073709551615,0,0.85107421875,390.8529052734375,2.02716064453125,369.46124267578125,679.9436645507812,20250225-154514
99,18446744073709551615,0,0.8701171875,621.1962890625,1210.080810546875,289.388671875,326.370849609375,20250225-154514
99,18446744073709551615,0,0.94482421875,241.98751831054688,595.5772705078125,946.666259765625,827.1741943359375,20250225-154514
100,18446744073709551615,0,0.33203125,581.4803466796875,814.8631591796875,119.8612060546875,191.72332763671875,20250225-154514
100,18446744073709551615,0,0.4658203125,703.1263427734375,177.6521759033203,195.109130859375,264.93548583984375,20250225-154514
100,18446744073709551615,0,0.4892578125,601.311767578125,1554.34130859375,236.20751953125,188.0767822265625,20250225-154514
100,18446744073709551615,0,0.64892578125,687.0887451171875,1855.634765625,63.7298583984375,94.05029296875,20250225-154514
100,18446744073709551615,0,0.64892578125,687.361083984375,751.4951171875,66.67117309570312,87.4434814453125,20250225-154514
100,18446744073709551615,0,0.69287109375,490.4813232421875,618.1268920898438,114.06399536132812,192.16470336914062,20250225-154514
100,18446744073709551615,0,0.71875,692.1849365234375,1754.7454833984375,88.35150146484375,103.85430908203125,20250225-154514
100,18446744073709551615,0,0.7490234375,611.7346801757812,552.7830810546875,223.75753784179688,255.87835693359375,20250225-154514
100,18446744073709551615,0,0.78271484375,757.2969360351562,1742.104248046875,176.02239990234375,314.92657470703125,20250225-154514
100,18446744073709551615,0,0.859375,620.1806030273438,1211.470947265625,286.8417663574219,326.7384338378906,20250225-154514
100,18446744073709551615,0,0.8681640625,382.865478515625,1.7145538330078125,375.8387451171875,687.4840087890625,20250225-154514
100,18446744073709551615,0,0.9462890625,240.5438232421875,596.8568115234375,945.7767333984375,828.7884521484375,20250225-154514
101,18446744073709551615,0,0.412109375,713.2294921875,179.9149627685547,192.5108642578125,253.13992309570312,20250225-154514
101,18446744073709551615,0,0.412109375,583.0614013671875,812.258544921875,122.8377685546875,192.73773193359375,20250225-154514
101,18446744073709551615,0,0.498046875,601.1716918945312,1554.0106201171875,231.439453125,181.04855346679688,20250225-154514
101,18446744073709551615,0,0.66259765625,687.18017578125,1856.3536376953125,63.0091552734375,93.9539794921875,20250225-154514
101,18446744073709551615,0,0.66552734375,687.118896484375,750.79736328125,65.48886108398438,88.6856689453125,20250225-154514
101,18446744073709551615,0,0.7294921875,491.6078796386719,617.000244140625,113.63887023925781,196.7449951171875,20250225-154514
101,18446744073709551615,0,0.736328125,610.7777099609375,545.656005859375,231.09164428710938,258.3709716796875,20250225-154514
101,18446744073709551615,0,0.74853515625,692.6500244140625,1753.0975341796875,90.54400634765625,104.6114501953125,20250225-154514
101,18446744073709551615,0,0.79638671875,759.5802612304688,1742.353271484375,175.87298583984375,312.0106201171875,20250225-154514
101,18446744073709551615,0,0.86572265625,385.541015625,1.7335968017578125,382.42236328125,683.2384643554688,20250225-154514
101,18446744073709551615,0,0.8681640625,619.714111328125,1210.5382080078125,288.14996337890625,325.2685546875,20250225-154514
101,18446744073709551615,0,0.94482421875,239.6605224609375,597.738037109375,944.239013671875,829.6201171875,20250225-154514
102,18446744073709551615,0,0.310791015625,583.2176513671875,812.2608032226562,129.73654174804688,191.86386108398438,20250225-154514
102,18446744073709551615,0,0.470703125,601.69189453125,1554.1915283203125,235.9808349609375,186.03305053710938,20250225-154514
102,18446744073709551615,0,0.63427734375,688.6173706054688,750.515869140625,69.32551574707031,91.55593872070312,20250225-154514
102,18446744073709551615,0,0.72021484375,687.3414916992188,1855.15380859375,64.254638671875,95.60916137695312,20250225-154514
102,18446744073709551615,0,0.7294921875,492.6479187011719,616.935791015625,112.40849304199219,198.62164306640625,20250225-154514
102,18446744073709551615,0,0.73095703125,611.8255004882812,551.970947265625,226.23614501953125,258.4058532714844,20250225-154514
102,18446744073709551615,0,0.77587890625,765.6326904296875,1743.2391357421875,175.05908203125,306.20379638671875,20250225-154514
102,18446744073709551615,0,0.77783203125,692.1942138671875,1752.1490478515625,91.55218505859375,104.40032958984375,20250225-154514
102,18446744073709551615,0,0.83935546875,385.95904541015625,2.1154632568359375,387.9980163574219,683.1451416015625,20250225-154514
102,18446744073709551615,0,0.85888671875,620.539306640625,1212.54736328125,287.5456237792969,327.2399597167969,20250225-154514
102,18446744073709551615,0,0.9482421875,240.9591064453125,599.4573364257812,940.9951171875,828.3283081054688,20250225-154514
103,18446744073709551615,0,0.201171875,684.6729125976562,464.41607666015625,66.14964294433594,71.51806640625,20250225-154514
103,18446744073709551615,0,0.247314453125,519.2017822265625,1287.732666015625,79.54705810546875,89.89041137695312,20250225-154514
103,18446744073709551615,0,0.330322265625,582.1642456054688,814.8050537109375,135.46334838867188,191.926025390625,20250225-154514
103,18446744073709551615,0,0.4921875,602.3552856445312,1556.5067138671875,236.55157470703125,189.93658447265625,20250225-154514
103,18446744073709551615,0,0.64599609375,688.478759765625,752.0166625976562,68.28813171386719,91.897705078125,20250225-154514
103,18446744073709551615,0,0.71240234375,688.0178833007812,1855.721923828125,63.63922119140625,94.21710205078125,20250225-154514
103,18446744073709551615,0,0.74169921875,492.74139404296875,616.654296875,112.163818359375,194.19488525390625,20250225-154514
103,18446744073709551615,0,0.76123046875,612.1380615234375,547.048095703125,230.68084716796875,256.1109924316406,20250225-154514
103,18446744073709551615,0,0.77880859375,692.1146850585938,1751.655029296875,92.36224365234375,104.60595703125,20250225-154514
103,18446744073709551615,0,0.78125,765.7276611328125,1742.9849853515625,175.4095458984375,306.1284484863281,20250225-154514
103,18446744073709551615,0,0.83544921875,620.0641479492188,1214.065673828125,286.7559814453125,326.0508728027344,20250225-154514
103,18446744073709551615,0,0.86474609375,385.0157775878906,1.8721160888671875,396.6826171875,683.7306518554688,20250225-154514
103,18446744073709551615,0,0.94873046875,241.52870178222656,600.6444702148438,939.6097412109375,827.9300537109375,20250225-154514
104,18446744073709551615,0,0.33642578125,518.8553466796875,1283.84326171875,79.3062744140625,90.70156860351562,20250225-154514
104,18446744073709551615,0,0.4716796875,602.3511962890625,1552.98876953125,245.9241943359375,192.83258056640625,20250225-154514
104,18446744073709551615,0,0.62255859375,687.4471435546875,750.3455200195312,72.15399169921875,95.64633178710938,20250225-154514
104,18446744073709551615,0,0.6953125,687.8980712890625,1855.4150390625,63.900146484375,94.1444091796875,20250225-154514
104,18446744073709551615,0,0.7431640625,492.9305419921875,616.7459106445312,111.42677307128906,197.28414916992188,20250225-154514
104,18446744073709551615,0,0.76220703125,612.2794189453125,545.4017333984375,229.85568237304688,255.283447265625,20250225-154514
104,18446744073709551615,0,0.77978515625,691.868408203125,1752.01318359375,92.70758056640625,105.41317749023438,20250225-154514
104,18446744073709551615,0,0.7900390625,759.6527709960938,1741.9603271484375,176.25640869140625,311.7574768066406,20250225-154514
104,18446744073709551615,0,0.85986328125,386.3689270019531,1.4464874267578125,411.346435546875,681.62841796875,20250225-154514
104,18446744073709551615,0,0.87109375,620.45263671875,1211.8343505859375,288.851806640625,329.3302001953125,20250225-154514
104,18446744073709551615,0,0.9482421875,241.91647338867188,600.97705078125,940.8231811523438,827.2501831054688,20250225-154514
105,18446744073709551615,0,0.223388671875,711.316162109375,217.740234375,157.71298217773438,234.60919189453125,20250225-154514
105,18446744073709551615,0,0.448486328125,518.067626953125,1282.211181640625,79.7501220703125,92.81332397460938,20250225-154514
105,18446744073709551615,0,0.5009765625,601.9716796875,1550.45947265625,245.61383056640625,192.85198974609375,20250225-154514
105,18446744073709551615,0,0.6494140625,687.263671875,1855.4425048828125,63.92083740234375,94.67440795898438,20250225-154514
105,18446744073709551615,0,0.669921875,686.7613525390625,751.2839965820312,70.25862121582031,93.10125732421875,20250225-154514
105,18446744073709551615,0,0.7607421875,492.55389404296875,617.286865234375,110.76718139648438,197.83236694335938,20250225-154514
105,18446744073709551615,0,0.77392578125,612.5035400390625,555.396484375,222.73526000976562,256.8216247558594,20250225-154514
105,18446744073709551615,0,0.77978515625,691.3881225585938,1749.8828125,93.561767578125,106.45257568359375,20250225-154514
105,18446744073709551615,0,0.7939453125,756.95068359375,1741.313720703125,176.8231201171875,313.9148254394531,20250225-154514
105,18446744073709551615,0,0.81298828125,618.8638916015625,1213.24560546875,287.4795227050781,329.8664245605469,20250225-154514
105,18446744073709551615,0,0.8642578125,385.324951171875,2.045196533203125,409.69354248046875,683.9859008789062,20250225-154514
105,18446744073709551615,0,0.94775390625,237.8700714111328,599.5420532226562,940.8870849609375,831.74560546875,20250225-154514
106,18446744073709551615,0,0.220703125,668.3875122070312,1550.7242431640625,75.32061767578125,101.31912231445312,20250225-154515
106,18446744073709551615,0,0.4833984375,517.6572265625,1281.351318359375,79.86795043945312,93.7159423828125,20250225-154515
106,18446744073709551615,0,0.5048828125,601.5983276367188,1552.172607421875,246.6134033203125,186.35073852539062,20250225-154515
106,18446744073709551615,0,0.658203125,686.8984375,749.9652099609375,67.89349365234375,89.4246826171875,20250225-154515
106,18446744073709551615,0,0.69580078125,687.7948608398438,1855.2088623046875,64.15411376953125,94.82363891601562,20250225-154515
106,18446744073709551615,0,0.7431640625,611.6563720703125,552.200439453125,226.08480834960938,259.283935546875,20250225-154515
106,18446744073709551615,0,0.744140625,492.93310546875,618.5201416015625,109.00630187988281,194.99130249023438,20250225-154515
106,18446744073709551615,0,0.7734375,691.6576538085938,1747.8460693359375,98.36187744140625,105.602783203125,20250225-154515
106,18446744073709551615,0,0.7822265625,766.5518798828125,1742.296875,176.10955810546875,306.36199951171875,20250225-154515
106,18446744073709551615,0,0.8369140625,382.89422607421875,1.606842041015625,416.80279541015625,686.6610107421875,20250225-154515
106,18446744073709551615,0,0.8544921875,618.5001220703125,1211.573974609375,288.9381408691406,329.45050048828125,20250225-154515
106,18446744073709551615,0,0.947265625,242.138671875,597.4216918945312,942.283447265625,827.4266967773438,20250225-154515
107,18446744073709551615,0,0.4765625,601.7902221679688,1550.3741455078125,250.01751708984375,195.90719604492188,20250225-154515
107,18446744073709551615,0,0.5166015625,518.0736694335938,1281.1175537109375,79.178466796875,92.29183959960938,20250225-154515
107,18446744073709551615,0,0.6376953125,688.2412719726562,750.8092041015625,69.48971557617188,93.51937866210938,20250225-154515
107,18446744073709551615,0,0.70654296875,687.56396484375,1855.3984375,63.9169921875,96.65945434570312,20250225-154515
107,18446744073709551615,0,0.75830078125,492.65093994140625,616.92529296875,110.32754516601562,196.89047241210938,20250225-154515
107,18446744073709551615,0,0.763671875,771.6967163085938,1741.8310546875,176.76800537109375,301.7769470214844,20250225-154515
107,18446744073709551615,0,0.7724609375,612.2122192382812,556.0311279296875,219.93594360351562,253.70022583007812,20250225-154515
107,18446744073709551615,0,0.78076171875,691.28662109375,1746.36669921875,100.1092529296875,104.4093017578125,20250225-154515
107,18446744073709551615,0,0.83642578125,619.5364990234375,1212.75830078125,287.1050720214844,329.170166015625,20250225-154515
107,18446744073709551615,0,0.880859375,382.4642028808594,1.67303466796875,422.1839904785156,687.4942016601562,20250225-154515
107,18446744073709551615,0,0.947265625,243.74693298339844,593.27783203125,947.5431518554688,826.072998046875,20250225-154515
108,18446744073709551615,0,0.4697265625,518.3426513671875,1281.36279296875,78.22174072265625,91.79397583007812,20250225-154515
108,18446744073709551615,0,0.478515625,601.8094482421875,1553.017822265625,261.23583984375,208.5703125,20250225-154515
108,18446744073709551615,0,0.6162109375,688.6235961914062,749.968017578125,73.00534057617188,94.79763793945312,20250225-154515
108,18446744073709551615,0,0.67724609375,687.8089599609375,1855.57177734375,63.79156494140625,96.76473999023438,20250225-154515
108,18446744073709551615,0,0.73583984375,771.9549560546875,1742.2862548828125,176.00445556640625,300.339111328125,20250225-154515
108,18446744073709551615,0,0.751953125,493.027587890625,616.6887817382812,110.62911987304688,196.52801513671875,20250225-154515
108,18446744073709551615,0,0.77587890625,612.32666015625,555.6397705078125,220.7406005859375,251.68853759765625,20250225-154515
108,18446744073709551615,0,0.78076171875,691.7341918945312,1747.2388916015625,99.19281005859375,105.76181030273438,20250225-154515
108,18446744073709551615,0,0.80810546875,619.104248046875,1212.494873046875,287.4342956542969,328.5640869140625,20250225-154515
108,18446744073709551615,0,0.89306640625,381.8614196777344,1.56463623046875,431.63287353515625,687.873046875,20250225-154515
108,18446744073709551615,0,0.9462890625,243.05104064941406,587.3338623046875,952.3591918945312,826.6673583984375,20250225-154515
109,18446744073709551615,0,0.53125,603.1785278320312,1550.7813720703125,241.05303955078125,181.2744140625,20250225-154515
109,18446744073709551615,0,0.57958984375,518.1170654296875,1281.822265625,78.57669067382812,92.31893920898438,20250225-154515
109,18446744073709551615,0,0.6533203125,687.9482421875,1855.75048828125,63.613037109375,94.480224609375,20250225-154515
109,18446744073709551615,0,0.65478515625,688.5592041015625,752.2679443359375,68.1324462890625,93.5614013671875,20250225-154515
109,18446744073709551615,0,0.74169921875,691.7243041992188,1747.861572265625,99.2138671875,105.715576171875,20250225-154515
109,18446744073709551615,0,0.75439453125,492.93292236328125,615.7325439453125,111.45726013183594,200.69265747070312,20250225-154515
109,18446744073709551615,0,0.7861328125,759.2208251953125,1742.3221435546875,176.2734375,314.4554443359375,20250225-154515
109,18446744073709551615,0,0.78857421875,612.7619018554688,550.7696533203125,227.03073120117188,248.41058349609375,20250225-154515
109,18446744073709551615,0,0.83544921875,619.3672485351562,1211.22998046875,288.58575439453125,327.5554504394531,20250225-154515
109,18446744073709551615,0,0.89501953125,381.418212890625,1.532867431640625,440.9768371582031,688.3404541015625,20250225-154515
109,18446744073709551615,0,0.94677734375,238.11964416503906,576.5559692382812,962.1932373046875,832.30224609375,20250225-154515
110,18446744073709551615,0,0.230224609375,665.1326904296875,1551.5540771484375,73.5772705078125,104.25421142578125,20250225-154515
110,18446744073709551615,0,0.29736328125,580.10205078125,824.8729248046875,60.402923583984375,82.97918701171875,20250225-154515
110,18446744073709551615,0,0.490234375,517.9788208007812,1283.2137451171875,78.43643188476562,87.50994873046875,20250225-154515
110,18446744073709551615,0,0.54296875,602.9464111328125,1551.607177734375,235.149169921875,182.31134033203125,20250225-154515
110,18446744073709551615,0,0.65576171875,687.746337890625,1855.5992431640625,63.76153564453125,94.52188110351562,20250225-154515
110,18446744073709551615,0,0.6826171875,687.3310546875,750.9273071289062,68.55610656738281,94.40972900390625,20250225-154515
110,18446744073709551615,0,0.74072265625,493.1194152832031,616.8970947265625,110.77043151855469,197.24688720703125,20250225-154515
110,18446744073709551615,0,0.75927734375,768.09521484375,1742.010498046875,176.58160400390625,306.0233459472656,20250225-154515
110,18446744073709551615,0,0.7890625,691.9417724609375,1749.59033203125,97.01953125,105.92413330078125,20250225-154515
110,18446744073709551615,0,0.8056640625,611.2816772460938,542.32080078125,235.34225463867188,244.78033447265625,20250225-154515
110,18446744073709551615,0,0.8349609375,618.4991455078125,1211.77783203125,288.0574035644531,329.5432434082031,20250225-154515
110,18446744073709551615,0,0.8955078125,383.4818115234375,1.852935791015625,455.4322509765625,685.466796875,20250225-154515
110,18446744073709551615,0,0.9404296875,240.75022888183594,569.6906127929688,968.3294677734375,829.7222900390625,20250225-154515
111,18446744073709551615,0,0.2100830078125,663.2724609375,1553.045654296875,73.70050048828125,105.67474365234375,20250225-154515
111,18446744073709551615,0,0.544921875,517.351806640625,1285.001953125,76.83590698242188,86.91778564453125,20250225-154515
111,18446744073709551615,0,0.57470703125,601.423095703125,1554.807373046875,238.8629150390625,198.00595092773438,20250225-154515
111,18446744073709551615,0,0.66357421875,686.716064453125,749.92138671875,70.20986938476562,90.08477783203125,20250225-154515
111,18446744073709551615,0,0.71484375,687.6908569335938,1855.685302734375,63.67474365234375,96.8258056640625,20250225-154515
111,18446744073709551615,0,0.72021484375,492.6514892578125,615.9521484375,112.19549560546875,200.9036865234375,20250225-154515
111,18446744073709551615,0,0.7734375,770.1329956054688,1739.61328125,178.9888916015625,303.34991455078125,20250225-154515
111,18446744073709551615,0,0.7734375,610.0792236328125,548.6588745117188,229.7332763671875,246.65725708007812,20250225-154515
111,18446744073709551615,0,0.7880859375,691.697021484375,1749.8741455078125,95.73431396484375,104.1383056640625,20250225-154515
111,18446744073709551615,0,0.80908203125,618.8171997070312,1211.03271484375,288.7013854980469,329.6728820800781,20250225-154515
111,18446744073709551615,0,0.90478515625,378.65570068359375,1.8446502685546875,471.7960510253906,689.4400634765625,20250225-154515
111,18446744073709551615,0,0.943359375,238.8109130859375,569.9279174804688,969.399169921875,831.4048461914062,20250225-154515
112,18446744073709551615,0,0.20947265625,663.8098754882812,1554.0025634765625,74.16357421875,104.97427368164062,20250225-154515
112,18446744073709551615,0,0.259765625,517.07861328125,1287.2789306640625,78.8818359375,86.786865234375,20250225-154515
112,18446744073709551615,0,0.5478515625,516.3511962890625,1288.68603515625,201.05108642578125,267.0043029785156,20250225-154515
112,18446744073709551615,0,0.59814453125,603.1126708984375,1554.301025390625,236.24688720703125,186.2801513671875,20250225-154515
112,18446744073709551615,0,0.6884765625,686.3607788085938,751.3616943359375,67.48736572265625,89.17538452148438,20250225-154515
112,18446744073709551615,0,0.69775390625,687.803466796875,1855.63427734375,63.7254638671875,94.12362670898438,20250225-154515
112,18446744073709551615,0,0.708984375,494.9923095703125,617.2545776367188,111.72816467285156,193.45513916015625,20250225-154515
112,18446744073709551615,0,0.73193359375,691.5855102539062,1745.8839111328125,99.27227783203125,105.12606811523438,20250225-154515
112,18446744073709551615,0,0.7734375,767.8131103515625,1739.87255859375,178.72100830078125,305.5810546875,20250225-154515
112,18446744073709551615,0,0.7822265625,610.474365234375,545.135009765625,236.067626953125,245.921630859375,20250225-154515
112,18446744073709551615,0,0.83447265625,619.3802490234375,1211.9747314453125,288.9254150390625,330.8123474121094,20250225-154515
112,18446744073709551615,0,0.91357421875,376.26873779296875,2.012786865234375,474.47271728515625,691.8499755859375,20250225-154515
112,18446744073709551615,0,0.9423828125,240.5859375,574.8286743164062,963.593994140625,829.6840209960938,20250225-154515
113,18446744073709551615,0,0.272705078125,517.22705078125,1288.966796875,79.0513916015625,84.0263671875,20250225-154515
113,18446744073709551615,0,0.61669921875,602.504150390625,1554.515869140625,243.7298583984375,191.64715576171875,20250225-154515
113,18446744073709551615,0,0.681640625,517.538330078125,1289.09033203125,204.39486694335938,271.29949951171875,20250225-154515
113,18446744073709551615,0,0.7099609375,687.627685546875,1856.833740234375,62.57427978515625,95.45562744140625,20250225-154515
113,18446744073709551615,0,0.71630859375,686.7617797851562,752.3479614257812,66.659912109375,90.20498657226562,20250225-154515
113,18446744073709551615,0,0.75146484375,495.17523193359375,617.7252197265625,112.16166687011719,193.19174194335938,20250225-154515
113,18446744073709551615,0,0.75341796875,691.513671875,1746.059814453125,99.0560302734375,105.42938232421875,20250225-154515
113,18446744073709551615,0,0.7744140625,765.7238159179688,1739.801513671875,178.23394775390625,305.95733642578125,20250225-154515
113,18446744073709551615,0,0.791015625,611.68798828125,544.3878173828125,235.09259033203125,246.17660522460938,20250225-154515
113,18446744073709551615,0,0.84765625,620.449951171875,1211.029052734375,290.6199645996094,328.23687744140625,20250225-154515
113,18446744073709551615,0,0.9150390625,380.3896179199219,1.539825439453125,474.1581115722656,689.7401733398438,20250225-154515
113,18446744073709551615,0,0.9423828125,242.88848876953125,583.4141235351562,957.6696166992188,827.5836181640625,20250225-154515
114,18446744073709551615,0,0.2493896484375,663.6212768554688,1554.117919921875,74.8524169921875,106.56802368164062,20250225-154515
114,18446744073709551615,0,0.63720703125,603.475341796875,1552.9962158203125,249.49365234375,197.11825561523438,20250225-154515
114,18446744073709551615,0,0.64794921875,687.325927734375,1855.9661865234375,63.39495849609375,93.94656372070312,20250225-154515
114,18446744073709551615,0,0.669921875,686.84765625,751.3252563476562,67.93583679199219,87.2113037109375,20250225-154515
114,18446744073709551615,0,0.7041015625,516.6844482421875,1291.2799072265625,202.83810424804688,268.8343505859375,20250225-154515
114,18446744073709551615,0,0.7333984375,495.0816650390625,617.9574584960938,112.27194213867188,192.67657470703125,20250225-154515
114,18446744073709551615,0,0.7744140625,758.6363525390625,1738.910888671875,179.1265869140625,313.1320495605469,20250225-154515
114,18446744073709551615,0,0.7841796875,611.26611328125,542.4815673828125,237.92257690429688,247.88699340820312,20250225-154515
114,18446744073709551615,0,0.78515625,691.357177734375,1749.1007080078125,96.6676025390625,105.97988891601562,20250225-154515
114,18446744073709551615,0,0.8388671875,619.281982421875,1214.510986328125,286.4867248535156,329.315185546875,20250225-154515
114,18446744073709551615,0,0.91748046875,380.24578857421875,1.921600341796875,475.39892578125,689.222412109375,20250225-154515
114,18446744073709551615,0,0.9404296875,246.41551208496094,584.4163208007812,956.8948974609375,823.541748046875,20250225-154515
115,18446744073709551615,0,0.275146484375,662.8222045898438,1554.3240966796875,78.42901611328125,107.19378662109375,20250225-154515
115,18446744073709551615,0,0.6123046875,686.577392578125,753.8946533203125,61.76202392578125,86.37689208984375,20250225-154515
115,18446744073709551615,0,0.6298828125,515.9232788085938,1295.89599609375,199.32357788085938,266.24688720703125,20250225-154515
115,18446744073709551615,0,0.64794921875,602.5079345703125,1554.392578125,236.00921630859375,188.02239990234375,20250225-154515
115,18446744073709551615,0,0.6884765625,687.2202758789062,1856.18701171875,63.12689208984375,94.22882080078125,20250225-154515
115,18446744073709551615,0,0.7255859375,494.2467041015625,616.109619140625,114.90582275390625,193.31900024414062,20250225-154515
115,18446744073709551615,0,0.73095703125,619.0616455078125,1213.841796875,287.572998046875,328.33795166015625,20250225-154515
115,18446744073709551615,0,0.79296875,764.1461791992188,1738.7794189453125,179.35894775390625,307.44085693359375,20250225-154515
115,18446744073709551615,0,0.79296875,691.20947265625,1749.56787109375,95.60595703125,107.29888916015625,20250225-154515
115,18446744073709551615,0,0.80126953125,610.6717529296875,541.1065673828125,235.1744384765625,248.72589111328125,20250225-154515
115,18446744073709551615,0,0.916015625,380.11871337890625,2.3684234619140625,476.1510314941406,689.72119140625,20250225-154515
115,18446744073709551615,0,0.9365234375,249.024169921875,579.0603637695312,963.4603271484375,821.2218017578125,20250225-154515
116,18446744073709551615,0,0.64404296875,603.3162231445312,1553.2474365234375,233.68267822265625,180.90371704101562,20250225-154515
116,18446744073709551615,0,0.66357421875,686.6207885742188,752.0308837890625,64.1678466796875,84.97320556640625,20250225-154515
116,18446744073709551615,0,0.7138671875,691.8013916015625,1748.420166015625,96.6492919921875,106.1275634765625,20250225-154515
116,18446744073709551615,0,0.71484375,687.3134765625,1855.8109130859375,63.59490966796875,95.35171508789062,20250225-154515
116,18446744073709551615,0,0.7470703125,494.14691162109375,617.0755615234375,114.16310119628906,194.07925415039062,20250225-154515
116,18446744073709551615,0,0.7548828125,516.4572143554688,1298.087890625,198.57952880859375,271.2586669921875,20250225-154515
116,18446744073709551615,0,0.794921875,770.9152221679688,1738.8270263671875,179.48675537109375,301.2095031738281,20250225-154515
116,18446744073709551615,0,0.80078125,609.8291015625,549.5115966796875,228.58538818359375,253.10440063476562,20250225-154515
116,18446744073709551615,0,0.8359375,620.039794921875,1213.93017578125,287.5573425292969,328.4261169433594,20250225-154515
116,18446744073709551615,0,0.92431640625,384.68939208984375,1.720733642578125,476.1684265136719,685.478759765625,20250225-154515
116,18446744073709551615,0,0.94140625,250.5487060546875,581.5540161132812,962.685791015625,819.561767578125,20250225-154515
117,18446744073709551615,0,0.338134765625,662.6881713867188,1555.74755859375,77.20697021484375,106.39215087890625,20250225-154515
117,18446744073709551615,0,0.60693359375,604.9874267578125,1553.951904296875,264.6925048828125,197.63150024414062,20250225-154515
117,18446744073709551615,0,0.63330078125,687.1904296875,750.513916015625,67.06645202636719,83.09024047851562,20250225-154515
117,18446744073709551615,0,0.70068359375,687.3751831054688,1856.398193359375,63.05859375,95.68331909179688,20250225-154515
117,18446744073709551615,0,0.7255859375,495.08184814453125,617.2398681640625,114.40425109863281,191.50643920898438,20250225-154515
117,18446744073709551615,0,0.75146484375,769.7064208984375,1740.7562255859375,177.6126708984375,302.50360107421875,20250225-154515
117,18446744073709551615,0,0.75927734375,691.2381591796875,1743.4244384765625,102.05877685546875,105.70513916015625,20250225-154515
117,18446744073709551615,0,0.76123046875,516.233642578125,1303.130615234375,194.00839233398438,278.4518737792969,20250225-154515
117,18446744073709551615,0,0.82177734375,609.3936767578125,539.7818603515625,236.90945434570312,255.84036254882812,20250225-154515
117,18446744073709551615,0,0.849609375,621.617431640625,1212.950439453125,288.0000915527344,324.9949951171875,20250225-154515
117,18446744073709551615,0,0.93017578125,384.92596435546875,1.327972412109375,480.7811279296875,684.786376953125,20250225-154515
117,18446744073709551615,0,0.94287109375,251.48876953125,580.4835815429688,965.13720703125,818.1439819335938,20250225-154515
118,18446744073709551615,0,0.2486572265625,517.0867309570312,1306.2889404296875,75.474609375,84.992431640625,20250225-154515
118,18446744073709551615,0,0.3310546875,724.2218627929688,814.4463500976562,41.402435302734375,46.322662353515625,20250225-154515
118,18446744073709551615,0,0.67041015625,688.0039672851562,751.5235595703125,64.85321044921875,83.13143920898438,20250225-154515
118,18446744073709551615,0,0.6748046875,605.8740234375,1554.736083984375,254.37103271484375,196.82199096679688,20250225-154515
118,18446744073709551615,0,0.6767578125,687.245361328125,1856.099853515625,63.26239013671875,95.7996826171875,20250225-154515
118,18446744073709551615,0,0.72509765625,495.0791015625,615.7540283203125,115.89949035644531,196.20977783203125,20250225-154515
118,18446744073709551615,0,0.7333984375,516.8345947265625,1306.5673828125,191.39950561523438,268.0323486328125,20250225-154515
118,18446744073709551615,0,0.7607421875,690.9385986328125,1737.059326171875,107.93170166015625,107.281494140625,20250225-154515
118,18446744073709551615,0,0.79296875,762.6381225585938,1740.459228515625,177.75018310546875,309.5010681152344,20250225-154515
118,18446744073709551615,0,0.814453125,610.4328002929688,543.0601806640625,234.75466918945312,258.6669616699219,20250225-154515
118,18446744073709551615,0,0.833984375,621.6414184570312,1210.20263671875,290.7615966796875,325.5838623046875,20250225-154515
118,18446744073709551615,0,0.93212890625,386.94598388671875,1.514007568359375,484.0210876464844,682.0317993164062,20250225-154515
118,18446744073709551615,0,0.94189453125,251.1177978515625,578.804443359375,967.2075805664062,818.5206298828125,20250225-154515
119,18446744073709551615,0,0.264404296875,661.8050537109375,1557.2080078125,75.1417236328125,106.48361206054688,20250225-154515
119,18446744073709551615,0,0.61328125,603.8966674804688,1558.9281005859375,252.61651611328125,198.6624755859375,20250225-154515
119,18446744073709551615,0,0.68359375,494.8025207519531,617.7552490234375,114.88494873046875,190.91436767578125,20250225-154515
119,18446744073709551615,0,0.69677734375,687.4942626953125,1857.05517578125,62.354736328125,94.12884521484375,20250225-154515
119,18446744073709551615,0,0.69775390625,686.963623046875,751.06298828125,66.006591796875,82.64227294921875,20250225-154515
119,18446744073709551615,0,0.7490234375,690.7879028320312,1746.0029296875,100.05908203125,107.63250732421875,20250225-154515
119,18446744073709551615,0,0.7646484375,516.2920532226562,1309.180908203125,188.89251708984375,279.421142578125,20250225-154515
119,18446744073709551615,0,0.79052734375,767.656494140625,1739.61279296875,178.6072998046875,304.107421875,20250225-154515
119,18446744073709551615,0,0.82177734375,610.01806640625,549.3209228515625,228.94683837890625,260.568603515625,20250225-154515
119,18446744073709551615,0,0.8232421875,621.2215576171875,1215.7548828125,284.13336181640625,323.0329284667969,20250225-154515
119,18446744073709551615,0,0.93408203125,388.4515686035156,1.5005950927734375,486.59051513671875,681.01171875,20250225-154515
119,18446744073709551615,0,0.9384765625,251.14727783203125,583.6563720703125,965.9287719726562,818.7513427734375,20250225-154515
120,18446744073709551615,0,0.3310546875,490.4923095703125,465.53228759765625,275.4737548828125,280.9944763183594,20250225-154515
120,18446744073709551615,0,0.64599609375,492.5570068359375,616.916259765625,116.30873107910156,192.3900146484375,20250225-154515
120,18446744073709551615,0,0.6611328125,685.7473754882812,1855.937255859375,63.474609375,95.67645263671875,20250225-154515
120,18446744073709551615,0,0.681640625,601.8887329101562,1558.188720703125,235.88433837890625,200.83126831054688,20250225-154515
120,18446744073709551615,0,0.681640625,686.5248413085938,749.5859375,68.29568481445312,82.90191650390625,20250225-154515
120,18446744073709551615,0,0.75146484375,515.8392333984375,1311.6142578125,186.65579223632812,277.1274719238281,20250225-154515
120,18446744073709551615,0,0.75927734375,688.373291015625,1746.7371826171875,98.44482421875,111.93914794921875,20250225-154515
120,18446744073709551615,0,0.79638671875,768.2316284179688,1740.0860595703125,178.11859130859375,303.5362243652344,20250225-154515
120,18446744073709551615,0,0.80615234375,620.90576171875,1217.7611083984375,283.36376953125,321.86077880859375,20250225-154515
120,18446744073709551615,0,0.8154296875,609.6487426757812,548.309814453125,231.13375854492188,261.3007507324219,20250225-154515
120,18446744073709551615,0,0.93603515625,388.23175048828125,0.93402099609375,491.2006530761719,680.2542724609375,20250225-154515
120,18446744073709551615,0,0.94140625,252.46041870117188,586.0540771484375,964.846435546875,817.2030029296875,20250225-154515
121,18446744073709551615,0,0.4140625,488.5546875,465.70770263671875,275.62933349609375,283.6125183105469,20250225-154515
121,18446744073709551615,0,0.6591796875,603.37060546875,1553.5118408203125,231.03387451171875,177.75503540039062,20250225-154515
121,18446744073709551615,0,0.66552734375,492.75567626953125,625.082763671875,107.16096496582031,183.89859008789062,20250225-154515
121,18446744073709551615,0,0.67919921875,686.7403564453125,750.7147216796875,65.49554443359375,82.12417602539062,20250225-154515
121,18446744073709551615,0,0.6826171875,685.9638061523438,1856.1148681640625,63.33856201171875,94.87747192382812,20250225-154515
121,18446744073709551615,0,0.744140625,689.97509765625,1741.8525390625,103.527099609375,118.02035522460938,20250225-154515
121,18446744073709551615,0,0.7724609375,517.0989990234375,1312.5223388671875,185.67279052734375,271.5233459472656,20250225-154515
121,18446744073709551615,0,0.7939453125,621.30029296875,1218.286376953125,282.1643371582031,324.69854736328125,20250225-154515
121,18446744073709551615,0,0.79638671875,768.142822265625,1739.14306640625,179.17291259765625,303.52130126953125,20250225-154515
121,18446744073709551615,0,0.79736328125,609.3092651367188,549.803955078125,228.14593505859375,265.6403503417969,20250225-154515
121,18446744073709551615,0,0.9365234375,388.30718994140625,0.936767578125,493.3464660644531,680.7850341796875,20250225-154515
121,18446744073709551615,0,0.94140625,251.90487670898438,586.962890625,963.0932006835938,818.384765625,20250225-154515
122,18446744073709551615,0,0.2005615234375,663.28857421875,1555.0859375,80.826416015625,107.40005493164062,20250225-154515
122,18446744073709551615,0,0.3486328125,490.93377685546875,467.70355224609375,275.26104736328125,290.0061950683594,20250225-154515
122,18446744073709551615,0,0.60498046875,494.70849609375,617.0496826171875,116.73994445800781,192.79376220703125,20250225-154515
122,18446744073709551615,0,0.62060546875,605.5845336914062,1553.7857666015625,228.22686767578125,174.4171142578125,20250225-154515
122,18446744073709551615,0,0.62255859375,686.9737548828125,1854.6998291015625,64.66168212890625,97.846435546875,20250225-154515
122,18446744073709551615,0,0.67822265625,691.8922119140625,1745.234619140625,99.72564697265625,110.36004638671875,20250225-154515
122,18446744073709551615,0,0.69287109375,688.606689453125,753.1905517578125,63.432220458984375,82.5391845703125,20250225-154515
122,18446744073709551615,0,0.72509765625,767.9426879882812,1740.226318359375,178.03948974609375,304.3691711425781,20250225-154515
122,18446744073709551615,0,0.783203125,519.0263671875,1313.6976318359375,185.20916748046875,269.54901123046875,20250225-154515
122,18446744073709551615,0,0.79736328125,623.6678466796875,1218.130126953125,282.9136962890625,321.6755676269531,20250225-154515
122,18446744073709551615,0,0.82373046875,610.1559448242188,554.979736328125,222.00558471679688,267.7599792480469,20250225-154515
122,18446744073709551615,0,0.9345703125,389.22711181640625,0.744049072265625,494.2826843261719,679.586181640625,20250225-154515
122,18446744073709551615,0,0.9443359375,254.73060607910156,587.1257934570312,962.2056884765625,815.408203125,20250225-154515
123,18446744073709551615,0,0.484375,490.2322998046875,464.7547302246094,277.5091552734375,273.0859680175781,20250225-154515
123,18446744073709551615,0,0.57568359375,494.73394775390625,627.7387084960938,104.46066284179688,166.93203735351562,20250225-154515
123,18446744073709551615,0,0.6142578125,605.53369140625,1552.74755859375,223.04571533203125,171.8367919921875,20250225-154515
123,18446744073709551615,0,0.6611328125,688.0863647460938,1855.918212890625,63.39935302734375,94.8658447265625,20250225-154515
123,18446744073709551615,0,0.6689453125,692.7802734375,1738.626708984375,106.41961669921875,103.424560546875,20250225-154515
123,18446744073709551615,0,0.67236328125,688.7305297851562,751.1983032226562,66.00471496582031,82.43344116210938,20250225-154515
123,18446744073709551615,0,0.73486328125,760.9879760742188,1740.690673828125,177.57916259765625,311.2273864746094,20250225-154515
123,18446744073709551615,0,0.7744140625,623.850341796875,1217.722412109375,283.07025146484375,321.54510498046875,20250225-154515
123,18446744073709551615,0,0.79248046875,519.6029663085938,1315.136962890625,183.6650390625,266.3702087402344,20250225-154515
123,18446744073709551615,0,0.80859375,611.2093505859375,551.2249145507812,225.75723266601562,266.7340393066406,20250225-154515
123,18446744073709551615,0,0.93310546875,391.03472900390625,1.1224365234375,495.358154296875,678.490478515625,20250225-154515
123,18446744073709551615,0,0.93994140625,255.4884796142578,586.7105712890625,965.9705200195312,814.3875732421875,20250225-154515
124,18446744073709551615,0,0.27587890625,663.3680419921875,1552.905029296875,83.79071044921875,106.23587036132812,20250225-154515
124,18446744073709551615,0,0.416748046875,489.23455810546875,466.3748474121094,278.269287109375,275.6128234863281,20250225-154515
124,18446744073709551615,0,0.478515625,603.5820922851562,1552.576171875,265.67303466796875,192.3438720703125,20250225-154515
124,18446744073709551615,0,0.57177734375,493.5865173339844,628.9371337890625,103.56289672851562,167.001708984375,20250225-154515
124,18446744073709551615,0,0.63720703125,687.8228759765625,1855.2308349609375,64.1312255859375,94.36331176757812,20250225-154515
124,18446744073709551615,0,0.65478515625,687.69384765625,752.2125244140625,64.35420227050781,81.41510009765625,20250225-154515
124,18446744073709551615,0,0.7607421875,690.7672119140625,1734.668701171875,110.71160888671875,106.35992431640625,20250225-154515
124,18446744073709551615,0,0.76611328125,622.8841552734375,1216.4205322265625,282.84210205078125,321.3756408691406,20250225-154515
124,18446744073709551615,0,0.7734375,609.6573486328125,567.7701416015625,206.7403564453125,268.27020263671875,20250225-154515
124,18446744073709551615,0,0.791015625,759.8757934570312,1740.325927734375,177.87799072265625,312.1593933105469,20250225-154515
124,18446744073709551615,0,0.79736328125,519.8419189453125,1316.78515625,181.7874755859375,266.7792663574219,20250225-154515
124,18446744073709551615,0,0.9326171875,390.81884765625,1.1249542236328125,496.870361328125,678.8483276367188,20250225-154515
124,18446744073709551615,0,0.94189453125,254.1544189453125,583.4527587890625,969.978515625,815.4662475585938,20250225-154515
125,18446744073709551615,0,0.2166748046875,661.8762817382812,1553.5506591796875,81.9755859375,107.4671630859375,20250225-154515
125,18446744073709551615,0,0.357666015625,489.1361389160156,468.38525390625,278.9140319824219,276.993896484375,20250225-154515
125,18446744073709551615,0,0.583984375,492.6427001953125,627.9432373046875,105.12020874023438,172.32394409179688,20250225-154515
125,18446744073709551615,0,0.6318359375,601.3260498046875,1554.1358642578125,250.76971435546875,205.23980712890625,20250225-154515
125,18446744073709551615,0,0.66015625,686.9171142578125,751.01611328125,66.42182922363281,81.31695556640625,20250225-154515
125,18446744073709551615,0,0.68994140625,685.9461669921875,1855.7779541015625,63.62750244140625,95.26263427734375,20250225-154515
125,18446744073709551615,0,0.76123046875,688.3379516601562,1739.785400390625,104.44464111328125,114.77023315429688,20250225-154515
125,18446744073709551615,0,0.76611328125,764.7346801757812,1740.305419921875,177.90216064453125,307.6804504394531,20250225-154515
125,18446744073709551615,0,0.7900390625,610.2198486328125,561.9574584960938,212.000244140625,265.0049743652344,20250225-154515
125,18446744073709551615,0,0.79296875,519.1521606445312,1318.4921875,180.79605102539062,268.19952392578125,20250225-154515
125,18446744073709551615,0,0.8017578125,621.0496215820312,1216.541748046875,284.1860046386719,323.8568115234375,20250225-154515
125,18446744073709551615,0,0.93310546875,390.4449462890625,1.119140625,496.7643127441406,678.5645751953125,20250225-154515
125,18446744073709551615,0,0.94140625,254.3250732421875,581.7740478515625,973.803955078125,815.29541015625,20250225-154515
126,18446744073709551615,0,0.27978515625,661.3353881835938,1552.2249755859375,81.17230224609375,107.23068237304688,20250225-154515
126,18446744073709551615,0,0.59912109375,491.2770080566406,628.7027587890625,104.117431640625,173.29705810546875,20250225-154515
126,18446744073709551615,0,0.61669921875,602.269287109375,1549.4857177734375,232.891845703125,176.548828125,20250225-154515
126,18446744073709551615,0,0.6748046875,686.658447265625,750.0984497070312,68.08781433105469,81.06793212890625,20250225-154515
126,18446744073709551615,0,0.71630859375,685.9178466796875,1855.185791015625,64.17242431640625,96.11801147460938,20250225-154515
126,18446744073709551615,0,0.7431640625,689.0846557617188,1734.8466796875,108.97686767578125,123.32308959960938,20250225-154515
126,18446744073709551615,0,0.77587890625,769.248046875,1740.7628173828125,177.5423583984375,302.7812805175781,20250225-154515
126,18446744073709551615,0,0.7890625,621.3598022460938,1216.767822265625,280.3422546386719,315.6587219238281,20250225-154515
126,18446744073709551615,0,0.79931640625,519.6688842773438,1321.1534423828125,177.7437744140625,268.9226989746094,20250225-154515
126,18446744073709551615,0,0.8076171875,611.329833984375,542.4724731445312,228.913330078125,263.9080810546875,20250225-154515
126,18446744073709551615,0,0.9326171875,389.1990966796875,1.1209716796875,495.7613525390625,679.9645385742188,20250225-154515
126,18446744073709551615,0,0.943359375,252.45611572265625,580.4559936523438,975.257080078125,817.2374267578125,20250225-154515
127,18446744073709551615,0,0.2379150390625,662.41162109375,1552.856201171875,80.033203125,106.93505859375,20250225-154515
127,18446744073709551615,0,0.64697265625,686.2835083007812,752.0863647460938,63.51631164550781,82.48800659179688,20250225-154515
127,18446744073709551615,0,0.6513671875,491.4705505371094,627.0532836914062,106.38175964355469,178.8936767578125,20250225-154515
127,18446744073709551615,0,0.68017578125,603.4802856445312,1551.519287109375,231.2545166015625,175.92059326171875,20250225-154515
127,18446744073709551615,0,0.6875,687.109619140625,1854.7734375,64.58551025390625,95.952392578125,20250225-154515
127,18446744073709551615,0,0.7216796875,691.0171508789062,1740.5269775390625,105.8697509765625,125.07412719726562,20250225-154515
127,18446744073709551615,0,0.77099609375,769.4514770507812,1741.2626953125,176.84820556640625,302.4049072265625,20250225-154515
127,18446744073709551615,0,0.7724609375,610.7015991210938,546.0267333984375,226.33026123046875,268.5671081542969,20250225-154515
127,18446744073709551615,0,0.783203125,521.6390380859375,1318.8173828125,179.51010131835938,264.18328857421875,20250225-154515
127,18446744073709551615,0,0.80322265625,622.14111328125,1218.899658203125,281.1141357421875,321.84942626953125,20250225-154515
127,18446744073709551615,0,0.92822265625,390.0750732421875,0.93621826171875,494.582763671875,679.3310546875,20250225-154515
127,18446744073709551615,0,0.94189453125,254.898193359375,580.5917358398438,974.5286865234375,814.6558227539062,20250225-154515
128,18446744073709551615,0,0.2239990234375,690.8148193359375,470.9001159667969,65.42092895507812,79.65335083007812,20250225-154515
128,18446744073709551615,0,0.54296875,606.2315673828125,1548.41015625,240.69671630859375,173.53692626953125,20250225-154515
128,18446744073709551615,0,0.60400390625,687.0569458007812,1855.3385009765625,64.02484130859375,98.33578491210938,20250225-154515
128,18446744073709551615,0,0.6259765625,492.4185791015625,628.293212890625,105.10679626464844,165.51773071289062,20250225-154515
128,18446744073709551615,0,0.6318359375,688.9503173828125,751.9507446289062,64.17594909667969,81.1322021484375,20250225-154515
128,18446744073709551615,0,0.67724609375,757.0517578125,1741.738525390625,177.44970703125,309.8544616699219,20250225-154515
128,18446744073709551615,0,0.7216796875,691.22802734375,1731.522216796875,113.61785888671875,114.08441162109375,20250225-154515
128,18446744073709551615,0,0.77099609375,623.689453125,1219.37158203125,276.1856689453125,290.2752685546875,20250225-154515
128,18446744073709551615,0,0.77734375,613.04736328125,551.9456176757812,220.13763427734375,265.8183288574219,20250225-154515
128,18446744073709551615,0,0.93310546875,391.75396728515625,0.9304962158203125,495.34588623046875,677.43701171875,20250225-154515
128,18446744073709551615,0,0.94189453125,255.66549682617188,581.3733520507812,970.7882080078125,813.8521728515625,20250225-154515
129,18446744073709551615,0,0.2337646484375,664.680908203125,1552.5179443359375,80.6964111328125,106.25088500976562,20250225-154515
129,18446744073709551615,0,0.5888671875,605.6119995117188,1551.4193115234375,234.5438232421875,174.38543701171875,20250225-154515
129,18446744073709551615,0,0.60498046875,689.0029907226562,1855.4520263671875,63.70220947265625,93.95278930664062,20250225-154515
129,18446744073709551615,0,0.61865234375,687.9669189453125,750.7767333984375,65.0811767578125,80.8388671875,20250225-154515
129,18446744073709551615,0,0.63330078125,491.94671630859375,628.041015625,105.4317626953125,174.15847778320312,20250225-154515
129,18446744073709551615,0,0.7548828125,757.83984375,1741.8665771484375,176.31573486328125,314.22637939453125,20250225-154515
129,18446744073709551615,0,0.7626953125,691.766357421875,1731.9481201171875,111.71612548828125,109.46612548828125,20250225-154515
129,18446744073709551615,0,0.76611328125,611.23681640625,564.262451171875,207.74734497070312,265.6410827636719,20250225-154515
129,18446744073709551615,0,0.77099609375,623.7445678710938,1217.3623046875,277.61956787109375,279.0215148925781,20250225-154515
129,18446744073709551615,0,0.93115234375,391.5189514160156,0.9273834228515625,495.08941650390625,677.7020874023438,20250225-154515
129,18446744073709551615,0,0.94189453125,255.2959442138672,580.9022216796875,971.4971923828125,814.2784423828125,20250225-154515
130,18446744073709551615,0,0.202392578125,734.8353271484375,820.80029296875,37.76531982421875,30.428466796875,20250225-154515
130,18446744073709551615,0,0.24072265625,690.4638061523438,470.4641418457031,69.64974975585938,93.36300659179688,20250225-154515
130,18446744073709551615,0,0.27978515625,664.5972290039062,1551.9832763671875,80.21978759765625,105.98117065429688,20250225-154515
130,18446744073709551615,0,0.57568359375,602.7843017578125,1551.3446044921875,231.0875244140625,174.17431640625,20250225-154515
130,18446744073709551615,0,0.5869140625,490.56170654296875,626.5340576171875,107.77180480957031,179.74639892578125,20250225-154515
130,18446744073709551615,0,0.64892578125,686.1582641601562,751.787353515625,66.12043762207031,81.163330078125,20250225-154515
130,18446744073709551615,0,0.70751953125,686.9159545898438,1855.5238037109375,63.838623046875,95.41653442382812,20250225-154515
130,18446744073709551615,0,0.7607421875,622.0909423828125,1216.718994140625,280.6617736816406,315.3860778808594,20250225-154515
130,18446744073709551615,0,0.765625,689.1900634765625,1731.0399169921875,111.76995849609375,111.68499755859375,20250225-154515
130,18446744073709551615,0,0.7734375,523.2090454101562,1317.4058837890625,178.74609375,266.87640380859375,20250225-154515
130,18446744073709551615,0,0.79248046875,767.1989135742188,1740.900146484375,177.51397705078125,304.94549560546875,20250225-154515
130,18446744073709551615,0,0.802734375,613.092041015625,543.9955444335938,228.03973388671875,262.1943054199219,20250225-154515
130,18446744073709551615,0,0.92822265625,390.14337158203125,1.3077850341796875,492.8341369628906,679.2431640625,20250225-154515
130,18446744073709551615,0,0.9404296875,253.80267333984375,580.7839965820312,971.7797241210938,816.0133666992188,20250225-154515
131,18446744073709551615,0,0.2100830078125,690.951171875,471.1804504394531,69.59468078613281,85.0843505859375,20250225-154515
131,18446744073709551615,0,0.2386474609375,731.93701171875,821.3865966796875,36.306793212890625,31.685760498046875,20250225-154515
131,18446744073709551615,0,0.35302734375,662.4398803710938,1551.3050537109375,80.00299072265625,107.54232788085938,20250225-154515
131,18446744073709551615,0,0.5341796875,490.0179748535156,633.161865234375,101.21379089355469,159.29534912109375,20250225-154515
131,18446744073709551615,0,0.59375,685.9517822265625,749.250244140625,69.46737670898438,80.3250732421875,20250225-154515
131,18446744073709551615,0,0.6103515625,602.514404296875,1549.7197265625,236.80242919921875,178.48333740234375,20250225-154515
131,18446744073709551615,0,0.712890625,684.9178466796875,1855.269775390625,64.0927734375,96.3863525390625,20250225-154515
131,18446744073709551615,0,0.7529296875,612.8602294921875,544.56005859375,227.096923828125,262.2772521972656,20250225-154515
131,18446744073709551615,0,0.765625,522.9094848632812,1315.0294189453125,179.48529052734375,266.29522705078125,20250225-154515
131,18446744073709551615,0,0.7822265625,620.6848754882812,1216.4344482421875,282.2120361328125,316.3321838378906,20250225-154515
131,18446744073709551615,0,0.78271484375,769.9758911132812,1741.6710205078125,176.630126953125,302.4416198730469,20250225-154515
131,18446744073709551615,0,0.7841796875,687.5934448242188,1729.6739501953125,113.64111328125,108.31723022460938,20250225-154515
131,18446744073709551615,0,0.93359375,390.12158203125,0.929534912109375,491.8465576171875,678.5462646484375,20250225-154515
131,18446744073709551615,0,0.93994140625,252.66677856445312,580.2147216796875,973.4139404296875,816.617431640625,20250225-154515
132,18446744073709551615,0,0.235107421875,523.138916015625,1314.607666015625,75.38992309570312,85.57296752929688,20250225-154515
132,18446744073709551615,0,0.27197265625,731.375244140625,821.613037109375,37.01934814453125,34.8607177734375,20250225-154515
132,18446744073709551615,0,0.3173828125,690.0371704101562,472.00762939453125,69.35751342773438,88.323486328125,20250225-154515
132,18446744073709551615,0,0.323486328125,663.769775390625,1554.9481201171875,77.14727783203125,105.69955444335938,20250225-154515
132,18446744073709551615,0,0.51171875,603.80322265625,1555.6014404296875,230.69842529296875,174.08441162109375,20250225-154515
132,18446744073709551615,0,0.65234375,490.7420654296875,616.398193359375,119.68382263183594,198.99508666992188,20250225-154515
132,18446744073709551615,0,0.6689453125,686.7022705078125,1855.9178466796875,63.4456787109375,95.33486938476562,20250225-154515
132,18446744073709551615,0,0.69775390625,687.0093994140625,752.9295654296875,66.28994750976562,82.3564453125,20250225-154515
132,18446744073709551615,0,0.73876953125,524.29248046875,1317.057373046875,176.50726318359375,265.43060302734375,20250225-154515
132,18446744073709551615,0,0.75634765625,690.08447265625,1727.0804443359375,117.3504638671875,105.71685791015625,20250225-154515
132,18446744073709551615,0,0.7705078125,621.9510498046875,1216.088134765625,281.9029541015625,315.20709228515625,20250225-154515
132,18446744073709551615,0,0.7705078125,610.8462524414062,566.51171875,206.92135620117188,263.4549865722656,20250225-154515
132,18446744073709551615,0,0.775390625,763.9901733398438,1740.5137939453125,177.61798095703125,307.6711120605469,20250225-154515
132,18446744073709551615,0,0.93115234375,391.713134765625,1.11273193359375,489.4948425292969,677.5728149414062,20250225-154515
132,18446744073709551615,0,0.9404296875,252.66810607910156,579.8876342773438,973.2421875,816.90966796875,20250225-154515
133,18446744073709551615,0,0.2120361328125,731.553955078125,822.1783447265625,36.810333251953125,36.203887939453125,20250225-154515
133,18446744073709551615,0,0.241455078125,446.56585693359375,845.2556762695312,166.27047729492188,318.7795715332031,20250225-154515
133,18446744073709551615,0,0.303955078125,525.4993286132812,1311.2578125,74.06112670898438,80.15451049804688,20250225-154515
133,18446744073709551615,0,0.323486328125,664.3134155273438,1555.1627197265625,77.8707275390625,105.9429931640625,20250225-154515
133,18446744073709551615,0,0.61669921875,605.3190307617188,1557.1636962890625,223.74554443359375,174.34194946289062,20250225-154515
133,18446744073709551615,0,0.630859375,687.5839233398438,752.0696411132812,67.23486328125,81.88531494140625,20250225-154515
133,18446744073709551615,0,0.6416015625,491.4898681640625,617.4959716796875,119.06181335449219,199.153564453125,20250225-154515
133,18446744073709551615,0,0.69580078125,687.8433837890625,1854.5899658203125,64.72357177734375,95.58297729492188,20250225-154515
133,18446744073709551615,0,0.755859375,690.5692749023438,1730.458984375,112.8837890625,110.85690307617188,20250225-154515
133,18446744073709551615,0,0.767578125,623.2476196289062,1214.8963623046875,280.1474304199219,286.33392333984375,20250225-154515
133,18446744073709551615,0,0.7822265625,761.926513671875,1740.6954345703125,177.60150146484375,310.4805908203125,20250225-154515
133,18446744073709551615,0,0.7822265625,611.5614624023438,569.431884765625,202.98989868164062,263.3654479980469,20250225-154515
133,18446744073709551615,0,0.9326171875,395.4246826171875,0.92596435546875,487.24664306640625,673.5179443359375,20250225-154515
133,18446744073709551615,0,0.939453125,254.9153594970703,581.3309326171875,969.9025268554688,814.5633544921875,20250225-154515
134,18446744073709551615,0,0.2274169921875,731.9847412109375,822.8836669921875,36.819488525390625,36.7598876953125,20250225-154515
134,18446744073709551615,0,0.2783203125,691.2269897460938,471.7890625,69.90673828125,90.96762084960938,20250225-154515
134,18446744073709551615,0,0.30810546875,505.05523681640625,846.9197998046875,164.09930419921875,260.9120178222656,20250225-154515
134,18446744073709551615,0,0.412109375,526.55908203125,1310.7998046875,72.70468139648438,76.05230712890625,20250225-154515
134,18446744073709551615,0,0.517578125,525.826171875,1313.629150390625,181.18954467773438,264.37261962890625,20250225-154515
134,18446744073709551615,0,0.58056640625,606.624267578125,1555.6856689453125,227.87347412109375,174.0545654296875,20250225-154515
134,18446744073709551615,0,0.64599609375,688.520263671875,753.6897583007812,66.55792236328125,82.440673828125,20250225-154515
134,18446744073709551615,0,0.66650390625,688.9722290039062,1855.7318115234375,63.42919921875,92.794189453125,20250225-154515
134,18446744073709551615,0,0.67578125,491.87127685546875,616.3385009765625,121.20423889160156,198.8411865234375,20250225-154515
134,18446744073709551615,0,0.74169921875,691.4901123046875,1729.06298828125,114.0904541015625,124.638427734375,20250225-154515
134,18446744073709551615,0,0.74560546875,610.9619140625,572.6005859375,198.58154296875,262.3399658203125,20250225-154515
134,18446744073709551615,0,0.75830078125,622.745361328125,1216.6494140625,279.50628662109375,300.095947265625,20250225-154515
134,18446744073709551615,0,0.7626953125,747.0818481445312,1740.564208984375,178.4271240234375,320.7774353027344,20250225-154515
134,18446744073709551615,0,0.9326171875,396.76300048828125,0.93585205078125,485.54541015625,671.896484375,20250225-154515
134,18446744073709551615,0,0.93896484375,255.6617431640625,581.1190795898438,970.244384765625,813.772705078125,20250225-154515
135,18446744073709551615,0,0.26806640625,542.3426513671875,849.6260375976562,152.20669555664062,222.28134155273438,20250225-154515
135,18446744073709551615,0,0.302490234375,664.7180786132812,1556.9681396484375,73.27789306640625,104.85470581054688,20250225-154515
135,18446744073709551615,0,0.3173828125,527.06494140625,1309.3363037109375,73.04086303710938,77.838134765625,20250225-154515
135,18446744073709551615,0,0.4765625,605.9981689453125,1558.922607421875,229.04296875,176.98974609375,20250225-154515
135,18446744073709551615,0,0.60400390625,527.0816650390625,1313.79296875,179.37258911132812,266.03338623046875,20250225-154515
135,18446744073709551615,0,0.63720703125,491.10662841796875,617.1349487304688,120.9609375,198.64389038085938,20250225-154515
135,18446744073709551615,0,0.662109375,687.0302124023438,752.5055541992188,69.56694030761719,83.19259643554688,20250225-154515
135,18446744073709551615,0,0.69287109375,687.665771484375,1855.0638427734375,64.250244140625,94.50155639648438,20250225-154515
135,18446744073709551615,0,0.75830078125,691.0636596679688,1728.2442626953125,114.62384033203125,112.91464233398438,20250225-154515
135,18446744073709551615,0,0.77587890625,622.2132568359375,1213.5809326171875,283.8321533203125,314.3599548339844,20250225-154515
135,18446744073709551615,0,0.78466796875,757.726318359375,1740.069580078125,178.16070556640625,313.83782958984375,20250225-154515
135,18446744073709551615,0,0.79248046875,609.914794921875,568.565185546875,206.08245849609375,260.4028015136719,20250225-154515
135,18446744073709551615,0,0.92919921875,397.04315185546875,1.1319580078125,483.0372314453125,672.0068359375,20250225-154515
135,18446744073709551615,0,0.939453125,255.09585571289062,579.8483276367188,970.7904052734375,814.3890380859375,20250225-154515
136,18446744073709551615,0,0.25537109375,435.387451171875,852.8842163085938,130.92352294921875,326.33624267578125,20250225-154516
136,18446744073709551615,0,0.301513671875,524.069580078125,1219.7918701171875,160.67596435546875,160.79498291015625,20250225-154516
136,18446744073709551615,0,0.4619140625,530.229248046875,1317.0831298828125,172.04141235351562,273.286376953125,20250225-154516
136,18446744073709551615,0,0.4794921875,605.5579833984375,1557.087890625,218.4532470703125,169.5322265625,20250225-154516
136,18446744073709551615,0,0.5419921875,490.0411376953125,623.745361328125,112.58102416992188,192.55801391601562,20250225-154516
136,18446744073709551615,0,0.67041015625,686.531982421875,751.1195068359375,68.33807373046875,81.91204833984375,20250225-154516
136,18446744073709551615,0,0.71142578125,687.1220703125,1855.562255859375,63.79852294921875,94.90960693359375,20250225-154516
136,18446744073709551615,0,0.744140625,768.1151733398438,1740.599609375,177.8038330078125,305.4293518066406,20250225-154516
136,18446744073709551615,0,0.7705078125,610.0043334960938,565.94482421875,208.30792236328125,262.28009033203125,20250225-154516
136,18446744073709551615,0,0.77197265625,689.5711669921875,1725.3262939453125,118.6820068359375,105.58062744140625,20250225-154516
136,18446744073709551615,0,0.7900390625,620.665283203125,1216.145263671875,281.77862548828125,323.3912658691406,20250225-154516
136,18446744073709551615,0,0.92529296875,397.4827880859375,1.43829345703125,479.8389587402344,671.8988037109375,20250225-154516
136,18446744073709551615,0,0.94140625,253.79058837890625,577.4091796875,972.9142456054688,815.032470703125,20250225-154516
137,18446744073709551615,0,0.2037353515625,522.5533447265625,1220.711181640625,156.83560180664062,161.38156127929688,20250225-154516
137,18446744073709551615,0,0.2379150390625,533.681396484375,855.107666015625,121.10202026367188,229.65426635742188,20250225-154516
137,18446744073709551615,0,0.303955078125,523.0843505859375,1304.881591796875,74.14279174804688,76.14761352539062,20250225-154516
137,18446744073709551615,0,0.4638671875,606.101806640625,1559.89453125,206.58636474609375,167.94479370117188,20250225-154516
137,18446744073709551615,0,0.68994140625,687.0645751953125,751.8507690429688,68.98210144042969,81.1322021484375,20250225-154516
137,18446744073709551615,0,0.73486328125,685.6287231445312,1855.308349609375,64.0059814453125,95.65603637695312,20250225-154516
137,18446744073709551615,0,0.74462890625,489.33270263671875,613.5105590820312,124.56939697265625,206.29586791992188,20250225-154516
137,18446744073709551615,0,0.7685546875,689.2646484375,1723.6658935546875,119.18060302734375,105.12432861328125,20250225-154516
137,18446744073709551615,0,0.77685546875,611.16796875,559.3543701171875,216.08523559570312,258.3555908203125,20250225-154516
137,18446744073709551615,0,0.7861328125,771.183837890625,1741.2041015625,177.31494140625,302.4564514160156,20250225-154516
137,18446744073709551615,0,0.796875,619.56298828125,1214.738037109375,283.29217529296875,324.7752685546875,20250225-154516
137,18446744073709551615,0,0.923828125,399.486328125,1.1072845458984375,478.76220703125,670.1112670898438,20250225-154516
137,18446744073709551615,0,0.94140625,254.9160919189453,577.2262573242188,972.3817749023438,814.163818359375,20250225-154516
138,18446744073709551615,0,0.2186279296875,730.8715209960938,825.6361083984375,32.85809326171875,38.338531494140625,20250225-154516
138,18446744073709551615,0,0.230224609375,691.0145874023438,470.947265625,71.67709350585938,99.09832763671875,20250225-154516
138,18446744073709551615,0,0.2379150390625,523.8971557617188,1225.83642578125,152.92337036132812,155.4239501953125,20250225-154516
138,18446744073709551615,0,0.261962890625,500.4990234375,854.0115966796875,119.2430419921875,263.4954528808594,20250225-154516
138,18446744073709551615,0,0.29345703125,524.59619140625,1299.5078125,75.803466796875,72.3453369140625,20250225-154516
138,18446744073709551615,0,0.4609375,607.2315673828125,1560.90087890625,210.74871826171875,167.30465698242188,20250225-154516
138,18446744073709551615,0,0.69580078125,686.9335327148438,752.1721801757812,68.69146728515625,84.51187133789062,20250225-154516
138,18446744073709551615,0,0.69921875,612.212890625,1218.2340087890625,281.39593505859375,334.52032470703125,20250225-154516
138,18446744073709551615,0,0.705078125,490.44873046875,615.9332275390625,121.84611511230469,203.744384765625,20250225-154516
138,18446744073709551615,0,0.7421875,611.365234375,571.60888671875,204.29324340820312,258.870849609375,20250225-154516
138,18446744073709551615,0,0.75439453125,771.2418823242188,1743.9521484375,174.54949951171875,302.6893615722656,20250225-154516
138,18446744073709551615,0,0.767578125,686.959716796875,1856.21337890625,63.19464111328125,95.43246459960938,20250225-154516
138,18446744073709551615,0,0.796875,690.2113037109375,1726.6981201171875,117.35650634765625,108.56314086914062,20250225-154516
138,18446744073709551615,0,0.92041015625,402.44622802734375,1.17242431640625,475.8038330078125,666.9952392578125,20250225-154516
138,18446744073709551615,0,0.94189453125,255.69021606445312,577.453857421875,971.2366333007812,813.5974731445312,20250225-154516
139,18446744073709551615,0,0.201171875,427.19696044921875,853.7257690429688,126.27410888671875,336.0932922363281,20250225-154516
139,18446744073709551615,0,0.26904296875,690.6557006835938,472.5125427246094,67.99118041992188,92.70364379882812,20250225-154516
139,18446744073709551615,0,0.36376953125,526.2083129882812,1301.495849609375,72.03689575195312,70.64236450195312,20250225-154516
139,18446744073709551615,0,0.5,607.6732177734375,1560.9627685546875,217.2960205078125,170.10195922851562,20250225-154516
139,18446744073709551615,0,0.6103515625,490.65692138671875,618.0177612304688,119.66889953613281,193.73117065429688,20250225-154516
139,18446744073709551615,0,0.6806640625,754.2813720703125,1745.72900390625,173.35821533203125,313.0806884765625,20250225-154516
139,18446744073709551615,0,0.68994140625,596.8529663085938,1219.8870849609375,280.8287658691406,352.8020324707031,20250225-154516
139,18446744073709551615,0,0.69091796875,688.155029296875,1855.4256591796875,63.73223876953125,94.41824340820312,20250225-154516
139,18446744073709551615,0,0.69580078125,688.3436279296875,750.320556640625,70.38871765136719,84.017578125,20250225-154516
139,18446744073709551615,0,0.7705078125,691.9254150390625,1724.16845703125,118.58203125,105.22906494140625,20250225-154516
139,18446744073709551615,0,0.77978515625,612.5476684570312,553.1112060546875,222.623291015625,257.63250732421875,20250225-154516
139,18446744073709551615,0,0.91357421875,408.95672607421875,1.26031494140625,473.4681701660156,659.6571044921875,20250225-154516
139,18446744073709551615,0,0.93798828125,254.5869140625,579.7913208007812,968.299072265625,814.436279296875,20250225-154516
140,18446744073709551615,0,0.310791015625,602.5079956054688,225.3907928466797,148.14096069335938,225.87222290039062,20250225-154516
140,18446744073709551615,0,0.357666015625,524.207763671875,1301.5223388671875,67.0697021484375,76.316162109375,20250225-154516
140,18446744073709551615,0,0.408203125,530.533447265625,851.4873046875,113.15744018554688,233.50515747070312,20250225-154516
140,18446744073709551615,0,0.421630859375,607.9500732421875,1561.5333251953125,213.7503662109375,170.09518432617188,20250225-154516
140,18446744073709551615,0,0.64404296875,688.1321411132812,752.8526611328125,67.77786254882812,83.95953369140625,20250225-154516
140,18446744073709551615,0,0.64892578125,490.3897705078125,619.4317626953125,118.79447937011719,191.42129516601562,20250225-154516
140,18446744073709551615,0,0.71630859375,606.89794921875,1219.935302734375,278.6895446777344,341.72113037109375,20250225-154516
140,18446744073709551615,0,0.7607421875,687.8109741210938,1854.7386474609375,64.5765380859375,94.96188354492188,20250225-154516
140,18446744073709551615,0,0.78466796875,765.228515625,1744.8980712890625,173.70648193359375,308.5265808105469,20250225-154516
140,18446744073709551615,0,0.806640625,691.2637939453125,1727.1507568359375,115.71295166015625,107.5675048828125,20250225-154516
140,18446744073709551615,0,0.8154296875,611.729736328125,564.8380737304688,211.72119140625,258.7236328125,20250225-154516
140,18446744073709551615,0,0.90869140625,413.1339111328125,1.4773406982421875,471.6767578125,655.8004760742188,20250225-154516
140,18446744073709551615,0,0.93896484375,256.174072265625,573.3662109375,976.973876953125,813.2323608398438,20250225-154516
141,18446744073709551615,0,0.4609375,522.9772338867188,1298.812744140625,65.23526000976562,74.81689453125,20250225-154516
141,18446744073709551615,0,0.466796875,530.36279296875,844.993408203125,121.21160888671875,233.77752685546875,20250225-154516
141,18446744073709551615,0,0.482421875,588.8316650390625,1220.907958984375,291.6336364746094,361.0800476074219,20250225-154516
141,18446744073709551615,0,0.56201171875,606.18310546875,1563.986572265625,223.78143310546875,179.0712890625,20250225-154516
141,18446744073709551615,0,0.6298828125,488.05572509765625,627.5203857421875,108.04417419433594,181.33694458007812,20250225-154516
141,18446744073709551615,0,0.65771484375,595.0427856445312,195.20626831054688,178.2525634765625,232.96884155273438,20250225-154516
141,18446744073709551615,0,0.67041015625,687.0150146484375,752.257080078125,68.24249267578125,84.43231201171875,20250225-154516
141,18446744073709551615,0,0.74755859375,687.4161987304688,1855.7596435546875,63.6031494140625,94.30233764648438,20250225-154516
141,18446744073709551615,0,0.75146484375,766.8041381835938,1744.7142333984375,173.88775634765625,306.84613037109375,20250225-154516
141,18446744073709551615,0,0.79931640625,689.76708984375,1733.3997802734375,110.46295166015625,106.89743041992188,20250225-154516
141,18446744073709551615,0,0.80029296875,610.9256591796875,561.9494018554688,213.61871337890625,257.46954345703125,20250225-154516
141,18446744073709551615,0,0.9111328125,415.6333923339844,1.281646728515625,470.1493835449219,653.281494140625,20250225-154516
141,18446744073709551615,0,0.9384765625,254.30667114257812,572.8992919921875,977.748046875,815.224365234375,20250225-154516
142,18446744073709551615,0,0.2705078125,688.279541015625,471.6050720214844,69.51063537597656,88.51565551757812,20250225-154516
142,18446744073709551615,0,0.28466796875,520.7281494140625,1290.060302734375,67.40753173828125,77.57015991210938,20250225-154516
142,18446744073709551615,0,0.422607421875,509.74053955078125,843.2766723632812,127.91281127929688,254.81826782226562,20250225-154516
142,18446744073709551615,0,0.4814453125,605.7628784179688,1564.600341796875,226.32879638671875,175.24923706054688,20250225-154516
142,18446744073709551615,0,0.5927734375,487.32513427734375,629.098388671875,106.35923767089844,174.19784545898438,20250225-154516
142,18446744073709551615,0,0.638671875,685.8929443359375,752.0006103515625,68.35455322265625,83.37030029296875,20250225-154516
142,18446744073709551615,0,0.72509765625,612.5520629882812,1218.0283203125,282.8295593261719,333.2842712402344,20250225-154516
142,18446744073709551615,0,0.74072265625,685.8863525390625,1855.975830078125,63.384521484375,95.6817626953125,20250225-154516
142,18446744073709551615,0,0.7744140625,768.4007568359375,1743.8052978515625,174.61981201171875,304.79736328125,20250225-154516
142,18446744073709551615,0,0.7822265625,688.5639038085938,1727.092529296875,116.09674072265625,106.93350219726562,20250225-154516
142,18446744073709551615,0,0.796875,611.2223510742188,540.3599853515625,233.93527221679688,256.7368469238281,20250225-154516
142,18446744073709551615,0,0.83349609375,589.599609375,176.44873046875,197.443359375,238.14065551757812,20250225-154516
142,18446744073709551615,0,0.90576171875,419.50433349609375,1.27166748046875,475.42181396484375,649.5267333984375,20250225-154516
142,18446744073709551615,0,0.9365234375,252.86434936523438,577.2703857421875,971.972900390625,816.095947265625,20250225-154516
143,18446744073709551615,0,0.369384765625,689.7154541015625,472.19586181640625,69.38063049316406,88.35232543945312,20250225-154516
143,18446744073709551615,0,0.445556640625,519.74169921875,1289.4228515625,65.22665405273438,78.1307373046875,20250225-154516
143,18446744073709551615,0,0.5517578125,604.3868408203125,1567.3663330078125,239.34832763671875,199.51602172851562,20250225-154516
143,18446744073709551615,0,0.57177734375,495.41766357421875,841.8744506835938,145.06045532226562,269.02239990234375,20250225-154516
143,18446744073709551615,0,0.5947265625,487.76513671875,631.843505859375,102.54862976074219,160.47161865234375,20250225-154516
143,18446744073709551615,0,0.68017578125,686.300048828125,752.341552734375,68.127685546875,86.523193359375,20250225-154516
143,18446744073709551615,0,0.69921875,619.7217407226562,1217.6971435546875,280.89990234375,323.1622009277344,20250225-154516
143,18446744073709551615,0,0.76708984375,611.2440185546875,554.9818115234375,223.48553466796875,258.3475341796875,20250225-154516
143,18446744073709551615,0,0.775390625,687.012939453125,1854.5679931640625,64.69921875,97.11456298828125,20250225-154516
143,18446744073709551615,0,0.7939453125,688.7448120117188,1732.3004150390625,110.95257568359375,108.92852783203125,20250225-154516
143,18446744073709551615,0,0.794921875,774.0087890625,1744.126708984375,174.3226318359375,300.3670349121094,20250225-154516
143,18446744073709551615,0,0.85107421875,586.152099609375,155.49490356445312,216.90353393554688,241.65216064453125,20250225-154516
143,18446744073709551615,0,0.90234375,432.254150390625,1.5507659912109375,473.9752197265625,638.41162109375,20250225-154516
143,18446744073709551615,0,0.9404296875,254.16842651367188,578.2980346679688,971.9249267578125,814.8396606445312,20250225-154516
144,18446744073709551615,0,0.2322998046875,690.870849609375,470.34722900390625,71.45297241210938,93.10006713867188,20250225-154516
144,18446744073709551615,0,0.4560546875,607.3660888671875,1567.1201171875,246.4969482421875,239.26995849609375,20250225-154516
144,18446744073709551615,0,0.4892578125,520.6951904296875,1286.360107421875,64.34564208984375,76.83792114257812,20250225-154516
144,18446744073709551615,0,0.5029296875,493.938720703125,835.0230712890625,148.30517578125,272.30108642578125,20250225-154516
144,18446744073709551615,0,0.56787109375,489.0234375,628.6944580078125,105.69964599609375,175.4212646484375,20250225-154516
144,18446744073709551615,0,0.6513671875,686.9677734375,752.337890625,69.6229248046875,85.75048828125,20250225-154516
144,18446744073709551615,0,0.75,618.2228393554688,1216.984130859375,281.74090576171875,324.4184875488281,20250225-154516
144,18446744073709551615,0,0.7685546875,610.9017333984375,564.6405029296875,209.18719482421875,258.7588806152344,20250225-154516
144,18446744073709551615,0,0.77685546875,687.6091918945312,1854.828369140625,64.53387451171875,96.19692993164062,20250225-154516
144,18446744073709551615,0,0.79736328125,767.2369384765625,1743.6134033203125,174.91387939453125,306.41656494140625,20250225-154516
144,18446744073709551615,0,0.8154296875,690.4780883789062,1731.5906982421875,112.31781005859375,107.85946655273438,20250225-154516
144,18446744073709551615,0,0.875,588.0816650390625,138.99685668945312,233.64797973632812,241.21719360351562,20250225-154516
144,18446744073709551615,0,0.87548828125,445.39691162109375,1.77392578125,461.7624206542969,624.9808349609375,20250225-154516
144,18446744073709551615,0,0.93994140625,253.6109619140625,579.566650390625,970.3428955078125,815.736328125,20250225-154516
145,18446744073709551615,0,0.416748046875,608.0084228515625,1566.4940185546875,267.4647216796875,242.01031494140625,20250225-154516
145,18446744073709551615,0,0.422607421875,521.6295166015625,1279.180908203125,65.71994018554688,73.63238525390625,20250225-154516
145,18446744073709551615,0,0.60009765625,490.12408447265625,628.59912109375,105.06285095214844,175.32064819335938,20250225-154516
145,18446744073709551615,0,0.64794921875,499.7340087890625,832.2462158203125,159.84805297851562,267.18255615234375,20250225-154516
145,18446744073709551615,0,0.66796875,608.0284423828125,1216.0379638671875,283.49066162109375,332.2021179199219,20250225-154516
145,18446744073709551615,0,0.673828125,688.3472900390625,751.458984375,69.78167724609375,84.85894775390625,20250225-154516
145,18446744073709551615,0,0.75439453125,687.870849609375,1854.88330078125,64.431884765625,96.94271850585938,20250225-154516
145,18446744073709551615,0,0.763671875,611.9384765625,558.7281494140625,217.86099243164062,256.5308532714844,20250225-154516
145,18446744073709551615,0,0.794921875,690.9259643554688,1730.728271484375,112.91583251953125,107.85324096679688,20250225-154516
145,18446744073709551615,0,0.8017578125,769.69775390625,1743.5885009765625,174.94921875,303.9591979980469,20250225-154516
145,18446744073709551615,0,0.8623046875,460.94366455078125,1.9925537109375,450.9255065917969,609.45458984375,20250225-154516
145,18446744073709551615,0,0.88037109375,588.098876953125,125.52314758300781,248.26007080078125,245.99276733398438,20250225-154516
145,18446744073709551615,0,0.94091796875,255.28262329101562,579.752685546875,968.69384765625,814.1160278320312,20250225-154516
146,18446744073709551615,0,0.245849609375,521.9016723632812,1285.343505859375,53.0159912109375,70.19338989257812,20250225-154516
146,18446744073709551615,0,0.509765625,606.4440307617188,1567.6710205078125,240.2720947265625,244.487548828125,20250225-154516
146,18446744073709551615,0,0.64599609375,489.343505859375,628.0291748046875,105.41084289550781,176.6982421875,20250225-154516
146,18446744073709551615,0,0.65478515625,686.532470703125,752.2483520507812,69.16387939453125,87.308349609375,20250225-154516
146,18446744073709551615,0,0.66455078125,593.5446166992188,1220.083984375,277.5182189941406,333.5867614746094,20250225-154516
146,18446744073709551615,0,0.669921875,474.6456298828125,1.0810089111328125,444.6600036621094,596.028564453125,20250225-154516
146,18446744073709551615,0,0.68603515625,494.35968017578125,834.953369140625,158.95294189453125,271.74298095703125,20250225-154516
146,18446744073709551615,0,0.76416015625,690.6516723632812,1726.2974853515625,118.02923583984375,108.33004760742188,20250225-154516
146,18446744073709551615,0,0.765625,610.0640258789062,573.91259765625,203.06185913085938,258.37261962890625,20250225-154516
146,18446744073709551615,0,0.78271484375,687.6238403320312,1855.1231689453125,64.19183349609375,95.62673950195312,20250225-154516
146,18446744073709551615,0,0.798828125,772.3101196289062,1745.3818359375,173.15863037109375,301.9877014160156,20250225-154516
146,18446744073709551615,0,0.8837890625,587.1236572265625,114.01460266113281,259.2596435546875,251.59130859375,20250225-154516
146,18446744073709551615,0,0.94091796875,254.91407775878906,579.0401611328125,968.0174560546875,814.517578125,20250225-154516
147,18446744073709551615,0,0.261962890625,496.9932861328125,0.4226531982421875,131.00514221191406,362.2638244628906,20250225-154516
147,18446744073709551615,0,0.64697265625,687.0076904296875,751.688232421875,68.671875,84.10995483398438,20250225-154516
147,18446744073709551615,0,0.65673828125,488.19561767578125,625.5692749023438,107.74649047851562,183.00595092773438,20250225-154516
147,18446744073709551615,0,0.69091796875,605.4384155273438,1567.7684326171875,239.28277587890625,243.47213745117188,20250225-154516
147,18446744073709551615,0,0.708984375,492.284912109375,838.5148315429688,161.20449829101562,273.09429931640625,20250225-154516
147,18446744073709551615,0,0.7099609375,790.2550048828125,0.6271820068359375,425.89215087890625,283.679443359375,20250225-154516
147,18446744073709551615,0,0.728515625,573.7842407226562,1219.1121826171875,282.8227844238281,370.8414001464844,20250225-154516
147,18446744073709551615,0,0.76904296875,610.00634765625,559.794189453125,214.99667358398438,259.22186279296875,20250225-154516
147,18446744073709551615,0,0.7822265625,687.3677978515625,1855.0228271484375,64.28961181640625,96.24114990234375,20250225-154516
147,18446744073709551615,0,0.78271484375,688.3262329101562,1732.758056640625,111.859130859375,109.17141723632812,20250225-154516
147,18446744073709551615,0,0.7841796875,774.0670166015625,1746.451904296875,172.07867431640625,299.86761474609375,20250225-154516
147,18446744073709551615,0,0.90234375,585.6384887695312,100.69477844238281,272.5831604003906,259.9131774902344,20250225-154516
147,18446744073709551615,0,0.94482421875,253.58102416992188,576.8250732421875,972.3284912109375,815.8729248046875,20250225-154516
148,18446744073709551615,0,0.3603515625,523.634765625,0.3762016296386719,117.32281494140625,324.56964111328125,20250225-154516
148,18446744073709551615,0,0.638671875,487.20501708984375,626.3411254882812,107.20111083984375,174.83248901367188,20250225-154516
148,18446744073709551615,0,0.6513671875,686.8465576171875,751.7337646484375,69.28289794921875,84.68014526367188,20250225-154516
148,18446744073709551615,0,0.69189453125,605.4241333007812,1567.289794921875,251.09161376953125,247.86575317382812,20250225-154516
148,18446744073709551615,0,0.71240234375,613.1222534179688,1220.8460693359375,279.92138671875,334.7117614746094,20250225-154516
148,18446744073709551615,0,0.73583984375,775.8008422851562,1745.346923828125,173.6737060546875,296.16064453125,20250225-154516
148,18446744073709551615,0,0.75146484375,489.75128173828125,832.2288818359375,167.33221435546875,278.0697326660156,20250225-154516
148,18446744073709551615,0,0.763671875,609.468994140625,560.310546875,215.67782592773438,260.03045654296875,20250225-154516
148,18446744073709551615,0,0.77099609375,688.7528686523438,1731.90380859375,113.57208251953125,108.2266845703125,20250225-154516
148,18446744073709551615,0,0.775390625,797.542236328125,1.84771728515625,411.3454284667969,277.6511535644531,20250225-154516
148,18446744073709551615,0,0.7822265625,686.7365112304688,1854.8203125,64.54046630859375,97.19467163085938,20250225-154516
148,18446744073709551615,0,0.8818359375,584.7886962890625,99.46272277832031,273.0125427246094,272.0629577636719,20250225-154516
148,18446744073709551615,0,0.94189453125,253.76577758789062,576.976318359375,972.4273681640625,815.4834594726562,20250225-154516
149,18446744073709551615,0,0.316650390625,554.2283935546875,0.4565105438232422,87.87569427490234,294.7383728027344,20250225-154516
149,18446744073709551615,0,0.6123046875,488.33697509765625,618.2802124023438,117.34588623046875,189.16122436523438,20250225-154516
149,18446744073709551615,0,0.67822265625,686.6350708007812,749.8388671875,71.11669921875,85.98037719726562,20250225-154516
149,18446744073709551615,0,0.69580078125,605.946533203125,1568.030517578125,239.6806640625,249.818115234375,20250225-154516
149,18446744073709551615,0,0.72412109375,802.0809326171875,1.6536712646484375,404.54132080078125,273.0230712890625,20250225-154516
149,18446744073709551615,0,0.74755859375,609.7159423828125,570.8548583984375,203.68789672851562,259.716064453125,20250225-154516
149,18446744073709551615,0,0.76953125,567.8221435546875,1218.34375,290.3879699707031,380.43585205078125,20250225-154516
149,18446744073709551615,0,0.779296875,489.5525207519531,833.8636474609375,166.064208984375,276.9525146484375,20250225-154516
149,18446744073709551615,0,0.80126953125,688.4375610351562,1854.5994873046875,64.55584716796875,95.25741577148438,20250225-154516
149,18446744073709551615,0,0.80419921875,690.91357421875,1732.8226318359375,111.30963134765625,105.82049560546875,20250225-154516
149,18446744073709551615,0,0.80810546875,772.465576171875,1745.9150390625,172.72723388671875,301.8404846191406,20250225-154516
149,18446744073709551615,0,0.8828125,586.0166015625,82.17874145507812,290.25341796875,300.2650451660156,20250225-154516
149,18446744073709551615,0,0.94091796875,254.45855712890625,574.0680541992188,974.8582763671875,815.3692016601562,20250225-154516
150,18446744073709551615,0,0.23583984375,689.88232421875,467.7437438964844,77.33029174804688,135.50189208984375,20250225-154516
150,18446744073709551615,0,0.51171875,801.3131103515625,3.519744873046875,393.673828125,273.2908630371094,20250225-154516
150,18446744073709551615,0,0.5478515625,606.31689453125,1566.4200439453125,236.467529296875,253.6153564453125,20250225-154516
150,18446744073709551615,0,0.56787109375,489.3988037109375,625.2940673828125,107.84458923339844,187.14605712890625,20250225-154516
150,18446744073709551615,0,0.68505859375,596.4321899414062,1215.947998046875,298.7782287597656,356.0431823730469,20250225-154516
150,18446744073709551615,0,0.703125,687.8397216796875,750.990478515625,69.54959106445312,85.88461303710938,20250225-154516
150,18446744073709551615,0,0.71484375,611.4486694335938,577.8345947265625,199.36322021484375,257.73760986328125,20250225-154516
150,18446744073709551615,0,0.7578125,489.6170654296875,833.4385986328125,166.41888427734375,278.2420349121094,20250225-154516
150,18446744073709551615,0,0.78125,688.56787109375,1855.177001953125,63.979248046875,94.70343017578125,20250225-154516
150,18446744073709551615,0,0.79052734375,770.4415283203125,1746.0699462890625,172.48297119140625,303.84576416015625,20250225-154516
150,18446744073709551615,0,0.806640625,691.3055419921875,1727.22802734375,115.70343017578125,106.13873291015625,20250225-154516
150,18446744073709551615,0,0.8837890625,587.3175659179688,61.922630310058594,310.03826904296875,305.9134826660156,20250225-154516
150,18446744073709551615,0,0.93896484375,255.20242309570312,574.3055419921875,974.2527465820312,814.8147583007812,20250225-154516
151,18446744073709551615,0,0.2861328125,630.2114868164062,0.5664997100830078,58.211341857910156,209.69247436523438,20250225-154516
151,18446744073709551615,0,0.607421875,605.7984008789062,1568.33056640625,239.183349609375,256.2890625,20250225-154516
151,18446744073709551615,0,0.64501953125,802.6261596679688,1.2147102355957031,382.4129333496094,270.3896484375,20250225-154516
151,18446744073709551615,0,0.71142578125,686.5237426757812,750.6465454101562,70.1378173828125,86.10232543945312,20250225-154516
151,18446744073709551615,0,0.71142578125,488.8689880371094,626.84326171875,105.94029235839844,169.105224609375,20250225-154516
151,18446744073709551615,0,0.72314453125,613.0531005859375,1216.537109375,281.72186279296875,323.03521728515625,20250225-154516
151,18446744073709551615,0,0.74462890625,612.4991455078125,561.1909790039062,212.34640502929688,257.0721130371094,20250225-154516
151,18446744073709551615,0,0.7841796875,688.3848876953125,1854.9111328125,64.191650390625,95.44537353515625,20250225-154516
151,18446744073709551615,0,0.79833984375,768.568359375,1747.104248046875,171.32666015625,303.2106628417969,20250225-154516
151,18446744073709551615,0,0.802734375,690.5630493164062,1731.4405517578125,112.17041015625,106.81640625,20250225-154516
151,18446744073709551615,0,0.81640625,489.18988037109375,836.4981079101562,166.59365844726562,277.80487060546875,20250225-154516
151,18446744073709551615,0,0.8662109375,587.0277099609375,51.15943908691406,322.0870361328125,327.9066467285156,20250225-154516
151,18446744073709551615,0,0.9443359375,253.21490478515625,579.6875610351562,970.0087280273438,816.4222412109375,20250225-154516
152,18446744073709551615,0,0.6416015625,605.1447143554688,1566.6441650390625,239.300537109375,257.8263244628906,20250225-154516
152,18446744073709551615,0,0.65771484375,773.3291015625,1746.4134521484375,172.71331787109375,298.3417053222656,20250225-154516
152,18446744073709551615,0,0.66796875,487.8160400390625,625.0252685546875,107.21443176269531,188.40985107421875,20250225-154516
152,18446744073709551615,0,0.689453125,686.7576904296875,750.6033325195312,70.32183837890625,85.77191162109375,20250225-154516
152,18446744073709551615,0,0.7001953125,591.4014892578125,1214.780517578125,283.23944091796875,345.5255126953125,20250225-154516
152,18446744073709551615,0,0.76416015625,488.197265625,830.6896362304688,171.46673583984375,279.1462097167969,20250225-154516
152,18446744073709551615,0,0.77880859375,609.9459228515625,554.882080078125,222.617431640625,258.99847412109375,20250225-154516
152,18446744073709551615,0,0.7861328125,688.2821044921875,1854.3416748046875,64.80706787109375,95.91732788085938,20250225-154516
152,18446744073709551615,0,0.80419921875,689.4376831054688,1731.4119873046875,112.55548095703125,108.31137084960938,20250225-154516
152,18446744073709551615,0,0.8310546875,585.4239501953125,35.261695861816406,338.18463134765625,379.76513671875,20250225-154516
152,18446744073709551615,0,0.9443359375,251.88922119140625,579.2816162109375,969.77490234375,817.6827392578125,20250225-154516
153,18446744073709551615,0,0.68701171875,598.7440185546875,1214.416748046875,285.3549499511719,347.35382080078125,20250225-154516
153,18446744073709551615,0,0.68701171875,605.2256469726562,1562.919189453125,242.1181640625,256.7771301269531,20250225-154516
153,18446744073709551615,0,0.69189453125,686.5680541992188,752.0719604492188,68.42619323730469,84.17413330078125,20250225-154516
153,18446744073709551615,0,0.71240234375,487.0837097167969,625.1014404296875,106.73867797851562,190.12738037109375,20250225-154516
153,18446744073709551615,0,0.74609375,765.6619262695312,1747.719970703125,171.01025390625,308.792724609375,20250225-154516
153,18446744073709551615,0,0.76904296875,687.8759765625,1855.304443359375,63.89703369140625,94.60006713867188,20250225-154516
153,18446744073709551615,0,0.77685546875,609.8637084960938,547.6766967773438,229.004150390625,258.4855041503906,20250225-154516
153,18446744073709551615,0,0.791015625,483.6097412109375,833.1427001953125,171.05758666992188,282.29168701171875,20250225-154516
153,18446744073709551615,0,0.7958984375,688.93603515625,1732.3154296875,112.10174560546875,108.4398193359375,20250225-154516
153,18446744073709551615,0,0.8701171875,584.6588745117188,0.7476654052734375,373.59771728515625,382.5815734863281,20250225-154516
153,18446744073709551615,0,0.94287109375,252.07553100585938,578.9342651367188,969.309814453125,817.5437622070312,20250225-154516
154,18446744073709551615,0,0.2401123046875,705.7487182617188,1409.0928955078125,90.65267944335938,175.45367431640625,20250225-154516
154,18446744073709551615,0,0.5048828125,605.0721435546875,1562.732177734375,235.238525390625,257.60009765625,20250225-154516
154,18446744073709551615,0,0.69287109375,686.618408203125,750.6744384765625,70.66928100585938,86.3323974609375,20250225-154516
154,18446744073709551615,0,0.69921875,487.083251953125,626.4091796875,105.24266052246094,181.16482543945312,20250225-154516
154,18446744073709551615,0,0.70263671875,568.1632080078125,1210.468505859375,305.5027770996094,379.30224609375,20250225-154516
154,18446744073709551615,0,0.73388671875,610.1376342773438,561.733154296875,214.97918701171875,258.3177795410156,20250225-154516
154,18446744073709551615,0,0.7705078125,764.8416137695312,1746.5855712890625,172.06494140625,309.15728759765625,20250225-154516
154,18446744073709551615,0,0.78857421875,687.935302734375,1855.53125,63.61962890625,94.68960571289062,20250225-154516
154,18446744073709551615,0,0.810546875,690.27685546875,1731.983154296875,112.19970703125,108.0640869140625,20250225-154516
154,18446744073709551615,0,0.845703125,484.39617919921875,830.2445068359375,175.49826049804688,284.1998291015625,20250225-154516
154,18446744073709551615,0,0.87646484375,586.2482299804688,0.0,374.053466796875,384.53082275390625,20250225-154516
154,18446744073709551615,0,0.939453125,250.8790283203125,575.8564453125,973.6636962890625,818.5067138671875,20250225-154516
155,18446744073709551615,0,0.2783203125,706.997314453125,1405.64599609375,94.14230346679688,172.9383544921875,20250225-154516
155,18446744073709551615,0,0.43115234375,606.4599609375,1558.063720703125,247.713134765625,260.5033264160156,20250225-154516
155,18446744073709551615,0,0.62451171875,604.141845703125,1213.7984619140625,281.25091552734375,314.4390563964844,20250225-154516
155,18446744073709551615,0,0.6943359375,688.423828125,750.91455078125,70.44827270507812,84.94647216796875,20250225-154516
155,18446744073709551615,0,0.7392578125,488.15350341796875,627.4326171875,104.27522277832031,171.76510620117188,20250225-154516
155,18446744073709551615,0,0.7626953125,609.0360107421875,565.4971923828125,211.69088745117188,259.35443115234375,20250225-154516
155,18446744073709551615,0,0.78466796875,691.305908203125,1727.923095703125,116.10479736328125,106.41741943359375,20250225-154516
155,18446744073709551615,0,0.78662109375,687.807373046875,1854.3310546875,64.77484130859375,94.918212890625,20250225-154516
155,18446744073709551615,0,0.8076171875,757.564453125,1746.127197265625,172.3392333984375,316.2847595214844,20250225-154516
155,18446744073709551615,0,0.83154296875,484.6446533203125,829.1365356445312,177.00457763671875,284.4229431152344,20250225-154516
155,18446744073709551615,0,0.8828125,586.4104614257812,0.1535797119140625,372.65771484375,388.32550048828125,20250225-154516
155,18446744073709551615,0,0.9404296875,251.07073974609375,576.1942749023438,973.1672973632812,818.2613525390625,20250225-154516
156,18446744073709551615,0,0.27197265625,708.60986328125,1429.4307861328125,76.26626586914062,111.75640869140625,20250225-154516
156,18446744073709551615,0,0.4814453125,605.7804565429688,1559.98095703125,213.907470703125,164.7022705078125,20250225-154516
156,18446744073709551615,0,0.71240234375,567.7225341796875,1208.5302734375,289.8665771484375,379.0436096191406,20250225-154516
156,18446744073709551615,0,0.71533203125,688.1705932617188,751.2299194335938,69.0673828125,85.69912719726562,20250225-154516
156,18446744073709551615,0,0.74072265625,487.9221496582031,624.8485717773438,106.53817749023438,182.5286865234375,20250225-154516
156,18446744073709551615,0,0.74609375,610.5208740234375,560.05419921875,217.17379760742188,259.8040466308594,20250225-154516
156,18446744073709551615,0,0.78076171875,691.0869140625,1729.9801025390625,114.6580810546875,105.385986328125,20250225-154516
156,18446744073709551615,0,0.7900390625,688.0647583007812,1854.978515625,64.12738037109375,94.54385375976562,20250225-154516
156,18446744073709551615,0,0.794921875,765.3440551757812,1748.099609375,170.32763671875,306.9161682128906,20250225-154516
156,18446744073709551615,0,0.83642578125,485.06689453125,829.379150390625,177.04486083984375,283.89312744140625,20250225-154516
156,18446744073709551615,0,0.8974609375,586.02978515625,0.0,373.5546875,389.7937316894531,20250225-154516
156,18446744073709551615,0,0.93701171875,252.71099853515625,576.6498413085938,971.7167358398438,817.2615966796875,20250225-154516
157,18446744073709551615,0,0.262939453125,707.0701904296875,1409.154296875,91.73300170898438,176.47366333007812,20250225-154516
157,18446744073709551615,0,0.412109375,604.6640625,1555.1927490234375,240.908935546875,256.0921325683594,20250225-154516
157,18446744073709551615,0,0.71630859375,687.3202514648438,751.5269775390625,69.37275695800781,85.22836303710938,20250225-154516
157,18446744073709551615,0,0.74462890625,690.0919189453125,1729.7724609375,115.38665771484375,108.3724365234375,20250225-154516
157,18446744073709551615,0,0.75146484375,488.00079345703125,624.305419921875,106.38299560546875,179.25613403320312,20250225-154516
157,18446744073709551615,0,0.7578125,567.1166381835938,1212.1279296875,298.5500793457031,382.4206237792969,20250225-154516
157,18446744073709551615,0,0.77197265625,609.6309814453125,555.0349731445312,220.79067993164062,259.2400817871094,20250225-154516
157,18446744073709551615,0,0.7880859375,763.1832275390625,1747.4659423828125,171.19189453125,311.1048889160156,20250225-154516
157,18446744073709551615,0,0.79296875,688.4430541992188,1854.793212890625,64.31158447265625,94.48489379882812,20250225-154516
157,18446744073709551615,0,0.8193359375,486.28948974609375,829.6151733398438,176.66107177734375,280.946044921875,20250225-154516
157,18446744073709551615,0,0.89453125,584.9107666015625,0.0,373.23370361328125,388.9178466796875,20250225-154516
157,18446744073709551615,0,0.94287109375,251.7659912109375,579.5842895507812,964.5364379882812,817.1722412109375,20250225-154516
158,18446744073709551615,0,0.449462890625,603.309814453125,1556.27197265625,236.55230712890625,260.3835754394531,20250225-154516
158,18446744073709551615,0,0.67919921875,687.708984375,752.2431640625,68.95266723632812,85.67367553710938,20250225-154516
158,18446744073709551615,0,0.68359375,614.7620849609375,1213.71923828125,284.9213562011719,331.34930419921875,20250225-154516
158,18446744073709551615,0,0.7255859375,487.7845458984375,622.9118041992188,107.25814819335938,193.39151000976562,20250225-154516
158,18446744073709551615,0,0.763671875,765.2210083007812,1747.3619384765625,171.3922119140625,309.2397766113281,20250225-154516
158,18446744073709551615,0,0.77392578125,688.8469848632812,1730.3602294921875,114.13311767578125,108.39431762695312,20250225-154516
158,18446744073709551615,0,0.79638671875,687.606201171875,1855.03564453125,64.06732177734375,94.76715087890625,20250225-154516
158,18446744073709551615,0,0.80029296875,609.8823852539062,547.0648193359375,230.04006958007812,258.1090393066406,20250225-154516
158,18446744073709551615,0,0.84765625,487.1337890625,830.9155883789062,176.09500122070312,280.9704895019531,20250225-154516
158,18446744073709551615,0,0.8935546875,584.7390747070312,0.0,374.8050537109375,392.0189208984375,20250225-154516
158,18446744073709551615,0,0.93994140625,251.73312377929688,579.5751953125,968.4755859375,817.5990600585938,20250225-154516
159,18446744073709551615,0,0.20947265625,707.1908569335938,1429.355712890625,76.87490844726562,113.37149047851562,20250225-154516
159,18446744073709551615,0,0.2371826171875,698.2080078125,1352.684326171875,147.74441528320312,196.90521240234375,20250225-154516
159,18446744073709551615,0,0.57666015625,603.2945556640625,1556.0657958984375,241.25079345703125,265.89422607421875,20250225-154516
159,18446744073709551615,0,0.66650390625,686.96630859375,751.6265258789062,70.24127197265625,85.9925537109375,20250225-154516
159,18446744073709551615,0,0.71875,487.617919921875,623.03125,107.17881774902344,195.69406127929688,20250225-154516
159,18446744073709551615,0,0.71923828125,569.2235107421875,1213.106201171875,296.0863037109375,380.1591796875,20250225-154516
159,18446744073709551615,0,0.783203125,689.8135986328125,1730.5264892578125,113.7176513671875,109.13873291015625,20250225-154516
159,18446744073709551615,0,0.7919921875,687.7955932617188,1855.2412109375,63.86279296875,94.81045532226562,20250225-154516
159,18446744073709551615,0,0.79736328125,759.2708740234375,1748.3287353515625,170.2584228515625,315.02947998046875,20250225-154516
159,18446744073709551615,0,0.80029296875,610.0828857421875,550.22802734375,225.83056640625,259.14385986328125,20250225-154516
159,18446744073709551615,0,0.8349609375,484.2377014160156,833.2547607421875,173.4268798828125,281.310791015625,20250225-154516
159,18446744073709551615,0,0.88623046875,585.2882080078125,0.0,374.32568359375,389.5814208984375,20250225-154516
159,18446744073709551615,0,0.943359375,251.1917724609375,579.1023559570312,963.944091796875,817.7904052734375,20250225-154516
160,18446744073709551615,0,0.318359375,708.9276123046875,1427.9521484375,78.28482055664062,108.49136352539062,20250225-154516
160,18446744073709551615,0,0.5205078125,603.628662109375,1555.330078125,242.17510986328125,268.292724609375,20250225-154516
160,18446744073709551615,0,0.62890625,590.3292236328125,1210.851806640625,283.4969787597656,325.647216796875,20250225-154516
160,18446744073709551615,0,0.7080078125,688.3326416015625,752.473876953125,68.61447143554688,84.5679931640625,20250225-154516
160,18446744073709551615,0,0.71923828125,487.3861999511719,617.5069580078125,113.33811950683594,203.5777587890625,20250225-154516
160,18446744073709551615,0,0.77197265625,690.6842651367188,1729.1357421875,114.7265625,107.42880249023438,20250225-154516
160,18446744073709551615,0,0.78125,764.4351196289062,1749.8770751953125,168.71575927734375,310.3217468261719,20250225-154516
160,18446744073709551615,0,0.79296875,609.8761596679688,559.998291015625,214.01779174804688,259.2994079589844,20250225-154516
160,18446744073709551615,0,0.79931640625,688.302978515625,1855.3062744140625,63.79888916015625,95.07742309570312,20250225-154516
160,18446744073709551615,0,0.83740234375,485.9036865234375,835.4412231445312,171.59426879882812,280.0937805175781,20250225-154516
160,18446744073709551615,0,0.88671875,586.3289794921875,0.0,374.68804931640625,388.0308837890625,20250225-154516
160,18446744073709551615,0,0.94091796875,251.8333740234375,576.0743408203125,973.8630981445312,817.1870727539062,20250225-154516
161,18446744073709551615,0,0.318359375,703.7603759765625,1350.523681640625,148.05880737304688,190.76412963867188,20250225-154516
161,18446744073709551615,0,0.319091796875,709.3353881835938,1426.847900390625,79.76687622070312,110.19607543945312,20250225-154516
161,18446744073709551615,0,0.4833984375,602.9485473632812,1553.86669921875,246.30908203125,267.54931640625,20250225-154516
161,18446744073709551615,0,0.65673828125,598.08642578125,1214.086181640625,300.79888916015625,347.76324462890625,20250225-154516
161,18446744073709551615,0,0.6611328125,688.2677001953125,751.572021484375,68.4788818359375,84.328125,20250225-154516
161,18446744073709551615,0,0.7333984375,488.126220703125,622.1885375976562,107.59062194824219,199.2191162109375,20250225-154516
161,18446744073709551615,0,0.7568359375,757.7847290039062,1751.667236328125,167.5030517578125,312.45941162109375,20250225-154516
161,18446744073709551615,0,0.7724609375,691.0916748046875,1729.518798828125,113.3162841796875,107.72872924804688,20250225-154516
161,18446744073709551615,0,0.787109375,688.0191650390625,1855.5289306640625,63.57769775390625,95.89105224609375,20250225-154516
161,18446744073709551615,0,0.79443359375,485.6671142578125,837.1265258789062,170.15103149414062,279.251953125,20250225-154516
161,18446744073709551615,0,0.80419921875,612.0280151367188,552.4261474609375,224.17849731445312,256.1404724121094,20250225-154516
161,18446744073709551615,0,0.89306640625,586.4117431640625,0.0,375.01702880859375,391.0990905761719,20250225-154516
161,18446744073709551615,0,0.9423828125,252.7708740234375,576.4658203125,973.0008544921875,816.654052734375,20250225-154516
162,18446744073709551615,0,0.3056640625,709.166015625,1426.892333984375,79.108154296875,112.90731811523438,20250225-154516
162,18446744073709551615,0,0.38037109375,704.8438110351562,1349.2607421875,149.43722534179688,189.99362182617188,20250225-154516
162,18446744073709551615,0,0.474609375,602.2197875976562,1556.0731201171875,244.35040283203125,271.92608642578125,20250225-154516
162,18446744073709551615,0,0.5947265625,593.5193481445312,1217.2064208984375,297.4882507324219,352.7135009765625,20250225-154516
162,18446744073709551615,0,0.6806640625,687.49658203125,751.0673828125,67.67129516601562,83.3543701171875,20250225-154516
162,18446744073709551615,0,0.70263671875,487.4156799316406,616.0162353515625,114.97439575195312,203.84527587890625,20250225-154516
162,18446744073709551615,0,0.71923828125,761.7305908203125,1750.65771484375,168.6024169921875,307.19622802734375,20250225-154516
162,18446744073709551615,0,0.7685546875,610.5333251953125,560.7291870117188,213.6331787109375,260.0364074707031,20250225-154516
162,18446744073709551615,0,0.7685546875,690.0056762695312,1729.507080078125,113.861572265625,108.01300048828125,20250225-154516
162,18446744073709551615,0,0.7939453125,688.2694091796875,1856.161376953125,62.98773193359375,95.83685302734375,20250225-154516
162,18446744073709551615,0,0.8505859375,488.62847900390625,838.25,169.54486083984375,276.1402587890625,20250225-154516
162,18446744073709551615,0,0.89697265625,585.8404541015625,0.0,374.6290283203125,388.6512451171875,20250225-154516
162,18446744073709551615,0,0.9423828125,252.59197998046875,575.6504516601562,971.4475708007812,817.3564453125,20250225-154516
163,18446744073709551615,0,0.2147216796875,706.8670654296875,1427.8336181640625,77.31024169921875,115.86968994140625,20250225-154516
163,18446744073709551615,0,0.244384765625,687.6172485351562,474.3504638671875,67.27482604980469,80.29815673828125,20250225-154516
163,18446744073709551615,0,0.42724609375,701.412841796875,1347.187744140625,152.28790283203125,194.0335693359375,20250225-154516
163,18446744073709551615,0,0.4775390625,601.403564453125,1556.55029296875,240.22723388671875,275.28497314453125,20250225-154516
163,18446744073709551615,0,0.5908203125,611.3236083984375,1214.7022705078125,300.79156494140625,333.9941711425781,20250225-154516
163,18446744073709551615,0,0.68701171875,686.8363037109375,752.11865234375,66.21377563476562,84.36630249023438,20250225-154516
163,18446744073709551615,0,0.70751953125,486.8499755859375,622.8516845703125,106.94064331054688,199.78948974609375,20250225-154516
163,18446744073709551615,0,0.75439453125,761.295166015625,1751.1708984375,167.45306396484375,311.04840087890625,20250225-154516
163,18446744073709551615,0,0.76123046875,689.4105834960938,1728.942138671875,114.02783203125,109.84671020507812,20250225-154516
163,18446744073709551615,0,0.79443359375,687.6492919921875,1854.8851318359375,64.27459716796875,95.47457885742188,20250225-154516
163,18446744073709551615,0,0.796875,488.17730712890625,839.2186889648438,167.24826049804688,276.6096496582031,20250225-154516
163,18446744073709551615,0,0.8134765625,611.6697998046875,558.51220703125,218.50927734375,256.4271240234375,20250225-154516
163,18446744073709551615,0,0.89794921875,585.4608764648438,0.0,373.5411071777344,387.5702819824219,20250225-154516
163,18446744073709551615,0,0.9443359375,252.33380126953125,579.4784545898438,965.0467529296875,816.3782958984375,20250225-154516
164,18446744073709551615,0,0.253173828125,703.6353759765625,1363.2132568359375,137.71426391601562,193.137451171875,20250225-154516
164,18446744073709551615,0,0.626953125,620.1925048828125,1217.7982177734375,296.1816101074219,328.5574951171875,20250225-154516
164,18446744073709551615,0,0.67578125,686.4743041992188,751.25439453125,66.79046630859375,85.69931030273438,20250225-154516
164,18446744073709551615,0,0.69189453125,602.5072631835938,1558.56298828125,241.7244873046875,272.1310729980469,20250225-154516
164,18446744073709551615,0,0.71923828125,486.67401123046875,623.2858276367188,105.93466186523438,195.98721313476562,20250225-154516
164,18446744073709551615,0,0.72119140625,760.351318359375,1750.95263671875,168.30047607421875,308.5578918457031,20250225-154516
164,18446744073709551615,0,0.7919921875,689.1500244140625,1728.5738525390625,113.5433349609375,107.70172119140625,20250225-154516
164,18446744073709551615,0,0.79736328125,688.2000732421875,1854.566162109375,64.53204345703125,95.7593994140625,20250225-154516
164,18446744073709551615,0,0.814453125,488.61474609375,838.5523681640625,168.62429809570312,275.9495544433594,20250225-154516
164,18446744073709551615,0,0.8173828125,610.2615966796875,556.03857421875,221.1708984375,258.8584899902344,20250225-154516
164,18446744073709551615,0,0.83203125,804.829833984375,1.0299453735351562,311.09979248046875,269.25421142578125,20250225-154516
164,18446744073709551615,0,0.89599609375,585.2900390625,0.0,375.3143005371094,387.4908142089844,20250225-154516
164,18446744073709551615,0,0.94482421875,253.48928833007812,580.427490234375,965.1751098632812,815.3204956054688,20250225-154516
165,18446744073709551615,0,0.2783203125,709.6761474609375,1429.465576171875,75.20700073242188,110.76205444335938,20250225-154516
165,18446744073709551615,0,0.46875,706.1808471679688,1350.6689453125,149.1734619140625,187.96316528320312,20250225-154516
165,18446744073709551615,0,0.56103515625,603.0759887695312,1558.5018310546875,243.38873291015625,271.2530822753906,20250225-154516
165,18446744073709551615,0,0.630859375,620.6878051757812,1213.45458984375,304.3034362792969,326.95843505859375,20250225-154516
165,18446744073709551615,0,0.64404296875,686.88134765625,751.1920166015625,68.302734375,86.73330688476562,20250225-154516
165,18446744073709551615,0,0.708984375,487.695556640625,622.5525512695312,106.74082946777344,201.12030029296875,20250225-154516
165,18446744073709551615,0,0.755859375,758.4832763671875,1751.6795654296875,167.57025146484375,310.50457763671875,20250225-154516
165,18446744073709551615,0,0.77392578125,690.5496826171875,1728.9693603515625,114.49896240234375,107.00729370117188,20250225-154516
165,18446744073709551615,0,0.78515625,806.2241821289062,1.2121124267578125,309.24176025390625,267.3827819824219,20250225-154516
165,18446744073709551615,0,0.7958984375,688.339599609375,1856.310791015625,62.8385009765625,94.91519165039062,20250225-154516
165,18446744073709551615,0,0.80615234375,611.2992553710938,554.31005859375,220.14111328125,257.8889465332031,20250225-154516
165,18446744073709551615,0,0.8291015625,488.3876953125,839.0245971679688,168.19784545898438,277.256103515625,20250225-154516
165,18446744073709551615,0,0.90380859375,586.13818359375,0.0,375.0806884765625,387.7229919433594,20250225-154516
165,18446744073709551615,0,0.9443359375,252.6987762451172,579.618896484375,964.81201171875,816.0615234375,20250225-154516
166,18446744073709551615,0,0.4951171875,603.3306884765625,1559.4774169921875,241.8087158203125,272.3114318847656,20250225-154517
166,18446744073709551615,0,0.5009765625,706.1555786132812,1352.42431640625,147.15316772460938,189.41665649414062,20250225-154517
166,18446744073709551615,0,0.55810546875,617.7379760742188,1212.890380859375,308.0361328125,328.1670227050781,20250225-154517
166,18446744073709551615,0,0.6689453125,687.047607421875,751.9637451171875,67.0206298828125,85.30718994140625,20250225-154517
166,18446744073709551615,0,0.73876953125,488.25750732421875,623.1046142578125,105.98240661621094,192.57485961914062,20250225-154517
166,18446744073709551615,0,0.78515625,612.4246215820312,547.0728149414062,228.69754028320312,258.1324768066406,20250225-154517
166,18446744073709551615,0,0.80029296875,766.8378295898438,1751.0928955078125,167.60394287109375,307.28558349609375,20250225-154517
166,18446744073709551615,0,0.80029296875,688.3714599609375,1855.018798828125,63.98858642578125,96.42105102539062,20250225-154517
166,18446744073709551615,0,0.80078125,690.927734375,1730.47314453125,112.6461181640625,106.2930908203125,20250225-154517
166,18446744073709551615,0,0.81396484375,805.9985961914062,1.0302886962890625,310.2413330078125,267.1517028808594,20250225-154517
166,18446744073709551615,0,0.83447265625,491.5267639160156,840.4229736328125,167.06643676757812,273.79010009765625,20250225-154517
166,18446744073709551615,0,0.90380859375,587.0787963867188,0.0,374.9803771972656,385.951904296875,20250225-154517
166,18446744073709551615,0,0.94482421875,253.28480529785156,579.7853393554688,964.423095703125,815.8348388671875,20250225-154517
167,18446744073709551615,0,0.265869140625,709.3526000976562,1428.8536376953125,77.16787719726562,110.9527587890625,20250225-154517
167,18446744073709551615,0,0.404541015625,603.3695068359375,1559.6927490234375,243.43927001953125,272.609619140625,20250225-154517
167,18446744073709551615,0,0.57568359375,705.2255859375,1353.624267578125,147.25259399414062,190.16802978515625,20250225-154517
167,18446744073709551615,0,0.6318359375,618.0759887695312,1211.234130859375,213.40438842773438,228.42800903320312,20250225-154517
167,18446744073709551615,0,0.68994140625,686.9671630859375,751.5285034179688,67.53153991699219,85.7398681640625,20250225-154517
167,18446744073709551615,0,0.736328125,488.1998291015625,622.1911010742188,107.18898010253906,197.96255493164062,20250225-154517
167,18446744073709551615,0,0.7607421875,493.21343994140625,840.81591796875,165.2618408203125,271.2781677246094,20250225-154517
167,18446744073709551615,0,0.763671875,767.745849609375,1751.010498046875,167.6729736328125,306.54949951171875,20250225-154517
167,18446744073709551615,0,0.783203125,691.0653076171875,1730.5924072265625,111.6485595703125,106.17507934570312,20250225-154517
167,18446744073709551615,0,0.79443359375,611.7632446289062,556.2489013671875,219.9320068359375,259.9774475097656,20250225-154517
167,18446744073709551615,0,0.798828125,688.2564697265625,1855.829345703125,63.268798828125,95.1778564453125,20250225-154517
167,18446744073709551615,0,0.84033203125,805.1865234375,1.0235137939453125,310.1015625,268.33026123046875,20250225-154517
167,18446744073709551615,0,0.90673828125,586.1478881835938,0.0,375.93353271484375,386.1147766113281,20250225-154517
167,18446744073709551615,0,0.94775390625,252.52606201171875,579.424072265625,966.82470703125,817.0178833007812,20250225-154517
168,18446744073709551615,0,0.20751953125,690.108154296875,450.2108154296875,96.50445556640625,135.722900390625,20250225-154517
168,18446744073709551615,0,0.259033203125,708.21044921875,1430.200439453125,75.85867309570312,111.4189453125,20250225-154517
168,18446744073709551615,0,0.517578125,603.3202514648438,1560.0732421875,243.95892333984375,271.8688659667969,20250225-154517
168,18446744073709551615,0,0.66552734375,608.4722900390625,1210.77734375,282.7066955566406,300.0288391113281,20250225-154517
168,18446744073709551615,0,0.69677734375,686.75390625,752.6640625,65.84088134765625,84.7998046875,20250225-154517
168,18446744073709551615,0,0.70654296875,487.2352294921875,623.8701171875,105.99687194824219,197.03018188476562,20250225-154517
168,18446744073709551615,0,0.7705078125,493.63861083984375,840.9166259765625,165.76382446289062,270.8851318359375,20250225-154517
168,18446744073709551615,0,0.77685546875,690.129638671875,1730.152099609375,113.6986083984375,104.86074829101562,20250225-154517
168,18446744073709551615,0,0.77734375,766.4481811523438,1749.3255615234375,169.4718017578125,307.4925842285156,20250225-154517
168,18446744073709551615,0,0.80908203125,688.3011474609375,1855.672607421875,63.42626953125,95.01077270507812,20250225-154517
168,18446744073709551615,0,0.8134765625,610.74755859375,562.9312133789062,214.2213134765625,260.5009460449219,20250225-154517
168,18446744073709551615,0,0.85595703125,807.12890625,1.1281585693359375,310.85565185546875,267.0318603515625,20250225-154517
168,18446744073709551615,0,0.90576171875,585.9609375,0.0,375.1901550292969,386.3028259277344,20250225-154517
168,18446744073709551615,0,0.94482421875,251.74159240722656,582.5511474609375,966.1642456054688,817.8153076171875,20250225-154517
169,18446744073709551615,0,0.301513671875,520.8438720703125,1291.01904296875,55.006439208984375,56.572906494140625,20250225-154517
169,18446744073709551615,0,0.302490234375,707.3831176757812,1426.108642578125,80.53939819335938,113.08154296875,20250225-154517
169,18446744073709551615,0,0.35302734375,701.573486328125,1358.02197265625,140.23031616210938,193.2220458984375,20250225-154517
169,18446744073709551615,0,0.56787109375,578.5105590820312,1212.1951904296875,303.3009338378906,361.8174133300781,20250225-154517
169,18446744073709551615,0,0.6591796875,687.5050048828125,753.676025390625,64.3209228515625,84.04293823242188,20250225-154517
169,18446744073709551615,0,0.662109375,496.2161865234375,842.694580078125,133.13241577148438,266.778076171875,20250225-154517
169,18446744073709551615,0,0.7001953125,604.0632934570312,1561.958984375,241.828125,264.7411193847656,20250225-154517
169,18446744073709551615,0,0.7607421875,486.91552734375,625.0904541015625,104.47604370117188,187.72805786132812,20250225-154517
169,18446744073709551615,0,0.7685546875,766.8198852539062,1750.4498291015625,168.24774169921875,307.1016540527344,20250225-154517
169,18446744073709551615,0,0.78466796875,688.9879150390625,1729.986328125,113.1309814453125,106.0513916015625,20250225-154517
169,18446744073709551615,0,0.7880859375,610.3099365234375,567.3818359375,209.79208374023438,260.81634521484375,20250225-154517
169,18446744073709551615,0,0.810546875,688.3500366210938,1855.5860595703125,63.509765625,95.58078002929688,20250225-154517
169,18446744073709551615,0,0.83203125,807.5137939453125,1.1288223266601562,314.1043701171875,266.4609375,20250225-154517
169,18446744073709551615,0,0.90771484375,586.2445068359375,0.0,375.277587890625,387.4434814453125,20250225-154517
169,18446744073709551615,0,0.94775390625,251.38568115234375,581.8736572265625,963.2947998046875,818.0202026367188,20250225-154517
170,18446744073709551615,0,0.25390625,521.2893676757812,1297.2476806640625,51.49273681640625,55.894683837890625,20250225-154517
170,18446744073709551615,0,0.26904296875,708.146484375,1428.5819091796875,75.56442260742188,114.92807006835938,20250225-154517
170,18446744073709551615,0,0.59814453125,617.5145874023438,1211.640380859375,272.47357177734375,284.06341552734375,20250225-154517
170,18446744073709551615,0,0.67236328125,605.364501953125,1561.6234130859375,244.99127197265625,263.7421875,20250225-154517
170,18446744073709551615,0,0.68505859375,686.1970825195312,754.1505126953125,64.31062316894531,85.80743408203125,20250225-154517
170,18446744073709551615,0,0.69677734375,492.45465087890625,843.6996459960938,157.61892700195312,270.95819091796875,20250225-154517
170,18446744073709551615,0,0.7373046875,487.5926513671875,624.4757080078125,105.45314025878906,193.32815551757812,20250225-154517
170,18446744073709551615,0,0.775390625,690.1746826171875,1729.6435546875,113.1221923828125,105.931640625,20250225-154517
170,18446744073709551615,0,0.7841796875,771.4859619140625,1748.6942138671875,170.00555419921875,302.2868957519531,20250225-154517
170,18446744073709551615,0,0.7939453125,611.631591796875,553.3587646484375,223.84909057617188,259.17352294921875,20250225-154517
170,18446744073709551615,0,0.810546875,688.3546142578125,1855.6951904296875,63.406494140625,96.21652221679688,20250225-154517
170,18446744073709551615,0,0.82763671875,806.9338989257812,1.3096160888671875,319.16070556640625,266.961181640625,20250225-154517
170,18446744073709551615,0,0.90283203125,587.5638427734375,0.0,375.44024658203125,385.13067626953125,20250225-154517
170,18446744073709551615,0,0.94384765625,253.09075927734375,583.4902954101562,963.02783203125,816.4418334960938,20250225-154517
171,18446744073709551615,0,0.220703125,668.9353637695312,1562.6766357421875,52.710205078125,100.787109375,20250225-154517
171,18446744073709551615,0,0.301513671875,522.110107421875,1292.1658935546875,58.94110107421875,56.9373779296875,20250225-154517
171,18446744073709551615,0,0.3486328125,709.5939331054688,1430.524169921875,75.123046875,82.66690063476562,20250225-154517
171,18446744073709551615,0,0.5341796875,605.9500732421875,1562.3712158203125,242.515869140625,259.8511962890625,20250225-154517
171,18446744073709551615,0,0.5419921875,809.8927001953125,1.230743408203125,324.2514343261719,263.0578308105469,20250225-154517
171,18446744073709551615,0,0.61962890625,686.8394165039062,753.4013061523438,66.07511901855469,84.69094848632812,20250225-154517
171,18446744073709551615,0,0.716796875,619.6979370117188,1210.174560546875,280.2375183105469,286.6601257324219,20250225-154517
171,18446744073709551615,0,0.728515625,498.5548095703125,844.2974853515625,158.24899291992188,265.2374267578125,20250225-154517
171,18446744073709551615,0,0.74609375,488.79254150390625,623.861572265625,105.81129455566406,194.70346069335938,20250225-154517
171,18446744073709551615,0,0.79052734375,774.7802124023438,1747.88232421875,170.91192626953125,299.1609191894531,20250225-154517
171,18446744073709551615,0,0.7919921875,612.6005859375,558.0401611328125,219.69744873046875,258.6766662597656,20250225-154517
171,18446744073709551615,0,0.796875,687.8684692382812,1855.3985595703125,63.75677490234375,96.75778198242188,20250225-154517
171,18446744073709551615,0,0.80126953125,691.25244140625,1730.2763671875,111.9656982421875,104.7725830078125,20250225-154517
171,18446744073709551615,0,0.90283203125,587.9459838867188,0.0,375.5964660644531,385.3085632324219,20250225-154517
171,18446744073709551615,0,0.94580078125,254.553955078125,583.847412109375,963.8232421875,815.03759765625,20250225-154517
172,18446744073709551615,0,0.2049560546875,669.2640380859375,1566.350830078125,62.84783935546875,97.24850463867188,20250225-154517
172,18446744073709551615,0,0.263671875,520.6444091796875,1291.499755859375,62.391357421875,61.014404296875,20250225-154517
172,18446744073709551615,0,0.36474609375,710.9029541015625,1431.640380859375,76.8226318359375,102.85565185546875,20250225-154517
172,18446744073709551615,0,0.63720703125,606.333251953125,1563.81591796875,241.77392578125,258.264404296875,20250225-154517
172,18446744073709551615,0,0.6376953125,686.7789916992188,752.4716186523438,66.90779113769531,85.0880126953125,20250225-154517
172,18446744073709551615,0,0.7333984375,492.78570556640625,845.0631103515625,158.2650146484375,271.7800598144531,20250225-154517
172,18446744073709551615,0,0.75341796875,490.6607666015625,624.1297607421875,106.04145812988281,190.63449096679688,20250225-154517
172,18446744073709551615,0,0.75439453125,620.7595825195312,1209.9775390625,279.3035888671875,295.62945556640625,20250225-154517
172,18446744073709551615,0,0.7880859375,691.0629272460938,1730.0634765625,111.829833984375,103.51089477539062,20250225-154517
172,18446744073709551615,0,0.79248046875,771.0844116210938,1745.82421875,172.76495361328125,302.39959716796875,20250225-154517
172,18446744073709551615,0,0.80078125,612.057861328125,566.27001953125,210.82818603515625,260.54571533203125,20250225-154517
172,18446744073709551615,0,0.80126953125,688.2130737304688,1855.60595703125,63.5050048828125,95.04638671875,20250225-154517
172,18446744073709551615,0,0.904296875,588.1463012695312,0.0,375.7197265625,385.2708435058594,20250225-154517
172,18446744073709551615,0,0.947265625,253.0440673828125,583.8689575195312,964.1610717773438,816.500244140625,20250225-154517
173,18446744073709551615,0,0.2120361328125,686.86083984375,475.7172546386719,148.63133239746094,136.15347290039062,20250225-154517
173,18446744073709551615,0,0.218017578125,665.857666015625,1568.953857421875,58.4351806640625,98.06158447265625,20250225-154517
173,18446744073709551615,0,0.25390625,519.4454956054688,1293.4654541015625,61.879852294921875,59.856353759765625,20250225-154517
173,18446744073709551615,0,0.30078125,707.2560424804688,1432.827392578125,73.26507568359375,113.04208374023438,20250225-154517
173,18446744073709551615,0,0.548828125,605.928955078125,1565.6319580078125,243.62548828125,259.8856201171875,20250225-154517
173,18446744073709551615,0,0.6884765625,686.6456909179688,753.235107421875,66.2574462890625,85.66241455078125,20250225-154517
173,18446744073709551615,0,0.736328125,495.07415771484375,846.038330078125,150.87835693359375,271.5638122558594,20250225-154517
173,18446744073709551615,0,0.7431640625,611.4779663085938,1210.77197265625,275.8957214355469,293.2496337890625,20250225-154517
173,18446744073709551615,0,0.7548828125,689.074951171875,1728.489990234375,113.78155517578125,105.741943359375,20250225-154517
173,18446744073709551615,0,0.767578125,490.42803955078125,624.9061279296875,105.77005004882812,188.07284545898438,20250225-154517
173,18446744073709551615,0,0.78466796875,770.8502197265625,1746.925048828125,171.75531005859375,302.43988037109375,20250225-154517
173,18446744073709551615,0,0.79248046875,612.0645751953125,564.0179443359375,213.15682983398438,261.89959716796875,20250225-154517
173,18446744073709551615,0,0.796875,688.3714599609375,1854.77392578125,64.3721923828125,95.31106567382812,20250225-154517
173,18446744073709551615,0,0.900390625,587.672119140625,0.0,375.4049377441406,387.1417236328125,20250225-154517
173,18446744073709551615,0,0.94580078125,251.90386962890625,584.0717163085938,964.3472900390625,817.5091552734375,20250225-154517
174,18446744073709551615,0,0.25390625,519.6926879882812,1298.828857421875,56.040618896484375,57.023895263671875,20250225-154517
174,18446744073709551615,0,0.289306640625,665.0121459960938,1567.4293212890625,63.1201171875,101.63909912109375,20250225-154517
174,18446744073709551615,0,0.34521484375,707.2586059570312,1433.525634765625,73.357177734375,77.42852783203125,20250225-154517
174,18446744073709551615,0,0.60302734375,605.9102783203125,1567.3099365234375,237.84063720703125,261.4942932128906,20250225-154517
174,18446744073709551615,0,0.6494140625,686.69384765625,753.825927734375,64.57585144042969,83.75106811523438,20250225-154517
174,18446744073709551615,0,0.68408203125,491.5437927246094,846.5537109375,116.81103515625,271.4736328125,20250225-154517
174,18446744073709551615,0,0.7431640625,599.666748046875,1211.5146484375,279.68792724609375,304.8161315917969,20250225-154517
174,18446744073709551615,0,0.76611328125,490.70306396484375,625.4070434570312,105.84237670898438,177.18539428710938,20250225-154517
174,18446744073709551615,0,0.7880859375,768.7935791015625,1746.3826904296875,172.193115234375,304.6853942871094,20250225-154517
174,18446744073709551615,0,0.7958984375,689.6958618164062,1737.39501953125,104.5491943359375,105.25003051757812,20250225-154517
174,18446744073709551615,0,0.80029296875,688.505126953125,1854.89404296875,64.2572021484375,94.96389770507812,20250225-154517
174,18446744073709551615,0,0.80859375,612.0316772460938,549.513427734375,226.8973388671875,260.28973388671875,20250225-154517
174,18446744073709551615,0,0.89453125,587.3750610351562,0.0,375.433349609375,383.6031188964844,20250225-154517
174,18446744073709551615,0,0.94580078125,251.72291564941406,583.4644775390625,965.671142578125,817.771728515625,20250225-154517
175,18446744073709551615,0,0.21337890625,706.599609375,1435.32373046875,71.0255126953125,103.4000244140625,20250225-154517
175,18446744073709551615,0,0.236572265625,664.659912109375,1568.6220703125,60.34881591796875,100.8753662109375,20250225-154517
175,18446744073709551615,0,0.25390625,519.7447509765625,1303.213623046875,51.995086669921875,56.77642822265625,20250225-154517
175,18446744073709551615,0,0.3701171875,707.5581665039062,476.466064453125,72.59353637695312,117.13632202148438,20250225-154517
175,18446744073709551615,0,0.6591796875,686.9155883789062,754.6224365234375,63.690948486328125,84.37472534179688,20250225-154517
175,18446744073709551615,0,0.68994140625,606.4398193359375,1567.7735595703125,237.68206787109375,257.546630859375,20250225-154517
175,18446744073709551615,0,0.71630859375,495.366943359375,848.0389404296875,145.31671142578125,268.26617431640625,20250225-154517
175,18446744073709551615,0,0.75341796875,580.5064086914062,1211.0872802734375,281.8216552734375,325.3014221191406,20250225-154517
175,18446744073709551615,0,0.76123046875,491.1136779785156,624.9239501953125,107.69599914550781,185.603759765625,20250225-154517
175,18446744073709551615,0,0.77685546875,763.32275390625,1745.5352783203125,173.02130126953125,310.6022644042969,20250225-154517
175,18446744073709551615,0,0.77880859375,688.702880859375,1738.263427734375,103.62890625,107.01040649414062,20250225-154517
175,18446744073709551615,0,0.79833984375,688.4666748046875,1854.989990234375,64.11181640625,94.6343994140625,20250225-154517
175,18446744073709551615,0,0.8251953125,611.622802734375,547.351318359375,229.87115478515625,259.1983337402344,20250225-154517
175,18446744073709551615,0,0.8916015625,588.4330444335938,1.0240631103515625,374.8475341796875,379.14642333984375,20250225-154517
175,18446744073709551615,0,0.9462890625,251.17135620117188,583.641845703125,964.7391357421875,818.4393310546875,20250225-154517
176,18446744073709551615,0,0.2421875,709.5111694335938,476.6058654785156,72.44027709960938,114.21231079101562,20250225-154517
176,18446744073709551615,0,0.287841796875,520.740234375,1308.980224609375,46.869598388671875,55.727691650390625,20250225-154517
176,18446744073709551615,0,0.3173828125,706.9522705078125,1434.94970703125,69.72262573242188,115.51821899414062,20250225-154517
176,18446744073709551615,0,0.37109375,666.42919921875,1569.3482666015625,61.5355224609375,100.43527221679688,20250225-154517
176,18446744073709551615,0,0.6318359375,608.0841064453125,1569.274658203125,238.19696044921875,253.92068481445312,20250225-154517
176,18446744073709551615,0,0.662109375,686.5149536132812,754.405029296875,64.77937316894531,86.31784057617188,20250225-154517
176,18446744073709551615,0,0.783203125,769.1336059570312,1744.1268310546875,174.3350830078125,305.67572021484375,20250225-154517
176,18446744073709551615,0,0.7861328125,689.5909423828125,1735.422607421875,106.447265625,105.40365600585938,20250225-154517
176,18446744073709551615,0,0.78662109375,491.19287109375,624.0106811523438,109.01953125,188.94369506835938,20250225-154517
176,18446744073709551615,0,0.791015625,611.8906860351562,1211.280517578125,272.1763916015625,287.2044982910156,20250225-154517
176,18446744073709551615,0,0.796875,688.2837524414062,1854.8759765625,64.2733154296875,95.79501342773438,20250225-154517
176,18446744073709551615,0,0.80029296875,490.67193603515625,848.3633422851562,155.3001708984375,274.9903564453125,20250225-154517
176,18446744073709551615,0,0.81884765625,611.9342651367188,547.412353515625,230.56961059570312,261.3780212402344,20250225-154517
176,18446744073709551615,0,0.88427734375,588.9109497070312,11.711528778076172,363.3952331542969,378.7533874511719,20250225-154517
176,18446744073709551615,0,0.947265625,252.4720458984375,583.4686279296875,964.6358642578125,817.1519165039062,20250225-154517
177,18446744073709551615,0,0.2213134765625,709.279541015625,1437.0699462890625,70.55282592773438,87.66604614257812,20250225-154517
177,18446744073709551615,0,0.26904296875,668.577392578125,1568.9560546875,59.70391845703125,98.997802734375,20250225-154517
177,18446744073709551615,0,0.273681640625,654.5125122070312,0.4190940856933594,40.17088317871094,267.50830078125,20250225-154517
177,18446744073709551615,0,0.388671875,711.2719116210938,478.400146484375,75.52908325195312,112.58395385742188,20250225-154517
177,18446744073709551615,0,0.52734375,608.7686767578125,1568.328369140625,245.26171875,248.96044921875,20250225-154517
177,18446744073709551615,0,0.65673828125,686.6978759765625,754.3432006835938,65.87297058105469,85.49313354492188,20250225-154517
177,18446744073709551615,0,0.732421875,493.29400634765625,848.2501831054688,151.70040893554688,271.43572998046875,20250225-154517
177,18446744073709551615,0,0.74169921875,492.0810241699219,625.0145263671875,107.782470703125,180.79266357421875,20250225-154517
177,18446744073709551615,0,0.75048828125,595.8673095703125,1209.498291015625,283.4653015136719,333.5478515625,20250225-154517
177,18446744073709551615,0,0.75146484375,770.955322265625,1745.1719970703125,173.46514892578125,303.5735778808594,20250225-154517
177,18446744073709551615,0,0.7607421875,690.5315551757812,1736.911376953125,105.50738525390625,105.05667114257812,20250225-154517
177,18446744073709551615,0,0.794921875,688.14892578125,1854.963134765625,64.0960693359375,96.0955810546875,20250225-154517
177,18446744073709551615,0,0.83056640625,611.9385986328125,544.92822265625,232.89266967773438,260.627197265625,20250225-154517
177,18446744073709551615,0,0.88427734375,589.2064819335938,30.021331787109375,345.4686584472656,375.53778076171875,20250225-154517
177,18446744073709551615,0,0.94677734375,254.55487060546875,583.240478515625,965.13427734375,814.74462890625,20250225-154517
178,18446744073709551615,0,0.263671875,707.4010620117188,1437.90625,71.51531982421875,77.234619140625,20250225-154517
178,18446744073709551615,0,0.280517578125,666.6546630859375,1569.3577880859375,60.22412109375,100.60858154296875,20250225-154517
178,18446744073709551615,0,0.291748046875,708.2916259765625,476.6071472167969,77.82188415527344,116.75537109375,20250225-154517
178,18446744073709551615,0,0.607421875,608.7333984375,1568.370849609375,241.05450439453125,247.25454711914062,20250225-154517
178,18446744073709551615,0,0.65673828125,686.19677734375,753.8241577148438,65.80133056640625,85.1898193359375,20250225-154517
178,18446744073709551615,0,0.69677734375,492.6010437011719,624.0577392578125,108.95169067382812,183.791015625,20250225-154517
178,18446744073709551615,0,0.75341796875,594.6491088867188,1210.1845703125,276.15380859375,308.6150207519531,20250225-154517
178,18446744073709551615,0,0.7705078125,690.874267578125,1738.9969482421875,103.578369140625,104.4847412109375,20250225-154517
178,18446744073709551615,0,0.7841796875,768.829833984375,1743.5496826171875,174.90216064453125,305.0962829589844,20250225-154517
178,18446744073709551615,0,0.79638671875,488.8201904296875,849.0162353515625,155.65484619140625,276.1013488769531,20250225-154517
178,18446744073709551615,0,0.80322265625,687.9718017578125,1855.1553955078125,63.90802001953125,96.10308837890625,20250225-154517
178,18446744073709551615,0,0.81396484375,612.0010986328125,544.3184814453125,232.55447387695312,262.839111328125,20250225-154517
178,18446744073709551615,0,0.88330078125,588.729248046875,55.36518859863281,321.793701171875,323.7337646484375,20250225-154517
178,18446744073709551615,0,0.94384765625,254.37799072265625,582.5455932617188,964.5919189453125,814.883056640625,20250225-154517
179,18446744073709551615,0,0.203125,692.0731201171875,478.9808349609375,104.49760437011719,128.90203857421875,20250225-154517
179,18446744073709551615,0,0.2998046875,706.7162475585938,1434.2449951171875,70.99429321289062,113.24935913085938,20250225-154517
179,18446744073709551615,0,0.33447265625,664.343017578125,1567.9921875,63.84686279296875,102.29754638671875,20250225-154517
179,18446744073709551615,0,0.5498046875,608.3309326171875,1567.51171875,239.83026123046875,247.549072265625,20250225-154517
179,18446744073709551615,0,0.67138671875,686.826416015625,755.0301513671875,63.09407043457031,83.52859497070312,20250225-154517
179,18446744073709551615,0,0.67333984375,579.0364990234375,1208.29296875,281.5454406738281,330.4302978515625,20250225-154517
179,18446744073709551615,0,0.71533203125,492.3188781738281,624.0162353515625,109.04466247558594,184.47802734375,20250225-154517
179,18446744073709551615,0,0.77685546875,689.1646728515625,1741.197021484375,100.46337890625,106.25326538085938,20250225-154517
179,18446744073709551615,0,0.7861328125,769.1244506835938,1742.60302734375,175.93194580078125,304.7073669433594,20250225-154517
179,18446744073709551615,0,0.7900390625,611.3098754882812,540.534423828125,233.89828491210938,262.8666687011719,20250225-154517
179,18446744073709551615,0,0.794921875,687.554443359375,1855.47900390625,63.8338623046875,95.73587036132812,20250225-154517
179,18446744073709551615,0,0.814453125,482.07733154296875,849.633056640625,153.869384765625,279.605712890625,20250225-154517
179,18446744073709551615,0,0.89892578125,588.4568481445312,75.05714416503906,301.9093322753906,313.6009826660156,20250225-154517
179,18446744073709551615,0,0.94189453125,253.0308837890625,583.1185913085938,964.3848266601562,815.8375854492188,20250225-154517
180,18446744073709551615,0,0.31396484375,706.3450927734375,1434.7056884765625,71.75527954101562,111.19967651367188,20250225-154517
180,18446744073709551615,0,0.376708984375,663.3953247070312,1568.441162109375,63.00146484375,102.255615234375,20250225-154517
180,18446744073709551615,0,0.541015625,608.4814453125,1567.087646484375,244.28485107421875,245.27554321289062,20250225-154517
180,18446744073709551615,0,0.64404296875,686.5156860351562,754.4464111328125,63.21162414550781,84.32327270507812,20250225-154517
180,18446744073709551615,0,0.6943359375,604.497314453125,1210.06689453125,283.5947570800781,314.044921875,20250225-154517
180,18446744073709551615,0,0.73583984375,491.952392578125,624.0933837890625,109.05207824707031,183.18072509765625,20250225-154517
180,18446744073709551615,0,0.7900390625,689.3961181640625,1742.151123046875,100.915283203125,105.05355834960938,20250225-154517
180,18446744073709551615,0,0.7900390625,687.2711791992188,1855.2451171875,64.06658935546875,96.4566650390625,20250225-154517
180,18446744073709551615,0,0.79052734375,773.42578125,1743.236328125,175.1121826171875,300.3179626464844,20250225-154517
180,18446744073709551615,0,0.8134765625,478.39471435546875,850.2482299804688,154.03619384765625,283.2518005371094,20250225-154517
180,18446744073709551615,0,0.8232421875,610.3335571289062,541.236083984375,232.32733154296875,265.4046936035156,20250225-154517
180,18446744073709551615,0,0.892578125,588.5465087890625,97.8797607421875,279.7418212890625,284.59881591796875,20250225-154517
180,18446744073709551615,0,0.943359375,255.6610107421875,583.4976196289062,965.6224365234375,813.0897216796875,20250225-154517
181,18446744073709551615,0,0.368408203125,665.197998046875,1567.3018798828125,62.56182861328125,101.67947387695312,20250225-154517
181,18446744073709551615,0,0.4609375,706.2936401367188,1433.3997802734375,73.60354614257812,114.43899536132812,20250225-154517
181,18446744073709551615,0,0.61767578125,609.057861328125,1566.5189208984375,243.457763671875,244.05294799804688,20250225-154517
181,18446744073709551615,0,0.64794921875,686.604736328125,754.298095703125,63.60200500488281,83.91998291015625,20250225-154517
181,18446744073709551615,0,0.703125,492.0919189453125,623.1161499023438,109.91098022460938,192.0845947265625,20250225-154517
181,18446744073709551615,0,0.75341796875,620.4794921875,1210.84423828125,286.3581848144531,328.8369140625,20250225-154517
181,18446744073709551615,0,0.78662109375,769.6864013671875,1743.590576171875,175.030517578125,304.23724365234375,20250225-154517
181,18446744073709551615,0,0.7958984375,688.5555419921875,1855.25,63.908935546875,94.62744140625,20250225-154517
181,18446744073709551615,0,0.80908203125,689.2853393554688,1742.776611328125,99.58502197265625,105.49392700195312,20250225-154517
181,18446744073709551615,0,0.82861328125,612.083984375,541.0045166015625,234.28985595703125,266.445556640625,20250225-154517
181,18446744073709551615,0,0.83447265625,475.333740234375,849.3103637695312,154.9013671875,287.0862121582031,20250225-154517
181,18446744073709551615,0,0.87109375,533.9661254882812,1.2258453369140625,426.15631103515625,536.13427734375,20250225-154517
181,18446744073709551615,0,0.88671875,589.0255737304688,127.9566650390625,249.47369384765625,269.3299255371094,20250225-154517
181,18446744073709551615,0,0.943359375,254.7125244140625,585.0062255859375,963.0499877929688,814.2537231445312,20250225-154517
182,18446744073709551615,0,0.4091796875,666.6893310546875,1567.565185546875,64.83929443359375,100.78912353515625,20250225-154517
182,18446744073709551615,0,0.521484375,707.6131591796875,1430.91845703125,72.07937622070312,114.60772705078125,20250225-154517
182,18446744073709551615,0,0.56884765625,610.2213134765625,1566.689208984375,249.02215576171875,241.98934936523438,20250225-154517
182,18446744073709551615,0,0.59375,686.474853515625,754.2850341796875,63.330322265625,84.021240234375,20250225-154517
182,18446744073709551615,0,0.6611328125,615.9752197265625,1208.8289794921875,280.2007141113281,296.8814392089844,20250225-154517
182,18446744073709551615,0,0.73583984375,492.6485595703125,623.308349609375,109.6680908203125,186.52780151367188,20250225-154517
182,18446744073709551615,0,0.7392578125,475.1516418457031,848.2664794921875,143.16064453125,290.51898193359375,20250225-154517
182,18446744073709551615,0,0.79833984375,770.6337890625,1743.271728515625,175.3656005859375,303.4620666503906,20250225-154517
182,18446744073709551615,0,0.79931640625,689.6665649414062,1743.325927734375,98.786865234375,104.48739624023438,20250225-154517
182,18446744073709551615,0,0.8017578125,688.65380859375,1855.565673828125,63.5460205078125,94.52005004882812,20250225-154517
182,18446744073709551615,0,0.818359375,612.3638305664062,542.5164184570312,233.21795654296875,266.4396057128906,20250225-154517
182,18446744073709551615,0,0.8505859375,589.4928588867188,138.46771240234375,238.623046875,259.8111877441406,20250225-154517
182,18446744073709551615,0,0.853515625,488.60614013671875,0.4423828125,442.21966552734375,582.591552734375,20250225-154517
182,18446744073709551615,0,0.94189453125,256.9658203125,585.7355346679688,964.259033203125,812.268310546875,20250225-154517
183,18446744073709551615,0,0.449462890625,666.6004028320312,1567.018798828125,65.302001953125,101.37588500976562,20250225-154517
183,18446744073709551615,0,0.552734375,610.4124755859375,1567.745361328125,240.50189208984375,241.03738403320312,20250225-154517
183,18446744073709551615,0,0.56494140625,708.4949340820312,1429.261474609375,76.13287353515625,113.32333374023438,20250225-154517
183,18446744073709551615,0,0.615234375,686.0157470703125,754.2901611328125,62.43621826171875,85.15045166015625,20250225-154517
183,18446744073709551615,0,0.69189453125,583.2061157226562,1212.528564453125,277.8673095703125,318.08660888671875,20250225-154517
183,18446744073709551615,0,0.744140625,492.6866455078125,623.863525390625,108.95530700683594,185.055908203125,20250225-154517
183,18446744073709551615,0,0.79736328125,771.1763305664062,1742.94580078125,175.6878662109375,302.5551452636719,20250225-154517
183,18446744073709551615,0,0.79931640625,688.6387939453125,1855.54443359375,63.5679931640625,94.80349731445312,20250225-154517
183,18446744073709551615,0,0.80322265625,476.6765441894531,844.7514038085938,151.72695922851562,289.0799560546875,20250225-154517
183,18446744073709551615,0,0.8115234375,690.8750610351562,1744.1363525390625,98.46295166015625,103.55117797851562,20250225-154517
183,18446744073709551615,0,0.818359375,612.880126953125,543.498779296875,233.583251953125,266.9600830078125,20250225-154517
183,18446744073709551615,0,0.8642578125,589.6799926757812,144.63397216796875,234.32839965820312,254.58700561523438,20250225-154517
183,18446744073709551615,0,0.88916015625,463.3154296875,1.2572479248046875,471.282470703125,607.041015625,20250225-154517
183,18446744073709551615,0,0.94189453125,256.2144470214844,585.8644409179688,963.2554321289062,813.1585693359375,20250225-154517
184,18446744073709551615,0,0.466796875,665.5929565429688,1566.8499755859375,65.20367431640625,101.58480834960938,20250225-154517
184,18446744073709551615,0,0.4990234375,708.0706787109375,1428.315185546875,76.72128295898438,112.16647338867188,20250225-154517
184,18446744073709551615,0,0.5927734375,610.1083374023438,1566.8089599609375,240.75531005859375,240.84164428710938,20250225-154517
184,18446744073709551615,0,0.609375,686.8148803710938,754.056396484375,63.84480285644531,83.2489013671875,20250225-154517
184,18446744073709551615,0,0.650390625,577.1575927734375,1212.74365234375,281.5705261230469,325.1033935546875,20250225-154517
184,18446744073709551615,0,0.7265625,491.73797607421875,623.4383544921875,109.27523803710938,186.1058349609375,20250225-154517
184,18446744073709551615,0,0.787109375,476.6033935546875,848.5742797851562,145.70993041992188,287.2543029785156,20250225-154517
184,18446744073709551615,0,0.79443359375,688.4602661132812,1855.3436279296875,63.77325439453125,94.24374389648438,20250225-154517
184,18446744073709551615,0,0.80859375,766.8964233398438,1742.5989990234375,176.01983642578125,306.5766906738281,20250225-154517
184,18446744073709551615,0,0.80908203125,611.9057006835938,550.9071044921875,224.12503051757812,262.94073486328125,20250225-154517
184,18446744073709551615,0,0.81298828125,689.4794921875,1743.26220703125,100.212890625,105.4859619140625,20250225-154517
184,18446744073709551615,0,0.85546875,588.9349365234375,154.3535614013672,224.2244110107422,253.93185424804688,20250225-154517
184,18446744073709551615,0,0.8818359375,449.987548828125,1.42218017578125,469.3340148925781,621.291259765625,20250225-154517
184,18446744073709551615,0,0.9375,256.22845458984375,584.45068359375,963.4447631835938,812.9174194335938,20250225-154517
185,18446744073709551615,0,0.2069091796875,681.336181640625,506.83612060546875,122.0994873046875,142.20016479492188,20250225-154517
185,18446744073709551615,0,0.383056640625,664.5487060546875,1565.6685791015625,64.8907470703125,101.92575073242188,20250225-154517
185,18446744073709551615,0,0.4736328125,707.996337890625,1425.3175048828125,80.18087768554688,110.7755126953125,20250225-154517
185,18446744073709551615,0,0.5361328125,609.1796264648438,1565.3389892578125,241.37823486328125,233.8377685546875,20250225-154517
185,18446744073709551615,0,0.6416015625,686.3822021484375,753.010498046875,64.60578918457031,83.66619873046875,20250225-154517
185,18446744073709551615,0,0.67333984375,578.8555297851562,1209.011474609375,283.776123046875,325.7164306640625,20250225-154517
185,18446744073709551615,0,0.732421875,490.73931884765625,623.0750732421875,109.23335266113281,182.37478637695312,20250225-154517
185,18446744073709551615,0,0.7607421875,475.5428466796875,848.76708984375,145.1400146484375,286.5555725097656,20250225-154517
185,18446744073709551615,0,0.7822265625,688.5650024414062,1855.255126953125,63.9056396484375,93.60269165039062,20250225-154517
185,18446744073709551615,0,0.7919921875,767.943115234375,1742.316650390625,176.203125,305.43896484375,20250225-154517
185,18446744073709551615,0,0.79833984375,689.0890502929688,1745.1112060546875,98.7015380859375,105.94500732421875,20250225-154517
185,18446744073709551615,0,0.814453125,611.0123291015625,548.1384887695312,227.12457275390625,261.6497497558594,20250225-154517
185,18446744073709551615,0,0.85107421875,587.6309814453125,177.36907958984375,200.87237548828125,252.49365234375,20250225-154517
185,18446744073709551615,0,0.89892578125,435.961669921875,2.0133819580078125,473.4461975097656,634.2794189453125,20250225-154517
185,18446744073709551615,0,0.939453125,254.3397216796875,583.717529296875,965.4122314453125,814.9163818359375,20250225-154517
186,18446744073709551615,0,0.36376953125,683.2034912109375,522.15869140625,102.68898010253906,140.9443359375,20250225-154517
186,18446744073709551615,0,0.4677734375,665.2721557617188,1564.3165283203125,67.62982177734375,101.69888305664062,20250225-154517
186,18446744073709551615,0,0.4697265625,707.8023681640625,1422.401123046875,81.58566284179688,112.0953369140625,20250225-154517
186,18446744073709551615,0,0.56591796875,610.3499755859375,1563.1182861328125,250.64263916015625,239.1148681640625,20250225-154517
186,18446744073709551615,0,0.66015625,686.642578125,753.6631469726562,65.07060241699219,83.62966918945312,20250225-154517
186,18446744073709551615,0,0.69091796875,578.7666015625,1209.4879150390625,281.92767333984375,325.29364013671875,20250225-154517
186,18446744073709551615,0,0.7490234375,490.9354248046875,622.3536987304688,109.10861206054688,186.56048583984375,20250225-154517
186,18446744073709551615,0,0.779296875,688.4690551757812,1854.7115478515625,64.40313720703125,94.456787109375,20250225-154517
186,18446744073709551615,0,0.7861328125,476.28533935546875,849.8351440429688,145.05322265625,284.5223693847656,20250225-154517
186,18446744073709551615,0,0.7890625,689.4105224609375,1744.7105712890625,98.367919921875,105.34588623046875,20250225-154517
186,18446744073709551615,0,0.791015625,772.5243530273438,1742.7099609375,175.8189697265625,301.2248840332031,20250225-154517
186,18446744073709551615,0,0.8173828125,611.107177734375,548.9437866210938,225.39166259765625,262.0295104980469,20250225-154517
186,18446744073709551615,0,0.8369140625,588.438720703125,195.52427673339844,183.0146942138672,249.14236450195312,20250225-154517
186,18446744073709551615,0,0.9033203125,431.4019775390625,2.1018218994140625,479.32318115234375,639.237548828125,20250225-154517
186,18446744073709551615,0,0.94091796875,254.14833068847656,584.584716796875,964.3848266601562,815.098388671875,20250225-154517
187,18446744073709551615,0,0.39501953125,666.1301879882812,1564.147216796875,67.4080810546875,101.60568237304688,20250225-154517
187,18446744073709551615,0,0.450439453125,610.7109375,1563.044677734375,247.5816650390625,223.15658569335938,20250225-154517
187,18446744073709551615,0,0.501953125,706.0460815429688,1425.9581298828125,83.77056884765625,90.44284057617188,20250225-154517
187,18446744073709551615,0,0.57568359375,588.6741943359375,206.99386596679688,169.76052856445312,246.91827392578125,20250225-154517
187,18446744073709551615,0,0.64697265625,687.171630859375,753.998291015625,64.40936279296875,83.49993896484375,20250225-154517
187,18446744073709551615,0,0.72412109375,490.94769287109375,622.0629272460938,109.45294189453125,186.5042724609375,20250225-154517
187,18446744073709551615,0,0.73876953125,589.7129516601562,1211.6119384765625,280.7926025390625,312.2236633300781,20250225-154517
187,18446744073709551615,0,0.77587890625,690.621826171875,1742.523193359375,100.787109375,104.79519653320312,20250225-154517
187,18446744073709551615,0,0.77978515625,687.9339599609375,1854.8045654296875,64.46136474609375,96.17779541015625,20250225-154517
187,18446744073709551615,0,0.7861328125,774.7619018554688,1742.6627197265625,175.76934814453125,299.2709655761719,20250225-154517
187,18446744073709551615,0,0.80029296875,610.72998046875,537.39501953125,237.43954467773438,259.5951232910156,20250225-154517
187,18446744073709551615,0,0.83740234375,478.872802734375,851.7449340820312,142.62551879882812,284.5031433105469,20250225-154517
187,18446744073709551615,0,0.91015625,430.92974853515625,1.53131103515625,488.5140380859375,640.188232421875,20250225-154517
187,18446744073709551615,0,0.93994140625,255.4742431640625,582.3627319335938,966.5927124023438,814.0691528320312,20250225-154517
188,18446744073709551615,0,0.244384765625,723.885498046875,476.68084716796875,86.30516052246094,82.96160888671875,20250225-154517
188,18446744073709551615,0,0.25537109375,683.4907836914062,535.0001220703125,91.47702026367188,131.90945434570312,20250225-154517
188,18446744073709551615,0,0.478515625,666.6362915039062,1562.7802734375,70.97515869140625,100.8768310546875,20250225-154517
188,18446744073709551615,0,0.48046875,707.3629760742188,1422.952392578125,87.7489013671875,112.37200927734375,20250225-154517
188,18446744073709551615,0,0.5361328125,611.107177734375,1562.1068115234375,245.70391845703125,235.14404296875,20250225-154517
188,18446744073709551615,0,0.626953125,686.4686279296875,751.7144165039062,66.38580322265625,83.69924926757812,20250225-154517
188,18446744073709551615,0,0.72314453125,491.0003356933594,621.4248046875,110.11738586425781,191.7099609375,20250225-154517
188,18446744073709551615,0,0.73583984375,572.5296630859375,1207.4541015625,284.3680114746094,328.54193115234375,20250225-154517
188,18446744073709551615,0,0.78271484375,775.7935180664062,1741.974365234375,176.5484619140625,298.13909912109375,20250225-154517
188,18446744073709551615,0,0.79248046875,687.67138671875,1854.90087890625,64.41339111328125,96.30047607421875,20250225-154517
188,18446744073709551615,0,0.81298828125,690.4367065429688,1742.8795166015625,100.51629638671875,105.14044189453125,20250225-154517
188,18446744073709551615,0,0.82177734375,611.4574584960938,533.974609375,239.13198852539062,259.1919250488281,20250225-154517
188,18446744073709551615,0,0.82177734375,480.60516357421875,853.329345703125,140.40838623046875,282.87066650390625,20250225-154517
188,18446744073709551615,0,0.91650390625,431.13922119140625,1.723297119140625,495.1147155761719,640.473876953125,20250225-154517
188,18446744073709551615,0,0.9375,256.6017150878906,580.81689453125,967.97021484375,812.6630859375,20250225-154517
189,18446744073709551615,0,0.515625,609.1478271484375,1565.109375,235.29180908203125,184.6190185546875,20250225-154517
189,18446744073709551615,0,0.5283203125,706.5706787109375,1427.50146484375,80.25009155273438,111.74880981445312,20250225-154517
189,18446744073709551615,0,0.56494140625,666.48779296875,1561.3092041015625,72.71282958984375,101.55166625976562,20250225-154517
189,18446744073709551615,0,0.64501953125,596.9736328125,1204.75537109375,287.6505432128906,303.5737609863281,20250225-154517
189,18446744073709551615,0,0.650390625,686.5556640625,753.596923828125,64.90594482421875,84.69232177734375,20250225-154517
189,18446744073709551615,0,0.703125,490.8936767578125,620.7620849609375,110.57766723632812,196.23065185546875,20250225-154517
189,18446744073709551615,0,0.78662109375,687.7630615234375,1855.58056640625,63.73297119140625,94.822265625,20250225-154517
189,18446744073709551615,0,0.79931640625,772.3013305664062,1742.03466796875,176.56842041015625,301.1818542480469,20250225-154517
189,18446744073709551615,0,0.8154296875,690.7208862304688,1743.1490478515625,100.3978271484375,104.38485717773438,20250225-154517
189,18446744073709551615,0,0.818359375,611.0709228515625,542.9173583984375,231.93026733398438,257.40911865234375,20250225-154517
189,18446744073709551615,0,0.83203125,480.784423828125,853.7388916015625,139.751220703125,282.0984191894531,20250225-154517
189,18446744073709551615,0,0.91650390625,428.2657470703125,1.51446533203125,506.9230041503906,642.6636962890625,20250225-154517
189,18446744073709551615,0,0.93701171875,256.7943420410156,579.7034912109375,969.1461181640625,812.2977905273438,20250225-154517
190,18446744073709551615,0,0.5283203125,608.8364868164062,1563.385498046875,227.4803466796875,179.470458984375,20250225-154517
190,18446744073709551615,0,0.55078125,707.397216796875,1427.119140625,85.2352294921875,111.86782836914062,20250225-154517
190,18446744073709551615,0,0.56884765625,666.2532348632812,1559.83984375,74.3023681640625,101.57171630859375,20250225-154517
190,18446744073709551615,0,0.6748046875,685.489013671875,753.0408935546875,65.83108520507812,85.49606323242188,20250225-154517
190,18446744073709551615,0,0.68408203125,491.0013427734375,620.9664306640625,110.23727416992188,197.11862182617188,20250225-154517
190,18446744073709551615,0,0.75,621.2367553710938,1207.462158203125,285.5034484863281,278.88299560546875,20250225-154517
190,18446744073709551615,0,0.77880859375,688.6131591796875,1855.7720947265625,63.38323974609375,93.53604125976562,20250225-154517
190,18446744073709551615,0,0.80078125,771.00146484375,1741.0404052734375,177.48175048828125,302.6633605957031,20250225-154517
190,18446744073709551615,0,0.80419921875,689.6427612304688,1742.08154296875,102.41473388671875,105.70449829101562,20250225-154517
190,18446744073709551615,0,0.8310546875,610.7552490234375,541.4456176757812,233.3243408203125,255.76107788085938,20250225-154517
190,18446744073709551615,0,0.83984375,479.8768615722656,854.455810546875,139.44589233398438,281.9761962890625,20250225-154517
190,18446744073709551615,0,0.9169921875,421.64923095703125,1.6361846923828125,513.6727294921875,647.0601196289062,20250225-154517
190,18446744073709551615,0,0.93896484375,256.4296875,579.71875,967.6483154296875,813.3623657226562,20250225-154517
191,18446744073709551615,0,0.2330322265625,722.4404296875,476.7880554199219,82.46122741699219,86.04794311523438,20250225-154517
191,18446744073709551615,0,0.454345703125,608.59716796875,1563.032470703125,233.911376953125,182.48007202148438,20250225-154517
191,18446744073709551615,0,0.466796875,666.65380859375,1561.6578369140625,72.303955078125,100.58038330078125,20250225-154517
191,18446744073709551615,0,0.498046875,707.3095092773438,1428.892578125,82.65472412109375,112.2275390625,20250225-154517
191,18446744073709551615,0,0.6591796875,685.3489379882812,753.4147338867188,65.3155517578125,85.18569946289062,20250225-154517
191,18446744073709551615,0,0.72509765625,581.7738647460938,1199.744140625,292.777587890625,318.7266540527344,20250225-154517
191,18446744073709551615,0,0.736328125,490.67340087890625,620.8946533203125,110.24510192871094,194.77175903320312,20250225-154517
191,18446744073709551615,0,0.7861328125,687.5665283203125,1855.314697265625,64.00030517578125,95.20211791992188,20250225-154517
191,18446744073709551615,0,0.794921875,480.4265441894531,854.1212768554688,136.890380859375,282.32830810546875,20250225-154517
191,18446744073709551615,0,0.80029296875,768.8094482421875,1740.1695556640625,178.24969482421875,304.7589111328125,20250225-154517
191,18446744073709551615,0,0.81640625,689.8963623046875,1740.45361328125,104.5147705078125,105.36776733398438,20250225-154517
191,18446744073709551615,0,0.82373046875,610.9263916015625,541.0665893554688,231.60525512695312,255.73004150390625,20250225-154517
191,18446744073709551615,0,0.921875,420.2926025390625,1.6318359375,522.2730712890625,651.433349609375,20250225-154517
191,18446744073709551615,0,0.9375,255.85574340820312,579.9072875976562,967.4176025390625,813.5744018554688,20250225-154517
192,18446744073709551615,0,0.4677734375,707.6295776367188,1425.830078125,89.28561401367188,110.83511352539062,20250225-154517
192,18446744073709551615,0,0.46875,666.966064453125,1561.8548583984375,71.25457763671875,100.72421264648438,20250225-154517
192,18446744073709551615,0,0.509765625,609.8031005859375,1560.812744140625,247.222412109375,211.36972045898438,20250225-154517
192,18446744073709551615,0,0.66796875,685.7703857421875,752.913330078125,66.13211059570312,85.96856689453125,20250225-154517
192,18446744073709551615,0,0.70751953125,624.705322265625,1203.48583984375,286.77813720703125,275.6538391113281,20250225-154517
192,18446744073709551615,0,0.759765625,490.8134765625,620.9073486328125,110.13134765625,193.90512084960938,20250225-154517
192,18446744073709551615,0,0.78076171875,687.7459716796875,1855.421630859375,63.89227294921875,95.51605224609375,20250225-154517
192,18446744073709551615,0,0.78515625,771.8966674804688,1740.3607177734375,178.15740966796875,301.5809326171875,20250225-154517
192,18446744073709551615,0,0.7919921875,480.40484619140625,854.6760864257812,133.79489135742188,281.6320495605469,20250225-154517
192,18446744073709551615,0,0.7919921875,689.8723754882812,1739.876953125,104.77899169921875,104.56549072265625,20250225-154517
192,18446744073709551615,0,0.83203125,610.7455444335938,540.3989868164062,233.3521728515625,255.49502563476562,20250225-154517
192,18446744073709551615,0,0.9306640625,419.0364990234375,1.235137939453125,528.7456665039062,652.8759765625,20250225-154517
192,18446744073709551615,0,0.9375,255.10125732421875,580.2533569335938,965.8016967773438,814.2667236328125,20250225-154517
193,18446744073709551615,0,0.206298828125,722.2794799804688,476.82623291015625,75.09846496582031,102.37417602539062,20250225-154517
193,18446744073709551615,0,0.4716796875,706.6461181640625,1424.411376953125,91.86721801757812,112.10604858398438,20250225-154517
193,18446744073709551615,0,0.541015625,609.885498046875,1560.80126953125,252.85235595703125,225.26358032226562,20250225-154517
193,18446744073709551615,0,0.5517578125,666.5943603515625,1561.14697265625,71.738525390625,101.42816162109375,20250225-154517
193,18446744073709551615,0,0.68017578125,685.3939819335938,752.841064453125,66.06829833984375,86.13180541992188,20250225-154517
193,18446744073709551615,0,0.72412109375,623.32177734375,1204.327392578125,284.6689453125,280.7804260253906,20250225-154517
193,18446744073709551615,0,0.7578125,490.9976806640625,620.7147216796875,109.97763061523438,195.44183349609375,20250225-154517
193,18446744073709551615,0,0.7744140625,689.7720336914062,1739.2994384765625,105.33197021484375,105.21633911132812,20250225-154517
193,18446744073709551615,0,0.77978515625,770.7672729492188,1740.4339599609375,178.17626953125,301.9690246582031,20250225-154517
193,18446744073709551615,0,0.78271484375,687.8023681640625,1855.24365234375,64.06988525390625,94.56582641601562,20250225-154517
193,18446744073709551615,0,0.79052734375,480.79248046875,854.994873046875,133.31588745117188,281.2164001464844,20250225-154517
193,18446744073709551615,0,0.81640625,610.4296875,540.33642578125,233.23342895507812,257.2019348144531,20250225-154517
193,18446744073709551615,0,0.92919921875,417.0908203125,1.12738037109375,535.7861328125,653.7244262695312,20250225-154517
193,18446744073709551615,0,0.943359375,255.46389770507812,580.0999145507812,966.24462890625,814.1530151367188,20250225-154517
194,18446744073709551615,0,0.5029296875,666.642822265625,1562.1697998046875,71.06268310546875,100.22332763671875,20250225-154517
194,18446744073709551615,0,0.5322265625,705.9173583984375,1427.2255859375,85.81961059570312,112.24960327148438,20250225-154517
194,18446744073709551615,0,0.537109375,609.2288818359375,1560.0120849609375,250.7530517578125,225.51873779296875,20250225-154517
194,18446744073709551615,0,0.66796875,685.2529907226562,751.96728515625,67.5260009765625,86.4678955078125,20250225-154517
194,18446744073709551615,0,0.7685546875,687.7736206054688,1854.8779296875,64.3897705078125,95.3829345703125,20250225-154517
194,18446744073709551615,0,0.76953125,625.4086303710938,1207.42578125,279.4897155761719,274.1120910644531,20250225-154517
194,18446744073709551615,0,0.77880859375,490.75543212890625,620.521240234375,110.18623352050781,193.8087158203125,20250225-154517
194,18446744073709551615,0,0.7890625,766.6558837890625,1740.0413818359375,178.2041015625,304.50970458984375,20250225-154517
194,18446744073709551615,0,0.79833984375,690.0313110351562,1742.182373046875,102.8184814453125,104.35345458984375,20250225-154517
194,18446744073709551615,0,0.80810546875,481.97479248046875,854.423583984375,139.51309204101562,280.5742492675781,20250225-154517
194,18446744073709551615,0,0.8232421875,610.3775024414062,541.764892578125,231.07772827148438,257.546630859375,20250225-154517
194,18446744073709551615,0,0.93212890625,417.4248046875,0.987579345703125,539.5272216796875,654.166259765625,20250225-154517
194,18446744073709551615,0,0.9443359375,254.69773864746094,579.7254638671875,965.5435180664062,815.18115234375,20250225-154517
195,18446744073709551615,0,0.21142578125,723.5751953125,476.2991638183594,75.40205383300781,100.8358154296875,20250225-154517
195,18446744073709551615,0,0.537109375,705.3451538085938,1429.016357421875,86.61355590820312,112.91217041015625,20250225-154517
195,18446744073709551615,0,0.5517578125,666.6776733398438,1561.8336181640625,72.2845458984375,101.12557983398438,20250225-154517
195,18446744073709551615,0,0.57080078125,608.105712890625,1563.7518310546875,235.20941162109375,180.75357055664062,20250225-154517
195,18446744073709551615,0,0.67724609375,685.2103271484375,752.0111083984375,67.07478332519531,86.036865234375,20250225-154517
195,18446744073709551615,0,0.740234375,626.0145263671875,1207.6461181640625,281.1372985839844,280.12701416015625,20250225-154517
195,18446744073709551615,0,0.7607421875,490.5633544921875,620.507080078125,110.07609558105469,193.35617065429688,20250225-154517
195,18446744073709551615,0,0.76953125,687.6124877929688,1855.0155029296875,64.29986572265625,96.25341796875,20250225-154517
195,18446744073709551615,0,0.77783203125,772.2236938476562,1740.286376953125,177.94921875,299.2975158691406,20250225-154517
195,18446744073709551615,0,0.80078125,689.1194458007812,1742.280517578125,101.950927734375,105.40237426757812,20250225-154517
195,18446744073709551615,0,0.8037109375,481.8613586425781,854.6434326171875,137.35107421875,280.2425537109375,20250225-154517
195,18446744073709551615,0,0.8251953125,610.677001953125,540.796875,232.22589111328125,256.872802734375,20250225-154517
195,18446744073709551615,0,0.93115234375,416.9176025390625,1.298492431640625,544.384521484375,653.5721435546875,20250225-154517
195,18446744073709551615,0,0.9443359375,254.3368377685547,579.1495971679688,968.1198120117188,815.3291015625,20250225-154517
196,18446744073709551615,0,0.46875,706.5858154296875,1424.854736328125,96.1929931640625,113.6572265625,20250225-154518
196,18446744073709551615,0,0.5068359375,666.8656005859375,1563.056396484375,71.30438232421875,101.17144775390625,20250225-154518
196,18446744073709551615,0,0.5341796875,608.1190795898438,1565.338623046875,244.067138671875,183.46783447265625,20250225-154518
196,18446744073709551615,0,0.71533203125,685.2141723632812,752.8170166015625,66.44631958007812,86.23544311523438,20250225-154518
196,18446744073709551615,0,0.74755859375,490.34234619140625,620.8958129882812,109.3956298828125,193.00808715820312,20250225-154518
196,18446744073709551615,0,0.765625,625.276123046875,1206.982666015625,283.0331726074219,278.18243408203125,20250225-154518
196,18446744073709551615,0,0.77099609375,687.6180419921875,1855.316162109375,64.04571533203125,95.4052734375,20250225-154518
196,18446744073709551615,0,0.779296875,689.308349609375,1741.447998046875,103.51629638671875,105.33160400390625,20250225-154518
196,18446744073709551615,0,0.7841796875,481.2437438964844,854.5548706054688,135.57073974609375,281.14581298828125,20250225-154518
196,18446744073709551615,0,0.78466796875,769.8934936523438,1740.5672607421875,177.84356689453125,303.1341247558594,20250225-154518
196,18446744073709551615,0,0.82763671875,610.5743408203125,541.3916015625,231.532470703125,257.23699951171875,20250225-154518
196,18446744073709551615,0,0.93505859375,418.2604064941406,1.1405181884765625,548.7398071289062,652.9963989257812,20250225-154518
196,18446744073709551615,0,0.94287109375,254.15602111816406,579.107666015625,967.8224487304688,815.5155029296875,20250225-154518
197,18446744073709551615,0,0.21337890625,681.6456298828125,537.4322509765625,92.44706726074219,129.51388549804688,20250225-154518
197,18446744073709551615,0,0.533203125,667.3037109375,1563.340576171875,70.55767822265625,101.39337158203125,20250225-154518
197,18446744073709551615,0,0.537109375,706.0216064453125,1423.550048828125,84.54776000976562,114.153076171875,20250225-154518
197,18446744073709551615,0,0.5400390625,608.3098754882812,1566.50537109375,234.55718994140625,182.89581298828125,20250225-154518
197,18446744073709551615,0,0.6611328125,685.2643432617188,752.919677734375,67.30206298828125,86.00930786132812,20250225-154518
197,18446744073709551615,0,0.71484375,625.7384033203125,1203.73291015625,286.94036865234375,281.4070129394531,20250225-154518
197,18446744073709551615,0,0.73779296875,490.8078918457031,620.3878784179688,109.554931640625,197.38275146484375,20250225-154518
197,18446744073709551615,0,0.7529296875,477.67694091796875,855.199462890625,129.82122802734375,284.7398986816406,20250225-154518
197,18446744073709551615,0,0.759765625,687.4171142578125,1854.1746826171875,65.13885498046875,95.97866821289062,20250225-154518
197,18446744073709551615,0,0.78076171875,767.248046875,1740.5826416015625,177.7401123046875,304.25079345703125,20250225-154518
197,18446744073709551615,0,0.78076171875,689.6958618164062,1737.56640625,106.99365234375,106.16189575195312,20250225-154518
197,18446744073709551615,0,0.8193359375,611.3671875,540.1126098632812,232.05038452148438,256.9682922363281,20250225-154518
197,18446744073709551615,0,0.93505859375,417.5577392578125,0.760986328125,552.0712280273438,653.9093627929688,20250225-154518
197,18446744073709551615,0,0.9443359375,255.29873657226562,580.3042602539062,966.2162475585938,814.2982177734375,20250225-154518
198,18446744073709551615,0,0.2081298828125,722.5728149414062,475.73052978515625,71.34407043457031,79.42959594726562,20250225-154518
198,18446744073709551615,0,0.4970703125,705.3277587890625,1425.598388671875,80.66500854492188,114.60800170898438,20250225-154518
198,18446744073709551615,0,0.5087890625,681.9912109375,537.0853271484375,92.45132446289062,130.2733154296875,20250225-154518
198,18446744073709551615,0,0.5390625,666.930908203125,1563.061279296875,72.4149169921875,101.34750366210938,20250225-154518
198,18446744073709551615,0,0.59716796875,607.8085327148438,1566.84765625,232.8416748046875,182.67974853515625,20250225-154518
198,18446744073709551615,0,0.693359375,685.4052734375,752.9993896484375,67.05569458007812,86.07000732421875,20250225-154518
198,18446744073709551615,0,0.72802734375,490.9075927734375,620.587890625,108.960205078125,193.8826904296875,20250225-154518
198,18446744073709551615,0,0.7490234375,624.5640869140625,1206.1953125,287.15533447265625,300.58538818359375,20250225-154518
198,18446744073709551615,0,0.7490234375,687.627685546875,1854.927734375,64.4351806640625,95.04867553710938,20250225-154518
198,18446744073709551615,0,0.7626953125,481.2869567871094,855.7765502929688,127.15090942382812,281.13482666015625,20250225-154518
198,18446744073709551615,0,0.7744140625,766.0017700195312,1740.8536376953125,177.37261962890625,305.5018615722656,20250225-154518
198,18446744073709551615,0,0.80322265625,689.9880981445312,1738.8173828125,106.2762451171875,105.07443237304688,20250225-154518
198,18446744073709551615,0,0.82275390625,611.6347045898438,539.0428466796875,233.61264038085938,256.97515869140625,20250225-154518
198,18446744073709551615,0,0.935546875,417.81207275390625,0.9327392578125,554.125732421875,653.877197265625,20250225-154518
198,18446744073709551615,0,0.94482421875,255.08633422851562,579.89794921875,966.6741943359375,814.6701049804688,20250225-154518
199,18446744073709551615,0,0.4677734375,680.4913330078125,532.0201416015625,95.64811706542969,136.47775268554688,20250225-154518
199,18446744073709551615,0,0.4912109375,704.4986572265625,1430.0701904296875,83.05746459960938,115.69802856445312,20250225-154518
199,18446744073709551615,0,0.59912109375,666.7587890625,1563.90283203125,72.295166015625,101.3807373046875,20250225-154518
199,18446744073709551615,0,0.60009765625,608.2386474609375,1569.066162109375,238.465576171875,187.37612915039062,20250225-154518
199,18446744073709551615,0,0.70166015625,685.3115234375,753.4663696289062,66.2003173828125,86.9095458984375,20250225-154518
199,18446744073709551615,0,0.7216796875,490.8629150390625,621.2445068359375,108.38241577148438,188.22317504882812,20250225-154518
199,18446744073709551615,0,0.744140625,480.0010986328125,856.4139404296875,122.7703857421875,282.0998840332031,20250225-154518
199,18446744073709551615,0,0.76416015625,687.6397705078125,1855.177001953125,64.18450927734375,94.74179077148438,20250225-154518
199,18446744073709551615,0,0.7685546875,624.2550659179688,1205.5009765625,286.0111999511719,294.0498962402344,20250225-154518
199,18446744073709551615,0,0.79052734375,765.9874877929688,1740.240234375,178.16143798828125,305.9790344238281,20250225-154518
199,18446744073709551615,0,0.806640625,689.556396484375,1739.763427734375,105.58538818359375,105.181640625,20250225-154518
199,18446744073709551615,0,0.81396484375,611.188232421875,547.4716796875,225.5386962890625,256.40093994140625,20250225-154518
199,18446744073709551615,0,0.9365234375,415.76641845703125,1.2935943603515625,552.6487426757812,654.3927612304688,20250225-154518
199,18446744073709551615,0,0.9453125,255.075439453125,579.532470703125,966.6915893554688,814.3192749023438,20250225-154518
200,18446744073709551615,0,0.263671875,679.809814453125,527.1800537109375,99.6134033203125,137.60009765625,20250225-154518
200,18446744073709551615,0,0.4736328125,705.0516357421875,1433.9073486328125,90.9715576171875,117.73095703125,20250225-154518
200,18446744073709551615,0,0.57568359375,666.7625732421875,1564.7783203125,71.89068603515625,101.3675537109375,20250225-154518
200,18446744073709551615,0,0.58056640625,607.8151245117188,1568.115966796875,231.24169921875,185.03036499023438,20250225-154518
200,18446744073709551615,0,0.68701171875,685.4532470703125,753.198486328125,66.10491943359375,86.2650146484375,20250225-154518
200,18446744073709551615,0,0.7177734375,490.8211669921875,621.4334106445312,107.5660400390625,186.12139892578125,20250225-154518
200,18446744073709551615,0,0.73486328125,476.568603515625,856.0830688476562,125.59469604492188,286.7287902832031,20250225-154518
200,18446744073709551615,0,0.75830078125,688.56396484375,1855.6688232421875,63.44036865234375,92.020751953125,20250225-154518
200,18446744073709551615,0,0.775390625,623.90185546875,1205.1375732421875,287.2460632324219,301.06201171875,20250225-154518
200,18446744073709551615,0,0.806640625,689.69482421875,1743.5079345703125,99.75531005859375,105.03021240234375,20250225-154518
200,18446744073709551615,0,0.80908203125,755.3721313476562,1742.86669921875,176.20843505859375,312.1934509277344,20250225-154518
200,18446744073709551615,0,0.8203125,610.4246826171875,545.396728515625,229.368896484375,256.5845947265625,20250225-154518
200,18446744073709551615,0,0.93701171875,414.3804931640625,0.9098968505859375,553.170654296875,656.18505859375,20250225-154518
200,18446744073709551615,0,0.94482421875,254.70904541015625,578.2190551757812,967.470703125,814.9288330078125,20250225-154518
201,18446744073709551615,0,0.5341796875,704.8397827148438,1433.827392578125,91.95822143554688,118.33200073242188,20250225-154518
201,18446744073709551615,0,0.5546875,607.8187866210938,1567.4725341796875,230.03741455078125,182.73165893554688,20250225-154518
201,18446744073709551615,0,0.57958984375,666.6106567382812,1564.689453125,71.2935791015625,101.67782592773438,20250225-154518
201,18446744073709551615,0,0.67822265625,685.8211669921875,753.087890625,66.35302734375,85.85220336914062,20250225-154518
201,18446744073709551615,0,0.71923828125,490.916748046875,621.271728515625,107.29884338378906,185.09353637695312,20250225-154518
201,18446744073709551615,0,0.73095703125,688.7303466796875,1855.8658447265625,63.2889404296875,89.7996826171875,20250225-154518
201,18446744073709551615,0,0.732421875,481.414306640625,857.3712158203125,123.27978515625,281.486572265625,20250225-154518
201,18446744073709551615,0,0.755859375,623.085693359375,1207.586669921875,280.1816711425781,287.37579345703125,20250225-154518
201,18446744073709551615,0,0.7900390625,610.5492553710938,553.338623046875,221.360595703125,257.9986267089844,20250225-154518
201,18446744073709551615,0,0.79443359375,755.1527709960938,1744.224609375,174.478271484375,318.4212341308594,20250225-154518
201,18446744073709551615,0,0.81640625,689.087890625,1744.1187744140625,98.4569091796875,105.19573974609375,20250225-154518
201,18446744073709551615,0,0.93701171875,414.882568359375,0.9432220458984375,554.5281982421875,656.8441772460938,20250225-154518
201,18446744073709551615,0,0.94384765625,255.08367919921875,579.3092651367188,968.0897827148438,814.5750732421875,20250225-154518
202,18446744073709551615,0,0.4921875,704.5618286132812,1432.7464599609375,95.21200561523438,117.6053466796875,20250225-154518
202,18446744073709551615,0,0.5185546875,608.3483276367188,1566.9971923828125,225.990966796875,181.07839965820312,20250225-154518
202,18446744073709551615,0,0.61767578125,666.8908081054688,1563.0498046875,74.61529541015625,101.98947143554688,20250225-154518
202,18446744073709551615,0,0.6611328125,491.06011962890625,621.349609375,107.44633483886719,189.65496826171875,20250225-154518
202,18446744073709551615,0,0.66796875,684.9677124023438,752.5252075195312,66.83148193359375,87.44970703125,20250225-154518
202,18446744073709551615,0,0.73779296875,483.9356689453125,857.142333984375,124.29409790039062,278.4130554199219,20250225-154518
202,18446744073709551615,0,0.7578125,688.7799682617188,1855.245849609375,63.86480712890625,91.07455444335938,20250225-154518
202,18446744073709551615,0,0.80517578125,764.0275268554688,1747.395263671875,171.21038818359375,310.0099182128906,20250225-154518
202,18446744073709551615,0,0.806640625,610.9893798828125,542.300048828125,232.789306640625,256.0382080078125,20250225-154518
202,18446744073709551615,0,0.80810546875,624.7340698242188,1205.6527099609375,280.0872802734375,274.1291198730469,20250225-154518
202,18446744073709551615,0,0.81396484375,689.4195556640625,1744.351318359375,98.76287841796875,106.30682373046875,20250225-154518
202,18446744073709551615,0,0.9375,415.65545654296875,0.937957763671875,554.3732299804688,656.1549682617188,20250225-154518
202,18446744073709551615,0,0.9453125,255.2830810546875,579.5062866210938,967.1079711914062,814.4115600585938,20250225-154518
203,18446744073709551615,0,0.405517578125,608.6239013671875,1579.859130859375,226.5926513671875,227.79501342773438,20250225-154518
203,18446744073709551615,0,0.4892578125,704.2988891601562,1435.0008544921875,94.21243286132812,118.480224609375,20250225-154518
203,18446744073709551615,0,0.62255859375,667.3948974609375,1561.56005859375,81.9635009765625,102.0340576171875,20250225-154518
203,18446744073709551615,0,0.6533203125,491.24212646484375,621.1048583984375,107.72062683105469,190.23284912109375,20250225-154518
203,18446744073709551615,0,0.69091796875,685.7845458984375,752.7101440429688,66.8931884765625,87.26998901367188,20250225-154518
203,18446744073709551615,0,0.70068359375,482.5523986816406,857.0455322265625,124.37255859375,279.3837890625,20250225-154518
203,18446744073709551615,0,0.736328125,688.64453125,1855.24365234375,63.86553955078125,89.81781005859375,20250225-154518
203,18446744073709551615,0,0.73876953125,623.0137939453125,1207.197998046875,284.2279357910156,281.7748718261719,20250225-154518
203,18446744073709551615,0,0.787109375,689.8251953125,1744.640625,98.06268310546875,106.24896240234375,20250225-154518
203,18446744073709551615,0,0.810546875,611.4468383789062,543.680419921875,230.47650146484375,255.94949340820312,20250225-154518
203,18446744073709551615,0,0.8203125,759.1380615234375,1747.53076171875,171.16790771484375,314.99249267578125,20250225-154518
203,18446744073709551615,0,0.9375,416.8210144042969,0.938323974609375,552.3350830078125,654.7318725585938,20250225-154518
203,18446744073709551615,0,0.94482421875,255.46998596191406,580.0848999023438,967.4031372070312,814.2022705078125,20250225-154518
204,18446744073709551615,0,0.435791015625,609.7197875976562,1565.2529296875,228.28692626953125,203.73678588867188,20250225-154518
204,18446744073709551615,0,0.56201171875,666.4185791015625,1560.55908203125,79.4952392578125,104.48272705078125,20250225-154518
204,18446744073709551615,0,0.61767578125,703.4901123046875,1431.1806640625,99.22100830078125,118.9332275390625,20250225-154518
204,18446744073709551615,0,0.63232421875,491.1002197265625,620.8318481445312,108.34451293945312,192.70477294921875,20250225-154518
204,18446744073709551615,0,0.6884765625,685.8656005859375,752.5433959960938,66.58113098144531,87.06756591796875,20250225-154518
204,18446744073709551615,0,0.7255859375,484.15960693359375,857.37890625,122.08657836914062,277.5738830566406,20250225-154518
204,18446744073709551615,0,0.72705078125,688.4910278320312,1855.5245361328125,63.59051513671875,90.43194580078125,20250225-154518
204,18446744073709551615,0,0.76953125,688.177734375,1750.084716796875,93.56689453125,107.40921020507812,20250225-154518
204,18446744073709551615,0,0.81005859375,624.429931640625,1205.3675537109375,284.3383483886719,274.061279296875,20250225-154518
204,18446744073709551615,0,0.8115234375,763.1279296875,1749.7891845703125,168.8280029296875,310.644287109375,20250225-154518
204,18446744073709551615,0,0.81298828125,611.2424926757812,542.571533203125,229.79241943359375,257.3873291015625,20250225-154518
204,18446744073709551615,0,0.935546875,415.9013671875,1.131866455078125,551.24560546875,655.6864013671875,20250225-154518
204,18446744073709551615,0,0.9462890625,255.27630615234375,579.562744140625,967.6080322265625,814.3255004882812,20250225-154518
205,18446744073709551615,0,0.37744140625,610.4862060546875,1575.239013671875,229.76513671875,234.5511474609375,20250225-154518
205,18446744073709551615,0,0.59375,703.3023681640625,1433.98193359375,97.5201416015625,120.08880615234375,20250225-154518
205,18446744073709551615,0,0.60595703125,667.2141723632812,1559.096435546875,82.0418701171875,103.47052001953125,20250225-154518
205,18446744073709551615,0,0.67333984375,491.0045471191406,621.2928466796875,108.19482421875,190.01861572265625,20250225-154518
205,18446744073709551615,0,0.689453125,686.4644165039062,751.917724609375,66.892822265625,85.60830688476562,20250225-154518
205,18446744073709551615,0,0.73046875,764.759765625,1749.8572998046875,168.67510986328125,309.8103332519531,20250225-154518
205,18446744073709551615,0,0.73779296875,688.6629638671875,1854.6463623046875,64.4630126953125,89.84747314453125,20250225-154518
205,18446744073709551615,0,0.740234375,476.3374328613281,858.3052368164062,122.86129760742188,284.8648681640625,20250225-154518
205,18446744073709551615,0,0.7841796875,687.5205688476562,1746.70263671875,96.9481201171875,107.96694946289062,20250225-154518
205,18446744073709551615,0,0.81005859375,623.8449096679688,1205.369140625,279.0670166015625,272.7556457519531,20250225-154518
205,18446744073709551615,0,0.8271484375,610.0610961914062,543.2716064453125,231.37115478515625,258.6620178222656,20250225-154518
205,18446744073709551615,0,0.93896484375,413.3243408203125,1.0979461669921875,547.9712524414062,657.3260498046875,20250225-154518
205,18446744073709551615,0,0.9453125,254.12667846679688,578.262451171875,969.1045532226562,815.994873046875,20250225-154518
206,18446744073709551615,0,0.319091796875,611.288818359375,1563.462158203125,225.0003662109375,172.01486206054688,20250225-154518
206,18446744073709551615,0,0.587890625,703.5734252929688,1435.9033203125,95.30767822265625,121.17599487304688,20250225-154518
206,18446744073709551615,0,0.673828125,666.535888671875,1558.6051025390625,86.43182373046875,104.2635498046875,20250225-154518
206,18446744073709551615,0,0.67724609375,491.05242919921875,621.4041748046875,108.02618408203125,192.32318115234375,20250225-154518
206,18446744073709551615,0,0.6806640625,686.3695678710938,752.327392578125,66.70706176757812,85.77740478515625,20250225-154518
206,18446744073709551615,0,0.72705078125,688.7916870117188,1855.899169921875,63.20819091796875,88.94906616210938,20250225-154518
206,18446744073709551615,0,0.736328125,475.69171142578125,857.8447265625,124.17837524414062,286.474365234375,20250225-154518
206,18446744073709551615,0,0.77587890625,687.9581298828125,1745.17822265625,97.17645263671875,108.28729248046875,20250225-154518
206,18446744073709551615,0,0.7900390625,765.7745361328125,1750.3056640625,168.2515869140625,307.9866027832031,20250225-154518
206,18446744073709551615,0,0.80859375,624.6754760742188,1204.92431640625,283.9919128417969,273.339111328125,20250225-154518
206,18446744073709551615,0,0.8271484375,610.4016723632812,541.6180419921875,233.90011596679688,257.5950622558594,20250225-154518
206,18446744073709551615,0,0.93896484375,413.07769775390625,0.9366302490234375,547.6661987304688,658.5224609375,20250225-154518
206,18446744073709551615,0,0.94482421875,254.51806640625,579.0016479492188,967.4760131835938,815.6057739257812,20250225-154518
207,18446744073709551615,0,0.33447265625,614.1644897460938,1609.640625,195.34588623046875,231.21542358398438,20250225-154518
207,18446744073709551615,0,0.63330078125,703.37548828125,1433.1668701171875,97.54403686523438,123.1278076171875,20250225-154518
207,18446744073709551615,0,0.6806640625,491.2379150390625,622.6587524414062,106.88388061523438,187.01376342773438,20250225-154518
207,18446744073709551615,0,0.693359375,666.5579833984375,1558.2169189453125,85.037109375,104.09271240234375,20250225-154518
207,18446744073709551615,0,0.703125,686.8262329101562,751.7576904296875,68.15950012207031,86.11184692382812,20250225-154518
207,18446744073709551615,0,0.71142578125,479.5367431640625,857.7586669921875,122.16513061523438,282.59637451171875,20250225-154518
207,18446744073709551615,0,0.73388671875,689.0044555664062,1854.2552490234375,64.84808349609375,88.18048095703125,20250225-154518
207,18446744073709551615,0,0.7734375,687.5344848632812,1747.3421630859375,95.04949951171875,110.68606567382812,20250225-154518
207,18446744073709551615,0,0.80126953125,625.0341796875,1202.364501953125,287.3313903808594,275.2358093261719,20250225-154518
207,18446744073709551615,0,0.8115234375,756.7728881835938,1750.3370361328125,168.21734619140625,316.7921447753906,20250225-154518
207,18446744073709551615,0,0.82666015625,610.0039672851562,541.9886474609375,231.89273071289062,258.7777404785156,20250225-154518
207,18446744073709551615,0,0.93798828125,413.009765625,0.9137420654296875,543.82080078125,657.2755737304688,20250225-154518
207,18446744073709551615,0,0.9453125,254.7073516845703,579.4039916992188,967.201904296875,815.511474609375,20250225-154518
208,18446744073709551615,0,0.401611328125,615.2373046875,1563.6767578125,219.983642578125,162.15994262695312,20250225-154518
208,18446744073709551615,0,0.6083984375,702.4129028320312,1433.212158203125,98.27224731445312,125.83053588867188,20250225-154518
208,18446744073709551615,0,0.69189453125,491.321044921875,623.9371948242188,106.18794250488281,184.77127075195312,20250225-154518
208,18446744073709551615,0,0.6943359375,666.6758422851562,1556.7264404296875,94.4337158203125,104.35025024414062,20250225-154518
208,18446744073709551615,0,0.69775390625,686.6883544921875,753.250244140625,66.27433776855469,86.34585571289062,20250225-154518
208,18446744073709551615,0,0.71142578125,475.94732666015625,857.6580810546875,124.8563232421875,286.94091796875,20250225-154518
208,18446744073709551615,0,0.72509765625,688.9072265625,1854.1571044921875,64.89385986328125,89.24331665039062,20250225-154518
208,18446744073709551615,0,0.80419921875,689.9102783203125,1740.075439453125,101.6689453125,107.62454223632812,20250225-154518
208,18446744073709551615,0,0.818359375,623.827880859375,1205.360107421875,282.0244445800781,273.3736267089844,20250225-154518
208,18446744073709551615,0,0.826171875,752.4619140625,1750.8929443359375,168.25469970703125,315.5335693359375,20250225-154518
208,18446744073709551615,0,0.83154296875,609.9635009765625,538.6368408203125,236.15707397460938,257.4851989746094,20250225-154518
208,18446744073709551615,0,0.9384765625,411.68206787109375,1.09661865234375,541.77490234375,658.8118896484375,20250225-154518
208,18446744073709551615,0,0.9453125,255.27392578125,580.4009399414062,965.8573608398438,815.1322631835938,20250225-154518
209,18446744073709551615,0,0.4111328125,616.6793212890625,1592.755126953125,203.8656005859375,227.01727294921875,20250225-154518
209,18446744073709551615,0,0.60205078125,702.2891235351562,1433.224609375,98.46954345703125,124.06338500976562,20250225-154518
209,18446744073709551615,0,0.68994140625,686.5947875976562,753.95166015625,65.63534545898438,86.47036743164062,20250225-154518
209,18446744073709551615,0,0.69580078125,667.1380004882812,1556.5902099609375,85.80963134765625,103.52700805664062,20250225-154518
209,18446744073709551615,0,0.69775390625,491.35986328125,623.5922241210938,107.25682067871094,186.960205078125,20250225-154518
209,18446744073709551615,0,0.73876953125,478.3702697753906,857.8500366210938,124.01412963867188,284.38568115234375,20250225-154518
209,18446744073709551615,0,0.763671875,688.7305297851562,1854.593994140625,64.4637451171875,89.30300903320312,20250225-154518
209,18446744073709551615,0,0.7705078125,623.762939453125,1205.43505859375,282.40374755859375,272.94158935546875,20250225-154518
209,18446744073709551615,0,0.796875,689.880615234375,1743.1527099609375,99.54876708984375,108.07003784179688,20250225-154518
209,18446744073709551615,0,0.8271484375,610.721435546875,540.0261840820312,235.80084228515625,256.90869140625,20250225-154518
209,18446744073709551615,0,0.8310546875,757.5554809570312,1751.593994140625,167.6484375,311.28826904296875,20250225-154518
209,18446744073709551615,0,0.93798828125,411.4346008300781,1.2933197021484375,539.8045654296875,658.869873046875,20250225-154518
209,18446744073709551615,0,0.9462890625,254.72662353515625,581.7522583007812,966.4627075195312,815.678466796875,20250225-154518
210,18446744073709551615,0,0.422607421875,616.24951171875,1619.923828125,165.63885498046875,162.99215698242188,20250225-154518
210,18446744073709551615,0,0.57763671875,700.8821411132812,1433.404296875,99.306884765625,123.55123901367188,20250225-154518
210,18446744073709551615,0,0.69287109375,686.5814208984375,753.79638671875,65.74246215820312,86.22207641601562,20250225-154518
210,18446744073709551615,0,0.693359375,491.23681640625,624.0743408203125,106.82926940917969,183.77993774414062,20250225-154518
210,18446744073709551615,0,0.71533203125,487.1165771484375,857.7669677734375,124.72357177734375,275.70867919921875,20250225-154518
210,18446744073709551615,0,0.72705078125,667.4461669921875,1556.555419921875,83.3173828125,103.25418090820312,20250225-154518
210,18446744073709551615,0,0.78125,688.5917358398438,1854.48486328125,64.572509765625,89.38320922851562,20250225-154518
210,18446744073709551615,0,0.7939453125,689.060302734375,1741.21142578125,101.64459228515625,108.9935302734375,20250225-154518
210,18446744073709551615,0,0.8056640625,611.0872802734375,543.0291748046875,234.45574951171875,258.52001953125,20250225-154518
210,18446744073709551615,0,0.81884765625,624.5132446289062,1205.92724609375,281.3810119628906,273.5413513183594,20250225-154518
210,18446744073709551615,0,0.82568359375,762.94677734375,1753.212646484375,165.3189697265625,308.91485595703125,20250225-154518
210,18446744073709551615,0,0.93994140625,410.51348876953125,0.921112060546875,538.525390625,659.7800903320312,20250225-154518
210,18446744073709551615,0,0.94677734375,254.52488708496094,581.5101928710938,965.4479370117188,815.7857666015625,20250225-154518
211,18446744073709551615,0,0.402587890625,615.6148681640625,1575.3065185546875,210.45721435546875,161.46267700195312,20250225-154518
211,18446744073709551615,0,0.65673828125,700.1326904296875,1435.421630859375,96.71603393554688,126.47909545898438,20250225-154518
211,18446744073709551615,0,0.6806640625,665.0625,1555.7640380859375,85.47747802734375,105.25790405273438,20250225-154518
211,18446744073709551615,0,0.689453125,686.611083984375,754.015869140625,65.69677734375,86.16183471679688,20250225-154518
211,18446744073709551615,0,0.69287109375,494.8304443359375,858.2257690429688,122.11239624023438,267.9588317871094,20250225-154518
211,18446744073709551615,0,0.7548828125,688.4798583984375,1854.9195556640625,64.13836669921875,87.72555541992188,20250225-154518
211,18446744073709551615,0,0.75634765625,491.3873291015625,624.126708984375,107.05732727050781,177.30294799804688,20250225-154518
211,18446744073709551615,0,0.79248046875,688.3745727539062,1740.926513671875,101.8040771484375,108.68875122070312,20250225-154518
211,18446744073709551615,0,0.80908203125,623.6412963867188,1206.0126953125,278.5751953125,273.7890930175781,20250225-154518
211,18446744073709551615,0,0.83203125,764.2999877929688,1752.48095703125,166.080322265625,309.44439697265625,20250225-154518
211,18446744073709551615,0,0.833984375,610.3877563476562,540.7169189453125,234.42745971679688,257.57720947265625,20250225-154518
211,18446744073709551615,0,0.9365234375,408.1542663574219,1.493865966796875,536.0923461914062,662.2831420898438,20250225-154518
211,18446744073709551615,0,0.94580078125,255.47378540039062,582.0849609375,965.5969848632812,815.0831909179688,20250225-154518
212,18446744073709551615,0,0.388671875,615.5333862304688,1617.9832763671875,167.38677978515625,163.12527465820312,20250225-154518
212,18446744073709551615,0,0.63427734375,700.6279907226562,1435.292724609375,97.12380981445312,125.45855712890625,20250225-154518
212,18446744073709551615,0,0.7001953125,686.5081787109375,753.7113037109375,66.34442138671875,86.89334106445312,20250225-154518
212,18446744073709551615,0,0.712890625,666.8447265625,1554.8331298828125,84.68206787109375,103.81585693359375,20250225-154518
212,18446744073709551615,0,0.72802734375,497.99798583984375,858.1746826171875,124.5626220703125,263.4458312988281,20250225-154518
212,18446744073709551615,0,0.7646484375,491.2039489746094,624.234375,106.99113464355469,174.26092529296875,20250225-154518
212,18446744073709551615,0,0.76611328125,688.6669921875,1855.446533203125,63.6148681640625,88.53012084960938,20250225-154518
212,18446744073709551615,0,0.79052734375,763.2545166015625,1752.092529296875,167.2470703125,305.52777099609375,20250225-154518
212,18446744073709551615,0,0.79248046875,688.28466796875,1741.6845703125,100.81951904296875,108.44110107421875,20250225-154518
212,18446744073709551615,0,0.806640625,623.4869384765625,1205.56103515625,282.861328125,274.6846618652344,20250225-154518
212,18446744073709551615,0,0.8271484375,610.3311767578125,541.946044921875,234.40594482421875,258.6365661621094,20250225-154518
212,18446744073709551615,0,0.931640625,406.92352294921875,1.103485107421875,534.2180786132812,663.585693359375,20250225-154518
212,18446744073709551615,0,0.94677734375,254.53074645996094,581.9068603515625,965.60009765625,816.0999755859375,20250225-154518
213,18446744073709551615,0,0.41015625,615.654052734375,1615.686767578125,168.30413818359375,159.12405395507812,20250225-154518
213,18446744073709551615,0,0.61962890625,701.3963012695312,1433.738525390625,98.48593139648438,125.36782836914062,20250225-154518
213,18446744073709551615,0,0.669921875,686.8759765625,752.45263671875,67.25065612792969,85.99859619140625,20250225-154518
213,18446744073709551615,0,0.69580078125,667.306640625,1553.2635498046875,82.31341552734375,102.68609619140625,20250225-154518
213,18446744073709551615,0,0.740234375,501.2287902832031,858.5665283203125,122.23818969726562,260.0123291015625,20250225-154518
213,18446744073709551615,0,0.765625,688.6343994140625,1855.6944580078125,63.3724365234375,88.93569946289062,20250225-154518
213,18446744073709551615,0,0.77099609375,689.8035278320312,1736.4393310546875,105.5277099609375,107.2349853515625,20250225-154518
213,18446744073709551615,0,0.77197265625,491.1563415527344,623.8018798828125,107.41717529296875,176.06451416015625,20250225-154518
213,18446744073709551615,0,0.80126953125,624.6762084960938,1203.77587890625,286.4285888671875,275.68212890625,20250225-154518
213,18446744073709551615,0,0.8271484375,764.3618774414062,1751.2459716796875,167.3155517578125,309.4898986816406,20250225-154518
213,18446744073709551615,0,0.83740234375,610.6270751953125,539.8345947265625,237.01675415039062,257.3758850097656,20250225-154518
213,18446744073709551615,0,0.935546875,406.86895751953125,0.9164886474609375,529.902587890625,663.2092895507812,20250225-154518
213,18446744073709551615,0,0.9453125,255.270263671875,582.4567260742188,964.6929931640625,815.1469116210938,20250225-154518
214,18446744073709551615,0,0.402587890625,614.478515625,1619.2313232421875,160.98065185546875,159.09713745117188,20250225-154518
214,18446744073709551615,0,0.58984375,701.5166015625,1431.34423828125,100.16363525390625,124.2740478515625,20250225-154518
214,18446744073709551615,0,0.67822265625,686.5691528320312,751.9586181640625,68.49124145507812,85.91693115234375,20250225-154518
214,18446744073709551615,0,0.7216796875,668.4622192382812,1552.31689453125,87.08111572265625,102.23492431640625,20250225-154518
214,18446744073709551615,0,0.7421875,491.0195617675781,623.5343017578125,107.62875366210938,188.53875732421875,20250225-154518
214,18446744073709551615,0,0.744140625,501.7093505859375,858.6425170898438,121.46575927734375,259.3795166015625,20250225-154518
214,18446744073709551615,0,0.75048828125,688.902099609375,1855.20263671875,63.8609619140625,89.16348266601562,20250225-154518
214,18446744073709551615,0,0.75927734375,689.6429443359375,1733.678466796875,108.55023193359375,105.95242309570312,20250225-154518
214,18446744073709551615,0,0.7919921875,623.1705322265625,1205.507080078125,284.2361755371094,275.0878601074219,20250225-154518
214,18446744073709551615,0,0.8203125,761.5299682617188,1751.05908203125,167.69091796875,312.76153564453125,20250225-154518
214,18446744073709551615,0,0.8388671875,611.4940795898438,540.6373901367188,236.9520263671875,258.2895812988281,20250225-154518
214,18446744073709551615,0,0.9365234375,406.8072509765625,1.118408203125,528.3262939453125,663.1478271484375,20250225-154518
214,18446744073709551615,0,0.94580078125,254.5242462158203,583.2463989257812,964.6309204101562,815.9007568359375,20250225-154518
215,18446744073709551615,0,0.406494140625,614.3023681640625,1548.5914306640625,230.62591552734375,158.644775390625,20250225-154518
215,18446744073709551615,0,0.60400390625,668.7994995117188,1550.5155029296875,87.92156982421875,101.05197143554688,20250225-154518
215,18446744073709551615,0,0.60595703125,701.6834106445312,1433.45166015625,98.48593139648438,125.34283447265625,20250225-154518
215,18446744073709551615,0,0.6748046875,686.69384765625,753.0079345703125,67.15292358398438,86.180419921875,20250225-154518
215,18446744073709551615,0,0.736328125,491.10406494140625,624.1275634765625,107.25361633300781,184.39608764648438,20250225-154518
215,18446744073709551615,0,0.755859375,502.7772216796875,858.7298583984375,124.03903198242188,258.3779296875,20250225-154518
215,18446744073709551615,0,0.7607421875,688.3152465820312,1734.744140625,106.65106201171875,107.62948608398438,20250225-154518
215,18446744073709551615,0,0.767578125,688.7946166992188,1855.3531494140625,63.76153564453125,89.581787109375,20250225-154518
215,18446744073709551615,0,0.7861328125,763.5792846679688,1751.87841796875,167.28973388671875,305.9528503417969,20250225-154518
215,18446744073709551615,0,0.80078125,623.767578125,1205.4481201171875,284.9277648925781,274.52069091796875,20250225-154518
215,18446744073709551615,0,0.83740234375,610.7744140625,540.6888427734375,236.39767456054688,258.48211669921875,20250225-154518
215,18446744073709551615,0,0.93017578125,406.097900390625,1.3153839111328125,526.227783203125,663.8087158203125,20250225-154518
215,18446744073709551615,0,0.94580078125,254.8912353515625,581.7879638671875,966.1565551757812,815.0731201171875,20250225-154518
216,18446744073709551615,0,0.513671875,613.701416015625,1547.806640625,222.28985595703125,158.66427612304688,20250225-154518
216,18446744073709551615,0,0.5322265625,667.034912109375,1549.3978271484375,92.5455322265625,103.25674438476562,20250225-154518
216,18446744073709551615,0,0.57568359375,700.9793701171875,1433.627197265625,98.693115234375,126.24911499023438,20250225-154518
216,18446744073709551615,0,0.6767578125,686.51171875,752.3292236328125,67.16354370117188,84.15618896484375,20250225-154518
216,18446744073709551615,0,0.72412109375,490.4815979003906,621.01611328125,111.32221984863281,191.54205322265625,20250225-154518
216,18446744073709551615,0,0.74169921875,500.16339111328125,858.6480102539062,121.95648193359375,260.4114990234375,20250225-154518
216,18446744073709551615,0,0.74169921875,687.23388671875,1726.523193359375,114.1651611328125,107.4495849609375,20250225-154518
216,18446744073709551615,0,0.77197265625,760.6979370117188,1751.5667724609375,167.59112548828125,307.6833801269531,20250225-154518
216,18446744073709551615,0,0.77392578125,688.56591796875,1855.8497314453125,63.2633056640625,89.40023803710938,20250225-154518
216,18446744073709551615,0,0.8017578125,622.8905639648438,1205.0782470703125,283.4328918457031,275.5827941894531,20250225-154518
216,18446744073709551615,0,0.8349609375,611.2831420898438,540.0721435546875,237.00833129882812,258.4009094238281,20250225-154518
216,18446744073709551615,0,0.9287109375,405.670166015625,1.3260498046875,524.4398803710938,664.64892578125,20250225-154518
216,18446744073709551615,0,0.9443359375,254.32992553710938,582.2185668945312,965.6627197265625,816.0104370117188,20250225-154518
217,18446744073709551615,0,0.2509765625,689.166015625,470.2486267089844,149.75967407226562,131.43695068359375,20250225-154518
217,18446744073709551615,0,0.53125,613.4833374023438,1545.6947021484375,226.08233642578125,158.61154174804688,20250225-154518
217,18446744073709551615,0,0.5556640625,667.1358032226562,1547.521728515625,93.64544677734375,103.40835571289062,20250225-154518
217,18446744073709551615,0,0.67578125,686.4252319335938,752.6736450195312,66.37431335449219,84.65322875976562,20250225-154518
217,18446744073709551615,0,0.69921875,700.5488891601562,1435.083251953125,97.59146118164062,126.11618041992188,20250225-154518
217,18446744073709551615,0,0.72802734375,490.85137939453125,622.5368041992188,108.40718078613281,191.51632690429688,20250225-154518
217,18446744073709551615,0,0.74609375,496.4068908691406,858.7474365234375,123.92431640625,264.1080322265625,20250225-154518
217,18446744073709551615,0,0.74853515625,687.7615356445312,1729.730712890625,112.541015625,108.4859619140625,20250225-154518
217,18446744073709551615,0,0.7734375,688.1190185546875,1855.650146484375,63.424072265625,90.7335205078125,20250225-154518
217,18446744073709551615,0,0.80126953125,625.2122802734375,1203.4842529296875,285.3951416015625,273.24481201171875,20250225-154518
217,18446744073709551615,0,0.80908203125,759.58740234375,1751.662353515625,167.587646484375,309.27703857421875,20250225-154518
217,18446744073709551615,0,0.82421875,608.9381103515625,544.3271484375,232.05926513671875,260.67242431640625,20250225-154518
217,18446744073709551615,0,0.92822265625,402.8850402832031,1.322845458984375,519.9501342773438,667.6792602539062,20250225-154518
217,18446744073709551615,0,0.94482421875,253.95469665527344,581.8745727539062,965.6427612304688,816.479736328125,20250225-154518
218,18446744073709551615,0,0.5126953125,669.0133056640625,1546.1510009765625,89.30804443359375,101.58233642578125,20250225-154518
218,18446744073709551615,0,0.55712890625,702.043212890625,1434.44873046875,98.13299560546875,127.8431396484375,20250225-154518
218,18446744073709551615,0,0.5859375,613.3097534179688,1544.710693359375,223.38336181640625,159.29708862304688,20250225-154518
218,18446744073709551615,0,0.6767578125,686.5241088867188,751.4342041015625,68.23324584960938,85.30325317382812,20250225-154518
218,18446744073709551615,0,0.73583984375,490.6152648925781,621.9929809570312,108.63340759277344,194.85003662109375,20250225-154518
218,18446744073709551615,0,0.763671875,502.5732421875,859.00927734375,123.24710083007812,258.2780456542969,20250225-154518
218,18446744073709551615,0,0.78662109375,688.3336181640625,1724.5506591796875,117.37738037109375,106.29656982421875,20250225-154518
218,18446744073709551615,0,0.787109375,623.772705078125,1203.719482421875,286.62506103515625,276.42718505859375,20250225-154518
218,18446744073709551615,0,0.79248046875,688.0958862304688,1855.005126953125,64.0623779296875,91.87490844726562,20250225-154518
218,18446744073709551615,0,0.80419921875,609.7311401367188,539.9429931640625,236.50698852539062,260.7858581542969,20250225-154518
218,18446744073709551615,0,0.8154296875,765.3433227539062,1751.6376953125,167.13720703125,308.76763916015625,20250225-154518
218,18446744073709551615,0,0.931640625,403.8372802734375,1.127105712890625,517.5903930664062,666.1571044921875,20250225-154518
218,18446744073709551615,0,0.9443359375,253.77529907226562,581.625732421875,965.5504760742188,816.5696411132812,20250225-154518
219,18446744073709551615,0,0.4560546875,702.7308349609375,1426.0770263671875,106.44561767578125,122.84197998046875,20250225-154518
219,18446744073709551615,0,0.517578125,668.6383666992188,1546.0673828125,96.97705078125,101.96932983398438,20250225-154518
219,18446744073709551615,0,0.53515625,613.3201904296875,1544.483642578125,223.9398193359375,158.72525024414062,20250225-154518
219,18446744073709551615,0,0.68505859375,685.8861694335938,751.1937255859375,69.49397277832031,86.370849609375,20250225-154518
219,18446744073709551615,0,0.72802734375,490.6688232421875,621.0860595703125,109.3780517578125,196.19924926757812,20250225-154518
219,18446744073709551615,0,0.75146484375,688.6858520507812,1723.9222412109375,117.7489013671875,111.24618530273438,20250225-154518
219,18446744073709551615,0,0.7529296875,508.5703125,858.92138671875,123.04522705078125,252.69442749023438,20250225-154518
219,18446744073709551615,0,0.7939453125,688.368896484375,1854.491943359375,64.5787353515625,94.64437866210938,20250225-154518
219,18446744073709551615,0,0.8037109375,769.4943237304688,1751.6070556640625,167.1807861328125,305.1536865234375,20250225-154518
219,18446744073709551615,0,0.8125,626.110107421875,1203.8507080078125,289.7537841796875,272.6686706542969,20250225-154518
219,18446744073709551615,0,0.82763671875,610.360107421875,539.7208251953125,236.54864501953125,259.81201171875,20250225-154518
219,18446744073709551615,0,0.935546875,403.3970947265625,1.00799560546875,515.8899536132812,665.2333984375,20250225-154518
219,18446744073709551615,0,0.9443359375,254.34942626953125,583.3452758789062,962.8606567382812,816.1261596679688,20250225-154518
220,18446744073709551615,0,0.5263671875,667.5836791992188,1545.964111328125,97.9222412109375,103.04818725585938,20250225-154518
220,18446744073709551615,0,0.544921875,613.1915283203125,1544.16650390625,226.49871826171875,158.84820556640625,20250225-154518
220,18446744073709551615,0,0.63525390625,702.7554931640625,1431.0963134765625,101.2891845703125,127.41604614257812,20250225-154518
220,18446744073709551615,0,0.6953125,686.2503662109375,751.71142578125,68.6422119140625,85.49038696289062,20250225-154518
220,18446744073709551615,0,0.732421875,490.21234130859375,620.7196655273438,109.00946044921875,193.84011840820312,20250225-154518
220,18446744073709551615,0,0.7490234375,501.17578125,859.1856689453125,122.36883544921875,260.29559326171875,20250225-154518
220,18446744073709551615,0,0.751953125,688.10791015625,1727.1712646484375,115.58587646484375,108.26495361328125,20250225-154518
220,18446744073709551615,0,0.79248046875,688.3648681640625,1853.58447265625,65.4854736328125,93.62017822265625,20250225-154518
220,18446744073709551615,0,0.7939453125,624.4985961914062,1207.67626953125,281.69183349609375,274.3751220703125,20250225-154518
220,18446744073709551615,0,0.810546875,760.505126953125,1751.2108154296875,167.56842041015625,313.77777099609375,20250225-154518
220,18446744073709551615,0,0.81103515625,609.9224853515625,542.6220703125,234.90756225585938,259.63751220703125,20250225-154518
220,18446744073709551615,0,0.93115234375,401.7235107421875,0.99884033203125,513.1661987304688,666.2381591796875,20250225-154518
220,18446744073709551615,0,0.94482421875,254.15670776367188,583.330810546875,965.4393310546875,816.410888671875,20250225-154518
221,18446744073709551615,0,0.5185546875,667.3665771484375,1545.9884033203125,92.1661376953125,103.3143310546875,20250225-154518
221,18446744073709551615,0,0.56787109375,611.7996826171875,1544.9677734375,225.65863037109375,160.66534423828125,20250225-154518
221,18446744073709551615,0,0.6767578125,701.9150390625,1434.6185302734375,97.46072387695312,126.83038330078125,20250225-154518
221,18446744073709551615,0,0.6982421875,686.2388305664062,751.906982421875,68.61515808105469,85.22186279296875,20250225-154518
221,18446744073709551615,0,0.72265625,490.1662902832031,620.940673828125,108.24494934082031,195.01995849609375,20250225-154518
221,18446744073709551615,0,0.732421875,687.1292724609375,1729.9130859375,112.07391357421875,108.81710815429688,20250225-154518
221,18446744073709551615,0,0.74072265625,502.31103515625,859.094482421875,121.29583740234375,259.47125244140625,20250225-154518
221,18446744073709551615,0,0.78271484375,767.109130859375,1751.20654296875,167.4788818359375,307.13616943359375,20250225-154518
221,18446744073709551615,0,0.796875,626.09765625,1205.3594970703125,288.97119140625,272.2696838378906,20250225-154518
221,18446744073709551615,0,0.796875,688.1687622070312,1853.509765625,65.474853515625,94.34573364257812,20250225-154518
221,18446744073709551615,0,0.8134765625,609.4276123046875,544.4090576171875,232.22048950195312,260.23626708984375,20250225-154518
221,18446744073709551615,0,0.93896484375,399.08111572265625,1.1751251220703125,510.7310485839844,668.9345703125,20250225-154518
221,18446744073709551615,0,0.94580078125,254.52745056152344,582.8260498046875,965.4078369140625,816.1160888671875,20250225-154518
222,18446744073709551615,0,0.441650390625,612.1898803710938,1620.286376953125,163.16015625,159.95132446289062,20250225-154518
222,18446744073709551615,0,0.673828125,665.844482421875,1545.7481689453125,93.421875,105.04266357421875,20250225-154518
222,18446744073709551615,0,0.67919921875,701.9987182617188,1433.12451171875,99.7298583984375,125.06744384765625,20250225-154518
222,18446744073709551615,0,0.69775390625,686.3818359375,752.7222290039062,66.94061279296875,84.81564331054688,20250225-154518
222,18446744073709551615,0,0.703125,766.931396484375,1751.7989501953125,167.45855712890625,301.5709533691406,20250225-154518
222,18446744073709551615,0,0.703125,500.88482666015625,859.8475341796875,120.90829467773438,259.7042541503906,20250225-154518
222,18446744073709551615,0,0.7421875,687.9977416992188,1741.399658203125,101.67681884765625,108.78579711914062,20250225-154518
222,18446744073709551615,0,0.7724609375,488.7199401855469,620.8710327148438,107.98544311523438,195.18255615234375,20250225-154518
222,18446744073709551615,0,0.78271484375,625.3991088867188,1205.888671875,287.1640319824219,272.4939880371094,20250225-154518
222,18446744073709551615,0,0.791015625,687.290771484375,1855.0162353515625,64.09954833984375,95.61959838867188,20250225-154518
222,18446744073709551615,0,0.810546875,610.3048095703125,544.2386474609375,231.138427734375,259.3168029785156,20250225-154518
222,18446744073709551615,0,0.9365234375,396.8785400390625,1.5548858642578125,507.0698547363281,670.6842041015625,20250225-154518
222,18446744073709551615,0,0.94482421875,253.5897674560547,583.3606567382812,964.534423828125,816.6500244140625,20250225-154518
223,18446744073709551615,0,0.42626953125,612.8508911132812,1617.0904541015625,170.01251220703125,161.21145629882812,20250225-154518
223,18446744073709551615,0,0.63232421875,702.8089599609375,1433.1661376953125,98.6162109375,125.90322875976562,20250225-154518
223,18446744073709551615,0,0.693359375,686.80322265625,752.4863891601562,67.38519287109375,84.809326171875,20250225-154518
223,18446744073709551615,0,0.70556640625,498.89703369140625,859.5802001953125,124.32989501953125,261.5272521972656,20250225-154518
223,18446744073709551615,0,0.71142578125,666.109619140625,1546.09716796875,91.74334716796875,104.9571533203125,20250225-154518
223,18446744073709551615,0,0.73193359375,689.5072631835938,1747.144775390625,95.56549072265625,107.27133178710938,20250225-154518
223,18446744073709551615,0,0.732421875,488.42523193359375,619.9571533203125,109.12289428710938,192.24435424804688,20250225-154518
223,18446744073709551615,0,0.77587890625,625.8819580078125,1206.7763671875,285.2886657714844,272.8319091796875,20250225-154518
223,18446744073709551615,0,0.7822265625,762.8871459960938,1750.547119140625,168.057861328125,310.8343505859375,20250225-154518
223,18446744073709551615,0,0.7890625,687.8025512695312,1854.74072265625,64.3656005859375,94.95895385742188,20250225-154518
223,18446744073709551615,0,0.83203125,609.5978393554688,540.619873046875,234.45254516601562,258.5587463378906,20250225-154518
223,18446744073709551615,0,0.931640625,396.13092041015625,1.8288116455078125,504.19085693359375,672.5538940429688,20250225-154518
223,18446744073709551615,0,0.94482421875,253.96060180664062,583.3245849609375,963.8353271484375,816.2872924804688,20250225-154518
224,18446744073709551615,0,0.38671875,612.9158935546875,1616.0233154296875,183.03680419921875,254.43704223632812,20250225-154518
224,18446744073709551615,0,0.4912109375,702.8761596679688,1431.65185546875,101.32937622070312,114.22549438476562,20250225-154518
224,18446744073709551615,0,0.71533203125,686.88427734375,753.6408081054688,68.23246765136719,86.127685546875,20250225-154518
224,18446744073709551615,0,0.71875,667.1896362304688,1547.12109375,95.21759033203125,104.0460205078125,20250225-154518
224,18446744073709551615,0,0.72119140625,506.9967041015625,859.193359375,121.75048828125,254.18728637695312,20250225-154518
224,18446744073709551615,0,0.728515625,689.0355834960938,1748.2880859375,94.8585205078125,107.94625854492188,20250225-154518
224,18446744073709551615,0,0.7529296875,490.1736145019531,619.7515869140625,109.12825012207031,191.9168701171875,20250225-154518
224,18446744073709551615,0,0.78466796875,687.9515991210938,1855.1085205078125,63.95526123046875,95.39620971679688,20250225-154518
224,18446744073709551615,0,0.78515625,626.839599609375,1206.004150390625,289.2850341796875,272.6227111816406,20250225-154518
224,18446744073709551615,0,0.78857421875,765.5139770507812,1750.6695556640625,168.03790283203125,308.21722412109375,20250225-154518
224,18446744073709551615,0,0.82421875,611.0128784179688,539.3800048828125,237.43780517578125,258.1388854980469,20250225-154518
224,18446744073709551615,0,0.93310546875,395.02056884765625,1.1422576904296875,503.3700256347656,673.27490234375,20250225-154518
224,18446744073709551615,0,0.9462890625,254.91485595703125,583.1632690429688,963.6053466796875,814.9403686523438,20250225-154518
225,18446744073709551615,0,0.420654296875,614.1571655273438,1618.0008544921875,182.06085205078125,250.99191284179688,20250225-154518
225,18446744073709551615,0,0.5498046875,703.382080078125,1428.0882568359375,104.45498657226562,120.24188232421875,20250225-154518
225,18446744073709551615,0,0.68701171875,510.8671875,860.3118896484375,121.46218872070312,249.85409545898438,20250225-154518
225,18446744073709551615,0,0.6953125,686.7896118164062,751.7821655273438,69.617431640625,84.9832763671875,20250225-154518
225,18446744073709551615,0,0.72265625,666.6168823242188,1548.788818359375,90.07012939453125,103.755615234375,20250225-154518
225,18446744073709551615,0,0.74462890625,688.9652709960938,1748.8106689453125,93.498046875,107.65960693359375,20250225-154518
225,18446744073709551615,0,0.7568359375,490.5581359863281,620.3074951171875,108.3837890625,190.546142578125,20250225-154518
225,18446744073709551615,0,0.77734375,766.9641723632812,1750.736572265625,167.8648681640625,307.12005615234375,20250225-154518
225,18446744073709551615,0,0.7919921875,688.1526489257812,1855.7493896484375,63.356689453125,96.05410766601562,20250225-154518
225,18446744073709551615,0,0.7939453125,626.737060546875,1206.4649658203125,289.282470703125,272.89837646484375,20250225-154518
225,18446744073709551615,0,0.81884765625,610.7902221679688,540.0741577148438,236.099853515625,259.2484130859375,20250225-154518
225,18446744073709551615,0,0.9306640625,394.067138671875,1.1476593017578125,500.9296875,674.3172607421875,20250225-154518
225,18446744073709551615,0,0.94482421875,255.47177124023438,583.383544921875,963.3695068359375,814.6221313476562,20250225-154518
226,18446744073709551615,0,0.31494140625,613.40625,1616.6480712890625,184.65948486328125,251.66281127929688,20250225-154519
226,18446744073709551615,0,0.61962890625,703.8832397460938,1433.576904296875,98.25750732421875,123.44366455078125,20250225-154519
226,18446744073709551615,0,0.6767578125,517.646484375,861.2576293945312,121.06723022460938,241.81182861328125,20250225-154519
226,18446744073709551615,0,0.69189453125,686.1600341796875,751.66650390625,69.58676147460938,85.6710205078125,20250225-154519
226,18446744073709551615,0,0.69287109375,665.8128662109375,1549.330078125,92.7421875,104.71728515625,20250225-154519
226,18446744073709551615,0,0.7001953125,490.2041931152344,620.4321899414062,107.54777526855469,201.7928466796875,20250225-154519
226,18446744073709551615,0,0.75927734375,688.026123046875,1755.6683349609375,86.96685791015625,107.90322875976562,20250225-154519
226,18446744073709551615,0,0.77587890625,769.9974975585938,1750.4952392578125,168.20196533203125,304.0553283691406,20250225-154519
226,18446744073709551615,0,0.802734375,688.1255493164062,1854.831298828125,64.22515869140625,95.162841796875,20250225-154519
226,18446744073709551615,0,0.8125,625.58642578125,1206.19140625,284.570068359375,272.22161865234375,20250225-154519
226,18446744073709551615,0,0.82275390625,610.58349609375,539.78271484375,238.05020141601562,258.7327880859375,20250225-154519
226,18446744073709551615,0,0.931640625,392.84490966796875,1.6783447265625,499.0527648925781,675.6729736328125,20250225-154519
226,18446744073709551615,0,0.9443359375,254.53111267089844,583.3888549804688,963.3956909179688,815.24853515625,20250225-154519
227,18446744073709551615,0,0.402587890625,613.2354125976562,1624.9443359375,183.7423095703125,253.13690185546875,20250225-154519
227,18446744073709551615,0,0.67822265625,490.33062744140625,620.1180419921875,107.72909545898438,199.95767211914062,20250225-154519
227,18446744073709551615,0,0.69580078125,703.71923828125,1435.16357421875,96.15444946289062,122.09600830078125,20250225-154519
227,18446744073709551615,0,0.69921875,507.96844482421875,861.353271484375,120.0648193359375,252.78103637695312,20250225-154519
227,18446744073709551615,0,0.7001953125,665.031005859375,1550.4287109375,96.49346923828125,105.61184692382812,20250225-154519
227,18446744073709551615,0,0.71630859375,686.3291015625,752.3720703125,68.350341796875,84.89913940429688,20250225-154519
227,18446744073709551615,0,0.72119140625,768.8797607421875,1751.8179931640625,167.35931396484375,299.906982421875,20250225-154519
227,18446744073709551615,0,0.76416015625,687.7051391601562,1754.5440673828125,87.89227294921875,107.89151000976562,20250225-154519
227,18446744073709551615,0,0.78271484375,625.3082885742188,1207.11669921875,282.4500732421875,272.3785400390625,20250225-154519
227,18446744073709551615,0,0.79296875,687.9921875,1854.132568359375,64.92462158203125,96.35394287109375,20250225-154519
227,18446744073709551615,0,0.841796875,610.2588500976562,542.6456298828125,234.60617065429688,258.86187744140625,20250225-154519
227,18446744073709551615,0,0.93359375,391.65692138671875,1.3333740234375,496.7783203125,677.4281616210938,20250225-154519
227,18446744073709551615,0,0.94384765625,254.33477783203125,583.343505859375,965.259521484375,815.57666015625,20250225-154519
228,18446744073709551615,0,0.6298828125,704.4512329101562,1435.096435546875,96.50656127929688,121.36697387695312,20250225-154519
228,18446744073709551615,0,0.6376953125,613.7926025390625,1608.2720947265625,196.70196533203125,251.68148803710938,20250225-154519
228,18446744073709551615,0,0.66796875,520.3839111328125,861.2623901367188,120.88082885742188,239.94076538085938,20250225-154519
228,18446744073709551615,0,0.68701171875,665.4904174804688,1555.6552734375,97.93084716796875,105.11911010742188,20250225-154519
228,18446744073709551615,0,0.712890625,489.74139404296875,619.9147338867188,107.84646606445312,184.13058471679688,20250225-154519
228,18446744073709551615,0,0.72412109375,686.06103515625,752.7694091796875,67.98820495605469,85.48233032226562,20250225-154519
228,18446744073709551615,0,0.7265625,689.3413696289062,1753.7742919921875,90.04541015625,106.8841552734375,20250225-154519
228,18446744073709551615,0,0.7744140625,688.13134765625,1855.3619384765625,63.7445068359375,95.73577880859375,20250225-154519
228,18446744073709551615,0,0.7822265625,625.0863647460938,1207.484619140625,282.3509216308594,273.7537536621094,20250225-154519
228,18446744073709551615,0,0.791015625,766.641357421875,1750.9573974609375,167.74163818359375,306.9808044433594,20250225-154519
228,18446744073709551615,0,0.8359375,610.1808471679688,542.415771484375,234.19198608398438,258.5889587402344,20250225-154519
228,18446744073709551615,0,0.931640625,389.5682373046875,1.3352508544921875,496.4884033203125,679.7041015625,20250225-154519
228,18446744073709551615,0,0.943359375,254.71060180664062,583.3312377929688,965.2236328125,815.457275390625,20250225-154519
229,18446744073709551615,0,0.3603515625,613.4324340820312,1629.652587890625,171.18548583984375,247.78436279296875,20250225-154519
229,18446744073709551615,0,0.64501953125,511.33135986328125,861.6427001953125,120.99490356445312,248.76406860351562,20250225-154519
229,18446744073709551615,0,0.6689453125,705.276123046875,1434.94384765625,94.21774291992188,121.88095092773438,20250225-154519
229,18446744073709551615,0,0.71484375,686.3499755859375,754.5624389648438,68.23150634765625,86.7275390625,20250225-154519
229,18446744073709551615,0,0.728515625,689.7227783203125,1755.0458984375,88.614990234375,105.66567993164062,20250225-154519
229,18446744073709551615,0,0.7392578125,665.8943481445312,1556.050048828125,97.90045166015625,105.13137817382812,20250225-154519
229,18446744073709551615,0,0.759765625,764.1743774414062,1751.7119140625,167.6517333984375,304.8829650878906,20250225-154519
229,18446744073709551615,0,0.76416015625,490.43243408203125,620.0208740234375,107.66377258300781,187.83682250976562,20250225-154519
229,18446744073709551615,0,0.7841796875,688.3916015625,1854.4970703125,64.610595703125,95.81332397460938,20250225-154519
229,18446744073709551615,0,0.7900390625,625.9282836914062,1207.362548828125,282.99005126953125,272.898193359375,20250225-154519
229,18446744073709551615,0,0.8486328125,610.138916015625,539.660888671875,238.15887451171875,259.6114196777344,20250225-154519
229,18446744073709551615,0,0.9375,390.31109619140625,1.142578125,496.346435546875,679.092529296875,20250225-154519
229,18446744073709551615,0,0.94677734375,254.72117614746094,584.1304321289062,963.718505859375,815.7506103515625,20250225-154519
230,18446744073709551615,0,0.384033203125,613.5503540039062,1630.9852294921875,194.23553466796875,251.30877685546875,20250225-154519
230,18446744073709551615,0,0.5546875,706.106201171875,1434.846435546875,94.76898193359375,119.96209716796875,20250225-154519
230,18446744073709551615,0,0.61767578125,539.0531616210938,861.4443969726562,123.31283569335938,221.25897216796875,20250225-154519
230,18446744073709551615,0,0.6611328125,686.0143432617188,754.88818359375,66.333251953125,86.033935546875,20250225-154519
230,18446744073709551615,0,0.69189453125,689.7302856445312,1759.3648681640625,84.5364990234375,105.91104125976562,20250225-154519
230,18446744073709551615,0,0.70166015625,665.2439575195312,1558.7047119140625,93.28363037109375,105.84951782226562,20250225-154519
230,18446744073709551615,0,0.7373046875,490.2470397949219,619.337646484375,107.51138305664062,196.48974609375,20250225-154519
230,18446744073709551615,0,0.73779296875,770.3237915039062,1750.5889892578125,168.19354248046875,303.61651611328125,20250225-154519
230,18446744073709551615,0,0.78515625,688.2647094726562,1855.028564453125,64.074462890625,95.40875244140625,20250225-154519
230,18446744073709551615,0,0.79248046875,626.0886840820312,1205.843017578125,288.0733337402344,275.3879699707031,20250225-154519
230,18446744073709551615,0,0.8369140625,610.6270751953125,542.8126831054688,234.67181396484375,258.8507995605469,20250225-154519
230,18446744073709551615,0,0.93505859375,389.74603271484375,1.330810546875,496.23284912109375,679.6177368164062,20250225-154519
230,18446744073709551615,0,0.94775390625,255.6580810546875,584.3468627929688,964.380615234375,814.7063598632812,20250225-154519
231,18446744073709551615,0,0.43115234375,613.3826904296875,1635.33837890625,183.55023193359375,252.60003662109375,20250225-154519
231,18446744073709551615,0,0.5322265625,706.3245849609375,1434.37890625,96.33517456054688,117.6727294921875,20250225-154519
231,18446744073709551615,0,0.64794921875,689.0410766601562,1758.2969970703125,85.705810546875,105.51718139648438,20250225-154519
231,18446744073709551615,0,0.70068359375,665.59228515625,1560.883056640625,86.9560546875,104.5418701171875,20250225-154519
231,18446744073709551615,0,0.71142578125,686.35205078125,755.0465698242188,66.966064453125,86.2708740234375,20250225-154519
231,18446744073709551615,0,0.71630859375,770.3682861328125,1752.2618408203125,166.913818359375,298.0214538574219,20250225-154519
231,18446744073709551615,0,0.73779296875,490.44158935546875,619.2691650390625,107.45333862304688,197.78082275390625,20250225-154519
231,18446744073709551615,0,0.744140625,539.3146362304688,861.8380126953125,119.87274169921875,221.18243408203125,20250225-154519
231,18446744073709551615,0,0.775390625,627.7198486328125,1206.0736083984375,287.7188415527344,274.1861572265625,20250225-154519
231,18446744073709551615,0,0.7822265625,688.482666015625,1855.2484130859375,63.85107421875,95.61090087890625,20250225-154519
231,18446744073709551615,0,0.84423828125,610.0521240234375,541.377685546875,237.03790283203125,258.5620422363281,20250225-154519
231,18446744073709551615,0,0.93359375,388.80596923828125,1.3358917236328125,498.00506591796875,680.3939208984375,20250225-154519
231,18446744073709551615,0,0.94677734375,255.84896850585938,584.0958251953125,963.931640625,814.1473388671875,20250225-154519
232,18446744073709551615,0,0.337158203125,612.4923706054688,1573.0162353515625,256.14166259765625,250.57406616210938,20250225-154519
232,18446744073709551615,0,0.56591796875,534.0928344726562,861.711181640625,118.96279907226562,226.51712036132812,20250225-154519
232,18446744073709551615,0,0.65771484375,706.1163940429688,1434.1077880859375,95.25494384765625,119.88473510742188,20250225-154519
232,18446744073709551615,0,0.66455078125,687.6624755859375,1752.983642578125,91.6878662109375,106.2908935546875,20250225-154519
232,18446744073709551615,0,0.67333984375,665.438720703125,1564.171142578125,87.42352294921875,102.158935546875,20250225-154519
232,18446744073709551615,0,0.6953125,686.0728759765625,753.246337890625,68.31037902832031,85.46063232421875,20250225-154519
232,18446744073709551615,0,0.76708984375,490.21893310546875,619.180908203125,107.45260620117188,194.13546752929688,20250225-154519
232,18446744073709551615,0,0.77880859375,767.439697265625,1750.940185546875,167.75189208984375,306.2718200683594,20250225-154519
232,18446744073709551615,0,0.79248046875,688.5311279296875,1855.501708984375,63.55810546875,94.87747192382812,20250225-154519
232,18446744073709551615,0,0.79931640625,625.4637451171875,1206.09521484375,283.0496520996094,275.349609375,20250225-154519
232,18446744073709551615,0,0.845703125,610.43701171875,540.6138916015625,236.16741943359375,257.2592468261719,20250225-154519
232,18446744073709551615,0,0.935546875,391.152099609375,1.3363494873046875,500.8226623535156,677.3464965820312,20250225-154519
232,18446744073709551615,0,0.9453125,255.83724975585938,583.704345703125,963.6703491210938,814.2313842773438,20250225-154519
233,18446744073709551615,0,0.4794921875,613.4328002929688,1581.5723876953125,249.416015625,251.7330322265625,20250225-154519
233,18446744073709551615,0,0.4951171875,706.338134765625,1433.1240234375,95.33139038085938,117.59024047851562,20250225-154519
233,18446744073709551615,0,0.63232421875,527.811767578125,862.5849609375,118.37960815429688,232.0067138671875,20250225-154519
233,18446744073709551615,0,0.6875,665.3344116210938,1569.3526611328125,86.73797607421875,103.00680541992188,20250225-154519
233,18446744073709551615,0,0.689453125,685.9775390625,754.2767944335938,66.39111328125,85.53598022460938,20250225-154519
233,18446744073709551615,0,0.71044921875,690.5817260742188,1765.08642578125,79.2542724609375,105.1658935546875,20250225-154519
233,18446744073709551615,0,0.7578125,760.5188598632812,1751.2781982421875,167.4100341796875,312.7391052246094,20250225-154519
233,18446744073709551615,0,0.767578125,490.3546142578125,618.8724365234375,107.49234008789062,192.79806518554688,20250225-154519
233,18446744073709551615,0,0.783203125,688.3950805664062,1855.1290283203125,63.97613525390625,94.80569458007812,20250225-154519
233,18446744073709551615,0,0.7880859375,625.3421630859375,1208.167724609375,279.5032653808594,274.36102294921875,20250225-154519
233,18446744073709551615,0,0.85302734375,609.5033569335938,541.3236083984375,234.97842407226562,259.3878479003906,20250225-154519
233,18446744073709551615,0,0.935546875,390.50006103515625,1.2167816162109375,503.35528564453125,677.6295776367188,20250225-154519
233,18446744073709551615,0,0.94580078125,254.52777099609375,583.865478515625,963.6487426757812,815.6127319335938,20250225-154519
234,18446744073709551615,0,0.3583984375,611.813232421875,1593.1578369140625,240.08258056640625,241.72640991210938,20250225-154519
234,18446744073709551615,0,0.59912109375,707.26025390625,1436.03857421875,91.32742309570312,118.82958984375,20250225-154519
234,18446744073709551615,0,0.67724609375,690.18603515625,1764.0224609375,79.7662353515625,103.86300659179688,20250225-154519
234,18446744073709551615,0,0.69287109375,686.1586303710938,754.1007080078125,65.98873901367188,85.664794921875,20250225-154519
234,18446744073709551615,0,0.71240234375,523.281494140625,862.7568969726562,122.73056030273438,236.36224365234375,20250225-154519
234,18446744073709551615,0,0.71630859375,666.6119384765625,1570.588623046875,87.29498291015625,100.93423461914062,20250225-154519
234,18446744073709551615,0,0.7529296875,490.82464599609375,618.865966796875,107.56228637695312,195.18209838867188,20250225-154519
234,18446744073709551615,0,0.7841796875,688.1032104492188,1855.2220458984375,63.88421630859375,96.50344848632812,20250225-154519
234,18446744073709551615,0,0.7880859375,772.1255493164062,1751.016357421875,167.49407958984375,301.4975280761719,20250225-154519
234,18446744073709551615,0,0.79736328125,626.0982055664062,1205.2371826171875,287.3130798339844,274.525634765625,20250225-154519
234,18446744073709551615,0,0.85595703125,609.928466796875,537.5926513671875,239.12557983398438,259.35113525390625,20250225-154519
234,18446744073709551615,0,0.93701171875,393.1965637207031,1.132049560546875,504.049072265625,675.758056640625,20250225-154519
234,18446744073709551615,0,0.947265625,254.32672119140625,583.5110473632812,963.961669921875,815.8449096679688,20250225-154519
235,18446744073709551615,0,0.367431640625,612.9285888671875,1622.0826416015625,209.58819580078125,244.5919189453125,20250225-154519
235,18446744073709551615,0,0.5205078125,707.8690185546875,1430.67236328125,98.21621704101562,115.15447998046875,20250225-154519
235,18446744073709551615,0,0.6396484375,688.8759155273438,1763.9498291015625,81.08770751953125,104.67279052734375,20250225-154519
235,18446744073709551615,0,0.6826171875,686.3792724609375,754.3153686523438,65.12223815917969,85.82135009765625,20250225-154519
235,18446744073709551615,0,0.69921875,512.9346313476562,862.6470336914062,122.08950805664062,246.25021362304688,20250225-154519
235,18446744073709551615,0,0.7177734375,666.5859375,1570.2681884765625,87.10784912109375,101.977294921875,20250225-154519
235,18446744073709551615,0,0.7392578125,768.2593994140625,1751.18408203125,167.596435546875,305.54351806640625,20250225-154519
235,18446744073709551615,0,0.74609375,490.636962890625,618.512939453125,108.06010437011719,193.76559448242188,20250225-154519
235,18446744073709551615,0,0.7958984375,688.2835693359375,1855.1458740234375,63.963134765625,95.72625732421875,20250225-154519
235,18446744073709551615,0,0.83544921875,625.8319702148438,1205.408203125,288.22064208984375,275.56622314453125,20250225-154519
235,18446744073709551615,0,0.8544921875,609.3636474609375,539.645263671875,236.49838256835938,259.5605163574219,20250225-154519
235,18446744073709551615,0,0.93212890625,395.46954345703125,0.947845458984375,510.0400085449219,673.3895874023438,20250225-154519
235,18446744073709551615,0,0.94775390625,254.70359802246094,583.7107543945312,963.2156982421875,815.3873291015625,20250225-154519
236,18446744073709551615,0,0.33447265625,614.9448852539062,1589.623291015625,253.35791015625,250.08883666992188,20250225-154519
236,18446744073709551615,0,0.5419921875,707.6351318359375,1434.5174560546875,90.87295532226562,117.76025390625,20250225-154519
236,18446744073709551615,0,0.65673828125,686.1156005859375,754.1947021484375,65.46359252929688,86.67022705078125,20250225-154519
236,18446744073709551615,0,0.69580078125,687.670654296875,1756.848876953125,87.8873291015625,105.72821044921875,20250225-154519
236,18446744073709551615,0,0.73193359375,766.7493896484375,1751.0595703125,167.81195068359375,307.3186340332031,20250225-154519
236,18446744073709551615,0,0.73388671875,666.5670776367188,1570.531494140625,87.44146728515625,102.17788696289062,20250225-154519
236,18446744073709551615,0,0.74560546875,507.708984375,863.0304565429688,119.98516845703125,251.72836303710938,20250225-154519
236,18446744073709551615,0,0.7685546875,490.82940673828125,618.594970703125,108.15861511230469,190.24978637695312,20250225-154519
236,18446744073709551615,0,0.78662109375,688.3859252929688,1854.88818359375,64.1737060546875,95.57070922851562,20250225-154519
236,18446744073709551615,0,0.81103515625,624.8536376953125,1205.3138427734375,288.8712158203125,276.02325439453125,20250225-154519
236,18446744073709551615,0,0.849609375,609.87744140625,539.9405517578125,236.22573852539062,260.8831787109375,20250225-154519
236,18446744073709551615,0,0.93310546875,397.4973449707031,0.9331512451171875,512.007080078125,672.311279296875,20250225-154519
236,18446744073709551615,0,0.9462890625,254.49842834472656,583.8510131835938,963.6829833984375,815.3968505859375,20250225-154519
237,18446744073709551615,0,0.289306640625,709.9522705078125,474.9992980957031,86.96452331542969,114.77801513671875,20250225-154519
237,18446744073709551615,0,0.445556640625,614.8875732421875,1607.1536865234375,229.27276611328125,247.90896606445312,20250225-154519
237,18446744073709551615,0,0.5888671875,707.5761108398438,1435.553466796875,90.15353393554688,118.03683471679688,20250225-154519
237,18446744073709551615,0,0.63623046875,688.7471923828125,1758.3779296875,85.9423828125,104.99267578125,20250225-154519
237,18446744073709551615,0,0.69580078125,686.06201171875,754.7259521484375,65.52923583984375,85.84039306640625,20250225-154519
237,18446744073709551615,0,0.70654296875,761.1097412109375,1751.3038330078125,167.96429443359375,307.3937072753906,20250225-154519
237,18446744073709551615,0,0.73486328125,490.96728515625,618.9630126953125,107.57427978515625,191.35491943359375,20250225-154519
237,18446744073709551615,0,0.7421875,666.2081909179688,1570.9874267578125,88.6153564453125,101.91943359375,20250225-154519
237,18446744073709551615,0,0.751953125,503.621337890625,863.3099365234375,119.1346435546875,255.2098388671875,20250225-154519
237,18446744073709551615,0,0.77685546875,688.515380859375,1855.5142822265625,63.5958251953125,95.26803588867188,20250225-154519
237,18446744073709551615,0,0.81298828125,625.6301879882812,1204.295166015625,287.8224792480469,274.9714050292969,20250225-154519
237,18446744073709551615,0,0.8544921875,609.983154296875,539.9051513671875,236.09197998046875,260.45306396484375,20250225-154519
237,18446744073709551615,0,0.93359375,397.9119873046875,0.929351806640625,514.7844848632812,672.1629638671875,20250225-154519
237,18446744073709551615,0,0.943359375,254.13784790039062,583.6807861328125,964.3992919921875,815.4962768554688,20250225-154519
238,18446744073709551615,0,0.4794921875,615.5637817382812,1599.6009521484375,233.8055419921875,245.34091186523438,20250225-154519
238,18446744073709551615,0,0.490234375,708.2135009765625,1436.65380859375,90.84210205078125,117.44979858398438,20250225-154519
238,18446744073709551615,0,0.595703125,690.2422485351562,1761.220947265625,83.1357421875,104.48959350585938,20250225-154519
238,18446744073709551615,0,0.6669921875,765.3162231445312,1752.416748046875,166.84405517578125,302.8125915527344,20250225-154519
238,18446744073709551615,0,0.7001953125,490.79278564453125,618.95849609375,107.55015563964844,189.33160400390625,20250225-154519
238,18446744073709551615,0,0.70263671875,686.328369140625,753.0532836914062,66.4779052734375,84.76345825195312,20250225-154519
238,18446744073709551615,0,0.740234375,624.54931640625,1204.2919921875,288.29718017578125,278.7356872558594,20250225-154519
238,18446744073709551615,0,0.74169921875,664.2513427734375,1570.9749755859375,91.62396240234375,103.77236938476562,20250225-154519
238,18446744073709551615,0,0.74755859375,501.434326171875,863.2177734375,117.97494506835938,257.4028015136719,20250225-154519
238,18446744073709551615,0,0.77685546875,688.5338745117188,1854.9569091796875,64.150634765625,94.56216430664062,20250225-154519
238,18446744073709551615,0,0.853515625,609.0598754882812,540.245361328125,235.98312377929688,260.09307861328125,20250225-154519
238,18446744073709551615,0,0.93701171875,399.1259765625,1.1071014404296875,518.8124389648438,670.685302734375,20250225-154519
238,18446744073709551615,0,0.9423828125,254.91458129882812,584.9664916992188,962.8775024414062,814.7578125,20250225-154519
239,18446744073709551615,0,0.5,616.376953125,1592.091064453125,233.40802001953125,245.148193359375,20250225-154519
239,18446744073709551615,0,0.5537109375,707.6279296875,1435.322998046875,87.30615234375,117.14291381835938,20250225-154519
239,18446744073709551615,0,0.66357421875,763.4322509765625,1751.7996826171875,167.4620361328125,304.9933776855469,20250225-154519
239,18446744073709551615,0,0.67333984375,686.05517578125,752.4359741210938,66.47099304199219,85.38821411132812,20250225-154519
239,18446744073709551615,0,0.68603515625,688.6078491210938,1759.042724609375,84.3922119140625,105.16671752929688,20250225-154519
239,18446744073709551615,0,0.712890625,665.2772827148438,1571.429443359375,88.98193359375,103.54092407226562,20250225-154519
239,18446744073709551615,0,0.7333984375,491.02972412109375,618.8167724609375,107.70066833496094,188.85836791992188,20250225-154519
239,18446744073709551615,0,0.75,506.04071044921875,863.02392578125,115.46630859375,254.48382568359375,20250225-154519
239,18446744073709551615,0,0.77734375,688.847900390625,1855.0447998046875,64.11181640625,95.46011352539062,20250225-154519
239,18446744073709551615,0,0.78857421875,623.2512817382812,1206.886474609375,282.7928466796875,280.2926330566406,20250225-154519
239,18446744073709551615,0,0.841796875,609.5333862304688,541.0540771484375,234.08047485351562,261.6354675292969,20250225-154519
239,18446744073709551615,0,0.9326171875,400.0440673828125,0.915802001953125,524.2237548828125,670.37109375,20250225-154519
239,18446744073709551615,0,0.9423828125,253.76312255859375,584.548095703125,962.015625,815.9500122070312,20250225-154519
240,18446744073709551615,0,0.4833984375,617.9031982421875,1651.079833984375,182.0452880859375,240.97467041015625,20250225-154519
240,18446744073709551615,0,0.529296875,708.2579956054688,1434.2427978515625,87.41702270507812,118.09378051757812,20250225-154519
240,18446744073709551615,0,0.62158203125,491.49609375,618.9625244140625,107.61836242675781,190.305908203125,20250225-154519
240,18446744073709551615,0,0.65673828125,687.9380493164062,1754.220703125,89.53289794921875,106.20172119140625,20250225-154519
240,18446744073709551615,0,0.6767578125,503.99267578125,862.825439453125,110.1602783203125,257.8532409667969,20250225-154519
240,18446744073709551615,0,0.6875,765.4793701171875,1751.548095703125,167.71087646484375,302.84197998046875,20250225-154519
240,18446744073709551615,0,0.70068359375,686.1432495117188,752.9489135742188,66.7078857421875,86.50881958007812,20250225-154519
240,18446744073709551615,0,0.76220703125,623.9932861328125,1205.77490234375,285.4701232910156,278.66748046875,20250225-154519
240,18446744073709551615,0,0.77392578125,666.2319946289062,1571.840576171875,92.96044921875,102.8294677734375,20250225-154519
240,18446744073709551615,0,0.779296875,688.607421875,1855.239013671875,63.8272705078125,96.015380859375,20250225-154519
240,18446744073709551615,0,0.83935546875,609.9468383789062,539.5977172851562,238.37118530273438,264.1333923339844,20250225-154519
240,18446744073709551615,0,0.935546875,403.30645751953125,0.7147979736328125,527.32958984375,667.321044921875,20250225-154519
240,18446744073709551615,0,0.9453125,255.2658233642578,584.9584350585938,962.8427124023438,814.604736328125,20250225-154519
241,18446744073709551615,0,0.515625,708.4828491210938,1432.73583984375,90.40896606445312,117.96295166015625,20250225-154519
241,18446744073709551615,0,0.5244140625,618.2171630859375,1626.8719482421875,204.81829833984375,242.43466186523438,20250225-154519
241,18446744073709551615,0,0.63232421875,491.304931640625,619.4827880859375,107.25654602050781,198.5943603515625,20250225-154519
241,18446744073709551615,0,0.65771484375,687.7071533203125,1757.473876953125,86.4049072265625,106.19082641601562,20250225-154519
241,18446744073709551615,0,0.66650390625,556.79931640625,862.6287231445312,109.99557495117188,204.306884765625,20250225-154519
241,18446744073709551615,0,0.69091796875,686.2311401367188,752.4972534179688,66.63789367675781,85.4432373046875,20250225-154519
241,18446744073709551615,0,0.7626953125,666.4012451171875,1573.34521484375,87.667236328125,101.967041015625,20250225-154519
241,18446744073709551615,0,0.78076171875,624.2341918945312,1205.547119140625,282.3292236328125,278.2196960449219,20250225-154519
241,18446744073709551615,0,0.7958984375,688.491943359375,1853.319580078125,65.60467529296875,97.21829223632812,20250225-154519
241,18446744073709551615,0,0.80078125,766.3130493164062,1751.080810546875,167.5257568359375,307.53240966796875,20250225-154519
241,18446744073709551615,0,0.83447265625,609.9510498046875,540.4405517578125,235.25921630859375,263.6807556152344,20250225-154519
241,18446744073709551615,0,0.92724609375,405.246826171875,0.7210235595703125,531.355712890625,665.6522827148438,20250225-154519
241,18446744073709551615,0,0.94287109375,255.81463623046875,583.4600219726562,964.535888671875,813.7578735351562,20250225-154519
242,18446744073709551615,0,0.4658203125,619.1837158203125,1634.09765625,194.04290771484375,238.40350341796875,20250225-154519
242,18446744073709551615,0,0.521484375,708.5880126953125,1434.1578369140625,84.96377563476562,118.5113525390625,20250225-154519
242,18446744073709551615,0,0.66015625,552.7393798828125,862.6343994140625,112.7449951171875,207.58181762695312,20250225-154519
242,18446744073709551615,0,0.673828125,492.48541259765625,618.8453369140625,107.34429931640625,193.46310424804688,20250225-154519
242,18446744073709551615,0,0.67822265625,686.4622192382812,753.4735107421875,65.700439453125,85.556396484375,20250225-154519
242,18446744073709551615,0,0.70263671875,687.13037109375,1755.00634765625,89.243408203125,106.76852416992188,20250225-154519
242,18446744073709551615,0,0.7607421875,665.86962890625,1571.698974609375,91.5084228515625,102.13751220703125,20250225-154519
242,18446744073709551615,0,0.7705078125,623.4907836914062,1206.237548828125,283.8776550292969,279.8242492675781,20250225-154519
242,18446744073709551615,0,0.79052734375,768.6551513671875,1751.042236328125,167.6553955078125,305.6053161621094,20250225-154519
242,18446744073709551615,0,0.79443359375,688.5992431640625,1854.60693359375,64.5054931640625,95.60568237304688,20250225-154519
242,18446744073709551615,0,0.84326171875,610.256103515625,539.8163452148438,236.87164306640625,263.84417724609375,20250225-154519
242,18446744073709551615,0,0.93701171875,406.7208251953125,0.9075164794921875,536.5402221679688,664.3349609375,20250225-154519
242,18446744073709551615,0,0.94482421875,255.83189392089844,584.2310180664062,963.5460205078125,814.365966796875,20250225-154519
243,18446744073709551615,0,0.498046875,617.2745361328125,1647.973388671875,175.85247802734375,244.54110717773438,20250225-154519
243,18446744073709551615,0,0.53125,708.158935546875,1434.11083984375,89.488037109375,119.71600341796875,20250225-154519
243,18446744073709551615,0,0.62451171875,560.029052734375,861.854736328125,113.66336059570312,198.8843994140625,20250225-154519
243,18446744073709551615,0,0.67333984375,689.2164306640625,1761.4273681640625,82.49725341796875,104.275634765625,20250225-154519
243,18446744073709551615,0,0.68701171875,686.5469970703125,753.4689331054688,65.6224365234375,85.11044311523438,20250225-154519
243,18446744073709551615,0,0.71630859375,624.6307373046875,1203.914794921875,288.29864501953125,277.49395751953125,20250225-154519
243,18446744073709551615,0,0.72705078125,491.40087890625,618.8541870117188,107.35697937011719,189.78497314453125,20250225-154519
243,18446744073709551615,0,0.76123046875,764.0426025390625,1752.4984130859375,165.94866943359375,307.7860107421875,20250225-154519
243,18446744073709551615,0,0.76953125,665.7630615234375,1573.761962890625,91.972412109375,102.85317993164062,20250225-154519
243,18446744073709551615,0,0.77978515625,688.7340087890625,1854.6741943359375,64.43975830078125,95.23974609375,20250225-154519
243,18446744073709551615,0,0.84375,609.4905395507812,540.2972412109375,235.86245727539062,261.8372497558594,20250225-154519
243,18446744073709551615,0,0.9375,254.94561767578125,583.3341674804688,963.894287109375,814.7755737304688,20250225-154519
243,18446744073709551615,0,0.93798828125,408.2577209472656,1.2576141357421875,542.1913452148438,662.9496459960938,20250225-154519
244,18446744073709551615,0,0.445556640625,616.740478515625,1639.795166015625,189.65899658203125,242.1566162109375,20250225-154519
244,18446744073709551615,0,0.449462890625,708.6456298828125,1435.443359375,84.79046630859375,115.71588134765625,20250225-154519
244,18446744073709551615,0,0.63623046875,556.9502563476562,861.1768798828125,114.88055419921875,202.87847900390625,20250225-154519
244,18446744073709551615,0,0.638671875,689.52099609375,1759.21435546875,84.2830810546875,103.53955078125,20250225-154519
244,18446744073709551615,0,0.70166015625,686.05224609375,752.256591796875,66.64544677734375,85.66287231445312,20250225-154519
244,18446744073709551615,0,0.7041015625,623.7398071289062,1205.93896484375,287.5675048828125,276.3617248535156,20250225-154519
244,18446744073709551615,0,0.73388671875,665.3485107421875,1573.692626953125,90.0172119140625,102.76922607421875,20250225-154519
244,18446744073709551615,0,0.7490234375,769.7779541015625,1751.239013671875,167.449951171875,304.4845275878906,20250225-154519
244,18446744073709551615,0,0.763671875,491.02423095703125,618.5421752929688,107.71495056152344,188.04684448242188,20250225-154519
244,18446744073709551615,0,0.7744140625,688.6536254882812,1854.52685546875,64.5333251953125,95.61630249023438,20250225-154519
244,18446744073709551615,0,0.83935546875,608.6846923828125,540.238037109375,235.06045532226562,261.21697998046875,20250225-154519
244,18446744073709551615,0,0.93603515625,254.9468994140625,584.0070190429688,963.9797973632812,814.9178466796875,20250225-154519
244,18446744073709551615,0,0.93798828125,412.01898193359375,0.7021636962890625,546.62646484375,659.0106811523438,20250225-154519
245,18446744073709551615,0,0.5078125,615.372802734375,1650.5145263671875,179.00994873046875,242.96475219726562,20250225-154519
245,18446744073709551615,0,0.541015625,709.05224609375,1433.6641845703125,88.19979858398438,116.68121337890625,20250225-154519
245,18446744073709551615,0,0.6435546875,560.75537109375,860.5556030273438,116.08978271484375,199.30911254882812,20250225-154519
245,18446744073709551615,0,0.6494140625,689.1390380859375,1754.1383056640625,90.13568115234375,103.465576171875,20250225-154519
245,18446744073709551615,0,0.6953125,490.7852783203125,618.5370483398438,107.68684387207031,194.10012817382812,20250225-154519
245,18446744073709551615,0,0.712890625,685.963134765625,751.514404296875,68.74337768554688,85.11181640625,20250225-154519
245,18446744073709551615,0,0.7373046875,765.4925537109375,1751.937744140625,167.50433349609375,303.3985290527344,20250225-154519
245,18446744073709551615,0,0.7490234375,666.3927612304688,1573.5128173828125,92.71087646484375,102.59738159179688,20250225-154519
245,18446744073709551615,0,0.783203125,626.7548217773438,1202.8544921875,291.4534606933594,275.7755126953125,20250225-154519
245,18446744073709551615,0,0.79296875,688.7899169921875,1854.95068359375,64.16143798828125,95.032470703125,20250225-154519
245,18446744073709551615,0,0.818359375,609.5641479492188,540.2933349609375,234.31210327148438,258.3831481933594,20250225-154519
245,18446744073709551615,0,0.9384765625,413.47467041015625,0.7379150390625,550.278564453125,657.7120361328125,20250225-154519
245,18446744073709551615,0,0.94189453125,254.29966735839844,584.957275390625,961.4219970703125,815.7608642578125,20250225-154519
246,18446744073709551615,0,0.470703125,709.4789428710938,1432.90966796875,87.82553100585938,113.83438110351562,20250225-154519
246,18446744073709551615,0,0.5224609375,615.0591430664062,1624.349853515625,210.49566650390625,247.94915771484375,20250225-154519
246,18446744073709551615,0,0.556640625,561.5996704101562,860.8131103515625,114.36053466796875,198.26797485351562,20250225-154519
246,18446744073709551615,0,0.6435546875,491.0233154296875,618.6958618164062,107.51348876953125,188.96090698242188,20250225-154519
246,18446744073709551615,0,0.6806640625,686.2430419921875,753.0289306640625,66.8038330078125,85.38363647460938,20250225-154519
246,18446744073709551615,0,0.7041015625,690.1221313476562,1756.4154052734375,88.2008056640625,104.75994873046875,20250225-154519
246,18446744073709551615,0,0.72314453125,666.89111328125,1572.8814697265625,87.37664794921875,101.8157958984375,20250225-154519
246,18446744073709551615,0,0.77978515625,627.0162963867188,1203.3284912109375,291.614501953125,274.8141174316406,20250225-154519
246,18446744073709551615,0,0.7861328125,688.5357055664062,1855.3604736328125,63.709716796875,95.61373901367188,20250225-154519
246,18446744073709551615,0,0.80126953125,765.3577880859375,1750.9398193359375,167.6531982421875,308.1034240722656,20250225-154519
246,18446744073709551615,0,0.83642578125,609.528076171875,541.6314697265625,233.13217163085938,258.2018737792969,20250225-154519
246,18446744073709551615,0,0.94091796875,417.29571533203125,0.707061767578125,554.2142333984375,654.2518310546875,20250225-154519
246,18446744073709551615,0,0.94287109375,255.0592803955078,584.789794921875,960.4645385742188,815.173828125,20250225-154519
247,18446744073709551615,0,0.5048828125,708.6502075195312,1434.5703125,89.84454345703125,115.49331665039062,20250225-154519
247,18446744073709551615,0,0.55908203125,612.6040649414062,1645.2879638671875,186.05419921875,247.04965209960938,20250225-154519
247,18446744073709551615,0,0.56103515625,561.6947021484375,861.3638916015625,115.135986328125,198.35394287109375,20250225-154519
247,18446744073709551615,0,0.63232421875,490.322021484375,618.4283447265625,108.01496887207031,168.55133056640625,20250225-154519
247,18446744073709551615,0,0.6396484375,690.0098876953125,1764.9459228515625,79.70233154296875,104.37332153320312,20250225-154519
247,18446744073709551615,0,0.6982421875,686.01171875,752.6377563476562,67.45024108886719,84.93585205078125,20250225-154519
247,18446744073709551615,0,0.7001953125,666.3687744140625,1571.9967041015625,89.31427001953125,102.83404541015625,20250225-154519
247,18446744073709551615,0,0.75439453125,624.6036987304688,1202.625,286.1820373535156,275.12969970703125,20250225-154519
247,18446744073709551615,0,0.77587890625,764.2930297851562,1752.2698974609375,166.08966064453125,307.2747802734375,20250225-154519
247,18446744073709551615,0,0.78125,688.4925537109375,1855.5303955078125,63.58172607421875,95.56787109375,20250225-154519
247,18446744073709551615,0,0.8427734375,609.4527587890625,542.4420776367188,232.7464599609375,259.48077392578125,20250225-154519
247,18446744073709551615,0,0.93701171875,417.43524169921875,0.903900146484375,556.7470092773438,653.601806640625,20250225-154519
247,18446744073709551615,0,0.94140625,255.2354736328125,585.1703491210938,962.279296875,814.6660766601562,20250225-154519
248,18446744073709551615,0,0.583984375,708.0068359375,1434.97119140625,86.42138671875,116.40948486328125,20250225-154519
248,18446744073709551615,0,0.62255859375,688.5025634765625,1768.7435302734375,75.88055419921875,106.24603271484375,20250225-154519
248,18446744073709551615,0,0.6259765625,611.5869140625,1599.578857421875,230.7550048828125,249.0743408203125,20250225-154519
248,18446744073709551615,0,0.6376953125,490.09735107421875,618.5391845703125,108.12533569335938,169.73062133789062,20250225-154519
248,18446744073709551615,0,0.6494140625,665.2034912109375,1572.059814453125,90.2530517578125,103.9112548828125,20250225-154519
248,18446744073709551615,0,0.71240234375,686.0549926757812,753.5205688476562,67.17279052734375,85.73876953125,20250225-154519
248,18446744073709551615,0,0.72509765625,561.7066040039062,861.8382568359375,113.52438354492188,197.36068725585938,20250225-154519
248,18446744073709551615,0,0.759765625,623.8786010742188,1202.661376953125,283.37860107421875,273.7737121582031,20250225-154519
248,18446744073709551615,0,0.77783203125,688.2861328125,1854.826416015625,64.238525390625,95.32040405273438,20250225-154519
248,18446744073709551615,0,0.79833984375,762.398681640625,1750.995849609375,167.69183349609375,311.24688720703125,20250225-154519
248,18446744073709551615,0,0.8408203125,608.2384643554688,541.0153198242188,232.98660278320312,258.3504638671875,20250225-154519
248,18446744073709551615,0,0.9375,254.885009765625,583.8828735351562,963.0254516601562,814.8717041015625,20250225-154519
248,18446744073709551615,0,0.93994140625,418.222412109375,0.5349884033203125,560.5765380859375,653.160888671875,20250225-154519
249,18446744073709551615,0,0.242919921875,642.3460693359375,528.7095947265625,87.04216003417969,177.826171875,20250225-154519
249,18446744073709551615,0,0.5234375,489.18914794921875,618.8076171875,107.08818054199219,191.06378173828125,20250225-154519
249,18446744073709551615,0,0.5263671875,707.7409057617188,1433.592529296875,93.41610717773438,115.3656005859375,20250225-154519
249,18446744073709551615,0,0.615234375,610.60302734375,1610.180419921875,223.77447509765625,250.46722412109375,20250225-154519
249,18446744073709551615,0,0.681640625,562.4490966796875,861.1705322265625,114.349365234375,196.92800903320312,20250225-154519
249,18446744073709551615,0,0.689453125,688.5737915039062,1766.964111328125,78.41033935546875,106.98733520507812,20250225-154519
249,18446744073709551615,0,0.6953125,664.4752807617188,1572.6697998046875,83.87457275390625,104.1104736328125,20250225-154519
249,18446744073709551615,0,0.7001953125,686.1956787109375,754.4342041015625,66.25515747070312,85.68658447265625,20250225-154519
249,18446744073709551615,0,0.76123046875,769.56591796875,1751.58837890625,167.1064453125,304.5191345214844,20250225-154519
249,18446744073709551615,0,0.78271484375,626.060302734375,1202.12353515625,289.90740966796875,273.3309631347656,20250225-154519
249,18446744073709551615,0,0.787109375,688.5703125,1854.984375,64.13323974609375,95.27810668945312,20250225-154519
249,18446744073709551615,0,0.8408203125,609.015625,541.5357666015625,233.32022094726562,259.23870849609375,20250225-154519
249,18446744073709551615,0,0.93994140625,419.75518798828125,0.56341552734375,563.696533203125,652.01171875,20250225-154519
249,18446744073709551615,0,0.9404296875,255.0453643798828,584.8506469726562,962.433837890625,814.910888671875,20250225-154519
250,18446744073709551615,0,0.275146484375,638.853515625,532.0061645507812,84.82974243164062,179.91952514648438,20250225-154519
250,18446744073709551615,0,0.515625,488.306396484375,620.1524047851562,105.16822814941406,180.12808227539062,20250225-154519
250,18446744073709551615,0,0.56787109375,707.728515625,1433.3228759765625,91.57525634765625,115.41156005859375,20250225-154519
250,18446744073709551615,0,0.64892578125,689.4781494140625,1766.687255859375,77.78759765625,106.28292846679688,20250225-154519
250,18446744073709551615,0,0.68505859375,608.9166259765625,1595.8948974609375,241.721923828125,252.70404052734375,20250225-154519
250,18446744073709551615,0,0.6884765625,562.760009765625,861.5180053710938,116.71426391601562,196.74948120117188,20250225-154519
250,18446744073709551615,0,0.69580078125,685.9231567382812,754.2723388671875,66.24760437011719,85.68209838867188,20250225-154519
250,18446744073709551615,0,0.70556640625,665.0202026367188,1572.10986328125,83.1448974609375,103.0543212890625,20250225-154519
250,18446744073709551615,0,0.78857421875,767.0670776367188,1751.736328125,166.86016845703125,307.0157775878906,20250225-154519
250,18446744073709551615,0,0.7958984375,688.3126831054688,1854.98876953125,64.12664794921875,95.73843383789062,20250225-154519
250,18446744073709551615,0,0.8173828125,624.741943359375,1206.1298828125,280.4190673828125,274.1864318847656,20250225-154519
250,18446744073709551615,0,0.84130859375,610.1643676757812,540.615478515625,233.03924560546875,256.6087646484375,20250225-154519
250,18446744073709551615,0,0.93896484375,420.0787353515625,0.722900390625,565.709716796875,651.0794677734375,20250225-154519
250,18446744073709551615,0,0.94189453125,255.617431640625,584.4865112304688,962.2891845703125,814.2749633789062,20250225-154519
251,18446744073709551615,0,0.4833984375,488.3656311035156,619.6644287109375,105.71955871582031,189.604248046875,20250225-154519
251,18446744073709551615,0,0.5078125,707.4503173828125,1433.967041015625,91.26681518554688,116.22097778320312,20250225-154519
251,18446744073709551615,0,0.60107421875,608.079345703125,1612.0220947265625,218.17694091796875,257.1357421875,20250225-154519
251,18446744073709551615,0,0.6591796875,666.827392578125,1572.260009765625,81.19024658203125,102.10089111328125,20250225-154519
251,18446744073709551615,0,0.66552734375,559.6634521484375,861.4305419921875,114.6287841796875,198.42205810546875,20250225-154519
251,18446744073709551615,0,0.69189453125,690.7534790039062,1764.7913818359375,80.2364501953125,105.28115844726562,20250225-154519
251,18446744073709551615,0,0.69580078125,686.0576171875,753.5742797851562,66.16914367675781,84.80950927734375,20250225-154519
251,18446744073709551615,0,0.759765625,625.6702880859375,1205.968017578125,281.1160583496094,275.0514221191406,20250225-154519
251,18446744073709551615,0,0.7724609375,767.3724975585938,1752.27685546875,166.3311767578125,306.3489990234375,20250225-154519
251,18446744073709551615,0,0.77734375,688.2276611328125,1855.0546875,64.0634765625,96.12908935546875,20250225-154519
251,18446744073709551615,0,0.84521484375,609.328125,540.4312133789062,235.16226196289062,260.2742614746094,20250225-154519
251,18446744073709551615,0,0.93701171875,421.23797607421875,0.5307769775390625,567.6903076171875,650.1953125,20250225-154519
251,18446744073709551615,0,0.93896484375,255.427734375,585.793212890625,958.5781860351562,813.2415161132812,20250225-154519
252,18446744073709551615,0,0.29736328125,636.703857421875,535.93603515625,75.12309265136719,180.68060302734375,20250225-154519
252,18446744073709551615,0,0.42529296875,707.646728515625,1434.04541015625,92.80499267578125,114.9005126953125,20250225-154519
252,18446744073709551615,0,0.4853515625,488.4034423828125,620.0205078125,105.5657958984375,189.47891235351562,20250225-154519
252,18446744073709551615,0,0.60009765625,607.2215576171875,1619.72802734375,211.2374267578125,254.25384521484375,20250225-154519
252,18446744073709551615,0,0.6875,685.7396850585938,753.9075927734375,65.44317626953125,85.00973510742188,20250225-154519
252,18446744073709551615,0,0.69091796875,666.708740234375,1572.0054931640625,78.41180419921875,102.40338134765625,20250225-154519
252,18446744073709551615,0,0.71484375,560.6991577148438,861.2432861328125,114.7921142578125,198.6353759765625,20250225-154519
252,18446744073709551615,0,0.71875,772.1369018554688,1751.6649169921875,167.0167236328125,302.114501953125,20250225-154519
252,18446744073709551615,0,0.73486328125,689.0404052734375,1763.167236328125,81.6522216796875,106.2872314453125,20250225-154519
252,18446744073709551615,0,0.77587890625,626.6905517578125,1205.0531005859375,280.4271240234375,274.2154541015625,20250225-154519
252,18446744073709551615,0,0.7900390625,688.5103759765625,1855.2337646484375,63.87579345703125,96.47772216796875,20250225-154519
252,18446744073709551615,0,0.85009765625,609.8232421875,540.552490234375,235.75836181640625,260.3372497558594,20250225-154519
252,18446744073709551615,0,0.93603515625,421.1022033691406,0.719970703125,568.495849609375,650.7485961914062,20250225-154519
252,18446744073709551615,0,0.9404296875,255.60305786132812,587.5653076171875,957.4011840820312,813.8785400390625,20250225-154519
253,18446744073709551615,0,0.2861328125,633.2059936523438,538.3194580078125,75.03424072265625,182.59149169921875,20250225-154519
253,18446744073709551615,0,0.338134765625,488.85516357421875,607.3143310546875,119.12159729003906,289.59283447265625,20250225-154519
253,18446744073709551615,0,0.420654296875,707.4069213867188,1432.465087890625,94.87655639648438,114.35980224609375,20250225-154519
253,18446744073709551615,0,0.63427734375,666.4072265625,1571.266845703125,76.795166015625,101.8597412109375,20250225-154519
253,18446744073709551615,0,0.6884765625,606.0961303710938,1600.105224609375,215.13372802734375,252.63729858398438,20250225-154519
253,18446744073709551615,0,0.6953125,686.0549926757812,753.7689819335938,65.93632507324219,85.01971435546875,20250225-154519
253,18446744073709551615,0,0.69677734375,559.03466796875,860.7449340820312,112.75790405273438,199.96142578125,20250225-154519
253,18446744073709551615,0,0.7138671875,765.113525390625,1752.6302490234375,166.5369873046875,303.3148498535156,20250225-154519
253,18446744073709551615,0,0.74755859375,688.2725830078125,1756.63818359375,87.8822021484375,107.18325805664062,20250225-154519
253,18446744073709551615,0,0.79296875,688.7085571289062,1854.9287109375,64.1824951171875,95.60733032226562,20250225-154519
253,18446744073709551615,0,0.8125,625.8945922851562,1205.387451171875,281.9051513671875,273.79156494140625,20250225-154519
253,18446744073709551615,0,0.84912109375,609.6654052734375,539.9439697265625,235.91162109375,260.9999084472656,20250225-154519
253,18446744073709551615,0,0.9384765625,421.09368896484375,0.731414794921875,571.7921142578125,650.20361328125,20250225-154519
253,18446744073709551615,0,0.94091796875,255.22943115234375,587.4466552734375,955.468505859375,814.0545043945312,20250225-154519
254,18446744073709551615,0,0.2239990234375,640.2368774414062,538.2127075195312,75.96574401855469,176.61520385742188,20250225-154519
254,18446744073709551615,0,0.291015625,486.992431640625,619.929443359375,107.00408935546875,196.03390502929688,20250225-154519
254,18446744073709551615,0,0.4853515625,707.3863525390625,1434.953369140625,91.3699951171875,116.04034423828125,20250225-154519
254,18446744073709551615,0,0.63330078125,665.6347045898438,1570.196044921875,78.62640380859375,102.29360961914062,20250225-154519
254,18446744073709551615,0,0.6591796875,558.9790649414062,860.0997314453125,113.75042724609375,199.81924438476562,20250225-154519
254,18446744073709551615,0,0.66357421875,603.852783203125,1584.5841064453125,233.63067626953125,255.67108154296875,20250225-154519
254,18446744073709551615,0,0.708984375,686.0546264648438,753.7971801757812,65.90483093261719,84.86068725585938,20250225-154519
254,18446744073709551615,0,0.72265625,766.5098876953125,1752.990966796875,166.270751953125,302.2012939453125,20250225-154519
254,18446744073709551615,0,0.7529296875,688.5640869140625,1754.78466796875,90.25946044921875,107.08758544921875,20250225-154519
254,18446744073709551615,0,0.7939453125,688.4642944335938,1854.6873779296875,64.41961669921875,96.09402465820312,20250225-154519
254,18446744073709551615,0,0.80126953125,625.1217041015625,1204.87548828125,279.9705505371094,271.748291015625,20250225-154519
254,18446744073709551615,0,0.857421875,609.9371337890625,539.6959228515625,236.35400390625,260.3797302246094,20250225-154519
254,18446744073709551615,0,0.9384765625,421.93927001953125,0.573577880859375,573.6231689453125,649.3987426757812,20250225-154519
254,18446744073709551615,0,0.94482421875,255.4350128173828,587.4927978515625,957.0655517578125,814.27294921875,20250225-154519
255,18446744073709551615,0,0.21533203125,640.8048706054688,540.5746459960938,75.72262573242188,168.37060546875,20250225-154519
255,18446744073709551615,0,0.375732421875,486.7489013671875,619.2710571289062,107.73696899414062,188.76113891601562,20250225-154519
255,18446744073709551615,0,0.4130859375,706.6755981445312,1434.748779296875,92.84783935546875,116.3115234375,20250225-154519
255,18446744073709551615,0,0.51953125,602.3353271484375,1585.029052734375,228.1153564453125,253.20602416992188,20250225-154519
255,18446744073709551615,0,0.58984375,557.5743408203125,859.8026123046875,113.13134765625,201.98126220703125,20250225-154519
255,18446744073709551615,0,0.625,665.540771484375,1570.27294921875,76.14312744140625,103.09396362304688,20250225-154519
255,18446744073709551615,0,0.67724609375,769.7713623046875,1752.829833984375,166.430419921875,298.546875,20250225-154519
255,18446744073709551615,0,0.71484375,685.6389770507812,752.3963623046875,67.00314331054688,85.22671508789062,20250225-154519
255,18446744073709551615,0,0.75,689.0820922851562,1751.63818359375,93.67987060546875,105.31356811523438,20250225-154519
255,18446744073709551615,0,0.78857421875,688.685791015625,1855.0382080078125,64.07135009765625,96.27593994140625,20250225-154519
255,18446744073709551615,0,0.79248046875,624.3059692382812,1205.082763671875,288.3644714355469,287.9197082519531,20250225-154519
255,18446744073709551615,0,0.86083984375,610.484619140625,539.2227783203125,237.29571533203125,261.1136169433594,20250225-154519
255,18446744073709551615,0,0.93798828125,422.2430419921875,0.3856658935546875,574.8447265625,649.3009033203125,20250225-154519
255,18446744073709551615,0,0.94189453125,255.974853515625,586.8967895507812,957.8831176757812,813.3524780273438,20250225-154519
256,18446744073709551615,0,0.3056640625,487.12554931640625,618.9991455078125,107.75559997558594,182.62985229492188,20250225-154520
256,18446744073709551615,0,0.318359375,639.8486938476562,540.151611328125,78.15614318847656,167.77029418945312,20250225-154520
256,18446744073709551615,0,0.4697265625,706.5159301757812,1434.065673828125,92.48574829101562,114.73013305664062,20250225-154520
256,18446744073709551615,0,0.56787109375,602.741943359375,1582.06640625,236.16668701171875,256.6981201171875,20250225-154520
256,18446744073709551615,0,0.6533203125,555.622802734375,858.6531372070312,112.90438842773438,204.5240478515625,20250225-154520
256,18446744073709551615,0,0.65673828125,666.5751342773438,1568.82568359375,73.35992431640625,103.15530395507812,20250225-154520
256,18446744073709551615,0,0.72265625,685.9658203125,752.56689453125,67.17558288574219,84.46591186523438,20250225-154520
256,18446744073709551615,0,0.73046875,770.4157104492188,1753.103515625,165.9371337890625,299.98681640625,20250225-154520
256,18446744073709551615,0,0.73388671875,690.4026489257812,1751.2489013671875,92.67864990234375,102.75173950195312,20250225-154520
256,18446744073709551615,0,0.80517578125,625.6395263671875,1205.248779296875,284.03009033203125,280.3172607421875,20250225-154520
256,18446744073709551615,0,0.8056640625,688.763427734375,1855.2542724609375,63.85491943359375,96.41217041015625,20250225-154520
256,18446744073709551615,0,0.85498046875,610.0449829101562,538.3251953125,238.07803344726562,261.5960998535156,20250225-154520
256,18446744073709551615,0,0.9375,422.6942138671875,1.34600830078125,573.1976318359375,648.6256713867188,20250225-154520
256,18446744073709551615,0,0.9443359375,256.3618469238281,586.6869506835938,957.1452026367188,813.0862426757812,20250225-154520
257,18446744073709551615,0,0.302490234375,487.49688720703125,618.7994384765625,108.10075378417969,188.15780639648438,20250225-154520
257,18446744073709551615,0,0.450439453125,707.1143188476562,1435.5780029296875,90.53091430664062,113.52200317382812,20250225-154520
257,18446744073709551615,0,0.60693359375,666.9607543945312,1569.383544921875,69.1688232421875,102.21331787109375,20250225-154520
257,18446744073709551615,0,0.6376953125,553.2513427734375,859.2639770507812,111.95059204101562,207.57412719726562,20250225-154520
257,18446744073709551615,0,0.65478515625,602.8156127929688,1584.7591552734375,235.06878662109375,253.20281982421875,20250225-154520
257,18446744073709551615,0,0.71923828125,685.7359619140625,751.8770141601562,67.6944580078125,84.7042236328125,20250225-154520
257,18446744073709551615,0,0.72802734375,690.3900146484375,1751.1419677734375,93.19921875,103.86978149414062,20250225-154520
257,18446744073709551615,0,0.73095703125,765.4502563476562,1752.9803466796875,166.07208251953125,304.6659851074219,20250225-154520
257,18446744073709551615,0,0.80419921875,688.5276489257812,1854.85205078125,64.253173828125,96.5540771484375,20250225-154520
257,18446744073709551615,0,0.81298828125,626.0996704101562,1205.51513671875,281.4253234863281,274.1278381347656,20250225-154520
257,18446744073709551615,0,0.8466796875,610.6701049804688,538.44384765625,237.39578247070312,260.12347412109375,20250225-154520
257,18446744073709551615,0,0.939453125,422.829345703125,0.5784759521484375,573.89599609375,648.6901245117188,20250225-154520
257,18446744073709551615,0,0.94287109375,255.25094604492188,587.2169189453125,960.0882568359375,813.9510498046875,20250225-154520
258,18446744073709551615,0,0.259765625,487.11053466796875,618.9771728515625,108.98268127441406,187.18789672851562,20250225-154520
258,18446744073709551615,0,0.43408203125,704.6185913085938,1435.78076171875,91.97982788085938,117.41738891601562,20250225-154520
258,18446744073709551615,0,0.537109375,601.3903198242188,1578.0673828125,241.5322265625,257.68487548828125,20250225-154520
258,18446744073709551615,0,0.57470703125,666.6802368164062,1569.3643798828125,70.11932373046875,102.80026245117188,20250225-154520
258,18446744073709551615,0,0.626953125,553.2210693359375,856.8350830078125,114.71566772460938,207.28619384765625,20250225-154520
258,18446744073709551615,0,0.7001953125,770.520263671875,1752.658447265625,166.50494384765625,297.6145935058594,20250225-154520
258,18446744073709551615,0,0.73388671875,685.503662109375,751.8186645507812,67.08430480957031,85.21554565429688,20250225-154520
258,18446744073709551615,0,0.7568359375,689.6500854492188,1751.646728515625,92.7550048828125,103.3817138671875,20250225-154520
258,18446744073709551615,0,0.8017578125,626.0366821289062,1205.630859375,283.69390869140625,278.8832702636719,20250225-154520
258,18446744073709551615,0,0.80908203125,688.60595703125,1855.39306640625,63.7159423828125,96.56451416015625,20250225-154520
258,18446744073709551615,0,0.8515625,610.0090942382812,538.60400390625,236.77587890625,259.9547424316406,20250225-154520
258,18446744073709551615,0,0.94091796875,421.7830810546875,0.5807647705078125,573.2340087890625,650.054443359375,20250225-154520
258,18446744073709551615,0,0.9423828125,255.41656494140625,585.5665283203125,962.1058959960938,814.1691284179688,20250225-154520
259,18446744073709551615,0,0.257568359375,486.8997802734375,617.5928955078125,109.79530334472656,180.64389038085938,20250225-154520
259,18446744073709551615,0,0.26806640625,638.6605224609375,543.2723388671875,71.89425659179688,162.89273071289062,20250225-154520
259,18446744073709551615,0,0.5068359375,704.193603515625,1436.954833984375,88.99282836914062,118.73428344726562,20250225-154520
259,18446744073709551615,0,0.5263671875,665.8524169921875,1569.7100830078125,67.93194580078125,100.16171264648438,20250225-154520
259,18446744073709551615,0,0.6142578125,547.7745361328125,857.7328491210938,111.89190673828125,211.64520263671875,20250225-154520
259,18446744073709551615,0,0.66259765625,601.123779296875,1569.8411865234375,246.32244873046875,259.2421875,20250225-154520
259,18446744073709551615,0,0.712890625,769.9008178710938,1753.115478515625,166.11767578125,300.41363525390625,20250225-154520
259,18446744073709551615,0,0.75146484375,685.9151000976562,752.630126953125,66.41015625,84.81106567382812,20250225-154520
259,18446744073709551615,0,0.76904296875,688.9178466796875,1751.73486328125,92.09527587890625,104.4224853515625,20250225-154520
259,18446744073709551615,0,0.802734375,688.6842041015625,1855.6182861328125,63.488525390625,96.0450439453125,20250225-154520
259,18446744073709551615,0,0.80322265625,625.8004760742188,1206.59033203125,282.3659362792969,276.5631408691406,20250225-154520
259,18446744073709551615,0,0.8564453125,609.8417358398438,539.222900390625,236.16156005859375,259.7425231933594,20250225-154520
259,18446744073709551615,0,0.94189453125,420.8158264160156,0.92889404296875,573.569091796875,650.6171264648438,20250225-154520
259,18446744073709551615,0,0.94287109375,254.8477020263672,586.1170043945312,960.8701171875,815.10791015625,20250225-154520
260,18446744073709551615,0,0.20556640625,487.49395751953125,617.482421875,108.66851806640625,176.60659790039062,20250225-154520
260,18446744073709551615,0,0.279052734375,639.72216796875,544.3065185546875,72.93836975097656,155.19918823242188,20250225-154520
260,18446744073709551615,0,0.4833984375,600.1298217773438,1573.5560302734375,229.4337158203125,185.52951049804688,20250225-154520
260,18446744073709551615,0,0.484375,704.0535278320312,1436.863525390625,90.69241333007812,115.95263671875,20250225-154520
260,18446744073709551615,0,0.56982421875,666.090576171875,1570.150634765625,64.7362060546875,99.53704833984375,20250225-154520
260,18446744073709551615,0,0.67919921875,553.9627685546875,857.87548828125,113.28854370117188,204.27301025390625,20250225-154520
260,18446744073709551615,0,0.7255859375,685.9634399414062,752.3998413085938,66.86018371582031,84.77224731445312,20250225-154520
260,18446744073709551615,0,0.7548828125,769.5686645507812,1751.876220703125,166.70745849609375,304.93231201171875,20250225-154520
260,18446744073709551615,0,0.78857421875,689.0531616210938,1749.066650390625,95.2210693359375,104.98388671875,20250225-154520
260,18446744073709551615,0,0.8173828125,688.87060546875,1855.0067138671875,64.09478759765625,95.89572143554688,20250225-154520
260,18446744073709551615,0,0.822265625,625.810546875,1206.4412841796875,280.1342468261719,271.3439025878906,20250225-154520
260,18446744073709551615,0,0.849609375,609.828369140625,538.6337890625,236.71829223632812,258.4659118652344,20250225-154520
260,18446744073709551615,0,0.94189453125,420.63226318359375,0.542999267578125,574.1130981445312,650.6787109375,20250225-154520
260,18446744073709551615,0,0.94287109375,254.66510009765625,585.4207763671875,960.4921875,815.471923828125,20250225-154520
261,18446744073709551615,0,0.254638671875,487.6575622558594,619.0729370117188,106.29226684570312,187.72613525390625,20250225-154520
261,18446744073709551615,0,0.3115234375,643.950439453125,545.678955078125,73.47715759277344,152.16952514648438,20250225-154520
261,18446744073709551615,0,0.4560546875,600.8763427734375,1570.8564453125,243.4112548828125,251.88665771484375,20250225-154520
261,18446744073709551615,0,0.50390625,665.824462890625,1569.95068359375,68.57501220703125,100.7490234375,20250225-154520
261,18446744073709551615,0,0.5146484375,703.6759643554688,1437.5198974609375,90.83331298828125,114.53961181640625,20250225-154520
261,18446744073709551615,0,0.60595703125,553.9500732421875,856.967529296875,113.45013427734375,206.17446899414062,20250225-154520
261,18446744073709551615,0,0.72705078125,686.1043701171875,752.3834228515625,67.22781372070312,84.4815673828125,20250225-154520
261,18446744073709551615,0,0.7470703125,769.2760620117188,1752.03857421875,166.5347900390625,304.6033630371094,20250225-154520
261,18446744073709551615,0,0.7841796875,689.2623291015625,1749.9554443359375,93.42864990234375,104.82403564453125,20250225-154520
261,18446744073709551615,0,0.8115234375,625.794677734375,1206.928955078125,282.8165588378906,272.55194091796875,20250225-154520
261,18446744073709551615,0,0.8154296875,688.795166015625,1854.69287109375,64.41339111328125,96.2991943359375,20250225-154520
261,18446744073709551615,0,0.84375,610.095458984375,538.5781860351562,236.71554565429688,258.3079833984375,20250225-154520
261,18446744073709551615,0,0.9404296875,419.36151123046875,0.72711181640625,572.5986328125,651.803466796875,20250225-154520
261,18446744073709551615,0,0.94384765625,255.4197235107422,585.0146484375,959.6145629882812,814.6072998046875,20250225-154520
262,18446744073709551615,0,0.2509765625,646.18212890625,546.9530029296875,70.64103698730469,147.17221069335938,20250225-154520
262,18446744073709551615,0,0.501953125,487.18817138671875,619.70068359375,105.57508850097656,163.2103271484375,20250225-154520
262,18446744073709551615,0,0.521484375,703.7385864257812,1438.0167236328125,91.3787841796875,117.74560546875,20250225-154520
262,18446744073709551615,0,0.5498046875,666.5626831054688,1567.7845458984375,67.9163818359375,100.80386352539062,20250225-154520
262,18446744073709551615,0,0.57861328125,600.8413696289062,1569.0439453125,244.2645263671875,258.6600036621094,20250225-154520
262,18446744073709551615,0,0.61865234375,552.5621337890625,855.989501953125,111.14108276367188,207.33755493164062,20250225-154520
262,18446744073709551615,0,0.6611328125,770.1740112304688,1753.462158203125,165.7939453125,298.4286804199219,20250225-154520
262,18446744073709551615,0,0.7294921875,686.4217529296875,752.3388061523438,66.91937255859375,84.1790771484375,20250225-154520
262,18446744073709551615,0,0.76953125,689.974609375,1746.1929931640625,97.64117431640625,104.1053466796875,20250225-154520
262,18446744073709551615,0,0.81005859375,625.7294311523438,1206.88525390625,284.115966796875,272.16192626953125,20250225-154520
262,18446744073709551615,0,0.81298828125,688.7144165039062,1853.586181640625,65.3536376953125,97.57351684570312,20250225-154520
262,18446744073709551615,0,0.8447265625,610.1436767578125,539.4354248046875,235.13241577148438,258.1299133300781,20250225-154520
262,18446744073709551615,0,0.94091796875,419.04803466796875,0.3693695068359375,571.5360107421875,653.1461181640625,20250225-154520
262,18446744073709551615,0,0.943359375,255.22906494140625,584.4173583984375,961.352783203125,814.910888671875,20250225-154520
263,18446744073709551615,0,0.31396484375,487.5450439453125,619.9398193359375,105.12043762207031,168.82040405273438,20250225-154520
263,18446744073709551615,0,0.482421875,703.6235961914062,1434.54541015625,94.72320556640625,117.4134521484375,20250225-154520
263,18446744073709551615,0,0.5380859375,666.8997802734375,1567.7076416015625,65.677001953125,99.931640625,20250225-154520
263,18446744073709551615,0,0.56884765625,601.0372924804688,1569.532470703125,239.95404052734375,259.44085693359375,20250225-154520
263,18446744073709551615,0,0.65234375,553.2006225585938,854.9899291992188,114.84915161132812,208.38327026367188,20250225-154520
263,18446744073709551615,0,0.6875,773.5902099609375,1752.5927734375,166.6614990234375,295.29949951171875,20250225-154520
263,18446744073709551615,0,0.74755859375,686.23388671875,752.2491455078125,66.78730773925781,85.06668090820312,20250225-154520
263,18446744073709551615,0,0.76708984375,689.8848876953125,1748.1500244140625,96.11480712890625,105.27685546875,20250225-154520
263,18446744073709551615,0,0.8037109375,625.799072265625,1206.143798828125,283.5588684082031,273.76702880859375,20250225-154520
263,18446744073709551615,0,0.82763671875,688.664306640625,1853.218505859375,65.67425537109375,98.0712890625,20250225-154520
263,18446744073709551615,0,0.84716796875,609.038818359375,539.14892578125,236.44024658203125,259.14349365234375,20250225-154520
263,18446744073709551615,0,0.9404296875,418.7540588378906,0.377288818359375,570.2411499023438,653.3886108398438,20250225-154520
263,18446744073709551615,0,0.9423828125,255.052734375,585.049072265625,960.89208984375,815.0421752929688,20250225-154520
264,18446744073709551615,0,0.437744140625,487.64373779296875,620.2783813476562,104.64779663085938,167.81826782226562,20250225-154520
264,18446744073709551615,0,0.478515625,666.5213012695312,1565.3660888671875,69.25799560546875,101.31051635742188,20250225-154520
264,18446744073709551615,0,0.48828125,703.27783203125,1430.4501953125,98.71224975585938,117.41876220703125,20250225-154520
264,18446744073709551615,0,0.56396484375,600.65869140625,1566.544677734375,247.486083984375,259.484619140625,20250225-154520
264,18446744073709551615,0,0.6279296875,493.00213623046875,853.5525512695312,117.24160766601562,268.365966796875,20250225-154520
264,18446744073709551615,0,0.72412109375,774.2836303710938,1752.2537841796875,166.33209228515625,299.79254150390625,20250225-154520
264,18446744073709551615,0,0.72802734375,686.4224853515625,752.4522705078125,67.28668212890625,84.74276733398438,20250225-154520
264,18446744073709551615,0,0.77099609375,689.5684204101562,1745.199462890625,98.59991455078125,104.67855834960938,20250225-154520
264,18446744073709551615,0,0.81298828125,625.5503540039062,1206.3876953125,283.4711608886719,272.8409729003906,20250225-154520
264,18446744073709551615,0,0.81982421875,688.6424560546875,1854.93798828125,64.163818359375,96.70687866210938,20250225-154520
264,18446744073709551615,0,0.845703125,608.7943115234375,537.95556640625,236.88235473632812,258.84649658203125,20250225-154520
264,18446744073709551615,0,0.93798828125,417.27667236328125,0.373626708984375,568.1624755859375,654.0748901367188,20250225-154520
264,18446744073709551615,0,0.94482421875,255.41995239257812,586.163330078125,959.9505615234375,814.9389038085938,20250225-154520
265,18446744073709551615,0,0.309814453125,487.1488037109375,619.2741088867188,105.0992431640625,179.75161743164062,20250225-154520
265,18446744073709551615,0,0.447509765625,665.5660400390625,1563.3232421875,70.723388671875,102.33013916015625,20250225-154520
265,18446744073709551615,0,0.5,600.347900390625,1564.8804931640625,247.33612060546875,261.8555603027344,20250225-154520
265,18446744073709551615,0,0.50390625,702.2711181640625,1434.614501953125,94.22854614257812,121.1693115234375,20250225-154520
265,18446744073709551615,0,0.62060546875,494.9215393066406,852.8162841796875,117.07168579101562,267.9364013671875,20250225-154520
265,18446744073709551615,0,0.6884765625,773.1334228515625,1753.1904296875,166.0645751953125,295.47308349609375,20250225-154520
265,18446744073709551615,0,0.7255859375,686.5108642578125,752.7470703125,66.90458679199219,84.96734619140625,20250225-154520
265,18446744073709551615,0,0.779296875,689.1356201171875,1746.064453125,97.47381591796875,105.77874755859375,20250225-154520
265,18446744073709551615,0,0.806640625,624.42724609375,1206.8402099609375,282.69964599609375,273.7694091796875,20250225-154520
265,18446744073709551615,0,0.81298828125,688.76025390625,1855.06982421875,64.077392578125,96.4852294921875,20250225-154520
265,18446744073709551615,0,0.841796875,609.6703491210938,538.04296875,236.0408935546875,259.04901123046875,20250225-154520
265,18446744073709551615,0,0.9375,416.87933349609375,0.3753662109375,566.7327880859375,654.5369873046875,20250225-154520
265,18446744073709551615,0,0.9443359375,255.23309326171875,586.133544921875,960.015380859375,814.9652709960938,20250225-154520
266,18446744073709551615,0,0.43212890625,599.861083984375,1563.6961669921875,249.06646728515625,262.18780517578125,20250225-154520
266,18446744073709551615,0,0.4990234375,665.2483520507812,1563.6053466796875,68.36151123046875,101.76058959960938,20250225-154520
266,18446744073709551615,0,0.505859375,487.21728515625,619.4940185546875,104.27888488769531,172.34463500976562,20250225-154520
266,18446744073709551615,0,0.583984375,701.338623046875,1435.578369140625,92.42156982421875,120.88211059570312,20250225-154520
266,18446744073709551615,0,0.63525390625,488.64093017578125,852.4259033203125,118.21133422851562,275.3284606933594,20250225-154520
266,18446744073709551615,0,0.689453125,774.1473999023438,1752.8323974609375,166.33209228515625,294.83551025390625,20250225-154520
266,18446744073709551615,0,0.71923828125,686.3765258789062,752.3812866210938,66.6082763671875,84.56231689453125,20250225-154520
266,18446744073709551615,0,0.775390625,689.1478271484375,1741.4725341796875,102.59307861328125,105.42013549804688,20250225-154520
266,18446744073709551615,0,0.81640625,688.8201904296875,1855.1539306640625,64.04058837890625,96.70989990234375,20250225-154520
266,18446744073709551615,0,0.8193359375,625.0982666015625,1205.7154541015625,283.3422546386719,273.64306640625,20250225-154520
266,18446744073709551615,0,0.84765625,608.6559448242188,537.50830078125,237.05584716796875,260.2696838378906,20250225-154520
266,18446744073709551615,0,0.939453125,414.9527893066406,0.933380126953125,564.39794921875,656.2115478515625,20250225-154520
266,18446744073709551615,0,0.9443359375,255.04220581054688,586.9075927734375,959.2106323242188,815.0355834960938,20250225-154520
267,18446744073709551615,0,0.415771484375,600.4039306640625,1563.06591796875,251.20513916015625,263.5794982910156,20250225-154520
267,18446744073709551615,0,0.5029296875,666.1343994140625,1561.19482421875,70.3099365234375,103.32614135742188,20250225-154520
267,18446744073709551615,0,0.5546875,487.2945556640625,619.7537231445312,103.21261596679688,175.55209350585938,20250225-154520
267,18446744073709551615,0,0.60595703125,701.0542602539062,1435.7882080078125,94.55667114257812,120.68572998046875,20250225-154520
267,18446744073709551615,0,0.6279296875,486.54071044921875,852.13916015625,117.41519165039062,277.5121765136719,20250225-154520
267,18446744073709551615,0,0.71630859375,686.5534057617188,752.1256713867188,67.49176025390625,84.15335083007812,20250225-154520
267,18446744073709551615,0,0.7294921875,773.7800903320312,1753.248779296875,165.91058349609375,294.9233093261719,20250225-154520
267,18446744073709551615,0,0.7685546875,624.51123046875,1206.67431640625,284.4663391113281,275.0962829589844,20250225-154520
267,18446744073709551615,0,0.77587890625,688.9597778320312,1731.8974609375,112.0491943359375,105.49813842773438,20250225-154520
267,18446744073709551615,0,0.822265625,688.6792602539062,1855.1539306640625,63.95068359375,96.41976928710938,20250225-154520
267,18446744073709551615,0,0.8447265625,610.3178100585938,537.8990478515625,237.12213134765625,259.05120849609375,20250225-154520
267,18446744073709551615,0,0.94091796875,414.601318359375,0.7437744140625,562.4742431640625,656.9547729492188,20250225-154520
267,18446744073709551615,0,0.9423828125,254.87393188476562,586.9229736328125,959.9269409179688,814.98046875,20250225-154520
268,18446744073709551615,0,0.403564453125,599.9033203125,1563.149169921875,256.0198974609375,264.352294921875,20250225-154520
268,18446744073709551615,0,0.5224609375,486.9613952636719,619.2592163085938,104.20303344726562,179.375244140625,20250225-154520
268,18446744073709551615,0,0.5263671875,666.293701171875,1560.9957275390625,71.203857421875,104.1903076171875,20250225-154520
268,18446744073709551615,0,0.56298828125,701.1727294921875,1436.0283203125,94.758544921875,119.55697631835938,20250225-154520
268,18446744073709551615,0,0.67138671875,626.6574096679688,1207.9609375,303.2381286621094,278.9366455078125,20250225-154520
268,18446744073709551615,0,0.705078125,686.7833862304688,752.043701171875,67.25537109375,84.23895263671875,20250225-154520
268,18446744073709551615,0,0.712890625,480.86444091796875,850.6638793945312,119.77139282226562,284.2294006347656,20250225-154520
268,18446744073709551615,0,0.75439453125,772.9195556640625,1752.01416015625,166.60693359375,301.3319091796875,20250225-154520
268,18446744073709551615,0,0.77587890625,690.0489501953125,1728.306884765625,115.64483642578125,104.2232666015625,20250225-154520
268,18446744073709551615,0,0.806640625,688.36669921875,1855.12548828125,63.9744873046875,97.38510131835938,20250225-154520
268,18446744073709551615,0,0.84375,610.09716796875,537.22705078125,237.48184204101562,258.42974853515625,20250225-154520
268,18446744073709551615,0,0.93701171875,412.4858093261719,0.7434539794921875,559.6876220703125,659.0716552734375,20250225-154520
268,18446744073709551615,0,0.9384765625,255.40457153320312,585.0020141601562,962.1243896484375,814.5908203125,20250225-154520
269,18446744073709551615,0,0.442626953125,600.2291259765625,1561.2322998046875,258.89263916015625,261.77435302734375,20250225-154520
269,18446744073709551615,0,0.4912109375,665.8130493164062,1558.0792236328125,70.05926513671875,105.01675415039062,20250225-154520
269,18446744073709551615,0,0.5205078125,486.51141357421875,620.1514892578125,103.47468566894531,180.07022094726562,20250225-154520
269,18446744073709551615,0,0.60400390625,701.1043701171875,1437.7166748046875,92.71591186523438,119.58489990234375,20250225-154520
269,18446744073709551615,0,0.642578125,626.353271484375,1206.947265625,300.9818115234375,279.4413757324219,20250225-154520
269,18446744073709551615,0,0.6943359375,686.86962890625,751.7078247070312,67.55694580078125,84.0245361328125,20250225-154520
269,18446744073709551615,0,0.744140625,479.4605712890625,850.6836547851562,119.75436401367188,282.8656311035156,20250225-154520
269,18446744073709551615,0,0.75927734375,774.5936279296875,1752.486328125,166.11712646484375,299.2980651855469,20250225-154520
269,18446744073709551615,0,0.7890625,690.0360717773438,1729.789306640625,113.95111083984375,104.30328369140625,20250225-154520
269,18446744073709551615,0,0.802734375,688.27783203125,1855.1949462890625,63.9151611328125,96.8331298828125,20250225-154520
269,18446744073709551615,0,0.84033203125,609.4396362304688,538.0848388671875,237.279052734375,258.5852966308594,20250225-154520
269,18446744073709551615,0,0.939453125,409.4659423828125,1.644744873046875,558.2605590820312,661.5291748046875,20250225-154520
269,18446744073709551615,0,0.9443359375,256.5054931640625,586.4915771484375,955.1282958984375,812.5343627929688,20250225-154520
270,18446744073709551615,0,0.446533203125,487.4600830078125,619.2035522460938,104.01054382324219,184.55776977539062,20250225-154520
270,18446744073709551615,0,0.478515625,666.0234375,1555.370849609375,74.23095703125,103.94384765625,20250225-154520
270,18446744073709551615,0,0.60693359375,599.4951171875,1557.2113037109375,261.5145263671875,262.43243408203125,20250225-154520
270,18446744073709551615,0,0.6943359375,775.55712890625,1751.600830078125,167.404541015625,296.0896911621094,20250225-154520
270,18446744073709551615,0,0.705078125,699.8237915039062,1438.829833984375,90.8741455078125,123.53201293945312,20250225-154520
270,18446744073709551615,0,0.71142578125,624.1904296875,1209.166015625,282.292236328125,277.7011413574219,20250225-154520
270,18446744073709551615,0,0.7265625,686.77294921875,752.4472045898438,66.32794189453125,83.81863403320312,20250225-154520
270,18446744073709551615,0,0.75830078125,689.9642944335938,1738.873046875,104.9322509765625,103.94869995117188,20250225-154520
270,18446744073709551615,0,0.77734375,475.9346923828125,850.4359130859375,119.61785888671875,286.3109436035156,20250225-154520
270,18446744073709551615,0,0.802734375,688.3720092773438,1855.208740234375,63.941162109375,96.56982421875,20250225-154520
270,18446744073709551615,0,0.83740234375,609.7062377929688,537.2694091796875,237.89511108398438,258.3600769042969,20250225-154520
270,18446744073709551615,0,0.93896484375,255.9605712890625,583.7255859375,963.3920288085938,813.9351196289062,20250225-154520
270,18446744073709551615,0,0.94091796875,407.6898193359375,1.6483612060546875,555.029541015625,663.3878173828125,20250225-154520
271,18446744073709551615,0,0.440673828125,486.71978759765625,618.5973510742188,104.94287109375,190.37164306640625,20250225-154520
271,18446744073709551615,0,0.4580078125,665.301513671875,1554.9027099609375,78.6412353515625,104.91888427734375,20250225-154520
271,18446744073709551615,0,0.4873046875,599.177978515625,1557.69580078125,264.96771240234375,261.037353515625,20250225-154520
271,18446744073709551615,0,0.67333984375,624.4656372070312,1204.443603515625,287.6521911621094,275.6849670410156,20250225-154520
271,18446744073709551615,0,0.70166015625,774.1543579101562,1753.36181640625,165.6851806640625,296.3317565917969,20250225-154520
271,18446744073709551615,0,0.736328125,686.8172607421875,752.0074462890625,66.80905151367188,83.83401489257812,20250225-154520
271,18446744073709551615,0,0.7431640625,699.7157592773438,1438.4124755859375,91.23046875,120.47552490234375,20250225-154520
271,18446744073709551615,0,0.74609375,689.0374145507812,1721.3082275390625,122.02972412109375,104.13812255859375,20250225-154520
271,18446744073709551615,0,0.798828125,473.91961669921875,850.2886962890625,120.31988525390625,287.34832763671875,20250225-154520
271,18446744073709551615,0,0.80908203125,688.3916015625,1855.333984375,63.7763671875,96.53265380859375,20250225-154520
271,18446744073709551615,0,0.84912109375,609.8809204101562,537.3594970703125,238.295654296875,258.6746520996094,20250225-154520
271,18446744073709551615,0,0.9384765625,256.15704345703125,584.247802734375,962.6793823242188,813.8168334960938,20250225-154520
271,18446744073709551615,0,0.9384765625,407.20440673828125,1.280914306640625,554.89697265625,663.5626831054688,20250225-154520
272,18446744073709551615,0,0.42626953125,487.70635986328125,618.39697265625,105.26078796386719,188.91018676757812,20250225-154520
272,18446744073709551615,0,0.5263671875,666.896484375,1554.8822021484375,74.253662109375,103.02630615234375,20250225-154520
272,18446744073709551615,0,0.65576171875,599.4215698242188,1557.96240234375,262.1070556640625,263.310791015625,20250225-154520
272,18446744073709551615,0,0.66015625,700.14306640625,1438.6043701171875,90.79568481445312,124.5985107421875,20250225-154520
272,18446744073709551615,0,0.66455078125,771.29736328125,1753.359375,165.794677734375,299.1803283691406,20250225-154520
272,18446744073709551615,0,0.72021484375,624.4332275390625,1207.487060546875,284.8546142578125,278.7226867675781,20250225-154520
272,18446744073709551615,0,0.736328125,686.4618530273438,752.3475341796875,66.59884643554688,84.43661499023438,20250225-154520
272,18446744073709551615,0,0.74609375,690.365234375,1725.7005615234375,118.505126953125,103.5303955078125,20250225-154520
272,18446744073709551615,0,0.80810546875,473.1661376953125,849.9012451171875,122.37020874023438,289.88360595703125,20250225-154520
272,18446744073709551615,0,0.82080078125,687.970458984375,1855.2392578125,63.86260986328125,96.91644287109375,20250225-154520
272,18446744073709551615,0,0.845703125,610.075927734375,537.224853515625,238.226806640625,260.3835754394531,20250225-154520
272,18446744073709551615,0,0.94140625,255.83953857421875,587.2461547851562,959.7432861328125,814.2366943359375,20250225-154520
272,18446744073709551615,0,0.9423828125,407.13153076171875,1.46722412109375,554.0369873046875,663.7569580078125,20250225-154520
273,18446744073709551615,0,0.494140625,666.454833984375,1555.038818359375,76.1806640625,103.67385864257812,20250225-154520
273,18446744073709551615,0,0.5439453125,700.4337158203125,1437.6484375,93.14035034179688,118.6973876953125,20250225-154520
273,18446744073709551615,0,0.68359375,766.068603515625,1753.253662109375,165.999755859375,302.6348876953125,20250225-154520
273,18446744073709551615,0,0.7041015625,599.8035278320312,1558.21484375,259.1356201171875,262.9750671386719,20250225-154520
273,18446744073709551615,0,0.716796875,686.6015625,752.0826416015625,67.99749755859375,84.56689453125,20250225-154520
273,18446744073709551615,0,0.7822265625,690.4542236328125,1736.9952392578125,106.33172607421875,103.141845703125,20250225-154520
273,18446744073709551615,0,0.8037109375,471.6324462890625,849.0472412109375,123.9884033203125,291.3424987792969,20250225-154520
273,18446744073709551615,0,0.80419921875,624.257080078125,1208.9483642578125,287.36279296875,277.02081298828125,20250225-154520
273,18446744073709551615,0,0.830078125,688.8469848632812,1855.177001953125,63.8668212890625,95.3843994140625,20250225-154520
273,18446744073709551615,0,0.83935546875,610.1229858398438,538.40673828125,236.56338500976562,257.8465576171875,20250225-154520
273,18446744073709551615,0,0.93994140625,407.11614990234375,1.2868194580078125,553.3463134765625,664.3387451171875,20250225-154520
273,18446744073709551615,0,0.94287109375,255.6185302734375,586.1533813476562,961.254638671875,814.3148803710938,20250225-154520
274,18446744073709551615,0,0.22265625,487.9882507324219,614.667236328125,110.45599365234375,204.718505859375,20250225-154520
274,18446744073709551615,0,0.452392578125,666.50244140625,1555.3209228515625,77.29888916015625,104.82852172851562,20250225-154520
274,18446744073709551615,0,0.61962890625,700.0609130859375,1438.9271240234375,91.76934814453125,118.36935424804688,20250225-154520
274,18446744073709551615,0,0.63232421875,599.501953125,1559.101318359375,260.6956787109375,264.20361328125,20250225-154520
274,18446744073709551615,0,0.669921875,768.0631713867188,1753.554931640625,165.51324462890625,302.5042419433594,20250225-154520
274,18446744073709551615,0,0.689453125,686.464111328125,751.4146728515625,67.75177001953125,84.50225830078125,20250225-154520
274,18446744073709551615,0,0.765625,690.55078125,1723.1876220703125,120.62896728515625,102.62246704101562,20250225-154520
274,18446744073709551615,0,0.78662109375,623.9939575195312,1210.8798828125,283.2249755859375,281.070556640625,20250225-154520
274,18446744073709551615,0,0.79931640625,688.7156982421875,1855.329345703125,63.76300048828125,95.65274047851562,20250225-154520
274,18446744073709551615,0,0.82568359375,472.310302734375,847.986328125,125.74200439453125,291.8603210449219,20250225-154520
274,18446744073709551615,0,0.83935546875,610.1757202148438,538.64111328125,236.77569580078125,258.0387268066406,20250225-154520
274,18446744073709551615,0,0.94091796875,406.4523010253906,1.0884246826171875,552.1646728515625,664.9443969726562,20250225-154520
274,18446744073709551615,0,0.94140625,255.81005859375,585.7489013671875,962.187744140625,814.1260986328125,20250225-154520
275,18446744073709551615,0,0.2330322265625,488.2412109375,614.3809814453125,109.93949890136719,204.77105712890625,20250225-154520
275,18446744073709551615,0,0.4951171875,665.7976684570312,1555.7802734375,76.9207763671875,105.19381713867188,20250225-154520
275,18446744073709551615,0,0.59619140625,779.713623046875,1751.7799072265625,167.41973876953125,292.3246765136719,20250225-154520
275,18446744073709551615,0,0.638671875,699.3548583984375,1441.5614013671875,89.282958984375,125.2767333984375,20250225-154520
275,18446744073709551615,0,0.67919921875,599.0535278320312,1559.499267578125,262.960693359375,263.56146240234375,20250225-154520
275,18446744073709551615,0,0.712890625,686.55419921875,752.2592163085938,66.10029602050781,84.42095947265625,20250225-154520
275,18446744073709551615,0,0.76220703125,689.953857421875,1727.3536376953125,116.247802734375,102.14273071289062,20250225-154520
275,18446744073709551615,0,0.81396484375,688.674560546875,1855.5098876953125,63.58978271484375,95.7041015625,20250225-154520
275,18446744073709551615,0,0.81640625,622.95703125,1211.348388671875,282.2520446777344,278.7858581542969,20250225-154520
275,18446744073709551615,0,0.81884765625,468.99334716796875,847.55419921875,125.30914306640625,293.4009704589844,20250225-154520
275,18446744073709551615,0,0.84765625,610.23046875,537.4850463867188,237.9638671875,258.7856140136719,20250225-154520
275,18446744073709551615,0,0.93994140625,405.29351806640625,1.4638824462890625,550.51025390625,666.0745849609375,20250225-154520
275,18446744073709551615,0,0.94384765625,255.99517822265625,585.0514526367188,962.4083862304688,814.0911254882812,20250225-154520
276,18446744073709551615,0,0.2288818359375,487.76824951171875,615.7490844726562,106.4315185546875,182.56631469726562,20250225-154520
276,18446744073709551615,0,0.47265625,665.7438354492188,1555.705322265625,75.8148193359375,104.40060424804688,20250225-154520
276,18446744073709551615,0,0.6279296875,701.3631591796875,1442.599609375,87.05941772460938,121.4637451171875,20250225-154520
276,18446744073709551615,0,0.67236328125,767.9615478515625,1753.3267822265625,165.84649658203125,300.8204040527344,20250225-154520
276,18446744073709551615,0,0.7138671875,686.4234008789062,752.3179321289062,66.27886962890625,84.0234375,20250225-154520
276,18446744073709551615,0,0.73486328125,599.2177734375,1558.8310546875,263.33843994140625,261.0560302734375,20250225-154520
276,18446744073709551615,0,0.75048828125,690.19873046875,1729.20703125,114.53302001953125,103.21893310546875,20250225-154520
276,18446744073709551615,0,0.81591796875,622.4522094726562,1211.504638671875,280.90740966796875,287.92913818359375,20250225-154520
276,18446744073709551615,0,0.8232421875,688.6790771484375,1854.0955810546875,64.88433837890625,96.4127197265625,20250225-154520
276,18446744073709551615,0,0.83154296875,468.1190185546875,847.6481323242188,126.74871826171875,294.0292053222656,20250225-154520
276,18446744073709551615,0,0.8515625,609.1726684570312,537.671875,237.83963012695312,259.5705871582031,20250225-154520
276,18446744073709551615,0,0.94287109375,404.86138916015625,1.2703857421875,548.680419921875,666.3407592773438,20250225-154520
276,18446744073709551615,0,0.94384765625,255.44091796875,584.8843994140625,962.923095703125,814.424560546875,20250225-154520
277,18446744073709551615,0,0.21728515625,487.6929016113281,614.322021484375,107.44679260253906,183.19537353515625,20250225-154520
277,18446744073709551615,0,0.42724609375,665.5226440429688,1555.552001953125,77.9293212890625,105.11224365234375,20250225-154520
277,18446744073709551615,0,0.61962890625,701.2928466796875,1443.224609375,84.6251220703125,122.17648315429688,20250225-154520
277,18446744073709551615,0,0.63525390625,769.7611083984375,1753.646728515625,165.6207275390625,298.9289245605469,20250225-154520
277,18446744073709551615,0,0.642578125,598.587890625,1558.7281494140625,274.06329345703125,263.85589599609375,20250225-154520
277,18446744073709551615,0,0.7001953125,686.2393798828125,751.9828491210938,66.6053466796875,83.79739379882812,20250225-154520
277,18446744073709551615,0,0.73876953125,689.28515625,1722.224609375,121.302978515625,102.84823608398438,20250225-154520
277,18446744073709551615,0,0.80078125,622.6256103515625,1212.3629150390625,278.764892578125,289.6395263671875,20250225-154520
277,18446744073709551615,0,0.8115234375,468.7176818847656,847.4426879882812,125.79611206054688,293.77606201171875,20250225-154520
277,18446744073709551615,0,0.82080078125,688.1817626953125,1855.471923828125,63.5709228515625,95.60403442382812,20250225-154520
277,18446744073709551615,0,0.845703125,609.0038452148438,538.72119140625,236.5015869140625,260.1054382324219,20250225-154520
277,18446744073709551615,0,0.93896484375,404.54022216796875,1.0728607177734375,545.9454345703125,666.6868896484375,20250225-154520
277,18446744073709551615,0,0.9423828125,255.62503051757812,585.4099731445312,962.7346801757812,814.1123657226562,20250225-154520
278,18446744073709551615,0,0.448486328125,666.226318359375,1553.923828125,77.38824462890625,103.88983154296875,20250225-154520
278,18446744073709551615,0,0.638671875,771.8709716796875,1753.54443359375,165.7181396484375,297.29937744140625,20250225-154520
278,18446744073709551615,0,0.67919921875,700.75830078125,1444.0257568359375,87.45108032226562,120.2025146484375,20250225-154520
278,18446744073709551615,0,0.69921875,598.6686401367188,1556.607666015625,270.564697265625,263.5674133300781,20250225-154520
278,18446744073709551615,0,0.7099609375,686.013916015625,752.312744140625,66.22860717773438,84.9246826171875,20250225-154520
278,18446744073709551615,0,0.71044921875,689.7606811523438,1736.36865234375,108.2471923828125,105.18466186523438,20250225-154520
278,18446744073709551615,0,0.81005859375,622.3196411132812,1210.8115234375,280.5279235839844,283.5788269042969,20250225-154520
278,18446744073709551615,0,0.810546875,688.0475463867188,1855.8681640625,63.18603515625,95.63882446289062,20250225-154520
278,18446744073709551615,0,0.8251953125,468.26751708984375,848.5103759765625,124.53451538085938,294.0526428222656,20250225-154520
278,18446744073709551615,0,0.84521484375,609.8611450195312,538.7221069335938,236.38330078125,261.0973205566406,20250225-154520
278,18446744073709551615,0,0.9365234375,404.2470703125,1.073089599609375,542.9617919921875,666.705078125,20250225-154520
278,18446744073709551615,0,0.9404296875,256.18524169921875,585.6185302734375,963.07763671875,813.6787719726562,20250225-154520
279,18446744073709551615,0,0.4794921875,666.2067260742188,1558.7384033203125,80.23516845703125,101.90927124023438,20250225-154520
279,18446744073709551615,0,0.640625,701.5343627929688,1445.9482421875,84.33096313476562,123.63986206054688,20250225-154520
279,18446744073709551615,0,0.6533203125,598.3460083007812,1559.8399658203125,266.82257080078125,264.93804931640625,20250225-154520
279,18446744073709551615,0,0.66015625,770.5274658203125,1753.77978515625,165.27667236328125,299.83740234375,20250225-154520
279,18446744073709551615,0,0.69580078125,686.3820190429688,751.0126953125,68.06474304199219,84.51864624023438,20250225-154520
279,18446744073709551615,0,0.7080078125,689.8060913085938,1738.0107421875,105.61834716796875,104.97848510742188,20250225-154520
279,18446744073709551615,0,0.7890625,623.1470947265625,1209.5255126953125,280.43609619140625,284.9806823730469,20250225-154520
279,18446744073709551615,0,0.79638671875,468.80548095703125,848.9251098632812,124.69143676757812,295.4173278808594,20250225-154520
279,18446744073709551615,0,0.810546875,688.39208984375,1855.75,63.298095703125,95.3939208984375,20250225-154520
279,18446744073709551615,0,0.841796875,610.0345458984375,538.8656616210938,236.51266479492188,260.74896240234375,20250225-154520
279,18446744073709551615,0,0.93701171875,403.08563232421875,0.907379150390625,538.36328125,667.8856201171875,20250225-154520
279,18446744073709551615,0,0.94189453125,256.9256286621094,585.8104248046875,962.6680297851562,812.9049682617188,20250225-154520
280,18446744073709551615,0,0.452392578125,666.9349365234375,1559.084228515625,79.3612060546875,101.60247802734375,20250225-154520
280,18446744073709551615,0,0.63330078125,699.4854125976562,1446.168701171875,83.27865600585938,125.42495727539062,20250225-154520
280,18446744073709551615,0,0.6611328125,773.335693359375,1753.423095703125,165.84320068359375,295.5522766113281,20250225-154520
280,18446744073709551615,0,0.6875,597.8809204101562,1558.793701171875,266.75994873046875,265.188720703125,20250225-154520
280,18446744073709551615,0,0.69677734375,686.1053466796875,752.2669677734375,66.80863952636719,84.69232177734375,20250225-154520
280,18446744073709551615,0,0.7333984375,690.2774658203125,1731.809326171875,111.68280029296875,102.849609375,20250225-154520
280,18446744073709551615,0,0.80419921875,622.5353393554688,1208.031005859375,286.04644775390625,288.090087890625,20250225-154520
280,18446744073709551615,0,0.80419921875,689.0300903320312,1855.814208984375,63.23016357421875,94.79498291015625,20250225-154520
280,18446744073709551615,0,0.81591796875,468.2911376953125,848.6240844726562,126.37875366210938,295.0976257324219,20250225-154520
280,18446744073709551615,0,0.85107421875,610.2169189453125,538.857177734375,236.42037963867188,261.27960205078125,20250225-154520
280,18446744073709551615,0,0.9375,401.94598388671875,0.9144287109375,533.9801025390625,669.3905639648438,20250225-154520
280,18446744073709551615,0,0.94189453125,256.73602294921875,585.7793579101562,961.7757568359375,813.375732421875,20250225-154520
281,18446744073709551615,0,0.445556640625,666.3072509765625,1558.562255859375,80.26373291015625,101.80389404296875,20250225-154520
281,18446744073709551615,0,0.63720703125,769.7631225585938,1753.594482421875,165.58740234375,299.4088439941406,20250225-154520
281,18446744073709551615,0,0.6416015625,699.76708984375,1445.048828125,86.25778198242188,122.73175048828125,20250225-154520
281,18446744073709551615,0,0.6884765625,686.4680786132812,752.5057983398438,66.831298828125,84.45794677734375,20250225-154520
281,18446744073709551615,0,0.70263671875,597.668701171875,1557.7913818359375,268.45953369140625,265.0974426269531,20250225-154520
281,18446744073709551615,0,0.72705078125,690.16845703125,1735.5941162109375,108.00531005859375,102.65908813476562,20250225-154520
281,18446744073709551615,0,0.7841796875,467.27581787109375,848.820556640625,125.80572509765625,296.1629333496094,20250225-154520
281,18446744073709551615,0,0.80419921875,688.2095947265625,1855.966552734375,63.08477783203125,95.50131225585938,20250225-154520
281,18446744073709551615,0,0.8125,622.1925048828125,1208.930908203125,284.71527099609375,286.71240234375,20250225-154520
281,18446744073709551615,0,0.8515625,610.2050170898438,539.216552734375,236.01983642578125,260.1695251464844,20250225-154520
281,18446744073709551615,0,0.9384765625,399.3501892089844,0.913970947265625,528.171630859375,671.5947875976562,20250225-154520
281,18446744073709551615,0,0.94189453125,256.7413330078125,586.1429443359375,961.0667724609375,813.3176879882812,20250225-154520
282,18446744073709551615,0,0.42529296875,665.9998168945312,1554.0677490234375,89.310791015625,104.19772338867188,20250225-154520
282,18446744073709551615,0,0.65576171875,701.0601196289062,1446.2247314453125,84.7012939453125,122.62509155273438,20250225-154520
282,18446744073709551615,0,0.6689453125,686.1626586914062,752.3001708984375,66.5518798828125,84.841552734375,20250225-154520
282,18446744073709551615,0,0.6806640625,769.48681640625,1753.8299560546875,165.22833251953125,300.8138122558594,20250225-154520
282,18446744073709551615,0,0.75341796875,690.044189453125,1742.044921875,101.41461181640625,102.986572265625,20250225-154520
282,18446744073709551615,0,0.794921875,597.284912109375,1555.0755615234375,269.77899169921875,262.74334716796875,20250225-154520
282,18446744073709551615,0,0.80419921875,687.9732055664062,1855.9207763671875,63.1776123046875,95.81881713867188,20250225-154520
282,18446744073709551615,0,0.8203125,621.828369140625,1208.72998046875,285.3046875,288.08807373046875,20250225-154520
282,18446744073709551615,0,0.8232421875,468.50372314453125,849.4923706054688,127.8017578125,295.60107421875,20250225-154520
282,18446744073709551615,0,0.84375,610.4712524414062,538.818115234375,236.25576782226562,260.5887451171875,20250225-154520
282,18446744073709551615,0,0.9375,398.79327392578125,0.349639892578125,525.1661376953125,671.6852416992188,20250225-154520
282,18446744073709551615,0,0.94189453125,256.5428466796875,585.2001342773438,962.537109375,813.4931030273438,20250225-154520
283,18446744073709551615,0,0.4853515625,666.7269287109375,1555.52099609375,86.5067138671875,100.54953002929688,20250225-154520
283,18446744073709551615,0,0.6142578125,701.1024169921875,1446.4136962890625,83.74969482421875,122.51248168945312,20250225-154520
283,18446744073709551615,0,0.67724609375,685.8323974609375,753.1893310546875,66.372802734375,85.4102783203125,20250225-154520
283,18446744073709551615,0,0.68994140625,770.479248046875,1753.483154296875,165.78515625,298.4032287597656,20250225-154520
283,18446744073709551615,0,0.7626953125,689.621337890625,1743.780517578125,99.541259765625,103.74380493164062,20250225-154520
283,18446744073709551615,0,0.78662109375,597.0485229492188,1554.3818359375,264.366943359375,264.4691162109375,20250225-154520
283,18446744073709551615,0,0.81591796875,468.54400634765625,849.457763671875,129.27301025390625,294.36181640625,20250225-154520
283,18446744073709551615,0,0.81640625,688.4434814453125,1855.808349609375,63.24774169921875,95.04931640625,20250225-154520
283,18446744073709551615,0,0.8193359375,622.1317749023438,1209.8931884765625,283.048095703125,281.5703430175781,20250225-154520
283,18446744073709551615,0,0.85400390625,609.6143188476562,539.0316162109375,235.95932006835938,260.88958740234375,20250225-154520
283,18446744073709551615,0,0.9375,397.72686767578125,0.9135589599609375,518.5618286132812,672.8560791015625,20250225-154520
283,18446744073709551615,0,0.943359375,256.18243408203125,586.4241943359375,962.0302734375,813.9027099609375,20250225-154520
284,18446744073709551615,0,0.5029296875,666.5042724609375,1552.653564453125,88.1114501953125,103.68502807617188,20250225-154520
284,18446744073709551615,0,0.5830078125,699.7694091796875,1446.871826171875,81.09603881835938,123.25094604492188,20250225-154520
284,18446744073709551615,0,0.6689453125,685.6045532226562,753.4674072265625,66.40420532226562,86.27206420898438,20250225-154520
284,18446744073709551615,0,0.712890625,772.8993530273438,1754.325439453125,164.81597900390625,297.5920715332031,20250225-154520
284,18446744073709551615,0,0.75830078125,690.1649780273438,1734.17578125,109.74334716796875,104.3814697265625,20250225-154520
284,18446744073709551615,0,0.7880859375,596.9188842773438,1554.8896484375,265.5333251953125,264.7958679199219,20250225-154520
284,18446744073709551615,0,0.80419921875,622.094970703125,1210.2286376953125,286.7430725097656,316.51336669921875,20250225-154520
284,18446744073709551615,0,0.81884765625,688.69384765625,1855.822998046875,63.234375,95.31976318359375,20250225-154520
284,18446744073709551615,0,0.8251953125,467.92254638671875,849.367431640625,129.4910888671875,295.6766052246094,20250225-154520
284,18446744073709551615,0,0.85693359375,611.00390625,538.751953125,237.112060546875,258.9190979003906,20250225-154520
284,18446744073709551615,0,0.9345703125,396.7493591308594,0.9196929931640625,513.56201171875,673.0464477539062,20250225-154520
284,18446744073709551615,0,0.94482421875,256.90594482421875,586.0872802734375,962.364990234375,813.0049438476562,20250225-154520
285,18446744073709551615,0,0.52734375,666.068115234375,1547.0423583984375,94.30023193359375,106.27230834960938,20250225-154520
285,18446744073709551615,0,0.63330078125,775.455322265625,1754.14306640625,165.00531005859375,294.49053955078125,20250225-154520
285,18446744073709551615,0,0.65380859375,700.4549560546875,1446.603759765625,78.49932861328125,123.48880004882812,20250225-154520
285,18446744073709551615,0,0.67919921875,686.0679931640625,752.5180053710938,67.94902038574219,86.20989990234375,20250225-154520
285,18446744073709551615,0,0.7578125,690.1715087890625,1735.9661865234375,108.5335693359375,105.4969482421875,20250225-154520
285,18446744073709551615,0,0.765625,595.4181518554688,1548.626953125,269.0028076171875,253.79983520507812,20250225-154520
285,18446744073709551615,0,0.80419921875,622.6080322265625,1210.014892578125,284.7469482421875,291.5343933105469,20250225-154520
285,18446744073709551615,0,0.81591796875,467.47210693359375,849.1593017578125,131.8092041015625,296.59130859375,20250225-154520
285,18446744073709551615,0,0.8173828125,688.4342041015625,1855.6051025390625,63.44970703125,95.03155517578125,20250225-154520
285,18446744073709551615,0,0.83935546875,610.8451538085938,538.2557373046875,237.01730346679688,259.2585754394531,20250225-154520
285,18446744073709551615,0,0.93408203125,395.06396484375,0.9273834228515625,505.5901794433594,674.79052734375,20250225-154520
285,18446744073709551615,0,0.94189453125,256.7384033203125,585.5110473632812,962.97509765625,813.0697631835938,20250225-154520
286,18446744073709551615,0,0.414794921875,597.9299926757812,1548.37255859375,286.76806640625,257.0262451171875,20250225-154521
286,18446744073709551615,0,0.43408203125,666.813720703125,1547.1280517578125,95.3265380859375,103.82464599609375,20250225-154521
286,18446744073709551615,0,0.650390625,686.1126708984375,752.68701171875,67.26713562011719,85.710205078125,20250225-154521
286,18446744073709551615,0,0.66552734375,700.6785278320312,1446.5093994140625,81.48495483398438,123.39028930664062,20250225-154521
286,18446744073709551615,0,0.67919921875,770.8092041015625,1753.729248046875,165.41033935546875,299.4679870605469,20250225-154521
286,18446744073709551615,0,0.7333984375,690.1419067382812,1725.83642578125,116.88592529296875,112.19183349609375,20250225-154521
286,18446744073709551615,0,0.806640625,688.3910522460938,1855.2059326171875,63.8887939453125,95.50634765625,20250225-154521
286,18446744073709551615,0,0.80859375,622.5953979492188,1210.6591796875,286.14862060546875,320.5762939453125,20250225-154521
286,18446744073709551615,0,0.83154296875,467.8231201171875,849.5711669921875,132.062255859375,296.2834167480469,20250225-154521
286,18446744073709551615,0,0.8369140625,609.652587890625,538.8279418945312,236.51861572265625,258.1958312988281,20250225-154521
286,18446744073709551615,0,0.93115234375,391.51483154296875,1.12811279296875,500.3719482421875,677.903076171875,20250225-154521
286,18446744073709551615,0,0.94384765625,257.6806640625,586.0724487304688,962.2450561523438,812.1708984375,20250225-154521
287,18446744073709551615,0,0.384033203125,664.9464111328125,1544.267578125,96.37957763671875,106.34939575195312,20250225-154521
287,18446744073709551615,0,0.388671875,596.127685546875,1545.322998046875,291.36090087890625,268.58624267578125,20250225-154521
287,18446744073709551615,0,0.642578125,700.573974609375,1446.3717041015625,84.45474243164062,122.86331176757812,20250225-154521
287,18446744073709551615,0,0.68603515625,686.0284423828125,753.2353515625,66.99334716796875,86.08584594726562,20250225-154521
287,18446744073709551615,0,0.68994140625,689.419189453125,1724.735107421875,118.2176513671875,111.48696899414062,20250225-154521
287,18446744073709551615,0,0.7041015625,768.2177124023438,1753.54833984375,165.59564208984375,301.8738098144531,20250225-154521
287,18446744073709551615,0,0.806640625,621.89111328125,1211.846435546875,283.89935302734375,291.432861328125,20250225-154521
287,18446744073709551615,0,0.80908203125,688.1778564453125,1855.412841796875,63.67987060546875,94.5501708984375,20250225-154521
287,18446744073709551615,0,0.826171875,467.7962951660156,849.5679931640625,133.21820068359375,297.18878173828125,20250225-154521
287,18446744073709551615,0,0.83740234375,605.9404907226562,537.2525024414062,237.68463134765625,262.1902770996094,20250225-154521
287,18446744073709551615,0,0.93310546875,391.34326171875,0.938323974609375,493.53253173828125,677.736083984375,20250225-154521
287,18446744073709551615,0,0.94482421875,256.546630859375,585.3844604492188,962.199462890625,813.068115234375,20250225-154521
288,18446744073709551615,0,0.2998046875,664.7513427734375,1543.9918212890625,95.17254638671875,105.64617919921875,20250225-154521
288,18446744073709551615,0,0.5078125,592.3093872070312,1543.0433349609375,268.6300048828125,262.4074401855469,20250225-154521
288,18446744073709551615,0,0.642578125,700.8294067382812,1446.663330078125,84.91342163085938,123.49346923828125,20250225-154521
288,18446744073709551615,0,0.7099609375,686.0767822265625,751.989013671875,68.81771850585938,85.83444213867188,20250225-154521
288,18446744073709551615,0,0.7138671875,690.6346435546875,1732.042236328125,110.4561767578125,108.78268432617188,20250225-154521
288,18446744073709551615,0,0.72802734375,767.7103271484375,1753.6051025390625,165.5357666015625,302.9658508300781,20250225-154521
288,18446744073709551615,0,0.8115234375,687.8009033203125,1855.00927734375,64.086181640625,94.98779296875,20250225-154521
288,18446744073709551615,0,0.82275390625,622.4287719726562,1212.49560546875,285.4573059082031,324.55572509765625,20250225-154521
288,18446744073709551615,0,0.8388671875,605.8583984375,538.7518310546875,235.92965698242188,262.7486572265625,20250225-154521
288,18446744073709551615,0,0.84326171875,467.5675048828125,849.4528198242188,134.40280151367188,296.7849426269531,20250225-154521
288,18446744073709551615,0,0.93798828125,390.20745849609375,1.332275390625,489.4496154785156,678.6535034179688,20250225-154521
288,18446744073709551615,0,0.94384765625,256.3638916015625,584.8194580078125,962.0571899414062,813.1387939453125,20250225-154521
289,18446744073709551615,0,0.318359375,592.6129760742188,1542.7919921875,215.379638671875,176.92172241210938,20250225-154521
289,18446744073709551615,0,0.361083984375,666.0279541015625,1543.83544921875,91.149169921875,104.47686767578125,20250225-154521
289,18446744073709551615,0,0.6396484375,699.5289306640625,1445.710693359375,86.65457153320312,125.05133056640625,20250225-154521
289,18446744073709551615,0,0.66455078125,769.7322998046875,1753.49609375,165.7547607421875,301.23944091796875,20250225-154521
289,18446744073709551615,0,0.6767578125,690.22265625,1724.4027099609375,118.88232421875,165.27960205078125,20250225-154521
289,18446744073709551615,0,0.712890625,685.9942016601562,751.2528686523438,68.67182922363281,86.17538452148438,20250225-154521
289,18446744073709551615,0,0.8076171875,622.8052978515625,1210.57421875,284.40545654296875,300.74212646484375,20250225-154521
289,18446744073709551615,0,0.82080078125,688.6422119140625,1854.582275390625,64.5076904296875,94.58441162109375,20250225-154521
289,18446744073709551615,0,0.84326171875,604.3985595703125,539.2091064453125,235.84524536132812,264.6649475097656,20250225-154521
289,18446744073709551615,0,0.865234375,467.74969482421875,849.662109375,138.9708251953125,296.1537780761719,20250225-154521
289,18446744073709551615,0,0.9365234375,387.3966064453125,1.3348388671875,485.2753601074219,680.6156005859375,20250225-154521
289,18446744073709551615,0,0.94482421875,258.2456359863281,584.4375610351562,963.264404296875,811.5238037109375,20250225-154521
290,18446744073709551615,0,0.307373046875,665.9432373046875,1543.830322265625,91.81146240234375,105.36154174804688,20250225-154521
290,18446744073709551615,0,0.5947265625,591.2968139648438,1543.3494873046875,292.8984375,268.72576904296875,20250225-154521
290,18446744073709551615,0,0.6142578125,701.1597290039062,1445.7950439453125,86.8275146484375,125.6319580078125,20250225-154521
290,18446744073709551615,0,0.64501953125,690.433837890625,1723.7025146484375,117.84393310546875,145.48590087890625,20250225-154521
290,18446744073709551615,0,0.693359375,770.3278198242188,1753.7362060546875,165.31768798828125,299.99212646484375,20250225-154521
290,18446744073709551615,0,0.7080078125,685.940185546875,751.2152709960938,68.96429443359375,86.23178100585938,20250225-154521
290,18446744073709551615,0,0.7919921875,622.995849609375,1210.9478759765625,284.4144287109375,296.9915771484375,20250225-154521
290,18446744073709551615,0,0.81298828125,688.7889404296875,1854.38427734375,64.6593017578125,95.24102783203125,20250225-154521
290,18446744073709551615,0,0.84033203125,605.3570556640625,539.3818359375,235.71487426757812,263.2196044921875,20250225-154521
290,18446744073709551615,0,0.849609375,467.87200927734375,849.832275390625,139.74755859375,295.7200927734375,20250225-154521
290,18446744073709551615,0,0.9345703125,384.791015625,1.148529052734375,480.87554931640625,683.3563232421875,20250225-154521
290,18446744073709551615,0,0.94482421875,257.3193054199219,584.6509399414062,962.537109375,812.2611694335938,20250225-154521
291,18446744073709551615,0,0.230224609375,665.274169921875,1543.8131103515625,93.57037353515625,105.533935546875,20250225-154521
291,18446744073709551615,0,0.5107421875,690.4974365234375,1716.68408203125,125.225830078125,128.18829345703125,20250225-154521
291,18446744073709551615,0,0.65673828125,699.5462036132812,1445.2591552734375,89.54269409179688,129.76950073242188,20250225-154521
291,18446744073709551615,0,0.66357421875,589.9590454101562,1543.3642578125,297.2548828125,270.2436218261719,20250225-154521
291,18446744073709551615,0,0.6748046875,772.4598999023438,1753.66552734375,165.568359375,298.2924499511719,20250225-154521
291,18446744073709551615,0,0.72021484375,686.0711669921875,751.3580322265625,68.6085205078125,85.9383544921875,20250225-154521
291,18446744073709551615,0,0.78076171875,623.4014892578125,1211.78173828125,284.5902099609375,312.41656494140625,20250225-154521
291,18446744073709551615,0,0.7880859375,467.5172424316406,850.280517578125,133.97442626953125,295.70361328125,20250225-154521
291,18446744073709551615,0,0.81396484375,688.6055908203125,1854.9091796875,64.133056640625,95.61785888671875,20250225-154521
291,18446744073709551615,0,0.8466796875,607.3357543945312,538.7023315429688,236.38760375976562,261.1086730957031,20250225-154521
291,18446744073709551615,0,0.93359375,382.5146484375,1.12774658203125,478.7577209472656,686.568603515625,20250225-154521
291,18446744073709551615,0,0.9453125,256.92987060546875,584.2955932617188,962.9287719726562,812.8648681640625,20250225-154521
292,18446744073709551615,0,0.416748046875,664.5899047851562,1543.927978515625,93.246826171875,106.74819946289062,20250225-154521
292,18446744073709551615,0,0.5537109375,588.429931640625,1543.4267578125,293.95880126953125,273.4878845214844,20250225-154521
292,18446744073709551615,0,0.61328125,699.258544921875,1443.5732421875,90.475341796875,127.24520874023438,20250225-154521
292,18446744073709551615,0,0.6298828125,769.71728515625,1754.1383056640625,165.12213134765625,299.764892578125,20250225-154521
292,18446744073709551615,0,0.66552734375,689.9945068359375,1718.8436279296875,123.29132080078125,130.06063842773438,20250225-154521
292,18446744073709551615,0,0.72412109375,686.5186157226562,752.0472412109375,68.17227172851562,86.00125122070312,20250225-154521
292,18446744073709551615,0,0.78857421875,467.46038818359375,849.9765014648438,133.44113159179688,295.67724609375,20250225-154521
292,18446744073709551615,0,0.7958984375,623.16650390625,1215.2818603515625,280.23138427734375,290.43475341796875,20250225-154521
292,18446744073709551615,0,0.8115234375,687.9343872070312,1853.71728515625,65.277099609375,96.44796752929688,20250225-154521
292,18446744073709551615,0,0.8515625,606.4259033203125,538.8465576171875,235.83462524414062,260.7827453613281,20250225-154521
292,18446744073709551615,0,0.9326171875,378.753662109375,1.252166748046875,477.2628479003906,690.2724609375,20250225-154521
292,18446744073709551615,0,0.94482421875,255.81060791015625,584.4859008789062,962.359130859375,813.9025268554688,20250225-154521
293,18446744073709551615,0,0.3388671875,664.3753051757812,1544.961669921875,91.989990234375,106.04104614257812,20250225-154521
293,18446744073709551615,0,0.35498046875,689.7269897460938,1742.833984375,95.9739990234375,111.82113647460938,20250225-154521
293,18446744073709551615,0,0.5283203125,774.47021484375,1754.34521484375,164.95330810546875,296.3152770996094,20250225-154521
293,18446744073709551615,0,0.56982421875,699.6981811523438,1442.9716796875,92.137939453125,122.80645751953125,20250225-154521
293,18446744073709551615,0,0.728515625,686.342529296875,752.2152709960938,68.12763977050781,86.28369140625,20250225-154521
293,18446744073709551615,0,0.798828125,622.6783447265625,1215.2005615234375,281.7425537109375,317.2348937988281,20250225-154521
293,18446744073709551615,0,0.822265625,687.8739624023438,1853.3096923828125,65.77606201171875,95.61419677734375,20250225-154521
293,18446744073709551615,0,0.82861328125,466.41815185546875,850.181640625,139.44287109375,297.5082092285156,20250225-154521
293,18446744073709551615,0,0.85302734375,607.4593505859375,539.3190307617188,236.45123291015625,260.3991394042969,20250225-154521
293,18446744073709551615,0,0.85546875,589.792236328125,1545.580078125,292.83306884765625,267.9632263183594,20250225-154521
293,18446744073709551615,0,0.9326171875,374.21063232421875,1.3221588134765625,476.0777587890625,694.4979858398438,20250225-154521
293,18446744073709551615,0,0.9453125,254.85662841796875,584.1427001953125,962.8707275390625,814.7838134765625,20250225-154521
294,18446744073709551615,0,0.3310546875,665.7072143554688,1545.8125,96.759521484375,105.64883422851562,20250225-154521
294,18446744073709551615,0,0.615234375,699.350830078125,1443.1429443359375,89.67059326171875,125.84225463867188,20250225-154521
294,18446744073709551615,0,0.65673828125,772.4765625,1754.5009765625,164.75830078125,296.6871643066406,20250225-154521
294,18446744073709551615,0,0.71484375,686.1520385742188,752.8771362304688,67.4688720703125,85.5655517578125,20250225-154521
294,18446744073709551615,0,0.791015625,623.2827758789062,1214.1053466796875,282.3853454589844,316.0225524902344,20250225-154521
294,18446744073709551615,0,0.806640625,687.546630859375,1853.90087890625,65.22216796875,95.43017578125,20250225-154521
294,18446744073709551615,0,0.822265625,465.87945556640625,850.1004638671875,137.9388427734375,297.8423767089844,20250225-154521
294,18446744073709551615,0,0.8447265625,606.3213500976562,538.2950439453125,235.9390869140625,261.2965393066406,20250225-154521
294,18446744073709551615,0,0.8603515625,589.3731079101562,1546.590087890625,296.7835693359375,271.4343566894531,20250225-154521
294,18446744073709551615,0,0.93017578125,372.05401611328125,1.334014892578125,473.5060729980469,697.8045654296875,20250225-154521
294,18446744073709551615,0,0.94775390625,255.0615234375,583.7672729492188,963.598388671875,814.905029296875,20250225-154521
295,18446744073709551615,0,0.5263671875,700.2427368164062,1441.615966796875,88.46035766601562,125.61813354492188,20250225-154521
295,18446744073709551615,0,0.60400390625,665.82861328125,1548.623779296875,93.753662109375,104.70611572265625,20250225-154521
295,18446744073709551615,0,0.6767578125,685.75048828125,753.4220581054688,66.79925537109375,86.38916015625,20250225-154521
295,18446744073709551615,0,0.68505859375,766.9088745117188,1754.548095703125,164.71636962890625,301.4854431152344,20250225-154521
295,18446744073709551615,0,0.70556640625,465.5277099609375,850.4609985351562,121.14743041992188,298.3283386230469,20250225-154521
295,18446744073709551615,0,0.7822265625,623.5706787109375,1216.745361328125,280.98944091796875,316.21710205078125,20250225-154521
295,18446744073709551615,0,0.791015625,688.0067138671875,1854.4189453125,64.69610595703125,94.08233642578125,20250225-154521
295,18446744073709551615,0,0.83544921875,588.4590454101562,1549.0880126953125,297.78204345703125,270.0211486816406,20250225-154521
295,18446744073709551615,0,0.8408203125,608.9119262695312,537.9884033203125,236.467529296875,258.8887939453125,20250225-154521
295,18446744073709551615,0,0.92919921875,373.52783203125,1.817962646484375,470.7419128417969,695.28759765625,20250225-154521
295,18446744073709551615,0,0.9443359375,255.44027709960938,583.399658203125,963.857666015625,814.0621948242188,20250225-154521
296,18446744073709551615,0,0.58984375,667.593505859375,1549.773193359375,95.17767333984375,102.2431640625,20250225-154521
296,18446744073709551615,0,0.65380859375,701.70556640625,1443.595947265625,84.85977172851562,126.12295532226562,20250225-154521
296,18446744073709551615,0,0.70556640625,685.8319702148438,753.8883056640625,66.37545776367188,86.40554809570312,20250225-154521
296,18446744073709551615,0,0.73876953125,762.7498168945312,1755.249267578125,164.00830078125,306.2386779785156,20250225-154521
296,18446744073709551615,0,0.740234375,588.2942504882812,1552.015869140625,305.5634765625,265.3900451660156,20250225-154521
296,18446744073709551615,0,0.7431640625,467.759033203125,850.2955322265625,130.34857177734375,295.8179626464844,20250225-154521
296,18446744073709551615,0,0.779296875,687.965576171875,1854.413818359375,64.6512451171875,91.96563720703125,20250225-154521
296,18446744073709551615,0,0.81982421875,623.2115478515625,1213.6468505859375,285.3328857421875,327.4421081542969,20250225-154521
296,18446744073709551615,0,0.84521484375,608.3713989257812,538.8781127929688,235.61572265625,258.77197265625,20250225-154521
296,18446744073709551615,0,0.92822265625,371.126220703125,2.183624267578125,469.66644287109375,697.5482177734375,20250225-154521
296,18446744073709551615,0,0.9453125,254.5111083984375,581.931884765625,964.8944091796875,815.195068359375,20250225-154521
297,18446744073709551615,0,0.34423828125,665.42919921875,1553.97802734375,93.24334716796875,100.9669189453125,20250225-154521
297,18446744073709551615,0,0.66015625,700.5162963867188,1444.2734375,83.953125,123.1885986328125,20250225-154521
297,18446744073709551615,0,0.689453125,756.6038818359375,1755.2822265625,163.973876953125,311.04400634765625,20250225-154521
297,18446744073709551615,0,0.7001953125,686.025146484375,752.159912109375,68.0731201171875,85.69766235351562,20250225-154521
297,18446744073709551615,0,0.73095703125,588.96484375,1552.1392822265625,308.01141357421875,204.25067138671875,20250225-154521
297,18446744073709551615,0,0.73388671875,466.4556884765625,849.6785888671875,128.24945068359375,297.64947509765625,20250225-154521
297,18446744073709551615,0,0.7548828125,687.758056640625,1856.5546875,62.5697021484375,89.42935180664062,20250225-154521
297,18446744073709551615,0,0.8154296875,623.0836181640625,1214.472412109375,282.57659912109375,319.7431640625,20250225-154521
297,18446744073709551615,0,0.84765625,608.9549560546875,538.8076171875,236.67645263671875,255.29910278320312,20250225-154521
297,18446744073709551615,0,0.927734375,369.938232421875,2.373321533203125,469.44580078125,698.2428588867188,20250225-154521
297,18446744073709551615,0,0.94482421875,255.07177734375,581.1475830078125,966.24169921875,814.7089233398438,20250225-154521
298,18446744073709551615,0,0.5234375,665.091796875,1554.9697265625,91.4293212890625,105.26806640625,20250225-154521
298,18446744073709551615,0,0.6103515625,698.995849609375,1444.751708984375,86.01150512695312,128.9234619140625,20250225-154521
298,18446744073709551615,0,0.64697265625,757.45458984375,1755.0625,164.1002197265625,310.3717346191406,20250225-154521
298,18446744073709551615,0,0.69921875,588.665771484375,1556.422119140625,308.47027587890625,251.15084838867188,20250225-154521
298,18446744073709551615,0,0.7138671875,686.1051635742188,753.3601684570312,66.90325927734375,86.1610107421875,20250225-154521
298,18446744073709551615,0,0.73388671875,687.8380737304688,1861.9405517578125,57.14556884765625,87.79000854492188,20250225-154521
298,18446744073709551615,0,0.74462890625,465.55023193359375,849.5608520507812,130.42813110351562,298.6368713378906,20250225-154521
298,18446744073709551615,0,0.810546875,623.1362915039062,1214.403564453125,282.44384765625,321.9267883300781,20250225-154521
298,18446744073709551615,0,0.8515625,608.534912109375,538.93017578125,235.6124267578125,256.6535339355469,20250225-154521
298,18446744073709551615,0,0.9267578125,368.886474609375,2.1861419677734375,470.35498046875,699.944580078125,20250225-154521
298,18446744073709551615,0,0.94384765625,253.76312255859375,579.674560546875,967.5646362304688,815.9236450195312,20250225-154521
299,18446744073709551615,0,0.61328125,666.2048950195312,1557.5848388671875,96.33636474609375,104.90194702148438,20250225-154521
299,18446744073709551615,0,0.6142578125,764.9287719726562,1755.1329345703125,164.12054443359375,302.75830078125,20250225-154521
299,18446744073709551615,0,0.63330078125,700.85546875,1444.945068359375,83.05902099609375,123.16571044921875,20250225-154521
299,18446744073709551615,0,0.66552734375,589.360107421875,1563.6903076171875,299.20660400390625,272.0541687011719,20250225-154521
299,18446744073709551615,0,0.7255859375,464.1361083984375,849.4727783203125,130.38821411132812,299.671875,20250225-154521
299,18446744073709551615,0,0.728515625,685.8729248046875,752.7911376953125,67.81196594238281,86.1287841796875,20250225-154521
299,18446744073709551615,0,0.751953125,687.3643798828125,1858.718994140625,60.4039306640625,89.71572875976562,20250225-154521
299,18446744073709551615,0,0.80029296875,622.6931762695312,1214.517822265625,283.2997741699219,322.8688659667969,20250225-154521
299,18446744073709551615,0,0.85595703125,607.2145385742188,538.73974609375,236.111572265625,257.81817626953125,20250225-154521
299,18446744073709551615,0,0.92724609375,369.79559326171875,2.1829833984375,469.9879150390625,698.7068481445312,20250225-154521
299,18446744073709551615,0,0.94482421875,253.20025634765625,579.3084106445312,968.8443603515625,816.3372802734375,20250225-154521
300,18446744073709551615,0,0.65380859375,666.7239990234375,1560.5174560546875,89.49993896484375,103.599609375,20250225-154521
300,18446744073709551615,0,0.65576171875,702.2039794921875,1444.748046875,82.327880859375,124.27166748046875,20250225-154521
300,18446744073709551615,0,0.6982421875,685.8374633789062,753.30322265625,67.65399169921875,87.00814819335938,20250225-154521
300,18446744073709551615,0,0.7265625,767.390380859375,1754.26708984375,164.886474609375,302.741455078125,20250225-154521
300,18446744073709551615,0,0.7861328125,688.0379638671875,1856.3477783203125,62.72369384765625,91.28228759765625,20250225-154521
300,18446744073709551615,0,0.79833984375,591.0941162109375,1567.78759765625,293.99267578125,270.86114501953125,20250225-154521
300,18446744073709551615,0,0.80322265625,623.37841796875,1215.864990234375,281.9952392578125,325.5,20250225-154521
300,18446744073709551615,0,0.82177734375,467.1954345703125,850.0645751953125,142.26058959960938,296.816162109375,20250225-154521
300,18446744073709551615,0,0.84716796875,608.577880859375,538.5390014648438,235.87060546875,256.16656494140625,20250225-154521
300,18446744073709551615,0,0.92724609375,370.39581298828125,2.3582611083984375,471.94287109375,698.175048828125,20250225-154521
300,18446744073709551615,0,0.94677734375,253.38116455078125,578.7108764648438,969.0188598632812,816.1342163085938,20250225-154521
301,18446744073709551615,0,0.6689453125,701.6427612304688,1443.6705322265625,83.27627563476562,124.36862182617188,20250225-154521
301,18446744073709551615,0,0.67041015625,668.2249145507812,1563.31494140625,88.85101318359375,102.8367919921875,20250225-154521
301,18446744073709551615,0,0.68505859375,766.0206298828125,1754.1236572265625,164.95294189453125,304.3005065917969,20250225-154521
301,18446744073709551615,0,0.69775390625,686.1588134765625,753.029541015625,67.92233276367188,86.45306396484375,20250225-154521
301,18446744073709551615,0,0.7646484375,592.1010131835938,1573.733642578125,285.20050048828125,267.755126953125,20250225-154521
301,18446744073709551615,0,0.7861328125,688.2046508789062,1855.0177001953125,63.9990234375,91.02511596679688,20250225-154521
301,18446744073709551615,0,0.79296875,623.6651611328125,1215.82763671875,279.5208435058594,316.07830810546875,20250225-154521
301,18446744073709551615,0,0.814453125,467.5447998046875,850.0014038085938,142.1876220703125,297.01959228515625,20250225-154521
301,18446744073709551615,0,0.82421875,607.9762573242188,538.7437133789062,235.03070068359375,256.60015869140625,20250225-154521
301,18446744073709551615,0,0.92626953125,370.73968505859375,1.9542388916015625,472.45751953125,697.7433471679688,20250225-154521
301,18446744073709551615,0,0.94482421875,253.19100952148438,578.1600952148438,969.4304809570312,816.4260864257812,20250225-154521
302,18446744073709551615,0,0.64794921875,767.7615966796875,1753.64794921875,165.5548095703125,302.59112548828125,20250225-154521
302,18446744073709551615,0,0.66357421875,701.1996459960938,1444.95458984375,80.29586791992188,125.36599731445312,20250225-154521
302,18446744073709551615,0,0.67333984375,667.8762817382812,1568.85205078125,87.50537109375,102.52578735351562,20250225-154521
302,18446744073709551615,0,0.681640625,686.2965087890625,754.1090698242188,65.66876220703125,85.12371826171875,20250225-154521
302,18446744073709551615,0,0.79931640625,593.7396240234375,1578.294189453125,278.467529296875,268.8554992675781,20250225-154521
302,18446744073709551615,0,0.80126953125,688.1033935546875,1853.1529541015625,65.82769775390625,91.14761352539062,20250225-154521
302,18446744073709551615,0,0.8232421875,467.81982421875,849.7608032226562,144.12606811523438,296.5572509765625,20250225-154521
302,18446744073709551615,0,0.82568359375,622.8773193359375,1216.2308349609375,283.0840759277344,323.110107421875,20250225-154521
302,18446744073709551615,0,0.84228515625,606.722900390625,539.668212890625,231.96981811523438,258.5041809082031,20250225-154521
302,18446744073709551615,0,0.92919921875,370.9892578125,1.5101165771484375,474.73004150390625,697.715087890625,20250225-154521
302,18446744073709551615,0,0.94580078125,254.32154846191406,577.8211669921875,970.3341064453125,815.4254150390625,20250225-154521
303,18446744073709551615,0,0.56396484375,699.5665283203125,1445.0673828125,84.86700439453125,125.34283447265625,20250225-154521
303,18446744073709551615,0,0.6689453125,763.48828125,1753.696533203125,165.4779052734375,304.93890380859375,20250225-154521
303,18446744073709551615,0,0.68408203125,686.337890625,754.9209594726562,64.60015869140625,85.06851196289062,20250225-154521
303,18446744073709551615,0,0.7099609375,665.9908447265625,1570.784912109375,97.96343994140625,104.42257690429688,20250225-154521
303,18446744073709551615,0,0.7705078125,466.6853942871094,849.478271484375,140.37973022460938,298.828125,20250225-154521
303,18446744073709551615,0,0.7900390625,688.3529663085938,1854.404052734375,64.572509765625,90.62557983398438,20250225-154521
303,18446744073709551615,0,0.8056640625,622.6668090820312,1216.402099609375,277.6799011230469,318.4761657714844,20250225-154521
303,18446744073709551615,0,0.80615234375,595.5084228515625,1635.1051025390625,221.14251708984375,267.0731506347656,20250225-154521
303,18446744073709551615,0,0.845703125,607.9916381835938,539.8309326171875,231.64736938476562,256.66845703125,20250225-154521
303,18446744073709551615,0,0.931640625,372.268798828125,1.32476806640625,475.528564453125,696.0682983398438,20250225-154521
303,18446744073709551615,0,0.94677734375,254.71078491210938,577.2528686523438,969.396240234375,814.824462890625,20250225-154521
304,18446744073709551615,0,0.56298828125,699.8890380859375,1443.783203125,86.03604125976562,125.1968994140625,20250225-154521
304,18446744073709551615,0,0.69580078125,686.95849609375,754.004638671875,65.17190551757812,84.999755859375,20250225-154521
304,18446744073709551615,0,0.69580078125,666.3414916992188,1572.27685546875,87.55096435546875,102.13265991210938,20250225-154521
304,18446744073709551615,0,0.70654296875,761.17236328125,1754.0936279296875,165.17376708984375,307.61700439453125,20250225-154521
304,18446744073709551615,0,0.755859375,595.5148315429688,1606.941650390625,253.28192138671875,258.8149108886719,20250225-154521
304,18446744073709551615,0,0.7900390625,688.1026611328125,1855.869140625,63.15765380859375,89.00619506835938,20250225-154521
304,18446744073709551615,0,0.802734375,622.6234130859375,1216.97412109375,274.8584289550781,294.3381042480469,20250225-154521
304,18446744073709551615,0,0.82177734375,466.79827880859375,849.8845825195312,143.13592529296875,297.5459289550781,20250225-154521
304,18446744073709551615,0,0.84130859375,607.2955322265625,540.9891357421875,231.85308837890625,257.63763427734375,20250225-154521
304,18446744073709551615,0,0.9365234375,375.47882080078125,1.1182708740234375,477.0228271484375,692.5526733398438,20250225-154521
304,18446744073709551615,0,0.94677734375,254.90533447265625,578.0106201171875,968.612548828125,814.7125854492188,20250225-154521
305,18446744073709551615,0,0.61767578125,701.6627197265625,1444.1392822265625,81.82736206054688,123.812255859375,20250225-154521
305,18446744073709551615,0,0.61962890625,772.5236206054688,1753.291259765625,165.92083740234375,299.4132385253906,20250225-154521
305,18446744073709551615,0,0.66015625,686.7076416015625,752.910400390625,67.60958862304688,84.96112060546875,20250225-154521
305,18446744073709551615,0,0.73193359375,666.3934936523438,1573.92626953125,87.74249267578125,102.90609741210938,20250225-154521
305,18446744073709551615,0,0.783203125,688.2099609375,1856.163818359375,62.86376953125,88.94952392578125,20250225-154521
305,18446744073709551615,0,0.80029296875,597.0673828125,1603.30029296875,256.8995361328125,261.35211181640625,20250225-154521
305,18446744073709551615,0,0.81005859375,623.4589233398438,1215.3363037109375,282.419677734375,326.66986083984375,20250225-154521
305,18446744073709551615,0,0.83447265625,604.8115234375,540.685302734375,233.41452026367188,259.90924072265625,20250225-154521
305,18446744073709551615,0,0.8447265625,467.1638488769531,849.7739868164062,146.82778930664062,295.7933349609375,20250225-154521
305,18446744073709551615,0,0.935546875,379.6197509765625,0.740203857421875,479.0263366699219,688.5075073242188,20250225-154521
305,18446744073709551615,0,0.94580078125,254.8857421875,579.4859619140625,966.491455078125,814.5516357421875,20250225-154521
306,18446744073709551615,0,0.2139892578125,702.1964111328125,538.554443359375,62.897918701171875,108.333251953125,20250225-154521
306,18446744073709551615,0,0.6103515625,770.8020629882812,1753.7852783203125,164.94488525390625,302.8523254394531,20250225-154521
306,18446744073709551615,0,0.62353515625,701.6451416015625,1444.685546875,80.4766845703125,126.50070190429688,20250225-154521
306,18446744073709551615,0,0.669921875,686.8385009765625,754.157470703125,65.72360229492188,84.40036010742188,20250225-154521
306,18446744073709551615,0,0.73779296875,667.068115234375,1573.2103271484375,95.6971435546875,104.35162353515625,20250225-154521
306,18446744073709551615,0,0.77978515625,688.1196899414062,1855.94677734375,63.0311279296875,89.30117797851562,20250225-154521
306,18446744073709551615,0,0.791015625,599.0678100585938,1635.94189453125,225.91278076171875,261.1938171386719,20250225-154521
306,18446744073709551615,0,0.8125,622.5737915039062,1215.9769287109375,282.68975830078125,327.3233642578125,20250225-154521
306,18446744073709551615,0,0.83203125,466.9281005859375,849.58447265625,146.76644897460938,297.5911560058594,20250225-154521
306,18446744073709551615,0,0.84033203125,606.0472412109375,541.53125,234.58035278320312,260.3537292480469,20250225-154521
306,18446744073709551615,0,0.93701171875,384.818115234375,1.5460968017578125,481.7716369628906,682.696044921875,20250225-154521
306,18446744073709551615,0,0.9462890625,255.27456665039062,578.7352294921875,968.136474609375,814.3262329101562,20250225-154521
307,18446744073709551615,0,0.21533203125,701.1681518554688,538.7786865234375,61.44557189941406,100.928466796875,20250225-154521
307,18446744073709551615,0,0.6396484375,768.5319213867188,1754.4906005859375,164.776611328125,300.14154052734375,20250225-154521
307,18446744073709551615,0,0.64794921875,700.9786376953125,1445.415283203125,81.13101196289062,126.23043823242188,20250225-154521
307,18446744073709551615,0,0.67138671875,686.5610961914062,754.0226440429688,64.4747314453125,85.47738647460938,20250225-154521
307,18446744073709551615,0,0.7392578125,665.830810546875,1571.7711181640625,94.9083251953125,103.49899291992188,20250225-154521
307,18446744073709551615,0,0.79296875,688.1061401367188,1855.433349609375,63.6448974609375,89.2196044921875,20250225-154521
307,18446744073709551615,0,0.80859375,465.20745849609375,849.521240234375,144.403564453125,299.78631591796875,20250225-154521
307,18446744073709551615,0,0.80908203125,598.928466796875,1623.37158203125,236.668212890625,258.3771057128906,20250225-154521
307,18446744073709551615,0,0.81298828125,622.6920166015625,1217.4656982421875,281.10479736328125,328.20428466796875,20250225-154521
307,18446744073709551615,0,0.841796875,606.5993041992188,542.4347534179688,231.12460327148438,258.8249816894531,20250225-154521
307,18446744073709551615,0,0.935546875,391.64739990234375,1.116485595703125,484.7784118652344,677.5552368164062,20250225-154521
307,18446744073709551615,0,0.9462890625,255.26495361328125,579.4491577148438,966.8485107421875,814.2390747070312,20250225-154521
308,18446744073709551615,0,0.279052734375,703.9132690429688,532.6941528320312,66.51507568359375,116.23681640625,20250225-154521
308,18446744073709551615,0,0.6259765625,700.890380859375,1445.790283203125,81.58163452148438,122.29989624023438,20250225-154521
308,18446744073709551615,0,0.68505859375,764.3447265625,1754.1572265625,165.290771484375,305.3631591796875,20250225-154521
308,18446744073709551615,0,0.6982421875,686.9163818359375,754.1273193359375,64.18766784667969,84.28143310546875,20250225-154521
308,18446744073709551615,0,0.7568359375,687.907470703125,1856.0899658203125,62.98077392578125,89.40884399414062,20250225-154521
308,18446744073709551615,0,0.76611328125,665.71435546875,1571.483642578125,95.29449462890625,103.43014526367188,20250225-154521
308,18446744073709551615,0,0.8115234375,598.649169921875,1604.9725341796875,258.25506591796875,259.3604736328125,20250225-154521
308,18446744073709551615,0,0.81982421875,622.5731201171875,1216.7822265625,282.91571044921875,327.23529052734375,20250225-154521
308,18446744073709551615,0,0.833984375,606.0368041992188,542.3475952148438,230.8333740234375,259.3025207519531,20250225-154521
308,18446744073709551615,0,0.84130859375,464.9198913574219,848.3886108398438,153.85400390625,298.3861083984375,20250225-154521
308,18446744073709551615,0,0.93896484375,397.1619873046875,0.92230224609375,488.97509765625,672.0196533203125,20250225-154521
308,18446744073709551615,0,0.94482421875,254.70941162109375,579.2647705078125,965.5521240234375,815.0042724609375,20250225-154521
309,18446744073709551615,0,0.382080078125,704.9540405273438,530.376953125,67.45449829101562,113.89956665039062,20250225-154521
309,18446744073709551615,0,0.58984375,699.8074951171875,1444.050537109375,85.52947998046875,126.65103149414062,20250225-154521
309,18446744073709551615,0,0.60302734375,769.4996337890625,1753.045166015625,166.259033203125,302.53765869140625,20250225-154521
309,18446744073709551615,0,0.66259765625,686.6951293945312,754.3717651367188,64.67875671386719,84.74020385742188,20250225-154521
309,18446744073709551615,0,0.72705078125,687.832763671875,1859.209228515625,60.02490234375,88.32833862304688,20250225-154521
309,18446744073709551615,0,0.74462890625,666.1404418945312,1572.455322265625,98.06396484375,103.45559692382812,20250225-154521
309,18446744073709551615,0,0.76953125,598.8013916015625,1614.7584228515625,251.96246337890625,260.8905029296875,20250225-154521
309,18446744073709551615,0,0.80126953125,464.20770263671875,847.6558227539062,147.954345703125,299.2687683105469,20250225-154521
309,18446744073709551615,0,0.8017578125,622.5071411132812,1216.529541015625,280.19384765625,328.1005554199219,20250225-154521
309,18446744073709551615,0,0.8447265625,599.6709594726562,541.6571044921875,233.81021118164062,269.2526550292969,20250225-154521
309,18446744073709551615,0,0.93896484375,404.3042907714844,0.908294677734375,491.3852233886719,664.3004150390625,20250225-154521
309,18446744073709551615,0,0.9453125,255.6368408203125,579.12353515625,966.99609375,813.9052734375,20250225-154521
310,18446744073709551615,0,0.4580078125,705.2411499023438,523.28662109375,77.83648681640625,113.7381591796875,20250225-154521
310,18446744073709551615,0,0.546875,768.4573974609375,1752.9049072265625,165.68408203125,303.8539123535156,20250225-154521
310,18446744073709551615,0,0.5830078125,699.6373901367188,1444.34912109375,84.77151489257812,127.7669677734375,20250225-154521
310,18446744073709551615,0,0.6767578125,686.83154296875,755.355712890625,63.55403137207031,85.00872802734375,20250225-154521
310,18446744073709551615,0,0.7216796875,687.8465576171875,1861.0718994140625,58.21014404296875,88.43939208984375,20250225-154521
310,18446744073709551615,0,0.73583984375,599.5632934570312,1606.4593505859375,261.4801025390625,260.4415283203125,20250225-154521
310,18446744073709551615,0,0.7392578125,666.2669677734375,1571.49658203125,99.955078125,103.70736694335938,20250225-154521
310,18446744073709551615,0,0.75048828125,465.11279296875,846.7736206054688,142.05184936523438,298.9137268066406,20250225-154521
310,18446744073709551615,0,0.81298828125,622.5964965820312,1217.1328125,282.1304626464844,327.2009582519531,20250225-154521
310,18446744073709551615,0,0.845703125,601.3253173828125,541.8082275390625,233.27334594726562,265.8974304199219,20250225-154521
310,18446744073709551615,0,0.93798828125,411.90948486328125,0.7074737548828125,496.75128173828125,656.9631958007812,20250225-154521
310,18446744073709551615,0,0.94482421875,256.00799560546875,579.2766723632812,967.5748901367188,813.599853515625,20250225-154521
311,18446744073709551615,0,0.37109375,706.7052612304688,521.2872924804688,80.7169189453125,108.68829345703125,20250225-154521
311,18446744073709551615,0,0.5361328125,699.3284912109375,1442.4010009765625,86.4576416015625,128.40591430664062,20250225-154521
311,18446744073709551615,0,0.6376953125,772.3218383789062,1753.3992919921875,165.90252685546875,299.63507080078125,20250225-154521
311,18446744073709551615,0,0.6376953125,687.1404418945312,754.8163452148438,63.22270202636719,83.8758544921875,20250225-154521
311,18446744073709551615,0,0.6943359375,687.7291259765625,1862.6824951171875,56.548828125,89.63763427734375,20250225-154521
311,18446744073709551615,0,0.69921875,598.8931884765625,1611.5101318359375,259.26068115234375,261.62457275390625,20250225-154521
311,18446744073709551615,0,0.77685546875,666.0093994140625,1571.28515625,96.397705078125,103.73931884765625,20250225-154521
311,18446744073709551615,0,0.80908203125,463.38226318359375,846.3681640625,155.48199462890625,299.893798828125,20250225-154521
311,18446744073709551615,0,0.841796875,622.3771362304688,1218.563720703125,281.22125244140625,327.22686767578125,20250225-154521
311,18446744073709551615,0,0.8525390625,606.5577392578125,540.3099975585938,233.1719970703125,260.5055236816406,20250225-154521
311,18446744073709551615,0,0.93505859375,420.23638916015625,0.695709228515625,500.9823303222656,650.0838623046875,20250225-154521
311,18446744073709551615,0,0.94482421875,255.64068603515625,579.6344604492188,967.4437866210938,814.0211791992188,20250225-154521
312,18446744073709551615,0,0.2393798828125,706.0750122070312,515.4213256835938,85.78280639648438,106.76467895507812,20250225-154521
312,18446744073709551615,0,0.57275390625,699.2415771484375,1447.1832275390625,82.53533935546875,125.5997314453125,20250225-154521
312,18446744073709551615,0,0.6416015625,687.2633056640625,756.2010498046875,63.19500732421875,84.73599243164062,20250225-154521
312,18446744073709551615,0,0.65380859375,765.8362426757812,1754.1595458984375,165.1292724609375,302.56146240234375,20250225-154521
312,18446744073709551615,0,0.66259765625,687.437255859375,1860.1849365234375,59.08905029296875,87.08816528320312,20250225-154521
312,18446744073709551615,0,0.740234375,598.1596069335938,1595.214111328125,274.83673095703125,261.3034973144531,20250225-154521
312,18446744073709551615,0,0.78857421875,665.18701171875,1570.8544921875,95.23370361328125,103.80853271484375,20250225-154521
312,18446744073709551615,0,0.79443359375,464.5594482421875,846.9183349609375,153.3387451171875,297.642333984375,20250225-154521
312,18446744073709551615,0,0.8291015625,621.4118041992188,1216.288330078125,282.96038818359375,326.8186340332031,20250225-154521
312,18446744073709551615,0,0.8515625,605.6986083984375,540.3155517578125,234.56185913085938,261.9864807128906,20250225-154521
312,18446744073709551615,0,0.9326171875,423.23712158203125,0.50811767578125,505.513671875,647.6309814453125,20250225-154521
312,18446744073709551615,0,0.94189453125,255.63592529296875,577.8988037109375,969.2244873046875,813.9695434570312,20250225-154521
313,18446744073709551615,0,0.60595703125,699.380859375,1447.785888671875,80.80618286132812,126.27639770507812,20250225-154521
313,18446744073709551615,0,0.6123046875,766.0184326171875,1754.5382080078125,164.75299072265625,302.0195617675781,20250225-154521
313,18446744073709551615,0,0.6435546875,686.6396484375,753.7586669921875,64.27546691894531,83.5645751953125,20250225-154521
313,18446744073709551615,0,0.66650390625,686.5900268554688,1860.987060546875,58.141845703125,88.67239379882812,20250225-154521
313,18446744073709551615,0,0.73046875,463.9962158203125,846.525146484375,147.01547241210938,298.3979187011719,20250225-154521
313,18446744073709551615,0,0.76708984375,598.235595703125,1599.1234130859375,270.52606201171875,261.6298828125,20250225-154521
313,18446744073709551615,0,0.7919921875,665.2567749023438,1571.328369140625,95.5601806640625,102.88430786132812,20250225-154521
313,18446744073709551615,0,0.8017578125,622.28466796875,1217.8828125,281.1646728515625,325.9543762207031,20250225-154521
313,18446744073709551615,0,0.84716796875,607.904296875,540.6005859375,233.58782958984375,259.8864440917969,20250225-154521
313,18446744073709551615,0,0.93408203125,426.56854248046875,0.887237548828125,509.2591552734375,644.1893310546875,20250225-154521
313,18446744073709551615,0,0.9423828125,254.70721435546875,577.9099731445312,967.3591918945312,814.7109375,20250225-154521
314,18446744073709551615,0,0.56201171875,700.494384765625,1444.942626953125,81.671630859375,125.291748046875,20250225-154521
314,18446744073709551615,0,0.59375,496.0067138671875,588.9554443359375,130.9558868408203,276.0108947753906,20250225-154521
314,18446744073709551615,0,0.62158203125,764.5977172851562,1754.678466796875,164.619873046875,303.7894592285156,20250225-154521
314,18446744073709551615,0,0.63525390625,686.6885375976562,753.4553833007812,65.277099609375,84.70962524414062,20250225-154521
314,18446744073709551615,0,0.66796875,599.306396484375,1598.242919921875,270.132568359375,258.4984130859375,20250225-154521
314,18446744073709551615,0,0.6767578125,687.6070556640625,1860.067626953125,59.0262451171875,88.8116455078125,20250225-154521
314,18446744073709551615,0,0.787109375,666.4465942382812,1571.801025390625,94.9954833984375,102.58465576171875,20250225-154521
314,18446744073709551615,0,0.79443359375,623.7229614257812,1214.3370361328125,286.00579833984375,325.4028625488281,20250225-154521
314,18446744073709551615,0,0.83544921875,464.7067565917969,846.1973876953125,159.98611450195312,297.986572265625,20250225-154521
314,18446744073709551615,0,0.849609375,609.29150390625,542.1236572265625,231.40090942382812,256.4555969238281,20250225-154521
314,18446744073709551615,0,0.93505859375,428.24560546875,0.9098052978515625,515.2135620117188,641.2413330078125,20250225-154521
314,18446744073709551615,0,0.939453125,256.59649658203125,578.4210815429688,967.3809814453125,812.8419799804688,20250225-154521
315,18446744073709551615,0,0.490234375,700.2767944335938,1446.12890625,81.10995483398438,122.05673217773438,20250225-154521
315,18446744073709551615,0,0.5419921875,496.65032958984375,591.795654296875,126.73246765136719,273.78387451171875,20250225-154521
315,18446744073709551615,0,0.6376953125,687.5203857421875,753.7540893554688,65.29499816894531,84.56954956054688,20250225-154521
315,18446744073709551615,0,0.65478515625,599.853759765625,1597.710205078125,267.96295166015625,256.3472900390625,20250225-154521
315,18446744073709551615,0,0.6591796875,767.4080810546875,1755.091552734375,164.18499755859375,301.94329833984375,20250225-154521
315,18446744073709551615,0,0.70556640625,687.766845703125,1859.1494140625,60.1270751953125,88.72439575195312,20250225-154521
315,18446744073709551615,0,0.73779296875,626.0887451171875,1213.7274169921875,298.3061828613281,325.16510009765625,20250225-154521
315,18446744073709551615,0,0.7724609375,666.3656616210938,1572.531005859375,94.70379638671875,102.43478393554688,20250225-154521
315,18446744073709551615,0,0.82177734375,464.5400390625,844.902099609375,158.84893798828125,298.102294921875,20250225-154521
315,18446744073709551615,0,0.8525390625,608.89453125,541.47314453125,233.94039916992188,256.3710021972656,20250225-154521
315,18446744073709551615,0,0.9384765625,430.64886474609375,0.7201995849609375,518.9317016601562,638.6214599609375,20250225-154521
315,18446744073709551615,0,0.9423828125,258.5408935546875,578.0125122070312,963.2039794921875,810.2244873046875,20250225-154521
316,18446744073709551615,0,0.2127685546875,707.9998168945312,502.4367370605469,99.70262145996094,85.92453002929688,20250225-154522
316,18446744073709551615,0,0.57958984375,496.742431640625,591.682861328125,122.06153869628906,274.7978210449219,20250225-154522
316,18446744073709551615,0,0.6298828125,699.5454711914062,1447.778076171875,81.60772705078125,126.30569458007812,20250225-154522
316,18446744073709551615,0,0.669921875,687.1726684570312,753.364990234375,65.27188110351562,83.98599243164062,20250225-154522
316,18446744073709551615,0,0.673828125,762.1543579101562,1754.8201904296875,164.35400390625,306.4529113769531,20250225-154522
316,18446744073709551615,0,0.75146484375,687.7796630859375,1856.8948974609375,62.14617919921875,88.19467163085938,20250225-154522
316,18446744073709551615,0,0.76220703125,666.0422973632812,1572.08935546875,96.9349365234375,102.85482788085938,20250225-154522
316,18446744073709551615,0,0.77587890625,599.73486328125,1591.0528564453125,270.9642333984375,259.7432556152344,20250225-154522
316,18446744073709551615,0,0.791015625,464.61859130859375,844.0244750976562,152.14883422851562,298.0943298339844,20250225-154522
316,18446744073709551615,0,0.79296875,623.971435546875,1214.598388671875,284.9403076171875,324.2457275390625,20250225-154522
316,18446744073709551615,0,0.8564453125,608.1820678710938,540.815673828125,234.36593627929688,259.4643859863281,20250225-154522
316,18446744073709551615,0,0.93701171875,429.0831298828125,0.7215728759765625,521.7781372070312,640.10107421875,20250225-154522
316,18446744073709551615,0,0.94140625,256.5546569824219,577.4652099609375,967.2388916015625,813.0010986328125,20250225-154522
317,18446744073709551615,0,0.5205078125,496.4783020019531,593.1513671875,119.05467224121094,275.29962158203125,20250225-154522
317,18446744073709551615,0,0.6123046875,764.7365112304688,1754.4678955078125,164.80389404296875,304.0520324707031,20250225-154522
317,18446744073709551615,0,0.62451171875,697.9461669921875,1446.019287109375,84.49649047851562,126.76263427734375,20250225-154522
317,18446744073709551615,0,0.63525390625,686.927001953125,750.0184936523438,68.017822265625,82.19989013671875,20250225-154522
317,18446744073709551615,0,0.755859375,687.5971069335938,1855.658935546875,63.38104248046875,89.70245361328125,20250225-154522
317,18446744073709551615,0,0.755859375,664.6997680664062,1572.6192626953125,98.01507568359375,103.98019409179688,20250225-154522
317,18446744073709551615,0,0.763671875,626.2904663085938,1210.7265625,303.2853698730469,322.7580871582031,20250225-154522
317,18446744073709551615,0,0.77978515625,462.8725891113281,844.5825805664062,147.30715942382812,298.98284912109375,20250225-154522
317,18446744073709551615,0,0.79052734375,599.630615234375,1601.91259765625,259.1458740234375,259.680908203125,20250225-154522
317,18446744073709551615,0,0.84423828125,607.9193115234375,541.4382934570312,230.86798095703125,258.7508239746094,20250225-154522
317,18446744073709551615,0,0.93603515625,257.2703857421875,578.217041015625,965.3333129882812,811.63037109375,20250225-154522
317,18446744073709551615,0,0.93603515625,428.5546875,0.7238616943359375,524.0564575195312,640.626708984375,20250225-154522
318,18446744073709551615,0,0.515625,698.58984375,1447.16552734375,84.68023681640625,125.50167846679688,20250225-154522
318,18446744073709551615,0,0.55908203125,497.81634521484375,591.0709228515625,119.39122009277344,271.1728820800781,20250225-154522
318,18446744073709551615,0,0.6142578125,768.14208984375,1753.9522705078125,165.32647705078125,300.2724609375,20250225-154522
318,18446744073709551615,0,0.673828125,687.1365966796875,753.0740966796875,65.42715454101562,83.35574340820312,20250225-154522
318,18446744073709551615,0,0.7373046875,665.4296264648438,1572.1380615234375,98.83905029296875,103.35086059570312,20250225-154522
318,18446744073709551615,0,0.74609375,623.4422607421875,1209.581787109375,286.1999816894531,314.0162658691406,20250225-154522
318,18446744073709551615,0,0.7490234375,462.4322204589844,844.3936157226562,144.8572998046875,300.30450439453125,20250225-154522
318,18446744073709551615,0,0.75048828125,687.6929931640625,1856.507080078125,62.531982421875,90.77581787109375,20250225-154522
318,18446744073709551615,0,0.78662109375,600.0444946289062,1595.7938232421875,264.30322265625,260.26593017578125,20250225-154522
318,18446744073709551615,0,0.85498046875,609.7282104492188,541.0621337890625,232.75827026367188,257.1019592285156,20250225-154522
318,18446744073709551615,0,0.9326171875,429.38873291015625,0.7320556640625,526.8827514648438,639.7510986328125,20250225-154522
318,18446744073709551615,0,0.94189453125,254.888671875,577.979248046875,967.5823974609375,814.9000854492188,20250225-154522
319,18446744073709551615,0,0.383056640625,700.0001220703125,1416.022705078125,113.5924072265625,119.39035034179688,20250225-154522
319,18446744073709551615,0,0.60205078125,498.785888671875,590.3038330078125,118.02337646484375,268.36578369140625,20250225-154522
319,18446744073709551615,0,0.63525390625,770.9496459960938,1754.3955078125,164.779541015625,297.6784973144531,20250225-154522
319,18446744073709551615,0,0.6494140625,686.1458740234375,753.580810546875,64.640625,85.30133056640625,20250225-154522
319,18446744073709551615,0,0.73486328125,600.2136840820312,1599.863525390625,257.52191162109375,256.6815490722656,20250225-154522
319,18446744073709551615,0,0.73486328125,666.266845703125,1573.9130859375,100.33502197265625,103.22369384765625,20250225-154522
319,18446744073709551615,0,0.787109375,687.9450073242188,1854.7197265625,64.269287109375,90.36758422851562,20250225-154522
319,18446744073709551615,0,0.822265625,622.4240112304688,1208.517333984375,289.4219970703125,324.87542724609375,20250225-154522
319,18446744073709551615,0,0.8369140625,462.00531005859375,843.9261474609375,158.80966186523438,302.55816650390625,20250225-154522
319,18446744073709551615,0,0.85302734375,610.7546997070312,541.0443115234375,233.99102783203125,256.3125915527344,20250225-154522
319,18446744073709551615,0,0.93115234375,430.87957763671875,0.368499755859375,531.118408203125,639.5765380859375,20250225-154522
319,18446744073709551615,0,0.94482421875,254.90093994140625,578.0795288085938,967.24658203125,814.6668090820312,20250225-154522
320,18446744073709551615,0,0.402587890625,699.5599365234375,1437.6419677734375,94.83041381835938,121.23788452148438,20250225-154522
320,18446744073709551615,0,0.61962890625,498.8759765625,588.3294677734375,119.33619689941406,272.3187561035156,20250225-154522
320,18446744073709551615,0,0.62451171875,686.7327880859375,751.3880004882812,67.11286926269531,85.427490234375,20250225-154522
320,18446744073709551615,0,0.69189453125,601.8865966796875,1661.45068359375,193.89404296875,251.9476318359375,20250225-154522
320,18446744073709551615,0,0.69287109375,765.3607177734375,1754.38623046875,164.672607421875,304.5830383300781,20250225-154522
320,18446744073709551615,0,0.75146484375,667.1317749023438,1574.97802734375,108.078369140625,104.13665771484375,20250225-154522
320,18446744073709551615,0,0.7919921875,688.4617309570312,1854.161865234375,64.83892822265625,91.26388549804688,20250225-154522
320,18446744073709551615,0,0.8017578125,621.7772216796875,1212.916748046875,284.9300537109375,326.0980224609375,20250225-154522
320,18446744073709551615,0,0.8173828125,461.28424072265625,843.8349609375,153.36996459960938,304.5926513671875,20250225-154522
320,18446744073709551615,0,0.8466796875,611.6148681640625,542.3307495117188,235.36569213867188,257.0372314453125,20250225-154522
320,18446744073709551615,0,0.9296875,433.2806396484375,0.731414794921875,529.929931640625,636.677490234375,20250225-154522
320,18446744073709551615,0,0.94482421875,255.07823181152344,578.220703125,967.9874267578125,814.8131103515625,20250225-154522
321,18446744073709551615,0,0.4775390625,698.5655517578125,1431.3150634765625,99.3544921875,124.0279541015625,20250225-154522
321,18446744073709551615,0,0.4892578125,498.97869873046875,586.162109375,120.15211486816406,277.4312438964844,20250225-154522
321,18446744073709551615,0,0.65771484375,766.74609375,1755.0816650390625,164.09197998046875,301.6982116699219,20250225-154522
321,18446744073709551615,0,0.67919921875,686.1441650390625,751.680419921875,67.36042785644531,85.38592529296875,20250225-154522
321,18446744073709551615,0,0.763671875,602.2651977539062,1662.022216796875,191.9710693359375,253.5399169921875,20250225-154522
321,18446744073709551615,0,0.76416015625,666.8023681640625,1574.0511474609375,107.052978515625,104.44866943359375,20250225-154522
321,18446744073709551615,0,0.8056640625,688.4514770507812,1854.08544921875,64.912353515625,91.18048095703125,20250225-154522
321,18446744073709551615,0,0.8134765625,622.5642700195312,1213.5875244140625,283.9924621582031,323.32891845703125,20250225-154522
321,18446744073709551615,0,0.8466796875,461.74749755859375,842.265869140625,164.22271728515625,302.3953857421875,20250225-154522
321,18446744073709551615,0,0.84814453125,610.1658325195312,542.55810546875,232.77584838867188,257.9748229980469,20250225-154522
321,18446744073709551615,0,0.93310546875,434.57684326171875,0.5438232421875,530.1212158203125,635.4228515625,20250225-154522
321,18446744073709551615,0,0.94580078125,254.5272216796875,578.8471069335938,967.8971557617188,815.165771484375,20250225-154522
322,18446744073709551615,0,0.382080078125,699.1235961914062,1444.070556640625,89.34869384765625,127.51739501953125,20250225-154522
322,18446744073709551615,0,0.57470703125,498.79779052734375,584.4652099609375,121.64735412597656,272.865966796875,20250225-154522
322,18446744073709551615,0,0.61767578125,686.6511840820312,750.7398681640625,67.95062255859375,83.370849609375,20250225-154522
322,18446744073709551615,0,0.62255859375,766.9002685546875,1753.749755859375,165.460693359375,304.88250732421875,20250225-154522
322,18446744073709551615,0,0.74169921875,602.337158203125,1657.453125,199.31964111328125,255.43505859375,20250225-154522
322,18446744073709551615,0,0.74755859375,665.3655395507812,1574.193603515625,106.38482666015625,105.0087890625,20250225-154522
322,18446744073709551615,0,0.79052734375,623.5929565429688,1214.218505859375,276.7826843261719,303.6156921386719,20250225-154522
322,18446744073709551615,0,0.8056640625,687.41943359375,1854.31787109375,64.7252197265625,91.3194580078125,20250225-154522
322,18446744073709551615,0,0.8193359375,461.980224609375,841.2545166015625,152.29962158203125,301.01715087890625,20250225-154522
322,18446744073709551615,0,0.8408203125,610.1819458007812,542.2525634765625,231.54556274414062,256.6786193847656,20250225-154522
322,18446744073709551615,0,0.93017578125,434.9150390625,0.91204833984375,529.00830078125,634.99169921875,20250225-154522
322,18446744073709551615,0,0.9443359375,254.53363037109375,577.9857177734375,966.0157470703125,815.4640502929688,20250225-154522
323,18446744073709551615,0,0.46875,699.4531860351562,1449.392333984375,80.741455078125,95.03146362304688,20250225-154522
323,18446744073709551615,0,0.6259765625,764.3765258789062,1754.646240234375,164.53875732421875,303.6847229003906,20250225-154522
323,18446744073709551615,0,0.64794921875,686.2315673828125,751.1005249023438,67.26960754394531,84.488525390625,20250225-154522
323,18446744073709551615,0,0.6513671875,498.95709228515625,583.4486083984375,121.9097900390625,267.5364990234375,20250225-154522
323,18446744073709551615,0,0.7294921875,665.4354858398438,1573.9376220703125,105.05108642578125,104.48867797851562,20250225-154522
323,18446744073709551615,0,0.7333984375,602.3404541015625,1635.2772216796875,217.77447509765625,258.5400695800781,20250225-154522
323,18446744073709551615,0,0.79736328125,623.3651733398438,1214.183837890625,278.89837646484375,302.81304931640625,20250225-154522
323,18446744073709551615,0,0.8056640625,686.7145385742188,1853.86181640625,65.1331787109375,92.92959594726562,20250225-154522
323,18446744073709551615,0,0.8134765625,460.4762878417969,841.1640625,149.1807861328125,302.4261474609375,20250225-154522
323,18446744073709551615,0,0.84326171875,609.2085571289062,540.4008178710938,234.92807006835938,258.1634216308594,20250225-154522
323,18446744073709551615,0,0.92822265625,434.5462646484375,0.908935546875,528.3191528320312,634.96826171875,20250225-154522
323,18446744073709551615,0,0.9462890625,254.7088623046875,577.6807250976562,967.0894775390625,815.0348510742188,20250225-154522
324,18446744073709551615,0,0.544921875,701.1837158203125,1447.5355224609375,78.308349609375,122.94204711914062,20250225-154522
324,18446744073709551615,0,0.630859375,499.4739990234375,581.6884765625,123.36781311035156,268.5018310546875,20250225-154522
324,18446744073709551615,0,0.65771484375,766.4219970703125,1754.347900390625,164.827880859375,303.7253723144531,20250225-154522
324,18446744073709551615,0,0.66796875,686.6471557617188,752.5768432617188,65.69952392578125,84.73635864257812,20250225-154522
324,18446744073709551615,0,0.736328125,666.3019409179688,1573.83154296875,102.7760009765625,103.73583984375,20250225-154522
324,18446744073709551615,0,0.7568359375,604.01513671875,1637.2928466796875,217.70233154296875,257.447021484375,20250225-154522
324,18446744073709551615,0,0.8056640625,686.6832275390625,1854.1904296875,64.84698486328125,93.93814086914062,20250225-154522
324,18446744073709551615,0,0.80859375,460.7888488769531,841.0048828125,148.60079956054688,303.3057861328125,20250225-154522
324,18446744073709551615,0,0.82275390625,623.001220703125,1213.766357421875,271.8468933105469,280.059814453125,20250225-154522
324,18446744073709551615,0,0.845703125,608.4212036132812,542.5145874023438,232.77557373046875,258.40594482421875,20250225-154522
324,18446744073709551615,0,0.93115234375,435.650390625,0.7177276611328125,526.3474731445312,634.1419677734375,20250225-154522
324,18446744073709551615,0,0.94482421875,254.5304718017578,578.5968017578125,967.4342651367188,815.605224609375,20250225-154522
325,18446744073709551615,0,0.448486328125,702.4597778320312,1446.8572998046875,82.0836181640625,127.01495361328125,20250225-154522
325,18446744073709551615,0,0.53515625,500.9022216796875,577.0235595703125,127.41682434082031,270.81903076171875,20250225-154522
325,18446744073709551615,0,0.63720703125,770.7196655273438,1754.4554443359375,164.6326904296875,296.8359375,20250225-154522
325,18446744073709551615,0,0.6533203125,686.8712768554688,753.18994140625,65.1785888671875,85.30233764648438,20250225-154522
325,18446744073709551615,0,0.72705078125,604.47119140625,1595.3953857421875,256.82171630859375,257.12530517578125,20250225-154522
325,18446744073709551615,0,0.75830078125,666.2792358398438,1572.0640869140625,95.33294677734375,102.64801025390625,20250225-154522
325,18446744073709551615,0,0.7607421875,461.3180236816406,841.3570556640625,138.72528076171875,303.0347900390625,20250225-154522
325,18446744073709551615,0,0.796875,623.3999633789062,1214.6905517578125,274.1795654296875,284.019287109375,20250225-154522
325,18446744073709551615,0,0.806640625,688.4593505859375,1853.654541015625,65.390625,92.94122314453125,20250225-154522
325,18446744073709551615,0,0.8486328125,609.9495849609375,541.455810546875,234.86727905273438,258.5724792480469,20250225-154522
325,18446744073709551615,0,0.93359375,434.5729064941406,0.52880859375,524.37158203125,634.8348999023438,20250225-154522
325,18446744073709551615,0,0.94287109375,254.1602783203125,578.4050903320312,967.79443359375,815.7886962890625,20250225-154522
326,18446744073709551615,0,0.3857421875,703.85595703125,1446.48291015625,77.60659790039062,120.29489135742188,20250225-154522
326,18446744073709551615,0,0.58056640625,767.21337890625,1754.6806640625,164.5030517578125,301.4637451171875,20250225-154522
326,18446744073709551615,0,0.60693359375,500.89837646484375,574.8250732421875,130.11474609375,271.282470703125,20250225-154522
326,18446744073709551615,0,0.68408203125,686.608154296875,754.169189453125,64.14825439453125,86.11514282226562,20250225-154522
326,18446744073709551615,0,0.7568359375,604.1775512695312,1592.86376953125,261.6397705078125,258.2607421875,20250225-154522
326,18446744073709551615,0,0.76708984375,666.9981079101562,1573.60986328125,95.47723388671875,102.14895629882812,20250225-154522
326,18446744073709551615,0,0.7939453125,623.4182739257812,1215.9208984375,271.3417053222656,286.0752868652344,20250225-154522
326,18446744073709551615,0,0.8115234375,686.8895263671875,1853.521240234375,65.5224609375,94.77960205078125,20250225-154522
326,18446744073709551615,0,0.81396484375,461.68212890625,841.188232421875,143.5810546875,302.0545349121094,20250225-154522
326,18446744073709551615,0,0.853515625,610.2171020507812,541.6240234375,234.62017822265625,258.2851867675781,20250225-154522
326,18446744073709551615,0,0.9287109375,433.84259033203125,0.71942138671875,522.6461791992188,635.2928466796875,20250225-154522
326,18446744073709551615,0,0.94384765625,255.28811645507812,578.94873046875,965.2459716796875,814.4595336914062,20250225-154522
327,18446744073709551615,0,0.42724609375,704.5723876953125,1447.3798828125,75.95635986328125,118.85174560546875,20250225-154522
327,18446744073709551615,0,0.57568359375,765.1417236328125,1754.713134765625,163.7706298828125,307.0682373046875,20250225-154522
327,18446744073709551615,0,0.6591796875,499.7420654296875,571.98095703125,133.3644561767578,273.08935546875,20250225-154522
327,18446744073709551615,0,0.66650390625,686.9654541015625,754.7452392578125,63.1083984375,84.31365966796875,20250225-154522
327,18446744073709551615,0,0.69580078125,604.3276977539062,1598.30615234375,255.42919921875,256.724853515625,20250225-154522
327,18446744073709551615,0,0.75146484375,666.6505126953125,1573.40966796875,98.8787841796875,103.5875244140625,20250225-154522
327,18446744073709551615,0,0.79833984375,685.8328857421875,1853.23095703125,65.88043212890625,95.99588012695312,20250225-154522
327,18446744073709551615,0,0.81005859375,622.5712280273438,1214.748779296875,275.0290832519531,289.8569641113281,20250225-154522
327,18446744073709551615,0,0.81005859375,462.013916015625,840.816650390625,143.24826049804688,301.0108337402344,20250225-154522
327,18446744073709551615,0,0.849609375,609.9611206054688,541.2750244140625,235.12445068359375,257.20477294921875,20250225-154522
327,18446744073709551615,0,0.92724609375,432.7001953125,0.7201080322265625,520.4168090820312,636.8468017578125,20250225-154522
327,18446744073709551615,0,0.94189453125,254.7015380859375,578.5575561523438,967.1063232421875,815.0249633789062,20250225-154522
328,18446744073709551615,0,0.442626953125,706.310302734375,1449.730712890625,73.97259521484375,118.69692993164062,20250225-154522
328,18446744073709551615,0,0.64892578125,765.3819580078125,1754.67626953125,164.59625244140625,303.1973876953125,20250225-154522
328,18446744073709551615,0,0.650390625,499.6556396484375,568.3604736328125,137.15963745117188,273.6199951171875,20250225-154522
328,18446744073709551615,0,0.6689453125,604.2160034179688,1595.11376953125,259.436279296875,255.2266845703125,20250225-154522
328,18446744073709551615,0,0.67041015625,686.82421875,752.9850463867188,65.69380187988281,84.61129760742188,20250225-154522
328,18446744073709551615,0,0.76953125,666.0554809570312,1573.09130859375,97.128662109375,103.4542236328125,20250225-154522
328,18446744073709551615,0,0.8037109375,685.7971801757812,1852.710205078125,66.265869140625,97.12802124023438,20250225-154522
328,18446744073709551615,0,0.82177734375,622.5331420898438,1215.134765625,271.987060546875,281.87127685546875,20250225-154522
328,18446744073709551615,0,0.83203125,460.46942138671875,840.3850708007812,144.542724609375,302.5037841796875,20250225-154522
328,18446744073709551615,0,0.8466796875,609.3495483398438,540.4444580078125,234.29580688476562,256.90667724609375,20250225-154522
328,18446744073709551615,0,0.92919921875,431.6838684082031,1.09002685546875,518.2340087890625,637.927001953125,20250225-154522
328,18446744073709551615,0,0.943359375,254.3294677734375,579.1334838867188,966.7000122070312,815.4473876953125,20250225-154522
329,18446744073709551615,0,0.383056640625,707.922607421875,1441.6409912109375,84.15829467773438,128.94287109375,20250225-154522
329,18446744073709551615,0,0.60107421875,770.9718017578125,1754.2451171875,165.0333251953125,298.1296691894531,20250225-154522
329,18446744073709551615,0,0.66650390625,604.2857666015625,1591.26123046875,263.9600830078125,230.0679931640625,20250225-154522
329,18446744073709551615,0,0.68701171875,686.7753295898438,752.4998779296875,65.44866943359375,84.0706787109375,20250225-154522
329,18446744073709551615,0,0.6953125,499.7895812988281,567.8756103515625,138.2910919189453,272.97821044921875,20250225-154522
329,18446744073709551615,0,0.787109375,666.2107543945312,1572.2552490234375,95.46368408203125,102.52560424804688,20250225-154522
329,18446744073709551615,0,0.80908203125,684.782958984375,1853.1368408203125,65.984619140625,98.41351318359375,20250225-154522
329,18446744073709551615,0,0.8134765625,622.9324951171875,1215.3017578125,271.75323486328125,287.0028991699219,20250225-154522
329,18446744073709551615,0,0.8291015625,461.88812255859375,840.7644653320312,145.91098022460938,301.8785705566406,20250225-154522
329,18446744073709551615,0,0.84716796875,608.9661254882812,540.6033325195312,234.08624267578125,258.2771301269531,20250225-154522
329,18446744073709551615,0,0.9267578125,430.42694091796875,0.7207489013671875,514.7615966796875,639.3140869140625,20250225-154522
329,18446744073709551615,0,0.9423828125,254.32406616210938,578.9337158203125,966.5225830078125,815.384033203125,20250225-154522
330,18446744073709551615,0,0.393310546875,709.191650390625,1439.9912109375,87.61331176757812,112.46685791015625,20250225-154522
330,18446744073709551615,0,0.65673828125,686.1403198242188,752.306396484375,65.68853759765625,84.93411254882812,20250225-154522
330,18446744073709551615,0,0.66357421875,765.093994140625,1755.4273681640625,163.9954833984375,304.6629638671875,20250225-154522
330,18446744073709551615,0,0.71044921875,604.9652709960938,1592.4638671875,262.3787841796875,250.66525268554688,20250225-154522
330,18446744073709551615,0,0.7861328125,666.2349243164062,1571.9462890625,94.9764404296875,102.43478393554688,20250225-154522
330,18446744073709551615,0,0.80126953125,623.2069702148438,1214.672119140625,274.1439514160156,288.3346252441406,20250225-154522
330,18446744073709551615,0,0.83203125,685.2086791992188,1852.634521484375,66.154541015625,97.84872436523438,20250225-154522
330,18446744073709551615,0,0.8359375,461.23809814453125,840.423095703125,150.53887939453125,302.5743713378906,20250225-154522
330,18446744073709551615,0,0.8369140625,609.8818359375,536.7347412109375,238.43930053710938,258.8887023925781,20250225-154522
330,18446744073709551615,0,0.92919921875,429.49786376953125,0.721710205078125,510.962158203125,640.2330322265625,20250225-154522
330,18446744073709551615,0,0.9443359375,254.88858032226562,578.7847290039062,965.574462890625,815.0308227539062,20250225-154522
331,18446744073709551615,0,0.37939453125,711.0662841796875,1442.699462890625,85.98028564453125,113.95953369140625,20250225-154522
331,18446744073709551615,0,0.66015625,770.545166015625,1755.4456787109375,163.87994384765625,299.6355285644531,20250225-154522
331,18446744073709551615,0,0.6669921875,686.5068969726562,752.6868286132812,65.44633483886719,84.58795166015625,20250225-154522
331,18446744073709551615,0,0.689453125,605.1650390625,1592.3642578125,260.42303466796875,249.05548095703125,20250225-154522
331,18446744073709551615,0,0.7626953125,666.2215576171875,1571.807373046875,97.68402099609375,102.99160766601562,20250225-154522
331,18446744073709551615,0,0.8173828125,623.4878540039062,1214.5238037109375,274.10064697265625,285.2941589355469,20250225-154522
331,18446744073709551615,0,0.8232421875,685.8191528320312,1852.353515625,66.71356201171875,98.21795654296875,20250225-154522
331,18446744073709551615,0,0.82666015625,460.490478515625,840.3502197265625,149.9263916015625,302.8633117675781,20250225-154522
331,18446744073709551615,0,0.84716796875,609.978271484375,539.5079345703125,235.43829345703125,259.3978271484375,20250225-154522
331,18446744073709551615,0,0.92822265625,429.76373291015625,1.566009521484375,505.6365966796875,639.1485595703125,20250225-154522
331,18446744073709551615,0,0.9443359375,254.31655883789062,578.9961547851562,965.2033081054688,815.633056640625,20250225-154522
332,18446744073709551615,0,0.338134765625,712.9099731445312,1441.848388671875,88.66452026367188,64.23348999023438,20250225-154522
332,18446744073709551615,0,0.65673828125,686.9089965820312,754.162841796875,64.10916137695312,84.59335327148438,20250225-154522
332,18446744073709551615,0,0.66796875,769.0175170898438,1754.4693603515625,164.90277099609375,299.4886779785156,20250225-154522
332,18446744073709551615,0,0.69189453125,605.55078125,1628.7645263671875,225.57110595703125,252.925048828125,20250225-154522
332,18446744073709551615,0,0.75,666.3980712890625,1573.887451171875,102.47882080078125,103.36990356445312,20250225-154522
332,18446744073709551615,0,0.80615234375,623.562255859375,1213.468017578125,277.4354553222656,305.7861328125,20250225-154522
332,18446744073709551615,0,0.81005859375,460.666259765625,840.2464599609375,146.64834594726562,302.6551208496094,20250225-154522
332,18446744073709551615,0,0.8154296875,685.3096923828125,1852.828857421875,66.09136962890625,98.05224609375,20250225-154522
332,18446744073709551615,0,0.83447265625,609.96875,539.269775390625,236.16494750976562,259.181396484375,20250225-154522
332,18446744073709551615,0,0.92724609375,428.67205810546875,1.573974609375,503.29833984375,640.0321044921875,20250225-154522
332,18446744073709551615,0,0.94384765625,254.8868408203125,579.1459350585938,964.8599853515625,815.0414428710938,20250225-154522
333,18446744073709551615,0,0.368408203125,714.5504150390625,1447.45361328125,83.79885864257812,65.22592163085938,20250225-154522
333,18446744073709551615,0,0.6435546875,764.282958984375,1753.9273681640625,165.25689697265625,304.311767578125,20250225-154522
333,18446744073709551615,0,0.6591796875,687.538330078125,752.2322387695312,65.77606201171875,85.05990600585938,20250225-154522
333,18446744073709551615,0,0.7255859375,606.6339111328125,1653.9287109375,199.06219482421875,255.65908813476562,20250225-154522
333,18446744073709551615,0,0.7431640625,666.0693969726562,1574.736328125,98.64569091796875,104.07513427734375,20250225-154522
333,18446744073709551615,0,0.78662109375,461.03887939453125,840.3421630859375,136.63916015625,302.77276611328125,20250225-154522
333,18446744073709551615,0,0.806640625,685.9012451171875,1852.7926025390625,66.02471923828125,97.244384765625,20250225-154522
333,18446744073709551615,0,0.80859375,623.9815673828125,1214.792236328125,271.8641052246094,285.83001708984375,20250225-154522
333,18446744073709551615,0,0.853515625,610.8506469726562,539.1567993164062,237.15179443359375,260.1829833984375,20250225-154522
333,18446744073709551615,0,0.923828125,428.4752197265625,1.401123046875,498.49481201171875,640.059814453125,20250225-154522
333,18446744073709551615,0,0.94482421875,254.82275390625,578.6715087890625,965.1751098632812,815.1824340820312,20250225-154522
334,18446744073709551615,0,0.388671875,714.9927978515625,1441.924072265625,91.61151123046875,110.97390747070312,20250225-154522
334,18446744073709551615,0,0.6142578125,687.9461059570312,752.9879150390625,64.5596923828125,84.29498291015625,20250225-154522
334,18446744073709551615,0,0.662109375,765.6468505859375,1753.598876953125,165.56231689453125,302.38128662109375,20250225-154522
334,18446744073709551615,0,0.74755859375,666.8128051757812,1575.359619140625,100.56134033203125,104.30731201171875,20250225-154522
334,18446744073709551615,0,0.76220703125,605.9690551757812,1646.69482421875,207.3427734375,257.7228698730469,20250225-154522
334,18446744073709551615,0,0.78515625,460.15667724609375,840.0239868164062,137.74017333984375,304.2110595703125,20250225-154522
334,18446744073709551615,0,0.8056640625,686.25146484375,1852.9478759765625,65.91815185546875,97.5699462890625,20250225-154522
334,18446744073709551615,0,0.822265625,624.493896484375,1213.238037109375,274.4726257324219,282.27685546875,20250225-154522
334,18446744073709551615,0,0.83447265625,610.7493896484375,539.481689453125,236.27297973632812,257.5250244140625,20250225-154522
334,18446744073709551615,0,0.9248046875,427.88873291015625,1.401214599609375,493.7791748046875,640.139404296875,20250225-154522
334,18446744073709551615,0,0.94580078125,255.1929931640625,577.9756469726562,966.0889892578125,814.6488647460938,20250225-154522
335,18446744073709551615,0,0.418701171875,716.9107666015625,1443.673583984375,91.27203369140625,59.370849609375,20250225-154522
335,18446744073709551615,0,0.57275390625,686.9239501953125,752.9525146484375,65.80233764648438,83.4561767578125,20250225-154522
335,18446744073709551615,0,0.61962890625,766.3568115234375,1754.1610107421875,165.11279296875,302.7973937988281,20250225-154522
335,18446744073709551615,0,0.74853515625,665.3538208007812,1572.93798828125,105.3021240234375,105.0791015625,20250225-154522
335,18446744073709551615,0,0.76904296875,605.6255493164062,1658.4931640625,196.22314453125,258.9502258300781,20250225-154522
335,18446744073709551615,0,0.77880859375,459.6064453125,839.123779296875,150.9803466796875,302.3453063964844,20250225-154522
335,18446744073709551615,0,0.80078125,685.2745971679688,1852.786376953125,66.2255859375,98.35354614257812,20250225-154522
335,18446744073709551615,0,0.8115234375,623.65869140625,1214.8897705078125,277.8080749511719,310.29913330078125,20250225-154522
335,18446744073709551615,0,0.83203125,610.4327392578125,539.474609375,235.0096435546875,257.21923828125,20250225-154522
335,18446744073709551615,0,0.92236328125,424.27679443359375,1.6175537109375,488.783935546875,644.197265625,20250225-154522
335,18446744073709551615,0,0.9443359375,255.39060974121094,577.1881713867188,965.410400390625,814.2099609375,20250225-154522
336,18446744073709551615,0,0.338134765625,719.2073364257812,1447.1171875,90.89630126953125,70.08700561523438,20250225-154522
336,18446744073709551615,0,0.55810546875,687.0785522460938,754.2255859375,65.34274291992188,83.97537231445312,20250225-154522
336,18446744073709551615,0,0.7001953125,765.40234375,1754.4744873046875,164.79254150390625,303.17449951171875,20250225-154522
336,18446744073709551615,0,0.73876953125,604.8704223632812,1599.14208984375,254.12896728515625,261.1850280761719,20250225-154522
336,18446744073709551615,0,0.74462890625,609.0730590820312,535.4566650390625,238.87271118164062,259.8602600097656,20250225-154522
336,18446744073709551615,0,0.74560546875,664.3024291992188,1571.846923828125,98.46185302734375,104.66921997070312,20250225-154522
336,18446744073709551615,0,0.76611328125,457.83306884765625,838.99365234375,153.75466918945312,304.1629943847656,20250225-154522
336,18446744073709551615,0,0.80908203125,622.9000854492188,1214.0042724609375,281.6521911621094,313.256103515625,20250225-154522
336,18446744073709551615,0,0.81396484375,684.5819091796875,1852.4322509765625,66.67950439453125,99.14144897460938,20250225-154522
336,18446744073709551615,0,0.9248046875,421.12518310546875,1.408172607421875,483.9106750488281,646.856689453125,20250225-154522
336,18446744073709551615,0,0.94580078125,253.20401000976562,578.304931640625,966.456298828125,816.3414916992188,20250225-154522
337,18446744073709551615,0,0.4140625,719.8714599609375,1445.0921630859375,94.77996826171875,58.153289794921875,20250225-154522
337,18446744073709551615,0,0.61767578125,687.0523681640625,754.3984375,63.64668273925781,84.46343994140625,20250225-154522
337,18446744073709551615,0,0.64794921875,762.6221923828125,1756.123779296875,163.30224609375,307.1646423339844,20250225-154522
337,18446744073709551615,0,0.73583984375,605.1242065429688,1604.3895263671875,247.34454345703125,258.870849609375,20250225-154522
337,18446744073709551615,0,0.75,666.1175537109375,1570.9237060546875,99.20452880859375,103.01028442382812,20250225-154522
337,18446744073709551615,0,0.7705078125,457.64520263671875,838.4849853515625,159.47506713867188,306.9712829589844,20250225-154522
337,18446744073709551615,0,0.80419921875,684.8372802734375,1852.98291015625,66.1160888671875,97.87261962890625,20250225-154522
337,18446744073709551615,0,0.80859375,610.7667846679688,535.9758911132812,238.89962768554688,257.6695861816406,20250225-154522
337,18446744073709551615,0,0.830078125,623.925537109375,1217.3916015625,272.0310974121094,280.88726806640625,20250225-154522
337,18446744073709551615,0,0.9267578125,421.8138427734375,1.322479248046875,479.2144775390625,647.9811401367188,20250225-154522
337,18446744073709551615,0,0.9443359375,253.3246307373047,579.2308959960938,967.0610961914062,816.2596435546875,20250225-154522
338,18446744073709551615,0,0.5029296875,722.0478515625,1447.1136474609375,94.31488037109375,56.483551025390625,20250225-154522
338,18446744073709551615,0,0.6318359375,687.480712890625,755.2420654296875,61.72306823730469,83.46533203125,20250225-154522
338,18446744073709551615,0,0.66650390625,459.81591796875,838.0206298828125,141.93301391601562,303.3371887207031,20250225-154522
338,18446744073709551615,0,0.7373046875,766.5833129882812,1753.5003662109375,164.94378662109375,307.49176025390625,20250225-154522
338,18446744073709551615,0,0.74462890625,666.18212890625,1573.6907958984375,100.14404296875,105.551513671875,20250225-154522
338,18446744073709551615,0,0.7685546875,605.5068969726562,1635.11279296875,217.77337646484375,264.5245056152344,20250225-154522
338,18446744073709551615,0,0.8115234375,685.4140625,1852.988525390625,65.76873779296875,100.5501708984375,20250225-154522
338,18446744073709551615,0,0.82177734375,625.1849365234375,1216.83447265625,275.4747619628906,290.3411865234375,20250225-154522
338,18446744073709551615,0,0.82568359375,610.0087280273438,538.9205932617188,236.64276123046875,260.8028869628906,20250225-154522
338,18446744073709551615,0,0.93017578125,420.021240234375,1.3755340576171875,475.1910400390625,649.393310546875,20250225-154522
338,18446744073709551615,0,0.94482421875,255.012451171875,580.8154907226562,963.0741577148438,814.7607421875,20250225-154522
339,18446744073709551615,0,0.5263671875,678.5029296875,427.6522521972656,166.98046875,142.3985595703125,20250225-154522
339,18446744073709551615,0,0.5419921875,723.1532592773438,1447.552490234375,96.49896240234375,55.77923583984375,20250225-154522
339,18446744073709551615,0,0.60302734375,687.343994140625,754.6146240234375,63.933837890625,84.16864013671875,20250225-154522
339,18446744073709551615,0,0.60595703125,605.0473022460938,1597.941650390625,255.94097900390625,258.98968505859375,20250225-154522
339,18446744073709551615,0,0.73046875,771.9188232421875,1755.2889404296875,162.96148681640625,300.2749328613281,20250225-154522
339,18446744073709551615,0,0.75341796875,665.9296875,1571.65283203125,96.421875,103.56436157226562,20250225-154522
339,18446744073709551615,0,0.80859375,625.3956298828125,1213.7999267578125,275.534912109375,284.8581848144531,20250225-154522
339,18446744073709551615,0,0.822265625,685.1839599609375,1852.473876953125,66.347900390625,100.4677734375,20250225-154522
339,18446744073709551615,0,0.82373046875,609.6536865234375,538.5148315429688,236.14581298828125,259.1236267089844,20250225-154522
339,18446744073709551615,0,0.82421875,459.48028564453125,838.0623779296875,165.86343383789062,305.3136291503906,20250225-154522
339,18446744073709551615,0,0.92626953125,418.2041931152344,1.2472686767578125,475.323974609375,651.5738525390625,20250225-154522
339,18446744073709551615,0,0.9453125,255.09219360351562,580.4095458984375,965.0960083007812,814.6014404296875,20250225-154522
340,18446744073709551615,0,0.3876953125,723.9769287109375,1449.608642578125,94.7200927734375,53.89892578125,20250225-154522
340,18446744073709551615,0,0.58203125,687.6895751953125,753.8375854492188,64.61457824707031,83.6451416015625,20250225-154522
340,18446744073709551615,0,0.6767578125,676.3526000976562,426.35540771484375,174.45355224609375,145.96746826171875,20250225-154522
340,18446744073709551615,0,0.693359375,458.8775939941406,837.931640625,138.08303833007812,305.72607421875,20250225-154522
340,18446744073709551615,0,0.74853515625,764.738525390625,1754.6802978515625,163.5736083984375,306.9994812011719,20250225-154522
340,18446744073709551615,0,0.779296875,666.072509765625,1573.4267578125,106.36248779296875,105.04934692382812,20250225-154522
340,18446744073709551615,0,0.7900390625,603.7714233398438,1659.907470703125,190.28887939453125,265.3224792480469,20250225-154522
340,18446744073709551615,0,0.80810546875,624.1884155273438,1215.794189453125,278.9512023925781,300.5014343261719,20250225-154522
340,18446744073709551615,0,0.8291015625,607.4284057617188,537.901123046875,236.69338989257812,262.3058166503906,20250225-154522
340,18446744073709551615,0,0.8291015625,685.0350952148438,1850.85888671875,68.3565673828125,99.42947387695312,20250225-154522
340,18446744073709551615,0,0.92822265625,415.64117431640625,1.24786376953125,475.643310546875,654.44921875,20250225-154522
340,18446744073709551615,0,0.94580078125,254.479248046875,578.7449340820312,963.4795532226562,814.87646484375,20250225-154522
341,18446744073709551615,0,0.26904296875,725.3270874023438,1479.818603515625,65.4638671875,48.424713134765625,20250225-154522
341,18446744073709551615,0,0.28857421875,725.378173828125,1444.63720703125,101.92877197265625,105.12844848632812,20250225-154522
341,18446744073709551615,0,0.59716796875,687.5619506835938,751.669677734375,66.50518798828125,82.235595703125,20250225-154522
341,18446744073709551615,0,0.6669921875,677.0428466796875,425.10003662109375,174.2292938232422,143.518798828125,20250225-154522
341,18446744073709551615,0,0.68359375,459.1171875,837.34716796875,117.46115112304688,302.0495910644531,20250225-154522
341,18446744073709551615,0,0.73876953125,604.193603515625,1655.9287109375,191.9681396484375,263.955322265625,20250225-154522
341,18446744073709551615,0,0.75341796875,768.2949829101562,1755.763916015625,162.3980712890625,303.45318603515625,20250225-154522
341,18446744073709551615,0,0.7705078125,665.2743530273438,1572.9407958984375,106.14642333984375,105.82955932617188,20250225-154522
341,18446744073709551615,0,0.802734375,624.4912719726562,1217.50634765625,273.6623840332031,286.3905944824219,20250225-154522
341,18446744073709551615,0,0.82568359375,684.8577880859375,1850.945068359375,68.32379150390625,99.92816162109375,20250225-154522
341,18446744073709551615,0,0.8310546875,609.0214233398438,540.883056640625,232.75460815429688,259.89495849609375,20250225-154522
341,18446744073709551615,0,0.92431640625,414.23126220703125,1.255279541015625,474.1075744628906,655.3250732421875,20250225-154522
341,18446744073709551615,0,0.9453125,253.54522705078125,579.4996948242188,964.5818481445312,815.9761962890625,20250225-154522
342,18446744073709551615,0,0.2371826171875,726.4442138671875,1483.8885498046875,62.44482421875,47.175567626953125,20250225-154522
342,18446744073709551615,0,0.26806640625,725.6790161132812,1444.5531005859375,102.9228515625,103.82546997070312,20250225-154522
342,18446744073709551615,0,0.61962890625,770.408935546875,1755.050537109375,164.2196044921875,298.34014892578125,20250225-154522
342,18446744073709551615,0,0.64404296875,458.91046142578125,838.5289306640625,108.5438232421875,305.4097595214844,20250225-154522
342,18446744073709551615,0,0.65771484375,687.4229736328125,750.2499389648438,68.26171875,83.83950805664062,20250225-154522
342,18446744073709551615,0,0.68505859375,678.4861450195312,425.97747802734375,173.1790008544922,144.444580078125,20250225-154522
342,18446744073709551615,0,0.755859375,604.7552490234375,1651.972900390625,195.573486328125,263.9061584472656,20250225-154522
342,18446744073709551615,0,0.75927734375,666.7354736328125,1573.438232421875,103.99658203125,104.10186767578125,20250225-154522
342,18446744073709551615,0,0.814453125,624.9434814453125,1214.0211181640625,273.5252380371094,283.16217041015625,20250225-154522
342,18446744073709551615,0,0.82080078125,684.7203369140625,1852.8328857421875,65.99725341796875,101.4627685546875,20250225-154522
342,18446744073709551615,0,0.84765625,608.7073974609375,540.18359375,233.99688720703125,261.9710998535156,20250225-154522
342,18446744073709551615,0,0.91845703125,414.732421875,1.07794189453125,473.29852294921875,654.6436767578125,20250225-154522
342,18446744073709551615,0,0.9443359375,252.95594787597656,579.298828125,965.8663330078125,816.306884765625,20250225-154522
343,18446744073709551615,0,0.34326171875,727.6155395507812,1460.8271484375,85.73162841796875,47.920257568359375,20250225-154522
343,18446744073709551615,0,0.6513671875,687.832763671875,754.1317749023438,63.4083251953125,83.291015625,20250225-154522
343,18446744073709551615,0,0.66796875,773.0000610351562,1756.4820556640625,162.777099609375,296.14910888671875,20250225-154522
343,18446744073709551615,0,0.67822265625,501.9832763671875,576.1912231445312,141.34066772460938,268.98614501953125,20250225-154522
343,18446744073709551615,0,0.69921875,679.9398193359375,425.43634033203125,172.73208618164062,142.3970947265625,20250225-154522
343,18446744073709551615,0,0.74560546875,603.7923583984375,1640.6883544921875,207.26165771484375,263.7322998046875,20250225-154522
343,18446744073709551615,0,0.76708984375,459.13311767578125,838.4313354492188,139.57241821289062,304.4654846191406,20250225-154522
343,18446744073709551615,0,0.7734375,666.272705078125,1573.40771484375,97.41595458984375,103.924072265625,20250225-154522
343,18446744073709551615,0,0.82568359375,625.4877319335938,1212.5723876953125,274.29840087890625,280.18414306640625,20250225-154522
343,18446744073709551615,0,0.82666015625,684.8867797851562,1851.806396484375,67.05780029296875,101.01626586914062,20250225-154522
343,18446744073709551615,0,0.8564453125,609.7040405273438,538.5924682617188,237.17596435546875,259.1930236816406,20250225-154522
343,18446744073709551615,0,0.92138671875,415.7830810546875,1.51995849609375,473.0625915527344,654.833251953125,20250225-154522
343,18446744073709551615,0,0.9453125,252.9326934814453,578.92529296875,966.4141845703125,816.6756591796875,20250225-154522
344,18446744073709551615,0,0.42626953125,728.9478149414062,1475.5982666015625,71.25146484375,46.625244140625,20250225-154522
344,18446744073709551615,0,0.642578125,687.7450561523438,753.3450317382812,65.07527160644531,84.01565551757812,20250225-154522
344,18446744073709551615,0,0.64404296875,770.1458129882812,1755.9306640625,162.64306640625,301.6959228515625,20250225-154522
344,18446744073709551615,0,0.68359375,679.830322265625,424.8818664550781,175.2067108154297,142.44497680664062,20250225-154522
344,18446744073709551615,0,0.68408203125,459.7834167480469,837.6943359375,141.02682495117188,301.68145751953125,20250225-154522
344,18446744073709551615,0,0.7177734375,501.7291259765625,578.7496337890625,138.4496612548828,272.0691833496094,20250225-154522
344,18446744073709551615,0,0.77880859375,604.0958862304688,1653.02783203125,194.13299560546875,261.1251525878906,20250225-154522
344,18446744073709551615,0,0.783203125,666.2677001953125,1574.07861328125,101.27581787109375,104.9619140625,20250225-154522
344,18446744073709551615,0,0.80078125,626.4329223632812,1214.9769287109375,274.8708801269531,286.05450439453125,20250225-154522
344,18446744073709551615,0,0.8388671875,685.3613891601562,1851.59375,67.1748046875,100.64987182617188,20250225-154522
344,18446744073709551615,0,0.85791015625,608.9844360351562,538.546630859375,237.74459838867188,260.77001953125,20250225-154522
344,18446744073709551615,0,0.91845703125,416.28057861328125,1.51666259765625,473.7684326171875,653.85009765625,20250225-154522
344,18446744073709551615,0,0.94677734375,253.50425720214844,579.1239013671875,964.7618408203125,816.1937255859375,20250225-154522
345,18446744073709551615,0,0.30322265625,727.7418212890625,1462.7061767578125,84.6298828125,47.0789794921875,20250225-154522
345,18446744073709551615,0,0.662109375,459.27630615234375,837.220458984375,126.13824462890625,302.00830078125,20250225-154522
345,18446744073709551615,0,0.66552734375,687.0946655273438,753.3213500976562,64.7750244140625,84.41189575195312,20250225-154522
345,18446744073709551615,0,0.689453125,680.4825439453125,425.34228515625,174.66458129882812,144.05941772460938,20250225-154522
345,18446744073709551615,0,0.69287109375,770.9544677734375,1756.748291015625,162.62255859375,298.7669677734375,20250225-154522
345,18446744073709551615,0,0.74072265625,604.9718627929688,1635.0157470703125,211.55987548828125,265.36688232421875,20250225-154522
345,18446744073709551615,0,0.74462890625,502.037841796875,583.866455078125,133.78623962402344,271.4396667480469,20250225-154522
345,18446744073709551615,0,0.7578125,666.771484375,1573.358642578125,95.526123046875,103.58038330078125,20250225-154522
345,18446744073709551615,0,0.8251953125,626.34521484375,1214.123291015625,275.2213439941406,281.0673522949219,20250225-154522
345,18446744073709551615,0,0.830078125,685.3685302734375,1851.1622314453125,67.6761474609375,99.13641357421875,20250225-154522
345,18446744073709551615,0,0.8564453125,608.9244384765625,537.43017578125,239.2342529296875,262.204833984375,20250225-154522
345,18446744073709551615,0,0.9150390625,416.3668212890625,1.4805908203125,474.9813537597656,653.6685791015625,20250225-154522
345,18446744073709551615,0,0.9462890625,252.38214111328125,579.109130859375,966.265869140625,817.1689453125,20250225-154522
346,18446744073709551615,0,0.30322265625,728.7324829101562,1479.1614990234375,68.709228515625,46.206207275390625,20250225-154523
346,18446744073709551615,0,0.62060546875,687.527099609375,752.1849365234375,65.71879577636719,83.42340087890625,20250225-154523
346,18446744073709551615,0,0.68603515625,604.4763793945312,1629.846923828125,215.5946044921875,260.16925048828125,20250225-154523
346,18446744073709551615,0,0.693359375,761.8515014648438,1755.777587890625,163.2952880859375,308.2781982421875,20250225-154523
346,18446744073709551615,0,0.6953125,458.74365234375,836.993408203125,125.6392822265625,302.0452880859375,20250225-154523
346,18446744073709551615,0,0.7333984375,680.0535278320312,425.55194091796875,170.89805603027344,143.93902587890625,20250225-154523
346,18446744073709551615,0,0.7548828125,665.6661987304688,1573.30322265625,99.6917724609375,104.44610595703125,20250225-154523
346,18446744073709551615,0,0.75634765625,501.9613952636719,583.9268798828125,133.3037109375,271.35406494140625,20250225-154523
346,18446744073709551615,0,0.802734375,624.361328125,1213.2109375,281.1771240234375,311.2269287109375,20250225-154523
346,18446744073709551615,0,0.81640625,684.8948364257812,1851.419677734375,67.7200927734375,98.92337036132812,20250225-154523
346,18446744073709551615,0,0.8525390625,608.2857055664062,538.5020751953125,235.84396362304688,261.0486145019531,20250225-154523
346,18446744073709551615,0,0.912109375,414.9385986328125,1.8063812255859375,473.1327209472656,655.8213500976562,20250225-154523
346,18446744073709551615,0,0.947265625,250.937255859375,579.8832397460938,965.058837890625,818.3659057617188,20250225-154523
347,18446744073709551615,0,0.43212890625,727.7026977539062,1457.00341796875,91.5926513671875,47.262908935546875,20250225-154523
347,18446744073709551615,0,0.62890625,687.1427001953125,751.68798828125,65.50927734375,83.5008544921875,20250225-154523
347,18446744073709551615,0,0.732421875,678.7626342773438,424.6057434082031,174.0142364501953,143.82147216796875,20250225-154523
347,18446744073709551615,0,0.73583984375,759.5072021484375,1756.7596435546875,162.52386474609375,309.91937255859375,20250225-154523
347,18446744073709551615,0,0.73583984375,501.80072021484375,587.06005859375,130.78660583496094,271.11676025390625,20250225-154523
347,18446744073709551615,0,0.7744140625,665.593017578125,1573.316650390625,101.8179931640625,104.7637939453125,20250225-154523
347,18446744073709551615,0,0.80078125,458.0331115722656,838.3167724609375,156.28106689453125,304.32568359375,20250225-154523
347,18446744073709551615,0,0.80615234375,624.34814453125,1210.70849609375,281.63525390625,307.22021484375,20250225-154523
347,18446744073709551615,0,0.81591796875,602.7266235351562,1653.027099609375,193.63677978515625,268.26873779296875,20250225-154523
347,18446744073709551615,0,0.81982421875,684.7694091796875,1851.936767578125,67.2901611328125,98.97720336914062,20250225-154523
347,18446744073709551615,0,0.84814453125,608.5691528320312,537.030517578125,237.18896484375,260.5707092285156,20250225-154523
347,18446744073709551615,0,0.90869140625,413.2916564941406,1.6188812255859375,475.37493896484375,657.573486328125,20250225-154523
347,18446744073709551615,0,0.94677734375,251.876220703125,579.7014770507812,965.2291259765625,817.6807250976562,20250225-154523
348,18446744073709551615,0,0.36376953125,728.5292358398438,1478.38134765625,69.91607666015625,47.310150146484375,20250225-154523
348,18446744073709551615,0,0.6318359375,687.492919921875,753.201171875,64.65692138671875,83.94955444335938,20250225-154523
348,18446744073709551615,0,0.70751953125,605.2498168945312,1642.4044189453125,203.592041015625,259.09295654296875,20250225-154523
348,18446744073709551615,0,0.712890625,680.8623046875,425.46514892578125,171.69163513183594,144.80841064453125,20250225-154523
348,18446744073709551615,0,0.72412109375,760.8602294921875,1755.327392578125,163.93084716796875,307.83892822265625,20250225-154523
348,18446744073709551615,0,0.73779296875,501.404296875,588.3143920898438,128.7743682861328,270.32025146484375,20250225-154523
348,18446744073709551615,0,0.76611328125,666.2733764648438,1573.034912109375,98.635986328125,104.26007080078125,20250225-154523
348,18446744073709551615,0,0.79296875,458.6217041015625,838.5932006835938,151.84799194335938,304.692626953125,20250225-154523
348,18446744073709551615,0,0.8017578125,625.0638427734375,1211.5491943359375,279.4695739746094,304.4967041015625,20250225-154523
348,18446744073709551615,0,0.822265625,684.954345703125,1851.765869140625,67.20849609375,99.23483276367188,20250225-154523
348,18446744073709551615,0,0.85546875,608.8287963867188,536.5739135742188,239.59039306640625,261.6175231933594,20250225-154523
348,18446744073709551615,0,0.9111328125,411.1494140625,1.4113311767578125,475.2045593261719,660.2093505859375,20250225-154523
348,18446744073709551615,0,0.94677734375,251.1295166015625,582.1025390625,962.8145141601562,818.4662475585938,20250225-154523
349,18446744073709551615,0,0.5048828125,727.9090576171875,1466.51318359375,82.31451416015625,49.90081787109375,20250225-154523
349,18446744073709551615,0,0.64501953125,688.059814453125,753.3992919921875,64.6875,83.84628295898438,20250225-154523
349,18446744073709551615,0,0.64794921875,769.468505859375,1754.3162841796875,164.16668701171875,302.5584411621094,20250225-154523
349,18446744073709551615,0,0.71240234375,605.1697998046875,1631.39697265625,215.316650390625,261.2194519042969,20250225-154523
349,18446744073709551615,0,0.71484375,681.344970703125,425.5352783203125,171.38946533203125,143.56082153320312,20250225-154523
349,18446744073709551615,0,0.73486328125,460.85467529296875,837.67529296875,138.971923828125,301.446533203125,20250225-154523
349,18446744073709551615,0,0.74609375,501.55938720703125,588.8206176757812,128.09307861328125,272.0647888183594,20250225-154523
349,18446744073709551615,0,0.76611328125,666.7377319335938,1573.94921875,95.268310546875,103.58065795898438,20250225-154523
349,18446744073709551615,0,0.8037109375,625.1400146484375,1213.31591796875,280.07080078125,312.2057189941406,20250225-154523
349,18446744073709551615,0,0.83203125,685.8630981445312,1851.2515869140625,67.7105712890625,99.80465698242188,20250225-154523
349,18446744073709551615,0,0.8603515625,608.4043579101562,537.5247802734375,240.61953735351562,261.3121032714844,20250225-154523
349,18446744073709551615,0,0.90966796875,410.845458984375,1.529205322265625,473.4320983886719,661.36669921875,20250225-154523
349,18446744073709551615,0,0.947265625,252.0706787109375,582.5172729492188,961.4954223632812,817.3991088867188,20250225-154523
350,18446744073709551615,0,0.4775390625,728.2716064453125,1474.4154052734375,73.86822509765625,49.007537841796875,20250225-154523
350,18446744073709551615,0,0.57958984375,686.7152709960938,754.0899047851562,63.28596496582031,85.25115966796875,20250225-154523
350,18446744073709551615,0,0.6669921875,767.6177978515625,1754.3653564453125,164.98516845703125,300.77142333984375,20250225-154523
350,18446744073709551615,0,0.71533203125,604.9288330078125,1654.0352783203125,191.8040771484375,261.8500671386719,20250225-154523
350,18446744073709551615,0,0.716796875,501.556640625,589.63525390625,126.95777893066406,271.1393737792969,20250225-154523
350,18446744073709551615,0,0.72509765625,680.7614135742188,425.1788635253906,169.86538696289062,144.98995971679688,20250225-154523
350,18446744073709551615,0,0.77978515625,666.6381225585938,1573.844970703125,100.5062255859375,104.32022094726562,20250225-154523
350,18446744073709551615,0,0.80078125,460.1269226074219,838.3090209960938,143.72625732421875,304.00982666015625,20250225-154523
350,18446744073709551615,0,0.8017578125,625.8951416015625,1210.9244384765625,282.5607604980469,307.8652038574219,20250225-154523
350,18446744073709551615,0,0.82421875,685.61865234375,1851.556640625,67.36212158203125,100.57598876953125,20250225-154523
350,18446744073709551615,0,0.85986328125,608.490966796875,539.81494140625,237.79769897460938,261.4361572265625,20250225-154523
350,18446744073709551615,0,0.90869140625,410.5579833984375,1.28265380859375,475.36602783203125,661.304443359375,20250225-154523
350,18446744073709551615,0,0.94580078125,251.21566772460938,580.4107055664062,963.860595703125,818.3344116210938,20250225-154523
351,18446744073709551615,0,0.306640625,686.8868408203125,750.2989501953125,68.71856689453125,84.06509399414062,20250225-154523
351,18446744073709551615,0,0.31396484375,726.9003295898438,1445.5198974609375,103.236328125,120.40255737304688,20250225-154523
351,18446744073709551615,0,0.67333984375,460.70013427734375,837.635009765625,130.22634887695312,299.8197326660156,20250225-154523
351,18446744073709551615,0,0.67578125,498.40045166015625,594.1869506835938,121.10916137695312,271.9490661621094,20250225-154523
351,18446744073709551615,0,0.67919921875,768.372314453125,1754.562744140625,164.69622802734375,300.5028076171875,20250225-154523
351,18446744073709551615,0,0.68408203125,678.6610107421875,425.4557189941406,171.8319854736328,146.45343017578125,20250225-154523
351,18446744073709551615,0,0.70654296875,603.9144287109375,1653.6064453125,192.4691162109375,266.5681457519531,20250225-154523
351,18446744073709551615,0,0.779296875,666.1873168945312,1572.287109375,103.67889404296875,104.43411254882812,20250225-154523
351,18446744073709551615,0,0.7939453125,625.16015625,1212.877197265625,276.3518371582031,287.4198303222656,20250225-154523
351,18446744073709551615,0,0.81884765625,685.6815185546875,1851.8170166015625,67.2908935546875,98.811767578125,20250225-154523
351,18446744073709551615,0,0.83642578125,609.0174560546875,535.09765625,239.25576782226562,262.3172607421875,20250225-154523
351,18446744073709551615,0,0.9052734375,408.41143798828125,1.26141357421875,472.8190612792969,662.3480224609375,20250225-154523
351,18446744073709551615,0,0.94482421875,250.47628784179688,581.3931884765625,963.62109375,819.2222900390625,20250225-154523
352,18446744073709551615,0,0.259765625,687.475830078125,754.6551513671875,64.01861572265625,82.973876953125,20250225-154523
352,18446744073709551615,0,0.271240234375,725.028076171875,1450.801513671875,96.44915771484375,49.983123779296875,20250225-154523
352,18446744073709551615,0,0.67578125,497.070556640625,592.6312866210938,123.0362548828125,274.8132019042969,20250225-154523
352,18446744073709551615,0,0.6884765625,764.12255859375,1754.18115234375,165.08441162109375,303.9006042480469,20250225-154523
352,18446744073709551615,0,0.705078125,678.672607421875,425.8011474609375,170.73495483398438,147.32977294921875,20250225-154523
352,18446744073709551615,0,0.72021484375,602.9029541015625,1611.64306640625,237.407958984375,262.21636962890625,20250225-154523
352,18446744073709551615,0,0.78271484375,664.984130859375,1569.668701171875,93.94244384765625,104.042724609375,20250225-154523
352,18446744073709551615,0,0.81005859375,624.174072265625,1215.2001953125,275.13006591796875,284.7275390625,20250225-154523
352,18446744073709551615,0,0.82666015625,685.1390991210938,1851.7705078125,67.11163330078125,97.88992309570312,20250225-154523
352,18446744073709551615,0,0.83056640625,607.453125,537.1837158203125,239.87631225585938,264.9185485839844,20250225-154523
352,18446744073709551615,0,0.8427734375,459.41583251953125,838.127197265625,149.55715942382812,302.7732238769531,20250225-154523
352,18446744073709551615,0,0.90673828125,405.97979736328125,1.5377655029296875,473.97833251953125,665.808837890625,20250225-154523
352,18446744073709551615,0,0.94677734375,250.02516174316406,581.7740478515625,962.99560546875,819.27392578125,20250225-154523
353,18446744073709551615,0,0.323486328125,724.9389038085938,1454.750732421875,92.30621337890625,51.317047119140625,20250225-154523
353,18446744073709551615,0,0.626953125,767.0782470703125,1753.8892822265625,165.287841796875,300.9136047363281,20250225-154523
353,18446744073709551615,0,0.6396484375,498.0439453125,592.8096313476562,121.30155944824219,272.7386169433594,20250225-154523
353,18446744073709551615,0,0.72314453125,679.3024291992188,426.1028137207031,170.36659240722656,145.19284057617188,20250225-154523
353,18446744073709551615,0,0.74853515625,666.7529296875,1572.48193359375,100.46173095703125,103.6636962890625,20250225-154523
353,18446744073709551615,0,0.78662109375,604.474365234375,1648.900634765625,203.0419921875,265.6146240234375,20250225-154523
353,18446744073709551615,0,0.80810546875,685.4752807617188,1852.5465087890625,66.33709716796875,98.09390258789062,20250225-154523
353,18446744073709551615,0,0.81591796875,607.5492553710938,536.3228759765625,240.77352905273438,264.1163635253906,20250225-154523
353,18446744073709551615,0,0.81884765625,626.4166259765625,1213.6138916015625,270.1797180175781,279.3560485839844,20250225-154523
353,18446744073709551615,0,0.82666015625,459.8548278808594,838.3157958984375,152.45516967773438,303.561767578125,20250225-154523
353,18446744073709551615,0,0.91064453125,405.60882568359375,1.3512725830078125,473.77410888671875,665.89501953125,20250225-154523
353,18446744073709551615,0,0.9453125,250.3114013671875,580.4447631835938,963.8375244140625,818.9423217773438,20250225-154523
354,18446744073709551615,0,0.449462890625,725.52099609375,1477.5029296875,68.971435546875,51.53466796875,20250225-154523
354,18446744073709551615,0,0.6083984375,497.523193359375,594.0400390625,119.51824951171875,274.34967041015625,20250225-154523
354,18446744073709551615,0,0.68505859375,680.860107421875,426.1529541015625,168.47882080078125,144.62429809570312,20250225-154523
354,18446744073709551615,0,0.7041015625,766.351318359375,1753.8922119140625,165.37884521484375,301.374755859375,20250225-154523
354,18446744073709551615,0,0.72412109375,603.5162353515625,1606.7178955078125,247.45806884765625,260.30841064453125,20250225-154523
354,18446744073709551615,0,0.76123046875,666.2530517578125,1573.1455078125,90.886962890625,103.3861083984375,20250225-154523
354,18446744073709551615,0,0.7919921875,684.5213012695312,1853.4517822265625,65.6993408203125,98.58297729492188,20250225-154523
354,18446744073709551615,0,0.8134765625,608.1223754882812,536.1573486328125,244.91262817382812,269.0196533203125,20250225-154523
354,18446744073709551615,0,0.818359375,460.32806396484375,838.2786254882812,147.86874389648438,304.4885559082031,20250225-154523
354,18446744073709551615,0,0.83642578125,626.596435546875,1214.54931640625,267.3174133300781,277.084716796875,20250225-154523
354,18446744073709551615,0,0.91845703125,403.1963195800781,1.3135986328125,473.6653747558594,668.1022338867188,20250225-154523
354,18446744073709551615,0,0.94677734375,251.4506378173828,582.5252685546875,958.4212646484375,817.7047119140625,20250225-154523
355,18446744073709551615,0,0.437744140625,724.262451171875,1458.254150390625,88.3428955078125,53.84381103515625,20250225-154523
355,18446744073709551615,0,0.6396484375,497.6954040527344,590.5902099609375,120.66316223144531,275.55963134765625,20250225-154523
355,18446744073709551615,0,0.66552734375,678.9255981445312,427.1208801269531,168.40887451171875,146.49765014648438,20250225-154523
355,18446744073709551615,0,0.70263671875,768.659912109375,1753.9530029296875,165.31109619140625,299.45562744140625,20250225-154523
355,18446744073709551615,0,0.75048828125,666.0309448242188,1571.8271484375,89.31170654296875,103.26333618164062,20250225-154523
355,18446744073709551615,0,0.76904296875,461.88720703125,837.91845703125,139.74856567382812,302.94927978515625,20250225-154523
355,18446744073709551615,0,0.7880859375,603.872802734375,1597.8211669921875,254.80352783203125,259.25811767578125,20250225-154523
355,18446744073709551615,0,0.7919921875,685.980224609375,1854.50390625,64.59393310546875,97.37841796875,20250225-154523
355,18446744073709551615,0,0.8291015625,609.9556274414062,534.920654296875,244.22451782226562,271.9541931152344,20250225-154523
355,18446744073709551615,0,0.8359375,626.7528076171875,1216.99560546875,266.0605773925781,280.5647277832031,20250225-154523
355,18446744073709551615,0,0.92041015625,402.8725891113281,1.530853271484375,474.57183837890625,668.3140869140625,20250225-154523
355,18446744073709551615,0,0.9443359375,250.890380859375,583.8609008789062,955.0263061523438,818.808837890625,20250225-154523
356,18446744073709551615,0,0.404541015625,722.559814453125,1454.324462890625,92.03778076171875,55.537811279296875,20250225-154523
356,18446744073709551615,0,0.64501953125,497.78924560546875,591.11376953125,120.26271057128906,273.0103454589844,20250225-154523
356,18446744073709551615,0,0.6533203125,680.8946533203125,427.06549072265625,168.22618103027344,144.0267333984375,20250225-154523
356,18446744073709551615,0,0.68359375,764.265380859375,1754.5198974609375,164.74420166015625,304.417236328125,20250225-154523
356,18446744073709551615,0,0.72314453125,604.0973510742188,1593.38818359375,262.59136962890625,254.79290771484375,20250225-154523
356,18446744073709551615,0,0.75927734375,666.9056396484375,1572.7547607421875,87.81829833984375,103.40606689453125,20250225-154523
356,18446744073709551615,0,0.76953125,686.0281982421875,1855.2960205078125,63.79815673828125,96.2398681640625,20250225-154523
356,18446744073709551615,0,0.82080078125,609.7900390625,534.6268310546875,248.03659057617188,274.100830078125,20250225-154523
356,18446744073709551615,0,0.82080078125,462.51361083984375,838.71142578125,144.12762451171875,304.6263427734375,20250225-154523
356,18446744073709551615,0,0.830078125,626.4288940429688,1219.905517578125,269.7344055175781,289.84222412109375,20250225-154523
356,18446744073709551615,0,0.92529296875,400.74755859375,1.334930419921875,474.58099365234375,669.9993896484375,20250225-154523
356,18446744073709551615,0,0.93896484375,253.47042846679688,583.9545288085938,960.3739013671875,816.744140625,20250225-154523
357,18446744073709551615,0,0.272705078125,686.779541015625,757.520751953125,61.5413818359375,85.96279907226562,20250225-154523
357,18446744073709551615,0,0.466796875,720.982177734375,1448.192138671875,98.1793212890625,57.781494140625,20250225-154523
357,18446744073709551615,0,0.595703125,681.2440795898438,477.67401123046875,117.91291809082031,143.0928955078125,20250225-154523
357,18446744073709551615,0,0.662109375,497.7735900878906,589.6470947265625,121.32929992675781,273.89154052734375,20250225-154523
357,18446744073709551615,0,0.7001953125,604.0530395507812,1597.3546142578125,261.47406005859375,252.27740478515625,20250225-154523
357,18446744073709551615,0,0.71533203125,766.4448852539062,1755.01416015625,164.329833984375,303.4027404785156,20250225-154523
357,18446744073709551615,0,0.77099609375,687.6529541015625,1856.2349853515625,62.90625,92.38558959960938,20250225-154523
357,18446744073709551615,0,0.7880859375,666.829345703125,1571.74755859375,88.3905029296875,102.56890869140625,20250225-154523
357,18446744073709551615,0,0.8203125,625.7411499023438,1226.023193359375,264.0160217285156,301.2063903808594,20250225-154523
357,18446744073709551615,0,0.8359375,463.03326416015625,838.8114013671875,147.177978515625,302.924560546875,20250225-154523
357,18446744073709551615,0,0.85107421875,609.6121215820312,536.8566284179688,240.55581665039062,275.5046081542969,20250225-154523
357,18446744073709551615,0,0.92822265625,396.2377624511719,1.330718994140625,475.3743896484375,674.6632690429688,20250225-154523
357,18446744073709551615,0,0.9404296875,251.80169677734375,583.8114624023438,996.7635498046875,816.637939453125,20250225-154523
358,18446744073709551615,0,0.404541015625,720.116455078125,1447.107666015625,99.35760498046875,58.887542724609375,20250225-154523
358,18446744073709551615,0,0.46484375,688.4064331054688,751.617431640625,67.83123779296875,82.68429565429688,20250225-154523
358,18446744073709551615,0,0.548828125,627.2581787109375,1230.846923828125,252.6009521484375,264.9825439453125,20250225-154523
358,18446744073709551615,0,0.57177734375,680.9240112304688,484.3942565917969,111.34455871582031,143.64788818359375,20250225-154523
358,18446744073709551615,0,0.607421875,772.9425659179688,1753.2154541015625,166.00213623046875,299.12713623046875,20250225-154523
358,18446744073709551615,0,0.669921875,496.1693115234375,589.441162109375,120.77513122558594,277.0791320800781,20250225-154523
358,18446744073709551615,0,0.7392578125,684.5469970703125,1856.9080810546875,62.4063720703125,95.033203125,20250225-154523
358,18446744073709551615,0,0.75048828125,603.75439453125,1597.39990234375,264.927978515625,257.1731872558594,20250225-154523
358,18446744073709551615,0,0.7626953125,666.8929443359375,1574.360595703125,87.3658447265625,102.17962646484375,20250225-154523
358,18446744073709551615,0,0.83740234375,609.4769897460938,535.4678955078125,242.78768920898438,282.4060363769531,20250225-154523
358,18446744073709551615,0,0.84033203125,462.70587158203125,838.97021484375,150.45236206054688,303.0594177246094,20250225-154523
358,18446744073709551615,0,0.93017578125,395.74200439453125,1.134613037109375,477.635009765625,674.4739379882812,20250225-154523
358,18446744073709551615,0,0.94189453125,253.05372619628906,586.3961181640625,980.480712890625,816.163330078125,20250225-154523
359,18446744073709551615,0,0.3486328125,719.1776733398438,1448.263916015625,98.02294921875,61.895050048828125,20250225-154523
359,18446744073709551615,0,0.5087890625,686.6143798828125,753.7601318359375,64.5025634765625,82.45120239257812,20250225-154523
359,18446744073709551615,0,0.6318359375,678.9921875,485.16961669921875,109.13941955566406,145.6490478515625,20250225-154523
359,18446744073709551615,0,0.64697265625,624.1591186523438,1272.052490234375,217.6435546875,275.4034423828125,20250225-154523
359,18446744073709551615,0,0.7138671875,495.355224609375,590.4059448242188,119.04071044921875,280.6842956542969,20250225-154523
359,18446744073709551615,0,0.71630859375,766.3831787109375,1755.426025390625,163.9061279296875,303.22064208984375,20250225-154523
359,18446744073709551615,0,0.7255859375,665.01513671875,1572.0699462890625,96.3614501953125,104.22344970703125,20250225-154523
359,18446744073709551615,0,0.7294921875,684.4011840820312,1856.26611328125,63.04705810546875,95.35739135742188,20250225-154523
359,18446744073709551615,0,0.73583984375,602.8848266601562,1608.1219482421875,254.49224853515625,259.7573547363281,20250225-154523
359,18446744073709551615,0,0.8232421875,608.00244140625,535.3018798828125,243.1541748046875,287.8590087890625,20250225-154523
359,18446744073709551615,0,0.84765625,462.6265869140625,838.8128662109375,150.9862060546875,298.90814208984375,20250225-154523
359,18446744073709551615,0,0.9267578125,393.19464111328125,1.3278350830078125,477.97137451171875,677.333740234375,20250225-154523
359,18446744073709551615,0,0.94140625,248.04931640625,582.9114990234375,989.2098999023438,819.9882202148438,20250225-154523
360,18446744073709551615,0,0.373779296875,716.893310546875,1446.982177734375,99.5643310546875,104.06561279296875,20250225-154523
360,18446744073709551615,0,0.5400390625,688.2654418945312,751.0834350585938,65.8128662109375,81.80062866210938,20250225-154523
360,18446744073709551615,0,0.61865234375,680.0185546875,484.8450927734375,109.84112548828125,145.00753784179688,20250225-154523
360,18446744073709551615,0,0.63623046875,769.5498046875,1754.29443359375,164.9805908203125,298.92718505859375,20250225-154523
360,18446744073709551615,0,0.65234375,625.5701293945312,1286.69384765625,202.10806274414062,266.6981506347656,20250225-154523
360,18446744073709551615,0,0.66015625,604.0135498046875,1614.693359375,244.311767578125,260.64202880859375,20250225-154523
360,18446744073709551615,0,0.72802734375,495.34954833984375,588.9542236328125,120.13101196289062,280.0848083496094,20250225-154523
360,18446744073709551615,0,0.73095703125,666.4334716796875,1571.4942626953125,92.35162353515625,102.59161376953125,20250225-154523
360,18446744073709551615,0,0.73583984375,684.19384765625,1856.533203125,62.7835693359375,96.1915283203125,20250225-154523
360,18446744073709551615,0,0.8310546875,463.2164611816406,839.1099853515625,108.14190673828125,295.084716796875,20250225-154523
360,18446744073709551615,0,0.83984375,608.2955932617188,536.1425170898438,241.96774291992188,291.7295837402344,20250225-154523
360,18446744073709551615,0,0.93115234375,393.2596435546875,1.32403564453125,479.5822448730469,677.3126220703125,20250225-154523
360,18446744073709551615,0,0.9423828125,247.49688720703125,579.974853515625,981.668701171875,819.9955444335938,20250225-154523
361,18446744073709551615,0,0.422607421875,718.3207397460938,1449.909912109375,96.71612548828125,67.06521606445312,20250225-154523
361,18446744073709551615,0,0.4921875,690.2887573242188,754.406005859375,60.239776611328125,81.19033813476562,20250225-154523
361,18446744073709551615,0,0.5498046875,761.90185546875,1754.3360595703125,164.34063720703125,311.15570068359375,20250225-154523
361,18446744073709551615,0,0.55712890625,607.197509765625,1649.7769775390625,208.7054443359375,261.50665283203125,20250225-154523
361,18446744073709551615,0,0.6396484375,681.662841796875,491.5008544921875,102.61454772949219,143.48831176757812,20250225-154523
361,18446744073709551615,0,0.69189453125,629.6612548828125,1288.277099609375,201.57980346679688,273.1293640136719,20250225-154523
361,18446744073709551615,0,0.72119140625,496.81146240234375,591.0437622070312,117.02165222167969,282.3558654785156,20250225-154523
361,18446744073709551615,0,0.73046875,669.7371826171875,1572.3687744140625,101.41387939453125,103.46090698242188,20250225-154523
361,18446744073709551615,0,0.77197265625,688.6246337890625,1856.5191650390625,62.65704345703125,94.024658203125,20250225-154523
361,18446744073709551615,0,0.7939453125,610.324951171875,538.755126953125,240.54959106445312,302.2143859863281,20250225-154523
361,18446744073709551615,0,0.83740234375,464.19708251953125,838.5598754882812,111.51388549804688,296.00225830078125,20250225-154523
361,18446744073709551615,0,0.927734375,394.53076171875,1.13360595703125,482.8407897949219,675.73681640625,20250225-154523
361,18446744073709551615,0,0.94580078125,246.93292236328125,583.2877807617188,980.4025268554688,819.8303833007812,20250225-154523
362,18446744073709551615,0,0.20556640625,531.7838134765625,923.6392822265625,72.0703125,95.09417724609375,20250225-154523
362,18446744073709551615,0,0.29736328125,740.2554931640625,433.41534423828125,52.720184326171875,86.90798950195312,20250225-154523
362,18446744073709551615,0,0.440673828125,716.2005615234375,1447.1826171875,99.48870849609375,105.48880004882812,20250225-154523
362,18446744073709551615,0,0.4853515625,689.7125244140625,752.160888671875,62.82257080078125,81.99380493164062,20250225-154523
362,18446744073709551615,0,0.63525390625,681.9283447265625,485.6402893066406,108.25154113769531,142.73300170898438,20250225-154523
362,18446744073709551615,0,0.642578125,765.7957763671875,1754.355224609375,165.0450439453125,305.4027099609375,20250225-154523
362,18446744073709551615,0,0.66259765625,607.6788330078125,1661.763427734375,196.57928466796875,260.7886962890625,20250225-154523
362,18446744073709551615,0,0.69091796875,630.1891479492188,1292.878662109375,203.12026977539062,287.03924560546875,20250225-154523
362,18446744073709551615,0,0.7080078125,669.148681640625,1572.91943359375,103.6695556640625,103.84625244140625,20250225-154523
362,18446744073709551615,0,0.73583984375,496.80908203125,590.111328125,117.649658203125,282.7678527832031,20250225-154523
362,18446744073709551615,0,0.7724609375,688.4461669921875,1856.63232421875,62.5089111328125,93.95269775390625,20250225-154523
362,18446744073709551615,0,0.83984375,466.7707214355469,838.4813232421875,101.35610961914062,292.69903564453125,20250225-154523
362,18446744073709551615,0,0.84033203125,611.5094604492188,536.1192626953125,242.478515625,301.7461853027344,20250225-154523
362,18446744073709551615,0,0.93359375,393.16021728515625,1.1353912353515625,485.31591796875,676.92333984375,20250225-154523
362,18446744073709551615,0,0.94384765625,244.1202850341797,582.11865234375,982.9682006835938,823.143310546875,20250225-154523
363,18446744073709551615,0,0.302490234375,720.0327758789062,1749.0999755859375,111.9803466796875,146.50094604492188,20250225-154523
363,18446744073709551615,0,0.390380859375,528.81884765625,924.8858642578125,56.7890625,82.48599243164062,20250225-154523
363,18446744073709551615,0,0.408203125,714.1162109375,1447.0001220703125,99.1483154296875,69.57037353515625,20250225-154523
363,18446744073709551615,0,0.42919921875,763.9608764648438,1755.472412109375,163.34564208984375,305.8283386230469,20250225-154523
363,18446744073709551615,0,0.5009765625,688.576904296875,752.8511962890625,63.49749755859375,81.10235595703125,20250225-154523
363,18446744073709551615,0,0.5166015625,627.4449462890625,1301.802490234375,272.82989501953125,435.7376403808594,20250225-154523
363,18446744073709551615,0,0.61669921875,606.1463012695312,1659.48583984375,201.668701171875,250.16189575195312,20250225-154523
363,18446744073709551615,0,0.61962890625,680.6786499023438,484.63311767578125,110.40458679199219,143.19369506835938,20250225-154523
363,18446744073709551615,0,0.67822265625,666.15673828125,1572.48876953125,95.2734375,102.99984741210938,20250225-154523
363,18446744073709551615,0,0.708984375,494.71197509765625,588.692138671875,118.04356384277344,279.7931213378906,20250225-154523
363,18446744073709551615,0,0.732421875,684.0499877929688,1856.302734375,63.10858154296875,96.85537719726562,20250225-154523
363,18446744073709551615,0,0.82373046875,463.17974853515625,838.254150390625,100.6402587890625,294.9190979003906,20250225-154523
363,18446744073709551615,0,0.83203125,608.46435546875,536.5601806640625,240.380126953125,308.96649169921875,20250225-154523
363,18446744073709551615,0,0.93115234375,236.52914428710938,591.9271850585938,975.94775390625,830.8590087890625,20250225-154523
363,18446744073709551615,0,0.931640625,391.91162109375,1.300140380859375,486.108154296875,677.9445190429688,20250225-154523
364,18446744073709551615,0,0.251708984375,718.8030395507812,1751.5484619140625,108.721435546875,157.13003540039062,20250225-154523
364,18446744073709551615,0,0.43017578125,687.896240234375,750.6334228515625,63.438995361328125,81.68115234375,20250225-154523
364,18446744073709551615,0,0.43115234375,709.6661376953125,1450.514892578125,93.62567138671875,70.70086669921875,20250225-154523
364,18446744073709551615,0,0.525390625,528.6242065429688,924.4747924804688,68.89004516601562,81.66485595703125,20250225-154523
364,18446744073709551615,0,0.5537109375,605.8265991210938,1658.45654296875,200.97344970703125,260.6992492675781,20250225-154523
364,18446744073709551615,0,0.60205078125,763.37109375,1756.5025634765625,163.03125,307.3819885253906,20250225-154523
364,18446744073709551615,0,0.65234375,679.1640014648438,485.26885986328125,109.49327087402344,144.59024047851562,20250225-154523
364,18446744073709551615,0,0.7099609375,492.67181396484375,587.034912109375,118.72325134277344,278.8896789550781,20250225-154523
364,18446744073709551615,0,0.71142578125,665.3241577148438,1572.1131591796875,94.3568115234375,103.31002807617188,20250225-154523
364,18446744073709551615,0,0.7255859375,625.575439453125,1314.95068359375,268.0462646484375,448.09771728515625,20250225-154523
364,18446744073709551615,0,0.74755859375,683.5535888671875,1856.6217041015625,62.69476318359375,95.41360473632812,20250225-154523
364,18446744073709551615,0,0.79248046875,461.3935546875,837.264404296875,102.3724365234375,282.158935546875,20250225-154523
364,18446744073709551615,0,0.849609375,607.433349609375,536.9602661132812,246.2841796875,316.951904296875,20250225-154523
364,18446744073709551615,0,0.93017578125,234.61688232421875,596.5494384765625,971.259521484375,833.7833862304688,20250225-154523
364,18446744073709551615,0,0.9306640625,391.74700927734375,0.938232421875,491.0643310546875,677.5874633789062,20250225-154523
365,18446744073709551615,0,0.2401123046875,719.1668701171875,1751.971435546875,107.71435546875,153.00173950195312,20250225-154523
365,18446744073709551615,0,0.4833984375,709.45458984375,1446.8046875,99.70147705078125,109.79306030273438,20250225-154523
365,18446744073709551615,0,0.494140625,530.33349609375,926.8189697265625,63.63519287109375,71.59506225585938,20250225-154523
365,18446744073709551615,0,0.5537109375,688.9744262695312,750.404296875,66.6353759765625,82.50961303710938,20250225-154523
365,18446744073709551615,0,0.55712890625,607.3333740234375,1661.396484375,197.2921142578125,253.68841552734375,20250225-154523
365,18446744073709551615,0,0.626953125,681.2559814453125,483.96002197265625,110.0555419921875,145.49111938476562,20250225-154523
365,18446744073709551615,0,0.67138671875,763.3720092773438,1755.181396484375,164.1800537109375,306.0694885253906,20250225-154523
365,18446744073709551615,0,0.7080078125,667.2236938476562,1574.137939453125,113.0694580078125,103.80972290039062,20250225-154523
365,18446744073709551615,0,0.7265625,492.8579406738281,585.6270751953125,119.90766906738281,281.69512939453125,20250225-154523
365,18446744073709551615,0,0.7578125,684.7386474609375,1856.03173828125,63.11663818359375,94.75515747070312,20250225-154523
365,18446744073709551615,0,0.79443359375,629.0172729492188,1317.9334716796875,276.881103515625,444.3870849609375,20250225-154523
365,18446744073709551615,0,0.81591796875,463.6259765625,838.0946044921875,104.93243408203125,281.454345703125,20250225-154523
365,18446744073709551615,0,0.86083984375,609.0,536.8975830078125,244.45001220703125,328.1897277832031,20250225-154523
365,18446744073709551615,0,0.92236328125,234.43707275390625,602.968994140625,970.12646484375,834.9043579101562,20250225-154523
365,18446744073709551615,0,0.92919921875,393.043212890625,1.106231689453125,494.22381591796875,676.671630859375,20250225-154523
366,18446744073709551615,0,0.419677734375,608.8245849609375,1657.8563232421875,199.64337158203125,228.44229125976562,20250225-154523
366,18446744073709551615,0,0.4951171875,533.6453247070312,929.0282592773438,69.4423828125,67.36770629882812,20250225-154523
366,18446744073709551615,0,0.5146484375,709.5281982421875,1451.77880859375,94.67431640625,72.39303588867188,20250225-154523
366,18446744073709551615,0,0.55078125,690.09521484375,754.7314453125,61.36285400390625,83.01937866210938,20250225-154523
366,18446744073709551615,0,0.640625,681.1514282226562,429.8232421875,161.92762756347656,146.43594360351562,20250225-154523
366,18446744073709551615,0,0.669921875,668.0143432617188,1573.724609375,109.80322265625,106.52572631835938,20250225-154523
366,18446744073709551615,0,0.70751953125,762.6996459960938,1755.799072265625,163.67376708984375,307.7168884277344,20250225-154523
366,18446744073709551615,0,0.75,688.6832275390625,1856.19970703125,62.9425048828125,93.32098388671875,20250225-154523
366,18446744073709551615,0,0.75146484375,494.06396484375,585.5853271484375,119.186279296875,284.30712890625,20250225-154523
366,18446744073709551615,0,0.8115234375,463.84442138671875,838.1903686523438,106.01028442382812,295.2549133300781,20250225-154523
366,18446744073709551615,0,0.83447265625,628.9828491210938,1319.9154052734375,278.272705078125,445.9349670410156,20250225-154523
366,18446744073709551615,0,0.86474609375,610.903564453125,536.25341796875,242.25430297851562,338.4410705566406,20250225-154523
366,18446744073709551615,0,0.9169921875,229.12518310546875,608.577392578125,957.3211669921875,839.5775756835938,20250225-154523
366,18446744073709551615,0,0.927734375,396.49273681640625,1.123809814453125,497.09088134765625,672.9525146484375,20250225-154523
367,18446744073709551615,0,0.2193603515625,531.69287109375,931.6650390625,109.37603759765625,153.72885131835938,20250225-154523
367,18446744073709551615,0,0.271240234375,533.9866333007812,930.9435424804688,61.910888671875,68.39602661132812,20250225-154523
367,18446744073709551615,0,0.303955078125,610.9301147460938,1629.994873046875,165.5299072265625,163.19595336914062,20250225-154523
367,18446744073709551615,0,0.357666015625,709.5732421875,1452.144775390625,93.50335693359375,73.31680297851562,20250225-154523
367,18446744073709551615,0,0.43408203125,696.31494140625,1751.987060546875,102.10400390625,132.76144409179688,20250225-154523
367,18446744073709551615,0,0.5478515625,689.8648681640625,752.4881591796875,64.326416015625,83.52630615234375,20250225-154523
367,18446744073709551615,0,0.58154296875,681.1060180664062,485.6798095703125,107.3565673828125,142.33383178710938,20250225-154523
367,18446744073709551615,0,0.70263671875,761.4885864257812,1755.8507080078125,163.59649658203125,309.2522277832031,20250225-154523
367,18446744073709551615,0,0.70654296875,669.5216674804688,1573.9676513671875,90.4837646484375,101.89480590820312,20250225-154523
367,18446744073709551615,0,0.76123046875,494.061767578125,583.1279296875,120.77476501464844,287.3529968261719,20250225-154523
367,18446744073709551615,0,0.79296875,688.7144165039062,1856.5447998046875,62.54498291015625,93.65798950195312,20250225-154523
367,18446744073709551615,0,0.81591796875,611.262451171875,536.3523559570312,241.83132934570312,340.1239013671875,20250225-154523
367,18446744073709551615,0,0.82177734375,466.045166015625,836.7158203125,108.84164428710938,294.0238952636719,20250225-154523
367,18446744073709551615,0,0.8583984375,631.0447998046875,1319.043212890625,284.74053955078125,444.5226745605469,20250225-154523
367,18446744073709551615,0,0.88720703125,238.707275390625,611.8197021484375,946.663330078125,831.4420166015625,20250225-154523
367,18446744073709551615,0,0.9287109375,399.3658447265625,1.75616455078125,501.1890563964844,670.640380859375,20250225-154523
368,18446744073709551615,0,0.236572265625,700.322998046875,1752.40576171875,103.06842041015625,126.900146484375,20250225-154523
368,18446744073709551615,0,0.3701171875,708.5390625,1448.443359375,104.0299072265625,89.59991455078125,20250225-154523
368,18446744073709551615,0,0.541015625,610.291748046875,1659.3427734375,197.8751220703125,249.6156005859375,20250225-154523
368,18446744073709551615,0,0.587890625,689.3875122070312,751.6815185546875,65.36384582519531,83.97528076171875,20250225-154523
368,18446744073709551615,0,0.5947265625,681.4758911132812,488.5346374511719,105.2530517578125,142.23806762695312,20250225-154523
368,18446744073709551615,0,0.63525390625,528.66796875,930.8289794921875,127.76202392578125,183.28189086914062,20250225-154523
368,18446744073709551615,0,0.640625,764.1461791992188,1754.21484375,165.14959716796875,305.3919982910156,20250225-154523
368,18446744073709551615,0,0.69775390625,668.0567626953125,1571.0694580078125,115.47161865234375,106.6929931640625,20250225-154523
368,18446744073709551615,0,0.732421875,492.95068359375,583.8599243164062,119.3074951171875,285.44366455078125,20250225-154523
368,18446744073709551615,0,0.751953125,465.78076171875,836.8641357421875,119.69805908203125,293.3982238769531,20250225-154523
368,18446744073709551615,0,0.79052734375,689.2623291015625,1856.385986328125,62.7535400390625,91.2685546875,20250225-154523
368,18446744073709551615,0,0.802734375,632.5307006835938,1318.876220703125,291.37628173828125,443.5953369140625,20250225-154523
368,18446744073709551615,0,0.84375,610.3939819335938,536.3370361328125,244.3348388671875,346.2645263671875,20250225-154523
368,18446744073709551615,0,0.8583984375,234.61972045898438,612.6447143554688,940.8942260742188,835.1978759765625,20250225-154523
368,18446744073709551615,0,0.9306640625,399.92596435546875,1.569854736328125,503.3822937011719,669.79833984375,20250225-154523
369,18446744073709551615,0,0.338134765625,717.9208374023438,1752.669677734375,109.4791259765625,144.76748657226562,20250225-154523
369,18446744073709551615,0,0.35498046875,689.4406127929688,753.5179443359375,63.79655456542969,82.79489135742188,20250225-154523
369,18446744073709551615,0,0.441650390625,608.7652587890625,1657.714599609375,204.97650146484375,250.34857177734375,20250225-154523
369,18446744073709551615,0,0.515625,678.1836547851562,489.74468994140625,103.16830444335938,146.14462280273438,20250225-154523
369,18446744073709551615,0,0.5283203125,769.8755493164062,1753.954833984375,164.72369384765625,303.0255432128906,20250225-154523
369,18446744073709551615,0,0.529296875,705.0926513671875,1448.3583984375,101.30419921875,73.20693969726562,20250225-154523
369,18446744073709551615,0,0.71533203125,665.8714599609375,1573.525146484375,110.4935302734375,104.38101196289062,20250225-154523
369,18446744073709551615,0,0.72314453125,527.61767578125,931.3623046875,129.08184814453125,187.01870727539062,20250225-154523
369,18446744073709551615,0,0.75439453125,491.258056640625,581.0847778320312,121.24859619140625,285.5451965332031,20250225-154523
369,18446744073709551615,0,0.75439453125,684.2049560546875,1857.404052734375,61.9552001953125,95.13519287109375,20250225-154523
369,18446744073709551615,0,0.81591796875,464.8839111328125,835.9374389648438,155.73422241210938,290.19964599609375,20250225-154523
369,18446744073709551615,0,0.82275390625,608.1245727539062,537.7608642578125,245.1566162109375,347.7712097167969,20250225-154523
369,18446744073709551615,0,0.84326171875,630.7952880859375,1319.9659423828125,296.51934814453125,444.08917236328125,20250225-154523
369,18446744073709551615,0,0.87353515625,230.19593811035156,613.1839599609375,935.8135986328125,839.8253173828125,20250225-154523
369,18446744073709551615,0,0.93017578125,400.10028076171875,1.385101318359375,505.4085693359375,670.0386962890625,20250225-154523
370,18446744073709551615,0,0.355712890625,700.4946899414062,1752.857666015625,106.91986083984375,123.25973510742188,20250225-154523
370,18446744073709551615,0,0.400634765625,607.1856079101562,1657.04736328125,204.55865478515625,254.02871704101562,20250225-154523
370,18446744073709551615,0,0.5185546875,688.119140625,754.152099609375,63.00933837890625,85.54220581054688,20250225-154523
370,18446744073709551615,0,0.51953125,768.3751831054688,1754.309326171875,164.27984619140625,304.9080505371094,20250225-154523
370,18446744073709551615,0,0.58154296875,679.0578002929688,484.5718688964844,106.63975524902344,145.17050170898438,20250225-154523
370,18446744073709551615,0,0.64794921875,703.8721923828125,1448.017822265625,103.10211181640625,81.44586181640625,20250225-154523
370,18446744073709551615,0,0.693359375,665.6614379882812,1573.234130859375,107.20880126953125,104.07797241210938,20250225-154523
370,18446744073709551615,0,0.69580078125,525.85986328125,932.9800415039062,127.48736572265625,211.00479125976562,20250225-154523
370,18446744073709551615,0,0.76220703125,684.1446533203125,1856.4306640625,62.9296875,95.36187744140625,20250225-154523
370,18446744073709551615,0,0.7626953125,490.13726806640625,579.6627197265625,121.41412353515625,288.4053039550781,20250225-154523
370,18446744073709551615,0,0.796875,630.812255859375,1319.75,301.98504638671875,442.962890625,20250225-154523
370,18446744073709551615,0,0.8291015625,463.242919921875,836.1970825195312,152.87814331054688,291.6024169921875,20250225-154523
370,18446744073709551615,0,0.841796875,608.8388671875,536.7108154296875,245.45883178710938,348.5924377441406,20250225-154523
370,18446744073709551615,0,0.91943359375,233.11907958984375,614.1693725585938,928.244384765625,836.3360595703125,20250225-154523
370,18446744073709551615,0,0.93017578125,400.382080078125,1.3737945556640625,508.93170166015625,669.269287109375,20250225-154523
371,18446744073709551615,0,0.34326171875,610.278076171875,1635.6163330078125,160.516845703125,164.045654296875,20250225-154523
371,18446744073709551615,0,0.349609375,712.9806518554688,1751.169677734375,104.4986572265625,150.29910278320312,20250225-154523
371,18446744073709551615,0,0.4814453125,690.539794921875,755.8260498046875,59.97381591796875,83.93719482421875,20250225-154523
371,18446744073709551615,0,0.4912109375,704.137451171875,1447.4833984375,110.17584228515625,107.390625,20250225-154523
371,18446744073709551615,0,0.625,761.9114990234375,1754.1287841796875,165.146484375,307.65472412109375,20250225-154523
371,18446744073709551615,0,0.63330078125,681.4888916015625,487.9459533691406,100.95364379882812,143.85333251953125,20250225-154523
371,18446744073709551615,0,0.67822265625,668.1602783203125,1572.617431640625,91.1011962890625,103.55868530273438,20250225-154523
371,18446744073709551615,0,0.71875,529.0757446289062,933.4004516601562,127.69107055664062,217.21206665039062,20250225-154523
371,18446744073709551615,0,0.73583984375,490.8856201171875,580.464111328125,119.88816833496094,290.8232116699219,20250225-154523
371,18446744073709551615,0,0.767578125,686.9082641601562,1855.071533203125,64.07666015625,94.16647338867188,20250225-154523
371,18446744073709551615,0,0.78466796875,634.9630737304688,1319.53271484375,301.82537841796875,439.9871520996094,20250225-154523
371,18446744073709551615,0,0.82373046875,611.230224609375,537.015380859375,244.74609375,343.38958740234375,20250225-154523
371,18446744073709551615,0,0.849609375,463.56243896484375,837.5978393554688,154.32192993164062,292.22479248046875,20250225-154523
371,18446744073709551615,0,0.90966796875,233.43887329101562,615.9122924804688,933.7891845703125,836.9683227539062,20250225-154523
371,18446744073709551615,0,0.931640625,402.182373046875,1.186798095703125,508.93267822265625,667.980712890625,20250225-154523
372,18446744073709551615,0,0.35498046875,696.1181030273438,1752.775634765625,102.88641357421875,130.25088500976562,20250225-154523
372,18446744073709551615,0,0.4072265625,704.9271240234375,1448.6993408203125,103.6688232421875,76.225341796875,20250225-154523
372,18446744073709551615,0,0.5009765625,611.2578735351562,1657.44287109375,200.1126708984375,239.7469482421875,20250225-154523
372,18446744073709551615,0,0.56005859375,690.7864990234375,755.0286865234375,60.98725891113281,84.38616943359375,20250225-154523
372,18446744073709551615,0,0.60205078125,680.950927734375,488.59423828125,101.19245910644531,146.13134765625,20250225-154523
372,18446744073709551615,0,0.61865234375,759.1121826171875,1755.2281494140625,164.2236328125,311.83721923828125,20250225-154523
372,18446744073709551615,0,0.66455078125,669.566162109375,1575.0172119140625,106.2191162109375,102.98025512695312,20250225-154523
372,18446744073709551615,0,0.7080078125,527.9280395507812,933.7615356445312,128.19479370117188,221.1763916015625,20250225-154523
372,18446744073709551615,0,0.7294921875,492.47900390625,577.6331176757812,122.13775634765625,291.2071838378906,20250225-154523
372,18446744073709551615,0,0.7470703125,465.4771728515625,836.6746826171875,145.8614501953125,290.4613952636719,20250225-154523
372,18446744073709551615,0,0.77197265625,689.006591796875,1855.93505859375,63.20709228515625,94.00634765625,20250225-154523
372,18446744073709551615,0,0.791015625,637.7155151367188,1322.8670654296875,301.0301513671875,437.2880859375,20250225-154523
372,18446744073709551615,0,0.80078125,611.6705932617188,538.08935546875,240.74404907226562,343.56298828125,20250225-154523
372,18446744073709551615,0,0.91259765625,230.30332946777344,616.8201904296875,923.77880859375,839.983154296875,20250225-154523
372,18446744073709551615,0,0.9326171875,405.40338134765625,1.554840087890625,510.16351318359375,664.8693237304688,20250225-154523
373,18446744073709551615,0,0.401611328125,695.3829345703125,1754.0159912109375,102.006591796875,138.19546508789062,20250225-154523
373,18446744073709551615,0,0.41015625,610.869140625,1656.67041015625,202.40478515625,240.61624145507812,20250225-154523
373,18446744073709551615,0,0.43115234375,690.1910400390625,754.6492309570312,61.6080322265625,84.76593017578125,20250225-154523
373,18446744073709551615,0,0.54296875,702.3235473632812,1445.523193359375,111.4423828125,83.38494873046875,20250225-154523
373,18446744073709551615,0,0.56005859375,681.0369873046875,481.93487548828125,105.49749755859375,144.25039672851562,20250225-154523
373,18446744073709551615,0,0.62890625,757.4886474609375,1755.053466796875,164.4107666015625,313.56353759765625,20250225-154523
373,18446744073709551615,0,0.67919921875,668.0655517578125,1574.081787109375,110.3089599609375,105.06591796875,20250225-154523
373,18446744073709551615,0,0.72705078125,490.69940185546875,577.853759765625,121.64424133300781,289.6636047363281,20250225-154523
373,18446744073709551615,0,0.7607421875,528.9825439453125,933.548828125,128.6429443359375,219.29141235351562,20250225-154523
373,18446744073709551615,0,0.76123046875,687.3828735351562,1855.8922119140625,63.25286865234375,93.37106323242188,20250225-154523
373,18446744073709551615,0,0.830078125,610.3173828125,536.166748046875,244.14825439453125,343.404052734375,20250225-154523
373,18446744073709551615,0,0.83203125,466.32861328125,837.5504150390625,152.0386962890625,288.7817687988281,20250225-154523
373,18446744073709551615,0,0.84423828125,635.9379272460938,1325.26953125,303.14300537109375,439.1739807128906,20250225-154523
373,18446744073709551615,0,0.9072265625,233.00880432128906,616.031982421875,925.90869140625,837.005126953125,20250225-154523
373,18446744073709551615,0,0.93115234375,407.2001953125,1.0930023193359375,513.7765502929688,663.6329345703125,20250225-154523
374,18446744073709551615,0,0.3310546875,688.7323608398438,751.7427978515625,64.7259521484375,83.84115600585938,20250225-154523
374,18446744073709551615,0,0.5908203125,678.6128540039062,485.35589599609375,101.85791015625,144.18328857421875,20250225-154523
374,18446744073709551615,0,0.59716796875,761.05224609375,1755.4288330078125,163.9310302734375,309.6957092285156,20250225-154523
374,18446744073709551615,0,0.64794921875,698.6156616210938,1445.21630859375,110.843994140625,77.57345581054688,20250225-154523
374,18446744073709551615,0,0.669921875,666.3414916992188,1571.9208984375,94.77923583984375,102.91864013671875,20250225-154523
374,18446744073709551615,0,0.69189453125,608.0414428710938,1656.091552734375,205.1806640625,244.43014526367188,20250225-154523
374,18446744073709551615,0,0.71240234375,487.5683898925781,576.86181640625,121.82656860351562,291.63702392578125,20250225-154523
374,18446744073709551615,0,0.7490234375,526.7598876953125,933.1219482421875,129.77224731445312,220.519775390625,20250225-154523
374,18446744073709551615,0,0.75927734375,683.8560791015625,1856.3280029296875,63.03277587890625,95.39657592773438,20250225-154523
374,18446744073709551615,0,0.83984375,633.8296508789062,1325.9644775390625,307.431884765625,441.1749572753906,20250225-154523
374,18446744073709551615,0,0.84130859375,608.6312255859375,536.003662109375,246.8060302734375,350.12493896484375,20250225-154523
374,18446744073709551615,0,0.84326171875,463.87628173828125,837.1613159179688,149.282958984375,290.0362243652344,20250225-154523
374,18446744073709551615,0,0.904296875,227.67919921875,614.1434326171875,939.9635009765625,842.192138671875,20250225-154523
374,18446744073709551615,0,0.9306640625,405.8082275390625,0.9055938720703125,515.8098754882812,664.7407836914062,20250225-154523
375,18446744073709551615,0,0.37939453125,694.6616821289062,1752.2552490234375,105.2149658203125,136.64309692382812,20250225-154523
375,18446744073709551615,0,0.408203125,607.9121704101562,1657.245849609375,203.103515625,247.134521484375,20250225-154523
375,18446744073709551615,0,0.4619140625,678.275390625,420.0257263183594,165.19020080566406,145.63870239257812,20250225-154523
375,18446744073709551615,0,0.5107421875,688.5474243164062,754.5111694335938,62.91302490234375,84.57156372070312,20250225-154523
375,18446744073709551615,0,0.66650390625,486.76190185546875,572.029296875,126.21876525878906,292.21142578125,20250225-154523
375,18446744073709551615,0,0.67333984375,697.675048828125,1444.5318603515625,112.6790771484375,80.73284912109375,20250225-154523
375,18446744073709551615,0,0.69580078125,755.548828125,1755.589599609375,163.73968505859375,315.2688903808594,20250225-154523
375,18446744073709551615,0,0.712890625,666.9898681640625,1572.7686767578125,106.03948974609375,103.86666870117188,20250225-154523
375,18446744073709551615,0,0.76123046875,527.0136108398438,932.136474609375,129.9290771484375,218.6748046875,20250225-154523
375,18446744073709551615,0,0.7626953125,685.06787109375,1855.92333984375,63.27850341796875,93.96807861328125,20250225-154523
375,18446744073709551615,0,0.77587890625,633.599853515625,1326.271484375,308.25732421875,442.0506591796875,20250225-154523
375,18446744073709551615,0,0.81396484375,608.8101806640625,536.2728271484375,245.94973754882812,345.73480224609375,20250225-154523
375,18446744073709551615,0,0.853515625,463.2593994140625,837.090576171875,147.16497802734375,290.9512023925781,20250225-154523
375,18446744073709551615,0,0.8984375,227.53729248046875,614.6555786132812,956.2472534179688,842.6548461914062,20250225-154523
375,18446744073709551615,0,0.9267578125,404.95733642578125,1.1773681640625,515.2970581054688,664.6078491210938,20250225-154523
376,18446744073709551615,0,0.449462890625,608.5523071289062,1656.41455078125,200.8919677734375,239.37762451171875,20250225-154524
376,18446744073709551615,0,0.4765625,693.73095703125,1753.987060546875,102.54656982421875,138.1201171875,20250225-154524
376,18446744073709551615,0,0.484375,688.623291015625,754.1337890625,63.8214111328125,86.6121826171875,20250225-154524
376,18446744073709551615,0,0.4970703125,679.71484375,485.04290771484375,98.45924377441406,142.62451171875,20250225-154524
376,18446744073709551615,0,0.54296875,697.0621948242188,1445.33349609375,112.724853515625,84.48504638671875,20250225-154524
376,18446744073709551615,0,0.69775390625,487.29876708984375,573.4576416015625,124.29450988769531,292.88580322265625,20250225-154524
376,18446744073709551615,0,0.7080078125,667.2691040039062,1574.419677734375,99.591064453125,103.2645263671875,20250225-154524
376,18446744073709551615,0,0.73876953125,759.1587524414062,1755.5584716796875,163.7977294921875,309.6186218261719,20250225-154524
376,18446744073709551615,0,0.763671875,684.3551025390625,1856.114013671875,63.04248046875,95.67608642578125,20250225-154524
376,18446744073709551615,0,0.765625,527.4179077148438,932.134521484375,129.28399658203125,221.11679077148438,20250225-154524
376,18446744073709551615,0,0.80029296875,462.645263671875,835.979736328125,147.75540161132812,292.9378967285156,20250225-154524
376,18446744073709551615,0,0.8251953125,608.4633178710938,535.41259765625,245.48117065429688,347.48455810546875,20250225-154524
376,18446744073709551615,0,0.8271484375,634.4638671875,1326.076904296875,309.45977783203125,440.56988525390625,20250225-154524
376,18446744073709551615,0,0.8720703125,230.73495483398438,615.9400634765625,956.744384765625,839.2666625976562,20250225-154524
376,18446744073709551615,0,0.9267578125,406.3721923828125,0.9877166748046875,515.8112182617188,662.8458251953125,20250225-154524
377,18446744073709551615,0,0.236572265625,695.9010009765625,1755.390380859375,99.93218994140625,135.5950927734375,20250225-154524
377,18446744073709551615,0,0.49609375,690.050537109375,754.4719848632812,62.95697021484375,81.60379028320312,20250225-154524
377,18446744073709551615,0,0.5380859375,679.1713256835938,421.6901550292969,160.5480194091797,147.09310913085938,20250225-154524
377,18446744073709551615,0,0.62255859375,697.47412109375,1444.6087646484375,113.87548828125,84.95562744140625,20250225-154524
377,18446744073709551615,0,0.7216796875,609.9847412109375,1658.534912109375,196.970947265625,236.01425170898438,20250225-154524
377,18446744073709551615,0,0.7333984375,761.1710205078125,1756.0726318359375,163.27972412109375,308.14251708984375,20250225-154524
377,18446744073709551615,0,0.73583984375,487.9237060546875,571.8535766601562,125.44358825683594,293.4333801269531,20250225-154524
377,18446744073709551615,0,0.763671875,531.7779541015625,932.9154052734375,128.38064575195312,216.59271240234375,20250225-154524
377,18446744073709551615,0,0.7646484375,667.6083984375,1574.1346435546875,111.24810791015625,105.96249389648438,20250225-154524
377,18446744073709551615,0,0.787109375,687.916259765625,1855.7149658203125,63.385986328125,91.89605712890625,20250225-154524
377,18446744073709551615,0,0.82421875,610.262451171875,536.05615234375,245.90231323242188,344.63800048828125,20250225-154524
377,18446744073709551615,0,0.83056640625,634.8507080078125,1325.538818359375,308.49407958984375,440.63360595703125,20250225-154524
377,18446744073709551615,0,0.841796875,464.7249755859375,836.3095092773438,147.242431640625,292.613525390625,20250225-154524
377,18446744073709551615,0,0.8759765625,233.11582946777344,615.3308715820312,946.4307861328125,836.706298828125,20250225-154524
377,18446744073709551615,0,0.92822265625,406.80047607421875,1.1721954345703125,514.5579833984375,662.536376953125,20250225-154524
378,18446744073709551615,0,0.307373046875,716.2333374023438,1752.60205078125,104.5458984375,133.48626708984375,20250225-154524
378,18446744073709551615,0,0.41015625,610.021728515625,1658.109375,199.22918701171875,234.424072265625,20250225-154524
378,18446744073709551615,0,0.5546875,696.89501953125,1442.29345703125,115.5457763671875,103.96554565429688,20250225-154524
378,18446744073709551615,0,0.57470703125,689.6251831054688,755.2952880859375,62.855987548828125,83.77908325195312,20250225-154524
378,18446744073709551615,0,0.6298828125,681.5068359375,419.8462829589844,161.16371154785156,141.70074462890625,20250225-154524
378,18446744073709551615,0,0.6826171875,668.0771484375,1574.783203125,101.57720947265625,104.78530883789062,20250225-154524
378,18446744073709551615,0,0.70751953125,487.38116455078125,570.3949584960938,126.77256774902344,295.49725341796875,20250225-154524
378,18446744073709551615,0,0.73095703125,759.4323120117188,1754.8114013671875,164.63214111328125,309.4514465332031,20250225-154524
378,18446744073709551615,0,0.7548828125,688.2980346679688,1855.4609375,63.624755859375,91.87582397460938,20250225-154524
378,18446744073709551615,0,0.79052734375,463.34161376953125,836.0015258789062,137.71783447265625,293.8531494140625,20250225-154524
378,18446744073709551615,0,0.79443359375,535.76416015625,932.58984375,125.53125,214.1180419921875,20250225-154524
378,18446744073709551615,0,0.82861328125,610.4791259765625,538.7078857421875,242.61410522460938,333.5654296875,20250225-154524
378,18446744073709551615,0,0.841796875,635.050048828125,1325.943603515625,306.29278564453125,441.12744140625,20250225-154524
378,18446744073709551615,0,0.88037109375,234.79962158203125,616.5594482421875,949.1810302734375,835.1237182617188,20250225-154524
378,18446744073709551615,0,0.92724609375,406.84698486328125,1.36065673828125,513.74462890625,662.078857421875,20250225-154524
379,18446744073709551615,0,0.4765625,696.3424072265625,1463.194580078125,94.62652587890625,78.08010864257812,20250225-154524
379,18446744073709551615,0,0.541015625,676.7916870117188,423.36639404296875,157.1997528076172,149.34072875976562,20250225-154524
379,18446744073709551615,0,0.5927734375,688.562744140625,753.5342407226562,65.31559753417969,84.27685546875,20250225-154524
379,18446744073709551615,0,0.615234375,608.5988159179688,1657.9617919921875,201.14666748046875,240.77984619140625,20250225-154524
379,18446744073709551615,0,0.67724609375,757.5281982421875,1753.88818359375,165.380859375,311.9945068359375,20250225-154524
379,18446744073709551615,0,0.69677734375,667.3613891601562,1575.7587890625,101.8212890625,103.46823120117188,20250225-154524
379,18446744073709551615,0,0.7373046875,486.48193359375,571.31591796875,125.92451477050781,295.6729431152344,20250225-154524
379,18446744073709551615,0,0.73876953125,633.073974609375,1322.7425537109375,309.82763671875,441.59564208984375,20250225-154524
379,18446744073709551615,0,0.76708984375,684.6829833984375,1855.2930908203125,63.86151123046875,94.44808959960938,20250225-154524
379,18446744073709551615,0,0.7744140625,534.8232421875,932.4893188476562,123.89218139648438,213.86453247070312,20250225-154524
379,18446744073709551615,0,0.83203125,464.20751953125,835.88671875,145.83956909179688,294.07672119140625,20250225-154524
379,18446744073709551615,0,0.83447265625,609.4967651367188,536.1065673828125,244.43646240234375,344.1101989746094,20250225-154524
379,18446744073709551615,0,0.89892578125,234.32208251953125,615.8788452148438,990.8052978515625,836.3047485351562,20250225-154524
379,18446744073709551615,0,0.92529296875,406.673583984375,1.3595123291015625,513.584228515625,662.5194091796875,20250225-154524
380,18446744073709551615,0,0.2288818359375,631.8851318359375,1320.2921142578125,162.85821533203125,248.62353515625,20250225-154524
380,18446744073709551615,0,0.4560546875,679.257568359375,483.473876953125,95.403076171875,144.28683471679688,20250225-154524
380,18446744073709551615,0,0.4775390625,687.6534423828125,750.2017822265625,69.3936767578125,84.75787353515625,20250225-154524
380,18446744073709551615,0,0.59912109375,695.3713989257812,1446.0274658203125,111.9949951171875,79.05194091796875,20250225-154524
380,18446744073709551615,0,0.69287109375,607.4036865234375,1657.0279541015625,200.638916015625,242.79611206054688,20250225-154524
380,18446744073709551615,0,0.693359375,762.4528198242188,1753.64599609375,165.5262451171875,306.9212951660156,20250225-154524
380,18446744073709551615,0,0.6982421875,667.1905517578125,1573.144775390625,105.5621337890625,104.52200317382812,20250225-154524
380,18446744073709551615,0,0.72119140625,483.982177734375,569.2922973632812,128.19186401367188,296.8798828125,20250225-154524
380,18446744073709551615,0,0.7470703125,540.7305908203125,933.5164794921875,122.05206298828125,206.60787963867188,20250225-154524
380,18446744073709551615,0,0.78125,684.7965087890625,1856.178466796875,62.9776611328125,94.36431884765625,20250225-154524
380,18446744073709551615,0,0.80517578125,464.4606628417969,836.6409912109375,140.5506591796875,291.7371826171875,20250225-154524
380,18446744073709551615,0,0.81689453125,607.5642700195312,539.300537109375,243.24041748046875,348.7947692871094,20250225-154524
380,18446744073709551615,0,0.83056640625,631.111572265625,1322.032470703125,307.75946044921875,447.20086669921875,20250225-154524
380,18446744073709551615,0,0.9248046875,406.20977783203125,1.3546142578125,511.97772216796875,663.1144409179688,20250225-154524
380,18446744073709551615,0,0.9267578125,238.271484375,616.981689453125,963.3350830078125,832.8088989257812,20250225-154524
381,18446744073709551615,0,0.3701171875,690.4209594726562,1753.7545166015625,103.54376220703125,128.16357421875,20250225-154524
381,18446744073709551615,0,0.474609375,679.5752563476562,487.6855773925781,90.64961242675781,144.09878540039062,20250225-154524
381,18446744073709551615,0,0.53125,687.1610107421875,749.3492431640625,68.443359375,85.06146240234375,20250225-154524
381,18446744073709551615,0,0.66650390625,762.26513671875,1752.57080078125,166.6036376953125,307.2708435058594,20250225-154524
381,18446744073709551615,0,0.67333984375,694.9850463867188,1445.7520751953125,111.5504150390625,79.98220825195312,20250225-154524
381,18446744073709551615,0,0.68359375,607.5847778320312,1657.0283203125,201.18438720703125,235.28091430664062,20250225-154524
381,18446744073709551615,0,0.70556640625,667.384765625,1572.8367919921875,101.5836181640625,103.84661865234375,20250225-154524
381,18446744073709551615,0,0.71875,483.81939697265625,568.6629638671875,129.27044677734375,299.732666015625,20250225-154524
381,18446744073709551615,0,0.7333984375,546.4654541015625,935.4124755859375,120.82086181640625,200.2657470703125,20250225-154524
381,18446744073709551615,0,0.77783203125,684.904541015625,1856.1298828125,63.02252197265625,94.11703491210938,20250225-154524
381,18446744073709551615,0,0.80859375,608.3677368164062,538.0310668945312,245.4620361328125,338.05755615234375,20250225-154524
381,18446744073709551615,0,0.82421875,463.56903076171875,836.97216796875,145.36175537109375,292.7626647949219,20250225-154524
381,18446744073709551615,0,0.86962890625,629.4160766601562,1320.01220703125,307.052490234375,446.68121337890625,20250225-154524
381,18446744073709551615,0,0.927734375,407.2599792480469,1.099365234375,511.49505615234375,662.9492797851562,20250225-154524
381,18446744073709551615,0,0.92919921875,238.3953094482422,615.7802124023438,975.2389526367188,832.420166015625,20250225-154524
382,18446744073709551615,0,0.218017578125,748.9696044921875,475.9939270019531,39.635101318359375,77.3975830078125,20250225-154524
382,18446744073709551615,0,0.24658203125,628.61083984375,1313.4906005859375,140.13812255859375,187.20465087890625,20250225-154524
382,18446744073709551615,0,0.320068359375,740.8683471679688,434.42877197265625,49.121063232421875,85.43728637695312,20250225-154524
382,18446744073709551615,0,0.33447265625,691.228515625,1755.1571044921875,101.09600830078125,129.8521728515625,20250225-154524
382,18446744073709551615,0,0.52734375,689.1243896484375,754.40283203125,63.56501770019531,82.98568725585938,20250225-154524
382,18446744073709551615,0,0.55712890625,680.4259643554688,488.8482666015625,89.25173950195312,141.10299682617188,20250225-154524
382,18446744073709551615,0,0.60693359375,608.9227294921875,1659.519287109375,198.43780517578125,237.49465942382812,20250225-154524
382,18446744073709551615,0,0.6396484375,695.297607421875,1443.351318359375,113.92529296875,81.0362548828125,20250225-154524
382,18446744073709551615,0,0.71923828125,542.6537475585938,935.8972778320312,116.82431030273438,204.58529663085938,20250225-154524
382,18446744073709551615,0,0.7470703125,769.085205078125,1753.861083984375,165.4896240234375,301.187255859375,20250225-154524
382,18446744073709551615,0,0.7470703125,667.5972290039062,1575.07666015625,111.44970703125,104.29751586914062,20250225-154524
382,18446744073709551615,0,0.7607421875,684.8893432617188,1855.8753662109375,63.2742919921875,95.2716064453125,20250225-154524
382,18446744073709551615,0,0.7734375,486.56854248046875,569.5338134765625,129.3460235595703,296.9550476074219,20250225-154524
382,18446744073709551615,0,0.8115234375,609.43505859375,536.93994140625,243.64279174804688,337.88104248046875,20250225-154524
382,18446744073709551615,0,0.83447265625,464.080078125,837.11865234375,147.73818969726562,292.8278503417969,20250225-154524
382,18446744073709551615,0,0.85595703125,628.4767456054688,1315.628173828125,308.72479248046875,446.54864501953125,20250225-154524
382,18446744073709551615,0,0.9326171875,408.4248046875,1.290802001953125,506.8096618652344,662.4900512695312,20250225-154524
382,18446744073709551615,0,0.93359375,240.31732177734375,616.3388671875,970.39599609375,830.0841064453125,20250225-154524
383,18446744073709551615,0,0.226806640625,740.6266479492188,432.68609619140625,54.46531677246094,85.83773803710938,20250225-154524
383,18446744073709551615,0,0.400634765625,611.2637939453125,1657.3736572265625,144.42938232421875,166.07574462890625,20250225-154524
383,18446744073709551615,0,0.509765625,689.3369750976562,755.308837890625,62.63653564453125,83.19442749023438,20250225-154524
383,18446744073709551615,0,0.56201171875,681.362548828125,487.84442138671875,90.41432189941406,140.36947631835938,20250225-154524
383,18446744073709551615,0,0.60107421875,548.3565673828125,935.9826049804688,115.52362060546875,200.20651245117188,20250225-154524
383,18446744073709551615,0,0.6396484375,693.5344848632812,1754.7257080078125,100.42034912109375,137.58096313476562,20250225-154524
383,18446744073709551615,0,0.662109375,668.1060791015625,1573.15869140625,99.92724609375,105.29452514648438,20250225-154524
383,18446744073709551615,0,0.66357421875,759.919921875,1753.41357421875,165.9444580078125,310.6566467285156,20250225-154524
383,18446744073709551615,0,0.67333984375,695.614501953125,1442.129150390625,116.2803955078125,84.364013671875,20250225-154524
383,18446744073709551615,0,0.736328125,488.20147705078125,569.3650512695312,130.75717163085938,295.4294128417969,20250225-154524
383,18446744073709551615,0,0.7685546875,688.3884887695312,1855.382568359375,63.705322265625,92.09683227539062,20250225-154524
383,18446744073709551615,0,0.8232421875,628.81005859375,1310.9783935546875,310.52783203125,449.8956298828125,20250225-154524
383,18446744073709551615,0,0.826171875,464.40673828125,836.8646240234375,148.786376953125,293.8550720214844,20250225-154524
383,18446744073709551615,0,0.83544921875,610.1423950195312,537.7152099609375,243.19821166992188,334.7579040527344,20250225-154524
383,18446744073709551615,0,0.9267578125,412.1524658203125,1.29180908203125,503.8121337890625,658.69482421875,20250225-154524
383,18446744073709551615,0,0.93359375,241.77511596679688,614.9588012695312,985.1370849609375,828.9596557617188,20250225-154524
384,18446744073709551615,0,0.2037353515625,741.039794921875,435.71282958984375,51.15119934082031,84.19061279296875,20250225-154524
384,18446744073709551615,0,0.286865234375,626.0333862304688,1302.4779052734375,137.97857666015625,152.06918334960938,20250225-154524
384,18446744073709551615,0,0.330322265625,610.0587158203125,1658.3125,198.9774169921875,196.00698852539062,20250225-154524
384,18446744073709551615,0,0.416748046875,689.3470458984375,756.3253784179688,63.18988037109375,84.35696411132812,20250225-154524
384,18446744073709551615,0,0.4677734375,543.2085571289062,933.7738037109375,109.73904418945312,204.62594604492188,20250225-154524
384,18446744073709551615,0,0.517578125,694.7193603515625,1440.059326171875,117.2808837890625,85.008544921875,20250225-154524
384,18446744073709551615,0,0.5458984375,693.9420776367188,1755.85400390625,100.76092529296875,138.01712036132812,20250225-154524
384,18446744073709551615,0,0.56201171875,630.3497314453125,1304.28857421875,314.41351318359375,441.40576171875,20250225-154524
384,18446744073709551615,0,0.57373046875,680.6048583984375,487.95977783203125,90.26431274414062,141.01840209960938,20250225-154524
384,18446744073709551615,0,0.728515625,668.2512817382812,1572.521484375,111.64508056640625,105.39651489257812,20250225-154524
384,18446744073709551615,0,0.73193359375,489.5892333984375,569.4937744140625,131.28785705566406,293.51275634765625,20250225-154524
384,18446744073709551615,0,0.755859375,763.8828735351562,1754.287353515625,164.13262939453125,309.154541015625,20250225-154524
384,18446744073709551615,0,0.7900390625,684.92724609375,1855.294921875,63.85638427734375,94.05441284179688,20250225-154524
384,18446744073709551615,0,0.81884765625,464.34356689453125,839.9035034179688,154.71881103515625,294.47991943359375,20250225-154524
384,18446744073709551615,0,0.85693359375,609.4484252929688,536.8632202148438,244.00836181640625,336.7116394042969,20250225-154524
384,18446744073709551615,0,0.93017578125,414.2762145996094,1.5721435546875,499.99017333984375,656.6119995117188,20250225-154524
384,18446744073709551615,0,0.93505859375,241.56903076171875,613.7010498046875,996.1944580078125,828.861328125,20250225-154524
385,18446744073709551615,0,0.2108154296875,747.8919067382812,473.8305358886719,39.68797302246094,78.26632690429688,20250225-154524
385,18446744073709551615,0,0.24365234375,744.0704956054688,437.1993408203125,43.75579833984375,81.22018432617188,20250225-154524
385,18446744073709551615,0,0.285400390625,575.6248168945312,941.791259765625,79.3062744140625,136.7666015625,20250225-154524
385,18446744073709551615,0,0.309814453125,607.4650268554688,1658.60009765625,143.9307861328125,163.18148803710938,20250225-154524
385,18446744073709551615,0,0.4755859375,624.3873291015625,1298.072021484375,139.1048583984375,141.5533447265625,20250225-154524
385,18446744073709551615,0,0.48046875,686.404541015625,754.3368530273438,65.876220703125,85.68365478515625,20250225-154524
385,18446744073709551615,0,0.4814453125,679.8781127929688,487.73162841796875,90.60969543457031,141.79824829101562,20250225-154524
385,18446744073709551615,0,0.5341796875,692.4925537109375,1753.735107421875,103.1890869140625,137.98736572265625,20250225-154524
385,18446744073709551615,0,0.6416015625,694.6734619140625,1437.718505859375,118.663330078125,82.03546142578125,20250225-154524
385,18446744073709551615,0,0.69580078125,667.1541748046875,1572.7012939453125,108.74853515625,104.069091796875,20250225-154524
385,18446744073709551615,0,0.70654296875,757.1085205078125,1753.5545654296875,165.78973388671875,313.62213134765625,20250225-154524
385,18446744073709551615,0,0.716796875,489.3065185546875,570.535400390625,130.2099151611328,291.7680358886719,20250225-154524
385,18446744073709551615,0,0.74755859375,685.345703125,1855.267333984375,63.941162109375,92.38641357421875,20250225-154524
385,18446744073709551615,0,0.8466796875,463.53076171875,839.9734497070312,161.43118286132812,295.9368896484375,20250225-154524
385,18446744073709551615,0,0.8525390625,608.1839599609375,535.5853271484375,243.69076538085938,331.6365966796875,20250225-154524
385,18446744073709551615,0,0.92822265625,414.1571044921875,1.951812744140625,495.31475830078125,657.0968627929688,20250225-154524
385,18446744073709551615,0,0.94091796875,239.78842163085938,610.7138671875,1002.7183227539062,831.223388671875,20250225-154524
386,18446744073709551615,0,0.306640625,739.5957641601562,433.86676025390625,51.400177001953125,84.76473999023438,20250225-154524
386,18446744073709551615,0,0.43017578125,607.9605102539062,1657.103271484375,199.0968017578125,233.68807983398438,20250225-154524
386,18446744073709551615,0,0.437744140625,687.4742431640625,754.3828125,64.051025390625,85.10494995117188,20250225-154524
386,18446744073709551615,0,0.4755859375,578.8841552734375,939.787841796875,84.50372314453125,143.5880126953125,20250225-154524
386,18446744073709551615,0,0.5478515625,624.7194213867188,1292.78564453125,144.89657592773438,135.46151733398438,20250225-154524
386,18446744073709551615,0,0.5498046875,691.0830078125,1754.701904296875,100.95245361328125,135.48944091796875,20250225-154524
386,18446744073709551615,0,0.57568359375,679.51025390625,487.1065979003906,90.92637634277344,143.713623046875,20250225-154524
386,18446744073709551615,0,0.67138671875,667.094970703125,1573.3388671875,107.4766845703125,104.02212524414062,20250225-154524
386,18446744073709551615,0,0.67578125,694.7086181640625,1438.044189453125,116.7249755859375,82.23760986328125,20250225-154524
386,18446744073709551615,0,0.68505859375,764.1663208007812,1754.970458984375,163.553466796875,308.7232360839844,20250225-154524
386,18446744073709551615,0,0.7255859375,486.4013671875,569.8687133789062,130.16249084472656,294.5179138183594,20250225-154524
386,18446744073709551615,0,0.7861328125,684.573974609375,1855.5399169921875,63.579345703125,93.63409423828125,20250225-154524
386,18446744073709551615,0,0.81640625,461.9358215332031,840.142822265625,140.43511962890625,296.546630859375,20250225-154524
386,18446744073709551615,0,0.8291015625,608.3142700195312,534.8897705078125,245.16366577148438,325.41448974609375,20250225-154524
386,18446744073709551615,0,0.9296875,412.9844970703125,1.5626678466796875,491.0151672363281,658.3701782226562,20250225-154524
386,18446744073709551615,0,0.939453125,234.21588134765625,609.177978515625,1001.7637939453125,835.9194946289062,20250225-154524
387,18446744073709551615,0,0.33544921875,608.4591064453125,1655.3382568359375,202.61004638671875,236.60787963867188,20250225-154524
387,18446744073709551615,0,0.505859375,687.7205810546875,753.232421875,66.93342590332031,84.4013671875,20250225-154524
387,18446744073709551615,0,0.5263671875,574.3330078125,940.3042602539062,82.41531372070312,149.2554931640625,20250225-154524
387,18446744073709551615,0,0.544921875,676.2028198242188,432.516357421875,145.76431274414062,148.963623046875,20250225-154524
387,18446744073709551615,0,0.552734375,692.2177734375,1754.392822265625,101.92877197265625,140.293212890625,20250225-154524
387,18446744073709551615,0,0.55712890625,625.1076049804688,1290.18212890625,151.16445922851562,132.51443481445312,20250225-154524
387,18446744073709551615,0,0.56884765625,695.705322265625,1435.34033203125,117.2823486328125,116.9483642578125,20250225-154524
387,18446744073709551615,0,0.673828125,486.931640625,569.5775146484375,130.760009765625,296.54498291015625,20250225-154524
387,18446744073709551615,0,0.74072265625,762.1221313476562,1754.2730712890625,164.98663330078125,308.2547607421875,20250225-154524
387,18446744073709551615,0,0.7431640625,667.7274169921875,1575.0128173828125,111.77581787109375,103.21893310546875,20250225-154524
387,18446744073709551615,0,0.78076171875,684.6536865234375,1855.0374755859375,64.12518310546875,94.13735961914062,20250225-154524
387,18446744073709551615,0,0.8193359375,464.18280029296875,840.9393310546875,135.9722900390625,296.81396484375,20250225-154524
387,18446744073709551615,0,0.826171875,608.43603515625,535.7083740234375,243.8155517578125,322.4574279785156,20250225-154524
387,18446744073709551615,0,0.92724609375,414.51654052734375,1.7581787109375,486.0670166015625,656.8304443359375,20250225-154524
387,18446744073709551615,0,0.94482421875,237.8829345703125,607.2566528320312,1004.912841796875,831.2085571289062,20250225-154524
388,18446744073709551615,0,0.376708984375,610.4727172851562,1656.28271484375,198.451904296875,235.77163696289062,20250225-154524
388,18446744073709551615,0,0.5009765625,576.030517578125,941.3197631835938,78.91470336914062,145.21820068359375,20250225-154524
388,18446744073709551615,0,0.5029296875,693.79638671875,1755.009033203125,99.720703125,140.6026611328125,20250225-154524
388,18446744073709551615,0,0.509765625,696.372802734375,1435.6409912109375,116.2086181640625,116.7352294921875,20250225-154524
388,18446744073709551615,0,0.56787109375,687.65478515625,756.773681640625,60.029571533203125,83.32534790039062,20250225-154524
388,18446744073709551615,0,0.5849609375,627.3050537109375,1286.141845703125,154.71798706054688,124.259765625,20250225-154524
388,18446744073709551615,0,0.5859375,679.4710693359375,431.57061767578125,146.1151885986328,146.26153564453125,20250225-154524
388,18446744073709551615,0,0.6533203125,487.20794677734375,568.5845947265625,131.7882843017578,296.0336608886719,20250225-154524
388,18446744073709551615,0,0.67822265625,764.0883178710938,1753.8760986328125,165.39202880859375,305.4593811035156,20250225-154524
388,18446744073709551615,0,0.71533203125,667.9573974609375,1574.1207275390625,113.90057373046875,105.1424560546875,20250225-154524
388,18446744073709551615,0,0.78662109375,686.134521484375,1855.16748046875,63.9349365234375,93.17083740234375,20250225-154524
388,18446744073709551615,0,0.83056640625,468.49090576171875,841.8267822265625,133.80450439453125,293.3652648925781,20250225-154524
388,18446744073709551615,0,0.85009765625,609.2017822265625,538.5177001953125,241.37557983398438,317.18719482421875,20250225-154524
388,18446744073709551615,0,0.92578125,414.67474365234375,1.38134765625,482.40087890625,655.15380859375,20250225-154524
388,18446744073709551615,0,0.9443359375,237.7068328857422,607.2171020507812,1001.8555297851562,831.58740234375,20250225-154524
389,18446744073709551615,0,0.355712890625,580.9083251953125,939.044677734375,79.31451416015625,136.6446533203125,20250225-154524
389,18446744073709551615,0,0.3720703125,693.8120727539062,1754.7841796875,100.481689453125,136.77841186523438,20250225-154524
389,18446744073709551615,0,0.418701171875,677.7945556640625,432.886962890625,145.0956573486328,146.99359130859375,20250225-154524
389,18446744073709551615,0,0.494140625,695.3131713867188,1437.363525390625,112.72430419921875,131.17044067382812,20250225-154524
389,18446744073709551615,0,0.60107421875,627.4579467773438,1283.3096923828125,154.0645751953125,116.62783813476562,20250225-154524
389,18446744073709551615,0,0.6083984375,610.5294799804688,1658.9725341796875,196.71295166015625,234.42626953125,20250225-154524
389,18446744073709551615,0,0.62255859375,687.6718139648438,756.5489501953125,61.8211669921875,83.89791870117188,20250225-154524
389,18446744073709551615,0,0.7099609375,668.171142578125,1572.321533203125,114.13348388671875,104.79254150390625,20250225-154524
389,18446744073709551615,0,0.71875,758.8566284179688,1753.906494140625,165.44439697265625,310.6013488769531,20250225-154524
389,18446744073709551615,0,0.75439453125,486.92724609375,568.2222900390625,131.85516357421875,297.1465759277344,20250225-154524
389,18446744073709551615,0,0.783203125,685.5413818359375,1854.9473876953125,64.11236572265625,93.97283935546875,20250225-154524
389,18446744073709551615,0,0.80419921875,470.19287109375,841.357177734375,130.27890014648438,292.1773681640625,20250225-154524
389,18446744073709551615,0,0.85400390625,609.76611328125,538.12646484375,240.6536865234375,309.7524719238281,20250225-154524
389,18446744073709551615,0,0.9228515625,418.20501708984375,1.0994110107421875,480.96185302734375,653.6593017578125,20250225-154524
389,18446744073709551615,0,0.94677734375,232.57049560546875,605.9284057617188,1005.3103637695312,836.6727905273438,20250225-154524
390,18446744073709551615,0,0.250244140625,691.25537109375,1759.1378173828125,95.16650390625,124.13873291015625,20250225-154524
390,18446744073709551615,0,0.253173828125,580.1195068359375,938.2586059570312,77.52191162109375,131.44161987304688,20250225-154524
390,18446744073709551615,0,0.39794921875,679.1830444335938,486.8943786621094,90.12506103515625,141.37124633789062,20250225-154524
390,18446744073709551615,0,0.4814453125,608.98388671875,1659.6148681640625,196.1590576171875,238.77969360351562,20250225-154524
390,18446744073709551615,0,0.55078125,695.2044067382812,1438.982177734375,108.5244140625,130.3125,20250225-154524
390,18446744073709551615,0,0.591796875,625.306640625,1281.917236328125,154.789306640625,115.39883422851562,20250225-154524
390,18446744073709551615,0,0.5947265625,686.8888549804688,754.6672973632812,64.12394714355469,84.54446411132812,20250225-154524
390,18446744073709551615,0,0.7041015625,484.05487060546875,565.025146484375,134.98109436035156,300.6442565917969,20250225-154524
390,18446744073709551615,0,0.71533203125,667.657470703125,1572.9005126953125,111.61212158203125,104.26300048828125,20250225-154524
390,18446744073709551615,0,0.77099609375,685.2579345703125,1855.2703857421875,63.84320068359375,92.859375,20250225-154524
390,18446744073709551615,0,0.78125,757.27978515625,1752.982421875,166.105224609375,313.78509521484375,20250225-154524
390,18446744073709551615,0,0.79296875,471.8056640625,840.8329467773438,128.726806640625,291.7484436035156,20250225-154524
390,18446744073709551615,0,0.83935546875,607.8662109375,536.5565185546875,241.61370849609375,309.990966796875,20250225-154524
390,18446744073709551615,0,0.9287109375,416.820556640625,1.314788818359375,478.8366394042969,654.3082275390625,20250225-154524
390,18446744073709551615,0,0.94873046875,228.0615234375,604.7167358398438,1005.744873046875,840.2332763671875,20250225-154524
391,18446744073709551615,0,0.402587890625,695.4010009765625,1439.3134765625,101.44281005859375,95.4261474609375,20250225-154524
391,18446744073709551615,0,0.46875,609.2901611328125,1659.85986328125,135.18072509765625,161.41717529296875,20250225-154524
391,18446744073709551615,0,0.57666015625,693.1254272460938,1754.4012451171875,99.93914794921875,142.95510864257812,20250225-154524
391,18446744073709551615,0,0.60302734375,676.1760864257812,433.31597900390625,144.71145629882812,148.63568115234375,20250225-154524
391,18446744073709551615,0,0.609375,686.5266723632812,754.740234375,64.42034912109375,85.130126953125,20250225-154524
391,18446744073709551615,0,0.65673828125,623.737060546875,1280.5235595703125,150.67300415039062,105.60214233398438,20250225-154524
391,18446744073709551615,0,0.6953125,483.55078125,564.6065673828125,135.76071166992188,299.7757873535156,20250225-154524
391,18446744073709551615,0,0.6982421875,666.706298828125,1572.1234130859375,113.507080078125,104.49298095703125,20250225-154524
391,18446744073709551615,0,0.75,761.469970703125,1752.37353515625,166.789306640625,307.72412109375,20250225-154524
391,18446744073709551615,0,0.76416015625,685.0768432617188,1855.249267578125,63.91552734375,92.31216430664062,20250225-154524
391,18446744073709551615,0,0.78857421875,475.9589538574219,840.3363037109375,114.81500244140625,287.54278564453125,20250225-154524
391,18446744073709551615,0,0.8369140625,608.1346435546875,536.886474609375,241.41302490234375,304.8923034667969,20250225-154524
391,18446744073709551615,0,0.91943359375,418.273681640625,1.708282470703125,478.0207214355469,651.9749755859375,20250225-154524
391,18446744073709551615,0,0.947265625,229.81365966796875,604.6188354492188,1006.1672973632812,837.8124389648438,20250225-154524
392,18446744073709551615,0,0.318359375,609.7635498046875,1661.3514404296875,138.33782958984375,164.21035766601562,20250225-154524
392,18446744073709551615,0,0.408203125,692.0137939453125,1754.31396484375,100.1253662109375,136.51675415039062,20250225-154524
392,18446744073709551615,0,0.4560546875,697.0277709960938,1439.356689453125,106.82794189453125,76.50421142578125,20250225-154524
392,18446744073709551615,0,0.60693359375,686.4380493164062,754.9598388671875,64.47981262207031,85.86868286132812,20250225-154524
392,18446744073709551615,0,0.6298828125,675.2501220703125,432.1791687011719,145.3860626220703,149.2701416015625,20250225-154524
392,18446744073709551615,0,0.66455078125,624.3226318359375,1280.675048828125,149.30218505859375,102.32601928710938,20250225-154524
392,18446744073709551615,0,0.693359375,482.81854248046875,565.157470703125,135.41253662109375,299.6517333984375,20250225-154524
392,18446744073709551615,0,0.703125,762.7554931640625,1752.8609619140625,166.49249267578125,307.0633850097656,20250225-154524
392,18446744073709551615,0,0.732421875,667.5274658203125,1573.6805419921875,112.7252197265625,103.80496215820312,20250225-154524
392,18446744073709551615,0,0.76611328125,684.9765014648438,1855.06298828125,64.05615234375,93.77938842773438,20250225-154524
392,18446744073709551615,0,0.7958984375,481.4154052734375,839.540283203125,116.83502197265625,283.11309814453125,20250225-154524
392,18446744073709551615,0,0.83837890625,607.8576049804688,535.466064453125,242.83364868164062,304.1305847167969,20250225-154524
392,18446744073709551615,0,0.92333984375,419.74493408203125,1.42987060546875,476.59075927734375,650.4683837890625,20250225-154524
392,18446744073709551615,0,0.947265625,230.3826141357422,604.0281372070312,1008.8494262695312,837.8778076171875,20250225-154524
393,18446744073709551615,0,0.242919921875,692.4032592773438,1760.55029296875,93.016845703125,124.54000854492188,20250225-154524
393,18446744073709551615,0,0.529296875,609.5630493164062,1657.5765380859375,197.98260498046875,233.50277709960938,20250225-154524
393,18446744073709551615,0,0.5439453125,698.7923583984375,1437.830810546875,107.04437255859375,99.79568481445312,20250225-154524
393,18446744073709551615,0,0.6103515625,676.257568359375,431.8790588378906,145.12939453125,149.14361572265625,20250225-154524
393,18446744073709551615,0,0.63330078125,626.3067626953125,1280.824462890625,148.97360229492188,95.97262573242188,20250225-154524
393,18446744073709551615,0,0.64501953125,687.3707885742188,754.6300659179688,63.55439758300781,85.84249877929688,20250225-154524
393,18446744073709551615,0,0.66650390625,758.0067138671875,1753.030517578125,166.23687744140625,311.9073486328125,20250225-154524
393,18446744073709551615,0,0.67724609375,483.6236572265625,564.5528564453125,136.2418212890625,301.9796447753906,20250225-154524
393,18446744073709551615,0,0.72802734375,667.264892578125,1572.56689453125,112.82281494140625,105.08349609375,20250225-154524
393,18446744073709551615,0,0.73095703125,483.11920166015625,840.2880249023438,117.66586303710938,283.4098205566406,20250225-154524
393,18446744073709551615,0,0.7724609375,684.9376831054688,1855.2000732421875,63.8594970703125,94.02685546875,20250225-154524
393,18446744073709551615,0,0.83154296875,608.5389404296875,537.461181640625,242.51239013671875,301.06915283203125,20250225-154524
393,18446744073709551615,0,0.9228515625,424.25775146484375,1.9564361572265625,473.913330078125,646.3492431640625,20250225-154524
393,18446744073709551615,0,0.94580078125,232.5263671875,604.5625610351562,1011.705322265625,835.0111083984375,20250225-154524
394,18446744073709551615,0,0.2139892578125,691.7911376953125,1760.8154296875,92.28900146484375,118.29730224609375,20250225-154524
394,18446744073709551615,0,0.484375,610.2002563476562,1657.1751708984375,198.3079833984375,234.91360473632812,20250225-154524
394,18446744073709551615,0,0.5302734375,700.636962890625,1438.4375,90.7474365234375,74.76077270507812,20250225-154524
394,18446744073709551615,0,0.5849609375,680.5680541992188,429.4276123046875,147.59609985351562,145.73382568359375,20250225-154524
394,18446744073709551615,0,0.62890625,668.464599609375,1572.5057373046875,92.53692626953125,103.72402954101562,20250225-154524
394,18446744073709551615,0,0.64501953125,626.1582641601562,1278.090576171875,149.26382446289062,90.3446044921875,20250225-154524
394,18446744073709551615,0,0.64697265625,687.966064453125,754.1346435546875,63.586395263671875,85.2081298828125,20250225-154524
394,18446744073709551615,0,0.66552734375,483.3021240234375,841.1507568359375,116.1243896484375,284.9376525878906,20250225-154524
394,18446744073709551615,0,0.70556640625,483.046875,565.7933959960938,134.75692749023438,301.18927001953125,20250225-154524
394,18446744073709551615,0,0.75146484375,762.2609252929688,1752.9052734375,166.35406494140625,307.9638977050781,20250225-154524
394,18446744073709551615,0,0.77587890625,685.5404663085938,1855.052490234375,64.05084228515625,92.76864624023438,20250225-154524
394,18446744073709551615,0,0.84326171875,609.2548828125,538.0323486328125,241.92938232421875,297.8917236328125,20250225-154524
394,18446744073709551615,0,0.92041015625,426.8551025390625,1.748016357421875,474.3126220703125,644.1915283203125,20250225-154524
394,18446744073709551615,0,0.94189453125,234.34918212890625,604.2930908203125,1011.6514892578125,833.5501098632812,20250225-154524
395,18446744073709551615,0,0.279052734375,706.8350830078125,1752.413818359375,104.07659912109375,145.67843627929688,20250225-154524
395,18446744073709551615,0,0.466796875,609.2063598632812,1654.193359375,200.9747314453125,236.86074829101562,20250225-154524
395,18446744073709551615,0,0.50390625,700.020263671875,1437.79931640625,103.45587158203125,79.41311645507812,20250225-154524
395,18446744073709551615,0,0.58154296875,675.8234252929688,432.1549072265625,145.46800231933594,149.37680053710938,20250225-154524
395,18446744073709551615,0,0.6376953125,625.0909423828125,1277.789306640625,148.19329833984375,86.59835815429688,20250225-154524
395,18446744073709551615,0,0.67041015625,687.16015625,755.45703125,63.35527038574219,84.94189453125,20250225-154524
395,18446744073709551615,0,0.67236328125,763.2564697265625,1754.0137939453125,165.172119140625,306.2955322265625,20250225-154524
395,18446744073709551615,0,0.67236328125,668.1058959960938,1574.4892578125,122.0592041015625,102.78323364257812,20250225-154524
395,18446744073709551615,0,0.7080078125,538.970703125,842.489501953125,114.26266479492188,229.42767333984375,20250225-154524
395,18446744073709551615,0,0.708984375,480.49273681640625,565.3775634765625,134.6619873046875,304.35552978515625,20250225-154524
395,18446744073709551615,0,0.76904296875,684.9706420898438,1854.867919921875,64.19512939453125,92.69631958007812,20250225-154524
395,18446744073709551615,0,0.845703125,609.02197265625,537.0028076171875,241.86190795898438,294.92724609375,20250225-154524
395,18446744073709551615,0,0.91552734375,426.6164245605469,1.454132080078125,474.46044921875,645.0582275390625,20250225-154524
395,18446744073709551615,0,0.94189453125,231.374267578125,603.6679077148438,1012.5216064453125,836.1176147460938,20250225-154524
396,18446744073709551615,0,0.203125,689.1084594726562,1760.0665283203125,94.89715576171875,121.54074096679688,20250225-154524
396,18446744073709551615,0,0.2486572265625,738.9545288085938,281.0138854980469,89.34750366210938,158.43356323242188,20250225-154524
396,18446744073709551615,0,0.587890625,675.583251953125,431.50140380859375,146.90203857421875,149.85662841796875,20250225-154524
396,18446744073709551615,0,0.5888671875,699.1646118164062,1436.63427734375,103.94036865234375,78.40493774414062,20250225-154524
396,18446744073709551615,0,0.6083984375,622.6734008789062,1277.102294921875,149.1090087890625,88.42996215820312,20250225-154524
396,18446744073709551615,0,0.62890625,537.68505859375,841.7854614257812,116.15606689453125,229.9599609375,20250225-154524
396,18446744073709551615,0,0.6376953125,685.2009887695312,756.224609375,64.38125610351562,88.18698120117188,20250225-154524
396,18446744073709551615,0,0.673828125,607.9454956054688,1658.006591796875,198.6163330078125,233.22216796875,20250225-154524
396,18446744073709551615,0,0.7177734375,666.134033203125,1571.6846923828125,113.57940673828125,104.85186767578125,20250225-154524
396,18446744073709551615,0,0.75,761.870361328125,1753.49853515625,165.66925048828125,306.9298095703125,20250225-154524
396,18446744073709551615,0,0.751953125,479.9292297363281,566.4540405273438,133.95327758789062,303.01171875,20250225-154524
396,18446744073709551615,0,0.77099609375,684.5535278320312,1855.1956787109375,63.86956787109375,92.09445190429688,20250225-154524
396,18446744073709551615,0,0.82373046875,608.9064331054688,538.5728759765625,238.91766357421875,294.1354064941406,20250225-154524
396,18446744073709551615,0,0.90673828125,428.9827880859375,1.601898193359375,469.9522705078125,642.30224609375,20250225-154524
396,18446744073709551615,0,0.94580078125,231.49658203125,603.29638671875,1012.0601806640625,836.4171752929688,20250225-154524
397,18446744073709551615,0,0.226806640625,736.6649780273438,276.8703918457031,94.03864288330078,160.24850463867188,20250225-154524
397,18446744073709551615,0,0.2705078125,740.33984375,434.40032958984375,50.897369384765625,84.02838134765625,20250225-154524
397,18446744073709551615,0,0.5166015625,701.3038330078125,1435.922607421875,104.2349853515625,73.02511596679688,20250225-154524
397,18446744073709551615,0,0.5234375,677.9371948242188,486.131103515625,91.5963134765625,145.08242797851562,20250225-154524
397,18446744073709551615,0,0.61865234375,685.9901733398438,754.1101684570312,65.8824462890625,87.23812866210938,20250225-154524
397,18446744073709551615,0,0.66015625,623.9807739257812,1277.137451171875,150.62850952148438,93.02645874023438,20250225-154524
397,18446744073709551615,0,0.6875,530.176513671875,842.423095703125,117.10546875,236.1060791015625,20250225-154524
397,18446744073709551615,0,0.72705078125,608.2326049804688,1658.490966796875,197.08355712890625,234.02883911132812,20250225-154524
397,18446744073709551615,0,0.73193359375,478.89111328125,565.387939453125,135.0608367919922,305.1321716308594,20250225-154524
397,18446744073709551615,0,0.74462890625,666.3927612304688,1572.47900390625,112.99932861328125,104.95806884765625,20250225-154524
397,18446744073709551615,0,0.7529296875,762.5650634765625,1752.404296875,166.8563232421875,306.5966491699219,20250225-154524
397,18446744073709551615,0,0.7744140625,684.9368896484375,1855.3707275390625,63.69268798828125,92.568603515625,20250225-154524
397,18446744073709551615,0,0.82861328125,608.0584716796875,538.064208984375,239.56759643554688,294.3013916015625,20250225-154524
397,18446744073709551615,0,0.8974609375,429.03607177734375,1.5306243896484375,461.8534240722656,642.5073852539062,20250225-154524
397,18446744073709551615,0,0.94482421875,236.58673095703125,601.2557373046875,1013.4541625976562,830.7321166992188,20250225-154524
398,18446744073709551615,0,0.21337890625,741.9700927734375,433.8109130859375,54.14680480957031,83.43759155273438,20250225-154524
398,18446744073709551615,0,0.2379150390625,734.0432739257812,270.34564208984375,102.90188598632812,162.87313842773438,20250225-154524
398,18446744073709551615,0,0.5048828125,678.4324951171875,487.6656188964844,90.63011169433594,145.46676635742188,20250225-154524
398,18446744073709551615,0,0.58984375,702.8323974609375,1434.57421875,101.34695434570312,74.87246704101562,20250225-154524
398,18446744073709551615,0,0.6376953125,687.1550903320312,754.850341796875,63.336456298828125,85.98605346679688,20250225-154524
398,18446744073709551615,0,0.66455078125,626.2183227539062,1276.0477294921875,153.5357666015625,94.65866088867188,20250225-154524
398,18446744073709551615,0,0.70263671875,478.91363525390625,566.6845703125,134.0452423095703,307.2067565917969,20250225-154524
398,18446744073709551615,0,0.75048828125,684.8360595703125,1854.957275390625,64.14349365234375,94.44900512695312,20250225-154524
398,18446744073709551615,0,0.7548828125,667.9667358398438,1574.2847900390625,116.6597900390625,103.49642944335938,20250225-154524
398,18446744073709551615,0,0.7568359375,526.639892578125,845.1901245117188,114.97036743164062,239.76864624023438,20250225-154524
398,18446744073709551615,0,0.759765625,609.6220703125,1659.175537109375,196.6732177734375,231.12982177734375,20250225-154524
398,18446744073709551615,0,0.76953125,756.3114624023438,1753.068603515625,166.18707275390625,313.52197265625,20250225-154524
398,18446744073709551615,0,0.833984375,608.2938232421875,537.3505859375,241.276611328125,294.6361083984375,20250225-154524
398,18446744073709551615,0,0.89892578125,431.637451171875,1.6078033447265625,463.18743896484375,639.4027099609375,20250225-154524
398,18446744073709551615,0,0.94677734375,235.43316650390625,601.4815063476562,1008.6223754882812,832.316162109375,20250225-154524
399,18446744073709551615,0,0.490234375,675.5744018554688,432.5849304199219,146.40435791015625,149.13153076171875,20250225-154524
399,18446744073709551615,0,0.501953125,702.2546997070312,1433.7696533203125,101.7183837890625,74.7886962890625,20250225-154524
399,18446744073709551615,0,0.61767578125,687.0690307617188,754.2216796875,64.46942138671875,85.19723510742188,20250225-154524
399,18446744073709551615,0,0.638671875,626.5936889648438,1277.3514404296875,152.78750610351562,96.11160278320312,20250225-154524
399,18446744073709551615,0,0.7255859375,479.3011779785156,566.6651000976562,134.0335235595703,305.5140380859375,20250225-154524
399,18446744073709551615,0,0.7392578125,609.6351928710938,1658.9443359375,197.52886962890625,234.19326782226562,20250225-154524
399,18446744073709551615,0,0.75146484375,667.2930908203125,1573.60693359375,114.89337158203125,104.72854614257812,20250225-154524
399,18446744073709551615,0,0.759765625,684.9252319335938,1854.44677734375,64.60345458984375,93.91744995117188,20250225-154524
399,18446744073709551615,0,0.77783203125,756.4339599609375,1753.56103515625,165.7822265625,313.0267639160156,20250225-154524
399,18446744073709551615,0,0.78515625,524.9328002929688,846.2572021484375,113.5634765625,242.70748901367188,20250225-154524
399,18446744073709551615,0,0.8408203125,609.2618408203125,537.9156494140625,240.87460327148438,292.1605224609375,20250225-154524
399,18446744073709551615,0,0.88623046875,434.70794677734375,1.786376953125,451.2107849121094,636.135986328125,20250225-154524
399,18446744073709551615,0,0.9423828125,235.0605926513672,604.0768432617188,1000.4619140625,832.66845703125,20250225-154524
400,18446744073709551615,0,0.5048828125,702.6329956054688,1433.001220703125,101.50735473632812,73.87298583984375,20250225-154524
400,18446744073709551615,0,0.55712890625,678.09814453125,430.1866149902344,148.6394805908203,147.70138549804688,20250225-154524
400,18446744073709551615,0,0.60498046875,686.8976440429688,752.4848022460938,67.04292297363281,85.5985107421875,20250225-154524
400,18446744073709551615,0,0.61767578125,625.877197265625,1277.2647705078125,153.49658203125,97.77584838867188,20250225-154524
400,18446744073709551615,0,0.65771484375,609.0062255859375,1659.326171875,198.7510986328125,235.65097045898438,20250225-154524
400,18446744073709551615,0,0.71630859375,760.5108032226562,1754.75244140625,164.5125732421875,308.8735656738281,20250225-154524
400,18446744073709551615,0,0.7294921875,479.455078125,567.1417236328125,133.61773681640625,305.2114562988281,20250225-154524
400,18446744073709551615,0,0.7373046875,666.6995849609375,1573.197509765625,118.45806884765625,104.20147705078125,20250225-154524
400,18446744073709551615,0,0.76220703125,685.0198974609375,1855.3818359375,63.677490234375,93.49996948242188,20250225-154524
400,18446744073709551615,0,0.8154296875,522.1292724609375,846.755859375,111.780029296875,243.93722534179688,20250225-154524
400,18446744073709551615,0,0.84423828125,608.8383178710938,536.4676513671875,243.03387451171875,293.2004699707031,20250225-154524
400,18446744073709551615,0,0.87890625,434.60888671875,1.685394287109375,431.2321472167969,637.462646484375,20250225-154524
400,18446744073709551615,0,0.94677734375,234.3937225341797,604.3273315429688,1001.6925659179688,833.25146484375,20250225-154524
401,18446744073709551615,0,0.203125,741.5740966796875,434.0261535644531,49.725860595703125,82.80816650390625,20250225-154524
401,18446744073709551615,0,0.2239990234375,721.787109375,246.72528076171875,125.62925720214844,180.50784301757812,20250225-154524
401,18446744073709551615,0,0.4931640625,701.293212890625,1430.775634765625,93.08908081054688,71.10562133789062,20250225-154524
401,18446744073709551615,0,0.5087890625,676.4349975585938,487.61053466796875,91.92938232421875,143.627197265625,20250225-154524
401,18446744073709551615,0,0.591796875,686.3468627929688,754.5360107421875,65.04391479492188,84.77783203125,20250225-154524
401,18446744073709551615,0,0.6689453125,623.6180419921875,1277.856201171875,151.79150390625,99.55609130859375,20250225-154524
401,18446744073709551615,0,0.7255859375,608.59716796875,1661.293701171875,195.9481201171875,237.70660400390625,20250225-154524
401,18446744073709551615,0,0.75634765625,684.7197265625,1855.148681640625,63.904541015625,92.93206787109375,20250225-154524
401,18446744073709551615,0,0.76123046875,478.5746154785156,570.0298461914062,131.09495544433594,304.54248046875,20250225-154524
401,18446744073709551615,0,0.76416015625,666.1192626953125,1573.36962890625,113.8905029296875,104.64459228515625,20250225-154524
401,18446744073709551615,0,0.77978515625,757.7338256835938,1754.8590087890625,164.41259765625,313.3387756347656,20250225-154524
401,18446744073709551615,0,0.841796875,520.0665893554688,848.5402221679688,111.76959228515625,244.710205078125,20250225-154524
401,18446744073709551615,0,0.8447265625,608.6039428710938,536.484130859375,240.45767211914062,290.72991943359375,20250225-154524
401,18446744073709551615,0,0.8759765625,436.0242919921875,1.970123291015625,426.2952575683594,635.3134765625,20250225-154524
401,18446744073709551615,0,0.94775390625,233.13583374023438,602.987548828125,1004.9527587890625,834.4537353515625,20250225-154524
402,18446744073709551615,0,0.226806640625,693.428955078125,1788.7122802734375,41.21575927734375,35.543701171875,20250225-154524
402,18446744073709551615,0,0.27587890625,716.1743774414062,241.33534240722656,130.829345703125,185.70977783203125,20250225-154524
402,18446744073709551615,0,0.517578125,701.5166015625,1430.286376953125,88.02127075195312,71.47091674804688,20250225-154524
402,18446744073709551615,0,0.56396484375,672.8937377929688,431.93414306640625,148.69088745117188,151.72311401367188,20250225-154524
402,18446744073709551615,0,0.57373046875,685.8074340820312,752.1025390625,66.8668212890625,84.61953735351562,20250225-154524
402,18446744073709551615,0,0.65673828125,624.744873046875,1276.8587646484375,152.5682373046875,97.1162109375,20250225-154524
402,18446744073709551615,0,0.73583984375,608.29833984375,1662.9049072265625,195.21881103515625,237.4713134765625,20250225-154524
402,18446744073709551615,0,0.74853515625,478.4482727050781,570.2099609375,133.0668182373047,303.5950927734375,20250225-154524
402,18446744073709551615,0,0.75146484375,666.3744506835938,1574.08056640625,116.1064453125,104.41644287109375,20250225-154524
402,18446744073709551615,0,0.7529296875,759.5502319335938,1755.112060546875,164.17840576171875,312.0889892578125,20250225-154524
402,18446744073709551615,0,0.759765625,684.8089599609375,1855.2425537109375,63.86480712890625,93.63912963867188,20250225-154524
402,18446744073709551615,0,0.83056640625,516.9559936523438,847.0863647460938,114.9407958984375,247.51190185546875,20250225-154524
402,18446744073709551615,0,0.8447265625,608.9957885742188,537.1890869140625,240.13604736328125,290.4659729003906,20250225-154524
402,18446744073709551615,0,0.8798828125,439.00836181640625,2.1572113037109375,424.3975524902344,632.174072265625,20250225-154524
402,18446744073709551615,0,0.947265625,232.82821655273438,603.4612426757812,1007.3073120117188,834.3997192382812,20250225-154524
403,18446744073709551615,0,0.201171875,712.4390869140625,230.33921813964844,141.72280883789062,196.37274169921875,20250225-154524
403,18446744073709551615,0,0.5146484375,701.385986328125,1430.452392578125,81.63528442382812,73.46978759765625,20250225-154524
403,18446744073709551615,0,0.56201171875,686.843994140625,756.3197631835938,63.95869445800781,84.38543701171875,20250225-154524
403,18446744073709551615,0,0.5888671875,676.4071044921875,488.075927734375,92.63626098632812,144.4427490234375,20250225-154524
403,18446744073709551615,0,0.6533203125,626.0504150390625,1276.6248779296875,153.12286376953125,95.40847778320312,20250225-154524
403,18446744073709551615,0,0.7255859375,757.462158203125,1755.2838134765625,164.07623291015625,312.859130859375,20250225-154524
403,18446744073709551615,0,0.740234375,609.2283325195312,1660.8614501953125,196.83892822265625,241.44351196289062,20250225-154524
403,18446744073709551615,0,0.7431640625,666.5914306640625,1572.910400390625,115.51519775390625,105.06436157226562,20250225-154524
403,18446744073709551615,0,0.74853515625,478.38153076171875,570.387451171875,132.9921112060547,304.8031311035156,20250225-154524
403,18446744073709551615,0,0.7646484375,684.9900512695312,1855.26416015625,63.83587646484375,93.92184448242188,20250225-154524
403,18446744073709551615,0,0.7822265625,516.7560424804688,847.6416015625,117.416015625,248.58078002929688,20250225-154524
403,18446744073709551615,0,0.85986328125,608.7723999023438,537.840087890625,241.9061279296875,290.359130859375,20250225-154524
403,18446744073709551615,0,0.87353515625,440.30108642578125,2.3697509765625,421.3765869140625,629.9152221679688,20250225-154524
403,18446744073709551615,0,0.94677734375,234.61395263671875,603.2133178710938,1008.478271484375,833.145263671875,20250225-154524
404,18446744073709551615,0,0.223388671875,742.97607421875,435.4443054199219,52.61302185058594,82.65554809570312,20250225-154524
404,18446744073709551615,0,0.338134765625,610.2674560546875,1658.1580810546875,199.59796142578125,243.8583984375,20250225-154524
404,18446744073709551615,0,0.453369140625,721.8978271484375,1752.61083984375,104.86962890625,132.35980224609375,20250225-154524
404,18446744073709551615,0,0.529296875,701.0218505859375,1432.01220703125,85.925537109375,73.89413452148438,20250225-154524
404,18446744073709551615,0,0.56396484375,687.6022338867188,755.726318359375,63.362640380859375,83.99917602539062,20250225-154524
404,18446744073709551615,0,0.56982421875,517.8934326171875,844.7323608398438,122.19580078125,247.84405517578125,20250225-154524
404,18446744073709551615,0,0.58154296875,677.4609375,488.3517150878906,93.19999694824219,143.72479248046875,20250225-154524
404,18446744073709551615,0,0.642578125,626.9417724609375,1277.0343017578125,152.94461059570312,93.20672607421875,20250225-154524
404,18446744073709551615,0,0.712890625,758.42529296875,1755.4456787109375,163.9130859375,310.56756591796875,20250225-154524
404,18446744073709551615,0,0.7392578125,667.638427734375,1574.44580078125,112.3355712890625,103.99612426757812,20250225-154524
404,18446744073709551615,0,0.7607421875,478.3157958984375,571.148681640625,133.74874877929688,305.80535888671875,20250225-154524
404,18446744073709551615,0,0.76611328125,685.3665771484375,1854.993896484375,64.0576171875,93.925048828125,20250225-154524
404,18446744073709551615,0,0.85107421875,609.2796020507812,537.3636474609375,242.15570068359375,292.1230773925781,20250225-154524
404,18446744073709551615,0,0.87255859375,441.8316650390625,2.56475830078125,412.49395751953125,629.1116943359375,20250225-154524
404,18446744073709551615,0,0.9462890625,234.778564453125,602.540771484375,1008.353759765625,832.6686401367188,20250225-154524
405,18446744073709551615,0,0.56396484375,687.24658203125,756.3485107421875,63.70857238769531,84.2457275390625,20250225-154524
405,18446744073709551615,0,0.587890625,699.2327270507812,1431.014892578125,92.93527221679688,76.01303100585938,20250225-154524
405,18446744073709551615,0,0.59375,677.2039794921875,487.66937255859375,95.67594909667969,143.876220703125,20250225-154524
405,18446744073709551615,0,0.59814453125,660.3894653320312,208.98646545410156,162.94851684570312,268.5771789550781,20250225-154524
405,18446744073709551615,0,0.6513671875,627.1928100585938,1280.1390380859375,149.5155029296875,91.31524658203125,20250225-154524
405,18446744073709551615,0,0.70751953125,609.2755126953125,1659.0523681640625,197.21759033203125,240.62255859375,20250225-154524
405,18446744073709551615,0,0.72314453125,477.4866943359375,570.69287109375,135.96881103515625,307.2549133300781,20250225-154524
405,18446744073709551615,0,0.7548828125,667.8076171875,1574.29296875,115.029052734375,103.20986938476562,20250225-154524
405,18446744073709551615,0,0.7607421875,685.5613403320312,1854.952880859375,64.09185791015625,93.89501953125,20250225-154524
405,18446744073709551615,0,0.77734375,756.2611083984375,1754.992919921875,164.263916015625,313.3689880371094,20250225-154524
405,18446744073709551615,0,0.8037109375,516.5107421875,839.4523315429688,128.85049438476562,248.8128662109375,20250225-154524
405,18446744073709551615,0,0.8515625,609.03076171875,537.1990966796875,241.74618530273438,292.2087707519531,20250225-154524
405,18446744073709551615,0,0.87939453125,442.01165771484375,1.983856201171875,409.56903076171875,629.1956787109375,20250225-154524
405,18446744073709551615,0,0.94677734375,239.61080932617188,602.8013305664062,1008.39697265625,827.786865234375,20250225-154524
406,18446744073709551615,0,0.2213134765625,740.234619140625,433.9009094238281,50.1767578125,84.8558349609375,20250225-154525
406,18446744073709551615,0,0.4736328125,515.5413208007812,831.7791137695312,91.23989868164062,247.163818359375,20250225-154525
406,18446744073709551615,0,0.5546875,686.5746459960938,755.4236450195312,65.52168273925781,84.95571899414062,20250225-154525
406,18446744073709551615,0,0.58203125,676.556396484375,488.1195068359375,99.52120971679688,146.2496337890625,20250225-154525
406,18446744073709551615,0,0.5830078125,697.5532836914062,1431.4189453125,96.65414428710938,78.3720703125,20250225-154525
406,18446744073709551615,0,0.650390625,624.1788940429688,1281.8896484375,146.92446899414062,93.97760009765625,20250225-154525
406,18446744073709551615,0,0.67822265625,602.6385498046875,187.50782775878906,184.94874572753906,329.5271301269531,20250225-154525
406,18446744073709551615,0,0.7001953125,609.1605834960938,1659.4412841796875,197.504150390625,231.04293823242188,20250225-154525
406,18446744073709551615,0,0.71875,761.2809448242188,1755.34716796875,163.82098388671875,308.1783142089844,20250225-154525
406,18446744073709551615,0,0.7548828125,684.9790649414062,1854.9620361328125,64.0865478515625,93.61715698242188,20250225-154525
406,18446744073709551615,0,0.7568359375,666.6828002929688,1573.5712890625,117.0743408203125,104.4993896484375,20250225-154525
406,18446744073709551615,0,0.7744140625,476.9958801269531,572.4788818359375,135.9697723388672,306.2958984375,20250225-154525
406,18446744073709551615,0,0.85595703125,609.3431396484375,536.9375,239.978759765625,292.0031433105469,20250225-154525
406,18446744073709551615,0,0.88427734375,441.9228515625,1.67889404296875,403.9783630371094,628.479248046875,20250225-154525
406,18446744073709551615,0,0.94921875,240.28298950195312,599.5401000976562,1014.410888671875,826.7576293945312,20250225-154525
407,18446744073709551615,0,0.4755859375,686.4028930664062,751.8446044921875,68.24267578125,85.13552856445312,20250225-154525
407,18446744073709551615,0,0.57373046875,676.5906372070312,488.6781921386719,100.52384948730469,146.34530639648438,20250225-154525
407,18446744073709551615,0,0.57763671875,696.0130004882812,1430.2987060546875,94.78903198242188,78.44924926757812,20250225-154525
407,18446744073709551615,0,0.62060546875,608.4896850585938,1659.8154296875,196.81640625,245.5880126953125,20250225-154525
407,18446744073709551615,0,0.64501953125,624.711181640625,1282.762451171875,145.53076171875,92.40408325195312,20250225-154525
407,18446744073709551615,0,0.64697265625,597.9797973632812,183.64620971679688,189.67494201660156,335.1799621582031,20250225-154525
407,18446744073709551615,0,0.66015625,514.4441528320312,827.6035766601562,95.7696533203125,247.5106201171875,20250225-154525
407,18446744073709551615,0,0.689453125,761.7801513671875,1755.4420166015625,163.83087158203125,307.09130859375,20250225-154525
407,18446744073709551615,0,0.759765625,475.2696533203125,571.2408447265625,138.6016387939453,307.1455078125,20250225-154525
407,18446744073709551615,0,0.7744140625,685.0521240234375,1854.75244140625,64.346923828125,94.25930786132812,20250225-154525
407,18446744073709551615,0,0.791015625,666.3264770507812,1573.119873046875,121.31854248046875,104.801513671875,20250225-154525
407,18446744073709551615,0,0.84423828125,608.8526611328125,536.2900390625,241.69729614257812,292.96728515625,20250225-154525
407,18446744073709551615,0,0.87841796875,442.71514892578125,2.013702392578125,404.44482421875,627.8135375976562,20250225-154525
407,18446744073709551615,0,0.94873046875,232.3546142578125,601.7924194335938,1010.0225830078125,835.2630615234375,20250225-154525
408,18446744073709551615,0,0.405517578125,686.8726806640625,754.045166015625,66.6566162109375,83.84344482421875,20250225-154525
408,18446744073709551615,0,0.611328125,676.1500854492188,487.8318786621094,100.9306640625,145.29080200195312,20250225-154525
408,18446744073709551615,0,0.61328125,695.1502685546875,1430.85009765625,98.98635864257812,81.46380615234375,20250225-154525
408,18446744073709551615,0,0.64697265625,609.2290649414062,1651.4857177734375,204.82305908203125,237.33151245117188,20250225-154525
408,18446744073709551615,0,0.66455078125,625.4664306640625,1282.070068359375,145.7742919921875,91.33447265625,20250225-154525
408,18446744073709551615,0,0.7177734375,666.8259887695312,1572.3695068359375,87.88604736328125,101.41964721679688,20250225-154525
408,18446744073709551615,0,0.72412109375,474.5148010253906,572.64599609375,140.0834197998047,309.14154052734375,20250225-154525
408,18446744073709551615,0,0.75146484375,761.2996215820312,1755.4962158203125,163.90484619140625,309.10198974609375,20250225-154525
408,18446744073709551615,0,0.75341796875,597.306884765625,173.43626403808594,200.55780029296875,343.92974853515625,20250225-154525
408,18446744073709551615,0,0.767578125,514.60986328125,825.33544921875,90.73553466796875,246.941162109375,20250225-154525
408,18446744073709551615,0,0.7890625,684.8079833984375,1854.8836669921875,64.16876220703125,94.66827392578125,20250225-154525
408,18446744073709551615,0,0.8388671875,608.4109497070312,536.3480224609375,242.47219848632812,294.36309814453125,20250225-154525
408,18446744073709551615,0,0.8837890625,445.31231689453125,1.8101348876953125,403.65069580078125,624.78173828125,20250225-154525
408,18446744073709551615,0,0.94873046875,237.86590576171875,599.7903442382812,1014.9739379882812,829.0991821289062,20250225-154525
409,18446744073709551615,0,0.260498046875,477.63629150390625,857.443115234375,127.24072265625,286.45166015625,20250225-154525
409,18446744073709551615,0,0.4677734375,686.5772705078125,755.248046875,64.9749755859375,85.88946533203125,20250225-154525
409,18446744073709551615,0,0.56982421875,677.367919921875,490.69427490234375,100.21788024902344,143.89425659179688,20250225-154525
409,18446744073709551615,0,0.63232421875,696.156005859375,1430.923583984375,98.48410034179688,80.48757934570312,20250225-154525
409,18446744073709551615,0,0.658203125,610.640625,1648.522216796875,206.246337890625,236.38668823242188,20250225-154525
409,18446744073709551615,0,0.66796875,625.8630981445312,1284.454833984375,143.32516479492188,90.09393310546875,20250225-154525
409,18446744073709551615,0,0.71484375,761.133544921875,1755.2515869140625,164.09710693359375,307.8461608886719,20250225-154525
409,18446744073709551615,0,0.7294921875,477.08990478515625,575.9556274414062,139.28823852539062,306.24737548828125,20250225-154525
409,18446744073709551615,0,0.73095703125,666.7271728515625,1571.3310546875,88.7340087890625,102.22833251953125,20250225-154525
409,18446744073709551615,0,0.744140625,515.4933471679688,820.3582763671875,91.54421997070312,251.7337646484375,20250225-154525
409,18446744073709551615,0,0.791015625,685.0559692382812,1854.0977783203125,64.99456787109375,95.13217163085938,20250225-154525
409,18446744073709551615,0,0.8408203125,599.0504150390625,174.636474609375,197.3602294921875,343.03765869140625,20250225-154525
409,18446744073709551615,0,0.8466796875,608.6563110351562,536.53759765625,242.16156005859375,294.6046142578125,20250225-154525
409,18446744073709551615,0,0.88818359375,447.529541015625,1.2050628662109375,402.50189208984375,623.0693359375,20250225-154525
409,18446744073709551615,0,0.951171875,239.93975830078125,599.7989501953125,1015.1044921875,827.1780395507812,20250225-154525
410,18446744073709551615,0,0.24365234375,741.1155395507812,434.0977478027344,51.236663818359375,83.54534912109375,20250225-154525
410,18446744073709551615,0,0.32177734375,469.49853515625,859.1456909179688,125.76544189453125,294.1476745605469,20250225-154525
410,18446744073709551615,0,0.43408203125,686.6716918945312,752.9119262695312,66.52862548828125,84.61294555664062,20250225-154525
410,18446744073709551615,0,0.587890625,610.2880859375,1656.2978515625,198.908935546875,230.5726318359375,20250225-154525
410,18446744073709551615,0,0.6123046875,624.6427001953125,1285.8466796875,140.53591918945312,89.22262573242188,20250225-154525
410,18446744073709551615,0,0.625,678.1452026367188,488.2862548828125,104.49810791015625,145.31204223632812,20250225-154525
410,18446744073709551615,0,0.70751953125,695.559326171875,1432.4688720703125,101.83474731445312,82.12353515625,20250225-154525
410,18446744073709551615,0,0.7099609375,667.3906860351562,1572.4815673828125,110.0745849609375,104.77340698242188,20250225-154525
410,18446744073709551615,0,0.73046875,759.1876831054688,1755.7679443359375,163.49652099609375,309.6292419433594,20250225-154525
410,18446744073709551615,0,0.74755859375,477.39422607421875,575.08251953125,142.91574096679688,304.65399169921875,20250225-154525
410,18446744073709551615,0,0.7626953125,517.0909423828125,819.4522705078125,88.34994506835938,246.50537109375,20250225-154525
410,18446744073709551615,0,0.77197265625,685.090576171875,1854.5152587890625,64.57855224609375,94.43215942382812,20250225-154525
410,18446744073709551615,0,0.83642578125,608.8740234375,535.9359741210938,245.75006103515625,294.8751525878906,20250225-154525
410,18446744073709551615,0,0.85205078125,597.1461181640625,170.53521728515625,200.96360778808594,344.06597900390625,20250225-154525
410,18446744073709551615,0,0.896484375,449.3360595703125,1.4435577392578125,398.0631103515625,622.1991577148438,20250225-154525
410,18446744073709551615,0,0.95068359375,236.6311798095703,599.6929321289062,1015.7089233398438,830.37744140625,20250225-154525
411,18446744073709551615,0,0.2081298828125,751.4036865234375,470.14459228515625,45.1541748046875,74.8721923828125,20250225-154525
411,18446744073709551615,0,0.247314453125,746.5534057617188,434.4379577636719,48.82209777832031,78.51388549804688,20250225-154525
411,18446744073709551615,0,0.29736328125,470.21026611328125,860.97216796875,124.31552124023438,293.0788879394531,20250225-154525
411,18446744073709551615,0,0.4658203125,686.3087768554688,752.7098388671875,66.92047119140625,85.3311767578125,20250225-154525
411,18446744073709551615,0,0.611328125,611.1064453125,1653.731689453125,201.62274169921875,232.32073974609375,20250225-154525
411,18446744073709551615,0,0.63427734375,676.8107299804688,489.00311279296875,107.93019104003906,146.14141845703125,20250225-154525
411,18446744073709551615,0,0.63623046875,625.1949462890625,1286.51611328125,139.44268798828125,86.32937622070312,20250225-154525
411,18446744073709551615,0,0.650390625,695.4066162109375,1432.430908203125,100.66983032226562,82.7171630859375,20250225-154525
411,18446744073709551615,0,0.69287109375,666.520751953125,1570.9610595703125,92.490966796875,102.90325927734375,20250225-154525
411,18446744073709551615,0,0.72314453125,477.5335693359375,585.7234497070312,136.1162567138672,300.7403869628906,20250225-154525
411,18446744073709551615,0,0.751953125,757.7083740234375,1754.6429443359375,164.716552734375,311.3744201660156,20250225-154525
411,18446744073709551615,0,0.75439453125,517.4967041015625,818.1513061523438,85.29144287109375,247.1114501953125,20250225-154525
411,18446744073709551615,0,0.78125,685.08740234375,1854.146240234375,64.903564453125,93.87176513671875,20250225-154525
411,18446744073709551615,0,0.83349609375,596.814697265625,167.31100463867188,205.00872802734375,353.72607421875,20250225-154525
411,18446744073709551615,0,0.8486328125,609.1755981445312,536.0615844726562,242.18133544921875,294.1557312011719,20250225-154525
411,18446744073709551615,0,0.888671875,450.134033203125,1.61260986328125,397.3580017089844,620.7310791015625,20250225-154525
411,18446744073709551615,0,0.95068359375,232.81260681152344,599.0335693359375,1017.3828735351562,834.3387451171875,20250225-154525
412,18446744073709551615,0,0.24072265625,541.0171508789062,859.2210693359375,125.81781005859375,223.1876220703125,20250225-154525
412,18446744073709551615,0,0.32421875,692.0176391601562,1753.5054931640625,101.83758544921875,144.85940551757812,20250225-154525
412,18446744073709551615,0,0.394287109375,609.6392211914062,1613.20263671875,242.64697265625,237.84310913085938,20250225-154525
412,18446744073709551615,0,0.482421875,686.1767578125,751.3240966796875,67.62322998046875,85.21755981445312,20250225-154525
412,18446744073709551615,0,0.62353515625,624.0970458984375,1287.689208984375,137.32662963867188,83.43704223632812,20250225-154525
412,18446744073709551615,0,0.62353515625,676.8837890625,489.6795959472656,109.17851257324219,144.64791870117188,20250225-154525
412,18446744073709551615,0,0.63525390625,694.4818725585938,1432.4412841796875,98.18609619140625,82.19302368164062,20250225-154525
412,18446744073709551615,0,0.71240234375,477.20269775390625,589.4940185546875,133.8944091796875,295.8571472167969,20250225-154525
412,18446744073709551615,0,0.73046875,665.5037841796875,1570.80615234375,90.15966796875,103.28842163085938,20250225-154525
412,18446744073709551615,0,0.7431640625,758.1357421875,1754.1697998046875,164.936279296875,312.8455810546875,20250225-154525
412,18446744073709551615,0,0.76611328125,517.1127319335938,817.5957641601562,83.2459716796875,246.27264404296875,20250225-154525
412,18446744073709551615,0,0.77880859375,685.0330810546875,1854.6580810546875,64.39105224609375,94.13919067382812,20250225-154525
412,18446744073709551615,0,0.83642578125,609.4682006835938,535.0750122070312,244.49880981445312,294.9826354980469,20250225-154525
412,18446744073709551615,0,0.89794921875,453.25030517578125,1.064849853515625,394.4519348144531,617.0655517578125,20250225-154525
412,18446744073709551615,0,0.94873046875,235.045166015625,600.2543334960938,1015.2687377929688,832.6770629882812,20250225-154525
413,18446744073709551615,0,0.282958984375,692.0458374023438,1753.7962646484375,102.61285400390625,138.78826904296875,20250225-154525
413,18446744073709551615,0,0.291748046875,492.95306396484375,858.4676513671875,131.05636596679688,270.5939025878906,20250225-154525
413,18446744073709551615,0,0.486328125,686.131591796875,752.2520141601562,66.6888427734375,85.12811279296875,20250225-154525
413,18446744073709551615,0,0.56298828125,623.597900390625,1289.45166015625,135.01931762695312,80.97601318359375,20250225-154525
413,18446744073709551615,0,0.5869140625,610.2024536132812,1649.1298828125,206.71527099609375,234.47039794921875,20250225-154525
413,18446744073709551615,0,0.6279296875,677.1710815429688,489.11102294921875,110.0361328125,145.20602416992188,20250225-154525
413,18446744073709551615,0,0.66357421875,695.02490234375,1433.546630859375,100.17617797851562,82.46759033203125,20250225-154525
413,18446744073709551615,0,0.7099609375,478.154296875,591.8795166015625,136.21682739257812,294.9679870605469,20250225-154525
413,18446744073709551615,0,0.712890625,666.88623046875,1571.7802734375,88.48883056640625,103.5281982421875,20250225-154525
413,18446744073709551615,0,0.73046875,761.5966186523438,1753.9736328125,165.1995849609375,307.4905700683594,20250225-154525
413,18446744073709551615,0,0.7822265625,685.127197265625,1854.3189697265625,64.73162841796875,94.01541137695312,20250225-154525
413,18446744073709551615,0,0.79052734375,517.5723876953125,815.7088623046875,82.4307861328125,246.11151123046875,20250225-154525
413,18446744073709551615,0,0.84033203125,609.955078125,535.6182861328125,244.048828125,293.3375244140625,20250225-154525
413,18446744073709551615,0,0.88330078125,457.9624328613281,0.902801513671875,393.7127380371094,612.451904296875,20250225-154525
413,18446744073709551615,0,0.9453125,236.24029541015625,599.694580078125,1020.650390625,831.2962646484375,20250225-154525
414,18446744073709551615,0,0.259033203125,740.34228515625,434.476318359375,49.9368896484375,84.79238891601562,20250225-154525
414,18446744073709551615,0,0.405517578125,465.9708251953125,861.925537109375,125.3873291015625,297.7936706542969,20250225-154525
414,18446744073709551615,0,0.4990234375,686.9522094726562,753.3422241210938,65.95294189453125,84.94281005859375,20250225-154525
414,18446744073709551615,0,0.58056640625,695.0074462890625,1435.5631103515625,87.98858642578125,82.66680908203125,20250225-154525
414,18446744073709551615,0,0.5830078125,625.21435546875,1292.7315673828125,130.09249877929688,76.1180419921875,20250225-154525
414,18446744073709551615,0,0.67333984375,677.5447998046875,488.2663879394531,112.883056640625,144.92330932617188,20250225-154525
414,18446744073709551615,0,0.67822265625,478.94659423828125,593.4452514648438,137.71060180664062,291.18035888671875,20250225-154525
414,18446744073709551615,0,0.71044921875,667.394775390625,1572.8631591796875,91.86163330078125,104.0302734375,20250225-154525
414,18446744073709551615,0,0.728515625,759.4608764648438,1754.62060546875,164.782470703125,311.25567626953125,20250225-154525
414,18446744073709551615,0,0.75927734375,684.6333618164062,1854.567626953125,64.5263671875,94.64007568359375,20250225-154525
414,18446744073709551615,0,0.7646484375,610.90185546875,1656.7086181640625,200.36590576171875,233.082275390625,20250225-154525
414,18446744073709551615,0,0.767578125,519.4324951171875,815.0106811523438,84.70596313476562,245.86404418945312,20250225-154525
414,18446744073709551615,0,0.83740234375,610.7605590820312,535.24169921875,242.70465087890625,293.23150634765625,20250225-154525
414,18446744073709551615,0,0.8857421875,457.38739013671875,1.25592041015625,391.7243957519531,614.640869140625,20250225-154525
414,18446744073709551615,0,0.94677734375,245.96022033691406,596.4277954101562,1024.62548828125,821.03466796875,20250225-154525
415,18446744073709551615,0,0.310791015625,687.015380859375,755.826904296875,63.50592041015625,83.08868408203125,20250225-154525
415,18446744073709551615,0,0.31494140625,740.3087158203125,433.6339111328125,52.011016845703125,84.8507080078125,20250225-154525
415,18446744073709551615,0,0.5224609375,479.416259765625,861.2847290039062,126.38351440429688,282.77032470703125,20250225-154525
415,18446744073709551615,0,0.63232421875,479.2471618652344,594.9933471679688,142.23435974121094,285.59619140625,20250225-154525
415,18446744073709551615,0,0.63232421875,626.9271240234375,1294.578857421875,128.60751342773438,73.66864013671875,20250225-154525
415,18446744073709551615,0,0.638671875,693.7901000976562,1435.477294921875,95.13784790039062,87.13641357421875,20250225-154525
415,18446744073709551615,0,0.6533203125,676.844970703125,487.4425048828125,120.20819091796875,145.48580932617188,20250225-154525
415,18446744073709551615,0,0.72705078125,684.5478515625,1855.0579833984375,64.0828857421875,94.61453247070312,20250225-154525
415,18446744073709551615,0,0.7373046875,666.9252319335938,1574.9578857421875,99.81463623046875,104.53115844726562,20250225-154525
415,18446744073709551615,0,0.7392578125,763.4837036132812,1754.98388671875,164.34466552734375,307.33868408203125,20250225-154525
415,18446744073709551615,0,0.7734375,519.31494140625,816.16748046875,83.34228515625,243.74533081054688,20250225-154525
415,18446744073709551615,0,0.7841796875,612.063232421875,1656.503662109375,201.013916015625,227.67864990234375,20250225-154525
415,18446744073709551615,0,0.8251953125,610.0499267578125,537.14208984375,243.80364990234375,293.3354187011719,20250225-154525
415,18446744073709551615,0,0.8974609375,460.842041015625,1.0792694091796875,387.12030029296875,609.748779296875,20250225-154525
415,18446744073709551615,0,0.947265625,237.4818878173828,599.7374267578125,1019.8388671875,829.658935546875,20250225-154525
416,18446744073709551615,0,0.29736328125,739.5833129882812,433.1609802246094,52.11030578613281,85.33740234375,20250225-154525
416,18446744073709551615,0,0.32763671875,686.944580078125,756.3936767578125,62.51531982421875,83.34759521484375,20250225-154525
416,18446744073709551615,0,0.50390625,468.86572265625,861.5985107421875,128.2423095703125,293.7840270996094,20250225-154525
416,18446744073709551615,0,0.6123046875,479.09326171875,597.786376953125,144.0831298828125,279.36749267578125,20250225-154525
416,18446744073709551615,0,0.61865234375,626.0491333007812,1296.82373046875,125.78759765625,72.5540771484375,20250225-154525
416,18446744073709551615,0,0.6298828125,676.16845703125,488.9739074707031,124.80455017089844,146.59881591796875,20250225-154525
416,18446744073709551615,0,0.6669921875,693.8319091796875,1436.8443603515625,98.43319702148438,85.1810302734375,20250225-154525
416,18446744073709551615,0,0.70068359375,760.6263427734375,1753.430419921875,165.92578125,308.6326904296875,20250225-154525
416,18446744073709551615,0,0.71630859375,667.3304443359375,1573.98486328125,88.66900634765625,102.55636596679688,20250225-154525
416,18446744073709551615,0,0.7392578125,684.743896484375,1855.31982421875,63.77783203125,94.2857666015625,20250225-154525
416,18446744073709551615,0,0.75634765625,519.8448486328125,817.7724609375,81.99765014648438,243.85903930664062,20250225-154525
416,18446744073709551615,0,0.7646484375,610.8444213867188,1654.645751953125,202.651611328125,227.81295776367188,20250225-154525
416,18446744073709551615,0,0.84521484375,610.7021484375,536.9637451171875,243.8463134765625,293.1865539550781,20250225-154525
416,18446744073709551615,0,0.89404296875,459.48028564453125,0.896484375,386.89825439453125,612.9237670898438,20250225-154525
416,18446744073709551615,0,0.9443359375,242.42381286621094,596.7478637695312,1023.9226684570312,824.4202880859375,20250225-154525
417,18446744073709551615,0,0.2315673828125,686.9276733398438,757.248779296875,60.54473876953125,82.76019287109375,20250225-154525
417,18446744073709551615,0,0.277587890625,739.8579711914062,432.78753662109375,53.397308349609375,85.36257934570312,20250225-154525
417,18446744073709551615,0,0.4580078125,481.03289794921875,864.6604614257812,126.51608276367188,281.6944885253906,20250225-154525
417,18446744073709551615,0,0.4912109375,479.36260986328125,602.08056640625,142.03106689453125,274.3636779785156,20250225-154525
417,18446744073709551615,0,0.58984375,624.7269287109375,1298.5782470703125,124.3018798828125,74.53335571289062,20250225-154525
417,18446744073709551615,0,0.6318359375,676.1530151367188,486.6858215332031,127.86497497558594,146.29367065429688,20250225-154525
417,18446744073709551615,0,0.7099609375,760.1343994140625,1753.991455078125,165.27337646484375,309.57293701171875,20250225-154525
417,18446744073709551615,0,0.7265625,692.8211059570312,1438.32470703125,96.96139526367188,85.76422119140625,20250225-154525
417,18446744073709551615,0,0.7333984375,666.6776733398438,1574.644775390625,95.35107421875,103.87582397460938,20250225-154525
417,18446744073709551615,0,0.73779296875,684.5571899414062,1854.65087890625,64.3934326171875,94.51190185546875,20250225-154525
417,18446744073709551615,0,0.7685546875,520.6851196289062,817.416748046875,84.908935546875,244.30453491210938,20250225-154525
417,18446744073709551615,0,0.77392578125,611.3248901367188,1653.32958984375,203.20440673828125,225.01171875,20250225-154525
417,18446744073709551615,0,0.84814453125,610.48095703125,537.1258544921875,241.80935668945312,292.2015380859375,20250225-154525
417,18446744073709551615,0,0.88818359375,461.3935546875,0.916900634765625,384.76617431640625,609.528564453125,20250225-154525
417,18446744073709551615,0,0.94580078125,240.25149536132812,598.7149658203125,1021.582763671875,827.4276123046875,20250225-154525
418,18446744073709551615,0,0.23583984375,691.3262329101562,1771.074462890625,84.92266845703125,112.12655639648438,20250225-154525
418,18446744073709551615,0,0.39794921875,479.59808349609375,607.8480224609375,132.40960693359375,255.76345825195312,20250225-154525
418,18446744073709551615,0,0.4560546875,451.7335510253906,864.7044677734375,126.980712890625,310.8746337890625,20250225-154525
418,18446744073709551615,0,0.4990234375,625.444580078125,1300.46875,122.7242431640625,74.51605224609375,20250225-154525
418,18446744073709551615,0,0.56591796875,675.3343505859375,488.2610778808594,131.22940063476562,146.84371948242188,20250225-154525
418,18446744073709551615,0,0.70166015625,692.8045654296875,1439.009765625,96.55197143554688,87.0816650390625,20250225-154525
418,18446744073709551615,0,0.74169921875,666.3887329101562,1574.323486328125,91.228271484375,103.626708984375,20250225-154525
418,18446744073709551615,0,0.751953125,684.6824340820312,1854.603515625,64.49267578125,94.28475952148438,20250225-154525
418,18446744073709551615,0,0.755859375,764.806884765625,1754.0928955078125,165.16534423828125,304.543212890625,20250225-154525
418,18446744073709551615,0,0.75927734375,611.8634033203125,1651.614501953125,205.2191162109375,226.06668090820312,20250225-154525
418,18446744073709551615,0,0.759765625,521.0830078125,818.85888671875,83.96392822265625,246.39459228515625,20250225-154525
418,18446744073709551615,0,0.84375,611.3740234375,536.2333374023438,243.17404174804688,291.07049560546875,20250225-154525
418,18446744073709551615,0,0.8828125,459.44183349609375,1.128387451171875,385.3507080078125,613.5277099609375,20250225-154525
418,18446744073709551615,0,0.9462890625,240.29379272460938,598.9663696289062,1023.3151245117188,827.4283447265625,20250225-154525
419,18446744073709551615,0,0.2401123046875,691.6378784179688,1764.8529052734375,90.961669921875,113.19735717773438,20250225-154525
419,18446744073709551615,0,0.38037109375,478.3271484375,618.7787475585938,119.40554809570312,206.1346435546875,20250225-154525
419,18446744073709551615,0,0.4853515625,459.073974609375,865.2420043945312,127.04983520507812,303.9085693359375,20250225-154525
419,18446744073709551615,0,0.5078125,675.72265625,487.3222961425781,134.1419219970703,145.92626953125,20250225-154525
419,18446744073709551615,0,0.5546875,625.912109375,1299.63671875,124.3106689453125,75.24737548828125,20250225-154525
419,18446744073709551615,0,0.62890625,693.0811157226562,1440.53515625,95.76837158203125,87.469482421875,20250225-154525
419,18446744073709551615,0,0.6953125,766.37353515625,1753.887451171875,165.38323974609375,302.6055908203125,20250225-154525
419,18446744073709551615,0,0.740234375,666.87158203125,1574.4525146484375,92.15057373046875,103.43948364257812,20250225-154525
419,18446744073709551615,0,0.763671875,684.6307983398438,1854.437744140625,64.613525390625,94.21527099609375,20250225-154525
419,18446744073709551615,0,0.783203125,523.4902954101562,822.0941162109375,80.89041137695312,242.98214721679688,20250225-154525
419,18446744073709551615,0,0.787109375,612.6943359375,1651.67431640625,205.21343994140625,221.86614990234375,20250225-154525
419,18446744073709551615,0,0.8056640625,611.4024658203125,536.8702392578125,256.1107177734375,293.5440673828125,20250225-154525
419,18446744073709551615,0,0.8876953125,462.3475341796875,1.0887451171875,385.01922607421875,608.8408813476562,20250225-154525
419,18446744073709551615,0,0.94482421875,241.00039672851562,599.7753295898438,1021.7955322265625,826.3282470703125,20250225-154525
420,18446744073709551615,0,0.318359375,480.22027587890625,620.2853393554688,118.92745971679688,215.5513916015625,20250225-154525
420,18446744073709551615,0,0.451416015625,475.94073486328125,865.1312255859375,127.401123046875,288.07562255859375,20250225-154525
420,18446744073709551615,0,0.5380859375,625.5863037109375,1300.3333740234375,123.0552978515625,74.4993896484375,20250225-154525
420,18446744073709551615,0,0.57373046875,675.37353515625,430.27069091796875,192.40969848632812,150.03195190429688,20250225-154525
420,18446744073709551615,0,0.64599609375,692.9503173828125,1441.538818359375,96.4544677734375,88.47381591796875,20250225-154525
420,18446744073709551615,0,0.70654296875,666.9314575195312,1573.4212646484375,86.13043212890625,103.25473022460938,20250225-154525
420,18446744073709551615,0,0.7294921875,763.8021240234375,1755.141845703125,164.0302734375,305.6629943847656,20250225-154525
420,18446744073709551615,0,0.740234375,685.0534057617188,1854.547607421875,64.59521484375,94.71066284179688,20250225-154525
420,18446744073709551615,0,0.75634765625,612.7613525390625,1650.7496337890625,205.40936279296875,235.72357177734375,20250225-154525
420,18446744073709551615,0,0.79052734375,523.5440673828125,829.0493774414062,79.31918334960938,242.34063720703125,20250225-154525
420,18446744073709551615,0,0.80517578125,611.776611328125,537.1571044921875,262.2488708496094,293.1823425292969,20250225-154525
420,18446744073709551615,0,0.89404296875,463.094970703125,0.8736419677734375,386.1715087890625,608.2179565429688,20250225-154525
420,18446744073709551615,0,0.94677734375,240.63088989257812,598.6510620117188,1022.592041015625,826.5972290039062,20250225-154525
421,18446744073709551615,0,0.2100830078125,692.1952514648438,1773.7628173828125,81.06024169921875,108.73095703125,20250225-154525
421,18446744073709551615,0,0.261962890625,479.7685546875,623.1661987304688,113.6077880859375,216.52734375,20250225-154525
421,18446744073709551615,0,0.39697265625,477.1310119628906,865.0914916992188,128.987548828125,286.04901123046875,20250225-154525
421,18446744073709551615,0,0.56396484375,676.1195068359375,487.677001953125,138.898681640625,146.67984008789062,20250225-154525
421,18446744073709551615,0,0.595703125,626.42431640625,1304.0460205078125,119.90213012695312,73.10430908203125,20250225-154525
421,18446744073709551615,0,0.63525390625,692.5940551757812,1441.6226806640625,95.6077880859375,89.4085693359375,20250225-154525
421,18446744073709551615,0,0.73779296875,667.499755859375,1574.9556884765625,93.7880859375,103.358642578125,20250225-154525
421,18446744073709551615,0,0.74609375,760.2667236328125,1754.43310546875,164.82257080078125,308.97967529296875,20250225-154525
421,18446744073709551615,0,0.75048828125,684.801025390625,1854.071044921875,65.0771484375,94.880859375,20250225-154525
421,18446744073709551615,0,0.7646484375,613.5010986328125,1652.3404541015625,204.25048828125,232.2176513671875,20250225-154525
421,18446744073709551615,0,0.796875,612.236572265625,534.211669921875,252.66412353515625,290.0787048339844,20250225-154525
421,18446744073709551615,0,0.822265625,523.5618896484375,830.4173583984375,82.18551635742188,240.92697143554688,20250225-154525
421,18446744073709551615,0,0.89599609375,463.442138671875,1.0803680419921875,384.64776611328125,607.1708984375,20250225-154525
421,18446744073709551615,0,0.9443359375,244.6329345703125,600.3855590820312,1021.031982421875,822.7736206054688,20250225-154525
422,18446744073709551615,0,0.2049560546875,691.691162109375,1774.1693115234375,81.51141357421875,113.66766357421875,20250225-154525
422,18446744073709551615,0,0.318359375,481.4239196777344,623.89111328125,191.86001586914062,285.636474609375,20250225-154525
422,18446744073709551615,0,0.458984375,464.26373291015625,867.7979736328125,127.89065551757812,298.014404296875,20250225-154525
422,18446744073709551615,0,0.57861328125,626.6751708984375,1311.9375,112.01358032226562,68.97409057617188,20250225-154525
422,18446744073709551615,0,0.6396484375,675.782958984375,430.7055358886719,196.40821838378906,149.70428466796875,20250225-154525
422,18446744073709551615,0,0.73486328125,667.3339233398438,1575.3251953125,91.482421875,103.69235229492188,20250225-154525
422,18446744073709551615,0,0.736328125,761.0211181640625,1754.113037109375,165.0615234375,310.60418701171875,20250225-154525
422,18446744073709551615,0,0.76220703125,684.5255126953125,1854.2735595703125,64.87225341796875,94.68392944335938,20250225-154525
422,18446744073709551615,0,0.76611328125,690.9508666992188,1442.531005859375,95.46148681640625,88.88589477539062,20250225-154525
422,18446744073709551615,0,0.78515625,523.1405639648438,833.622314453125,82.1044921875,241.11630249023438,20250225-154525
422,18446744073709551615,0,0.79248046875,613.8958740234375,1651.5032958984375,205.94476318359375,228.25094604492188,20250225-154525
422,18446744073709551615,0,0.81005859375,611.4043579101562,534.67919921875,243.86068725585938,289.6809997558594,20250225-154525
422,18446744073709551615,0,0.89599609375,465.20416259765625,0.901702880859375,384.2862854003906,605.4339599609375,20250225-154525
422,18446744073709551615,0,0.94287109375,244.18336486816406,598.9548950195312,1026.8529052734375,822.7672119140625,20250225-154525
423,18446744073709551615,0,0.201171875,691.0270385742188,1768.688232421875,86.47174072265625,116.68661499023438,20250225-154525
423,18446744073709551615,0,0.267333984375,481.3662414550781,622.955810546875,190.85293579101562,284.24981689453125,20250225-154525
423,18446744073709551615,0,0.361083984375,505.8204345703125,866.35546875,134.042724609375,256.13360595703125,20250225-154525
423,18446744073709551615,0,0.4140625,625.8233642578125,1311.2098388671875,111.39468383789062,61.45587158203125,20250225-154525
423,18446744073709551615,0,0.65771484375,675.6948852539062,489.15985107421875,141.38584899902344,147.48165893554688,20250225-154525
423,18446744073709551615,0,0.6591796875,762.349853515625,1754.3060302734375,164.9703369140625,306.80914306640625,20250225-154525
423,18446744073709551615,0,0.67236328125,692.2701416015625,1442.52490234375,95.73577880859375,82.62881469726562,20250225-154525
423,18446744073709551615,0,0.736328125,685.0968017578125,1854.658935546875,64.4923095703125,94.31533813476562,20250225-154525
423,18446744073709551615,0,0.74462890625,522.8164672851562,836.1566162109375,82.12380981445312,242.54635620117188,20250225-154525
423,18446744073709551615,0,0.7607421875,615.6296997070312,1651.71728515625,204.884033203125,230.39840698242188,20250225-154525
423,18446744073709551615,0,0.76220703125,666.7081298828125,1574.750732421875,96.8994140625,103.73822021484375,20250225-154525
423,18446744073709551615,0,0.822265625,612.4573974609375,535.2939453125,243.97238159179688,289.0316162109375,20250225-154525
423,18446744073709551615,0,0.8974609375,467.45782470703125,1.074920654296875,383.4857177734375,603.5467529296875,20250225-154525
423,18446744073709551615,0,0.93994140625,237.91049194335938,600.0614624023438,1030.824462890625,829.5045776367188,20250225-154525
424,18446744073709551615,0,0.22607421875,740.6751708984375,433.8131103515625,49.25669860839844,83.97848510742188,20250225-154525
424,18446744073709551615,0,0.2274169921875,691.821533203125,1770.3218994140625,84.4248046875,118.2674560546875,20250225-154525
424,18446744073709551615,0,0.444580078125,626.2762451171875,1318.62841796875,104.63095092773438,56.25,20250225-154525
424,18446744073709551615,0,0.4892578125,479.7681884765625,622.36474609375,194.39950561523438,283.40533447265625,20250225-154525
424,18446744073709551615,0,0.66259765625,613.5265502929688,1649.86376953125,205.35699462890625,234.20452880859375,20250225-154525
424,18446744073709551615,0,0.669921875,678.1959228515625,487.5853271484375,142.91358947753906,145.48947143554688,20250225-154525
424,18446744073709551615,0,0.67041015625,759.7349853515625,1753.969970703125,165.3995361328125,310.1093444824219,20250225-154525
424,18446744073709551615,0,0.6884765625,667.1116333007812,1574.97216796875,87.9019775390625,103.00982666015625,20250225-154525
424,18446744073709551615,0,0.71875,690.5798950195312,1443.970703125,95.93463134765625,86.69631958007812,20250225-154525
424,18446744073709551615,0,0.73046875,684.7974243164062,1854.37548828125,64.7750244140625,94.74142456054688,20250225-154525
424,18446744073709551615,0,0.7470703125,522.8994140625,836.0408935546875,86.29669189453125,242.11898803710938,20250225-154525
424,18446744073709551615,0,0.81005859375,611.7513427734375,535.5274658203125,245.5224609375,291.8240661621094,20250225-154525
424,18446744073709551615,0,0.8916015625,467.91265869140625,0.8818588256835938,379.8207092285156,603.5700073242188,20250225-154525
424,18446744073709551615,0,0.94189453125,236.7404022216797,599.2197265625,1031.8916015625,830.8304443359375,20250225-154525
425,18446744073709551615,0,0.2037353515625,692.376953125,1773.2786865234375,80.20513916015625,114.0633544921875,20250225-154525
425,18446744073709551615,0,0.2386474609375,481.5399169921875,651.57861328125,89.44216918945312,141.79861450195312,20250225-154525
425,18446744073709551615,0,0.25244140625,741.6697998046875,435.20196533203125,48.80516052246094,83.36087036132812,20250225-154525
425,18446744073709551615,0,0.285400390625,626.4922485351562,1322.844970703125,100.47354125976562,52.364044189453125,20250225-154525
425,18446744073709551615,0,0.404541015625,481.09185791015625,628.6849365234375,188.08538818359375,279.71209716796875,20250225-154525
425,18446744073709551615,0,0.6533203125,677.8385009765625,489.3951416015625,141.66879272460938,145.4212646484375,20250225-154525
425,18446744073709551615,0,0.705078125,760.6547241210938,1754.8114013671875,164.4554443359375,309.4582214355469,20250225-154525
425,18446744073709551615,0,0.70751953125,692.4669799804688,1445.43408203125,92.73614501953125,85.127197265625,20250225-154525
425,18446744073709551615,0,0.7099609375,614.2957763671875,1651.3282470703125,202.06072998046875,230.21969604492188,20250225-154525
425,18446744073709551615,0,0.72021484375,667.1993408203125,1574.9300537109375,94.4051513671875,103.58102416992188,20250225-154525
425,18446744073709551615,0,0.73486328125,522.752197265625,837.940673828125,84.64251708984375,240.89895629882812,20250225-154525
425,18446744073709551615,0,0.74169921875,684.814453125,1853.578125,65.51165771484375,95.11669921875,20250225-154525
425,18446744073709551615,0,0.80859375,611.3934326171875,535.3218383789062,245.61849975585938,292.157958984375,20250225-154525
425,18446744073709551615,0,0.89794921875,469.43609619140625,0.6828460693359375,378.9535217285156,601.7979125976562,20250225-154525
425,18446744073709551615,0,0.94189453125,244.81118774414062,600.2429809570312,1033.466796875,822.6513061523438,20250225-154525
426,18446744073709551615,0,0.2147216796875,692.2950439453125,1778.7425537109375,74.24981689453125,115.915283203125,20250225-154525
426,18446744073709551615,0,0.2294921875,741.29638671875,435.12420654296875,50.237823486328125,83.568603515625,20250225-154525
426,18446744073709551615,0,0.281494140625,626.853515625,1320.366455078125,102.14785766601562,49.814849853515625,20250225-154525
426,18446744073709551615,0,0.5146484375,480.11846923828125,625.1735229492188,190.90731811523438,285.1396179199219,20250225-154525
426,18446744073709551615,0,0.6494140625,678.4942016601562,489.2130126953125,141.92166137695312,146.27957153320312,20250225-154525
426,18446744073709551615,0,0.6806640625,615.1305541992188,1650.2900390625,203.01324462890625,227.88327026367188,20250225-154525
426,18446744073709551615,0,0.693359375,692.3973999023438,1445.8494873046875,93.4302978515625,84.38259887695312,20250225-154525
426,18446744073709551615,0,0.70556640625,763.9365234375,1754.01806640625,165.3380126953125,305.91302490234375,20250225-154525
426,18446744073709551615,0,0.70654296875,667.6463012695312,1574.206298828125,94.7398681640625,103.22763061523438,20250225-154525
426,18446744073709551615,0,0.73388671875,684.4780883789062,1853.503173828125,65.54296875,96.07077026367188,20250225-154525
426,18446744073709551615,0,0.7490234375,522.1452026367188,838.0259399414062,86.00601196289062,240.71987915039062,20250225-154525
426,18446744073709551615,0,0.822265625,611.6911010742188,536.0543212890625,244.00909423828125,292.5699462890625,20250225-154525
426,18446744073709551615,0,0.8974609375,471.0464172363281,1.0840988159179688,376.69110107421875,600.7534790039062,20250225-154525
426,18446744073709551615,0,0.94189453125,244.998779296875,600.3485717773438,1033.409912109375,822.53466796875,20250225-154525
427,18446744073709551615,0,0.21533203125,493.61883544921875,868.6635131835938,135.4376220703125,267.96734619140625,20250225-154525
427,18446744073709551615,0,0.2386474609375,691.6078491210938,1753.215576171875,102.30908203125,134.18161010742188,20250225-154525
427,18446744073709551615,0,0.294189453125,625.5375366210938,1324.8819580078125,99.37472534179688,51.251953125,20250225-154525
427,18446744073709551615,0,0.408203125,480.2025146484375,624.504150390625,189.59243774414062,281.8832702636719,20250225-154525
427,18446744073709551615,0,0.67578125,678.3544921875,488.86322021484375,141.81285095214844,146.01022338867188,20250225-154525
427,18446744073709551615,0,0.6982421875,614.713623046875,1649.85498046875,204.392578125,224.51541137695312,20250225-154525
427,18446744073709551615,0,0.705078125,521.9679565429688,839.5859985351562,83.22821044921875,239.71206665039062,20250225-154525
427,18446744073709551615,0,0.712890625,692.4859619140625,1445.4993896484375,92.7183837890625,83.9110107421875,20250225-154525
427,18446744073709551615,0,0.73193359375,763.544677734375,1754.286865234375,164.975830078125,306.39569091796875,20250225-154525
427,18446744073709551615,0,0.74755859375,684.5425415039062,1853.841796875,65.241943359375,95.39968872070312,20250225-154525
427,18446744073709551615,0,0.7490234375,667.4996337890625,1573.7589111328125,90.035888671875,103.31039428710938,20250225-154525
427,18446744073709551615,0,0.8173828125,609.5498046875,536.34375,245.1829833984375,296.50762939453125,20250225-154525
427,18446744073709551615,0,0.89794921875,469.99493408203125,0.6822052001953125,376.9803161621094,601.2097778320312,20250225-154525
427,18446744073709551615,0,0.93994140625,241.28952026367188,599.1932373046875,1034.6766357421875,826.2442016601562,20250225-154525
428,18446744073709551615,0,0.202392578125,740.6951293945312,434.09893798828125,50.41845703125,83.92868041992188,20250225-154525
428,18446744073709551615,0,0.2254638671875,691.2081298828125,1752.14794921875,102.53173828125,134.42623901367188,20250225-154525
428,18446744073709551615,0,0.234375,473.28863525390625,869.396728515625,136.38922119140625,289.4747314453125,20250225-154525
428,18446744073709551615,0,0.260498046875,625.546142578125,1323.5711669921875,99.11480712890625,49.842681884765625,20250225-154525
428,18446744073709551615,0,0.4951171875,480.041748046875,624.4716796875,192.98199462890625,279.3031311035156,20250225-154525
428,18446744073709551615,0,0.6767578125,678.5762329101562,490.9342346191406,139.39334106445312,145.87472534179688,20250225-154525
428,18446744073709551615,0,0.67724609375,761.8060913085938,1754.61181640625,164.57061767578125,308.1512145996094,20250225-154525
428,18446744073709551615,0,0.716796875,521.7570190429688,839.3221435546875,84.0809326171875,240.44036865234375,20250225-154525
428,18446744073709551615,0,0.72412109375,692.027099609375,1446.296630859375,91.58642578125,83.61676025390625,20250225-154525
428,18446744073709551615,0,0.72802734375,614.5191650390625,1650.7305908203125,202.53662109375,224.0233154296875,20250225-154525
428,18446744073709551615,0,0.7392578125,667.002685546875,1573.9530029296875,90.54327392578125,103.39755249023438,20250225-154525
428,18446744073709551615,0,0.7607421875,684.6223754882812,1853.8450927734375,65.205322265625,95.54910278320312,20250225-154525
428,18446744073709551615,0,0.82568359375,609.9391479492188,535.6025390625,246.49310302734375,294.1643371582031,20250225-154525
428,18446744073709551615,0,0.9013671875,470.2177734375,0.8616256713867188,374.9084167480469,600.9603271484375,20250225-154525
428,18446744073709551615,0,0.93896484375,238.6014862060547,598.718994140625,1035.393798828125,828.617431640625,20250225-154525
429,18446744073709551615,0,0.204345703125,480.83587646484375,651.7127075195312,98.12457275390625,148.05477905273438,20250225-154525
429,18446744073709551615,0,0.220703125,624.8959350585938,1318.962890625,103.61746215820312,51.195831298828125,20250225-154525
429,18446744073709551615,0,0.234375,741.08203125,435.0359802246094,48.39555358886719,83.53179931640625,20250225-154525
429,18446744073709551615,0,0.23583984375,692.070556640625,1782.28076171875,71.75244140625,108.93402099609375,20250225-154525
429,18446744073709551615,0,0.2486572265625,493.05047607421875,866.3043823242188,140.5133056640625,272.4721984863281,20250225-154525
429,18446744073709551615,0,0.4580078125,479.23773193359375,628.807373046875,188.13345336914062,281.57354736328125,20250225-154525
429,18446744073709551615,0,0.68408203125,520.0658569335938,841.2797241210938,82.486083984375,225.242431640625,20250225-154525
429,18446744073709551615,0,0.68701171875,759.6820678710938,1754.060302734375,165.20782470703125,310.65087890625,20250225-154525
429,18446744073709551615,0,0.69189453125,678.1331787109375,490.76953125,140.65521240234375,146.05499267578125,20250225-154525
429,18446744073709551615,0,0.71484375,692.0656127929688,1445.8201904296875,92.15478515625,84.00604248046875,20250225-154525
429,18446744073709551615,0,0.7373046875,666.9182739257812,1573.81689453125,91.7596435546875,103.83663940429688,20250225-154525
429,18446744073709551615,0,0.74755859375,684.5670776367188,1853.5880126953125,65.46405029296875,95.0771484375,20250225-154525
429,18446744073709551615,0,0.80810546875,615.3837890625,1650.9385986328125,204.17926025390625,221.52749633789062,20250225-154525
429,18446744073709551615,0,0.82373046875,607.5191650390625,536.38671875,245.49581909179688,295.0382080078125,20250225-154525
429,18446744073709551615,0,0.90283203125,469.1510009765625,0.67840576171875,374.43377685546875,602.3663330078125,20250225-154525
429,18446744073709551615,0,0.93994140625,234.08802795410156,599.1485595703125,1033.0595703125,833.501220703125,20250225-154525
430,18446744073709551615,0,0.260498046875,692.5435180664062,1782.3482666015625,70.06988525390625,111.01181030273438,20250225-154525
430,18446744073709551615,0,0.332763671875,499.54302978515625,869.5317993164062,135.85748291015625,262.3653259277344,20250225-154525
430,18446744073709551615,0,0.412109375,625.0423583984375,1315.009521484375,107.13446044921875,52.5545654296875,20250225-154525
430,18446744073709551615,0,0.505859375,480.63006591796875,622.52783203125,195.53338623046875,276.4816589355469,20250225-154525
430,18446744073709551615,0,0.60302734375,678.7421264648438,489.3836975097656,141.3182830810547,145.60272216796875,20250225-154525
430,18446744073709551615,0,0.64501953125,766.024658203125,1754.420166015625,164.75830078125,303.46014404296875,20250225-154525
430,18446744073709551615,0,0.6953125,521.3248901367188,840.723876953125,78.732421875,219.98309326171875,20250225-154525
430,18446744073709551615,0,0.703125,692.7698364257812,1446.265869140625,92.2686767578125,83.92318725585938,20250225-154525
430,18446744073709551615,0,0.74072265625,615.8397216796875,1650.3277587890625,199.746826171875,219.9686279296875,20250225-154525
430,18446744073709551615,0,0.7431640625,666.414794921875,1573.95556640625,88.01898193359375,104.2547607421875,20250225-154525
430,18446744073709551615,0,0.74560546875,685.384521484375,1853.349853515625,65.719482421875,94.81329345703125,20250225-154525
430,18446744073709551615,0,0.8134765625,607.944580078125,535.08642578125,244.88479614257812,296.97711181640625,20250225-154525
430,18446744073709551615,0,0.89990234375,468.492919921875,0.6722030639648438,374.09002685546875,603.0123291015625,20250225-154525
430,18446744073709551615,0,0.935546875,235.0840301513672,600.5751342773438,1032.16455078125,832.9892578125,20250225-154525
431,18446744073709551615,0,0.22265625,692.5387573242188,1779.685546875,73.32568359375,113.50717163085938,20250225-154525
431,18446744073709551615,0,0.34765625,477.7913818359375,868.0133056640625,137.57711791992188,286.0619201660156,20250225-154525
431,18446744073709551615,0,0.384033203125,482.31884765625,652.5712890625,165.23309326171875,281.7312927246094,20250225-154525
431,18446744073709551615,0,0.439697265625,625.7076416015625,1318.1715087890625,105.42727661132812,54.250396728515625,20250225-154525
431,18446744073709551615,0,0.6416015625,678.72900390625,489.983154296875,140.76251220703125,145.78765869140625,20250225-154525
431,18446744073709551615,0,0.6669921875,758.0817260742188,1754.3173828125,164.95166015625,311.302734375,20250225-154525
431,18446744073709551615,0,0.67041015625,522.784423828125,836.0421752929688,83.13876342773438,242.48080444335938,20250225-154525
431,18446744073709551615,0,0.6806640625,692.7171630859375,1446.110595703125,91.8720703125,84.87615966796875,20250225-154525
431,18446744073709551615,0,0.72802734375,686.6973266601562,1853.68798828125,65.35198974609375,92.69888305664062,20250225-154525
431,18446744073709551615,0,0.73388671875,667.68017578125,1574.017822265625,92.60943603515625,103.6453857421875,20250225-154525
431,18446744073709551615,0,0.765625,616.20263671875,1649.520263671875,203.640380859375,217.46511840820312,20250225-154525
431,18446744073709551615,0,0.82275390625,607.7385864257812,535.9178466796875,243.3885498046875,295.6879577636719,20250225-154525
431,18446744073709551615,0,0.9091796875,468.3980712890625,0.6773529052734375,373.134033203125,602.7030029296875,20250225-154525
431,18446744073709551615,0,0.93994140625,236.31207275390625,601.4882202148438,1029.5533447265625,831.6062622070312,20250225-154525
432,18446744073709551615,0,0.21728515625,692.1399536132812,1779.3515625,73.4512939453125,110.94241333007812,20250225-154525
432,18446744073709551615,0,0.294189453125,504.04669189453125,871.6906127929688,133.27084350585938,257.7582092285156,20250225-154525
432,18446744073709551615,0,0.42919921875,625.9707641601562,1319.787841796875,102.620361328125,52.83709716796875,20250225-154525
432,18446744073709551615,0,0.5146484375,478.5260009765625,648.049560546875,168.67355346679688,280.2237854003906,20250225-154525
432,18446744073709551615,0,0.64697265625,678.9274291992188,490.5561218261719,139.54490661621094,145.56417846679688,20250225-154525
432,18446744073709551615,0,0.69775390625,692.8846435546875,1444.9866943359375,91.25482177734375,84.22613525390625,20250225-154525
432,18446744073709551615,0,0.6982421875,616.0814208984375,1649.0013427734375,203.93682861328125,223.63302612304688,20250225-154525
432,18446744073709551615,0,0.69921875,523.3796997070312,834.4913330078125,79.26214599609375,242.65292358398438,20250225-154525
432,18446744073709551615,0,0.7041015625,667.7030029296875,1574.148193359375,89.98040771484375,103.12554931640625,20250225-154525
432,18446744073709551615,0,0.73046875,761.631591796875,1754.177490234375,165.0765380859375,309.1648864746094,20250225-154525
432,18446744073709551615,0,0.7529296875,687.7941284179688,1854.662109375,64.36431884765625,91.42218017578125,20250225-154525
432,18446744073709551615,0,0.83349609375,608.5458984375,537.2945556640625,244.24996948242188,296.2658386230469,20250225-154525
432,18446744073709551615,0,0.9013671875,464.6041259765625,0.523040771484375,369.226806640625,606.4959716796875,20250225-154525
432,18446744073709551615,0,0.9423828125,235.58761596679688,601.9224853515625,1029.064453125,832.7286987304688,20250225-154525
433,18446744073709551615,0,0.2274169921875,740.0914306640625,435.3560791015625,49.382171630859375,83.9014892578125,20250225-154525
433,18446744073709551615,0,0.235107421875,692.167724609375,1779.944091796875,73.5615234375,111.47113037109375,20250225-154525
433,18446744073709551615,0,0.280517578125,485.860107421875,871.7312622070312,135.23492431640625,275.1797790527344,20250225-154525
433,18446744073709551615,0,0.338134765625,479.9161376953125,659.071044921875,99.41770935058594,155.69760131835938,20250225-154525
433,18446744073709551615,0,0.3701171875,623.1787719726562,1314.0106201171875,107.81048583984375,53.667572021484375,20250225-154525
433,18446744073709551615,0,0.541015625,478.9918212890625,623.367919921875,194.5616455078125,280.5775451660156,20250225-154525
433,18446744073709551615,0,0.66259765625,692.7052001953125,1446.3980712890625,89.04757690429688,83.05654907226562,20250225-154525
433,18446744073709551615,0,0.66552734375,667.135986328125,1574.4298095703125,86.68780517578125,103.03958129882812,20250225-154525
433,18446744073709551615,0,0.669921875,679.1625366210938,490.18853759765625,140.96763610839844,144.26055908203125,20250225-154525
433,18446744073709551615,0,0.69580078125,615.731689453125,1648.508056640625,205.0389404296875,221.99002075195312,20250225-154525
433,18446744073709551615,0,0.71875,762.6681518554688,1754.15234375,165.0032958984375,308.4192810058594,20250225-154525
433,18446744073709551615,0,0.7294921875,521.6846923828125,830.558349609375,80.91934204101562,245.42550659179688,20250225-154525
433,18446744073709551615,0,0.74755859375,687.6318969726562,1855.5120849609375,63.52239990234375,91.0623779296875,20250225-154525
433,18446744073709551615,0,0.84326171875,608.7996826171875,535.8680419921875,242.85919189453125,295.8439636230469,20250225-154525
433,18446744073709551615,0,0.90185546875,463.905029296875,0.6629562377929688,374.0457763671875,606.871337890625,20250225-154525
433,18446744073709551615,0,0.94091796875,237.44956970214844,600.8677368164062,1031.501220703125,830.759765625,20250225-154525
434,18446744073709551615,0,0.2127685546875,691.7171630859375,1778.569580078125,76.0184326171875,114.09228515625,20250225-154525
434,18446744073709551615,0,0.220703125,739.5598754882812,434.6640930175781,49.638702392578125,84.46975708007812,20250225-154525
434,18446744073709551615,0,0.22607421875,624.3848876953125,1315.67041015625,107.01434326171875,50.845550537109375,20250225-154525
434,18446744073709551615,0,0.30322265625,490.597412109375,873.7869873046875,135.40695190429688,272.5915832519531,20250225-154525
434,18446744073709551615,0,0.4833984375,478.47564697265625,652.3558959960938,165.10464477539062,282.39569091796875,20250225-154525
434,18446744073709551615,0,0.669921875,679.12646484375,488.7781677246094,141.42283630371094,144.84182739257812,20250225-154525
434,18446744073709551615,0,0.67578125,691.7490234375,1450.482421875,84.55563354492188,84.63006591796875,20250225-154525
434,18446744073709551615,0,0.7041015625,763.8427734375,1754.245849609375,165.0054931640625,307.23760986328125,20250225-154525
434,18446744073709551615,0,0.728515625,667.3928833007812,1574.1961669921875,92.57171630859375,103.75186157226562,20250225-154525
434,18446744073709551615,0,0.73095703125,522.9193115234375,828.413818359375,83.31069946289062,242.96502685546875,20250225-154525
434,18446744073709551615,0,0.74072265625,688.264404296875,1855.74853515625,63.3321533203125,90.6046142578125,20250225-154525
434,18446744073709551615,0,0.74462890625,616.2193603515625,1650.6580810546875,204.53741455078125,218.66748046875,20250225-154525
434,18446744073709551615,0,0.83642578125,610.5272827148438,535.80224609375,244.39984130859375,295.26324462890625,20250225-154525
434,18446744073709551615,0,0.8916015625,460.10833740234375,1.1038742065429688,375.6591796875,612.71630859375,20250225-154525
434,18446744073709551615,0,0.93798828125,234.77169799804688,602.9240112304688,1033.043701171875,833.6048583984375,20250225-154525
435,18446744073709551615,0,0.234375,580.1942138671875,871.115234375,141.15472412109375,180.68820190429688,20250225-154525
435,18446744073709551615,0,0.247314453125,691.9297485351562,1750.5325927734375,104.31134033203125,130.24566650390625,20250225-154525
435,18446744073709551615,0,0.256103515625,740.6180419921875,434.0726623535156,49.75263977050781,83.16128540039062,20250225-154525
435,18446744073709551615,0,0.3115234375,479.46514892578125,663.2125854492188,98.54049682617188,162.32455444335938,20250225-154525
435,18446744073709551615,0,0.4912109375,478.99493408203125,625.0802001953125,193.17828369140625,283.4352722167969,20250225-154525
435,18446744073709551615,0,0.6669921875,693.6535034179688,1454.311279296875,80.71371459960938,81.39596557617188,20250225-154525
435,18446744073709551615,0,0.67333984375,761.69384765625,1754.6634521484375,164.51239013671875,308.2532043457031,20250225-154525
435,18446744073709551615,0,0.67724609375,680.105712890625,491.6501770019531,139.1437225341797,143.12924194335938,20250225-154525
435,18446744073709551615,0,0.6826171875,615.9114990234375,1650.45556640625,203.37249755859375,220.24758911132812,20250225-154525
435,18446744073709551615,0,0.708984375,524.126953125,824.2651977539062,87.02975463867188,239.44235229492188,20250225-154525
435,18446744073709551615,0,0.73388671875,687.8574829101562,1855.8226318359375,63.20416259765625,91.81521606445312,20250225-154525
435,18446744073709551615,0,0.736328125,667.3595581054688,1573.2637939453125,93.19244384765625,103.99429321289062,20250225-154525
435,18446744073709551615,0,0.83447265625,609.0496826171875,535.6414794921875,243.4398193359375,296.2305908203125,20250225-154525
435,18446744073709551615,0,0.89794921875,461.42340087890625,0.88824462890625,376.9989929199219,609.472412109375,20250225-154525
435,18446744073709551615,0,0.943359375,234.095947265625,602.5638427734375,1036.203857421875,833.1981811523438,20250225-154525
436,18446744073709551615,0,0.242919921875,692.6529541015625,1778.8070068359375,74.215576171875,114.1171875,20250225-154526
436,18446744073709551615,0,0.253173828125,581.4722900390625,870.9347534179688,142.15420532226562,179.51449584960938,20250225-154526
436,18446744073709551615,0,0.43505859375,694.8466186523438,1458.265380859375,79.90191650390625,82.47665405273438,20250225-154526
436,18446744073709551615,0,0.448486328125,482.7081298828125,660.8585205078125,152.36370849609375,277.068603515625,20250225-154526
436,18446744073709551615,0,0.61669921875,681.3250122070312,493.0981750488281,137.72634887695312,143.08163452148438,20250225-154526
436,18446744073709551615,0,0.650390625,616.2042846679688,1651.73046875,200.8271484375,223.75808715820312,20250225-154526
436,18446744073709551615,0,0.68505859375,760.7105712890625,1755.277587890625,163.89129638671875,309.3453369140625,20250225-154526
436,18446744073709551615,0,0.70068359375,688.6259765625,1856.228759765625,62.8406982421875,91.013671875,20250225-154526
436,18446744073709551615,0,0.72705078125,522.4345092773438,815.1296997070312,93.53933715820312,242.31179809570312,20250225-154526
436,18446744073709551615,0,0.76708984375,667.289794921875,1572.1754150390625,92.4605712890625,104.39447021484375,20250225-154526
436,18446744073709551615,0,0.8359375,610.5552978515625,536.9931640625,243.427734375,295.5989685058594,20250225-154526
436,18446744073709551615,0,0.90087890625,461.4053649902344,0.9124832153320312,381.35125732421875,609.54052734375,20250225-154526
436,18446744073709551615,0,0.94189453125,238.34262084960938,602.2907104492188,1038.65625,828.9776000976562,20250225-154526
437,18446744073709551615,0,0.21337890625,692.51123046875,1781.014892578125,71.14801025390625,112.94476318359375,20250225-154526
437,18446744073709551615,0,0.234375,581.0557250976562,873.5685424804688,137.76727294921875,180.26312255859375,20250225-154526
437,18446744073709551615,0,0.282958984375,740.802001953125,434.1337890625,50.788055419921875,83.98699951171875,20250225-154526
437,18446744073709551615,0,0.442626953125,479.1258544921875,664.0889282226562,99.17440795898438,171.10391235351562,20250225-154526
437,18446744073709551615,0,0.5439453125,694.5025634765625,1461.737548828125,76.259033203125,79.72256469726562,20250225-154526
437,18446744073709551615,0,0.642578125,680.6502685546875,490.0909423828125,140.23992919921875,145.43316650390625,20250225-154526
437,18446744073709551615,0,0.67724609375,688.9627075195312,1856.328369140625,62.78302001953125,91.56939697265625,20250225-154526
437,18446744073709551615,0,0.7294921875,765.2155151367188,1754.905517578125,163.34051513671875,307.3832702636719,20250225-154526
437,18446744073709551615,0,0.736328125,667.2352294921875,1572.285888671875,90.83203125,103.988525390625,20250225-154526
437,18446744073709551615,0,0.75048828125,523.8718872070312,815.466796875,91.99832153320312,241.46640014648438,20250225-154526
437,18446744073709551615,0,0.76123046875,616.52197265625,1652.422607421875,197.6297607421875,212.45077514648438,20250225-154526
437,18446744073709551615,0,0.8447265625,610.5774536132812,536.1741943359375,242.47393798828125,293.07843017578125,20250225-154526
437,18446744073709551615,0,0.89306640625,459.875244140625,0.715301513671875,384.5982971191406,610.5927734375,20250225-154526
437,18446744073709551615,0,0.943359375,236.140869140625,602.2483520507812,1040.142578125,830.7280883789062,20250225-154526
438,18446744073709551615,0,0.244384765625,480.6668701171875,621.4033813476562,202.4315185546875,275.1734619140625,20250225-154526
438,18446744073709551615,0,0.25390625,739.754150390625,433.7258605957031,51.69877624511719,84.87698364257812,20250225-154526
438,18446744073709551615,0,0.25537109375,576.7664794921875,874.071044921875,137.8817138671875,185.33963012695312,20250225-154526
438,18446744073709551615,0,0.29345703125,693.1470336914062,1786.884521484375,66.939697265625,107.23141479492188,20250225-154526
438,18446744073709551615,0,0.316650390625,694.7770385742188,1468.501708984375,66.60653686523438,79.06146240234375,20250225-154526
438,18446744073709551615,0,0.498046875,479.07659912109375,665.0074462890625,100.14299011230469,165.61376953125,20250225-154526
438,18446744073709551615,0,0.6435546875,679.566650390625,491.0509033203125,139.94284057617188,144.85400390625,20250225-154526
438,18446744073709551615,0,0.67578125,616.2952880859375,1652.232666015625,190.9244384765625,213.64608764648438,20250225-154526
438,18446744073709551615,0,0.6884765625,688.412109375,1857.157958984375,61.92919921875,91.23147583007812,20250225-154526
438,18446744073709551615,0,0.72265625,520.786376953125,813.2759399414062,93.07470703125,245.25631713867188,20250225-154526
438,18446744073709551615,0,0.7392578125,667.1231689453125,1573.208251953125,91.247314453125,103.78005981445312,20250225-154526
438,18446744073709551615,0,0.75830078125,762.4647216796875,1754.5902099609375,163.752685546875,310.2391662597656,20250225-154526
438,18446744073709551615,0,0.8388671875,610.4441528320312,536.0093994140625,242.71041870117188,293.74951171875,20250225-154526
438,18446744073709551615,0,0.8857421875,455.50323486328125,0.902984619140625,387.1291809082031,615.6903076171875,20250225-154526
438,18446744073709551615,0,0.9423828125,236.96759033203125,601.56201171875,1045.3802490234375,830.2153930664062,20250225-154526
439,18446744073709551615,0,0.20947265625,579.1016845703125,871.67919921875,140.770751953125,179.45489501953125,20250225-154526
439,18446744073709551615,0,0.2127685546875,692.4072875976562,1785.655517578125,69.35504150390625,104.80032348632812,20250225-154526
439,18446744073709551615,0,0.2744140625,740.320556640625,432.8691101074219,49.78733825683594,84.04779052734375,20250225-154526
439,18446744073709551615,0,0.5,482.533447265625,667.0548095703125,147.51773071289062,283.0989990234375,20250225-154526
439,18446744073709551615,0,0.66259765625,678.8155517578125,493.4254150390625,136.46136474609375,144.67153930664062,20250225-154526
439,18446744073709551615,0,0.66650390625,688.6815185546875,1857.881103515625,61.433349609375,91.31927490234375,20250225-154526
439,18446744073709551615,0,0.69287109375,759.7007446289062,1755.139892578125,164.12896728515625,310.3153381347656,20250225-154526
439,18446744073709551615,0,0.7080078125,667.5045776367188,1572.907470703125,87.70074462890625,102.99224853515625,20250225-154526
439,18446744073709551615,0,0.7294921875,520.2125244140625,810.8812866210938,95.32498168945312,245.99505615234375,20250225-154526
439,18446744073709551615,0,0.75,616.1094970703125,1651.7449951171875,202.75506591796875,215.52630615234375,20250225-154526
439,18446744073709551615,0,0.8505859375,608.7079467773438,535.765625,244.04049682617188,295.40716552734375,20250225-154526
439,18446744073709551615,0,0.8974609375,453.1214904785156,0.8963470458984375,389.5589904785156,618.4714965820312,20250225-154526
439,18446744073709551615,0,0.94140625,235.250244140625,601.2861328125,1050.017578125,832.4115600585938,20250225-154526
440,18446744073709551615,0,0.2254638671875,692.8475341796875,1786.8226318359375,66.86334228515625,102.22833251953125,20250225-154526
440,18446744073709551615,0,0.2315673828125,582.2061767578125,874.0665283203125,137.5111083984375,178.33108520507812,20250225-154526
440,18446744073709551615,0,0.2371826171875,749.5909423828125,455.2540283203125,59.024688720703125,77.49188232421875,20250225-154526
440,18446744073709551615,0,0.5263671875,482.89178466796875,669.8952026367188,141.9261474609375,280.34710693359375,20250225-154526
440,18446744073709551615,0,0.65771484375,679.010498046875,491.2522888183594,139.67230224609375,144.64453125,20250225-154526
440,18446744073709551615,0,0.6953125,688.7971801757812,1858.758544921875,60.50738525390625,91.02346801757812,20250225-154526
440,18446744073709551615,0,0.7080078125,760.9427490234375,1754.736328125,164.52960205078125,309.17889404296875,20250225-154526
440,18446744073709551615,0,0.7216796875,518.024169921875,802.325927734375,103.2132568359375,248.4085693359375,20250225-154526
440,18446744073709551615,0,0.732421875,667.3568115234375,1572.4669189453125,91.2099609375,103.50082397460938,20250225-154526
440,18446744073709551615,0,0.775390625,616.3953857421875,1652.293212890625,201.92724609375,212.39373779296875,20250225-154526
440,18446744073709551615,0,0.849609375,608.9249267578125,536.12744140625,243.24874877929688,295.7806091308594,20250225-154526
440,18446744073709551615,0,0.89013671875,450.09246826171875,1.0695648193359375,396.56231689453125,620.7939453125,20250225-154526
440,18446744073709551615,0,0.9423828125,238.67770385742188,600.6915893554688,1051.83642578125,829.1590576171875,20250225-154526
441,18446744073709551615,0,0.21337890625,694.135986328125,1786.4150390625,69.17193603515625,99.48971557617188,20250225-154526
441,18446744073709551615,0,0.2705078125,740.4633178710938,433.404052734375,51.47882080078125,84.25360107421875,20250225-154526
441,18446744073709551615,0,0.57275390625,478.94989013671875,671.103515625,98.11239624023438,181.34161376953125,20250225-154526
441,18446744073709551615,0,0.62255859375,766.8914794921875,1755.0260009765625,164.24468994140625,303.51324462890625,20250225-154526
441,18446744073709551615,0,0.6494140625,678.88671875,490.822265625,141.0669708251953,143.8077392578125,20250225-154526
441,18446744073709551615,0,0.68505859375,689.45947265625,1859.7440185546875,59.52301025390625,89.69247436523438,20250225-154526
441,18446744073709551615,0,0.73388671875,667.307373046875,1572.4398193359375,91.31378173828125,103.6812744140625,20250225-154526
441,18446744073709551615,0,0.73583984375,519.3473510742188,787.6213989257812,116.7359619140625,247.12655639648438,20250225-154526
441,18446744073709551615,0,0.763671875,617.1658935546875,1652.9022216796875,202.90338134765625,214.86163330078125,20250225-154526
441,18446744073709551615,0,0.84375,608.2086181640625,535.92236328125,241.50833129882812,295.30572509765625,20250225-154526
441,18446744073709551615,0,0.8916015625,449.73980712890625,1.08251953125,396.7049560546875,620.6409301757812,20250225-154526
441,18446744073709551615,0,0.93994140625,236.27481079101562,601.1076049804688,1053.510009765625,831.5013427734375,20250225-154526
442,18446744073709551615,0,0.2288818359375,741.2546997070312,433.71295166015625,52.134979248046875,83.75015258789062,20250225-154526
442,18446744073709551615,0,0.242919921875,692.9598999023438,1788.9129638671875,66.62384033203125,102.46920776367188,20250225-154526
442,18446744073709551615,0,0.498046875,478.3907775878906,675.6498413085938,135.11041259765625,283.86676025390625,20250225-154526
442,18446744073709551615,0,0.60205078125,769.2242431640625,1754.523193359375,164.75042724609375,300.7980651855469,20250225-154526
442,18446744073709551615,0,0.63232421875,678.7322998046875,490.44134521484375,140.93783569335938,143.9000244140625,20250225-154526
442,18446744073709551615,0,0.703125,600.1864013671875,170.79452514648438,201.0201873779297,370.5777282714844,20250225-154526
442,18446744073709551615,0,0.712890625,689.2635498046875,1860.41162109375,58.85467529296875,90.37399291992188,20250225-154526
442,18446744073709551615,0,0.72265625,519.1834716796875,789.6289672851562,115.13296508789062,247.27340698242188,20250225-154526
442,18446744073709551615,0,0.728515625,667.28466796875,1572.2142333984375,91.89862060546875,103.87298583984375,20250225-154526
442,18446744073709551615,0,0.75634765625,617.1004028320312,1652.9718017578125,202.906494140625,216.05007934570312,20250225-154526
442,18446744073709551615,0,0.84912109375,607.6030883789062,535.3954467773438,244.3033447265625,297.46087646484375,20250225-154526
442,18446744073709551615,0,0.88818359375,448.66278076171875,1.07354736328125,400.8780212402344,622.292236328125,20250225-154526
442,18446744073709551615,0,0.94091796875,239.27462768554688,602.48046875,1055.2554931640625,828.72216796875,20250225-154526
443,18446744073709551615,0,0.2294921875,575.3552856445312,873.47021484375,135.3197021484375,186.24307250976562,20250225-154526
443,18446744073709551615,0,0.2294921875,741.2900390625,434.3475036621094,50.091156005859375,83.360595703125,20250225-154526
443,18446744073709551615,0,0.250244140625,693.8651733398438,1787.704345703125,69.5108642578125,101.67919921875,20250225-154526
443,18446744073709551615,0,0.5556640625,477.6969909667969,676.67041015625,135.08935546875,283.29913330078125,20250225-154526
443,18446744073709551615,0,0.6279296875,768.0408325195312,1754.6239013671875,164.55047607421875,301.7025146484375,20250225-154526
443,18446744073709551615,0,0.6298828125,678.9666748046875,489.3774719238281,142.40158081054688,144.683349609375,20250225-154526
443,18446744073709551615,0,0.70654296875,598.9400024414062,171.9534912109375,200.00582885742188,367.5207824707031,20250225-154526
443,18446744073709551615,0,0.71044921875,688.34326171875,1860.5496826171875,58.76275634765625,91.82272338867188,20250225-154526
443,18446744073709551615,0,0.716796875,517.040771484375,790.6616821289062,112.19174194335938,250.64749145507812,20250225-154526
443,18446744073709551615,0,0.7294921875,666.8031005859375,1571.922607421875,93.1798095703125,104.18197631835938,20250225-154526
443,18446744073709551615,0,0.736328125,617.3347778320312,1653.0164794921875,203.28900146484375,217.97149658203125,20250225-154526
443,18446744073709551615,0,0.83154296875,609.0829467773438,534.7314453125,242.47732543945312,293.6978759765625,20250225-154526
443,18446744073709551615,0,0.87646484375,445.1224365234375,1.4914398193359375,402.7695007324219,626.032470703125,20250225-154526
443,18446744073709551615,0,0.9404296875,241.42355346679688,602.4166259765625,1058.0482177734375,826.811279296875,20250225-154526
444,18446744073709551615,0,0.2147216796875,751.2855834960938,455.3817443847656,57.51036071777344,75.34341430664062,20250225-154526
444,18446744073709551615,0,0.2493896484375,692.8104248046875,1753.18798828125,104.7821044921875,125.22637939453125,20250225-154526
444,18446744073709551615,0,0.533203125,477.678955078125,678.3890991210938,132.54776000976562,284.8904113769531,20250225-154526
444,18446744073709551615,0,0.60498046875,768.535400390625,1754.397216796875,164.87054443359375,301.09625244140625,20250225-154526
444,18446744073709551615,0,0.6142578125,600.283935546875,183.0491943359375,188.72984313964844,367.76495361328125,20250225-154526
444,18446744073709551615,0,0.6396484375,678.9655151367188,489.2784118652344,142.08636474609375,144.56314086914062,20250225-154526
444,18446744073709551615,0,0.6806640625,616.44580078125,1652.2979736328125,205.10064697265625,215.83895874023438,20250225-154526
444,18446744073709551615,0,0.703125,517.12939453125,785.3893432617188,117.79788208007812,248.91815185546875,20250225-154526
444,18446744073709551615,0,0.7265625,688.4095458984375,1860.041015625,59.221435546875,92.12567138671875,20250225-154526
444,18446744073709551615,0,0.72705078125,667.3123779296875,1572.556640625,90.88751220703125,103.36578369140625,20250225-154526
444,18446744073709551615,0,0.8447265625,607.7017822265625,535.9322509765625,241.80001831054688,295.56298828125,20250225-154526
444,18446744073709551615,0,0.88232421875,444.32135009765625,1.651611328125,404.8559875488281,625.7412109375,20250225-154526
444,18446744073709551615,0,0.93896484375,241.56015014648438,600.894287109375,1062.4873046875,826.7074584960938,20250225-154526
445,18446744073709551615,0,0.24365234375,693.7278442382812,1787.1650390625,69.97412109375,105.27740478515625,20250225-154526
445,18446744073709551615,0,0.250244140625,489.446044921875,873.9071044921875,134.87850952148438,272.05133056640625,20250225-154526
445,18446744073709551615,0,0.515625,477.7269287109375,680.18115234375,91.56536865234375,196.53799438476562,20250225-154526
445,18446744073709551615,0,0.5908203125,679.0079956054688,489.9444580078125,141.53883361816406,144.48825073242188,20250225-154526
445,18446744073709551615,0,0.5927734375,766.7598266601562,1754.429443359375,164.8421630859375,303.0682067871094,20250225-154526
445,18446744073709551615,0,0.66650390625,616.567626953125,1652.042724609375,204.40283203125,212.81396484375,20250225-154526
445,18446744073709551615,0,0.716796875,659.0504150390625,203.25059509277344,168.51251220703125,303.2281494140625,20250225-154526
445,18446744073709551615,0,0.732421875,688.4291381835938,1860.2618408203125,59.00115966796875,91.18753051757812,20250225-154526
445,18446744073709551615,0,0.73583984375,667.1998291015625,1573.19091796875,90.86590576171875,103.57379150390625,20250225-154526
445,18446744073709551615,0,0.77197265625,517.2415771484375,780.5198364257812,118.54403686523438,250.4212646484375,20250225-154526
445,18446744073709551615,0,0.8427734375,606.922119140625,537.4462280273438,240.61761474609375,295.2836608886719,20250225-154526
445,18446744073709551615,0,0.88232421875,444.7379150390625,1.68218994140625,405.7308349609375,625.8922119140625,20250225-154526
445,18446744073709551615,0,0.9384765625,241.012939453125,601.904296875,1065.177001953125,827.6033935546875,20250225-154526
446,18446744073709551615,0,0.2322998046875,740.88427734375,434.29998779296875,49.21138000488281,83.60348510742188,20250225-154526
446,18446744073709551615,0,0.2421875,692.585205078125,1784.56494140625,71.9483642578125,112.8446044921875,20250225-154526
446,18446744073709551615,0,0.417724609375,578.046875,872.4644165039062,134.98782348632812,184.08709716796875,20250225-154526
446,18446744073709551615,0,0.56884765625,477.4001770019531,680.9678955078125,119.87796020507812,286.40020751953125,20250225-154526
446,18446744073709551615,0,0.60009765625,641.7002563476562,197.76254272460938,174.37770080566406,321.2551574707031,20250225-154526
446,18446744073709551615,0,0.60498046875,766.9683837890625,1754.540771484375,164.736328125,303.3316955566406,20250225-154526
446,18446744073709551615,0,0.62451171875,679.0433349609375,489.3761901855469,142.3084716796875,144.26358032226562,20250225-154526
446,18446744073709551615,0,0.71484375,688.00048828125,1860.5687255859375,58.74261474609375,92.11550903320312,20250225-154526
446,18446744073709551615,0,0.7216796875,616.5155639648438,1652.5887451171875,202.56170654296875,216.00357055664062,20250225-154526
446,18446744073709551615,0,0.7470703125,667.2646484375,1573.551025390625,91.669189453125,104.0870361328125,20250225-154526
446,18446744073709551615,0,0.76953125,516.9486694335938,777.2935180664062,120.60406494140625,251.09884643554688,20250225-154526
446,18446744073709551615,0,0.8427734375,608.7178344726562,536.56494140625,241.8922119140625,293.0602111816406,20250225-154526
446,18446744073709551615,0,0.88427734375,444.76336669921875,1.8166351318359375,404.74066162109375,625.8642578125,20250225-154526
446,18446744073709551615,0,0.94091796875,243.18594360351562,601.4917602539062,1069.696044921875,825.8790893554688,20250225-154526
447,18446744073709551615,0,0.21337890625,692.4786987304688,1784.962646484375,70.80377197265625,107.928955078125,20250225-154526
447,18446744073709551615,0,0.42626953125,574.960693359375,871.5411987304688,137.24002075195312,186.58914184570312,20250225-154526
447,18446744073709551615,0,0.446533203125,477.58099365234375,680.8485107421875,91.91482543945312,208.77264404296875,20250225-154526
447,18446744073709551615,0,0.57763671875,634.69140625,204.7804412841797,167.58529663085938,329.37744140625,20250225-154526
447,18446744073709551615,0,0.60107421875,679.6895141601562,488.41943359375,144.13943481445312,144.04696655273438,20250225-154526
447,18446744073709551615,0,0.71044921875,769.4227294921875,1754.5631103515625,164.7938232421875,300.5849304199219,20250225-154526
447,18446744073709551615,0,0.71484375,687.94921875,1861.426513671875,57.837890625,92.31948852539062,20250225-154526
447,18446744073709551615,0,0.72509765625,667.2039184570312,1572.030517578125,95.59423828125,104.16696166992188,20250225-154526
447,18446744073709551615,0,0.7626953125,616.37109375,1651.988525390625,203.59698486328125,222.60360717773438,20250225-154526
447,18446744073709551615,0,0.775390625,516.6443481445312,777.8589477539062,126.70220947265625,251.3173828125,20250225-154526
447,18446744073709551615,0,0.84033203125,608.1557006835938,536.0069580078125,240.74899291992188,296.0284423828125,20250225-154526
447,18446744073709551615,0,0.884765625,446.63616943359375,2.37322998046875,404.38018798828125,623.5687255859375,20250225-154526
447,18446744073709551615,0,0.9384765625,245.3876495361328,600.9655151367188,1073.006591796875,823.5853271484375,20250225-154526
448,18446744073709551615,0,0.2147216796875,691.6649780273438,1779.888427734375,75.2808837890625,115.90017700195312,20250225-154526
448,18446744073709551615,0,0.2220458984375,738.2411499023438,432.13226318359375,54.8009033203125,86.24862670898438,20250225-154526
448,18446744073709551615,0,0.3310546875,710.8416748046875,222.70921325683594,150.1947021484375,253.72064208984375,20250225-154526
448,18446744073709551615,0,0.436767578125,551.986083984375,872.080810546875,135.76190185546875,209.37496948242188,20250225-154526
448,18446744073709551615,0,0.5078125,476.6787414550781,682.5135498046875,91.10302734375,211.250244140625,20250225-154526
448,18446744073709551615,0,0.650390625,770.7535400390625,1755.1717529296875,164.185546875,299.2689514160156,20250225-154526
448,18446744073709551615,0,0.65234375,679.2310180664062,487.3942565917969,143.39039611816406,143.26785278320312,20250225-154526
448,18446744073709551615,0,0.7265625,687.611083984375,1861.508056640625,57.75714111328125,93.24462890625,20250225-154526
448,18446744073709551615,0,0.76611328125,667.423095703125,1571.5462646484375,94.83746337890625,104.05325317382812,20250225-154526
448,18446744073709551615,0,0.77880859375,616.8023681640625,1652.203857421875,202.0924072265625,213.28436279296875,20250225-154526
448,18446744073709551615,0,0.787109375,515.583251953125,778.0792236328125,122.34786987304688,252.21212768554688,20250225-154526
448,18446744073709551615,0,0.83203125,607.77490234375,537.6520385742188,240.57632446289062,298.4384765625,20250225-154526
448,18446744073709551615,0,0.86767578125,447.37884521484375,2.5682830810546875,405.975830078125,622.720458984375,20250225-154526
448,18446744073709551615,0,0.94189453125,242.09408569335938,601.4273071289062,1074.4149169921875,826.7583618164062,20250225-154526
449,18446744073709551615,0,0.204345703125,735.78662109375,429.7620849609375,68.16673278808594,90.08963012695312,20250225-154526
449,18446744073709551615,0,0.2088623046875,693.6882934570312,1788.057861328125,46.69024658203125,46.120697021484375,20250225-154526
449,18446744073709551615,0,0.3857421875,713.5574340820312,222.706787109375,150.39425659179688,250.92535400390625,20250225-154526
449,18446744073709551615,0,0.41015625,563.2098999023438,870.4568481445312,137.0947265625,198.25323486328125,20250225-154526
449,18446744073709551615,0,0.5869140625,475.3927001953125,683.213623046875,91.73190307617188,214.39443969726562,20250225-154526
449,18446744073709551615,0,0.63525390625,679.313720703125,486.54931640625,143.38929748535156,143.96905517578125,20250225-154526
449,18446744073709551615,0,0.68359375,772.6012573242188,1754.279296875,164.890869140625,297.5289001464844,20250225-154526
449,18446744073709551615,0,0.73388671875,686.6130981445312,1861.125732421875,58.1385498046875,94.01632690429688,20250225-154526
449,18446744073709551615,0,0.7626953125,667.5726928710938,1571.779296875,93.1988525390625,103.18972778320312,20250225-154526
449,18446744073709551615,0,0.8017578125,616.9608154296875,1651.8577880859375,203.9033203125,218.99945068359375,20250225-154526
449,18446744073709551615,0,0.806640625,514.3817138671875,779.977294921875,120.23666381835938,253.90475463867188,20250225-154526
449,18446744073709551615,0,0.84228515625,607.4683837890625,537.6593627929688,241.19549560546875,296.82861328125,20250225-154526
449,18446744073709551615,0,0.86962890625,449.08062744140625,2.3709869384765625,405.160400390625,621.284912109375,20250225-154526
449,18446744073709551615,0,0.94140625,241.71432495117188,601.6795043945312,1075.2293701171875,827.2600708007812,20250225-154526
450,18446744073709551615,0,0.2139892578125,691.8197021484375,1780.3018798828125,76.0645751953125,117.73992919921875,20250225-154526
450,18446744073709551615,0,0.42431640625,713.8516845703125,223.48724365234375,149.94488525390625,254.25421142578125,20250225-154526
450,18446744073709551615,0,0.445556640625,548.3031005859375,870.018310546875,138.69863891601562,213.23876953125,20250225-154526
450,18446744073709551615,0,0.59716796875,474.32574462890625,684.0328369140625,93.13339233398438,216.26962280273438,20250225-154526
450,18446744073709551615,0,0.67578125,616.5546875,1652.0020751953125,203.17034912109375,222.70697021484375,20250225-154526
450,18446744073709551615,0,0.7080078125,685.9432983398438,1860.9613037109375,58.34930419921875,94.8936767578125,20250225-154526
450,18446744073709551615,0,0.72119140625,679.4141235351562,429.59197998046875,199.6732635498047,144.82754516601562,20250225-154526
450,18446744073709551615,0,0.7333984375,667.6461181640625,1571.26904296875,91.2572021484375,104.00308227539062,20250225-154526
450,18446744073709551615,0,0.7373046875,768.99072265625,1754.19140625,164.96282958984375,302.65338134765625,20250225-154526
450,18446744073709551615,0,0.79248046875,514.2372436523438,776.98095703125,118.23046875,252.8214111328125,20250225-154526
450,18446744073709551615,0,0.83544921875,607.193603515625,534.640625,242.73193359375,294.82470703125,20250225-154526
450,18446744073709551615,0,0.8759765625,449.63818359375,1.9888916015625,405.93792724609375,621.060302734375,20250225-154526
450,18446744073709551615,0,0.93798828125,246.87277221679688,602.2651977539062,1076.958251953125,822.6390380859375,20250225-154526
451,18446744073709551615,0,0.260498046875,691.94091796875,1784.947998046875,45.7364501953125,41.897918701171875,20250225-154526
451,18446744073709551615,0,0.4716796875,547.2047119140625,868.527099609375,142.32577514648438,214.30133056640625,20250225-154526
451,18446744073709551615,0,0.49609375,716.2574462890625,232.51524353027344,139.90948486328125,253.27972412109375,20250225-154526
451,18446744073709551615,0,0.5244140625,473.5008544921875,683.9261474609375,93.13760375976562,210.43359375,20250225-154526
451,18446744073709551615,0,0.6162109375,678.5072021484375,432.6905822753906,196.91390991210938,146.68212890625,20250225-154526
451,18446744073709551615,0,0.6767578125,771.0860595703125,1754.7073974609375,164.659423828125,299.3268127441406,20250225-154526
451,18446744073709551615,0,0.7265625,685.2852783203125,1861.646484375,57.66375732421875,95.65850830078125,20250225-154526
451,18446744073709551615,0,0.72802734375,667.9015502929688,1573.1656494140625,94.08782958984375,103.890380859375,20250225-154526
451,18446744073709551615,0,0.77685546875,616.9440307617188,1652.302001953125,204.93621826171875,226.60556030273438,20250225-154526
451,18446744073709551615,0,0.78662109375,513.6209106445312,775.1700439453125,118.72842407226562,253.16912841796875,20250225-154526
451,18446744073709551615,0,0.83837890625,606.5004272460938,536.3622436523438,243.38095092773438,299.00994873046875,20250225-154526
451,18446744073709551615,0,0.8818359375,449.4462890625,1.9923248291015625,405.7671203613281,621.465087890625,20250225-154526
451,18446744073709551615,0,0.93994140625,245.92025756835938,602.0615844726562,1079.9990234375,823.3683471679688,20250225-154526
452,18446744073709551615,0,0.2069091796875,691.2733154296875,1771.7406005859375,83.94232177734375,127.04507446289062,20250225-154526
452,18446744073709551615,0,0.34765625,719.5794677734375,230.80645751953125,141.66563415527344,252.8609619140625,20250225-154526
452,18446744073709551615,0,0.50390625,550.9072265625,868.5803833007812,144.94354248046875,210.73654174804688,20250225-154526
452,18446744073709551615,0,0.5517578125,474.45904541015625,683.7291870117188,94.67047119140625,207.7049560546875,20250225-154526
452,18446744073709551615,0,0.6884765625,616.856689453125,1652.04248046875,204.1746826171875,225.25900268554688,20250225-154526
452,18446744073709551615,0,0.6982421875,667.7371826171875,1574.25439453125,89.3089599609375,103.79425048828125,20250225-154526
452,18446744073709551615,0,0.7001953125,678.875244140625,432.195556640625,198.2640380859375,146.4371337890625,20250225-154526
452,18446744073709551615,0,0.72705078125,685.02587890625,1861.3714599609375,57.98345947265625,95.98919677734375,20250225-154526
452,18446744073709551615,0,0.76904296875,771.69189453125,1754.3349609375,164.79693603515625,300.13934326171875,20250225-154526
452,18446744073709551615,0,0.794921875,514.13818359375,777.1829223632812,113.78164672851562,252.32949829101562,20250225-154526
452,18446744073709551615,0,0.8349609375,607.6499633789062,536.687744140625,244.70590209960938,297.7781066894531,20250225-154526
452,18446744073709551615,0,0.87548828125,450.9520568847656,1.6261138916015625,405.82916259765625,620.2022094726562,20250225-154526
452,18446744073709551615,0,0.93896484375,244.07839965820312,602.8522338867188,1086.8843994140625,825.8322143554688,20250225-154526
453,18446744073709551615,0,0.329345703125,721.1614379882812,232.5234832763672,140.37515258789062,248.62371826171875,20250225-154526
453,18446744073709551615,0,0.452392578125,476.60833740234375,868.632568359375,141.04714965820312,285.2139587402344,20250225-154526
453,18446744073709551615,0,0.66650390625,474.5321044921875,684.898681640625,122.70904541015625,289.641357421875,20250225-154526
453,18446744073709551615,0,0.69189453125,668.3697509765625,1575.42724609375,85.4439697265625,102.60809326171875,20250225-154526
453,18446744073709551615,0,0.71142578125,684.687744140625,1861.4864501953125,57.82452392578125,96.62164306640625,20250225-154526
453,18446744073709551615,0,0.7255859375,679.04296875,431.1825256347656,198.02188110351562,146.53628540039062,20250225-154526
453,18446744073709551615,0,0.7333984375,616.9304809570312,1651.7003173828125,204.85235595703125,215.584716796875,20250225-154526
453,18446744073709551615,0,0.7822265625,770.432861328125,1754.326904296875,164.88482666015625,301.48809814453125,20250225-154526
453,18446744073709551615,0,0.7861328125,513.2752075195312,778.1683959960938,115.54824829101562,253.75131225585938,20250225-154526
453,18446744073709551615,0,0.8515625,607.5948486328125,537.7640991210938,241.2205810546875,297.7945861816406,20250225-154526
453,18446744073709551615,0,0.87841796875,452.0430908203125,1.9988250732421875,406.6398010253906,619.1290283203125,20250225-154526
453,18446744073709551615,0,0.93310546875,243.71859741210938,602.4827270507812,1090.361083984375,826.2308349609375,20250225-154526
454,18446744073709551615,0,0.202392578125,691.529296875,1785.720703125,46.3740234375,46.77978515625,20250225-154526
454,18446744073709551615,0,0.34521484375,722.2821044921875,238.43898010253906,134.41220092773438,247.89459228515625,20250225-154526
454,18446744073709551615,0,0.4638671875,526.2337646484375,866.7493286132812,142.27194213867188,235.54550170898438,20250225-154526
454,18446744073709551615,0,0.59619140625,472.38922119140625,686.2874755859375,95.02972412109375,217.25738525390625,20250225-154526
454,18446744073709551615,0,0.65576171875,679.2899780273438,431.9239196777344,197.5887451171875,146.48272705078125,20250225-154526
454,18446744073709551615,0,0.70751953125,667.9608154296875,1575.5665283203125,86.53839111328125,102.7196044921875,20250225-154526
454,18446744073709551615,0,0.716796875,685.100341796875,1861.3912353515625,57.87176513671875,96.1439208984375,20250225-154526
454,18446744073709551615,0,0.77880859375,617.0326538085938,1652.3060302734375,203.44061279296875,215.96859741210938,20250225-154526
454,18446744073709551615,0,0.79296875,773.8760375976562,1753.131591796875,165.23492431640625,298.8877258300781,20250225-154526
454,18446744073709551615,0,0.8134765625,513.0120849609375,773.4420776367188,119.35546875,253.74288940429688,20250225-154526
454,18446744073709551615,0,0.84521484375,607.9296875,535.5435791015625,242.75390625,296.1240234375,20250225-154526
454,18446744073709551615,0,0.8876953125,452.0390625,1.8117828369140625,403.5431213378906,619.1934814453125,20250225-154526
454,18446744073709551615,0,0.93359375,245.936279296875,601.9317626953125,1095.2626953125,824.156982421875,20250225-154526
455,18446744073709551615,0,0.24365234375,691.9945678710938,1785.0267333984375,45.32391357421875,43.875640869140625,20250225-154526
455,18446744073709551615,0,0.319091796875,718.202880859375,243.37142944335938,130.17562866210938,256.9434814453125,20250225-154526
455,18446744073709551615,0,0.60107421875,471.7341613769531,687.44873046875,95.15359497070312,220.87811279296875,20250225-154526
455,18446744073709551615,0,0.62451171875,547.250244140625,869.5460815429688,139.81887817382812,214.09844970703125,20250225-154526
455,18446744073709551615,0,0.662109375,667.718994140625,1574.489501953125,83.137939453125,100.87371826171875,20250225-154526
455,18446744073709551615,0,0.68505859375,678.964599609375,429.94384765625,199.68035888671875,146.21438598632812,20250225-154526
455,18446744073709551615,0,0.71484375,684.9567260742188,1861.175537109375,58.1341552734375,96.12130737304688,20250225-154526
455,18446744073709551615,0,0.7685546875,617.4344482421875,1653.2874755859375,202.5728759765625,215.34429931640625,20250225-154526
455,18446744073709551615,0,0.7890625,773.0654296875,1752.99267578125,165.3797607421875,299.4121398925781,20250225-154526
455,18446744073709551615,0,0.8291015625,512.8218383789062,771.15087890625,122.17776489257812,254.1265869140625,20250225-154526
455,18446744073709551615,0,0.84423828125,606.876220703125,536.9038696289062,243.60791015625,298.99310302734375,20250225-154526
455,18446744073709551615,0,0.8779296875,452.60980224609375,1.991180419921875,402.27008056640625,618.089599609375,20250225-154526
455,18446744073709551615,0,0.9375,244.4498291015625,603.2420654296875,1098.588134765625,826.2506103515625,20250225-154526
456,18446744073709551615,0,0.223388671875,691.9151000976562,1784.0006103515625,45.80712890625,42.50408935546875,20250225-154526
456,18446744073709551615,0,0.381103515625,722.1015014648438,243.40187072753906,129.5225372314453,249.27410888671875,20250225-154526
456,18446744073709551615,0,0.59619140625,537.6084594726562,868.8528442382812,142.71542358398438,223.96206665039062,20250225-154526
456,18446744073709551615,0,0.6279296875,472.0693359375,689.4124145507812,97.17919921875,289.7054443359375,20250225-154526
456,18446744073709551615,0,0.66357421875,667.8488159179688,1575.20703125,85.1400146484375,102.02655029296875,20250225-154526
456,18446744073709551615,0,0.71044921875,678.603759765625,429.4897155761719,200.42037963867188,146.70501708984375,20250225-154526
456,18446744073709551615,0,0.73876953125,684.9248657226562,1861.024658203125,58.28521728515625,95.54058837890625,20250225-154526
456,18446744073709551615,0,0.7431640625,617.1185302734375,1653.1607666015625,201.48834228515625,213.62109375,20250225-154526
456,18446744073709551615,0,0.79736328125,772.9820556640625,1752.6207275390625,165.65350341796875,299.67242431640625,20250225-154526
456,18446744073709551615,0,0.8310546875,513.7481689453125,772.9691162109375,119.75619506835938,253.00643920898438,20250225-154526
456,18446744073709551615,0,0.84326171875,605.7838134765625,536.5995483398438,245.50167846679688,298.3018798828125,20250225-154526
456,18446744073709551615,0,0.87255859375,454.58587646484375,1.980010986328125,404.1792297363281,616.1434326171875,20250225-154526
456,18446744073709551615,0,0.93701171875,242.2419891357422,602.6921997070312,1099.66259765625,828.4024658203125,20250225-154526
457,18446744073709551615,0,0.262939453125,692.693359375,1750.798828125,103.39654541015625,131.6436767578125,20250225-154526
457,18446744073709551615,0,0.383056640625,720.72314453125,244.87765502929688,128.61268615722656,253.03656005859375,20250225-154526
457,18446744073709551615,0,0.5869140625,616.4945068359375,1629.4639892578125,224.59625244140625,214.36972045898438,20250225-154526
457,18446744073709551615,0,0.611328125,492.0465087890625,867.4873046875,140.10882568359375,269.6080627441406,20250225-154526
457,18446744073709551615,0,0.6435546875,471.62750244140625,690.2099609375,111.73361206054688,289.6380615234375,20250225-154526
457,18446744073709551615,0,0.6669921875,667.9125366210938,1576.33154296875,78.03094482421875,98.93325805664062,20250225-154526
457,18446744073709551615,0,0.693359375,678.427001953125,429.7884521484375,200.36192321777344,147.456298828125,20250225-154526
457,18446744073709551615,0,0.72021484375,685.205810546875,1860.56640625,58.6962890625,95.5166015625,20250225-154526
457,18446744073709551615,0,0.78857421875,772.74609375,1752.8719482421875,165.51068115234375,300.0345153808594,20250225-154526
457,18446744073709551615,0,0.826171875,513.6192626953125,772.8352661132812,118.58963012695312,251.2803955078125,20250225-154526
457,18446744073709551615,0,0.8544921875,607.32275390625,533.7109375,247.49935913085938,296.33221435546875,20250225-154526
457,18446744073709551615,0,0.85986328125,454.932861328125,1.9715423583984375,403.8023986816406,615.744384765625,20250225-154526
457,18446744073709551615,0,0.93798828125,244.9928741455078,602.3250732421875,1098.6251220703125,824.8963623046875,20250225-154526
458,18446744073709551615,0,0.2069091796875,691.8262939453125,1751.113525390625,103.5791015625,130.13735961914062,20250225-154526
458,18446744073709551615,0,0.474609375,722.6932373046875,247.6120147705078,124.6794204711914,252.75494384765625,20250225-154526
458,18446744073709551615,0,0.5390625,535.011474609375,867.3468017578125,141.99755859375,226.14395141601562,20250225-154526
458,18446744073709551615,0,0.626953125,679.2903442382812,429.70635986328125,201.55902099609375,146.01132202148438,20250225-154526
458,18446744073709551615,0,0.65234375,471.0260009765625,690.1752319335938,117.64151000976562,291.6539611816406,20250225-154526
458,18446744073709551615,0,0.66455078125,616.6635131835938,1646.3660888671875,207.2362060546875,220.2930908203125,20250225-154526
458,18446744073709551615,0,0.6953125,667.4298706054688,1574.95361328125,79.9801025390625,99.32125854492188,20250225-154526
458,18446744073709551615,0,0.70263671875,685.2101440429688,1861.160888671875,58.14990234375,95.00802612304688,20250225-154526
458,18446744073709551615,0,0.78662109375,768.9962768554688,1753.3421630859375,165.03607177734375,303.8507080078125,20250225-154526
458,18446744073709551615,0,0.80908203125,514.4397583007812,766.7117919921875,124.26763916015625,251.70684814453125,20250225-154526
458,18446744073709551615,0,0.8271484375,458.08465576171875,1.7790069580078125,408.21990966796875,612.7960205078125,20250225-154526
458,18446744073709551615,0,0.8505859375,607.63623046875,535.5562744140625,245.96548461914062,296.3367004394531,20250225-154526
458,18446744073709551615,0,0.939453125,245.56137084960938,602.21044921875,1099.733642578125,824.449951171875,20250225-154526
459,18446744073709551615,0,0.2998046875,692.334228515625,1750.6746826171875,104.32415771484375,133.6944580078125,20250225-154526
459,18446744073709551615,0,0.5361328125,724.2544555664062,251.7205810546875,120.38024139404297,249.77719116210938,20250225-154526
459,18446744073709551615,0,0.59716796875,616.7772216796875,1628.953857421875,227.3565673828125,220.26287841796875,20250225-154526
459,18446744073709551615,0,0.625,515.3413696289062,866.2540283203125,146.65228271484375,248.38916015625,20250225-154526
459,18446744073709551615,0,0.640625,470.28900146484375,690.943115234375,100.08847045898438,295.1846008300781,20250225-154526
459,18446744073709551615,0,0.6591796875,678.513427734375,430.751953125,200.2438201904297,146.55331420898438,20250225-154526
459,18446744073709551615,0,0.69677734375,667.559326171875,1575.795166015625,79.6146240234375,98.98818969726562,20250225-154526
459,18446744073709551615,0,0.70263671875,685.021240234375,1861.65673828125,57.65350341796875,95.3719482421875,20250225-154526
459,18446744073709551615,0,0.791015625,770.6973266601562,1753.6300048828125,164.75042724609375,302.37652587890625,20250225-154526
459,18446744073709551615,0,0.798828125,516.5804443359375,763.3826904296875,122.425048828125,250.72769165039062,20250225-154526
459,18446744073709551615,0,0.79931640625,459.25286865234375,1.090667724609375,405.1849365234375,611.75634765625,20250225-154526
459,18446744073709551615,0,0.85205078125,608.26708984375,535.6168212890625,245.06268310546875,296.536376953125,20250225-154526
459,18446744073709551615,0,0.93798828125,244.0711669921875,603.2678833007812,1099.512939453125,826.3134155273438,20250225-154526
